date,comparison_date,corridor,rate,ret_5,movement_abs,historical_percentile_floor,calendar_span_days,direction,movement_context,broad_rub_return_5,corridor_specific_return_5,same_day_main_proxy,push_example
2019-02-19,2019-02-12,AMD_RUB,0.135822,0.013725621907257013,0.013725621907257013,0.009567979229496926,7,валюта получателя укрепилась,смешанное движение,0.009277773696426314,0.004447848210830699,False,С 12.02 Армянский драм заметно укрепился к рублю. Проверьте актуальные условия перевода.
2019-03-19,2019-03-12,AMD_RUB,0.133037,-0.01605674220460329,0.01605674220460329,0.010233208755358405,7,рубль укрепился,общее движение рубля,-0.017680761117962723,0.0016240189133594311,True,"С 12.03 рубль заметно укрепился сразу к нескольким валютам, в том числе к армянскому драму. Проверьте актуальные условия перевода."
2019-03-29,2019-03-22,AMD_RUB,0.133254,0.015578080938952965,0.015578080938952965,0.01310400471271467,7,валюта получателя укрепилась,смешанное движение,0.009472610319624541,0.006105470619328424,False,С 22.03 Армянский драм заметно укрепился к рублю. Проверьте актуальные условия перевода.
2019-04-03,2019-03-27,AMD_RUB,0.134441,0.0182301528394202,0.0182301528394202,0.013715928658473287,7,валюта получателя укрепилась,общее движение рубля,0.016462802446172525,0.0017673503932476749,False,"С 27.03 рубль заметно ослаб сразу к нескольким валютам, в том числе к армянскому драму. Проверьте актуальные условия перевода."
2019-04-30,2019-04-23,AMD_RUB,0.134355,0.015463800648481962,0.015463800648481962,0.013293079432490142,7,валюта получателя укрепилась,общее движение рубля,0.010574079763948863,0.0048897208845331,False,"С 23.04 рубль заметно ослаб сразу к нескольким валютам, в том числе к армянскому драму. Проверьте актуальные условия перевода."
2019-05-07,2019-04-25,AMD_RUB,0.135761,0.022242803466684613,0.022242803466684613,0.01370623540968956,12,валюта получателя укрепилась,общее движение рубля,0.018159774791358812,0.004083028675325801,False,"С 25.04 рубль заметно ослаб сразу к нескольким валютам, в том числе к армянскому драму. Проверьте актуальные условия перевода."
2019-06-04,2019-05-28,AMD_RUB,0.13643,0.015867579058667536,0.015867579058667536,0.012975542622225954,7,валюта получателя укрепилась,общее движение рубля,0.015424642226122979,0.0004429368325445573,False,"С 28.05 рубль заметно ослаб сразу к нескольким валютам, в том числе к армянскому драму. Проверьте актуальные условия перевода."
2019-06-21,2019-06-14,AMD_RUB,0.132721,-0.017907222826529345,0.017907222826529345,0.012614458448616262,7,рубль укрепился,общее движение рубля,-0.016120011831080323,-0.0017872109954490227,False,"С 14.06 рубль заметно укрепился сразу к нескольким валютам, в том числе к армянскому драму. Проверьте актуальные условия перевода."
2019-07-03,2019-06-26,AMD_RUB,0.132689,0.014007764259949873,0.014007764259949873,0.012614458448616262,7,валюта получателя укрепилась,смешанное движение,0.008241293233479219,0.005766471026470654,False,С 26.06 Армянский драм заметно укрепился к рублю. Проверьте актуальные условия перевода.
2019-07-09,2019-07-02,AMD_RUB,0.13404,0.012937549120367597,0.012937549120367597,0.012547474786340685,7,валюта получателя укрепилась,смешанное движение,0.008347358802753316,0.004590190317614281,False,С 02.07 Армянский драм заметно укрепился к рублю. Проверьте актуальные условия перевода.
2019-07-16,2019-07-09,AMD_RUB,0.131743,-0.017136675619218056,0.017136675619218056,0.012691544294515956,7,рубль укрепился,общее движение рубля,-0.014641894077664475,-0.0024947815415535812,False,"С 09.07 рубль заметно укрепился сразу к нескольким валютам, в том числе к армянскому драму. Проверьте актуальные условия перевода."
2019-08-03,2019-07-27,AMD_RUB,0.13584,0.02449619886569332,0.02449619886569332,0.012467035255665527,7,валюта получателя укрепилась,общее движение рубля,0.019637881612751373,0.004858317252941946,False,"С 27.07 рубль заметно ослаб сразу к нескольким валютам, в том числе к армянскому драму. Проверьте актуальные условия перевода."
2019-08-20,2019-08-13,AMD_RUB,0.139874,0.017813223116440957,0.017813223116440957,0.015931618288355032,7,валюта получателя укрепилась,общее движение рубля,0.01689792258189556,0.0009153005345453984,False,"С 13.08 рубль заметно ослаб сразу к нескольким валютам, в том числе к армянскому драму. Проверьте актуальные условия перевода."
2019-09-11,2019-09-04,AMD_RUB,0.137405,-0.021944934798701632,0.021944934798701632,0.01727198511866264,7,рубль укрепился,общее движение рубля,-0.015357769795112977,-0.006587165003588654,False,"С 04.09 рубль заметно укрепился сразу к нескольким валютам, в том числе к армянскому драму. Проверьте актуальные условия перевода."
2019-10-02,2019-09-25,AMD_RUB,0.136695,0.02093478325814835,0.02093478325814835,0.016492989893954025,7,валюта получателя укрепилась,общее движение рубля,0.016234411481376314,0.004700371776772034,False,"С 25.09 рубль заметно ослаб сразу к нескольким валютам, в том числе к армянскому драму. Проверьте актуальные условия перевода."
2019-12-14,2019-12-07,AMD_RUB,0.130867,-0.01775836316828394,0.01775836316828394,0.009939289263722674,7,рубль укрепился,общее движение рубля,-0.014088868537303623,-0.003669494630980319,False,"С 07.12 рубль заметно укрепился сразу к нескольким валютам, в том числе к армянскому драму. Проверьте актуальные условия перевода."
2019-12-26,2019-12-19,AMD_RUB,0.128576,-0.017956571219076234,0.017956571219076234,0.011121331460900219,7,рубль укрепился,общее движение рубля,-0.014578500704061007,-0.003378070515015227,False,"С 19.12 рубль заметно укрепился сразу к нескольким валютам, в том числе к армянскому драму. Проверьте актуальные условия перевода."
2020-01-14,2019-12-28,AMD_RUB,0.127305,-0.01696498895769949,0.01696498895769949,0.01073297269595579,17,рубль укрепился,общее движение рубля,-0.012552508826991216,-0.004412480130708274,False,"С 28.12 рубль заметно укрепился сразу к нескольким валютам, в том числе к армянскому драму. Проверьте актуальные условия перевода."
2020-01-22,2020-01-15,AMD_RUB,0.129337,0.010342699569575009,0.010342699569575009,0.009649330319605687,7,валюта получателя укрепилась,смешанное движение,0.004698945512161619,0.00564375405741339,False,С 15.01 Армянский драм заметно укрепился к рублю. Проверьте актуальные условия перевода.
2020-01-28,2020-01-21,AMD_RUB,0.130278,0.014728905574551865,0.014728905574551865,0.009649330319605687,7,валюта получателя укрепилась,смешанное движение,0.008557308283967687,0.006171597290584177,False,С 21.01 Армянский драм заметно укрепился к рублю. Проверьте актуальные условия перевода.
2020-02-06,2020-01-30,AMD_RUB,0.132025,0.012508244244366917,0.012508244244366917,0.011967149159911906,7,валюта получателя укрепилась,общее движение рубля,0.010474177912470331,0.002034066331896586,False,"С 30.01 рубль заметно ослаб сразу к нескольким валютам, в том числе к армянскому драму. Проверьте актуальные условия перевода."
2020-02-14,2020-02-07,AMD_RUB,0.132849,0.01226769481632739,0.01226769481632739,0.012236703612380762,7,валюта получателя укрепилась,смешанное движение,0.008503513427929063,0.0037641813883983275,False,С 07.02 Армянский драм заметно укрепился к рублю. Проверьте актуальные условия перевода.
2020-02-22,2020-02-15,AMD_RUB,0.134521,0.014418327564494016,0.014418327564494016,0.012315804701935296,7,валюта получателя укрепилась,смешанное движение,0.009234874579566362,0.005183452984927653,False,С 15.02 Армянский драм заметно укрепился к рублю. Проверьте актуальные условия перевода.
2020-03-11,2020-03-03,AMD_RUB,0.150435,0.08470091139824643,0.08470091139824643,0.016965589955703964,8,валюта получателя укрепилась,общее движение рубля,0.09606056793385183,-0.011359656535605403,False,"С 03.03 рубль заметно ослаб сразу к нескольким валютам, в том числе к армянскому драму. Проверьте актуальные условия перевода."
2020-03-19,2020-03-12,AMD_RUB,0.157658,0.06543672917722576,0.06543672917722576,0.021763026498748197,7,валюта получателя укрепилась,общее движение рубля,0.06562767977010779,-0.00019095059288203042,False,"С 12.03 рубль заметно ослаб сразу к нескольким валютам, в том числе к армянскому драму. Проверьте актуальные условия перевода."
2020-04-07,2020-03-24,AMD_RUB,0.152434,-0.06945199040357497,0.06945199040357497,0.030862031995204476,14,рубль укрепился,общее движение рубля,-0.05142079997989805,-0.018031190423676922,False,"С 24.03 рубль заметно укрепился сразу к нескольким валютам, в том числе к армянскому драму. Проверьте актуальные условия перевода."
2020-04-23,2020-04-16,AMD_RUB,0.16022,0.0554607677156278,0.0554607677156278,0.05172805453806786,7,валюта получателя укрепилась,общее движение рубля,0.04146410124337496,0.013996666472252839,False,"С 16.04 рубль заметно ослаб сразу к нескольким валютам, в том числе к армянскому драму. Проверьте актуальные условия перевода."
2020-07-31,2020-07-24,AMD_RUB,0.151452,0.03617145007354705,0.03617145007354705,0.020243994646545492,7,валюта получателя укрепилась,общее движение рубля,0.038602318667730375,-0.0024308685941833233,False,"С 24.07 рубль заметно ослаб сразу к нескольким валютам, в том числе к армянскому драму. Проверьте актуальные условия перевода."
2020-08-27,2020-08-20,AMD_RUB,0.155396,0.02969221084716578,0.02969221084716578,0.019884838837664412,7,валюта получателя укрепилась,общее движение рубля,0.028791957557997794,0.0009002532891679849,False,"С 20.08 рубль заметно ослаб сразу к нескольким валютам, в том числе к армянскому драму. Проверьте актуальные условия перевода."
2020-09-03,2020-08-27,AMD_RUB,0.151785,-0.02323740636824634,0.02323740636824634,0.018940512185832016,7,рубль укрепился,общее движение рубля,-0.017216052017610856,-0.006021354350635482,False,"С 27.08 рубль заметно укрепился сразу к нескольким валютам, в том числе к армянскому драму. Проверьте актуальные условия перевода."
2020-09-08,2020-09-01,AMD_RUB,0.1549,0.02190936739258098,0.02190936739258098,0.0192945517808234,7,валюта получателя укрепилась,общее движение рубля,0.023566510043076933,-0.0016571426504959526,False,"С 01.09 рубль заметно ослаб сразу к нескольким валютам, в том числе к армянскому драму. Проверьте актуальные условия перевода."
2020-09-22,2020-09-15,AMD_RUB,0.156699,0.02201220943883553,0.02201220943883553,0.01963451613117644,7,валюта получателя укрепилась,общее движение рубля,0.0196962168246535,0.0023159926141820275,False,"С 15.09 рубль заметно ослаб сразу к нескольким валютам, в том числе к армянскому драму. Проверьте актуальные условия перевода."
2020-09-29,2020-09-22,AMD_RUB,0.162119,0.03458860618127746,0.03458860618127746,0.020237571135669048,7,валюта получателя укрепилась,общее движение рубля,0.02613327585661403,0.008455330324663429,False,"С 22.09 рубль заметно ослаб сразу к нескольким валютам, в том числе к армянскому драму. Проверьте актуальные условия перевода."
2020-10-24,2020-10-17,AMD_RUB,0.154694,-0.024425006464144583,0.024425006464144583,0.02205895237508182,7,рубль укрепился,общее движение рубля,-0.014623648528918953,-0.00980135793522563,False,"С 17.10 рубль заметно укрепился сразу к нескольким валютам, в том числе к армянскому драму. Проверьте актуальные условия перевода."
2020-10-30,2020-10-23,AMD_RUB,0.160077,0.026680862253634974,0.026680862253634974,0.02192993580183189,7,валюта получателя укрепилась,общее движение рубля,0.017890804022269984,0.00879005823136499,False,"С 23.10 рубль заметно ослаб сразу к нескольким валютам, в том числе к армянскому драму. Проверьте актуальные условия перевода."
2020-11-10,2020-10-31,AMD_RUB,0.15541,-0.03392843822264224,0.03392843822264224,0.02413855072129676,10,рубль укрепился,общее движение рубля,-0.01772118522934892,-0.016207252993293324,True,"С 31.10 рубль заметно укрепился сразу к нескольким валютам, в том числе к армянскому драму. Проверьте актуальные условия перевода."
2020-11-26,2020-11-19,AMD_RUB,0.148715,-0.02752347571342617,0.02752347571342617,0.025292695559639894,7,рубль укрепился,выделяется валюта получателя,-0.0070626888768041685,-0.020460786836622002,False,С 19.11 рубль заметно укрепился к армянскому драму; по другим валютам движение было слабее. Проверьте актуальные условия перевода.
2020-12-08,2020-12-01,AMD_RUB,0.145804,-0.027571396177086482,0.027571396177086482,0.026832139478631948,7,рубль укрепился,общее движение рубля,-0.019338632899053205,-0.008232763278033278,False,"С 01.12 рубль заметно укрепился сразу к нескольким валютам, в том числе к армянскому драму. Проверьте актуальные условия перевода."
2020-12-15,2020-12-08,AMD_RUB,0.139707,-0.04181641107239853,0.04181641107239853,0.029288994141602045,7,рубль укрепился,выделяется валюта получателя,-0.016968487181272824,-0.024847923891125705,False,С 08.12 рубль заметно укрепился к армянскому драму; по другим валютам движение было слабее. Проверьте актуальные условия перевода.
2021-01-27,2021-01-20,AMD_RUB,0.145607,0.03133521741286116,0.03133521741286116,0.02785887611018807,7,валюта получателя укрепилась,общее движение рубля,0.02714315994420639,0.00419205746865477,False,"С 20.01 рубль заметно ослаб сразу к нескольким валютам, в том числе к армянскому драму. Проверьте актуальные условия перевода."
2021-02-10,2021-02-03,AMD_RUB,0.14157,-0.03304464236926952,0.03304464236926952,0.027710158215743564,7,рубль укрепился,общее движение рубля,-0.02274047295254637,-0.010304169416723147,False,"С 03.02 рубль заметно укрепился сразу к нескольким валютам, в том числе к армянскому драму. Проверьте актуальные условия перевода."
2021-03-24,2021-03-17,AMD_RUB,0.142792,0.032360681338384545,0.032360681338384545,0.023872830959146923,7,валюта получателя укрепилась,общее движение рубля,0.03201124214670744,0.00034943919167710474,False,"С 17.03 рубль заметно ослаб сразу к нескольким валютам, в том числе к армянскому драму. Проверьте актуальные условия перевода."
2021-04-14,2021-04-07,AMD_RUB,0.149571,0.044234998429155015,0.044234998429155015,0.021832960347765853,7,валюта получателя укрепилась,выделяется валюта получателя,0.014117132726264803,0.030117865702890212,False,С 07.04 армянский драм заметно укрепился к рублю; по другим валютам движение было слабее. Проверьте актуальные условия перевода.
2021-04-21,2021-04-14,AMD_RUB,0.145498,-0.027231214607109755,0.027231214607109755,0.026042949657880236,7,рубль укрепился,выделяется валюта получателя,-0.008614924291532359,-0.018616290315577398,False,С 14.04 рубль заметно укрепился к армянскому драму; по другим валютам движение было слабее. Проверьте актуальные условия перевода.
2021-04-29,2021-04-22,AMD_RUB,0.144033,-0.021501650837647213,0.021501650837647213,0.021072520341163938,7,рубль укрепился,общее движение рубля,-0.022511803704122053,0.00101015286647484,False,"С 22.04 рубль заметно укрепился сразу к нескольким валютам, в том числе к армянскому драму. Проверьте актуальные условия перевода."
2021-06-12,2021-06-05,AMD_RUB,0.138037,-0.01999943203600907,0.01999943203600907,0.018172951338588605,7,рубль укрепился,общее движение рубля,-0.018899263899686696,-0.0011001681363223721,False,"С 05.06 рубль заметно укрепился сразу к нескольким валютам, в том числе к армянскому драму. Проверьте актуальные условия перевода."
2021-06-22,2021-06-12,AMD_RUB,0.141406,0.02440649970660047,0.02440649970660047,0.017761671982349236,10,валюта получателя укрепилась,выделяется валюта получателя,0.008296068362107648,0.016110431344492825,False,С 12.06 армянский драм заметно укрепился к рублю; по другим валютам движение было слабее. Проверьте актуальные условия перевода.
2021-07-09,2021-07-02,AMD_RUB,0.15101,0.031989557777337474,0.031989557777337474,0.021636198352227923,7,валюта получателя укрепилась,общее движение рубля,0.029126062573130735,0.002863495204206739,False,"С 02.07 рубль заметно ослаб сразу к нескольким валютам, в том числе к армянскому драму. Проверьте актуальные условия перевода."
2021-08-03,2021-07-27,AMD_RUB,0.149118,-0.019031517455973646,0.019031517455973646,0.01859788608801798,7,рубль укрепился,общее движение рубля,-0.01069025466277703,-0.008341262793196616,False,"С 27.07 рубль заметно укрепился сразу к нескольким валютам, в том числе к армянскому драму. Проверьте актуальные условия перевода."
2021-09-22,2021-09-15,AMD_RUB,0.150653,0.02127933619859812,0.02127933619859812,0.017331610466201044,7,валюта получателя укрепилась,выделяется валюта получателя,0.0027871939486843558,0.018492142249913763,False,С 15.09 армянский драм заметно укрепился к рублю; по другим валютам движение было слабее. Проверьте актуальные условия перевода.
2021-10-06,2021-09-29,AMD_RUB,0.147873,-0.01612152020013846,0.01612152020013846,0.013498133045715633,7,рубль укрепился,выделяется валюта получателя,-0.0007998697780467653,-0.015321650422091696,False,С 29.09 рубль заметно укрепился к армянскому драму; по другим валютам движение было слабее. Проверьте актуальные условия перевода.
2021-10-13,2021-10-06,AMD_RUB,0.150345,0.016717047736909407,0.016717047736909407,0.014069186059267925,7,валюта получателя укрепилась,выделяется валюта получателя,-0.011112919818623316,0.02782996755553272,False,С 06.10 армянский драм заметно укрепился к рублю; по другим валютам движение было слабее. Проверьте актуальные условия перевода.
2021-10-27,2021-10-20,AMD_RUB,0.145782,-0.01870612071808886,0.01870612071808886,0.011980376668023807,7,рубль укрепился,общее движение рубля,-0.02028256291160498,0.0015764421935161206,False,"С 20.10 рубль заметно укрепился сразу к нескольким валютам, в том числе к армянскому драму. Проверьте актуальные условия перевода."
2021-11-03,2021-10-27,AMD_RUB,0.149505,0.02553813227970525,0.02553813227970525,0.011369513091360275,7,валюта получателя укрепилась,общее движение рубля,0.026837456708733425,-0.001299324429028175,False,"С 27.10 рубль заметно ослаб сразу к нескольким валютам, в том числе к армянскому драму. Проверьте актуальные условия перевода."
2021-11-16,2021-11-09,AMD_RUB,0.151992,0.014592205919656154,0.014592205919656154,0.012558051774443867,7,валюта получателя укрепилась,общее движение рубля,0.010040499947518397,0.004551705972137757,False,"С 09.11 рубль заметно ослаб сразу к нескольким валютам, в том числе к армянскому драму. Проверьте актуальные условия перевода."
2021-11-24,2021-11-17,AMD_RUB,0.157014,0.0296607668649298,0.0296607668649298,0.01489806877575262,7,валюта получателя укрепилась,общее движение рубля,0.027207728496974354,0.002453038367955445,False,"С 17.11 рубль заметно ослаб сразу к нескольким валютам, в том числе к армянскому драму. Проверьте актуальные условия перевода."
2021-12-01,2021-11-24,AMD_RUB,0.153902,-0.01981988867234752,0.01981988867234752,0.016224829943571994,7,рубль укрепился,выделяется валюта получателя,0.0037999437944525503,-0.023619832466800068,False,С 24.11 рубль заметно укрепился к армянскому драму; по другим валютам движение было слабее. Проверьте актуальные условия перевода.
2021-12-10,2021-12-03,AMD_RUB,0.148686,-0.02283123028391154,0.02283123028391154,0.018838790351030223,7,рубль укрепился,выделяется валюта получателя,-0.004552574768290592,-0.01827865551562095,False,С 03.12 рубль заметно укрепился к армянскому драму; по другим валютам движение было слабее. Проверьте актуальные условия перевода.
2021-12-31,2021-12-24,AMD_RUB,0.155164,0.04594601882061089,0.04594601882061089,0.018838790351030223,7,валюта получателя укрепилась,выделяется валюта получателя,0.011925280627417342,0.034020738193193546,False,С 24.12 армянский драм заметно укрепился к рублю; по другим валютам движение было слабее. Проверьте актуальные условия перевода.
2022-01-19,2022-01-12,AMD_RUB,0.158601,0.023106844967391016,0.023106844967391016,0.022244052456377707,7,валюта получателя укрепилась,общее движение рубля,0.02285409892115564,0.0002527460462353748,False,"С 12.01 рубль заметно ослаб сразу к нескольким валютам, в том числе к армянскому драму. Проверьте актуальные условия перевода."
2022-01-26,2022-01-19,AMD_RUB,0.163667,0.03194179103536565,0.03194179103536565,0.025552860060918947,7,валюта получателя укрепилась,общее движение рубля,0.028874808944665247,0.003066982090700405,False,"С 19.01 рубль заметно ослаб сразу к нескольким валютам, в том числе к армянскому драму. Проверьте актуальные условия перевода."
2022-02-03,2022-01-27,AMD_RUB,0.158354,-0.03114809263054863,0.03114809263054863,0.028871747247884195,7,рубль укрепился,общее движение рубля,-0.03345141635683776,0.002303323726289129,False,"С 27.01 рубль заметно укрепился сразу к нескольким валютам, в том числе к армянскому драму. Проверьте актуальные условия перевода."
2022-02-23,2022-02-16,AMD_RUB,0.166638,0.05015786588017335,0.05015786588017335,0.029176103497932582,7,валюта получателя укрепилась,общее движение рубля,0.055729465715696,-0.0055715998355226545,False,"С 16.02 рубль заметно ослаб сразу к нескольким валютам, в том числе к армянскому драму. Проверьте актуальные условия перевода."
2022-03-15,2022-03-05,AMD_RUB,0.223221,0.062390534572037915,0.062390534572037915,0.04528465078510391,10,валюта получателя укрепилась,общее движение рубля,0.08957726915320581,-0.027186734581167896,False,"С 05.03 рубль заметно ослаб сразу к нескольким валютам, в том числе к армянскому драму. Проверьте актуальные условия перевода."
2022-03-25,2022-03-18,AMD_RUB,0.19572,-0.090275260060797,0.090275260060797,0.06299288731844746,7,рубль укрепился,общее движение рубля,-0.08674961238543351,-0.003525647675363494,False,"С 18.03 рубль заметно укрепился сразу к нескольким валютам, в том числе к армянскому драму. Проверьте актуальные условия перевода."
2022-05-28,2022-05-21,AMD_RUB,0.148161,0.15481924893607069,0.15481924893607069,0.10402241549386133,7,валюта получателя укрепилась,общее движение рубля,0.13363694852939587,0.02118230040667482,False,"С 21.05 рубль заметно ослаб сразу к нескольким валютам, в том числе к армянскому драму. Проверьте актуальные условия перевода."
2022-06-02,2022-05-26,AMD_RUB,0.137944,0.1043206071425713,0.1043206071425713,0.101457191072733,7,валюта получателя укрепилась,общее движение рубля,0.0939713737846865,0.010349233357884804,False,"С 26.05 рубль заметно ослаб сразу к нескольким валютам, в том числе к армянскому драму. Проверьте актуальные условия перевода."
2022-07-06,2022-06-29,AMD_RUB,0.14358,0.10698205144020223,0.10698205144020223,0.07979080241753819,7,валюта получателя укрепилась,общее движение рубля,0.10089548006123865,0.006086571378963582,False,"С 29.06 рубль заметно ослаб сразу к нескольким валютам, в том числе к армянскому драму. Проверьте актуальные условия перевода."
2022-07-28,2022-07-21,AMD_RUB,0.147652,0.11877917197066123,0.11877917197066123,0.09399304175023106,7,валюта получателя укрепилась,общее движение рубля,0.0995469853982874,0.01923218657237384,False,"С 21.07 рубль заметно ослаб сразу к нескольким валютам, в том числе к армянскому драму. Проверьте актуальные условия перевода."
2022-10-07,2022-09-30,AMD_RUB,0.148605,0.05068723662999508,0.05068723662999508,0.033509938125730984,7,валюта получателя укрепилась,общее движение рубля,0.05882408887817866,-0.008136852248183578,False,"С 30.09 рубль заметно ослаб сразу к нескольким валютам, в том числе к армянскому драму. Проверьте актуальные условия перевода."
2022-10-20,2022-10-13,AMD_RUB,0.152456,-0.03458145734784723,0.03458145734784723,0.032903041295762915,7,рубль укрепился,общее движение рубля,-0.03269695808202263,-0.0018844992658246032,False,"С 13.10 рубль заметно укрепился сразу к нескольким валютам, в том числе к армянскому драму. Проверьте актуальные условия перевода."
2022-11-12,2022-11-04,AMD_RUB,0.152019,-0.03215147482953351,0.03215147482953351,0.030988382883003186,8,рубль укрепился,выделяется валюта получателя,-0.004306803373904211,-0.0278446714556293,True,С 04.11 рубль заметно укрепился к армянскому драму; по другим валютам движение было слабее. Проверьте актуальные условия перевода.
2022-12-08,2022-12-01,AMD_RUB,0.159045,0.03156740909857425,0.03156740909857425,0.03131387610902432,7,валюта получателя укрепилась,общее движение рубля,0.043994799525345574,-0.012427390426771323,False,"С 01.12 рубль заметно ослаб сразу к нескольким валютам, в том числе к армянскому драму. Проверьте актуальные условия перевода."
2022-12-17,2022-12-10,AMD_RUB,0.163792,0.03792607425526118,0.03792607425526118,0.030650976312352387,7,валюта получателя укрепилась,общее движение рубля,0.03724534078427033,0.0006807334709908464,False,"С 10.12 рубль заметно ослаб сразу к нескольким валютам, в том числе к армянскому драму. Проверьте актуальные условия перевода."
2023-01-12,2022-12-29,AMD_RUB,0.174311,-0.0389045416200301,0.0389045416200301,0.03123043126436058,14,рубль укрепился,выделяется валюта получателя,-0.017729944285249283,-0.021174597334780814,False,С 29.12 рубль заметно укрепился к армянскому драму; по другим валютам движение было слабее. Проверьте актуальные условия перевода.
2023-02-10,2023-02-03,AMD_RUB,0.184115,0.04105646465446067,0.04105646465446067,0.03123043126436058,7,валюта получателя укрепилась,общее движение рубля,0.03066870793138543,0.010387756723075237,False,"С 03.02 рубль заметно ослаб сразу к нескольким валютам, в том числе к армянскому драму. Проверьте актуальные условия перевода."
2023-04-05,2023-03-29,AMD_RUB,0.204448,0.03643921727669075,0.03643921727669075,0.026236688649271183,7,валюта получателя укрепилась,общее движение рубля,0.040452309717906,-0.004013092441215248,False,"С 29.03 рубль заметно ослаб сразу к нескольким валютам, в том числе к армянскому драму. Проверьте актуальные условия перевода."
2023-05-05,2023-04-27,AMD_RUB,0.202974,-0.03686937706411575,0.03686937706411575,0.03252621673926361,8,рубль укрепился,общее движение рубля,-0.03566194173772449,-0.001207435326391261,False,"С 27.04 рубль заметно укрепился сразу к нескольким валютам, в том числе к армянскому драму. Проверьте актуальные условия перевода."
2023-05-17,2023-05-06,AMD_RUB,0.207014,0.04112413685581662,0.04112413685581662,0.03362747049416984,11,валюта получателя укрепилась,общее движение рубля,0.03300049219364191,0.00812364466217471,False,"С 06.05 рубль заметно ослаб сразу к нескольким валютам, в том числе к армянскому драму. Проверьте актуальные условия перевода."
2023-06-15,2023-06-07,AMD_RUB,0.218119,0.03902308897854967,0.03902308897854967,0.03504608368189688,8,валюта получателя укрепилась,общее движение рубля,0.03931722650414874,-0.0002941375255990711,False,"С 07.06 рубль заметно ослаб сразу к нескольким валютам, в том числе к армянскому драму. Проверьте актуальные условия перевода."
2023-06-30,2023-06-23,AMD_RUB,0.22529,0.040494730327634176,0.040494730327634176,0.03568821910097922,7,валюта получателя укрепилась,общее движение рубля,0.03565950066095088,0.004835229666683295,False,"С 23.06 рубль заметно ослаб сразу к нескольким валютам, в том числе к армянскому драму. Проверьте актуальные условия перевода."
2023-08-04,2023-07-28,AMD_RUB,0.242838,0.04221422992077328,0.04221422992077328,0.03742635274809923,7,валюта получателя укрепилась,общее движение рубля,0.0335150431212489,0.008699186799524382,False,"С 28.07 рубль заметно ослаб сразу к нескольким валютам, в том числе к армянскому драму. Проверьте актуальные условия перевода."
2023-08-15,2023-08-08,AMD_RUB,0.261348,0.044911340783239995,0.044911340783239995,0.037944875910173176,7,валюта получателя укрепилась,общее движение рубля,0.041530152390935195,0.0033811883923048,False,"С 08.08 рубль заметно ослаб сразу к нескольким валютам, в том числе к армянскому драму. Проверьте актуальные условия перевода."
2023-10-04,2023-09-27,AMD_RUB,0.240096,-0.0327329275121766,0.0327329275121766,0.030190360717954428,7,рубль укрепился,выделяется валюта получателя,0.0275416416180414,-0.060274569130218,False,С 27.09 рубль заметно укрепился к армянскому драму; по другим валютам движение было слабее. Проверьте актуальные условия перевода.
2023-10-11,2023-10-04,AMD_RUB,0.251396,0.04706450753032132,0.04706450753032132,0.03653037090093656,7,валюта получателя укрепилась,выделяется валюта получателя,0.010554034998060033,0.036510472532261286,False,С 04.10 армянский драм заметно укрепился к рублю; по другим валютам движение было слабее. Проверьте актуальные условия перевода.
2023-10-19,2023-10-12,AMD_RUB,0.242419,-0.04172744342326318,0.04172744342326318,0.03819867133480633,7,рубль укрепился,общее движение рубля,-0.028266353473412293,-0.013461089949850884,False,"С 12.10 рубль заметно укрепился сразу к нескольким валютам, в том числе к армянскому драму. Проверьте актуальные условия перевода."
2023-10-25,2023-10-18,AMD_RUB,0.232435,-0.04101874352764501,0.04101874352764501,0.04057914156602498,7,рубль укрепился,общее движение рубля,-0.03650505964965863,-0.0045136838779863755,False,"С 18.10 рубль заметно укрепился сразу к нескольким валютам, в том числе к армянскому драму. Проверьте актуальные условия перевода."
2023-11-17,2023-11-10,AMD_RUB,0.220865,-0.032511706755093295,0.032511706755093295,0.03066926965595418,7,рубль укрепился,общее движение рубля,-0.026264986900821352,-0.006246719854271943,False,"С 10.11 рубль заметно укрепился сразу к нескольким валютам, в том числе к армянскому драму. Проверьте актуальные условия перевода."
2023-12-07,2023-11-30,AMD_RUB,0.230173,0.042308563148123035,0.042308563148123035,0.03284585905123172,7,валюта получателя укрепилась,общее движение рубля,0.0364439624021707,0.005864600745952332,False,"С 30.11 рубль заметно ослаб сразу к нескольким валютам, в том числе к армянскому драму. Проверьте актуальные условия перевода."
2024-03-20,2024-03-13,AMD_RUB,0.229831,0.020106435390877087,0.020106435390877087,0.01916158427613004,7,валюта получателя укрепилась,общее движение рубля,0.010833669319707159,0.009272766071169928,False,"С 13.03 рубль заметно ослаб сразу к нескольким валютам, в том числе к армянскому драму. Проверьте актуальные условия перевода."
2024-05-25,2024-05-18,AMD_RUB,0.231329,-0.014551960638139239,0.014551960638139239,0.014017070096951613,7,рубль укрепился,общее движение рубля,-0.01688540757255208,0.0023334469344128417,False,"С 18.05 рубль заметно укрепился сразу к нескольким валютам, в том числе к армянскому драму. Проверьте актуальные условия перевода."
2024-06-08,2024-06-01,AMD_RUB,0.228936,-0.01669930934955155,0.01669930934955155,0.014053628411692555,7,рубль укрепился,общее движение рубля,-0.013706139134875653,-0.0029931702146758967,False,"С 01.06 рубль заметно укрепился сразу к нескольким валютам, в том числе к армянскому драму. Проверьте актуальные условия перевода."
2024-06-19,2024-06-11,AMD_RUB,0.223897,-0.025004463527536713,0.025004463527536713,0.013674642197447096,8,рубль укрепился,общее движение рубля,-0.027073050842527424,0.002068587314990711,True,"С 11.06 рубль заметно укрепился сразу к нескольким валютам, в том числе к армянскому драму. Проверьте актуальные условия перевода."
2024-06-25,2024-06-18,AMD_RUB,0.225159,-0.01698755730189916,0.01698755730189916,0.013063033195147835,7,рубль укрепился,общее движение рубля,-0.018251506988242072,0.0012639496863429134,False,"С 18.06 рубль заметно укрепился сразу к нескольким валютам, в том числе к армянскому драму. Проверьте актуальные условия перевода."
2024-07-05,2024-06-28,AMD_RUB,0.227132,0.037549334892559516,0.037549334892559516,0.013112658057967422,7,валюта получателя укрепилась,общее движение рубля,0.04196313202256582,-0.004413797130006301,False,"С 28.06 рубль заметно ослаб сразу к нескольким валютам, в том числе к армянскому драму. Проверьте актуальные условия перевода."
2024-07-25,2024-07-18,AMD_RUB,0.222844,-0.017849744814759427,0.017849744814759427,0.014008905446608202,7,рубль укрепился,общее движение рубля,-0.018780771584771094,0.000931026770011667,False,"С 18.07 рубль заметно укрепился сразу к нескольким валютам, в том числе к армянскому драму. Проверьте актуальные условия перевода."
2024-08-06,2024-07-30,AMD_RUB,0.21906,-0.018908823819206222,0.018908823819206222,0.017159994804471217,7,рубль укрепился,общее движение рубля,-0.010860348702582826,-0.008048475116623396,False,"С 30.07 рубль заметно укрепился сразу к нескольким валютам, в том числе к армянскому драму. Проверьте актуальные условия перевода."
2024-08-23,2024-08-16,AMD_RUB,0.235279,0.02875794702276324,0.02875794702276324,0.02515092247475739,7,валюта получателя укрепилась,общее движение рубля,0.021227089898280038,0.0075308571244832034,False,"С 16.08 рубль заметно ослаб сразу к нескольким валютам, в том числе к армянскому драму. Проверьте актуальные условия перевода."
2024-09-04,2024-08-28,AMD_RUB,0.228746,-0.030260636584083733,0.030260636584083733,0.026690865028820634,7,рубль укрепился,выделяется валюта получателя,-0.014857391084640756,-0.015403245499442978,False,С 28.08 рубль заметно укрепился к армянскому драму; по другим валютам движение было слабее. Проверьте актуальные условия перевода.
2024-09-11,2024-09-04,AMD_RUB,0.2353,0.028651867136474607,0.028651867136474607,0.02784042314559252,7,валюта получателя укрепилась,общее движение рубля,0.03465666457655018,-0.006004797440075572,False,"С 04.09 рубль заметно ослаб сразу к нескольким валютам, в том числе к армянскому драму. Проверьте актуальные условия перевода."
2024-10-04,2024-09-27,AMD_RUB,0.245514,0.029404488870067746,0.029404488870067746,0.025871768369664764,7,валюта получателя укрепилась,общее движение рубля,0.023364328779601557,0.006040160090466189,False,"С 27.09 рубль заметно ослаб сразу к нескольким валютам, в том числе к армянскому драму. Проверьте актуальные условия перевода."
2024-10-08,2024-10-01,AMD_RUB,0.248275,0.0314535695293805,0.0314535695293805,0.026491354584525697,7,валюта получателя укрепилась,общее движение рубля,0.021624978500771903,0.009828591028608596,False,"С 01.10 рубль заметно ослаб сразу к нескольким валютам, в том числе к армянскому драму. Проверьте актуальные условия перевода."
2024-11-23,2024-11-16,AMD_RUB,0.263178,0.021816360523220002,0.021816360523220002,0.01846390476057103,7,валюта получателя укрепилась,общее движение рубля,0.01748078073664794,0.0043355797865720636,False,"С 16.11 рубль заметно ослаб сразу к нескольким валютам, в том числе к армянскому драму. Проверьте актуальные условия перевода."
2024-12-05,2024-11-28,AMD_RUB,0.25883,-0.06151988600311098,0.06151988600311098,0.02317222900684093,7,рубль укрепился,общее движение рубля,-0.03323527887062209,-0.02828460713248889,False,"С 28.11 рубль заметно укрепился сразу к нескольким валютам, в том числе к армянскому драму. Проверьте актуальные условия перевода."
2024-12-14,2024-12-07,AMD_RUB,0.262507,0.05959829177127829,0.05959829177127829,0.028786187469535787,7,валюта получателя укрепилась,общее движение рубля,0.032049318439024775,0.027548973332253514,False,"С 07.12 рубль заметно ослаб сразу к нескольким валютам, в том числе к армянскому драму. Проверьте актуальные условия перевода."
2024-12-25,2024-12-18,AMD_RUB,0.252364,-0.033180729815151966,0.033180729815151966,0.03219720635269866,7,рубль укрепился,общее движение рубля,-0.029905191098028434,-0.003275538717123532,True,"С 18.12 рубль заметно укрепился сразу к нескольким валютам, в том числе к армянскому драму. Проверьте актуальные условия перевода."
2025-01-22,2025-01-15,AMD_RUB,0.250547,-0.03649851175597407,0.03649851175597407,0.03560991201708173,7,рубль укрепился,общее движение рубля,-0.025665083078708257,-0.010833428677265815,False,"С 15.01 рубль заметно укрепился сразу к нескольким валютам, в том числе к армянскому драму. Проверьте актуальные условия перевода."
2025-02-14,2025-02-07,AMD_RUB,0.229633,-0.05969428076540373,0.05969428076540373,0.04137308453740765,7,рубль укрепился,общее движение рубля,-0.057524853174768444,-0.0021694275906352853,False,"С 07.02 рубль заметно укрепился сразу к нескольким валютам, в том числе к армянскому драму. Проверьте актуальные условия перевода."
2025-03-19,2025-03-12,AMD_RUB,0.208146,-0.05255108311218937,0.05255108311218937,0.04075731876889484,7,рубль укрепился,общее движение рубля,-0.05871136152340051,0.00616027841121114,False,"С 12.03 рубль заметно укрепился сразу к нескольким валютам, в том числе к армянскому драму. Проверьте актуальные условия перевода."
2025-07-26,2025-07-19,AMD_RUB,0.207201,0.01659814147916272,0.01659814147916272,0.011125966432831369,7,валюта получателя укрепилась,общее движение рубля,0.01878061989427719,-0.0021824784151144687,False,"С 19.07 рубль заметно ослаб сразу к нескольким валютам, в том числе к армянскому драму. Проверьте актуальные условия перевода."
2025-08-06,2025-07-30,AMD_RUB,0.208445,-0.026881042749167916,0.026881042749167916,0.010855873533146189,7,рубль укрепился,общее движение рубля,-0.0269649491226418,8.390637347388541e-05,False,"С 30.07 рубль заметно укрепился сразу к нескольким валютам, в том числе к армянскому драму. Проверьте актуальные условия перевода."
2025-09-05,2025-08-29,AMD_RUB,0.212682,0.014433166711184109,0.014433166711184109,0.010337002584104216,7,валюта получателя укрепилась,общее движение рубля,0.012185141829486193,0.0022480248816979156,False,"С 29.08 рубль заметно ослаб сразу к нескольким валютам, в том числе к армянскому драму. Проверьте актуальные условия перевода."
2025-09-18,2025-09-11,AMD_RUB,0.216741,-0.023785931123942672,0.023785931123942672,0.014886014676819808,7,рубль укрепился,общее движение рубля,-0.01918992746645883,-0.004596003657483843,False,"С 11.09 рубль заметно укрепился сразу к нескольким валютам, в том числе к армянскому драму. Проверьте актуальные условия перевода."
2025-10-02,2025-09-25,AMD_RUB,0.21293,-0.02975043174351466,0.02975043174351466,0.016923104687393224,7,рубль укрепился,общее движение рубля,-0.029332842828602452,-0.0004175889149122085,True,"С 25.09 рубль заметно укрепился сразу к нескольким валютам, в том числе к армянскому драму. Проверьте актуальные условия перевода."
2025-10-14,2025-10-07,AMD_RUB,0.211346,-0.02582185592860964,0.02582185592860964,0.021268150966427188,7,рубль укрепился,общее движение рубля,-0.026628588455639608,0.0008067325270299693,False,"С 07.10 рубль заметно укрепился сразу к нескольким валютам, в том числе к армянскому драму. Проверьте актуальные условия перевода."
2025-10-23,2025-10-16,AMD_RUB,0.213471,0.03615130349524076,0.03615130349524076,0.02474445113491304,7,валюта получателя укрепилась,общее движение рубля,0.035991701257950405,0.00015960223729035578,False,"С 16.10 рубль заметно ослаб сразу к нескольким валютам, в том числе к армянскому драму. Проверьте актуальные условия перевода."
2025-10-28,2025-10-21,AMD_RUB,0.206388,-0.028387424794508953,0.028387424794508953,0.026033693292721295,7,рубль укрепился,общее движение рубля,-0.02655341585566769,-0.0018340089388412632,True,"С 21.10 рубль заметно укрепился сразу к нескольким валютам, в том числе к армянскому драму. Проверьте актуальные условия перевода."
2025-11-27,2025-11-20,AMD_RUB,0.206219,-0.028149034836374542,0.028149034836374542,0.0271101843570416,7,рубль укрепился,общее движение рубля,-0.025538583715694545,-0.002610451120679997,False,"С 20.11 рубль заметно укрепился сразу к нескольким валютам, в том числе к армянскому драму. Проверьте актуальные условия перевода."
2025-12-06,2025-11-29,AMD_RUB,0.199459,-0.02746572270005654,0.02746572270005654,0.0271101843570416,7,рубль укрепился,общее движение рубля,-0.025582749555142132,-0.0018829731449144065,False,"С 29.11 рубль заметно укрепился сразу к нескольким валютам, в том числе к армянскому драму. Проверьте актуальные условия перевода."
2025-12-12,2025-12-05,AMD_RUB,0.207783,0.02888848174539116,0.02888848174539116,0.026952999026729783,7,валюта получателя укрепилась,общее движение рубля,0.031906205235668526,-0.0030177234902773672,False,"С 05.12 рубль заметно ослаб сразу к нескольким валютам, в том числе к армянскому драму. Проверьте актуальные условия перевода."
2025-12-27,2025-12-20,AMD_RUB,0.203666,-0.037531662319004844,0.037531662319004844,0.027527453499082633,7,рубль укрепился,общее движение рубля,-0.035857985447986275,-0.0016736768710185687,False,"С 20.12 рубль заметно укрепился сразу к нескольким валютам, в том числе к армянскому драму. Проверьте актуальные условия перевода."
2026-01-23,2026-01-16,AMD_RUB,0.200586,-0.0308403673980161,0.0308403673980161,0.02710919543216992,7,рубль укрепился,общее движение рубля,-0.03268069652005445,0.0018403291220383533,False,"С 16.01 рубль заметно укрепился сразу к нескольким валютам, в том числе к армянскому драму. Проверьте актуальные условия перевода."
2026-03-07,2026-02-28,AMD_RUB,0.209774,0.023437576230667778,0.023437576230667778,0.022205832636971335,7,валюта получателя укрепилась,общее движение рубля,0.01592967904696437,0.00750789718370341,False,"С 28.02 рубль заметно ослаб сразу к нескольким валютам, в том числе к армянскому драму. Проверьте актуальные условия перевода."
2026-03-14,2026-03-06,AMD_RUB,0.212495,0.026169135969402513,0.026169135969402513,0.02261498093047334,8,валюта получателя укрепилась,общее движение рубля,0.02191832504857949,0.004250810920823023,False,"С 06.03 рубль заметно ослаб сразу к нескольким валютам, в том числе к армянскому драму. Проверьте актуальные условия перевода."
2026-03-26,2026-03-19,AMD_RUB,0.213996,-0.028461171770367444,0.028461171770367444,0.023439770559237672,7,рубль укрепился,общее движение рубля,-0.024244487569863304,-0.004216684200504139,False,"С 19.03 рубль заметно укрепился сразу к нескольким валютам, в том числе к армянскому драму. Проверьте актуальные условия перевода."
2026-04-07,2026-03-31,AMD_RUB,0.209037,-0.029224910602331233,0.029224910602331233,0.02261498093047334,7,рубль укрепился,общее движение рубля,-0.027605954238503982,-0.0016189563638272508,True,"С 31.03 рубль заметно укрепился сразу к нескольким валютам, в том числе к армянскому драму. Проверьте актуальные условия перевода."
2026-05-20,2026-05-13,AMD_RUB,0.193619,-0.03274167844814224,0.03274167844814224,0.0285209504800926,7,рубль укрепился,общее движение рубля,-0.041005149373957384,0.008263470925815142,False,"С 13.05 рубль заметно укрепился сразу к нескольким валютам, в том числе к армянскому драму. Проверьте актуальные условия перевода."
2026-06-04,2026-05-28,AMD_RUB,0.199022,0.03312915282392015,0.03312915282392015,0.02931762701861762,7,валюта получателя укрепилась,общее движение рубля,0.032972939810656555,0.00015621301326359388,False,"С 28.05 рубль заметно ослаб сразу к нескольким валютам, в том числе к армянскому драму. Проверьте актуальные условия перевода."
2026-06-12,2026-06-05,AMD_RUB,0.195179,-0.031691695565246314,0.031691695565246314,0.031402473023685554,7,рубль укрепился,общее движение рубля,-0.03401780210378972,0.0023261065385434057,False,"С 05.06 рубль заметно укрепился сразу к нескольким валютам, в том числе к армянскому драму. Проверьте актуальные условия перевода."
2026-06-24,2026-06-17,AMD_RUB,0.202728,0.03475944017395016,0.03475944017395016,0.02931762701861762,7,валюта получателя укрепилась,общее движение рубля,0.028832917779415396,0.005926522394534766,False,"С 17.06 рубль заметно ослаб сразу к нескольким валютам, в том числе к армянскому драму. Проверьте актуальные условия перевода."
2026-07-17,2026-07-10,AMD_RUB,0.213651,0.03299875257462803,0.03299875257462803,0.030523959208538277,7,валюта получателя укрепилась,общее движение рубля,0.031548840281980274,0.0014499122926477578,False,"С 10.07 рубль заметно ослаб сразу к нескольким валютам, в том числе к армянскому драму. Проверьте актуальные условия перевода."
2026-08-08,2026-08-01,AMD_RUB,0.224394,0.03409755985160956,0.03409755985160956,0.030647891340790247,7,валюта получателя укрепилась,общее движение рубля,0.03587620314778891,-0.0017786432961793483,False,"С 01.08 рубль заметно ослаб сразу к нескольким валютам, в том числе к армянскому драму. Проверьте актуальные условия перевода."
2026-08-19,2026-08-12,AMD_RUB,0.233168,0.03619629993378459,0.03619629993378459,0.03099566709947788,7,валюта получателя укрепилась,общее движение рубля,0.0358127744822038,0.00038352545158078927,False,"С 12.08 рубль заметно ослаб сразу к нескольким валютам, в том числе к армянскому драму. Проверьте актуальные условия перевода."
2026-08-28,2026-08-21,AMD_RUB,0.235833,0.03341702927605206,0.03341702927605206,0.03174702312038731,7,валюта получателя укрепилась,общее движение рубля,0.03244711618594417,0.0009699130901078892,False,"С 21.08 рубль заметно ослаб сразу к нескольким валютам, в том числе к армянскому драму. Проверьте актуальные условия перевода."
2026-09-03,2026-08-27,AMD_RUB,0.238909,0.033397062131252486,0.033397062131252486,0.03174702312038731,7,валюта получателя укрепилась,общее движение рубля,0.029782379286654947,0.0036146828445975387,False,"С 27.08 рубль заметно ослаб сразу к нескольким валютам, в том числе к армянскому драму. Проверьте актуальные условия перевода."
2019-02-16,2019-02-09,KGS_RUB,0.955924,0.01000150033070657,0.01000150033070657,0.008844948955841803,7,валюта получателя укрепилась,смешанное движение,0.006306660804736408,0.0036948395259701616,False,С 09.02 Кыргызский сом заметно укрепился к рублю. Проверьте актуальные условия перевода.
2019-02-22,2019-02-15,KGS_RUB,0.939913,-0.014221692696070098,0.014221692696070098,0.009067796520133342,7,рубль укрепился,общее движение рубля,-0.010475369869659431,-0.003746322826410667,True,"С 15.02 рубль заметно укрепился сразу к нескольким валютам, в том числе к кыргызскому сому. Проверьте актуальные условия перевода."
2019-03-19,2019-03-12,KGS_RUB,0.92716,-0.021291419040883386,0.021291419040883386,0.00921229080508379,7,рубль укрепился,общее движение рубля,-0.017680761117962723,-0.0036106579229206633,False,"С 12.03 рубль заметно укрепился сразу к нескольким валютам, в том числе к кыргызскому сому. Проверьте актуальные условия перевода."
2019-03-29,2019-03-22,KGS_RUB,0.928384,0.018161399568337844,0.018161399568337844,0.010326068474560196,7,валюта получателя укрепилась,смешанное движение,0.009472610319624541,0.008688789248713302,False,С 22.03 Кыргызский сом заметно укрепился к рублю. Проверьте актуальные условия перевода.
2019-04-12,2019-04-05,KGS_RUB,0.920013,-0.016657795335176084,0.016657795335176084,0.01201313565693361,7,рубль укрепился,общее движение рубля,-0.012880133409890138,-0.0037776619252859467,False,"С 05.04 рубль заметно укрепился сразу к нескольким валютам, в том числе к кыргызскому сому. Проверьте актуальные условия перевода."
2019-05-07,2019-04-25,KGS_RUB,0.93337,0.018278101189593166,0.018278101189593166,0.013993891382088952,12,валюта получателя укрепилась,общее движение рубля,0.018159774791358812,0.00011832639823435367,False,"С 25.04 рубль заметно ослаб сразу к нескольким валютам, в том числе к кыргызскому сому. Проверьте актуальные условия перевода."
2019-05-21,2019-05-14,KGS_RUB,0.923247,-0.014990963386244172,0.014990963386244172,0.014708913223891302,7,рубль укрепился,общее движение рубля,-0.019066116254836712,0.00407515286859254,False,"С 14.05 рубль заметно укрепился сразу к нескольким валютам, в том числе к кыргызскому сому. Проверьте актуальные условия перевода."
2019-06-04,2019-05-28,KGS_RUB,0.938507,0.016926250912897123,0.016926250912897123,0.013981018608167431,7,валюта получателя укрепилась,общее движение рубля,0.015424642226122979,0.0015016086867741443,False,"С 28.05 рубль заметно ослаб сразу к нескольким валютам, в том числе к кыргызскому сому. Проверьте актуальные условия перевода."
2019-06-21,2019-06-14,KGS_RUB,0.907483,-0.0176522802801502,0.0176522802801502,0.013692454882049,7,рубль укрепился,общее движение рубля,-0.016120011831080323,-0.0015322684490698783,False,"С 14.06 рубль заметно укрепился сразу к нескольким валютам, в том числе к кыргызскому сому. Проверьте актуальные условия перевода."
2019-07-16,2019-07-09,KGS_RUB,0.902701,-0.014192467595722125,0.014192467595722125,0.013237230547141678,7,рубль укрепился,общее движение рубля,-0.014641894077664475,0.0004494264819423499,True,"С 09.07 рубль заметно укрепился сразу к нескольким валютам, в том числе к кыргызскому сому. Проверьте актуальные условия перевода."
2019-08-03,2019-07-27,KGS_RUB,0.926904,0.024589375665305946,0.024589375665305946,0.011745101269418235,7,валюта получателя укрепилась,общее движение рубля,0.019637881612751373,0.0049514940525545725,False,"С 27.07 рубль заметно ослаб сразу к нескольким валютам, в том числе к кыргызскому сому. Проверьте актуальные условия перевода."
2019-08-20,2019-08-13,KGS_RUB,0.953101,0.016049319542964735,0.016049319542964735,0.013785241918463777,7,валюта получателя укрепилась,общее движение рубля,0.01689792258189556,-0.0008486030389308237,False,"С 13.08 рубль заметно ослаб сразу к нескольким валютам, в том числе к кыргызскому сому. Проверьте актуальные условия перевода."
2019-08-30,2019-08-23,KGS_RUB,0.957634,0.02087408707183913,0.02087408707183913,0.014469149209607002,7,валюта получателя укрепилась,общее движение рубля,0.013491700788840433,0.007382386282998699,False,"С 23.08 рубль заметно ослаб сразу к нескольким валютам, в том числе к кыргызскому сому. Проверьте актуальные условия перевода."
2019-09-10,2019-09-03,KGS_RUB,0.936718,-0.02072977072741855,0.02072977072741855,0.016049574227584528,7,рубль укрепился,общее движение рубля,-0.012440509585521453,-0.008289261141897097,True,"С 03.09 рубль заметно укрепился сразу к нескольким валютам, в том числе к кыргызскому сому. Проверьте актуальные условия перевода."
2019-10-02,2019-09-25,KGS_RUB,0.931985,0.023690243042473913,0.023690243042473913,0.016313030303641576,7,валюта получателя укрепилась,общее движение рубля,0.016234411481376314,0.0074558315610975985,False,"С 25.09 рубль заметно ослаб сразу к нескольким валютам, в том числе к кыргызскому сому. Проверьте актуальные условия перевода."
2019-12-14,2019-12-07,KGS_RUB,0.893634,-0.01826942513380725,0.01826942513380725,0.00960050608110168,7,рубль укрепился,общее движение рубля,-0.014088868537303623,-0.004180556596503626,False,"С 07.12 рубль заметно укрепился сразу к нескольким валютам, в том числе к кыргызскому сому. Проверьте актуальные условия перевода."
2019-12-26,2019-12-19,KGS_RUB,0.882293,-0.013299261338537316,0.013299261338537316,0.010892672829128713,7,рубль укрепился,общее движение рубля,-0.014578500704061007,0.001279239365523691,False,"С 19.12 рубль заметно укрепился сразу к нескольким валютам, в том числе к кыргызскому сому. Проверьте актуальные условия перевода."
2020-01-14,2019-12-28,KGS_RUB,0.874924,-0.014137926760423691,0.014137926760423691,0.00991597773532065,17,рубль укрепился,общее движение рубля,-0.012552508826991216,-0.0015854179334324758,False,"С 28.12 рубль заметно укрепился сразу к нескольким валютам, в том числе к кыргызскому сому. Проверьте актуальные условия перевода."
2020-01-28,2020-01-21,KGS_RUB,0.892172,0.01397930608088438,0.01397930608088438,0.009439786173489884,7,валюта получателя укрепилась,смешанное движение,0.008557308283967687,0.005421997796916692,False,С 21.01 Кыргызский сом заметно укрепился к рублю. Проверьте актуальные условия перевода.
2020-02-06,2020-01-30,KGS_RUB,0.904075,0.012514265299288452,0.012514265299288452,0.011046775559082069,7,валюта получателя укрепилась,общее движение рубля,0.010474177912470331,0.0020400873868181204,False,"С 30.01 рубль заметно ослаб сразу к нескольким валютам, в том числе к кыргызскому сому. Проверьте актуальные условия перевода."
2020-02-14,2020-02-07,KGS_RUB,0.910191,0.01265666460840098,0.01265666460840098,0.011783468782683973,7,валюта получателя укрепилась,смешанное движение,0.008503513427929063,0.004153151180471918,False,С 07.02 Кыргызский сом заметно укрепился к рублю. Проверьте актуальные условия перевода.
2020-02-22,2020-02-15,KGS_RUB,0.920197,0.013351349506041998,0.013351349506041998,0.012542745161110957,7,валюта получателя укрепилась,смешанное движение,0.009234874579566362,0.004116474926475636,False,С 15.02 Кыргызский сом заметно укрепился к рублю. Проверьте актуальные условия перевода.
2020-03-11,2020-03-03,KGS_RUB,1.03068,0.08584185191935512,0.08584185191935512,0.015431282373322343,8,валюта получателя укрепилась,общее движение рубля,0.09606056793385183,-0.010218716014496712,False,"С 03.03 рубль заметно ослаб сразу к нескольким валютам, в том числе к кыргызскому сому. Проверьте актуальные условия перевода."
2020-03-19,2020-03-12,KGS_RUB,1.05903,0.03540212354079886,0.03540212354079886,0.02197619551673245,7,валюта получателя укрепилась,выделяется валюта получателя,0.06562767977010779,-0.030225556229308934,False,С 12.03 кыргызский сом заметно укрепился к рублю; по другим валютам движение было слабее. Проверьте актуальные условия перевода.
2020-03-27,2020-03-20,KGS_RUB,0.986901,-0.10236029251255174,0.10236029251255174,0.030340091652744143,7,рубль укрепился,выделяется валюта получателя,-0.017061727980963354,-0.08529856453158839,False,С 20.03 рубль заметно укрепился к кыргызскому сому; по другим валютам движение было слабее. Проверьте актуальные условия перевода.
2020-07-29,2020-07-22,KGS_RUB,0.938293,0.02555434232544518,0.02555434232544518,0.02403213331398271,7,валюта получателя укрепилась,общее движение рубля,0.02062590092207439,0.004928441403370787,False,"С 22.07 рубль заметно ослаб сразу к нескольким валютам, в том числе к кыргызскому сому. Проверьте актуальные условия перевода."
2020-08-04,2020-07-28,KGS_RUB,0.965827,0.03472299596321471,0.03472299596321471,0.02403213331398271,7,валюта получателя укрепилась,общее движение рубля,0.0388601453981019,-0.0041371494348871884,False,"С 28.07 рубль заметно ослаб сразу к нескольким валютам, в том числе к кыргызскому сому. Проверьте актуальные условия перевода."
2020-08-18,2020-08-11,KGS_RUB,0.933391,-0.024829782365902386,0.024829782365902386,0.022333681155858057,7,рубль укрепился,выделяется валюта получателя,-0.00735112268096542,-0.017478659684936965,True,С 11.08 рубль заметно укрепился к кыргызскому сому; по другим валютам движение было слабее. Проверьте актуальные условия перевода.
2020-08-27,2020-08-20,KGS_RUB,0.968739,0.030287335112272107,0.030287335112272107,0.022374602537343205,7,валюта получателя укрепилась,общее движение рубля,0.028791957557997794,0.001495377554274313,False,"С 20.08 рубль заметно ослаб сразу к нескольким валютам, в том числе к кыргызскому сому. Проверьте актуальные условия перевода."
2020-09-03,2020-08-27,KGS_RUB,0.943581,-0.025969843270478465,0.025969843270478465,0.02083653491575506,7,рубль укрепился,общее движение рубля,-0.017216052017610856,-0.00875379125286761,False,"С 27.08 рубль заметно укрепился сразу к нескольким валютам, в том числе к кыргызскому сому. Проверьте актуальные условия перевода."
2020-09-09,2020-09-02,KGS_RUB,0.96454,0.028907419240250753,0.028907419240250753,0.021493371494805704,7,валюта получателя укрепилась,общее движение рубля,0.027088886184291134,0.0018185330559596195,False,"С 02.09 рубль заметно ослаб сразу к нескольким валютам, в том числе к кыргызскому сому. Проверьте актуальные условия перевода."
2020-09-29,2020-09-22,KGS_RUB,0.98924,0.028705248139628603,0.028705248139628603,0.02212663755148081,7,валюта получателя укрепилась,общее движение рубля,0.02613327585661403,0.0025719722830145723,False,"С 22.09 рубль заметно ослаб сразу к нескольким валютам, в том числе к кыргызскому сому. Проверьте актуальные условия перевода."
2020-10-22,2020-10-15,KGS_RUB,0.948296,-0.022139361454206474,0.022139361454206474,0.02212663755148081,7,рубль укрепился,выделяется валюта получателя,0.0042738835317327846,-0.02641324498593926,False,С 15.10 рубль заметно укрепился к кыргызскому сому; по другим валютам движение было слабее. Проверьте актуальные условия перевода.
2020-10-31,2020-10-24,KGS_RUB,0.971067,0.025717213114754056,0.025717213114754056,0.02214500094995837,7,валюта получателя укрепилась,общее движение рубля,0.031530326692929954,-0.005813113578175898,False,"С 24.10 рубль заметно ослаб сразу к нескольким валютам, в том числе к кыргызскому сому. Проверьте актуальные условия перевода."
2020-11-07,2020-10-30,KGS_RUB,0.920268,-0.04675644572703541,0.04675644572703541,0.024794791852246978,8,рубль укрепился,выделяется валюта получателя,-0.014258077423049187,-0.032498368303986225,False,С 30.10 рубль заметно укрепился к кыргызскому сому; по другим валютам движение было слабее. Проверьте актуальные условия перевода.
2020-12-08,2020-12-01,KGS_RUB,0.875316,-0.02560020839061672,0.02560020839061672,0.024972278002017314,7,рубль укрепился,общее движение рубля,-0.019338632899053205,-0.006261575491563514,False,"С 01.12 рубль заметно укрепился сразу к нескольким валютам, в том числе к кыргызскому сому. Проверьте актуальные условия перевода."
2020-12-22,2020-12-15,KGS_RUB,0.924993,0.07592856245550839,0.07592856245550839,0.027082110447477527,7,валюта получателя укрепилась,выделяется валюта получателя,0.024419449254413268,0.05150911320109512,False,С 15.12 кыргызский сом заметно укрепился к рублю; по другим валютам движение было слабее. Проверьте актуальные условия перевода.
2020-12-29,2020-12-22,KGS_RUB,0.88105,-0.04750630545312229,0.04750630545312229,0.02895819323907494,7,рубль укрепился,выделяется валюта получателя,-0.011191352243151561,-0.036314953209970725,False,С 22.12 рубль заметно укрепился к кыргызскому сому; по другим валютам движение было слабее. Проверьте актуальные условия перевода.
2021-01-29,2021-01-22,KGS_RUB,0.898336,0.0386251803618336,0.0386251803618336,0.03565207342145179,7,валюта получателя укрепилась,общее движение рубля,0.03680753044155879,0.0018176499202748123,False,"С 22.01 рубль заметно ослаб сразу к нескольким валютам, в том числе к кыргызскому сому. Проверьте актуальные условия перевода."
2021-03-24,2021-03-17,KGS_RUB,0.888377,0.032847589417339895,0.032847589417339895,0.024537741415553673,7,валюта получателя укрепилась,общее движение рубля,0.03201124214670744,0.0008363472706324551,False,"С 17.03 рубль заметно ослаб сразу к нескольким валютам, в том числе к кыргызскому сому. Проверьте актуальные условия перевода."
2021-04-08,2021-04-01,KGS_RUB,0.916857,0.028002583301378614,0.028002583301378614,0.02187554893867292,7,валюта получателя укрепилась,общее движение рубля,0.032790643428608046,-0.004788060127229432,False,"С 01.04 рубль заметно ослаб сразу к нескольким валютам, в том числе к кыргызскому сому. Проверьте актуальные условия перевода."
2021-04-15,2021-04-08,KGS_RUB,0.892289,-0.026795890744140016,0.026795890744140016,0.02187554893867292,7,рубль укрепился,общее движение рубля,-0.02379843562947222,-0.0029974551146677957,False,"С 08.04 рубль заметно укрепился сразу к нескольким валютам, в том числе к кыргызскому сому. Проверьте актуальные условия перевода."
2021-04-27,2021-04-20,KGS_RUB,0.881421,-0.019418696238413302,0.019418696238413302,0.018868534876906852,7,рубль укрепился,общее движение рубля,-0.015536603951119258,-0.0038820922872940446,False,"С 20.04 рубль заметно укрепился сразу к нескольким валютам, в том числе к кыргызскому сому. Проверьте актуальные условия перевода."
2021-06-04,2021-05-28,KGS_RUB,0.866955,-0.019953516028604845,0.019953516028604845,0.017238041818382333,7,рубль укрепился,выделяется валюта получателя,-0.004127184752273694,-0.01582633127633115,False,С 28.05 рубль заметно укрепился к кыргызскому сому; по другим валютам движение было слабее. Проверьте актуальные условия перевода.
2021-06-10,2021-06-03,KGS_RUB,0.85146,-0.022251006790019234,0.022251006790019234,0.018923615073723313,7,рубль укрепился,общее движение рубля,-0.020045320001161954,-0.00220568678885728,False,"С 03.06 рубль заметно укрепился сразу к нескольким валютам, в том числе к кыргызскому сому. Проверьте актуальные условия перевода."
2021-06-22,2021-06-12,KGS_RUB,0.865238,0.019991040694110396,0.019991040694110396,0.019415340553927816,10,валюта получателя укрепилась,выделяется валюта получателя,0.008296068362107648,0.011694972332002748,False,С 12.06 кыргызский сом заметно укрепился к рублю; по другим валютам движение было слабее. Проверьте актуальные условия перевода.
2021-07-03,2021-06-26,KGS_RUB,0.868057,0.018651361300596303,0.018651361300596303,0.017949980941385096,7,валюта получателя укрепилась,общее движение рубля,0.015353069723618459,0.003298291576977844,False,"С 26.06 рубль заметно ослаб сразу к нескольким валютам, в том числе к кыргызскому сому. Проверьте актуальные условия перевода."
2021-07-09,2021-07-02,KGS_RUB,0.886452,0.030158012599636796,0.030158012599636796,0.017797352874943065,7,валюта получателя укрепилась,общее движение рубля,0.029126062573130735,0.0010319500265060615,False,"С 02.07 рубль заметно ослаб сразу к нескольким валютам, в том числе к кыргызскому сому. Проверьте актуальные условия перевода."
2021-08-03,2021-07-27,KGS_RUB,0.861178,-0.020377844412188928,0.020377844412188928,0.01574114679192196,7,рубль укрепился,общее движение рубля,-0.01069025466277703,-0.009687589749411899,False,"С 27.07 рубль заметно укрепился сразу к нескольким валютам, в том числе к кыргызскому сому. Проверьте актуальные условия перевода."
2021-09-03,2021-08-27,KGS_RUB,0.859757,-0.015530389776943099,0.015530389776943099,0.015286887688762763,7,рубль укрепился,общее движение рубля,-0.012054535348923054,-0.003475854428020045,False,"С 27.08 рубль заметно укрепился сразу к нескольким валютам, в том числе к кыргызскому сому. Проверьте актуальные условия перевода."
2021-10-09,2021-10-02,KGS_RUB,0.848726,-0.012705200268016692,0.012705200268016692,0.009488085464282037,7,рубль укрепился,общее движение рубля,-0.0139147567336075,0.0012095564655908077,False,"С 02.10 рубль заметно укрепился сразу к нескольким валютам, в том числе к кыргызскому сому. Проверьте актуальные условия перевода."
2021-10-16,2021-10-09,KGS_RUB,0.839791,-0.010527543635990955,0.010527543635990955,0.01032642893483331,7,рубль укрепился,смешанное движение,-0.007528304033959839,-0.002999239602031116,False,С 09.10 рубль заметно укрепился к кыргызскому сому. Проверьте актуальные условия перевода.
2021-10-20,2021-10-13,KGS_RUB,0.83665,-0.012652073294932231,0.012652073294932231,0.010420811002487063,7,рубль укрепился,смешанное движение,-0.007233821894767327,-0.0054182514001649045,False,С 13.10 рубль заметно укрепился к кыргызскому сому. Проверьте актуальные условия перевода.
2021-10-26,2021-10-19,KGS_RUB,0.826988,-0.014335841032829033,0.014335841032829033,0.010963209548787756,7,рубль укрепился,смешанное движение,-0.009898860608989072,-0.0044369804238399615,False,С 19.10 рубль заметно укрепился к кыргызскому сому. Проверьте актуальные условия перевода.
2021-11-02,2021-10-26,KGS_RUB,0.838013,0.01333151146086764,0.01333151146086764,0.010963209548787756,7,валюта получателя укрепилась,смешанное движение,0.00960672563198591,0.00372478582888173,False,С 26.10 Кыргызский сом заметно укрепился к рублю. Проверьте актуальные условия перевода.
2021-11-16,2021-11-09,KGS_RUB,0.85217,0.012458357293235967,0.012458357293235967,0.012375360608963116,7,валюта получателя укрепилась,общее движение рубля,0.010040499947518397,0.00241785734571757,False,"С 09.11 рубль заметно ослаб сразу к нескольким валютам, в том числе к кыргызскому сому. Проверьте актуальные условия перевода."
2021-12-04,2021-11-27,KGS_RUB,0.869433,-0.02428642290090388,0.02428642290090388,0.017509509042053707,7,рубль укрепился,общее движение рубля,-0.0218592398114467,-0.0024271830894571807,False,"С 27.11 рубль заметно укрепился сразу к нескольким валютам, в том числе к кыргызскому сому. Проверьте актуальные условия перевода."
2022-01-11,2021-12-25,KGS_RUB,0.885701,0.026441530447278483,0.026441530447278483,0.01776761368545179,17,валюта получателя укрепилась,общее движение рубля,0.026400346335682407,4.1184111596075795e-05,False,"С 25.12 рубль заметно ослаб сразу к нескольким валютам, в том числе к кыргызскому сому. Проверьте актуальные условия перевода."
2022-01-19,2022-01-12,KGS_RUB,0.900097,0.020274061420680667,0.020274061420680667,0.019877139176078962,7,валюта получателя укрепилась,общее движение рубля,0.02285409892115564,-0.0025800375004749743,False,"С 12.01 рубль заметно ослаб сразу к нескольким валютам, в том числе к кыргызскому сому. Проверьте актуальные условия перевода."
2022-01-26,2022-01-19,KGS_RUB,0.927155,0.030061204514624462,0.030061204514624462,0.020966270552224886,7,валюта получателя укрепилась,общее движение рубля,0.028874808944665247,0.001186395569959215,False,"С 19.01 рубль заметно ослаб сразу к нескольким валютам, в том числе к кыргызскому сому. Проверьте актуальные условия перевода."
2022-02-03,2022-01-27,KGS_RUB,0.901694,-0.03117515786352132,0.03117515786352132,0.02397187639286451,7,рубль укрепился,общее движение рубля,-0.03345141635683776,0.0022762584933164395,False,"С 27.01 рубль заметно укрепился сразу к нескольким валютам, в том числе к кыргызскому сому. Проверьте актуальные условия перевода."
2022-02-11,2022-02-04,KGS_RUB,0.880898,-0.02520162182738883,0.02520162182738883,0.024426687203730337,7,рубль укрепился,общее движение рубля,-0.021217568355102467,-0.003984053472286364,False,"С 04.02 рубль заметно укрепился сразу к нескольким валютам, в том числе к кыргызскому сому. Проверьте актуальные условия перевода."
2022-02-23,2022-02-16,KGS_RUB,0.948038,0.05577098260720437,0.05577098260720437,0.024426687203730337,7,валюта получателя укрепилась,общее движение рубля,0.055729465715696,4.1516891508365517e-05,False,"С 16.02 рубль заметно ослаб сразу к нескольким валютам, в том числе к кыргызскому сому. Проверьте актуальные условия перевода."
2022-03-10,2022-03-02,KGS_RUB,1.18824,0.10087459235102259,0.10087459235102259,0.029285540149015923,8,валюта получателя укрепилась,выделяется валюта получателя,0.2526594724458642,-0.1517848800948416,False,С 02.03 кыргызский сом заметно укрепился к рублю; по другим валютам движение было слабее. Проверьте актуальные условия перевода.
2022-03-17,2022-03-10,KGS_RUB,1.03915,-0.1254712852622365,0.1254712852622365,0.03122484365265601,7,рубль укрепился,общее движение рубля,-0.06792064545832399,-0.05755063980391251,False,"С 10.03 рубль заметно укрепился сразу к нескольким валютам, в том числе к кыргызскому сому. Проверьте актуальные условия перевода."
2022-03-30,2022-03-23,KGS_RUB,0.903741,-0.11915223345256776,0.11915223345256776,0.08270472111550099,7,рубль укрепился,общее движение рубля,-0.1686216414815076,0.04946940802893984,False,"С 23.03 рубль заметно укрепился сразу к нескольким валютам, в том числе к кыргызскому сому. Проверьте актуальные условия перевода."
2022-04-09,2022-04-02,KGS_RUB,0.807754,-0.16734889944222198,0.16734889944222198,0.10459464493573993,7,рубль укрепился,общее движение рубля,-0.10636379435405056,-0.06098510508817141,False,"С 02.04 рубль заметно укрепился сразу к нескольким валютам, в том числе к кыргызскому сому. Проверьте актуальные условия перевода."
2022-04-15,2022-04-08,KGS_RUB,0.998255,0.19070509188630824,0.19070509188630824,0.11295308128438157,7,валюта получателя укрепилась,выделяется валюта получателя,0.062087175832349205,0.12861791605395903,False,С 08.04 кыргызский сом заметно укрепился к рублю; по другим валютам движение было слабее. Проверьте актуальные условия перевода.
2022-07-06,2022-06-29,KGS_RUB,0.735997,0.10462292582186694,0.10462292582186694,0.07493534142982253,7,валюта получателя укрепилась,общее движение рубля,0.10089548006123865,0.0037274457606282924,False,"С 29.06 рубль заметно ослаб сразу к нескольким валютам, в том числе к кыргызскому сому. Проверьте актуальные условия перевода."
2022-07-14,2022-07-07,KGS_RUB,0.722874,-0.08651098842080385,0.08651098842080385,0.08231486692488844,7,рубль укрепился,общее движение рубля,-0.08038275658704834,-0.006128231833755507,False,"С 07.07 рубль заметно укрепился сразу к нескольким валютам, в том числе к кыргызскому сому. Проверьте актуальные условия перевода."
2022-09-24,2022-09-17,KGS_RUB,0.712317,-0.03826981808166219,0.03826981808166219,0.03817457391072084,7,рубль укрепился,общее движение рубля,-0.04496623660713465,0.00669641852547246,False,"С 17.09 рубль заметно укрепился сразу к нескольким валютам, в том числе к кыргызскому сому. Проверьте актуальные условия перевода."
2022-10-07,2022-09-30,KGS_RUB,0.748699,0.04563248489927019,0.04563248489927019,0.02896856867238227,7,валюта получателя укрепилась,общее движение рубля,0.05882408887817866,-0.013191603978908471,False,"С 30.09 рубль заметно ослаб сразу к нескольким валютам, в том числе к кыргызскому сому. Проверьте актуальные условия перевода."
2022-11-12,2022-11-04,KGS_RUB,0.714323,-0.03680076589605119,0.03680076589605119,0.02476630995929612,8,рубль укрепился,выделяется валюта получателя,-0.004306803373904211,-0.03249396252214698,False,С 04.11 рубль заметно укрепился к кыргызскому сому; по другим валютам движение было слабее. Проверьте актуальные условия перевода.
2022-12-08,2022-12-01,KGS_RUB,0.740873,0.027678560282084375,0.027678560282084375,0.02558197887651846,7,валюта получателя укрепилась,смешанное движение,0.043994799525345574,-0.0163162392432612,False,С 01.12 Кыргызский сом заметно укрепился к рублю. Проверьте актуальные условия перевода.
2022-12-16,2022-12-09,KGS_RUB,0.756933,0.02762478193283857,0.02762478193283857,0.025573177018473423,7,валюта получателя укрепилась,общее движение рубля,0.03194998591507218,-0.004325203982233607,False,"С 09.12 рубль заметно ослаб сразу к нескольким валютам, в том числе к кыргызскому сому. Проверьте актуальные условия перевода."
2023-01-12,2022-12-29,KGS_RUB,0.805558,-0.03232905410518805,0.03232905410518805,0.027164034705430985,14,рубль укрепился,общее движение рубля,-0.017729944285249283,-0.014599109819938765,False,"С 29.12 рубль заметно укрепился сразу к нескольким валютам, в том числе к кыргызскому сому. Проверьте актуальные условия перевода."
2023-02-10,2023-02-03,KGS_RUB,0.840093,0.034150262632778094,0.034150262632778094,0.02763553760268773,7,валюта получателя укрепилась,общее движение рубля,0.03066870793138543,0.003481554701392664,False,"С 03.02 рубль заметно ослаб сразу к нескольким валютам, в том числе к кыргызскому сому. Проверьте актуальные условия перевода."
2023-04-05,2023-03-29,KGS_RUB,0.907759,0.036065330533235906,0.036065330533235906,0.023723780148283247,7,валюта получателя укрепилась,общее движение рубля,0.040452309717906,-0.004386979184670091,False,"С 29.03 рубль заметно ослаб сразу к нескольким валютам, в том числе к кыргызскому сому. Проверьте актуальные условия перевода."
2023-05-04,2023-04-26,KGS_RUB,0.90616,-0.027502022996696684,0.027502022996696684,0.024497229263793996,8,рубль укрепился,общее движение рубля,-0.02735650502798644,-0.00014551796871024522,False,"С 26.04 рубль заметно укрепился сразу к нескольким валютам, в том числе к кыргызскому сому. Проверьте актуальные условия перевода."
2023-05-17,2023-05-06,KGS_RUB,0.914246,0.03903161943034572,0.03903161943034572,0.03304380926646467,11,валюта получателя укрепилась,общее движение рубля,0.03300049219364191,0.0060311272367038135,False,"С 06.05 рубль заметно ослаб сразу к нескольким валютам, в том числе к кыргызскому сому. Проверьте актуальные условия перевода."
2023-06-15,2023-06-07,KGS_RUB,0.962723,0.03560805962860125,0.03560805962860125,0.033079374896030085,8,валюта получателя укрепилась,общее движение рубля,0.03931722650414874,-0.0037091668755474885,False,"С 07.06 рубль заметно ослаб сразу к нескольким валютам, в том числе к кыргызскому сому. Проверьте актуальные условия перевода."
2023-06-30,2023-06-23,KGS_RUB,0.997792,0.04185626904290052,0.04185626904290052,0.034761538551868434,7,валюта получателя укрепилась,общее движение рубля,0.03565950066095088,0.006196768381949637,False,"С 23.06 рубль заметно ослаб сразу к нескольким валютам, в том числе к кыргызскому сому. Проверьте актуальные условия перевода."
2023-08-04,2023-07-28,KGS_RUB,1.06846,0.03971196419014267,0.03971196419014267,0.03307140126347413,7,валюта получателя укрепилась,общее движение рубля,0.0335150431212489,0.006196921068893767,False,"С 28.07 рубль заметно ослаб сразу к нескольким валютам, в том числе к кыргызскому сому. Проверьте актуальные условия перевода."
2023-08-15,2023-08-08,KGS_RUB,1.14467,0.04158439265858038,0.04158439265858038,0.035715543785092806,7,валюта получателя укрепилась,общее движение рубля,0.041530152390935195,5.42402676451878e-05,False,"С 08.08 рубль заметно ослаб сразу к нескольким валютам, в том числе к кыргызскому сому. Проверьте актуальные условия перевода."
2023-10-04,2023-09-27,KGS_RUB,1.11901,0.03147871614770592,0.03147871614770592,0.03082226607751735,7,валюта получателя укрепилась,общее движение рубля,0.0275416416180414,0.003937074529664519,False,"С 27.09 рубль заметно ослаб сразу к нескольким валютам, в том числе к кыргызскому сому. Проверьте актуальные условия перевода."
2023-10-13,2023-10-06,KGS_RUB,1.08775,-0.03192360406543149,0.03192360406543149,0.03170116659749209,7,рубль укрепился,общее движение рубля,-0.022725052189717876,-0.009198551875713612,False,"С 06.10 рубль заметно укрепился сразу к нескольким валютам, в том числе к кыргызскому сому. Проверьте актуальные условия перевода."
2023-10-25,2023-10-18,KGS_RUB,1.04705,-0.039271459375143314,0.039271459375143314,0.033804924683951465,7,рубль укрепился,общее движение рубля,-0.03650505964965863,-0.002766399725484682,False,"С 18.10 рубль заметно укрепился сразу к нескольким валютам, в том числе к кыргызскому сому. Проверьте актуальные условия перевода."
2023-11-16,2023-11-09,KGS_RUB,1.00165,-0.02960637854700121,0.02960637854700121,0.029366439269820924,7,рубль укрепился,общее движение рубля,-0.022973882463903268,-0.006632496083097943,False,"С 09.11 рубль заметно укрепился сразу к нескольким валютам, в том числе к кыргызскому сому. Проверьте актуальные условия перевода."
2023-11-21,2023-11-14,KGS_RUB,0.993016,-0.037150087750768446,0.037150087750768446,0.029825864415144433,7,рубль укрепился,общее движение рубля,-0.02708567182734419,-0.010064415923424257,False,"С 14.11 рубль заметно укрепился сразу к нескольким валютам, в том числе к кыргызскому сому. Проверьте актуальные условия перевода."
2023-12-07,2023-11-30,KGS_RUB,1.03877,0.04055976279200224,0.04055976279200224,0.03039448586682634,7,валюта получателя укрепилась,общее движение рубля,0.0364439624021707,0.004115800389831538,False,"С 30.11 рубль заметно ослаб сразу к нескольким валютам, в том числе к кыргызскому сому. Проверьте актуальные условия перевода."
2024-01-12,2023-12-28,KGS_RUB,0.993974,-0.03503291070423076,0.03503291070423076,0.030306737420694785,15,рубль укрепился,общее движение рубля,-0.03454859469032497,-0.00048431601390578477,False,"С 28.12 рубль заметно укрепился сразу к нескольким валютам, в том числе к кыргызскому сому. Проверьте актуальные условия перевода."
2024-01-17,2024-01-10,KGS_RUB,0.981295,-0.03088675350839931,0.03088675350839931,0.030306737420694785,7,рубль укрепился,общее движение рубля,-0.033858100356842925,0.0029713468484436137,False,"С 10.01 рубль заметно укрепился сразу к нескольким валютам, в том числе к кыргызскому сому. Проверьте актуальные условия перевода."
2024-04-12,2024-04-05,KGS_RUB,1.05161,0.017936655438107296,0.017936655438107296,0.014430111418807946,7,валюта получателя укрепилась,общее движение рубля,0.012326315819034464,0.005610339619072832,False,"С 05.04 рубль заметно ослаб сразу к нескольким валютам, в том числе к кыргызскому сому. Проверьте актуальные условия перевода."
2024-04-17,2024-04-10,KGS_RUB,1.05575,0.014471168167273785,0.014471168167273785,0.014430111418807946,7,валюта получателя укрепилась,смешанное движение,0.005537578497712599,0.008933589669561186,False,С 10.04 Кыргызский сом заметно укрепился к рублю. Проверьте актуальные условия перевода.
2024-04-25,2024-04-18,KGS_RUB,1.04113,-0.017579451951385106,0.017579451951385106,0.014507020943874016,7,рубль укрепился,общее движение рубля,-0.01819281091402695,0.0006133589626418461,False,"С 18.04 рубль заметно укрепился сразу к нескольким валютам, в том числе к кыргызскому сому. Проверьте актуальные условия перевода."
2024-05-28,2024-05-21,KGS_RUB,1.00877,-0.018582116415500116,0.018582116415500116,0.013449114493078174,7,рубль укрепился,общее движение рубля,-0.023468537089745906,0.00488642067424579,False,"С 21.05 рубль заметно укрепился сразу к нескольким валютам, в том числе к кыргызскому сому. Проверьте актуальные условия перевода."
2024-06-19,2024-06-11,KGS_RUB,0.993537,-0.028610676574110205,0.028610676574110205,0.011716388727869556,8,рубль укрепился,общее движение рубля,-0.027073050842527424,-0.0015376257315827813,False,"С 11.06 рубль заметно укрепился сразу к нескольким валютам, в том числе к кыргызскому сому. Проверьте актуальные условия перевода."
2024-06-26,2024-06-19,KGS_RUB,1.00797,0.01452688727244178,0.01452688727244178,0.012988220070525448,7,валюта получателя укрепилась,выделяется валюта получателя,0.0028789289242234783,0.011647958348218301,False,С 19.06 кыргызский сом заметно укрепился к рублю; по другим валютам движение было слабее. Проверьте актуальные условия перевода.
2024-07-05,2024-06-28,KGS_RUB,1.02439,0.042306201294043166,0.042306201294043166,0.014482311988307383,7,валюта получателя укрепилась,общее движение рубля,0.04196313202256582,0.00034306927147734895,False,"С 28.06 рубль заметно ослаб сразу к нескольким валютам, в том числе к кыргызскому сому. Проверьте актуальные условия перевода."
2024-07-26,2024-07-19,KGS_RUB,1.01437,-0.02110514938624264,0.02110514938624264,0.014559882177041206,7,рубль укрепился,общее движение рубля,-0.02733291074814907,0.00622776136190643,True,"С 19.07 рубль заметно укрепился сразу к нескольким валютам, в том числе к кыргызскому сому. Проверьте актуальные условия перевода."
2024-08-06,2024-07-30,KGS_RUB,1.00526,-0.02406679287413216,0.02406679287413216,0.014992529729523524,7,рубль укрепился,выделяется валюта получателя,-0.010860348702582826,-0.013206444171549333,False,С 30.07 рубль заметно укрепился к кыргызскому сому; по другим валютам движение было слабее. Проверьте актуальные условия перевода.
2024-08-13,2024-08-06,KGS_RUB,1.05325,0.04773889342060755,0.04773889342060755,0.018670221125223943,7,валюта получателя укрепилась,общее движение рубля,0.0334866422613543,0.01425225115925325,False,"С 06.08 рубль заметно ослаб сразу к нескольким валютам, в том числе к кыргызскому сому. Проверьте актуальные условия перевода."
2024-08-21,2024-08-14,KGS_RUB,1.05862,-0.02120105404280903,0.02120105404280903,0.020968633035214037,7,рубль укрепился,выделяется валюта получателя,-0.00567216840214646,-0.01552888564066257,False,С 14.08 рубль заметно укрепился к кыргызскому сому; по другим валютам движение было слабее. Проверьте актуальные условия перевода.
2024-09-04,2024-08-28,KGS_RUB,1.04733,-0.025304321929791707,0.025304321929791707,0.024975569614127783,7,рубль укрепился,общее движение рубля,-0.014857391084640756,-0.010446930845150951,False,"С 28.08 рубль заметно укрепился сразу к нескольким валютам, в том числе к кыргызскому сому. Проверьте актуальные условия перевода."
2024-09-11,2024-09-04,KGS_RUB,1.0821,0.03319870527913826,0.03319870527913826,0.025965592858655417,7,валюта получателя укрепилась,общее движение рубля,0.03465666457655018,-0.0014579592974119163,False,"С 04.09 рубль заметно ослаб сразу к нескольким валютам, в том числе к кыргызскому сому. Проверьте актуальные условия перевода."
2024-09-24,2024-09-17,KGS_RUB,1.10291,0.024571279936086876,0.024571279936086876,0.022345506114133357,7,валюта получателя укрепилась,общее движение рубля,0.021684829984624548,0.0028864499514623283,False,"С 17.09 рубль заметно ослаб сразу к нескольким валютам, в том числе к кыргызскому сому. Проверьте актуальные условия перевода."
2024-10-04,2024-09-27,KGS_RUB,1.1251,0.025166745635455845,0.025166745635455845,0.021343880119073958,7,валюта получателя укрепилась,общее движение рубля,0.023364328779601557,0.0018024168558542879,False,"С 27.09 рубль заметно ослаб сразу к нескольким валютам, в том числе к кыргызскому сому. Проверьте актуальные условия перевода."
2024-10-08,2024-10-01,KGS_RUB,1.13418,0.02446030168909763,0.02446030168909763,0.022345506114133357,7,валюта получателя укрепилась,общее движение рубля,0.021624978500771903,0.0028353231883257272,False,"С 01.10 рубль заметно ослаб сразу к нескольким валютам, в том числе к кыргызскому сому. Проверьте актуальные условия перевода."
2024-11-23,2024-11-16,KGS_RUB,1.18585,0.02578630497214629,0.02578630497214629,0.01847008728966251,7,валюта получателя укрепилась,общее движение рубля,0.01748078073664794,0.008305524235498352,False,"С 16.11 рубль заметно ослаб сразу к нескольким валютам, в том числе к кыргызскому сому. Проверьте актуальные условия перевода."
2024-12-05,2024-11-28,KGS_RUB,1.20088,-0.034941656755279826,0.034941656755279826,0.020780543355607865,7,рубль укрепился,общее движение рубля,-0.03323527887062209,-0.001706377884657738,False,"С 28.11 рубль заметно укрепился сразу к нескольким валютам, в том числе к кыргызскому сому. Проверьте актуальные условия перевода."
2024-12-14,2024-12-07,KGS_RUB,1.18943,0.03843165329445353,0.03843165329445353,0.025290657502793936,7,валюта получателя укрепилась,общее движение рубля,0.032049318439024775,0.006382334855428752,False,"С 07.12 рубль заметно ослаб сразу к нескольким валютам, в том числе к кыргызскому сому. Проверьте актуальные условия перевода."
2024-12-27,2024-12-20,KGS_RUB,1.14057,-0.04052189713478127,0.04052189713478127,0.032642686782670044,7,рубль укрепился,общее движение рубля,-0.044676962627490026,0.004155065492708755,False,"С 20.12 рубль заметно укрепился сразу к нескольким валютам, в том числе к кыргызскому сому. Проверьте актуальные условия перевода."
2025-01-22,2025-01-15,KGS_RUB,1.14269,-0.033927393855362586,0.033927393855362586,0.03357627069841121,7,рубль укрепился,общее движение рубля,-0.025665083078708257,-0.00826231077665433,False,"С 15.01 рубль заметно укрепился сразу к нескольким валютам, в том числе к кыргызскому сому. Проверьте актуальные условия перевода."
2025-02-13,2025-02-06,KGS_RUB,1.07545,-0.04087293093607314,0.04087293093607314,0.03884970206251908,7,рубль укрепился,общее движение рубля,-0.04156884738332541,0.0006959164472522747,False,"С 06.02 рубль заметно укрепился сразу к нескольким валютам, в том числе к кыргызскому сому. Проверьте актуальные условия перевода."
2025-02-26,2025-02-19,KGS_RUB,0.99065,-0.051537607230392246,0.051537607230392246,0.04658630520073696,7,рубль укрепился,общее движение рубля,-0.05020845477932775,-0.0013291524510644984,False,"С 19.02 рубль заметно укрепился сразу к нескольким валютам, в том числе к кыргызскому сому. Проверьте актуальные условия перевода."
2025-03-06,2025-02-27,KGS_RUB,1.02673,0.04492209365045441,0.04492209365045441,0.041507238703589154,7,валюта получателя укрепилась,общее движение рубля,0.05105670065273545,-0.006134607002281044,False,"С 27.02 рубль заметно ослаб сразу к нескольким валютам, в том числе к кыргызскому сому. Проверьте актуальные условия перевода."
2025-03-15,2025-03-08,KGS_RUB,0.9785,-0.04000863354524753,0.04000863354524753,0.03890822897830682,7,рубль укрепился,общее движение рубля,-0.03602397928729506,-0.003984654257952469,False,"С 08.03 рубль заметно укрепился сразу к нескольким валютам, в том числе к кыргызскому сому. Проверьте актуальные условия перевода."
2025-04-15,2025-04-08,KGS_RUB,0.946451,-0.04648152103390324,0.04648152103390324,0.040595110305359006,7,рубль укрепился,общее движение рубля,-0.029626760399340573,-0.016854760634562666,False,"С 08.04 рубль заметно укрепился сразу к нескольким валютам, в том числе к кыргызскому сому. Проверьте актуальные условия перевода."
2025-07-26,2025-07-19,KGS_RUB,0.911257,0.017577575386704458,0.017577575386704458,0.011670155676401906,7,валюта получателя укрепилась,общее движение рубля,0.01878061989427719,-0.0012030445075727307,False,"С 19.07 рубль заметно ослаб сразу к нескольким валютам, в том числе к кыргызскому сому. Проверьте актуальные условия перевода."
2025-08-06,2025-07-30,KGS_RUB,0.915369,-0.027888873549058557,0.027888873549058557,0.011670155676401906,7,рубль укрепился,общее движение рубля,-0.0269649491226418,-0.0009239244264167557,False,"С 30.07 рубль заметно укрепился сразу к нескольким валютам, в том числе к кыргызскому сому. Проверьте актуальные условия перевода."
2025-09-05,2025-08-29,KGS_RUB,0.929648,0.011443430200298144,0.011443430200298144,0.009203741285693168,7,валюта получателя укрепилась,общее движение рубля,0.012185141829486193,-0.0007417116291880497,False,"С 29.08 рубль заметно ослаб сразу к нескольким валютам, в том числе к кыргызскому сому. Проверьте актуальные условия перевода."
2025-09-18,2025-09-11,KGS_RUB,0.949099,-0.022637635132769396,0.022637635132769396,0.014989023060844004,7,рубль укрепился,общее движение рубля,-0.01918992746645883,-0.003447707666310567,False,"С 11.09 рубль заметно укрепился сразу к нескольким валютам, в том числе к кыргызскому сому. Проверьте актуальные условия перевода."
2025-10-02,2025-09-25,KGS_RUB,0.931923,-0.02970271257981938,0.02970271257981938,0.017605058828927468,7,рубль укрепился,общее движение рубля,-0.029332842828602452,-0.0003698697512169273,True,"С 25.09 рубль заметно укрепился сразу к нескольким валютам, в том числе к кыргызскому сому. Проверьте актуальные условия перевода."
2025-10-14,2025-10-07,KGS_RUB,0.924583,-0.02584621025503786,0.02584621025503786,0.020842804557381973,7,рубль укрепился,общее движение рубля,-0.026628588455639608,0.0007823782006017473,False,"С 07.10 рубль заметно укрепился сразу к нескольким валютам, в том числе к кыргызскому сому. Проверьте актуальные условия перевода."
2025-10-23,2025-10-16,KGS_RUB,0.933732,0.035716979541491556,0.035716979541491556,0.02446281022123094,7,валюта получателя укрепилась,общее движение рубля,0.035991701257950405,-0.0002747217164588492,False,"С 16.10 рубль заметно ослаб сразу к нескольким валютам, в том числе к кыргызскому сому. Проверьте актуальные условия перевода."
2025-10-28,2025-10-21,KGS_RUB,0.9032,-0.02917213061891344,0.02917213061891344,0.026203029953408,7,рубль укрепился,общее движение рубля,-0.02655341585566769,-0.002618714763245749,True,"С 21.10 рубль заметно укрепился сразу к нескольким валютам, в том числе к кыргызскому сому. Проверьте актуальные условия перевода."
2025-11-25,2025-11-18,KGS_RUB,0.902461,-0.027239547627978866,0.027239547627978866,0.026917210387316585,7,рубль укрепился,общее движение рубля,-0.03004306202466826,0.002803514396689393,False,"С 18.11 рубль заметно укрепился сразу к нескольким валютам, в том числе к кыргызскому сому. Проверьте актуальные условия перевода."
2025-12-12,2025-12-05,KGS_RUB,0.907259,0.030778180099503727,0.030778180099503727,0.026839058163534647,7,валюта получателя укрепилась,общее движение рубля,0.031906205235668526,-0.0011280251361647994,False,"С 05.12 рубль заметно ослаб сразу к нескольким валютам, в том числе к кыргызскому сому. Проверьте актуальные условия перевода."
2025-12-27,2025-12-20,KGS_RUB,0.888674,-0.03725739790805638,0.03725739790805638,0.027736707716274858,7,рубль укрепился,общее движение рубля,-0.035857985447986275,-0.0013994124600701027,False,"С 20.12 рубль заметно укрепился сразу к нескольким валютам, в том числе к кыргызскому сому. Проверьте актуальные условия перевода."
2026-01-23,2026-01-16,KGS_RUB,0.869505,-0.03171760838408577,0.03171760838408577,0.027249130696424782,7,рубль укрепился,общее движение рубля,-0.03268069652005445,0.0009630881359686816,False,"С 16.01 рубль заметно укрепился сразу к нескольким валютам, в том числе к кыргызскому сому. Проверьте актуальные условия перевода."
2026-03-07,2026-02-28,KGS_RUB,0.905089,0.024282733083455632,0.024282733083455632,0.02261315280620009,7,валюта получателя укрепилась,общее движение рубля,0.01592967904696437,0.008353054036491264,False,"С 28.02 рубль заметно ослаб сразу к нескольким валютам, в том числе к кыргызскому сому. Проверьте актуальные условия перевода."
2026-03-14,2026-03-06,KGS_RUB,0.917389,0.02595791889310628,0.02595791889310628,0.023334411582980667,8,валюта получателя укрепилась,общее движение рубля,0.02191832504857949,0.00403959384452679,False,"С 06.03 рубль заметно ослаб сразу к нескольким валютам, в том числе к кыргызскому сому. Проверьте актуальные условия перевода."
2026-03-26,2026-03-19,KGS_RUB,0.923041,-0.02894315203886577,0.02894315203886577,0.02405789016978657,7,рубль укрепился,общее движение рубля,-0.024244487569863304,-0.004698664469002467,False,"С 19.03 рубль заметно укрепился сразу к нескольким валютам, в том числе к кыргызскому сому. Проверьте актуальные условия перевода."
2026-04-07,2026-03-31,KGS_RUB,0.90026,-0.03158592246534353,0.03158592246534353,0.023302887881022062,7,рубль укрепился,общее движение рубля,-0.027605954238503982,-0.0039799682268395475,True,"С 31.03 рубль заметно укрепился сразу к нескольким валютам, в том числе к кыргызскому сому. Проверьте актуальные условия перевода."
2026-05-20,2026-05-13,KGS_RUB,0.815238,-0.03381604724504639,0.03381604724504639,0.030838113688368574,7,рубль укрепился,общее движение рубля,-0.041005149373957384,0.007189102128910996,False,"С 13.05 рубль заметно укрепился сразу к нескольким валютам, в том числе к кыргызскому сому. Проверьте актуальные условия перевода."
2026-06-04,2026-05-28,KGS_RUB,0.838692,0.03444779793848518,0.03444779793848518,0.03165390981097258,7,валюта получателя укрепилась,общее движение рубля,0.032972939810656555,0.0014748581278286252,False,"С 28.05 рубль заметно ослаб сразу к нескольким валютам, в том числе к кыргызскому сому. Проверьте актуальные условия перевода."
2026-06-24,2026-06-17,KGS_RUB,0.853288,0.034395058884854945,0.034395058884854945,0.03165390981097258,7,валюта получателя укрепилась,общее движение рубля,0.028832917779415396,0.005562141105439549,False,"С 17.06 рубль заметно ослаб сразу к нескольким валютам, в том числе к кыргызскому сому. Проверьте актуальные условия перевода."
2026-07-17,2026-07-10,KGS_RUB,0.895576,0.03142854839471276,0.03142854839471276,0.031237775453679232,7,валюта получателя укрепилась,общее движение рубля,0.031548840281980274,-0.000120291887267511,False,"С 10.07 рубль заметно ослаб сразу к нескольким валютам, в том числе к кыргызскому сому. Проверьте актуальные условия перевода."
2026-08-08,2026-08-01,KGS_RUB,0.939583,0.03401322363526704,0.03401322363526704,0.03156434369098382,7,валюта получателя укрепилась,общее движение рубля,0.03587620314778891,-0.001862979512521866,False,"С 01.08 рубль заметно ослаб сразу к нескольким валютам, в том числе к кыргызскому сому. Проверьте актуальные условия перевода."
2026-08-19,2026-08-12,KGS_RUB,0.973865,0.03387306015767155,0.03387306015767155,0.03110198015740817,7,валюта получателя укрепилась,общее движение рубля,0.0358127744822038,-0.0019397143245322504,False,"С 12.08 рубль заметно ослаб сразу к нескольким валютам, в том числе к кыргызскому сому. Проверьте актуальные условия перевода."
2026-08-29,2026-08-22,KGS_RUB,0.978853,0.03231450350765441,0.03231450350765441,0.031221949624472424,7,валюта получателя укрепилась,общее движение рубля,0.03127128608437002,0.0010432174232843927,False,"С 22.08 рубль заметно ослаб сразу к нескольким валютам, в том числе к кыргызскому сому. Проверьте актуальные условия перевода."
2026-09-03,2026-08-27,KGS_RUB,0.994812,0.03220464548742763,0.03220464548742763,0.031221949624472424,7,валюта получателя укрепилась,общее движение рубля,0.029782379286654947,0.0024222662007726825,False,"С 27.08 рубль заметно ослаб сразу к нескольким валютам, в том числе к кыргызскому сому. Проверьте актуальные условия перевода."
2019-02-23,2019-02-16,KZT_RUB,0.173858,-0.01509718280337402,0.01509718280337402,0.013490644804720642,7,рубль укрепился,общее движение рубля,-0.012958839896133334,-0.0021383429072406868,False,"С 16.02 рубль заметно укрепился сразу к нескольким валютам, в том числе к казахстанскому тенге. Проверьте актуальные условия перевода."
2019-03-19,2019-03-12,KZT_RUB,0.171865,-0.01426990071865708,0.01426990071865708,0.012468074019697007,7,рубль укрепился,общее движение рубля,-0.017680761117962723,0.0034108603993056423,False,"С 12.03 рубль заметно укрепился сразу к нескольким валютам, в том числе к казахстанскому тенге. Проверьте актуальные условия перевода."
2019-04-03,2019-03-27,KZT_RUB,0.172396,0.016563769628568314,0.016563769628568314,0.014057111953275926,7,валюта получателя укрепилась,общее движение рубля,0.016462802446172525,0.00010096718239578986,False,"С 27.03 рубль заметно ослаб сразу к нескольким валютам, в том числе к казахстанскому тенге. Проверьте актуальные условия перевода."
2019-05-07,2019-04-25,KZT_RUB,0.171722,0.017316453296524426,0.017316453296524426,0.01412765271394587,12,валюта получателя укрепилась,общее движение рубля,0.018159774791358812,-0.0008433214948343863,False,"С 25.04 рубль заметно ослаб сразу к нескольким валютам, в том числе к казахстанскому тенге. Проверьте актуальные условия перевода."
2019-05-14,2019-04-30,KZT_RUB,0.172438,0.018168291401208014,0.018168291401208014,0.01412765271394587,14,валюта получателя укрепилась,выделяется валюта получателя,0.00738132064722367,0.010786970753984344,False,С 30.04 казахстанский тенге заметно укрепился к рублю; по другим валютам движение было слабее. Проверьте актуальные условия перевода.
2019-06-26,2019-06-19,KZT_RUB,0.165097,-0.014516889613141681,0.014516889613141681,0.011249912793977314,7,рубль укрепился,общее движение рубля,-0.021223455353113246,0.006706565739971564,False,"С 19.06 рубль заметно укрепился сразу к нескольким валютам, в том числе к казахстанскому тенге. Проверьте актуальные условия перевода."
2019-07-16,2019-07-09,KZT_RUB,0.164018,-0.013306863983637118,0.013306863983637118,0.00988315675750986,7,рубль укрепился,общее движение рубля,-0.014641894077664475,0.0013350300940273563,False,"С 09.07 рубль заметно укрепился сразу к нескольким валютам, в том числе к казахстанскому тенге. Проверьте актуальные условия перевода."
2019-08-03,2019-07-27,KZT_RUB,0.167435,0.021487008351991577,0.021487008351991577,0.009825139733432464,7,валюта получателя укрепилась,общее движение рубля,0.019637881612751373,0.0018491267392402033,False,"С 27.07 рубль заметно ослаб сразу к нескольким валютам, в том числе к казахстанскому тенге. Проверьте актуальные условия перевода."
2019-08-16,2019-08-09,KZT_RUB,0.170183,0.013506833814727726,0.013506833814727726,0.00985188120613254,7,валюта получателя укрепилась,общее движение рубля,0.01035266904486661,0.003154164769861115,False,"С 09.08 рубль заметно ослаб сразу к нескольким валютам, в том числе к казахстанскому тенге. Проверьте актуальные условия перевода."
2019-08-30,2019-08-23,KZT_RUB,0.172306,0.013636256676941905,0.013636256676941905,0.012756802430275773,7,валюта получателя укрепилась,общее движение рубля,0.013491700788840433,0.0001445558881014719,False,"С 23.08 рубль заметно ослаб сразу к нескольким валютам, в том числе к казахстанскому тенге. Проверьте актуальные условия перевода."
2019-09-11,2019-09-04,KZT_RUB,0.169477,-0.01565866889698153,0.01565866889698153,0.01317737191762225,7,рубль укрепился,общее движение рубля,-0.015357769795112977,-0.00030089910186855383,False,"С 04.09 рубль заметно укрепился сразу к нескольким валютам, в том числе к казахстанскому тенге. Проверьте актуальные условия перевода."
2019-10-02,2019-09-25,KZT_RUB,0.167386,0.0161110166816405,0.0161110166816405,0.015684929868116693,7,валюта получателя укрепилась,общее движение рубля,0.016234411481376314,-0.00012339479973581466,False,"С 25.09 рубль заметно ослаб сразу к нескольким валютам, в том числе к казахстанскому тенге. Проверьте актуальные условия перевода."
2019-12-14,2019-12-07,KZT_RUB,0.162637,-0.017376278600472417,0.017376278600472417,0.009100928254067409,7,рубль укрепился,общее движение рубля,-0.014088868537303623,-0.003287410063168794,False,"С 07.12 рубль заметно укрепился сразу к нескольким валютам, в том числе к казахстанскому тенге. Проверьте актуальные условия перевода."
2020-01-14,2019-12-28,KZT_RUB,0.161098,-0.01150497321642241,0.01150497321642241,0.009233339557460708,17,рубль укрепился,общее движение рубля,-0.012552508826991216,0.001047535610568806,False,"С 28.12 рубль заметно укрепился сразу к нескольким валютам, в том числе к казахстанскому тенге. Проверьте актуальные условия перевода."
2020-01-21,2020-01-14,KZT_RUB,0.16342,0.014413586760853692,0.014413586760853692,0.008728731097861743,7,валюта получателя укрепилась,смешанное движение,0.009234179578411736,0.005179407182441956,False,С 14.01 Казахстанский тенге заметно укрепился к рублю. Проверьте актуальные условия перевода.
2020-01-31,2020-01-24,KZT_RUB,0.166092,0.013349277625927414,0.013349277625927414,0.008728731097861743,7,валюта получателя укрепилась,общее движение рубля,0.01490162020810426,-0.0015523425821768466,False,"С 24.01 рубль заметно ослаб сразу к нескольким валютам, в том числе к казахстанскому тенге. Проверьте актуальные условия перевода."
2020-02-12,2020-02-05,KZT_RUB,0.169032,0.010914614818757551,0.010914614818757551,0.010717640122498652,7,валюта получателя укрепилась,смешанное движение,0.004343877944127161,0.00657073687463039,False,С 05.02 Казахстанский тенге заметно укрепился к рублю. Проверьте актуальные условия перевода.
2020-02-22,2020-02-15,KZT_RUB,0.170777,0.017541246357986928,0.017541246357986928,0.01117487251357976,7,валюта получателя укрепилась,смешанное движение,0.009234874579566362,0.008306371778420566,False,С 15.02 Казахстанский тенге заметно укрепился к рублю. Проверьте актуальные условия перевода.
2020-03-11,2020-03-03,KZT_RUB,0.181834,0.04456674096371693,0.04456674096371693,0.013824313443159087,8,валюта получателя укрепилась,выделяется валюта получателя,0.09606056793385183,-0.051493826970134896,False,С 03.03 казахстанский тенге заметно укрепился к рублю; по другим валютам движение было слабее. Проверьте актуальные условия перевода.
2020-04-07,2020-03-24,KZT_RUB,0.173999,-0.03595787000869877,0.03595787000869877,0.025924780509501925,14,рубль укрепился,общее движение рубля,-0.05142079997989805,0.015462929971199281,False,"С 24.03 рубль заметно укрепился сразу к нескольким валютам, в том числе к казахстанскому тенге. Проверьте актуальные условия перевода."
2020-07-14,2020-07-07,KZT_RUB,0.171737,-0.020107154472472466,0.020107154472472466,0.014128338624740612,7,рубль укрепился,смешанное движение,-0.00603323411454082,-0.014073920357931646,False,С 07.07 рубль заметно укрепился к казахстанскому тенге. Проверьте актуальные условия перевода.
2020-07-31,2020-07-24,KZT_RUB,0.17462,0.01696494610004251,0.01696494610004251,0.012595039574026613,7,валюта получателя укрепилась,выделяется валюта получателя,0.038602318667730375,-0.021637372567687864,False,С 24.07 казахстанский тенге заметно укрепился к рублю; по другим валютам движение было слабее. Проверьте актуальные условия перевода.
2020-08-04,2020-07-28,KZT_RUB,0.175969,0.019483679593988557,0.019483679593988557,0.012283619601159779,7,валюта получателя укрепилась,выделяется валюта получателя,0.0388601453981019,-0.01937646580411334,False,С 28.07 казахстанский тенге заметно укрепился к рублю; по другим валютам движение было слабее. Проверьте актуальные условия перевода.
2020-08-22,2020-08-15,KZT_RUB,0.176563,0.012321258614560682,0.012321258614560682,0.009988211883673518,7,валюта получателя укрепилась,общее движение рубля,0.014940702631649113,-0.0026194440170884317,False,"С 15.08 рубль заметно ослаб сразу к нескольким валютам, в том числе к казахстанскому тенге. Проверьте актуальные условия перевода."
2020-09-03,2020-08-27,KZT_RUB,0.17632,-0.019780073160697853,0.019780073160697853,0.011980759964825305,7,рубль укрепился,общее движение рубля,-0.017216052017610856,-0.0025640211430869968,False,"С 27.08 рубль заметно укрепился сразу к нескольким валютам, в том числе к казахстанскому тенге. Проверьте актуальные условия перевода."
2020-09-08,2020-09-01,KZT_RUB,0.178538,0.01659805378566581,0.01659805378566581,0.012236698980542604,7,валюта получателя укрепилась,общее движение рубля,0.023566510043076933,-0.0069684562574111215,False,"С 01.09 рубль заметно ослаб сразу к нескольким валютам, в том числе к казахстанскому тенге. Проверьте актуальные условия перевода."
2020-09-19,2020-09-12,KZT_RUB,0.178291,0.017137608607597832,0.017137608607597832,0.015800831346059988,7,валюта получателя укрепилась,смешанное движение,0.006141435054108468,0.010996173553489363,False,С 12.09 Казахстанский тенге заметно укрепился к рублю. Проверьте актуальные условия перевода.
2020-09-30,2020-09-23,KZT_RUB,0.184609,0.02648376944719355,0.02648376944719355,0.018129270773818273,7,валюта получателя укрепилась,выделяется валюта получателя,0.04131691632021887,-0.014833146873025317,False,С 23.09 казахстанский тенге заметно укрепился к рублю; по другим валютам движение было слабее. Проверьте актуальные условия перевода.
2020-10-27,2020-10-20,KZT_RUB,0.177844,-0.022185079091044058,0.022185079091044058,0.01733211711137446,7,рубль укрепился,общее движение рубля,-0.01606212992561133,-0.006122949165432729,False,"С 20.10 рубль заметно укрепился сразу к нескольким валютам, в том числе к казахстанскому тенге. Проверьте актуальные условия перевода."
2020-11-07,2020-10-30,KZT_RUB,0.178491,-0.020765213193179477,0.020765213193179477,0.018573638897526345,8,рубль укрепился,общее движение рубля,-0.014258077423049187,-0.00650713577013029,True,"С 30.10 рубль заметно укрепился сразу к нескольким валютам, в том числе к казахстанскому тенге. Проверьте актуальные условия перевода."
2020-12-09,2020-12-02,KZT_RUB,0.174931,-0.024290797942951525,0.024290797942951525,0.01923239878046077,7,рубль укрепился,общее движение рубля,-0.029014685135987445,0.00472388719303592,False,"С 02.12 рубль заметно укрепился сразу к нескольким валютам, в том числе к казахстанскому тенге. Проверьте актуальные условия перевода."
2020-12-22,2020-12-15,KZT_RUB,0.177626,0.019614371243735995,0.019614371243735995,0.017358797074553393,7,валюта получателя укрепилась,общее движение рубля,0.024419449254413268,-0.004805078010677272,False,"С 15.12 рубль заметно ослаб сразу к нескольким валютам, в том числе к казахстанскому тенге. Проверьте актуальные условия перевода."
2020-12-30,2020-12-23,KZT_RUB,0.175148,-0.022005818336134575,0.022005818336134575,0.019844539633624696,7,рубль укрепился,общее движение рубля,-0.020860582612612366,-0.0011452357235222088,False,"С 23.12 рубль заметно укрепился сразу к нескольким валютам, в том числе к казахстанскому тенге. Проверьте актуальные условия перевода."
2021-01-29,2021-01-22,KZT_RUB,0.179602,0.0245524763545506,0.0245524763545506,0.02026579167821421,7,валюта получателя укрепилась,общее движение рубля,0.03680753044155879,-0.012255054087008187,False,"С 22.01 рубль заметно ослаб сразу к нескольким валютам, в том числе к казахстанскому тенге. Проверьте актуальные условия перевода."
2021-03-17,2021-03-10,KZT_RUB,0.174154,-0.015567413570895638,0.015567413570895638,0.014906920299383387,7,рубль укрепился,общее движение рубля,-0.015258051616852897,-0.0003093619540427417,False,"С 10.03 рубль заметно укрепился сразу к нескольким валютам, в том числе к казахстанскому тенге. Проверьте актуальные условия перевода."
2021-03-24,2021-03-17,KZT_RUB,0.178999,0.027820205105825835,0.027820205105825835,0.015381631299544464,7,валюта получателя укрепилась,общее движение рубля,0.03201124214670744,-0.004191037040881605,False,"С 17.03 рубль заметно ослаб сразу к нескольким валютам, в том числе к казахстанскому тенге. Проверьте актуальные условия перевода."
2021-04-01,2021-03-25,KZT_RUB,0.177801,-0.017060374709072512,0.017060374709072512,0.015026263955737008,7,рубль укрепился,общее движение рубля,-0.0109553825802338,-0.006104992128838712,False,"С 25.03 рубль заметно укрепился сразу к нескольким валютам, в том числе к казахстанскому тенге. Проверьте актуальные условия перевода."
2021-04-15,2021-04-08,KZT_RUB,0.175738,-0.02236339968179435,0.02236339968179435,0.014225964516659141,7,рубль укрепился,общее движение рубля,-0.02379843562947222,0.0014350359476778714,True,"С 08.04 рубль заметно укрепился сразу к нескольким валютам, в том числе к казахстанскому тенге. Проверьте актуальные условия перевода."
2021-04-27,2021-04-20,KZT_RUB,0.173816,-0.017033501481665936,0.017033501481665936,0.0135609668001222,7,рубль укрепился,общее движение рубля,-0.015536603951119258,-0.0014968975305466783,False,"С 20.04 рубль заметно укрепился сразу к нескольким валютам, в том числе к казахстанскому тенге. Проверьте актуальные условия перевода."
2021-06-10,2021-06-03,KZT_RUB,0.168814,-0.016017533020132646,0.016017533020132646,0.013210481647545548,7,рубль укрепился,общее движение рубля,-0.020045320001161954,0.004027786981029308,False,"С 03.06 рубль заметно укрепился сразу к нескольким валютам, в том числе к казахстанскому тенге. Проверьте актуальные условия перевода."
2021-06-22,2021-06-12,KZT_RUB,0.171027,0.019328422257187894,0.019328422257187894,0.013210481647545548,10,валюта получателя укрепилась,выделяется валюта получателя,0.008296068362107648,0.011032353895080246,False,С 12.06 казахстанский тенге заметно укрепился к рублю; по другим валютам движение было слабее. Проверьте актуальные условия перевода.
2021-06-30,2021-06-23,KZT_RUB,0.168899,-0.014079656297610765,0.014079656297610765,0.012696298066322154,7,рубль укрепился,смешанное движение,-0.009741972773266864,-0.004337683524343902,False,С 23.06 рубль заметно укрепился к казахстанскому тенге. Проверьте актуальные условия перевода.
2021-09-03,2021-08-27,KZT_RUB,0.170905,-0.014400064589797146,0.014400064589797146,0.012450889030468561,7,рубль укрепился,общее движение рубля,-0.012054535348923054,-0.002345529240874092,False,"С 27.08 рубль заметно укрепился сразу к нескольким валютам, в том числе к казахстанскому тенге. Проверьте актуальные условия перевода."
2021-10-09,2021-10-02,KZT_RUB,0.169245,-0.010245793785855883,0.010245793785855883,0.0072957559243789225,7,рубль укрепился,общее движение рубля,-0.0139147567336075,0.0036689629477516163,False,"С 02.10 рубль заметно укрепился сразу к нескольким валютам, в том числе к казахстанскому тенге. Проверьте актуальные условия перевода."
2021-10-16,2021-10-09,KZT_RUB,0.167223,-0.01194717716919258,0.01194717716919258,0.00878137543863673,7,рубль укрепился,смешанное движение,-0.007528304033959839,-0.004418873135232741,False,С 09.10 рубль заметно укрепился к казахстанскому тенге. Проверьте актуальные условия перевода.
2021-10-20,2021-10-13,KZT_RUB,0.166708,-0.013042371426372545,0.013042371426372545,0.009070313169634539,7,рубль укрепился,смешанное движение,-0.007233821894767327,-0.005808549531605219,False,С 13.10 рубль заметно укрепился к казахстанскому тенге. Проверьте актуальные условия перевода.
2021-10-26,2021-10-19,KZT_RUB,0.164945,-0.013758176578214099,0.013758176578214099,0.010287384416137902,7,рубль укрепился,смешанное движение,-0.009898860608989072,-0.003859315969225027,False,С 19.10 рубль заметно укрепился к казахстанскому тенге. Проверьте актуальные условия перевода.
2021-11-03,2021-10-27,KZT_RUB,0.167123,0.023003703363633443,0.023003703363633443,0.010946020499160426,7,валюта получателя укрепилась,общее движение рубля,0.026837456708733425,-0.003833753345099982,False,"С 27.10 рубль заметно ослаб сразу к нескольким валютам, в том числе к казахстанскому тенге. Проверьте актуальные условия перевода."
2021-11-17,2021-11-10,KZT_RUB,0.168283,0.013783547697219678,0.013783547697219678,0.011277859016570592,7,валюта получателя укрепилась,общее движение рубля,0.012314110266120356,0.0014694374310993217,False,"С 10.11 рубль заметно ослаб сразу к нескольким валютам, в том числе к казахстанскому тенге. Проверьте актуальные условия перевода."
2021-11-24,2021-11-17,KZT_RUB,0.172465,0.024850995050005098,0.024850995050005098,0.011781110994137346,7,валюта получателя укрепилась,общее движение рубля,0.027207728496974354,-0.0023567334469692565,False,"С 17.11 рубль заметно ослаб сразу к нескольким валютам, в том числе к казахстанскому тенге. Проверьте актуальные условия перевода."
2021-12-02,2021-11-25,KZT_RUB,0.169569,-0.013445427042122482,0.013445427042122482,0.013185532456740858,7,рубль укрепился,выделяется валюта получателя,-0.0018587242750069584,-0.011586702767115523,False,С 25.11 рубль заметно укрепился к казахстанскому тенге; по другим валютам движение было слабее. Проверьте актуальные условия перевода.
2022-01-11,2021-12-25,KZT_RUB,0.172328,0.01965007366558802,0.01965007366558802,0.01634908425765398,17,валюта получателя укрепилась,общее движение рубля,0.026400346335682407,-0.006750272670094388,False,"С 25.12 рубль заметно ослаб сразу к нескольким валютам, в том числе к казахстанскому тенге. Проверьте актуальные условия перевода."
2022-01-19,2022-01-12,KZT_RUB,0.1752,0.019446287050937316,0.019446287050937316,0.01878002673215762,7,валюта получателя укрепилась,общее движение рубля,0.02285409892115564,-0.0034078118702183247,False,"С 12.01 рубль заметно ослаб сразу к нескольким валютам, в том числе к казахстанскому тенге. Проверьте актуальные условия перевода."
2022-01-26,2022-01-19,KZT_RUB,0.180165,0.02833904109589036,0.02833904109589036,0.019788725565128607,7,валюта получателя укрепилась,общее движение рубля,0.028874808944665247,-0.0005357678487748867,False,"С 19.01 рубль заметно ослаб сразу к нескольким валютам, в том числе к казахстанскому тенге. Проверьте актуальные условия перевода."
2022-02-03,2022-01-27,KZT_RUB,0.176253,-0.027124145125767996,0.027124145125767996,0.022408558581605176,7,рубль укрепился,общее движение рубля,-0.03345141635683776,0.006327271231069763,False,"С 27.01 рубль заметно укрепился сразу к нескольким валютам, в том числе к казахстанскому тенге. Проверьте актуальные условия перевода."
2022-02-23,2022-02-16,KZT_RUB,0.184681,0.043719799937833814,0.043719799937833814,0.023080113733347625,7,валюта получателя укрепилась,общее движение рубля,0.055729465715696,-0.012009665777862187,False,"С 16.02 рубль заметно ослаб сразу к нескольким валютам, в том числе к казахстанскому тенге. Проверьте актуальные условия перевода."
2022-03-01,2022-02-19,KZT_RUB,0.188393,0.06478231627018438,0.06478231627018438,0.02579601855707057,10,валюта получателя укрепилась,выделяется валюта получателя,0.2285284780241743,-0.16374616175398993,False,С 19.02 казахстанский тенге заметно укрепился к рублю; по другим валютам движение было слабее. Проверьте актуальные условия перевода.
2022-03-15,2022-03-05,KZT_RUB,0.224903,0.06830100131101435,0.06830100131101435,0.029547120933830495,10,валюта получателя укрепилась,общее движение рубля,0.08957726915320581,-0.021276267842191457,False,"С 05.03 рубль заметно ослаб сразу к нескольким валютам, в том числе к казахстанскому тенге. Проверьте актуальные условия перевода."
2022-03-30,2022-03-23,KZT_RUB,0.184763,-0.09930142882910109,0.09930142882910109,0.0580750956464285,7,рубль укрепился,выделяется валюта получателя,-0.1686216414815076,0.06932021265240651,True,С 23.03 рубль заметно укрепился к казахстанскому тенге; по другим валютам движение было слабее. Проверьте актуальные условия перевода.
2022-04-15,2022-04-08,KZT_RUB,0.180572,0.09454159721169875,0.09454159721169875,0.08891984145066073,7,валюта получателя укрепилась,общее движение рубля,0.062087175832349205,0.03245442137934954,False,"С 08.04 рубль заметно ослаб сразу к нескольким валютам, в том числе к казахстанскому тенге. Проверьте актуальные условия перевода."
2022-05-28,2022-05-21,KZT_RUB,0.157349,0.1527652622401956,0.1527652622401956,0.09460727205570385,7,валюта получателя укрепилась,общее движение рубля,0.13363694852939587,0.019128313710799733,False,"С 21.05 рубль заметно ослаб сразу к нескольким валютам, в том числе к казахстанскому тенге. Проверьте актуальные условия перевода."
2022-06-02,2022-05-26,KZT_RUB,0.148246,0.09779324644549758,0.09779324644549758,0.09499927289693759,7,валюта получателя укрепилась,общее движение рубля,0.0939713737846865,0.0038218726608110903,False,"С 26.05 рубль заметно ослаб сразу к нескольким валютам, в том числе к казахстанскому тенге. Проверьте актуальные условия перевода."
2022-06-23,2022-06-16,KZT_RUB,0.118944,-0.08492649038720446,0.08492649038720446,0.07936051345333446,7,рубль укрепился,общее движение рубля,-0.05870762669944585,-0.02621886368775861,False,"С 16.06 рубль заметно укрепился сразу к нескольким валютам, в том числе к казахстанскому тенге. Проверьте актуальные условия перевода."
2022-07-06,2022-06-29,KZT_RUB,0.12606,0.09698472784231815,0.09698472784231815,0.0771747092582352,7,валюта получателя укрепилась,общее движение рубля,0.10089548006123865,-0.003910752218920496,False,"С 29.06 рубль заметно ослаб сразу к нескольким валютам, в том числе к казахстанскому тенге. Проверьте актуальные условия перевода."
2022-07-20,2022-07-13,KZT_RUB,0.114497,-0.09566460520184183,0.09566460520184183,0.09008817301382241,7,рубль укрепился,общее движение рубля,-0.05285094052431242,-0.042813664677529416,True,"С 13.07 рубль заметно укрепился сразу к нескольким валютам, в том числе к казахстанскому тенге. Проверьте актуальные условия перевода."
2022-07-28,2022-07-21,KZT_RUB,0.125502,0.09913034339612725,0.09913034339612725,0.09082355896859338,7,валюта получателя укрепилась,общее движение рубля,0.0995469853982874,-0.0004166420021601419,False,"С 21.07 рубль заметно ослаб сразу к нескольким валютам, в том числе к казахстанскому тенге. Проверьте актуальные условия перевода."
2022-10-07,2022-09-30,KZT_RUB,0.128182,0.07029717024456628,0.07029717024456628,0.0416942127405714,7,валюта получателя укрепилась,общее движение рубля,0.05882408887817866,0.011473081366387618,False,"С 30.09 рубль заметно ослаб сразу к нескольким валютам, в том числе к казахстанскому тенге. Проверьте актуальные условия перевода."
2022-11-04,2022-10-28,KZT_RUB,0.134826,0.03564926834888826,0.03564926834888826,0.03154852383633419,7,валюта получателя укрепилась,выделяется валюта получателя,-0.00158834909974781,0.03723761744863607,False,С 28.10 казахстанский тенге заметно укрепился к рублю; по другим валютам движение было слабее. Проверьте актуальные условия перевода.
2022-11-12,2022-11-04,KZT_RUB,0.128281,-0.0485440493673327,0.0485440493673327,0.035815290855172814,8,рубль укрепился,выделяется валюта получателя,-0.004306803373904211,-0.04423724599342849,True,С 04.11 рубль заметно укрепился к казахстанскому тенге; по другим валютам движение было слабее. Проверьте актуальные условия перевода.
2022-12-16,2022-12-09,KZT_RUB,0.137244,0.038649280670818964,0.038649280670818964,0.035815290855172814,7,валюта получателя укрепилась,общее движение рубля,0.03194998591507218,0.006699294755746786,False,"С 09.12 рубль заметно ослаб сразу к нескольким валютам, в том числе к казахстанскому тенге. Проверьте актуальные условия перевода."
2023-01-13,2022-12-30,KZT_RUB,0.146641,-0.06033090685394993,0.06033090685394993,0.035815290855172814,14,рубль укрепился,общее движение рубля,-0.038092870674584035,-0.022238036179365893,False,"С 30.12 рубль заметно укрепился сразу к нескольким валютам, в том числе к казахстанскому тенге. Проверьте актуальные условия перевода."
2023-02-10,2023-02-03,KZT_RUB,0.15998,0.052666210454282325,0.052666210454282325,0.03541423461753635,7,валюта получателя укрепилась,общее движение рубля,0.03066870793138543,0.021997502522896895,False,"С 03.02 рубль заметно ослаб сразу к нескольким валютам, в том числе к казахстанскому тенге. Проверьте актуальные условия перевода."
2023-03-15,2023-03-07,KZT_RUB,0.164658,-0.05951632986440336,0.05951632986440336,0.04624755534660778,8,рубль укрепился,выделяется валюта получателя,0.0016035989234034487,-0.06111992878780681,False,С 07.03 рубль заметно укрепился к казахстанскому тенге; по другим валютам движение было слабее. Проверьте актуальные условия перевода.
2023-04-05,2023-03-29,KZT_RUB,0.176023,0.05454142428363462,0.05454142428363462,0.044929369670982267,7,валюта получателя укрепилась,общее движение рубля,0.040452309717906,0.014089114565728623,False,"С 29.03 рубль заметно ослаб сразу к нескольким валютам, в том числе к казахстанскому тенге. Проверьте актуальные условия перевода."
2023-06-30,2023-06-23,KZT_RUB,0.193255,0.03414046822742467,0.03414046822742467,0.03179912532398271,7,валюта получателя укрепилась,общее движение рубля,0.03565950066095088,-0.0015190324335262115,False,"С 23.06 рубль заметно ослаб сразу к нескольким валютам, в том числе к казахстанскому тенге. Проверьте актуальные условия перевода."
2023-08-04,2023-07-28,KZT_RUB,0.211376,0.04320874933990071,0.04320874933990071,0.0311137476434435,7,валюта получателя укрепилась,общее движение рубля,0.0335150431212489,0.009693706218651808,False,"С 28.07 рубль заметно ослаб сразу к нескольким валютам, в том числе к казахстанскому тенге. Проверьте актуальные условия перевода."
2023-08-15,2023-08-08,KZT_RUB,0.226643,0.04509759617823228,0.04509759617823228,0.03629776145316499,7,валюта получателя укрепилась,общее движение рубля,0.041530152390935195,0.003567443787297085,False,"С 08.08 рубль заметно ослаб сразу к нескольким валютам, в том числе к казахстанскому тенге. Проверьте актуальные условия перевода."
2023-10-06,2023-09-29,KZT_RUB,0.209145,0.04089524605828965,0.04089524605828965,0.032703403748179274,7,валюта получателя укрепилась,общее движение рубля,0.026584460615314276,0.014310785442975371,False,"С 29.09 рубль заметно ослаб сразу к нескольким валютам, в том числе к казахстанскому тенге. Проверьте актуальные условия перевода."
2023-10-17,2023-10-10,KZT_RUB,0.203963,-0.037270071132215254,0.037270071132215254,0.03586581986437969,7,рубль укрепился,общее движение рубля,-0.04192331559774661,0.004653244465531357,False,"С 10.10 рубль заметно укрепился сразу к нескольким валютам, в том числе к казахстанскому тенге. Проверьте актуальные условия перевода."
2023-10-25,2023-10-18,KZT_RUB,0.195339,-0.043548300225722536,0.043548300225722536,0.03634297640037041,7,рубль укрепился,общее движение рубля,-0.03650505964965863,-0.007043240576063904,False,"С 18.10 рубль заметно укрепился сразу к нескольким валютам, в том числе к казахстанскому тенге. Проверьте актуальные условия перевода."
2023-11-21,2023-11-14,KZT_RUB,0.191222,-0.028718584286555937,0.028718584286555937,0.027426856775204202,7,рубль укрепился,общее движение рубля,-0.02708567182734419,-0.0016329124592117487,False,"С 14.11 рубль заметно укрепился сразу к нескольким валютам, в том числе к казахстанскому тенге. Проверьте актуальные условия перевода."
2023-12-05,2023-11-28,KZT_RUB,0.197051,0.028723720823392584,0.028723720823392584,0.028033224976989103,7,валюта получателя укрепилась,общее движение рубля,0.020482110478270792,0.008241610345121792,False,"С 28.11 рубль заметно ослаб сразу к нескольким валютам, в том числе к казахстанскому тенге. Проверьте актуальные условия перевода."
2024-01-27,2024-01-20,KZT_RUB,0.200695,0.023531091742698296,0.023531091742698296,0.02220337926962597,7,валюта получателя укрепилась,выделяется валюта получателя,0.010478159597287817,0.013052932145410479,False,С 20.01 казахстанский тенге заметно укрепился к рублю; по другим валютам движение было слабее. Проверьте актуальные условия перевода.
2024-02-17,2024-02-10,KZT_RUB,0.206555,0.023431074291716536,0.023431074291716536,0.021541262673467364,7,валюта получателя укрепилась,общее движение рубля,0.01624901414061523,0.007182060151101306,False,"С 10.02 рубль заметно ослаб сразу к нескольким валютам, в том числе к казахстанскому тенге. Проверьте актуальные условия перевода."
2024-05-18,2024-05-09,KZT_RUB,0.206049,-0.013935614779791439,0.013935614779791439,0.012080894500761065,9,рубль укрепился,смешанное движение,-0.004898422811133026,-0.009037191968658414,False,С 09.05 рубль заметно укрепился к казахстанскому тенге. Проверьте актуальные условия перевода.
2024-05-25,2024-05-18,KZT_RUB,0.202475,-0.01734538871821767,0.01734538871821767,0.01335851642810333,7,рубль укрепился,общее движение рубля,-0.01688540757255208,-0.0004599811456655889,False,"С 18.05 рубль заметно укрепился сразу к нескольким валютам, в том числе к казахстанскому тенге. Проверьте актуальные условия перевода."
2024-06-06,2024-05-30,KZT_RUB,0.198084,-0.02002166911557357,0.02002166911557357,0.012360970784525053,7,рубль укрепился,выделяется валюта получателя,-0.00484061818131835,-0.01518105093425522,False,С 30.05 рубль заметно укрепился к казахстанскому тенге; по другим валютам движение было слабее. Проверьте актуальные условия перевода.
2024-06-14,2024-06-06,KZT_RUB,0.19525,-0.014307061650612907,0.014307061650612907,0.01375874095809766,8,рубль укрепился,общее движение рубля,-0.01258926024229338,-0.0017178014083195272,False,"С 06.06 рубль заметно укрепился сразу к нескольким валютам, в том числе к казахстанскому тенге. Проверьте актуальные условия перевода."
2024-06-19,2024-06-11,KZT_RUB,0.192165,-0.03399722512667891,0.03399722512667891,0.01375874095809766,8,рубль укрепился,общее движение рубля,-0.027073050842527424,-0.006924174284151485,True,"С 11.06 рубль заметно укрепился сразу к нескольким валютам, в том числе к казахстанскому тенге. Проверьте актуальные условия перевода."
2024-06-29,2024-06-22,KZT_RUB,0.184198,-0.03754251945052589,0.03754251945052589,0.019730525667655898,7,рубль укрепился,общее движение рубля,-0.02789878745809297,-0.00964373199243292,False,"С 22.06 рубль заметно укрепился сразу к нескольким валютам, в том числе к казахстанскому тенге. Проверьте актуальные условия перевода."
2024-07-26,2024-07-19,KZT_RUB,0.180156,-0.026536335489309226,0.026536335489309226,0.019890390824061945,7,рубль укрепился,общее движение рубля,-0.02733291074814907,0.0007965752588398427,False,"С 19.07 рубль заметно укрепился сразу к нескольким валютам, в том числе к казахстанскому тенге. Проверьте актуальные условия перевода."
2024-08-07,2024-07-31,KZT_RUB,0.178486,-0.021479792109822204,0.021479792109822204,0.020612190335761362,7,рубль укрепился,выделяется валюта получателя,-0.006804125955418201,-0.014675666154404004,False,С 31.07 рубль заметно укрепился к казахстанскому тенге; по другим валютам движение было слабее. Проверьте актуальные условия перевода.
2024-08-22,2024-08-15,KZT_RUB,0.192291,0.024295530815532818,0.024295530815532818,0.023926281872578038,7,валюта получателя укрепилась,общее движение рубля,0.01564694328962483,0.008648587525907987,False,"С 15.08 рубль заметно ослаб сразу к нескольким валютам, в том числе к казахстанскому тенге. Проверьте актуальные условия перевода."
2024-09-04,2024-08-28,KZT_RUB,0.18364,-0.029109788205936238,0.029109788205936238,0.02707161986500411,7,рубль укрепился,общее движение рубля,-0.014857391084640756,-0.014252397121295482,True,"С 28.08 рубль заметно укрепился сразу к нескольким валютам, в том числе к казахстанскому тенге. Проверьте актуальные условия перевода."
2024-09-11,2024-09-04,KZT_RUB,0.190258,0.036037900239599185,0.036037900239599185,0.02938685913086401,7,валюта получателя укрепилась,общее движение рубля,0.03465666457655018,0.001381235663049006,False,"С 04.09 рубль заметно ослаб сразу к нескольким валютам, в том числе к казахстанскому тенге. Проверьте актуальные условия перевода."
2024-10-08,2024-10-01,KZT_RUB,0.199371,0.024911965043053597,0.024911965043053597,0.02437752395293007,7,валюта получателя укрепилась,общее движение рубля,0.021624978500771903,0.003286986542281694,False,"С 01.10 рубль заметно ослаб сразу к нескольким валютам, в том числе к казахстанскому тенге. Проверьте актуальные условия перевода."
2024-11-16,2024-11-09,KZT_RUB,0.202485,0.018741195411551725,0.018741195411551725,0.0183082311120566,7,валюта получателя укрепилась,общее движение рубля,0.013213194471273596,0.00552800094027813,False,"С 09.11 рубль заметно ослаб сразу к нескольким валютам, в том числе к казахстанскому тенге. Проверьте актуальные условия перевода."
2024-11-23,2024-11-16,KZT_RUB,0.207279,0.02367582783909916,0.02367582783909916,0.018014918583584554,7,валюта получателя укрепилась,общее движение рубля,0.01748078073664794,0.006195047102451223,False,"С 16.11 рубль заметно ослаб сразу к нескольким валютам, в том числе к казахстанскому тенге. Проверьте актуальные условия перевода."
2024-12-04,2024-11-27,KZT_RUB,0.202424,-0.039501966794623034,0.039501966794623034,0.02057970447782483,7,рубль укрепился,выделяется валюта получателя,0.010708791696635522,-0.050210758491258556,False,С 27.11 рубль заметно укрепился к казахстанскому тенге; по другим валютам движение было слабее. Проверьте актуальные условия перевода.
2024-12-14,2024-12-07,KZT_RUB,0.197798,0.04378341011393072,0.04378341011393072,0.022890462838649442,7,валюта получателя укрепилась,общее движение рубля,0.032049318439024775,0.011734091674905946,False,"С 07.12 рубль заметно ослаб сразу к нескольким валютам, в том числе к казахстанскому тенге. Проверьте актуальные условия перевода."
2024-12-19,2024-12-12,KZT_RUB,0.195891,-0.03629672994898381,0.03629672994898381,0.02392305527989005,7,рубль укрепился,выделяется валюта получателя,0.003595400449345587,-0.039892130398329395,False,С 12.12 рубль заметно укрепился к казахстанскому тенге; по другим валютам движение было слабее. Проверьте актуальные условия перевода.
2024-12-25,2024-12-18,KZT_RUB,0.190699,-0.03261823475997949,0.03261823475997949,0.026166974713967048,7,рубль укрепился,общее движение рубля,-0.029905191098028434,-0.0027130436619510583,False,"С 18.12 рубль заметно укрепился сразу к нескольким валютам, в том числе к казахстанскому тенге. Проверьте актуальные условия перевода."
2025-01-22,2025-01-15,KZT_RUB,0.188547,-0.03661483907558516,0.03661483907558516,0.03147325767009251,7,рубль укрепился,общее движение рубля,-0.025665083078708257,-0.010949755996876902,False,"С 15.01 рубль заметно укрепился сразу к нескольким валютам, в том числе к казахстанскому тенге. Проверьте актуальные условия перевода."
2025-02-15,2025-02-08,KZT_RUB,0.181389,-0.039110673193058276,0.039110673193058276,0.03407580903528157,7,рубль укрепился,выделяется валюта получателя,-0.06663962429248327,0.027528951099424992,False,С 08.02 рубль заметно укрепился к казахстанскому тенге; по другим валютам движение было слабее. Проверьте актуальные условия перевода.
2025-02-25,2025-02-18,KZT_RUB,0.175546,-0.04910840032067254,0.04910840032067254,0.03636035177430408,7,рубль укрепился,общее движение рубля,-0.034686006217610234,-0.014422394103062307,False,"С 18.02 рубль заметно укрепился сразу к нескольким валютам, в том числе к казахстанскому тенге. Проверьте актуальные условия перевода."
2025-03-05,2025-02-26,KZT_RUB,0.178808,0.03796410244502746,0.03796410244502746,0.03636035177430408,7,валюта получателя укрепилась,общее движение рубля,0.031943077919349395,0.006021024525678063,False,"С 26.02 рубль заметно ослаб сразу к нескольким валютам, в том числе к казахстанскому тенге. Проверьте актуальные условия перевода."
2025-03-15,2025-03-08,KZT_RUB,0.17277,-0.03871405679693751,0.03871405679693751,0.03223033300331015,7,рубль укрепился,общее движение рубля,-0.03602397928729506,-0.0026900775096424523,True,"С 08.03 рубль заметно укрепился сразу к нескольким валютам, в том числе к казахстанскому тенге. Проверьте актуальные условия перевода."
2025-04-15,2025-04-08,KZT_RUB,0.160732,-0.059469264753210904,0.059469264753210904,0.036884691749473626,7,рубль укрепился,выделяется валюта получателя,-0.029626760399340573,-0.02984250435387033,False,С 08.04 рубль заметно укрепился к казахстанскому тенге; по другим валютам движение было слабее. Проверьте актуальные условия перевода.
2025-06-21,2025-06-12,KZT_RUB,0.151095,-0.02763387369762338,0.02763387369762338,0.025329762483922314,9,рубль укрепился,выделяется валюта получателя,-0.0025402658445034345,-0.025093607853119943,False,С 12.06 рубль заметно укрепился к казахстанскому тенге; по другим валютам движение было слабее. Проверьте актуальные условия перевода.
2025-06-25,2025-06-18,KZT_RUB,0.149752,-0.025083818886103892,0.025083818886103892,0.02348179057172511,7,рубль укрепился,выделяется валюта получателя,0.0035985316695094824,-0.028682350555613374,False,С 18.06 рубль заметно укрепился к казахстанскому тенге; по другим валютам движение было слабее. Проверьте актуальные условия перевода.
2025-07-19,2025-07-12,KZT_RUB,0.147,-0.02168921661930412,0.02168921661930412,0.019422584975926527,7,рубль укрепился,выделяется валюта получателя,0.003300966216749468,-0.024990182836053587,False,С 12.07 рубль заметно укрепился к казахстанскому тенге; по другим валютам движение было слабее. Проверьте актуальные условия перевода.
2025-07-30,2025-07-23,KZT_RUB,0.151851,0.02955414530957623,0.02955414530957623,0.01681201749656312,7,валюта получателя укрепилась,выделяется валюта получателя,0.04599401125696145,-0.016439865947385224,False,С 23.07 казахстанский тенге заметно укрепился к рублю; по другим валютам движение было слабее. Проверьте актуальные условия перевода.
2025-08-06,2025-07-30,KZT_RUB,0.147741,-0.02706600549222593,0.02706600549222593,0.016473481232662818,7,рубль укрепился,общее движение рубля,-0.0269649491226418,-0.00010105636958412934,False,"С 30.07 рубль заметно укрепился сразу к нескольким валютам, в том числе к казахстанскому тенге. Проверьте актуальные условия перевода."
2025-09-09,2025-09-02,KZT_RUB,0.153073,0.024989788470681118,0.024989788470681118,0.014198357680083463,7,валюта получателя укрепилась,общее движение рубля,0.021946364259486744,0.003043424211194374,False,"С 02.09 рубль заметно ослаб сразу к нескольким валютам, в том числе к казахстанскому тенге. Проверьте актуальные условия перевода."
2025-09-17,2025-09-10,KZT_RUB,0.153065,-0.01601352567564085,0.01601352567564085,0.01494458623069979,7,рубль укрепился,смешанное движение,-0.004629661421369853,-0.011383864254270997,False,С 10.09 рубль заметно укрепился к казахстанскому тенге. Проверьте актуальные условия перевода.
2025-09-30,2025-09-23,KZT_RUB,0.152257,-0.019265948675667333,0.019265948675667333,0.017175595108557765,7,рубль укрепился,общее движение рубля,-0.014440337931357053,-0.004825610744310279,False,"С 23.09 рубль заметно укрепился сразу к нескольким валютам, в том числе к казахстанскому тенге. Проверьте актуальные условия перевода."
2025-10-16,2025-10-09,KZT_RUB,0.146369,-0.02783607863974491,0.02783607863974491,0.02403382285901841,7,рубль укрепился,общее движение рубля,-0.03191702300717292,0.004080944367428008,False,"С 09.10 рубль заметно укрепился сразу к нескольким валютам, в том числе к казахстанскому тенге. Проверьте актуальные условия перевода."
2025-10-23,2025-10-16,KZT_RUB,0.151617,0.035854586695270196,0.035854586695270196,0.025405031874990085,7,валюта получателя укрепилась,общее движение рубля,0.035991701257950405,-0.00013711456268020866,False,"С 16.10 рубль заметно ослаб сразу к нескольким валютам, в том числе к казахстанскому тенге. Проверьте актуальные условия перевода."
2025-10-28,2025-10-21,KZT_RUB,0.146776,-0.032439665912971316,0.032439665912971316,0.02767664037393096,7,рубль укрепился,общее движение рубля,-0.02655341585566769,-0.005886250057303626,True,"С 21.10 рубль заметно укрепился сразу к нескольким валютам, в том числе к казахстанскому тенге. Проверьте актуальные условия перевода."
2025-12-20,2025-12-13,KZT_RUB,0.157184,0.02520219149491254,0.02520219149491254,0.02485541273972488,7,валюта получателя укрепилась,общее движение рубля,0.012667777661556986,0.012534413833355554,False,"С 13.12 рубль заметно ослаб сразу к нескольким валютам, в том числе к казахстанскому тенге. Проверьте актуальные условия перевода."
2025-12-27,2025-12-20,KZT_RUB,0.151503,-0.036142355456025954,0.036142355456025954,0.02436060230410613,7,рубль укрепился,общее движение рубля,-0.035857985447986275,-0.0002843700080396791,True,"С 20.12 рубль заметно укрепился сразу к нескольким валютам, в том числе к казахстанскому тенге. Проверьте актуальные условия перевода."
2026-01-23,2026-01-16,KZT_RUB,0.150066,-0.02457636482999348,0.02457636482999348,0.020848487168374934,7,рубль укрепился,общее движение рубля,-0.03268069652005445,0.008104331690060973,True,"С 16.01 рубль заметно укрепился сразу к нескольким валютам, в том числе к казахстанскому тенге. Проверьте актуальные условия перевода."
2026-02-07,2026-01-31,KZT_RUB,0.155633,0.034030735295094594,0.034030735295094594,0.018234749923674933,7,валюта получателя укрепилась,смешанное движение,0.01521655854308516,0.018814176752009436,False,С 31.01 Казахстанский тенге заметно укрепился к рублю. Проверьте актуальные условия перевода.
2026-03-07,2026-02-28,KZT_RUB,0.160431,0.04170562568178271,0.04170562568178271,0.017416221322915783,7,валюта получателя укрепилась,выделяется валюта получателя,0.01592967904696437,0.02577594663481834,False,С 28.02 казахстанский тенге заметно укрепился к рублю; по другим валютам движение было слабее. Проверьте актуальные условия перевода.
2026-03-26,2026-03-19,KZT_RUB,0.167353,-0.035612822921288645,0.035612822921288645,0.02845762125043101,7,рубль укрепился,общее движение рубля,-0.024244487569863304,-0.01136833535142534,False,"С 19.03 рубль заметно укрепился сразу к нескольким валютам, в том числе к казахстанскому тенге. Проверьте актуальные условия перевода."
2026-04-10,2026-04-03,KZT_RUB,0.16376,-0.03152167484771429,0.03152167484771429,0.03102166620363656,7,рубль укрепился,общее движение рубля,-0.024447306032571503,-0.007074368815142784,True,"С 03.04 рубль заметно укрепился сразу к нескольким валютам, в том числе к казахстанскому тенге. Проверьте актуальные условия перевода."
2026-05-16,2026-05-08,KZT_RUB,0.154264,-0.04199321848645554,0.04199321848645554,0.0346005092442407,8,рубль укрепился,общее движение рубля,-0.02420124460066686,-0.01779197388578868,False,"С 08.05 рубль заметно укрепился сразу к нескольким валютам, в том числе к казахстанскому тенге. Проверьте актуальные условия перевода."
2026-06-24,2026-06-17,KZT_RUB,0.153221,0.04365446966188058,0.04365446966188058,0.03186834473751899,7,валюта получателя укрепилась,общее движение рубля,0.028832917779415396,0.014821551882465183,False,"С 17.06 рубль заметно ослаб сразу к нескольким валютам, в том числе к казахстанскому тенге. Проверьте актуальные условия перевода."
2026-08-07,2026-07-31,KZT_RUB,0.173263,0.03529601567915108,0.03529601567915108,0.035122636772174115,7,валюта получателя укрепилась,общее движение рубля,0.025028687823899814,0.010267327855251269,False,"С 31.07 рубль заметно ослаб сразу к нескольким валютам, в том числе к казахстанскому тенге. Проверьте актуальные условия перевода."
2026-08-13,2026-08-06,KZT_RUB,0.178206,0.039295961928756284,0.039295961928756284,0.03568954853542663,7,валюта получателя укрепилась,общее движение рубля,0.026403432390164,0.012892529538592285,False,"С 06.08 рубль заметно ослаб сразу к нескольким валютам, в том числе к казахстанскому тенге. Проверьте актуальные условия перевода."
2026-08-18,2026-08-11,KZT_RUB,0.183211,0.042250716788786224,0.042250716788786224,0.035357319744689655,7,валюта получателя укрепилась,общее движение рубля,0.030525158724035977,0.011725558064750247,False,"С 11.08 рубль заметно ослаб сразу к нескольким валютам, в том числе к казахстанскому тенге. Проверьте актуальные условия перевода."
2026-08-28,2026-08-21,KZT_RUB,0.187317,0.038711072664360024,0.038711072664360024,0.03840810768602179,7,валюта получателя укрепилась,общее движение рубля,0.03244711618594417,0.006263956478415857,False,"С 21.08 рубль заметно ослаб сразу к нескольким валютам, в том числе к казахстанскому тенге. Проверьте актуальные условия перевода."
2019-02-22,2019-02-15,TJS_RUB,6.94649,-0.015591276707607626,0.015591276707607626,0.009090024660234453,7,рубль укрепился,общее движение рубля,-0.010475369869659431,-0.005115906837948195,True,"С 15.02 рубль заметно укрепился сразу к нескольким валютам, в том числе к таджикскому сомони. Проверьте актуальные условия перевода."
2019-03-19,2019-03-12,TJS_RUB,6.854200000000001,-0.021292758291781455,0.021292758291781455,0.009304065314322197,7,рубль укрепился,общее движение рубля,-0.017680761117962723,-0.0036119971738187324,False,"С 12.03 рубль заметно укрепился сразу к нескольким валютам, в том числе к таджикскому сомони. Проверьте актуальные условия перевода."
2019-03-29,2019-03-22,TJS_RUB,6.86635,0.01686493979240189,0.01686493979240189,0.010380492950531454,7,валюта получателя укрепилась,смешанное движение,0.009472610319624541,0.007392329472777348,False,С 22.03 Таджикский сомони заметно укрепился к рублю. Проверьте актуальные условия перевода.
2019-04-12,2019-04-05,TJS_RUB,6.82917,-0.014221190613321277,0.014221190613321277,0.012046600091417451,7,рубль укрепился,общее движение рубля,-0.012880133409890138,-0.0013410572034311397,False,"С 05.04 рубль заметно укрепился сразу к нескольким валютам, в том числе к таджикскому сомони. Проверьте актуальные условия перевода."
2019-04-16,2019-04-09,TJS_RUB,6.81303,-0.01687736923141292,0.01687736923141292,0.013312185730996021,7,рубль укрепился,общее движение рубля,-0.013560398671959795,-0.003316970559453125,True,"С 09.04 рубль заметно укрепился сразу к нескольким валютам, в том числе к таджикскому сомони. Проверьте актуальные условия перевода."
2019-05-07,2019-04-25,TJS_RUB,6.92475,0.020640528482426035,0.020640528482426035,0.014372532779071913,12,валюта получателя укрепилась,общее движение рубля,0.018159774791358812,0.002480753691067223,False,"С 25.04 рубль заметно ослаб сразу к нескольким валютам, в том числе к таджикскому сомони. Проверьте актуальные условия перевода."
2019-06-04,2019-05-28,TJS_RUB,6.95172,0.017465337897865973,0.017465337897865973,0.01421012518165743,7,валюта получателя укрепилась,общее движение рубля,0.015424642226122979,0.002040695671742995,False,"С 28.05 рубль заметно ослаб сразу к нескольким валютам, в том числе к таджикскому сомони. Проверьте актуальные условия перевода."
2019-06-21,2019-06-14,TJS_RUB,6.7143,-0.02035510176091848,0.02035510176091848,0.01355558852130039,7,рубль укрепился,общее движение рубля,-0.016120011831080323,-0.004235089929838159,False,"С 14.06 рубль заметно укрепился сразу к нескольким валютам, в том числе к таджикскому сомони. Проверьте актуальные условия перевода."
2019-07-09,2019-07-02,TJS_RUB,6.77305,0.014193816952319915,0.014193816952319915,0.013340083965220862,7,валюта получателя укрепилась,смешанное движение,0.008347358802753316,0.005846458149566599,False,С 02.07 Таджикский сомони заметно укрепился к рублю. Проверьте актуальные условия перевода.
2019-07-16,2019-07-09,TJS_RUB,6.66257,-0.01631170595226672,0.01631170595226672,0.013340083965220862,7,рубль укрепился,общее движение рубля,-0.014641894077664475,-0.001669811874602245,True,"С 09.07 рубль заметно укрепился сразу к нескольким валютам, в том числе к таджикскому сомони. Проверьте актуальные условия перевода."
2019-08-03,2019-07-27,TJS_RUB,6.847849999999999,0.024208830704203876,0.024208830704203876,0.01220067293549745,7,валюта получателя укрепилась,общее движение рубля,0.019637881612751373,0.004570949091452503,False,"С 27.07 рубль заметно ослаб сразу к нескольким валютам, в том числе к таджикскому сомони. Проверьте актуальные условия перевода."
2019-08-20,2019-08-13,TJS_RUB,7.06344,0.019193641943778372,0.019193641943778372,0.015219679508475695,7,валюта получателя укрепилась,общее движение рубля,0.01689792258189556,0.0022957193618828135,False,"С 13.08 рубль заметно ослаб сразу к нескольким валютам, в том числе к таджикскому сомони. Проверьте актуальные условия перевода."
2019-09-11,2019-09-04,TJS_RUB,6.753279999999999,-0.021939905311835428,0.021939905311835428,0.01929569638145663,7,рубль укрепился,общее движение рубля,-0.015357769795112977,-0.006582135516722451,False,"С 04.09 рубль заметно укрепился сразу к нескольким валютам, в том числе к таджикскому сомони. Проверьте актуальные условия перевода."
2019-10-02,2019-09-25,TJS_RUB,6.71486,0.021363133726068018,0.021363133726068018,0.019382882186561704,7,валюта получателя укрепилась,общее движение рубля,0.016234411481376314,0.005128722244691703,False,"С 25.09 рубль заметно ослаб сразу к нескольким валютам, в том числе к таджикскому сомони. Проверьте актуальные условия перевода."
2019-12-14,2019-12-07,TJS_RUB,6.46156,-0.018371467332270797,0.018371467332270797,0.0097437719033314,7,рубль укрепился,общее движение рубля,-0.014088868537303623,-0.004282598794967174,False,"С 07.12 рубль заметно укрепился сразу к нескольким валютам, в том числе к таджикскому сомони. Проверьте актуальные условия перевода."
2019-12-26,2019-12-19,TJS_RUB,6.365930000000001,-0.015252462282640655,0.015252462282640655,0.00976844999719786,7,рубль укрепился,общее движение рубля,-0.014578500704061007,-0.0006739615785796484,False,"С 19.12 рубль заметно укрепился сразу к нескольким валютам, в том числе к таджикскому сомони. Проверьте актуальные условия перевода."
2020-01-14,2019-12-28,TJS_RUB,6.284470000000001,-0.017740001906854763,0.017740001906854763,0.0097437719033314,17,рубль укрепился,общее движение рубля,-0.012552508826991216,-0.005187493079863548,False,"С 28.12 рубль заметно укрепился сразу к нескольким валютам, в том числе к таджикскому сомони. Проверьте актуальные условия перевода."
2020-01-28,2020-01-21,TJS_RUB,6.42991,0.01407102381601999,0.01407102381601999,0.009541086300979142,7,валюта получателя укрепилась,смешанное движение,0.008557308283967687,0.005513715532052302,False,С 21.01 Таджикский сомони заметно укрепился к рублю. Проверьте актуальные условия перевода.
2020-02-06,2020-01-30,TJS_RUB,6.514279999999999,0.01220057926336593,0.01220057926336593,0.010626918809523878,7,валюта получателя укрепилась,общее движение рубля,0.010474177912470331,0.001726401350895598,False,"С 30.01 рубль заметно ослаб сразу к нескольким валютам, в том числе к таджикскому сомони. Проверьте актуальные условия перевода."
2020-02-14,2020-02-07,TJS_RUB,6.560250000000001,0.01279062586840407,0.01279062586840407,0.012499358130750208,7,валюта получателя укрепилась,смешанное движение,0.008503513427929063,0.004287112440475008,False,С 07.02 Таджикский сомони заметно укрепился к рублю. Проверьте актуальные условия перевода.
2020-02-22,2020-02-15,TJS_RUB,6.63394,0.013759378963615232,0.013759378963615232,0.01297139541478072,7,валюта получателя укрепилась,смешанное движение,0.009234874579566362,0.0045245043840488695,False,С 15.02 Таджикский сомони заметно укрепился к рублю. Проверьте актуальные условия перевода.
2020-03-11,2020-03-03,TJS_RUB,7.43249,0.08471833041447763,0.08471833041447763,0.01567120075348705,8,валюта получателя укрепилась,общее движение рубля,0.09606056793385183,-0.011342237519374201,False,"С 03.03 рубль заметно ослаб сразу к нескольким валютам, в том числе к таджикскому сомони. Проверьте актуальные условия перевода."
2020-03-19,2020-03-12,TJS_RUB,7.93027,0.07416788685997422,0.07416788685997422,0.022138710495706933,7,валюта получателя укрепилась,общее движение рубля,0.06562767977010779,0.008540207089866428,False,"С 12.03 рубль заметно ослаб сразу к нескольким валютам, в том числе к таджикскому сомони. Проверьте актуальные условия перевода."
2020-03-26,2020-03-19,TJS_RUB,7.63049,-0.03780199160936515,0.03780199160936515,0.0283749207789228,7,рубль укрепился,выделяется валюта получателя,-0.0014509992749775307,-0.03635099233438762,False,С 19.03 рубль заметно укрепился к таджикскому сомони; по другим валютам движение было слабее. Проверьте актуальные условия перевода.
2020-04-10,2020-03-27,TJS_RUB,7.289199999999999,-0.05507973072650196,0.05507973072650196,0.048754190549963966,14,рубль укрепился,общее движение рубля,-0.05216552319178528,-0.0029142075347166826,True,"С 27.03 рубль заметно укрепился сразу к нескольким валютам, в том числе к таджикскому сомони. Проверьте актуальные условия перевода."
2020-07-31,2020-07-24,TJS_RUB,7.114019999999999,0.03332364988525094,0.03332364988525094,0.020921935565063596,7,валюта получателя укрепилась,общее движение рубля,0.038602318667730375,-0.005278668782479436,False,"С 24.07 рубль заметно ослаб сразу к нескольким валютам, в том числе к таджикскому сомони. Проверьте актуальные условия перевода."
2020-08-27,2020-08-20,TJS_RUB,7.32311,0.03163608291282438,0.03163608291282438,0.020921935565063596,7,валюта получателя укрепилась,общее движение рубля,0.028791957557997794,0.0028441253548265877,False,"С 20.08 рубль заметно ослаб сразу к нескольким валютам, в том числе к таджикскому сомони. Проверьте актуальные условия перевода."
2020-09-03,2020-08-27,TJS_RUB,7.158589999999999,-0.022465864912585065,0.022465864912585065,0.019842122256865748,7,рубль укрепился,общее движение рубля,-0.017216052017610856,-0.005249812894974209,False,"С 27.08 рубль заметно укрепился сразу к нескольким валютам, в том числе к таджикскому сомони. Проверьте актуальные условия перевода."
2020-09-08,2020-09-01,TJS_RUB,7.321160000000001,0.023470384872932293,0.023470384872932293,0.019856483280150484,7,валюта получателя укрепилась,общее движение рубля,0.023566510043076933,-9.612517014464042e-05,False,"С 01.09 рубль заметно ослаб сразу к нескольким валютам, в том числе к таджикскому сомони. Проверьте актуальные условия перевода."
2020-09-25,2020-09-18,TJS_RUB,7.478489999999999,0.026383942357179446,0.026383942357179446,0.019856483280150484,7,валюта получателя укрепилась,общее движение рубля,0.019755666616758056,0.00662827574042139,False,"С 18.09 рубль заметно ослаб сразу к нескольким валютам, в том числе к таджикскому сомони. Проверьте актуальные условия перевода."
2020-10-27,2020-10-20,TJS_RUB,7.39664,-0.020413785065913737,0.020413785065913737,0.019919080921080967,7,рубль укрепился,общее движение рубля,-0.01606212992561133,-0.004351655140302408,False,"С 20.10 рубль заметно укрепился сразу к нескольким валютам, в том числе к таджикскому сомони. Проверьте актуальные условия перевода."
2020-12-08,2020-12-01,TJS_RUB,6.554900000000001,-0.025580572560049086,0.025580572560049086,0.023940627283737213,7,рубль укрепился,общее движение рубля,-0.019338632899053205,-0.0062419396609958815,False,"С 01.12 рубль заметно укрепился сразу к нескольким валютам, в том числе к таджикскому сомони. Проверьте актуальные условия перевода."
2020-12-24,2020-12-17,TJS_RUB,6.662879999999999,0.027744828405323885,0.027744828405323885,0.026380269523659978,7,валюта получателя укрепилась,общее движение рубля,0.0283727930728086,-0.000627964667484715,False,"С 17.12 рубль заметно ослаб сразу к нескольким валютам, в том числе к таджикскому сомони. Проверьте актуальные условия перевода."
2021-01-27,2021-01-20,TJS_RUB,6.637600000000001,0.02592320104855106,0.02592320104855106,0.025650387944234333,7,валюта получателя укрепилась,общее движение рубля,0.02714315994420639,-0.0012199588956553313,False,"С 20.01 рубль заметно ослаб сразу к нескольким валютам, в том числе к таджикскому сомони. Проверьте актуальные условия перевода."
2021-02-10,2021-02-03,TJS_RUB,6.50454,-0.023527080462254935,0.023527080462254935,0.023496548702768433,7,рубль укрепился,общее движение рубля,-0.02274047295254637,-0.0007866075097085652,False,"С 03.02 рубль заметно укрепился сразу к нескольким валютам, в том числе к таджикскому сомони. Проверьте актуальные условия перевода."
2021-03-24,2021-03-17,TJS_RUB,6.61039,0.032394342000665155,0.032394342000665155,0.021476149965489636,7,валюта получателя укрепилась,общее движение рубля,0.03201124214670744,0.0003830998539577149,False,"С 17.03 рубль заметно ослаб сразу к нескольким валютам, в том числе к таджикскому сомони. Проверьте актуальные условия перевода."
2021-04-08,2021-04-01,TJS_RUB,6.821,0.028236170215973244,0.028236170215973244,0.017697760496408723,7,валюта получателя укрепилась,общее движение рубля,0.032790643428608046,-0.004554473212634802,False,"С 01.04 рубль заметно ослаб сразу к нескольким валютам, в том числе к таджикскому сомони. Проверьте актуальные условия перевода."
2021-04-15,2021-04-08,TJS_RUB,6.637659999999999,-0.026878756780530866,0.026878756780530866,0.019050173537514602,7,рубль укрепился,общее движение рубля,-0.02379843562947222,-0.003080321151058645,False,"С 08.04 рубль заметно укрепился сразу к нескольким валютам, в том числе к таджикскому сомони. Проверьте актуальные условия перевода."
2021-04-27,2021-04-20,TJS_RUB,6.55745,-0.019423268444553554,0.019423268444553554,0.018862213687106683,7,рубль укрепился,общее движение рубля,-0.015536603951119258,-0.0038866644934342966,False,"С 20.04 рубль заметно укрепился сразу к нескольким валютам, в том числе к таджикскому сомони. Проверьте актуальные условия перевода."
2021-06-12,2021-06-05,TJS_RUB,6.284940000000001,-0.021732227576674368,0.021732227576674368,0.016496482710946572,7,рубль укрепился,общее движение рубля,-0.018899263899686696,-0.0028329636769876716,False,"С 05.06 рубль заметно укрепился сразу к нескольким валютам, в том числе к таджикскому сомони. Проверьте актуальные условия перевода."
2021-06-22,2021-06-12,TJS_RUB,6.41812,0.02119033753703281,0.02119033753703281,0.016496482710946572,10,валюта получателя укрепилась,выделяется валюта получателя,0.008296068362107648,0.012894269174925163,False,С 12.06 таджикский сомони заметно укрепился к рублю; по другим валютам движение было слабее. Проверьте актуальные условия перевода.
2021-07-03,2021-06-26,TJS_RUB,6.50044,0.02727141992487203,0.02727141992487203,0.016188506576547357,7,валюта получателя укрепилась,общее движение рубля,0.015353069723618459,0.011918350201253572,False,"С 26.06 рубль заметно ослаб сразу к нескольким валютам, в том числе к таджикскому сомони. Проверьте актуальные условия перевода."
2021-07-08,2021-07-01,TJS_RUB,6.49347,0.018351904272753572,0.018351904272753572,0.016188506576547357,7,валюта получателя укрепилась,общее движение рубля,0.01616378402076002,0.0021881202519935528,False,"С 01.07 рубль заметно ослаб сразу к нескольким валютам, в том числе к таджикскому сомони. Проверьте актуальные условия перевода."
2021-07-13,2021-07-06,TJS_RUB,6.543940000000001,0.01744473501727395,0.01744473501727395,0.016708335536470824,7,валюта получателя укрепилась,общее движение рубля,0.01706055356609711,0.00038418145117683974,False,"С 06.07 рубль заметно ослаб сразу к нескольким валютам, в том числе к таджикскому сомони. Проверьте актуальные условия перевода."
2021-08-03,2021-07-27,TJS_RUB,6.40207,-0.014608325714408954,0.014608325714408954,0.01334642992553079,7,рубль укрепился,общее движение рубля,-0.01069025466277703,-0.003918071051631925,False,"С 27.07 рубль заметно укрепился сразу к нескольким валютам, в том числе к таджикскому сомони. Проверьте актуальные условия перевода."
2021-08-12,2021-08-05,TJS_RUB,6.53152,0.023442825110350896,0.023442825110350896,0.01334963455737024,7,валюта получателя укрепилась,выделяется валюта получателя,0.010377359517096027,0.013065465593254869,False,С 05.08 таджикский сомони заметно укрепился к рублю; по другим валютам движение было слабее. Проверьте актуальные условия перевода.
2021-08-19,2021-08-12,TJS_RUB,6.4385,-0.014241707902601597,0.014241707902601597,0.014068830077499685,7,рубль укрепился,смешанное движение,-0.006152576746598415,-0.008089131156003182,False,С 12.08 рубль заметно укрепился к таджикскому сомони. Проверьте актуальные условия перевода.
2021-10-09,2021-10-02,TJS_RUB,6.35798,-0.012143924774787318,0.012143924774787318,0.008959798866923375,7,рубль укрепился,общее движение рубля,-0.0139147567336075,0.0017708319588201817,False,"С 02.10 рубль заметно укрепился сразу к нескольким валютам, в том числе к таджикскому сомони. Проверьте актуальные условия перевода."
2021-10-20,2021-10-13,TJS_RUB,6.27503,-0.011823417232142419,0.011823417232142419,0.009246918204811917,7,рубль укрепился,смешанное движение,-0.007233821894767327,-0.004589595337375092,False,С 13.10 рубль заметно укрепился к таджикскому сомони. Проверьте актуальные условия перевода.
2021-10-26,2021-10-19,TJS_RUB,6.22311,-0.01111541920782566,0.01111541920782566,0.009258431977569082,7,рубль укрепился,смешанное движение,-0.009898860608989072,-0.0012165585988365892,False,С 19.10 рубль заметно укрепился к таджикскому сомони. Проверьте актуальные условия перевода.
2021-11-02,2021-10-26,TJS_RUB,6.33004,0.017182726964491968,0.017182726964491968,0.009258431977569082,7,валюта получателя укрепилась,смешанное движение,0.00960672563198591,0.007576001332506058,False,С 26.10 Таджикский сомони заметно укрепился к рублю. Проверьте актуальные условия перевода.
2021-11-11,2021-11-02,TJS_RUB,6.26451,-0.010352225262399761,0.010352225262399761,0.00957978439437719,9,рубль укрепился,смешанное движение,-0.0046114169141800625,-0.005740808348219699,False,С 02.11 рубль заметно укрепился к таджикскому сомони. Проверьте актуальные условия перевода.
2021-11-16,2021-11-09,TJS_RUB,6.40429,0.010908924450449664,0.010908924450449664,0.00957978439437719,7,валюта получателя укрепилась,общее движение рубля,0.010040499947518397,0.0008684245029312674,False,"С 09.11 рубль заметно ослаб сразу к нескольким валютам, в том числе к таджикскому сомони. Проверьте актуальные условия перевода."
2021-12-04,2021-11-27,TJS_RUB,6.53167,-0.024837153610837825,0.024837153610837825,0.015862639946761358,7,рубль укрепился,общее движение рубля,-0.0218592398114467,-0.002977913799391125,False,"С 27.11 рубль заметно укрепился сразу к нескольким валютам, в том числе к таджикскому сомони. Проверьте актуальные условия перевода."
2022-01-11,2021-12-25,TJS_RUB,6.65175,0.026092925677968726,0.026092925677968726,0.016592518036266272,17,валюта получателя укрепилась,общее движение рубля,0.026400346335682407,-0.00030742065771368135,False,"С 25.12 рубль заметно ослаб сразу к нескольким валютам, в том числе к таджикскому сомони. Проверьте актуальные условия перевода."
2022-01-19,2022-01-12,TJS_RUB,6.75827,0.02003308409578719,0.02003308409578719,0.01946175771881502,7,валюта получателя укрепилась,общее движение рубля,0.02285409892115564,-0.002821014825368451,False,"С 12.01 рубль заметно ослаб сразу к нескольким валютам, в том числе к таджикскому сомони. Проверьте актуальные условия перевода."
2022-01-26,2022-01-19,TJS_RUB,6.962569999999999,0.03022962977211585,0.03022962977211585,0.0205110282209668,7,валюта получателя укрепилась,общее движение рубля,0.028874808944665247,0.0013548208274506042,False,"С 19.01 рубль заметно ослаб сразу к нескольким валютам, в том числе к таджикскому сомони. Проверьте актуальные условия перевода."
2022-02-03,2022-01-27,TJS_RUB,6.77157,-0.031146358841994792,0.031146358841994792,0.022605158734195514,7,рубль укрепился,общее движение рубля,-0.03345141635683776,0.002305057514842966,False,"С 27.01 рубль заметно укрепился сразу к нескольким валютам, в том числе к таджикскому сомони. Проверьте актуальные условия перевода."
2022-02-11,2022-02-04,TJS_RUB,6.61568,-0.025558239556943252,0.025558239556943252,0.024327698044225212,7,рубль укрепился,общее движение рубля,-0.021217568355102467,-0.0043406712018407845,False,"С 04.02 рубль заметно укрепился сразу к нескольким валютам, в том числе к таджикскому сомони. Проверьте актуальные условия перевода."
2022-02-23,2022-02-16,TJS_RUB,7.126220000000001,0.0558442270395052,0.0558442270395052,0.024327698044225212,7,валюта получателя укрепилась,общее движение рубля,0.055729465715696,0.00011476132380919962,False,"С 16.02 рубль заметно ослаб сразу к нескольким валютам, в том числе к таджикскому сомони. Проверьте актуальные условия перевода."
2022-03-16,2022-03-06,TJS_RUB,9.89107,0.05629473949506236,0.05629473949506236,0.03535689511455273,10,валюта получателя укрепилась,общее движение рубля,0.052124813703902685,0.004169925791159677,False,"С 06.03 рубль заметно ослаб сразу к нескольким валютам, в том числе к таджикскому сомони. Проверьте актуальные условия перевода."
2022-03-23,2022-03-16,TJS_RUB,8.91648,-0.09853231247984284,0.09853231247984284,0.06525063263892908,7,рубль укрепился,общее движение рубля,-0.06431681641526484,-0.03421549606457801,False,"С 16.03 рубль заметно укрепился сразу к нескольким валютам, в том числе к таджикскому сомони. Проверьте актуальные условия перевода."
2022-03-30,2022-03-23,TJS_RUB,7.13205,-0.20012718023255816,0.20012718023255816,0.10952926665868075,7,рубль укрепился,общее движение рубля,-0.1686216414815076,-0.031505538751050555,True,"С 23.03 рубль заметно укрепился сразу к нескольким валютам, в том числе к таджикскому сомони. Проверьте актуальные условия перевода."
2022-05-28,2022-05-21,TJS_RUB,5.82482,0.23150986718310618,0.23150986718310618,0.14071806606243867,7,валюта получателя укрепилась,общее движение рубля,0.13363694852939587,0.09787291865371031,False,"С 21.05 рубль заметно ослаб сразу к нескольким валютам, в том числе к таджикскому сомони. Проверьте актуальные условия перевода."
2022-07-06,2022-06-29,TJS_RUB,5.59632,0.11623453945990603,0.11623453945990603,0.07663262258441775,7,валюта получателя укрепилась,общее движение рубля,0.10089548006123865,0.015339059398667379,False,"С 29.06 рубль заметно ослаб сразу к нескольким валютам, в том числе к таджикскому сомони. Проверьте актуальные условия перевода."
2022-07-28,2022-07-21,TJS_RUB,5.86537,0.10668611342769929,0.10668611342769929,0.07753699143403851,7,валюта получателя укрепилась,общее движение рубля,0.0995469853982874,0.007139128029411898,False,"С 21.07 рубль заметно ослаб сразу к нескольким валютам, в том числе к таджикскому сомони. Проверьте актуальные условия перевода."
2022-10-01,2022-09-24,TJS_RUB,5.41083,-0.04672615639397115,0.04672615639397115,0.04333697925625633,7,рубль укрепился,общее движение рубля,-0.03805009744594393,-0.00867605894802722,False,"С 24.09 рубль заметно укрепился сразу к нескольким валютам, в том числе к таджикскому сомони. Проверьте актуальные условия перевода."
2022-10-07,2022-09-30,TJS_RUB,5.89564,0.04962710681533733,0.04962710681533733,0.03851996442852839,7,валюта получателя укрепилась,общее движение рубля,0.05882408887817866,-0.009196982062841329,False,"С 30.09 рубль заметно ослаб сразу к нескольким валютам, в том числе к таджикскому сомони. Проверьте актуальные условия перевода."
2022-12-08,2022-12-01,TJS_RUB,6.16638,0.03413994408676446,0.03413994408676446,0.0312534550665553,7,валюта получателя укрепилась,общее движение рубля,0.043994799525345574,-0.009854855438581112,False,"С 01.12 рубль заметно ослаб сразу к нескольким валютам, в том числе к таджикскому сомони. Проверьте актуальные условия перевода."
2022-12-17,2022-12-10,TJS_RUB,6.331490000000001,0.03594522072057349,0.03594522072057349,0.03227383011756051,7,валюта получателя укрепилась,общее движение рубля,0.03724534078427033,-0.0013001200636968413,False,"С 10.12 рубль заметно ослаб сразу к нескольким валютам, в том числе к таджикскому сомони. Проверьте актуальные условия перевода."
2023-01-12,2022-12-29,TJS_RUB,6.74671,-0.03431499545548877,0.03431499545548877,0.031185270638988218,14,рубль укрепился,общее движение рубля,-0.017729944285249283,-0.01658505117023949,False,"С 29.12 рубль заметно укрепился сразу к нескольким валютам, в том числе к таджикскому сомони. Проверьте актуальные условия перевода."
2023-02-10,2023-02-03,TJS_RUB,7.033880000000001,0.03489634675651421,0.03489634675651421,0.03026802916323506,7,валюта получателя укрепилась,общее движение рубля,0.03066870793138543,0.004227638825128777,False,"С 03.02 рубль заметно ослаб сразу к нескольким валютам, в том числе к таджикскому сомони. Проверьте актуальные условия перевода."
2023-02-14,2023-02-07,TJS_RUB,7.08376,0.03499433831318255,0.03499433831318255,0.031175711182164667,7,валюта получателя укрепилась,общее движение рубля,0.038399825068110204,-0.0034054867549276543,False,"С 07.02 рубль заметно ослаб сразу к нескольким валютам, в том числе к таджикскому сомони. Проверьте актуальные условия перевода."
2023-03-01,2023-02-18,TJS_RUB,6.860930000000001,-0.03457199062282745,0.03457199062282745,0.0329963655403934,11,рубль укрепился,выделяется валюта получателя,-0.0027033225231242928,-0.03186866809970316,False,С 18.02 рубль заметно укрепился к таджикскому сомони; по другим валютам движение было слабее. Проверьте актуальные условия перевода.
2023-04-05,2023-03-29,TJS_RUB,7.27119,0.0360270377325691,0.0360270377325691,0.025811030205970066,7,валюта получателя укрепилась,общее движение рубля,0.040452309717906,-0.004425271985336897,False,"С 29.03 рубль заметно ослаб сразу к нескольким валютам, в том числе к таджикскому сомони. Проверьте актуальные условия перевода."
2023-05-05,2023-04-27,TJS_RUB,7.202830000000001,-0.036918333346704024,0.036918333346704024,0.028338740755846116,8,рубль укрепился,общее движение рубля,-0.03566194173772449,-0.001256391608979536,False,"С 27.04 рубль заметно укрепился сразу к нескольким валютам, в том числе к таджикскому сомони. Проверьте актуальные условия перевода."
2023-05-17,2023-05-06,TJS_RUB,7.32859,0.04116149490116294,0.04116149490116294,0.03267938138559261,11,валюта получателя укрепилась,общее движение рубля,0.03300049219364191,0.008161002707521035,False,"С 06.05 рубль заметно ослаб сразу к нескольким валютам, в том числе к таджикскому сомони. Проверьте актуальные условия перевода."
2023-06-15,2023-06-07,TJS_RUB,7.72631,0.03775721270080057,0.03775721270080057,0.0350742673583019,8,валюта получателя укрепилась,общее движение рубля,0.03931722650414874,-0.0015600138033481717,False,"С 07.06 рубль заметно ослаб сразу к нескольким валютам, в том числе к таджикскому сомони. Проверьте актуальные условия перевода."
2023-06-30,2023-06-23,TJS_RUB,7.974760000000001,0.04097315317973038,0.04097315317973038,0.03567832600965404,7,валюта получателя укрепилась,общее движение рубля,0.03565950066095088,0.005313652518779501,False,"С 23.06 рубль заметно ослаб сразу к нескольким валютам, в том числе к таджикскому сомони. Проверьте актуальные условия перевода."
2023-08-04,2023-07-28,TJS_RUB,8.5821,0.04098639043206154,0.04098639043206154,0.036958253385946715,7,валюта получателя укрепилась,общее движение рубля,0.0335150431212489,0.007471347310812636,False,"С 28.07 рубль заметно ослаб сразу к нескольким валютам, в том числе к таджикскому сомони. Проверьте актуальные условия перевода."
2023-08-15,2023-08-08,TJS_RUB,9.22638,0.04435318647037656,0.04435318647037656,0.036958253385946715,7,валюта получателя укрепилась,общее движение рубля,0.041530152390935195,0.0028230340794413653,False,"С 08.08 рубль заметно ослаб сразу к нескольким валютам, в том числе к таджикскому сомони. Проверьте актуальные условия перевода."
2023-10-04,2023-09-27,TJS_RUB,9.05645,0.031483982952202894,0.031483982952202894,0.03129341952305552,7,валюта получателя укрепилась,общее движение рубля,0.0275416416180414,0.003942341334161492,False,"С 27.09 рубль заметно ослаб сразу к нескольким валютам, в том числе к таджикскому сомони. Проверьте актуальные условия перевода."
2023-10-17,2023-10-10,TJS_RUB,8.87602,-0.03988014754399816,0.03988014754399816,0.03195780463718872,7,рубль укрепился,общее движение рубля,-0.04192331559774661,0.002043168053748455,False,"С 10.10 рубль заметно укрепился сразу к нескольким валютам, в том числе к таджикскому сомони. Проверьте актуальные условия перевода."
2023-10-25,2023-10-18,TJS_RUB,8.53369,-0.03888198114185071,0.03888198114185071,0.03399150616445357,7,рубль укрепился,общее движение рубля,-0.03650505964965863,-0.002376921492192076,False,"С 18.10 рубль заметно укрепился сразу к нескольким валютам, в том числе к таджикскому сомони. Проверьте актуальные условия перевода."
2023-11-16,2023-11-09,TJS_RUB,8.16686,-0.02975416136509179,0.02975416136509179,0.027329642451287998,7,рубль укрепился,общее движение рубля,-0.022973882463903268,-0.006780278901188524,False,"С 09.11 рубль заметно укрепился сразу к нескольким валютам, в том числе к таджикскому сомони. Проверьте актуальные условия перевода."
2023-12-06,2023-11-29,TJS_RUB,8.35841,0.0331256388736787,0.0331256388736787,0.029887496627582433,7,валюта получателя укрепилась,общее движение рубля,0.030108216410363504,0.003017422463315194,False,"С 29.11 рубль заметно ослаб сразу к нескольким валютам, в том числе к таджикскому сомони. Проверьте актуальные условия перевода."
2023-12-14,2023-12-07,TJS_RUB,8.19934,-0.03129751602327446,0.03129751602327446,0.03129423233679116,7,рубль укрепился,общее движение рубля,-0.032614370148289606,0.0013168541250151433,False,"С 07.12 рубль заметно укрепился сразу к нескольким валютам, в том числе к таджикскому сомони. Проверьте актуальные условия перевода."
2024-04-12,2024-04-05,TJS_RUB,8.56372,0.0162541905242235,0.0162541905242235,0.015079080141176848,7,валюта получателя укрепилась,общее движение рубля,0.012326315819034464,0.003927874705189035,False,"С 05.04 рубль заметно ослаб сразу к нескольким валютам, в том числе к таджикскому сомони. Проверьте актуальные условия перевода."
2024-04-17,2024-04-10,TJS_RUB,8.61257,0.016258829137747455,0.016258829137747455,0.015079080141176848,7,валюта получателя укрепилась,выделяется валюта получателя,0.005537578497712599,0.010721250640034857,False,С 10.04 таджикский сомони заметно укрепился к рублю; по другим валютам движение было слабее. Проверьте актуальные условия перевода.
2024-04-25,2024-04-18,TJS_RUB,8.46216,-0.01996854508267909,0.01996854508267909,0.015115988766531441,7,рубль укрепился,общее движение рубля,-0.01819281091402695,-0.0017757341686521384,False,"С 18.04 рубль заметно укрепился сразу к нескольким валютам, в том числе к таджикскому сомони. Проверьте актуальные условия перевода."
2024-05-28,2024-05-21,TJS_RUB,8.20127,-0.017009102045023705,0.017009102045023705,0.01415739335711379,7,рубль укрепился,общее движение рубля,-0.023468537089745906,0.006459435044722201,False,"С 21.05 рубль заметно укрепился сразу к нескольким валютам, в том числе к таджикскому сомони. Проверьте актуальные условия перевода."
2024-06-08,2024-06-01,TJS_RUB,8.26687,-0.013620060565420311,0.013620060565420311,0.013364547537943673,7,рубль укрепился,общее движение рубля,-0.013706139134875653,8.60785694553421e-05,False,"С 01.06 рубль заметно укрепился сразу к нескольким валютам, в том числе к таджикскому сомони. Проверьте актуальные условия перевода."
2024-06-19,2024-06-11,TJS_RUB,8.09353,-0.023540624830340362,0.023540624830340362,0.012895912591267811,8,рубль укрепился,общее движение рубля,-0.027073050842527424,0.003532426012187062,True,"С 11.06 рубль заметно укрепился сразу к нескольким валютам, в том числе к таджикскому сомони. Проверьте актуальные условия перевода."
2024-06-27,2024-06-20,TJS_RUB,8.2326,0.0683183387770514,0.0683183387770514,0.01363212067543893,7,валюта получателя укрепилась,общее движение рубля,0.0608630010766514,0.007455337700400001,False,"С 20.06 рубль заметно ослаб сразу к нескольким валютам, в том числе к таджикскому сомони. Проверьте актуальные условия перевода."
2024-07-05,2024-06-28,TJS_RUB,8.26801,0.03912551686000487,0.03912551686000487,0.016209904624678816,7,валюта получателя укрепилась,общее движение рубля,0.04196313202256582,-0.0028376151625609455,False,"С 28.06 рубль заметно ослаб сразу к нескольким валютам, в том числе к таджикскому сомони. Проверьте актуальные условия перевода."
2024-07-25,2024-07-18,TJS_RUB,8.1203,-0.017143673277704607,0.017143673277704607,0.01621987254338113,7,рубль укрепился,общее движение рубля,-0.018780771584771094,0.0016370983070664868,False,"С 18.07 рубль заметно укрепился сразу к нескольким валютам, в том числе к таджикскому сомони. Проверьте актуальные условия перевода."
2024-08-06,2024-07-30,TJS_RUB,8.01206,-0.014703097291806522,0.014703097291806522,0.014297868861341,7,рубль укрепился,общее движение рубля,-0.010860348702582826,-0.003842748589223696,False,"С 30.07 рубль заметно укрепился сразу к нескольким валютам, в том числе к таджикскому сомони. Проверьте актуальные условия перевода."
2024-08-21,2024-08-14,TJS_RUB,8.50106,-0.027993720478990514,0.027993720478990514,0.023779110376515904,7,рубль укрепился,выделяется валюта получателя,-0.00567216840214646,-0.022321552076844053,False,С 14.08 рубль заметно укрепился к таджикскому сомони; по другим валютам движение было слабее. Проверьте актуальные условия перевода.
2024-09-04,2024-08-28,TJS_RUB,8.29807,-0.032141540815802894,0.032141540815802894,0.027100308334964286,7,рубль укрепился,выделяется валюта получателя,-0.014857391084640756,-0.017284149731162136,True,С 28.08 рубль заметно укрепился к таджикскому сомони; по другим валютам движение было слабее. Проверьте актуальные условия перевода.
2024-09-11,2024-09-04,TJS_RUB,8.54988,0.03034561048532991,0.03034561048532991,0.027613648710617045,7,валюта получателя укрепилась,общее движение рубля,0.03465666457655018,-0.004311054091220269,False,"С 04.09 рубль заметно ослаб сразу к нескольким валютам, в том числе к таджикскому сомони. Проверьте актуальные условия перевода."
2024-10-04,2024-09-27,TJS_RUB,8.91972,0.027616327630959114,0.027616327630959114,0.02502593716219992,7,валюта получателя укрепилась,общее движение рубля,0.023364328779601557,0.004251998851357557,False,"С 27.09 рубль заметно ослаб сразу к нескольким валютам, в том числе к таджикскому сомони. Проверьте актуальные условия перевода."
2024-10-08,2024-10-01,TJS_RUB,9.02543,0.03115245933853994,0.03115245933853994,0.026357125998216803,7,валюта получателя укрепилась,общее движение рубля,0.021624978500771903,0.009527480837768037,False,"С 01.10 рубль заметно ослаб сразу к нескольким валютам, в том числе к таджикскому сомони. Проверьте актуальные условия перевода."
2024-11-20,2024-11-13,TJS_RUB,9.3829,0.020562658733827455,0.020562658733827455,0.020341220555572023,7,валюта получателя укрепилась,общее движение рубля,0.018706735270073233,0.0018559234637542214,False,"С 13.11 рубль заметно ослаб сразу к нескольким валютам, в том числе к таджикскому сомони. Проверьте актуальные условия перевода."
2024-12-05,2024-11-28,TJS_RUB,9.55164,-0.05521260001404571,0.05521260001404571,0.023639950910071494,7,рубль укрепился,общее движение рубля,-0.03323527887062209,-0.02197732114342362,False,"С 28.11 рубль заметно укрепился сразу к нескольким валютам, в том числе к таджикскому сомони. Проверьте актуальные условия перевода."
2024-12-14,2024-12-07,TJS_RUB,9.45841,0.038772724227571276,0.038772724227571276,0.027738458707271187,7,валюта получателя укрепилась,общее движение рубля,0.032049318439024775,0.006723405788546501,False,"С 07.12 рубль заметно ослаб сразу к нескольким валютам, в том числе к таджикскому сомони. Проверьте актуальные условия перевода."
2024-12-26,2024-12-19,TJS_RUB,9.11443,-0.032814214434731204,0.032814214434731204,0.03117916892006507,7,рубль укрепился,общее движение рубля,-0.035436401030875087,0.002622186596143883,False,"С 19.12 рубль заметно укрепился сразу к нескольким валютам, в том числе к таджикскому сомони. Проверьте актуальные условия перевода."
2025-01-14,2024-12-27,TJS_RUB,9.38419,0.03359899726185511,0.03359899726185511,0.032697486328567525,18,валюта получателя укрепилась,общее движение рубля,0.025287050382005443,0.00831194687984967,False,"С 27.12 рубль заметно ослаб сразу к нескольким валютам, в том числе к таджикскому сомони. Проверьте актуальные условия перевода."
2025-01-22,2025-01-15,TJS_RUB,9.12895,-0.03406349461637437,0.03406349461637437,0.03297117100015599,7,рубль укрепился,общее движение рубля,-0.025665083078708257,-0.008398411537666111,True,"С 15.01 рубль заметно укрепился сразу к нескольким валютам, в том числе к таджикскому сомони. Проверьте актуальные условия перевода."
2025-02-13,2025-02-06,TJS_RUB,8.59196,-0.041330539432606006,0.041330539432606006,0.03906144518919572,7,рубль укрепился,общее движение рубля,-0.04156884738332541,0.00023830795071940608,False,"С 06.02 рубль заметно укрепился сразу к нескольким валютам, в том числе к таджикскому сомони. Проверьте актуальные условия перевода."
2025-02-26,2025-02-19,TJS_RUB,7.91954,-0.05100542947494313,0.05100542947494313,0.046886369471183124,7,рубль укрепился,общее движение рубля,-0.05020845477932775,-0.0007969746956153836,False,"С 19.02 рубль заметно укрепился сразу к нескольким валютам, в том числе к таджикскому сомони. Проверьте актуальные условия перевода."
2025-03-06,2025-02-27,TJS_RUB,8.2091,0.04556141722856366,0.04556141722856366,0.044523703303214764,7,валюта получателя укрепилась,общее движение рубля,0.05105670065273545,-0.0054952834241717916,False,"С 27.02 рубль заметно ослаб сразу к нескольким валютам, в том числе к таджикскому сомони. Проверьте актуальные условия перевода."
2025-03-15,2025-03-08,TJS_RUB,7.82807,-0.04003301236614776,0.04003301236614776,0.03921566418888161,7,рубль укрепился,общее движение рубля,-0.03602397928729506,-0.004009033078852697,False,"С 08.03 рубль заметно укрепился сразу к нескольким валютам, в том числе к таджикскому сомони. Проверьте актуальные условия перевода."
2025-06-17,2025-06-06,TJS_RUB,7.74274,-0.032695563093029456,0.032695563093029456,0.027642399269929077,11,рубль укрепился,выделяется валюта получателя,-0.005300597506220028,-0.027394965586809428,True,С 06.06 рубль заметно укрепился к таджикскому сомони; по другим валютам движение было слабее. Проверьте актуальные условия перевода.
2025-07-26,2025-07-19,TJS_RUB,8.34026,0.022499184723308696,0.022499184723308696,0.018910473144657082,7,валюта получателя укрепилась,общее движение рубля,0.01878061989427719,0.0037185648290315072,False,"С 19.07 рубль заметно ослаб сразу к нескольким валютам, в том числе к таджикскому сомони. Проверьте актуальные условия перевода."
2025-08-27,2025-08-20,TJS_RUB,8.38524,-0.023629015261691366,0.023629015261691366,0.019726203031784274,7,рубль укрепился,выделяется валюта получателя,0.0004872908071389774,-0.024116306068830345,False,С 20.08 рубль заметно укрепился к таджикскому сомони; по другим валютам движение было слабее. Проверьте актуальные условия перевода.
2025-09-03,2025-08-27,TJS_RUB,8.55824,0.020631490571528133,0.020631490571528133,0.020114833223244456,7,валюта получателя укрепилась,смешанное движение,0.004080063362381943,0.01655142720914619,False,С 27.08 Таджикский сомони заметно укрепился к рублю. Проверьте актуальные условия перевода.
2025-09-18,2025-09-11,TJS_RUB,8.76614,-0.022812929519027803,0.022812929519027803,0.02262176635583413,7,рубль укрепился,общее движение рубля,-0.01918992746645883,-0.0036230020525689736,False,"С 11.09 рубль заметно укрепился сразу к нескольким валютам, в том числе к таджикскому сомони. Проверьте актуальные условия перевода."
2025-10-02,2025-09-25,TJS_RUB,8.68363,-0.026538166621077997,0.026538166621077997,0.022872762192409413,7,рубль укрепился,общее движение рубля,-0.029332842828602452,0.0027946762075244554,True,"С 25.09 рубль заметно укрепился сразу к нескольким валютам, в том числе к таджикскому сомони. Проверьте актуальные условия перевода."
2025-10-16,2025-10-09,TJS_RUB,8.52452,-0.026035174392365912,0.026035174392365912,0.023794225300906472,7,рубль укрепился,общее движение рубля,-0.03191702300717292,0.005881848614807006,False,"С 09.10 рубль заметно укрепился сразу к нескольким валютам, в том числе к таджикскому сомони. Проверьте актуальные условия перевода."
2025-10-23,2025-10-16,TJS_RUB,8.86464,0.039899020707324206,0.039899020707324206,0.023794225300906472,7,валюта получателя укрепилась,общее движение рубля,0.035991701257950405,0.0039073194493738014,False,"С 16.10 рубль заметно ослаб сразу к нескольким валютам, в том числе к таджикскому сомони. Проверьте актуальные условия перевода."
2025-10-28,2025-10-21,TJS_RUB,8.47804,-0.03967577033429959,0.03967577033429959,0.023969455300974968,7,рубль укрепился,общее движение рубля,-0.02655341585566769,-0.013122354478631897,True,"С 21.10 рубль заметно укрепился сразу к нескольким валютам, в том числе к таджикскому сомони. Проверьте актуальные условия перевода."
2025-11-07,2025-10-30,TJS_RUB,8.77318,0.02638863215725551,0.02638863215725551,0.026328517377185667,8,валюта получателя укрепилась,общее движение рубля,0.019343297848318414,0.007045334308937095,False,"С 30.10 рубль заметно ослаб сразу к нескольким валютам, в том числе к таджикскому сомони. Проверьте актуальные условия перевода."
2025-11-22,2025-11-15,TJS_RUB,8.50559,-0.027127588999354968,0.027127588999354968,0.026418539050020007,7,рубль укрепился,общее движение рубля,-0.03461192538379435,0.007484336384439384,True,"С 15.11 рубль заметно укрепился сразу к нескольким валютам, в том числе к таджикскому сомони. Проверьте актуальные условия перевода."
2025-12-12,2025-12-05,TJS_RUB,8.59968,0.03352594487015548,0.03352594487015548,0.026418539050020007,7,валюта получателя укрепилась,общее движение рубля,0.031906205235668526,0.001619739634486951,False,"С 05.12 рубль заметно ослаб сразу к нескольким валютам, в том числе к таджикскому сомони. Проверьте актуальные условия перевода."
2025-12-27,2025-12-20,TJS_RUB,8.40162,-0.03832343417162398,0.03832343417162398,0.028176454124561868,7,рубль укрепился,общее движение рубля,-0.035857985447986275,-0.0024654487236377073,False,"С 20.12 рубль заметно укрепился сразу к нескольким валютам, в том числе к таджикскому сомони. Проверьте актуальные условия перевода."
2026-01-23,2026-01-16,TJS_RUB,8.13556,-0.032047895756295186,0.032047895756295186,0.028722285427121498,7,рубль укрепился,общее движение рубля,-0.03268069652005445,0.000632800763759267,False,"С 16.01 рубль заметно укрепился сразу к нескольким валютам, в том числе к таджикскому сомони. Проверьте актуальные условия перевода."
2026-03-18,2026-03-11,TJS_RUB,8.52327,0.03927234950049918,0.03927234950049918,0.022434115328674592,7,валюта получателя укрепилась,общее движение рубля,0.030955588626929265,0.008316760873569917,False,"С 11.03 рубль заметно ослаб сразу к нескольким валютам, в том числе к таджикскому сомони. Проверьте актуальные условия перевода."
2026-03-27,2026-03-20,TJS_RUB,8.61033,-0.02486885498396363,0.02486885498396363,0.022434115328674592,7,рубль укрепился,общее движение рубля,-0.030192630733790565,0.005323775749826936,False,"С 20.03 рубль заметно укрепился сразу к нескольким валютам, в том числе к таджикскому сомони. Проверьте актуальные условия перевода."
2026-04-03,2026-03-27,TJS_RUB,8.38,-0.026750426522560544,0.026750426522560544,0.024948142420432442,7,рубль укрепился,общее движение рубля,-0.02289425233873188,-0.0038561741838286645,False,"С 27.03 рубль заметно укрепился сразу к нескольким валютам, в том числе к таджикскому сомони. Проверьте актуальные условия перевода."
2026-04-07,2026-03-31,TJS_RUB,8.22213,-0.029259878440984433,0.029259878440984433,0.024457211912624535,7,рубль укрепился,общее движение рубля,-0.027605954238503982,-0.0016539242024804501,True,"С 31.03 рубль заметно укрепился сразу к нескольким валютам, в том числе к таджикскому сомони. Проверьте актуальные условия перевода."
2026-04-15,2026-04-08,TJS_RUB,7.9843,-0.031536940674162794,0.031536940674162794,0.026645118355366627,7,рубль укрепился,общее движение рубля,-0.02980067534543159,-0.0017362653287312062,False,"С 08.04 рубль заметно укрепился сразу к нескольким валютам, в том числе к таджикскому сомони. Проверьте актуальные условия перевода."
2026-05-20,2026-05-13,TJS_RUB,7.6422,-0.03085409929617655,0.03085409929617655,0.026645118355366627,7,рубль укрепился,общее движение рубля,-0.041005149373957384,0.010151050077780832,False,"С 13.05 рубль заметно укрепился сразу к нескольким валютам, в том числе к таджикскому сомони. Проверьте актуальные условия перевода."
2026-06-04,2026-05-28,TJS_RUB,7.91167,0.03240493048722892,0.03240493048722892,0.028703432289948497,7,валюта получателя укрепилась,общее движение рубля,0.032972939810656555,-0.0005680093234276332,False,"С 28.05 рубль заметно ослаб сразу к нескольким валютам, в том числе к таджикскому сомони. Проверьте актуальные условия перевода."
2026-06-12,2026-06-05,TJS_RUB,7.71269,-0.036625442954017706,0.036625442954017706,0.030975101579485687,7,рубль укрепился,общее движение рубля,-0.03401780210378972,-0.0026076408502279866,False,"С 05.06 рубль заметно укрепился сразу к нескольким валютам, в том числе к таджикскому сомони. Проверьте актуальные условия перевода."
2026-06-24,2026-06-17,TJS_RUB,8.03065,0.035050975034477405,0.035050975034477405,0.028675511447315196,7,валюта получателя укрепилась,общее движение рубля,0.028832917779415396,0.006218057255062009,False,"С 17.06 рубль заметно ослаб сразу к нескольким валютам, в том числе к таджикскому сомони. Проверьте актуальные условия перевода."
2026-07-17,2026-07-10,TJS_RUB,8.46234,0.030214933985865722,0.030214933985865722,0.029450499940350476,7,валюта получателя укрепилась,общее движение рубля,0.031548840281980274,-0.0013339062961145523,False,"С 10.07 рубль заметно ослаб сразу к нескольким валютам, в том числе к таджикскому сомони. Проверьте актуальные условия перевода."
2026-08-08,2026-08-01,TJS_RUB,8.88517,0.034102018584383886,0.034102018584383886,0.030376969535010546,7,валюта получателя укрепилась,общее движение рубля,0.03587620314778891,-0.0017741845634050221,False,"С 01.08 рубль заметно ослаб сразу к нескольким валютам, в том числе к таджикскому сомони. Проверьте актуальные условия перевода."
2026-08-19,2026-08-12,TJS_RUB,9.19991,0.033459708718778236,0.033459708718778236,0.030843580695902564,7,валюта получателя укрепилась,общее движение рубля,0.0358127744822038,-0.0023530657634255672,False,"С 12.08 рубль заметно ослаб сразу к нескольким валютам, в том числе к таджикскому сомони. Проверьте актуальные условия перевода."
2026-08-28,2026-08-21,TJS_RUB,9.29284,0.03147077856128844,0.03147077856128844,0.03119765599661668,7,валюта получателя укрепилась,общее движение рубля,0.03244711618594417,-0.0009763376246557307,False,"С 21.08 рубль заметно ослаб сразу к нескольким валютам, в том числе к таджикскому сомони. Проверьте актуальные условия перевода."
2026-09-03,2026-08-27,TJS_RUB,9.40704,0.032305641059406476,0.032305641059406476,0.03119998956632992,7,валюта получателя укрепилась,общее движение рубля,0.029782379286654947,0.0025232617727515283,False,"С 27.08 рубль заметно ослаб сразу к нескольким валютам, в том числе к таджикскому сомони. Проверьте актуальные условия перевода."
2019-02-16,2019-02-09,UZS_RUB,0.00794559,0.010481777705429351,0.010481777705429351,0.010199528052876406,7,валюта получателя укрепилась,смешанное движение,0.006306660804736408,0.004175116900692943,False,С 09.02 Узбекский сум заметно укрепился к рублю. Проверьте актуальные условия перевода.
2019-02-22,2019-02-15,UZS_RUB,0.007812,-0.014719922913059014,0.014719922913059014,0.010255362199996787,7,рубль укрепился,общее движение рубля,-0.010475369869659431,-0.004244553043399582,True,"С 15.02 рубль заметно укрепился сразу к нескольким валютам, в том числе к узбекскому суму. Проверьте актуальные условия перевода."
2019-03-19,2019-03-12,UZS_RUB,0.00772486,-0.020188913537873443,0.020188913537873443,0.010241023988236387,7,рубль укрепился,общее движение рубля,-0.017680761117962723,-0.0025081524199107204,False,"С 12.03 рубль заметно укрепился сразу к нескольким валютам, в том числе к узбекскому суму. Проверьте актуальные условия перевода."
2019-03-29,2019-03-22,UZS_RUB,0.00772596,0.01547269802214446,0.01547269802214446,0.01156761125853377,7,валюта получателя укрепилась,смешанное движение,0.009472610319624541,0.006000087702519918,False,С 22.03 Узбекский сум заметно укрепился к рублю. Проверьте актуальные условия перевода.
2019-04-03,2019-03-27,UZS_RUB,0.00777621,0.01461602595969036,0.01461602595969036,0.013889828603362542,7,валюта получателя укрепилась,общее движение рубля,0.016462802446172525,-0.001846776486482165,False,"С 27.03 рубль заметно ослаб сразу к нескольким валютам, в том числе к узбекскому суму. Проверьте актуальные условия перевода."
2019-04-10,2019-04-03,UZS_RUB,0.0076669,-0.014056976341945582,0.014056976341945582,0.013889828603362542,7,рубль укрепился,смешанное движение,-0.008239822032617269,-0.005817154309328313,True,С 03.04 рубль заметно укрепился к узбекскому суму. Проверьте актуальные условия перевода.
2019-04-18,2019-04-11,UZS_RUB,0.0075649,-0.017129330080007832,0.017129330080007832,0.014636805350364091,7,рубль укрепился,смешанное движение,-0.00933412014715207,-0.007795209932855762,False,С 11.04 рубль заметно укрепился к узбекскому суму. Проверьте актуальные условия перевода.
2019-04-30,2019-04-23,UZS_RUB,0.00766593,0.015882418421219846,0.015882418421219846,0.014870477934876105,7,валюта получателя укрепилась,общее движение рубля,0.010574079763948863,0.005308338657270983,False,"С 23.04 рубль заметно ослаб сразу к нескольким валютам, в том числе к узбекскому суму. Проверьте актуальные условия перевода."
2019-05-07,2019-04-25,UZS_RUB,0.00773683,0.019967384583744696,0.019967384583744696,0.01550738763848578,12,валюта получателя укрепилась,общее движение рубля,0.018159774791358812,0.0018076097923858843,False,"С 25.04 рубль заметно ослаб сразу к нескольким валютам, в том числе к узбекскому суму. Проверьте актуальные условия перевода."
2019-05-21,2019-05-14,UZS_RUB,0.00762671,-0.01578139114724475,0.01578139114724475,0.015554642101959539,7,рубль укрепился,общее движение рубля,-0.019066116254836712,0.003284725107591962,False,"С 14.05 рубль заметно укрепился сразу к нескольким валютам, в том числе к узбекскому суму. Проверьте актуальные условия перевода."
2019-06-21,2019-06-14,UZS_RUB,0.00742833,-0.02120496596506105,0.02120496596506105,0.014650607345385125,7,рубль укрепился,общее движение рубля,-0.016120011831080323,-0.0050849541339807285,False,"С 14.06 рубль заметно укрепился сразу к нескольким валютам, в том числе к узбекскому суму. Проверьте актуальные условия перевода."
2019-07-16,2019-07-09,UZS_RUB,0.00732615,-0.016727107765898253,0.016727107765898253,0.01410244432972794,7,рубль укрепился,общее движение рубля,-0.014641894077664475,-0.002085213688233778,False,"С 09.07 рубль заметно укрепился сразу к нескольким валютам, в том числе к узбекскому суму. Проверьте актуальные условия перевода."
2019-08-03,2019-07-27,UZS_RUB,0.0074587,0.018721241035124736,0.018721241035124736,0.012818954132185081,7,валюта получателя укрепилась,общее движение рубля,0.019637881612751373,-0.0009166405776266373,False,"С 27.07 рубль заметно ослаб сразу к нескольким валютам, в том числе к узбекскому суму. Проверьте актуальные условия перевода."
2019-08-17,2019-08-10,UZS_RUB,0.00732172,-0.023570173075538214,0.023570173075538214,0.014960718956425659,7,рубль укрепился,выделяется валюта получателя,0.008869412164485077,-0.03243958524002329,True,С 10.08 рубль заметно укрепился к узбекскому суму; по другим валютам движение было слабее. Проверьте актуальные условия перевода.
2019-09-11,2019-09-04,UZS_RUB,0.00696163,-0.02464984581587293,0.02464984581587293,0.021520157579501566,7,рубль укрепился,общее движение рубля,-0.015357769795112977,-0.00929207602075995,False,"С 04.09 рубль заметно укрепился сразу к нескольким валютам, в том числе к узбекскому суму. Проверьте актуальные условия перевода."
2019-12-12,2019-12-05,UZS_RUB,0.00667352,-0.011264454667348267,0.011264454667348267,0.010635389638195282,7,рубль укрепился,смешанное движение,-0.008144145879919037,-0.00312030878742923,False,С 05.12 рубль заметно укрепился к узбекскому суму. Проверьте актуальные условия перевода.
2019-12-26,2019-12-19,UZS_RUB,0.00647941,-0.013848471934737594,0.013848471934737594,0.01140867607448042,7,рубль укрепился,общее движение рубля,-0.014578500704061007,0.0007300287693234129,False,"С 19.12 рубль заметно укрепился сразу к нескольким валютам, в том числе к узбекскому суму. Проверьте актуальные условия перевода."
2020-01-10,2019-12-26,UZS_RUB,0.00640188,-0.011965595632935644,0.011965595632935644,0.010846036497221313,15,рубль укрепился,смешанное движение,-0.004449337345353281,-0.007516258287582363,False,С 26.12 рубль заметно укрепился к узбекскому суму. Проверьте актуальные условия перевода.
2020-01-14,2019-12-28,UZS_RUB,0.00638862,-0.01990979381443292,0.01990979381443292,0.011290988389533352,17,рубль укрепился,общее движение рубля,-0.012552508826991216,-0.0073572849874417034,False,"С 28.12 рубль заметно укрепился сразу к нескольким валютам, в том числе к узбекскому суму. Проверьте актуальные условия перевода."
2020-01-29,2020-01-22,UZS_RUB,0.0065818,0.014693617040957285,0.014693617040957285,0.010642752709566472,7,валюта получателя укрепилась,общее движение рубля,0.011998248095129652,0.0026953689458276333,False,"С 22.01 рубль заметно ослаб сразу к нескольким валютам, в том числе к узбекскому суму. Проверьте актуальные условия перевода."
2020-02-06,2020-01-30,UZS_RUB,0.00661856,0.014455301375636997,0.014455301375636997,0.011969588846950319,7,валюта получателя укрепилась,общее движение рубля,0.010474177912470331,0.003981123463166666,False,"С 30.01 рубль заметно ослаб сразу к нескольким валютам, в том числе к узбекскому суму. Проверьте актуальные условия перевода."
2020-02-14,2020-02-07,UZS_RUB,0.00668365,0.015494547736364828,0.015494547736364828,0.011997832162209732,7,валюта получателя укрепилась,смешанное движение,0.008503513427929063,0.006991034308435765,False,С 07.02 Узбекский сум заметно укрепился к рублю. Проверьте актуальные условия перевода.
2020-02-22,2020-02-15,UZS_RUB,0.0067483,0.01426185970802929,0.01426185970802929,0.01247111701039239,7,валюта получателя укрепилась,смешанное движение,0.009234874579566362,0.005026985128462927,False,С 15.02 Узбекский сум заметно укрепился к рублю. Проверьте актуальные условия перевода.
2020-03-11,2020-03-03,UZS_RUB,0.00758433,0.089297229910134,0.089297229910134,0.017315028300556135,8,валюта получателя укрепилась,общее движение рубля,0.09606056793385183,-0.006763338023717827,False,"С 03.03 рубль заметно ослаб сразу к нескольким валютам, в том числе к узбекскому суму. Проверьте актуальные условия перевода."
2020-04-07,2020-03-24,UZS_RUB,0.00794999,-0.06423256969121982,0.06423256969121982,0.03187429843786851,14,рубль укрепился,общее движение рубля,-0.05142079997989805,-0.012811769711321773,False,"С 24.03 рубль заметно укрепился сразу к нескольким валютам, в том числе к узбекскому суму. Проверьте актуальные условия перевода."
2020-07-31,2020-07-24,UZS_RUB,0.00718709,0.03410176573507062,0.03410176573507062,0.020772600644874472,7,валюта получателя укрепилась,общее движение рубля,0.038602318667730375,-0.004500552932659753,False,"С 24.07 рубль заметно ослаб сразу к нескольким валютам, в том числе к узбекскому суму. Проверьте актуальные условия перевода."
2020-08-27,2020-08-20,UZS_RUB,0.00736031,0.029762521021100996,0.029762521021100996,0.020772600644874472,7,валюта получателя укрепилась,общее движение рубля,0.028791957557997794,0.0009705634631032023,False,"С 20.08 рубль заметно ослаб сразу к нескольким валютам, в том числе к узбекскому суму. Проверьте актуальные условия перевода."
2020-09-03,2020-08-27,UZS_RUB,0.0071931,-0.02271779313643041,0.02271779313643041,0.0192257323740904,7,рубль укрепился,общее движение рубля,-0.017216052017610856,-0.005501741118819552,False,"С 27.08 рубль заметно укрепился сразу к нескольким валютам, в том числе к узбекскому суму. Проверьте актуальные условия перевода."
2020-09-08,2020-09-01,UZS_RUB,0.0073618,0.02370208653451722,0.02370208653451722,0.019539795053708887,7,валюта получателя укрепилась,общее движение рубля,0.023566510043076933,0.00013557649144028613,False,"С 01.09 рубль заметно ослаб сразу к нескольким валютам, в том числе к узбекскому суму. Проверьте актуальные условия перевода."
2020-09-25,2020-09-18,UZS_RUB,0.00751636,0.026383455207117157,0.026383455207117157,0.019291278660168134,7,валюта получателя укрепилась,общее движение рубля,0.019755666616758056,0.006627788590359101,False,"С 18.09 рубль заметно ослаб сразу к нескольким валютам, в том числе к узбекскому суму. Проверьте актуальные условия перевода."
2020-10-30,2020-10-23,UZS_RUB,0.00761219,0.02427134170545253,0.02427134170545253,0.021626189586740053,7,валюта получателя укрепилась,общее движение рубля,0.017890804022269984,0.006380537683182547,False,"С 23.10 рубль заметно ослаб сразу к нескольким валютам, в том числе к узбекскому суму. Проверьте актуальные условия перевода."
2020-11-10,2020-10-31,UZS_RUB,0.00742703,-0.03001115345535088,0.03001115345535088,0.023726734538567797,10,рубль укрепился,общее движение рубля,-0.01772118522934892,-0.012289968226001962,True,"С 31.10 рубль заметно укрепился сразу к нескольким валютам, в том числе к узбекскому суму. Проверьте актуальные условия перевода."
2020-12-08,2020-12-01,UZS_RUB,0.00716635,-0.025581651480932055,0.025581651480932055,0.022857783922069122,7,рубль укрепился,общее движение рубля,-0.019338632899053205,-0.00624301858187885,False,"С 01.12 рубль заметно укрепился сразу к нескольким валютам, в том числе к узбекскому суму. Проверьте актуальные условия перевода."
2020-12-23,2020-12-16,UZS_RUB,0.00719261,0.024668599391690194,0.024668599391690194,0.02453340366054844,7,валюта получателя укрепилась,общее движение рубля,0.027911032174377626,-0.003242432782687432,False,"С 16.12 рубль заметно ослаб сразу к нескольким валютам, в том числе к узбекскому суму. Проверьте актуальные условия перевода."
2021-01-29,2021-01-22,UZS_RUB,0.00724268,0.03659070676769205,0.03659070676769205,0.02424754039659325,7,валюта получателя укрепилась,общее движение рубля,0.03680753044155879,-0.00021682367386673812,False,"С 22.01 рубль заметно ослаб сразу к нескольким валютам, в том числе к узбекскому суму. Проверьте актуальные условия перевода."
2021-02-11,2021-02-04,UZS_RUB,0.00701299,-0.028391835875155147,0.028391835875155147,0.022398360875436563,7,рубль укрепился,общее движение рубля,-0.025792408190991673,-0.0025994276841634738,True,"С 04.02 рубль заметно укрепился сразу к нескольким валютам, в том числе к узбекскому суму. Проверьте актуальные условия перевода."
2021-03-17,2021-03-10,UZS_RUB,0.00692988,-0.02107480219859381,0.02107480219859381,0.020166236213874148,7,рубль укрепился,общее движение рубля,-0.015258051616852897,-0.005816750581740915,False,"С 10.03 рубль заметно укрепился сразу к нескольким валютам, в том числе к узбекскому суму. Проверьте актуальные условия перевода."
2021-03-24,2021-03-17,UZS_RUB,0.00717296,0.035077086471915875,0.035077086471915875,0.020263429897094645,7,валюта получателя укрепилась,общее движение рубля,0.03201124214670744,0.0030658443252084347,False,"С 17.03 рубль заметно ослаб сразу к нескольким валютам, в том числе к узбекскому суму. Проверьте актуальные условия перевода."
2021-04-08,2021-04-01,UZS_RUB,0.00742955,0.028915238839124946,0.028915238839124946,0.020263429897094645,7,валюта получателя укрепилась,общее движение рубля,0.032790643428608046,-0.0038754045894831,False,"С 01.04 рубль заметно ослаб сразу к нескольким валютам, в том числе к узбекскому суму. Проверьте актуальные условия перевода."
2021-04-15,2021-04-08,UZS_RUB,0.00721312,-0.02913097024718858,0.02913097024718858,0.021101107782795527,7,рубль укрепился,общее движение рубля,-0.02379843562947222,-0.005332534617716361,False,"С 08.04 рубль заметно укрепился сразу к нескольким валютам, в том числе к узбекскому суму. Проверьте актуальные условия перевода."
2021-04-27,2021-04-20,UZS_RUB,0.00709406,-0.021968977349963614,0.021968977349963614,0.021306724818606897,7,рубль укрепился,общее движение рубля,-0.015536603951119258,-0.006432373398844357,False,"С 20.04 рубль заметно укрепился сразу к нескольким валютам, в том числе к узбекскому суму. Проверьте актуальные условия перевода."
2021-06-12,2021-06-05,UZS_RUB,0.00676989,-0.026242962801013903,0.026242962801013903,0.019594679040585962,7,рубль укрепился,общее движение рубля,-0.018899263899686696,-0.0073436989013272065,False,"С 05.06 рубль заметно укрепился сразу к нескольким валютам, в том числе к узбекскому суму. Проверьте актуальные условия перевода."
2021-06-22,2021-06-12,UZS_RUB,0.00692671,0.02316433501873738,0.02316433501873738,0.019726702155580304,10,валюта получателя укрепилась,выделяется валюта получателя,0.008296068362107648,0.014868266656629733,False,С 12.06 узбекский сум заметно укрепился к рублю; по другим валютам движение было слабее. Проверьте актуальные условия перевода.
2021-07-09,2021-07-02,UZS_RUB,0.00707717,0.02805922710745623,0.02805922710745623,0.01872682049367347,7,валюта получателя укрепилась,общее движение рубля,0.029126062573130735,-0.0010668354656745045,False,"С 02.07 рубль заметно ослаб сразу к нескольким валютам, в том числе к узбекскому суму. Проверьте актуальные условия перевода."
2021-07-29,2021-07-22,UZS_RUB,0.00689867,-0.01849986483987076,0.01849986483987076,0.01626372351425287,7,рубль укрепился,общее движение рубля,-0.011967225263008715,-0.006532639576862046,True,"С 22.07 рубль заметно укрепился сразу к нескольким валютам, в том числе к узбекскому суму. Проверьте актуальные условия перевода."
2021-09-03,2021-08-27,UZS_RUB,0.00682747,-0.01690597965695584,0.01690597965695584,0.01626372351425287,7,рубль укрепился,общее движение рубля,-0.012054535348923054,-0.004851444308032785,False,"С 27.08 рубль заметно укрепился сразу к нескольким валютам, в том числе к узбекскому суму. Проверьте актуальные условия перевода."
2021-10-09,2021-10-02,UZS_RUB,0.0067418,-0.011493814688447124,0.011493814688447124,0.0112870413750499,7,рубль укрепился,общее движение рубля,-0.0139147567336075,0.002420942045160376,False,"С 02.10 рубль заметно укрепился сразу к нескольким валютам, в том числе к узбекскому суму. Проверьте актуальные условия перевода."
2021-10-16,2021-10-09,UZS_RUB,0.00665107,-0.013457830253048142,0.013457830253048142,0.01152681956733661,7,рубль укрепился,смешанное движение,-0.007528304033959839,-0.005929526219088303,False,С 09.10 рубль заметно укрепился к узбекскому суму. Проверьте актуальные условия перевода.
2021-10-20,2021-10-13,UZS_RUB,0.00663207,-0.015893625040435122,0.015893625040435122,0.011807805661943685,7,рубль укрепился,смешанное движение,-0.007233821894767327,-0.008659803145667794,False,С 13.10 рубль заметно укрепился к узбекскому суму. Проверьте актуальные условия перевода.
2021-10-26,2021-10-19,UZS_RUB,0.00655278,-0.014386855242515928,0.014386855242515928,0.011807805661943685,7,рубль укрепился,смешанное движение,-0.009898860608989072,-0.004487994633526856,False,С 19.10 рубль заметно укрепился к узбекскому суму. Проверьте актуальные условия перевода.
2021-11-02,2021-10-26,UZS_RUB,0.00665963,0.016306056360811727,0.016306056360811727,0.012493666069573762,7,валюта получателя укрепилась,смешанное движение,0.00960672563198591,0.006699330728825817,False,С 26.10 Узбекский сум заметно укрепился к рублю. Проверьте актуальные условия перевода.
2021-11-17,2021-11-10,UZS_RUB,0.00676744,0.01511701511701502,0.01511701511701502,0.013261611378252481,7,валюта получателя укрепилась,общее движение рубля,0.012314110266120356,0.002802904850894664,False,"С 10.11 рубль заметно ослаб сразу к нескольким валютам, в том числе к узбекскому суму. Проверьте актуальные условия перевода."
2021-11-23,2021-11-16,UZS_RUB,0.00683813,0.0158978000689336,0.0158978000689336,0.014532887217415748,7,валюта получателя укрепилась,общее движение рубля,0.011040665088351775,0.004857134980581823,False,"С 16.11 рубль заметно ослаб сразу к нескольким валютам, в том числе к узбекскому суму. Проверьте актуальные условия перевода."
2021-12-04,2021-11-27,UZS_RUB,0.00685323,-0.02464978659148387,0.02464978659148387,0.015909513268408615,7,рубль укрепился,общее движение рубля,-0.0218592398114467,-0.002790546780037168,False,"С 27.11 рубль заметно укрепился сразу к нескольким валютам, в том числе к узбекскому суму. Проверьте актуальные условия перевода."
2022-01-11,2021-12-25,UZS_RUB,0.00694501,0.025520585690279818,0.025520585690279818,0.016359596966099742,17,валюта получателя укрепилась,общее движение рубля,0.026400346335682407,-0.0008797606454025893,False,"С 25.12 рубль заметно ослаб сразу к нескольким валютам, в том числе к узбекскому суму. Проверьте актуальные условия перевода."
2022-01-19,2022-01-12,UZS_RUB,0.00704197,0.017971420930518178,0.017971420930518178,0.01776575011017028,7,валюта получателя укрепилась,общее движение рубля,0.02285409892115564,-0.004882677990637463,False,"С 12.01 рубль заметно ослаб сразу к нескольким валютам, в том числе к узбекскому суму. Проверьте актуальные условия перевода."
2022-01-26,2022-01-19,UZS_RUB,0.00726487,0.031653074352773425,0.031653074352773425,0.019585108238954475,7,валюта получателя укрепилась,общее движение рубля,0.028874808944665247,0.0027782654081081777,False,"С 19.01 рубль заметно ослаб сразу к нескольким валютам, в том числе к узбекскому суму. Проверьте актуальные условия перевода."
2022-02-03,2022-01-27,UZS_RUB,0.00707342,-0.0306984367120523,0.0306984367120523,0.02220882928505637,7,рубль укрепился,общее движение рубля,-0.03345141635683776,0.002752979644785457,False,"С 27.01 рубль заметно укрепился сразу к нескольким валютам, в том числе к узбекскому суму. Проверьте актуальные условия перевода."
2022-02-08,2022-02-01,UZS_RUB,0.00697323,-0.026508039105919035,0.026508039105919035,0.02435065397490708,7,рубль укрепился,общее движение рубля,-0.015199534520305202,-0.011308504585613832,True,"С 01.02 рубль заметно укрепился сразу к нескольким валютам, в том числе к узбекскому суму. Проверьте актуальные условия перевода."
2022-02-23,2022-02-16,UZS_RUB,0.00741793,0.05611650706599569,0.05611650706599569,0.025620407660713142,7,валюта получателя укрепилась,общее движение рубля,0.055729465715696,0.0003870413502996897,False,"С 16.02 рубль заметно ослаб сразу к нескольким валютам, в том числе к узбекскому суму. Проверьте актуальные условия перевода."
2022-03-30,2022-03-23,UZS_RUB,0.00752379,-0.16596570653234244,0.16596570653234244,0.1147705055917921,7,рубль укрепился,общее движение рубля,-0.1686216414815076,0.002655934949165162,False,"С 23.03 рубль заметно укрепился сразу к нескольким валютам, в том числе к узбекскому суму. Проверьте актуальные условия перевода."
2022-05-28,2022-05-21,UZS_RUB,0.0060119,0.13203319330183727,0.13203319330183727,0.1261225935008487,7,валюта получателя укрепилась,общее движение рубля,0.13363694852939587,-0.0016037552275585953,False,"С 21.05 рубль заметно ослаб сразу к нескольким валютам, в том числе к узбекскому суму. Проверьте актуальные условия перевода."
2022-07-06,2022-06-29,UZS_RUB,0.00539942,0.10328241342389388,0.10328241342389388,0.07753333120942041,7,валюта получателя укрепилась,общее движение рубля,0.10089548006123865,0.002386933362655233,False,"С 29.06 рубль заметно ослаб сразу к нескольким валютам, в том числе к узбекскому суму. Проверьте актуальные условия перевода."
2022-07-15,2022-07-08,UZS_RUB,0.00532746,-0.08137104783976157,0.08137104783976157,0.08060020417390992,7,рубль укрепился,общее движение рубля,-0.08904561548646713,0.007674567646705557,False,"С 08.07 рубль заметно укрепился сразу к нескольким валютам, в том числе к узбекскому суму. Проверьте актуальные условия перевода."
2022-07-19,2022-07-12,UZS_RUB,0.00515594,-0.08223491570738684,0.08223491570738684,0.08151036446523548,7,рубль укрепился,общее движение рубля,-0.07925163016110703,-0.0029832855462798014,False,"С 12.07 рубль заметно укрепился сразу к нескольким валютам, в том числе к узбекскому суму. Проверьте актуальные условия перевода."
2022-07-28,2022-07-21,UZS_RUB,0.00549442,0.0944492914709596,0.0944492914709596,0.08210108791518225,7,валюта получателя укрепилась,общее движение рубля,0.0995469853982874,-0.005097693927327798,False,"С 21.07 рубль заметно ослаб сразу к нескольким валютам, в том числе к узбекскому суму. Проверьте актуальные условия перевода."
2022-10-07,2022-09-30,UZS_RUB,0.0054636,0.04677294821121669,0.04677294821121669,0.042969649051989536,7,валюта получателя укрепилась,общее движение рубля,0.05882408887817866,-0.012051140666961967,False,"С 30.09 рубль заметно ослаб сразу к нескольким валютам, в том числе к узбекскому суму. Проверьте актуальные условия перевода."
2022-11-12,2022-11-04,UZS_RUB,0.00537907,-0.03775927300698556,0.03775927300698556,0.03746764777036173,8,рубль укрепился,выделяется валюта получателя,-0.004306803373904211,-0.03345246963308135,False,С 04.11 рубль заметно укрепился к узбекскому суму; по другим валютам движение было слабее. Проверьте актуальные условия перевода.
2022-12-17,2022-12-10,UZS_RUB,0.00575255,0.03839641578096131,0.03839641578096131,0.03754283311147808,7,валюта получателя укрепилась,общее движение рубля,0.03724534078427033,0.0011510749966909817,False,"С 10.12 рубль заметно ослаб сразу к нескольким валютам, в том числе к узбекскому суму. Проверьте актуальные условия перевода."
2023-01-12,2022-12-29,UZS_RUB,0.00610513,-0.04390728995380144,0.04390728995380144,0.037169833745660186,14,рубль укрепился,выделяется валюта получателя,-0.017729944285249283,-0.02617734566855216,False,С 29.12 рубль заметно укрепился к узбекскому суму; по другим валютам движение было слабее. Проверьте актуальные условия перевода.
2023-02-10,2023-02-03,UZS_RUB,0.0064111,0.032765758654574206,0.032765758654574206,0.03011094189905852,7,валюта получателя укрепилась,общее движение рубля,0.03066870793138543,0.002097050723188776,False,"С 03.02 рубль заметно ослаб сразу к нескольким валютам, в том числе к узбекскому суму. Проверьте актуальные условия перевода."
2023-02-14,2023-02-07,UZS_RUB,0.00649403,0.040995208622875756,0.040995208622875756,0.03011094189905852,7,валюта получателя укрепилась,общее движение рубля,0.038399825068110204,0.0025953835547655527,False,"С 07.02 рубль заметно ослаб сразу к нескольким валютам, в том числе к узбекскому суму. Проверьте актуальные условия перевода."
2023-04-05,2023-03-29,UZS_RUB,0.00696369,0.03695315187334436,0.03695315187334436,0.02426980507241816,7,валюта получателя укрепилась,общее движение рубля,0.040452309717906,-0.0034991578445616386,False,"С 29.03 рубль заметно ослаб сразу к нескольким валютам, в том числе к узбекскому суму. Проверьте актуальные условия перевода."
2023-05-04,2023-04-26,UZS_RUB,0.00693364,-0.028620342312126956,0.028620342312126956,0.027176595988002157,8,рубль укрепился,общее движение рубля,-0.02735650502798644,-0.001263837284140517,False,"С 26.04 рубль заметно укрепился сразу к нескольким валютам, в том числе к узбекскому суму. Проверьте актуальные условия перевода."
2023-05-17,2023-05-06,UZS_RUB,0.00700522,0.043664166718811126,0.043664166718811126,0.03380240541179216,11,валюта получателя укрепилась,общее движение рубля,0.03300049219364191,0.010663674525169219,False,"С 06.05 рубль заметно ослаб сразу к нескольким валютам, в том числе к узбекскому суму. Проверьте актуальные условия перевода."
2023-06-15,2023-06-07,UZS_RUB,0.00735493,0.03639901812412116,0.03639901812412116,0.03380240541179216,8,валюта получателя укрепилась,общее движение рубля,0.03931722650414874,-0.0029182083800275774,False,"С 07.06 рубль заметно ослаб сразу к нескольким валютам, в том числе к узбекскому суму. Проверьте актуальные условия перевода."
2023-06-30,2023-06-23,UZS_RUB,0.00757601,0.0420591920750788,0.0420591920750788,0.03469630263612427,7,валюта получателя укрепилась,общее движение рубля,0.03565950066095088,0.0063996914141279185,False,"С 23.06 рубль заметно ослаб сразу к нескольким валютам, в том числе к узбекскому суму. Проверьте актуальные условия перевода."
2023-08-04,2023-07-28,UZS_RUB,0.00804626,0.0390422421719232,0.0390422421719232,0.033644356654351004,7,валюта получателя укрепилась,общее движение рубля,0.0335150431212489,0.0055271990506743016,False,"С 28.07 рубль заметно ослаб сразу к нескольким валютам, в том числе к узбекскому суму. Проверьте актуальные условия перевода."
2023-08-17,2023-08-10,UZS_RUB,0.00800866,-0.04086296057658445,0.04086296057658445,0.03628607486139881,7,рубль укрепился,выделяется валюта получателя,-0.0128375882642634,-0.02802537231232105,False,С 10.08 рубль заметно укрепился к узбекскому суму; по другим валютам движение было слабее. Проверьте актуальные условия перевода.
2023-10-04,2023-09-27,UZS_RUB,0.00813662,0.031992369723427894,0.031992369723427894,0.031430551754290395,7,валюта получателя укрепилась,общее движение рубля,0.0275416416180414,0.004450728105386492,False,"С 27.09 рубль заметно ослаб сразу к нескольким валютам, в том числе к узбекскому суму. Проверьте актуальные условия перевода."
2023-10-14,2023-10-07,UZS_RUB,0.0079571,-0.03412622113461139,0.03412622113461139,0.032132347760354944,7,рубль укрепился,общее движение рубля,-0.03198030817797933,-0.002145912956632058,False,"С 07.10 рубль заметно укрепился сразу к нескольким валютам, в том числе к узбекскому суму. Проверьте актуальные условия перевода."
2023-10-25,2023-10-18,UZS_RUB,0.00765445,-0.040612998967221814,0.040612998967221814,0.034552544716832764,7,рубль укрепился,общее движение рубля,-0.03650505964965863,-0.004107939317563182,False,"С 18.10 рубль заметно укрепился сразу к нескольким валютам, в том числе к узбекскому суму. Проверьте актуальные условия перевода."
2023-11-16,2023-11-09,UZS_RUB,0.00727882,-0.030507986952358013,0.030507986952358013,0.027558490818581617,7,рубль укрепился,общее движение рубля,-0.022973882463903268,-0.007534104488454745,False,"С 09.11 рубль заметно укрепился сразу к нескольким валютам, в том числе к узбекскому суму. Проверьте актуальные условия перевода."
2023-12-06,2023-11-29,UZS_RUB,0.0074627,0.03674385715337558,0.03674385715337558,0.02978681013559026,7,валюта получателя укрепилась,общее движение рубля,0.030108216410363504,0.006635640743012077,False,"С 29.11 рубль заметно ослаб сразу к нескольким валютам, в том числе к узбекскому суму. Проверьте актуальные условия перевода."
2023-12-14,2023-12-07,UZS_RUB,0.00727934,-0.035824742609416704,0.035824742609416704,0.030653179082882943,7,рубль укрепился,общее движение рубля,-0.032614370148289606,-0.003210372461127098,False,"С 07.12 рубль заметно укрепился сразу к нескольким валютам, в том числе к узбекскому суму. Проверьте актуальные условия перевода."
2024-01-12,2023-12-28,UZS_RUB,0.00714943,-0.0368037657912782,0.0368037657912782,0.031812402310908414,15,рубль укрепился,общее движение рубля,-0.03454859469032497,-0.002255171100953225,False,"С 28.12 рубль заметно укрепился сразу к нескольким валютам, в том числе к узбекскому суму. Проверьте актуальные условия перевода."
2024-04-12,2024-04-05,UZS_RUB,0.00739354,0.014686002802431153,0.014686002802431153,0.0130685133145249,7,валюта получателя укрепилась,общее движение рубля,0.012326315819034464,0.0023596869833966885,False,"С 05.04 рубль заметно ослаб сразу к нескольким валютам, в том числе к узбекскому суму. Проверьте актуальные условия перевода."
2024-04-17,2024-04-10,UZS_RUB,0.00743401,0.016026241158984433,0.016026241158984433,0.01280948548693981,7,валюта получателя укрепилась,выделяется валюта получателя,0.005537578497712599,0.010488662661271835,False,С 10.04 узбекский сум заметно укрепился к рублю; по другим валютам движение было слабее. Проверьте актуальные условия перевода.
2024-04-25,2024-04-18,UZS_RUB,0.00728105,-0.021838865819138853,0.021838865819138853,0.013319925086330156,7,рубль укрепился,общее движение рубля,-0.01819281091402695,-0.0036460549051119014,True,"С 18.04 рубль заметно укрепился сразу к нескольким валютам, в том числе к узбекскому суму. Проверьте актуальные условия перевода."
2024-05-25,2024-05-18,UZS_RUB,0.00705604,-0.013567563109089908,0.013567563109089908,0.012202339580927469,7,рубль укрепился,общее движение рубля,-0.01688540757255208,0.0033178444634621718,False,"С 18.05 рубль заметно укрепился сразу к нескольким валютам, в том числе к узбекскому суму. Проверьте актуальные условия перевода."
2024-06-01,2024-05-25,UZS_RUB,0.00714681,0.012864156098888246,0.012864156098888246,0.012724717461451363,7,валюта получателя укрепилась,смешанное движение,0.006172186314680787,0.006691969784207459,False,С 25.05 Узбекский сум заметно укрепился к рублю. Проверьте актуальные условия перевода.
2024-06-07,2024-05-31,UZS_RUB,0.00700222,-0.014175880026636944,0.014175880026636944,0.012202339580927469,7,рубль укрепился,смешанное движение,-0.009520818053581404,-0.004655061973055541,False,С 31.05 рубль заметно укрепился к узбекскому суму. Проверьте актуальные условия перевода.
2024-06-19,2024-06-11,UZS_RUB,0.00689947,-0.01952572663698482,0.01952572663698482,0.012409132559507553,8,рубль укрепился,общее движение рубля,-0.027073050842527424,0.007547324205542605,True,"С 11.06 рубль заметно укрепился сразу к нескольким валютам, в том числе к узбекскому суму. Проверьте актуальные условия перевода."
2024-06-27,2024-06-20,UZS_RUB,0.00697629,0.06609808428181951,0.06609808428181951,0.014436799734473073,7,валюта получателя укрепилась,общее движение рубля,0.0608630010766514,0.005235083205168113,False,"С 20.06 рубль заметно ослаб сразу к нескольким валютам, в том числе к узбекскому суму. Проверьте актуальные условия перевода."
2024-07-05,2024-06-28,UZS_RUB,0.00700255,0.03683879326300188,0.03683879326300188,0.016054854063408276,7,валюта получателя укрепилась,общее движение рубля,0.04196313202256582,-0.005124338759563939,False,"С 28.06 рубль заметно ослаб сразу к нескольким валютам, в том числе к узбекскому суму. Проверьте актуальные условия перевода."
2024-07-26,2024-07-19,UZS_RUB,0.00676513,-0.030911398497619147,0.030911398497619147,0.017564431293336295,7,рубль укрепился,общее движение рубля,-0.02733291074814907,-0.003578487749470078,False,"С 19.07 рубль заметно укрепился сразу к нескольким валютам, в том числе к узбекскому суму. Проверьте актуальные условия перевода."
2024-08-10,2024-08-03,UZS_RUB,0.0069548,0.02045817028275776,0.02045817028275776,0.018653525551459983,7,валюта получателя укрепилась,общее движение рубля,0.019064499252550975,0.001393671030206784,False,"С 03.08 рубль заметно ослаб сразу к нескольким валютам, в том числе к узбекскому суму. Проверьте актуальные условия перевода."
2024-08-21,2024-08-14,UZS_RUB,0.00717466,-0.021976913471867032,0.021976913471867032,0.021456987258603146,7,рубль укрепился,выделяется валюта получателя,-0.00567216840214646,-0.016304745069720572,False,С 14.08 рубль заметно укрепился к узбекскому суму; по другим валютам движение было слабее. Проверьте актуальные условия перевода.
2024-09-04,2024-08-28,UZS_RUB,0.00701875,-0.027935893281037516,0.027935893281037516,0.024590541973439357,7,рубль укрепился,общее движение рубля,-0.014857391084640756,-0.01307850219639676,True,"С 28.08 рубль заметно укрепился сразу к нескольким валютам, в том числе к узбекскому суму. Проверьте актуальные условия перевода."
2024-10-03,2024-09-26,UZS_RUB,0.00741801,0.02411032433798077,0.02411032433798077,0.022494649556470004,7,валюта получателя укрепилась,общее движение рубля,0.018345154741261194,0.005765169596719577,False,"С 26.09 рубль заметно ослаб сразу к нескольким валютам, в том числе к узбекскому суму. Проверьте актуальные условия перевода."
2024-10-08,2024-10-01,UZS_RUB,0.00751975,0.025688065886281253,0.025688065886281253,0.02371773717391843,7,валюта получателя укрепилась,общее движение рубля,0.021624978500771903,0.00406308738550935,False,"С 01.10 рубль заметно ослаб сразу к нескольким валютам, в том числе к узбекскому суму. Проверьте актуальные условия перевода."
2024-11-16,2024-11-09,UZS_RUB,0.00781219,0.022827134373068825,0.022827134373068825,0.02176228155539577,7,валюта получателя укрепилась,общее движение рубля,0.013213194471273596,0.009613939901795229,False,"С 09.11 рубль заметно ослаб сразу к нескольким валютам, в том числе к узбекскому суму. Проверьте актуальные условия перевода."
2024-11-23,2024-11-16,UZS_RUB,0.00798617,0.022270323686443882,0.022270323686443882,0.021449460702151903,7,валюта получателя укрепилась,общее движение рубля,0.01748078073664794,0.004789542949795944,False,"С 16.11 рубль заметно ослаб сразу к нескольким валютам, в том числе к узбекскому суму. Проверьте актуальные условия перевода."
2024-12-05,2024-11-28,UZS_RUB,0.0081273,-0.035316991183215185,0.035316991183215185,0.022564483086841003,7,рубль укрепился,общее движение рубля,-0.03323527887062209,-0.0020817123125930967,False,"С 28.11 рубль заметно укрепился сразу к нескольким валютам, в том числе к узбекскому суму. Проверьте актуальные условия перевода."
2024-12-14,2024-12-07,UZS_RUB,0.00804275,0.03846292896191783,0.03846292896191783,0.02621390122482375,7,валюта получателя укрепилась,общее движение рубля,0.032049318439024775,0.006413610522893055,False,"С 07.12 рубль заметно ослаб сразу к нескольким валютам, в том числе к узбекскому суму. Проверьте актуальные условия перевода."
2024-12-25,2024-12-18,UZS_RUB,0.00774089,-0.0323790737907379,0.0323790737907379,0.030837338858412267,7,рубль укрепился,общее движение рубля,-0.029905191098028434,-0.0024738826927094663,True,"С 18.12 рубль заметно укрепился сразу к нескольким валютам, в том числе к узбекскому суму. Проверьте актуальные условия перевода."
2025-01-22,2025-01-15,UZS_RUB,0.00770154,-0.034155224112698,0.034155224112698,0.03408639783968784,7,рубль укрепился,общее движение рубля,-0.025665083078708257,-0.008490141033989745,True,"С 15.01 рубль заметно укрепился сразу к нескольким валютам, в том числе к узбекскому суму. Проверьте актуальные условия перевода."
2025-02-13,2025-02-06,UZS_RUB,0.00724565,-0.03946777103602228,0.03946777103602228,0.03922783559854916,7,рубль укрепился,общее движение рубля,-0.04156884738332541,0.002101076347303131,False,"С 06.02 рубль заметно укрепился сразу к нескольким валютам, в том числе к узбекскому суму. Проверьте актуальные условия перевода."
2025-03-15,2025-03-08,UZS_RUB,0.00661375,-0.041479950608409366,0.041479950608409366,0.038663897376738726,7,рубль укрепился,общее движение рубля,-0.03602397928729506,-0.005455971321114306,False,"С 08.03 рубль заметно укрепился сразу к нескольким валютам, в том числе к узбекскому суму. Проверьте актуальные условия перевода."
2025-07-02,2025-06-25,UZS_RUB,0.0061771,-0.02200879972008085,0.02200879972008085,0.02035392886924923,7,рубль укрепился,выделяется валюта получателя,0.0029520414183846766,-0.024960841138465528,False,С 25.06 рубль заметно укрепился к узбекскому суму; по другим валютам движение было слабее. Проверьте актуальные условия перевода.
2025-07-26,2025-07-19,UZS_RUB,0.00628702,0.01620885959325924,0.01620885959325924,0.015082584380981893,7,валюта получателя укрепилась,общее движение рубля,0.01878061989427719,-0.0025717603010179495,False,"С 19.07 рубль заметно ослаб сразу к нескольким валютам, в том числе к узбекскому суму. Проверьте актуальные условия перевода."
2025-08-06,2025-07-30,UZS_RUB,0.00634238,-0.034651235000091374,0.034651235000091374,0.01574466510145156,7,рубль укрепился,общее движение рубля,-0.0269649491226418,-0.007686285877449572,False,"С 30.07 рубль заметно укрепился сразу к нескольким валютам, в том числе к узбекскому суму. Проверьте актуальные условия перевода."
2025-08-19,2025-08-12,UZS_RUB,0.00640975,0.019603881963124126,0.019603881963124126,0.01574466510145156,7,валюта получателя укрепилась,общее движение рубля,0.010374759411002113,0.009229122552122012,False,"С 12.08 рубль заметно ослаб сразу к нескольким валютам, в том числе к узбекскому суму. Проверьте актуальные условия перевода."
2025-09-06,2025-08-30,UZS_RUB,0.00655742,0.018929081981478024,0.018929081981478024,0.01809943090925197,7,валюта получателя укрепилась,общее движение рубля,0.013614967510532297,0.005314114470945727,False,"С 30.08 рубль заметно ослаб сразу к нескольким валютам, в том числе к узбекскому суму. Проверьте актуальные условия перевода."
2025-09-19,2025-09-12,UZS_RUB,0.00678723,-0.020646954253194738,0.020646954253194738,0.019813681048098046,7,рубль укрепился,общее движение рубля,-0.019808416566223713,-0.0008385376869710255,False,"С 12.09 рубль заметно укрепился сразу к нескольким валютам, в том числе к узбекскому суму. Проверьте актуальные условия перевода."
2025-09-25,2025-09-18,UZS_RUB,0.00690093,0.02145053071265446,0.02145053071265446,0.01981249642113825,7,валюта получателя укрепилась,выделяется валюта получателя,0.00674902402907714,0.01470150668357732,False,С 18.09 узбекский сум заметно укрепился к рублю; по другим валютам движение было слабее. Проверьте актуальные условия перевода.
2025-10-02,2025-09-25,UZS_RUB,0.00675326,-0.021398565120933077,0.021398565120933077,0.020648138880154532,7,рубль укрепился,общее движение рубля,-0.029332842828602452,0.007934277707669374,False,"С 25.09 рубль заметно укрепился сразу к нескольким валютам, в том числе к узбекскому суму. Проверьте актуальные условия перевода."
2025-10-14,2025-10-07,UZS_RUB,0.0066597,-0.03229884422796925,0.03229884422796925,0.020802014934581583,7,рубль укрепился,общее движение рубля,-0.026628588455639608,-0.00567025577232964,False,"С 07.10 рубль заметно укрепился сразу к нескольким валютам, в том числе к узбекскому суму. Проверьте актуальные условия перевода."
2025-10-22,2025-10-15,UZS_RUB,0.00674515,0.024908755519493342,0.024908755519493342,0.024661475812105964,7,валюта получателя укрепилась,общее движение рубля,0.020284122640553386,0.004624632878939956,False,"С 15.10 рубль заметно ослаб сразу к нескольким валютам, в том числе к узбекскому суму. Проверьте актуальные условия перевода."
2025-10-28,2025-10-21,UZS_RUB,0.00651832,-0.02990219131925631,0.02990219131925631,0.02319029846722232,7,рубль укрепился,общее движение рубля,-0.02655341585566769,-0.0033487754635886206,True,"С 21.10 рубль заметно укрепился сразу к нескольким валютам, в том числе к узбекскому суму. Проверьте актуальные условия перевода."
2025-11-27,2025-11-20,UZS_RUB,0.00658414,-0.028730324978978983,0.028730324978978983,0.027469949091384123,7,рубль укрепился,общее движение рубля,-0.025538583715694545,-0.0031917412632844373,False,"С 20.11 рубль заметно укрепился сразу к нескольким валютам, в том числе к узбекскому суму. Проверьте актуальные условия перевода."
2025-12-06,2025-11-29,UZS_RUB,0.00636063,-0.03224172085677679,0.03224172085677679,0.0271590465889249,7,рубль укрепился,общее движение рубля,-0.025582749555142132,-0.006658971301634658,False,"С 29.11 рубль заметно укрепился сразу к нескольким валютам, в том числе к узбекскому суму. Проверьте актуальные условия перевода."
2025-12-13,2025-12-06,UZS_RUB,0.00661796,0.04045668432215055,0.04045668432215055,0.026338703260364763,7,валюта получателя укрепилась,общее движение рубля,0.05095458384502183,-0.010497899522871279,False,"С 06.12 рубль заметно ослаб сразу к нескольким валютам, в том числе к узбекскому суму. Проверьте актуальные условия перевода."
2025-12-26,2025-12-19,UZS_RUB,0.0064482,-0.03139312532765326,0.03139312532765326,0.027273466774515524,7,рубль укрепился,общее движение рубля,-0.024806277558074113,-0.006586847769579147,True,"С 19.12 рубль заметно укрепился сразу к нескольким валютам, в том числе к узбекскому суму. Проверьте актуальные условия перевода."
2026-01-23,2026-01-16,UZS_RUB,0.00626503,-0.04505082622142209,0.04505082622142209,0.026338703260364763,7,рубль укрепился,общее движение рубля,-0.03268069652005445,-0.012370129701367638,False,"С 16.01 рубль заметно укрепился сразу к нескольким валютам, в том числе к узбекскому суму. Проверьте актуальные условия перевода."
2026-03-07,2026-02-28,UZS_RUB,0.00649236,0.022679801776201103,0.022679801776201103,0.021822791588423558,7,валюта получателя укрепилась,общее движение рубля,0.01592967904696437,0.006750122729236734,False,"С 28.02 рубль заметно ослаб сразу к нескольким валютам, в том числе к узбекскому суму. Проверьте актуальные условия перевода."
2026-03-14,2026-03-06,UZS_RUB,0.00664028,0.03400551238729976,0.03400551238729976,0.02343436154428096,8,валюта получателя укрепилась,общее движение рубля,0.02191832504857949,0.012087187338720273,False,"С 06.03 рубль заметно ослаб сразу к нескольким валютам, в том числе к узбекскому суму. Проверьте актуальные условия перевода."
2026-03-26,2026-03-19,UZS_RUB,0.00663176,-0.02837476906216896,0.02837476906216896,0.02598514584723355,7,рубль укрепился,общее движение рубля,-0.024244487569863304,-0.004130281492305654,False,"С 19.03 рубль заметно укрепился сразу к нескольким валютам, в том числе к узбекскому суму. Проверьте актуальные условия перевода."
2026-04-07,2026-03-31,UZS_RUB,0.00646616,-0.028772612846439838,0.028772612846439838,0.02598514584723355,7,рубль укрепился,общее движение рубля,-0.027605954238503982,-0.0011666586079358554,True,"С 31.03 рубль заметно укрепился сразу к нескольким валютам, в том числе к узбекскому суму. Проверьте актуальные условия перевода."
2026-04-16,2026-04-09,UZS_RUB,0.00617161,-0.03619494704359261,0.03619494704359261,0.032003952178888365,7,рубль укрепился,общее движение рубля,-0.03573882739726734,-0.00045611964632526897,False,"С 09.04 рубль заметно укрепился сразу к нескольким валютам, в том числе к узбекскому суму. Проверьте актуальные условия перевода."
2026-05-13,2026-05-05,UZS_RUB,0.00607525,-0.03413535221209674,0.03413535221209674,0.031566874059855324,8,рубль укрепился,выделяется валюта получателя,-0.016142106048844435,-0.0179932461632523,False,С 05.05 рубль заметно укрепился к узбекскому суму; по другим валютам движение было слабее. Проверьте актуальные условия перевода.
2026-05-21,2026-05-14,UZS_RUB,0.00587528,-0.03282318216462787,0.03282318216462787,0.032003952178888365,7,рубль укрепился,общее движение рубля,-0.03772541111409441,0.004902228949466535,False,"С 14.05 рубль заметно укрепился сразу к нескольким валютам, в том числе к узбекскому суму. Проверьте актуальные условия перевода."
2026-06-04,2026-05-28,UZS_RUB,0.00612694,0.03714951214392603,0.03714951214392603,0.03298246626829704,7,валюта получателя укрепилась,общее движение рубля,0.032972939810656555,0.004176572333269478,False,"С 28.05 рубль заметно ослаб сразу к нескольким валютам, в том числе к узбекскому суму. Проверьте актуальные условия перевода."
2026-06-24,2026-06-17,UZS_RUB,0.00620952,0.03397219215718916,0.03397219215718916,0.03206894903545035,7,валюта получателя укрепилась,общее движение рубля,0.028832917779415396,0.005139274377773766,False,"С 17.06 рубль заметно ослаб сразу к нескольким валютам, в том числе к узбекскому суму. Проверьте актуальные условия перевода."
2026-08-05,2026-07-29,UZS_RUB,0.00679347,0.04022496581566948,0.04022496581566948,0.03397241763746654,7,валюта получателя укрепилась,общее движение рубля,0.035829372133562444,0.004395593682107034,False,"С 29.07 рубль заметно ослаб сразу к нескольким валютам, в том числе к узбекскому суму. Проверьте актуальные условия перевода."
2026-08-19,2026-08-12,UZS_RUB,0.00718242,0.040609203245954406,0.040609203245954406,0.0341211392637073,7,валюта получателя укрепилась,общее движение рубля,0.0358127744822038,0.004796428763750603,False,"С 12.08 рубль заметно ослаб сразу к нескольким валютам, в том числе к узбекскому суму. Проверьте актуальные условия перевода."
2026-08-29,2026-08-22,UZS_RUB,0.00725354,0.03633251610174826,0.03633251610174826,0.0341211392637073,7,валюта получателя укрепилась,общее движение рубля,0.03127128608437002,0.005061230017378238,False,"С 22.08 рубль заметно ослаб сразу к нескольким валютам, в том числе к узбекскому суму. Проверьте актуальные условия перевода."
