date,corridor,target_source_quote_date,signal_id,signal_name,rate,ret_1,ret_5,abs_ret1_q80_prev60,abs_ret5_q80_prev60,rate_lag_5,range_5,range_6,event_gap_days,good,future_regret_bps,centered_benefit_bps,signal_magnitude_bps
2019-01-25,KZT_RUB,2019-01-25,M04,Пять обновлений в узком диапазоне,0.174802,-0.0020780288412133308,-0.006914026326703349,,,,0.00475107670133658,,,False,171.50833514490685,-20.207788364978974,47.5107670133658
2019-02-07,TJS_RUB,2019-02-07,M04,Пять обновлений в узком диапазоне,6.963800000000001,0.0020490505873753673,-0.006506967062848257,,,7.00941,0.004743075498195647,0.011288786347722726,,True,14.647175392746913,36.650650388087314,47.430754981956476
2019-02-07,UZS_RUB,2019-02-07,M04,Пять обновлений в узком диапазоне,0.00783563,0.003999015942248052,-0.0063091442644490625,,,0.00788538,0.004935791226902865,0.011282874591372699,,True,24.286496427217394,31.027435598260695,49.357912269028645
2019-02-08,AMD_RUB,2019-02-08,M04,Пять обновлений в узком диапазоне,0.135038,0.003500115184257746,0.00785908870395935,,,0.133985,0.0034954707308131254,0.007822075635682914,,True,78.12615708171037,18.447476433799963,34.954707308131255
2019-02-14,AMD_RUB,2019-02-14,M03,Возвращение к уровню пяти обновлений назад,0.134559,0.0021075992731389714,-5.9449939435185506e-05,,,0.134567,0.010849547007277721,0.010850795984982809,,True,37.08410437057346,45.479381212681844,0.5944993943518551
2019-02-21,TJS_RUB,2019-02-21,M03,Возвращение к уровню пяти обновлений назад,6.976059999999999,-0.006313048581416014,0.0021447667260916514,,,6.96113,0.013094793613645272,0.015243325285236345,,True,88.78937394460341,13.807787903219696,21.447667260916514
2019-03-05,AMD_RUB,2019-03-05,M04,Пять обновлений в узком диапазоне,0.134483,0.0008409615241498081,0.007106804259589206,0.005309509188671013,0.010955573565166077,0.133534,0.0017861262642424234,0.007069963334032629,25.0,True,30.41276592580421,-8.235822354300614,17.861262642424233
2019-03-05,KGS_RUB,2019-03-05,M04,Пять обновлений в узком диапазоне,0.943983,-0.000429907591045664,0.007946261829434142,0.005510017348894447,0.009842399853901895,0.936541,0.003552271790639558,0.009467728042296687,,True,74.0479436600029,-12.146714328924007,35.52271790639558
2019-03-05,TJS_RUB,2019-03-05,M04,Пять обновлений в узком диапазоне,6.977259999999999,0.0006023180640923886,0.009132037048821706,0.005877826823948773,0.009454590117810913,6.91412,0.004124862277503426,0.00996747166846726,26.0,True,59.79424587875435,-13.453558365725025,41.24862277503426
2019-03-06,UZS_RUB,2019-03-06,M04,Пять обновлений в узком диапазоне,0.00783995,0.000636889020492637,0.003994232118800012,0.0054042697067948845,0.010463919154504975,0.00780876,0.002965736050001879,0.0050768691533592605,27.0,True,32.3726554378538,-5.339983183336004,29.65736050001879
2019-03-08,KZT_RUB,2019-03-08,M04,Пять обновлений в узком диапазоне,0.173829,-0.0019807778428466705,-0.01086276161103461,0.005109961859504299,0.013116288580574011,0.175738,0.003908388745217746,0.010940444590478323,42.0,True,77.31736361596809,3.138388987703816,39.08388745217746
2019-03-19,AMD_RUB,2019-03-19,M01,Заметное изменение за пять обновлений,0.133037,-0.00913871179169401,-0.01605674220460329,0.005149055316215901,0.0104024222708079,0.135208,0.010870911470341244,0.016174434559102047,,False,152.138126987229,12.24437848964801,160.5674220460329
2019-03-19,KGS_RUB,2019-03-19,M01,Заметное изменение за пять обновлений,0.92716,-0.010766592940418263,-0.021291419040883386,0.0047176955101113196,0.009349910774774274,0.94733,0.016806030100110256,0.021492627648661805,,False,165.4083437594376,30.280351320895928,212.91419040883386
2019-03-19,KZT_RUB,2019-03-19,M01,Заметное изменение за пять обновлений,0.171865,-0.003594515465112913,-0.01426990071865708,0.004775843459532947,0.012541579395059933,0.174353,0.012320508908675804,0.01435968668025563,,False,198.1206179268607,-22.253996014052156,142.6990071865708
2019-03-19,TJS_RUB,2019-03-19,M01,Заметное изменение за пять обновлений,6.854200000000001,-0.011213327312883603,-0.021292758291781455,0.005052523379482033,0.009355246491764512,7.00332,0.01732546830854807,0.02147949015019209,,False,148.41994689387766,38.30669858545395,212.92758291781456
2019-03-19,UZS_RUB,2019-03-19,M01,Заметное изменение за пять обновлений,0.00772486,-0.011479838302043466,-0.020188913537873443,0.005035573799710025,0.010282786750158923,0.00788403,0.016794754731030405,0.020346462101300266,,False,150.96713726850768,31.598362700683964,201.88913537873444
2019-03-26,AMD_RUB,2019-03-26,M03,Возвращение к уровню пяти обновлений назад,0.132742,0.013197163640249476,-0.002217428234250529,0.005419380310596501,0.01370623540968956,0.133037,0.013114361173602653,0.01532872697345998,40.0,False,53.33654758855422,11.14418932651731,22.174282342505293
2019-03-26,TJS_RUB,2019-03-26,M03,Возвращение к уровню пяти обновлений назад,6.839799999999999,0.012480219791606517,-0.0021009016369527567,0.005749695095466124,0.011462593119243004,6.854200000000001,0.012853076952738957,0.014950543285372209,33.0,False,51.317289979237735,20.384329266355284,21.009016369527565
2019-03-27,KGS_RUB,2019-03-27,M03,Возвращение к уровню пяти обновлений назад,0.919976,-0.005131277433950365,0.0006177888380349827,0.0055168777711434025,0.011624341049974674,0.919408,0.014054574073500994,0.014050055250986236,,True,0.0,66.40258650476362,6.1778883803498275
2019-03-27,UZS_RUB,2019-03-27,M03,Возвращение к уровню пяти обновлений назад,0.00766419,-0.0040595522277506735,-0.001945532892397961,0.005919848385601778,0.013758628602616119,0.00767913,0.011396119385427766,0.011389103087993962,,True,0.0,60.48267195347957,19.455328923979607
2019-03-29,AMD_RUB,2019-03-29,M01,Заметное изменение за пять обновлений,0.133254,0.004159696161323945,0.015578080938952965,0.005648780782521224,0.013402696749006184,0.13121,0.016932504212347814,0.016956826049397664,10.0,False,19.511609407598286,-28.116945853197805,155.78080938952965
2019-03-29,KGS_RUB,2019-03-29,M01,Заметное изменение за пять обновлений,0.928384,0.0027997649580036033,0.018161399568337844,0.005679176000595998,0.010975204762267434,0.911824,0.017518592631130776,0.01799046700797134,10.0,False,10.265148903901636,-24.92132961612837,181.61399568337845
2019-03-29,TJS_RUB,2019-03-29,M01,Заметное изменение за пять обновлений,6.86635,0.0024336903329791326,0.01686493979240189,0.005933368941551276,0.010878393477981365,6.75247,0.016247498975554556,0.0167189930432957,10.0,False,10.252900012377824,-18.25532583064292,168.6493979240189
2019-03-29,UZS_RUB,2019-03-29,M01,Заметное изменение за пять обновлений,0.00772596,0.003232018407831605,0.01547269802214446,0.005725846752005737,0.012663119930574944,0.00760824,0.014887385580812382,0.015352606543594252,10.0,False,10.277040005384034,-25.01787719459632,154.7269802214446
2019-04-03,AMD_RUB,2019-04-03,M01,Заметное изменение за пять обновлений,0.134441,-0.00038663722275511514,0.0182301528394202,0.0058588647982984465,0.013725621907257013,0.132034,0.013408016961029272,0.018444390550031293,5.0,False,123.3998556987819,-93.85018507256504,182.301528394202
2019-04-03,KZT_RUB,2019-04-03,M01,Заметное изменение за пять обновлений,0.172396,0.001237055923058561,0.016563769628568314,0.005646205350777755,0.01426990071865708,0.169587,0.015039255203243241,0.016442686204592164,15.0,False,144.60892364091947,-91.55474706276281,165.63769628568315
2019-04-03,UZS_RUB,2019-04-03,M01,Заметное изменение за пять обновлений,0.00777621,-0.0012163356315696428,0.01461602595969036,0.005919848385601778,0.013977295270526824,0.00766419,0.010929564569041072,0.015719694559955637,5.0,False,198.0270594544136,-85.68923345804443,146.1602595969036
2019-04-05,KZT_RUB,2019-04-05,M01,Заметное изменение за пять обновлений,0.172721,0.005091768211072711,0.017064826319167725,0.005622035024972183,0.014669541044676306,0.169823,0.012929770928430855,0.016890293715097298,2.0,False,163.15329346171077,-102.8799191132541,170.64826319167724
2019-04-08,KGS_RUB,2019-04-06,M04,Пять обновлений в узком диапазоне,0.93673,0.001209921355111776,0.010026621926590762,0.0056250765907784675,0.013681437781999197,0.927431,0.003884826178876479,0.010471843007979122,34.0,False,209.5267579772181,-92.08365222742992,38.84826178876479
2019-04-08,TJS_RUB,2019-04-06,M04,Пять обновлений в узком диапазоне,6.932399999999999,0.000679880306422298,0.01065559072268174,0.005914854902350442,0.01377128857258062,6.859310000000001,0.0045004916321465865,0.011083457101496554,34.0,False,229.14142288384747,-85.05562075085363,45.00491632146586
2019-04-09,UZS_RUB,2019-04-09,M04,Пять обновлений в узком диапазоне,0.0077493,-0.0027949998841850787,-0.0046726811274031554,0.005531845118409697,0.014036698022760242,0.00778568,0.004488487667032883,0.005705706608187073,34.0,False,237.95697675919052,-74.29153380349291,44.88487667032883
2019-04-10,KGS_RUB,2019-04-10,M02,Заметное изменение после спокойного периода,0.925512,-0.00863032084398685,-0.010503177467776181,0.0055168777711434025,0.013511102267602881,0.935336,0.012023608201434076,0.012018588206934367,,False,102.34335157188708,17.376335178825325,86.3032084398685
2019-04-10,TJS_RUB,2019-04-10,M02,Заметное изменение после спокойного периода,6.869199999999999,-0.00877201843004105,-0.00962377179766305,0.005877826823948773,0.013001842159127586,6.93595,0.009142444492921153,0.00965060008419286,,False,139.24474465730964,-3.9050772870336665,87.72018430041051
2019-04-10,UZS_RUB,2019-04-10,M01,Заметное изменение за пять обновлений,0.0076669,-0.01063321848425014,-0.014056976341945582,0.005434844301611674,0.013977295270526824,0.00777621,0.013455690689701082,0.01411478805220838,7.0,False,133.60028173055565,23.347135808723777,140.56976341945582
2019-04-10,UZS_RUB,2019-04-10,M02,Заметное изменение после спокойного периода,0.0076669,-0.01063321848425014,-0.014056976341945582,0.005434844301611674,0.013977295270526824,0.00777621,0.013455690689701082,0.01411478805220838,,False,133.60028173055565,23.347135808723777,106.33218484250139
2019-04-12,KGS_RUB,2019-04-12,M01,Заметное изменение за пять обновлений,0.920013,-0.005267681928023515,-0.016657795335176084,0.005679176000595998,0.012762118962268245,0.935598,0.018011256469647186,0.017987173231315975,14.0,True,43.184172397564,65.06365751364316,166.57795335176084
2019-04-12,TJS_RUB,2019-04-12,M01,Заметное изменение за пять обновлений,6.82917,-0.005225024180485316,-0.014221190613321277,0.005933368941551276,0.012524221125272518,6.92769,0.014993115628394718,0.014977695957463056,14.0,True,81.44474365113216,42.85916525509433,142.21190613321278
2019-04-12,UZS_RUB,2019-04-12,M01,Заметное изменение за пять обновлений,0.00762222,-0.009682021219373338,-0.017926005140858292,0.005725846752005737,0.014025103913378079,0.00776135,0.019321573835680422,0.019296469900165425,2.0,True,75.76532821146549,62.57722354452149,179.2600514085829
2019-04-16,KGS_RUB,2019-04-16,M01,Заметное изменение за пять обновлений,0.917813,-0.0066776120339876455,-0.016877167086739142,0.005570977180960935,0.013673769558599115,0.933569,0.008346331451804202,0.01704649034625457,4.0,True,45.78274659435026,52.88096356531843,168.77167086739144
2019-04-16,TJS_RUB,2019-04-16,M01,Заметное изменение за пять обновлений,6.81303,-0.004189023472270681,-0.01687736923141292,0.005896340863149607,0.013312185730996021,6.929989999999999,0.008207637296368758,0.01705448511377903,4.0,True,81.3294525343352,29.580877406676862,168.7736923141292
2019-04-18,AMD_RUB,2019-04-18,M04,Пять обновлений в узком диапазоне,0.132227,-0.0027753686036424696,-0.008153682283930985,0.005438696766744001,0.01370623540968956,0.133314,0.004781975121661258,0.008191203436236041,44.0,True,0.0,62.50020130762316,47.81975121661258
2019-04-18,UZS_RUB,2019-04-18,M01,Заметное изменение за пять обновлений,0.0075649,-0.00636121119142341,-0.017129330080007832,0.005920388263787979,0.014636805350364091,0.00769674,0.009368878289753848,0.017295187021263397,6.0,True,24.878055228754008,80.58890479861972,171.29330080007833
2019-04-22,KGS_RUB,2019-04-20,M04,Пять обновлений в узком диапазоне,0.91604,-0.0016086912925769026,-0.008596478506639249,0.005819810388665526,0.013993891382088952,0.923983,0.0025747382640117066,0.008648019718167284,14.0,True,26.5163093314704,52.89944854329885,25.747382640117067
2019-04-22,KZT_RUB,2019-04-20,M04,Пять обновлений в узком диапазоне,0.16868,-0.00117244401283767,-0.007198224869484404,0.005556175407568431,0.014273795751139962,0.169903,0.003653334659665566,0.007731158382273362,45.0,True,0.0,39.73387777734197,36.53334659665566
2019-04-24,UZS_RUB,2019-04-24,M04,Пять обновлений в узком диапазоне,0.00755915,0.00173202510442505,-0.007116465462550514,0.005920388263787979,0.014870477934876105,0.00761333,0.004134936177584059,0.008882719049832993,15.0,True,0.0,75.74069113146408,41.34936177584059
2019-04-26,AMD_RUB,2019-04-26,M02,Заметное изменение после спокойного периода,0.134259,0.010933158643746,0.01130628662679456,0.005333286541211813,0.01370623540968956,0.132758,0.014673282435855027,0.014675796600985006,,False,2.2344870734924474,-61.03122537768533,109.33158643745999
2019-04-26,KGS_RUB,2019-04-26,M02,Заметное изменение после спокойного периода,0.927303,0.01165918988976844,0.010666843956944616,0.005819810388665526,0.013993891382088952,0.917516,0.014923141244937922,0.014923101124754855,16.0,False,18.149407475226436,-63.929802181033914,116.5918988976844
2019-04-26,KZT_RUB,2019-04-26,M02,Заметное изменение после спокойного периода,0.170151,0.008009526122785049,0.007537986001729058,0.005556175407568431,0.014273795751139962,0.168878,0.008698295110505601,0.008700315245956908,,True,46.429348049672654,-52.11206626143347,80.09526122785049
2019-04-30,AMD_RUB,2019-04-30,M01,Заметное изменение за пять обновлений,0.134355,0.0003127024189766292,0.015463800648481962,0.005333286541211813,0.013293079432490142,0.132309,0.013797334809837802,0.015334380941198163,27.0,False,9.378140002234005,-26.0578610309005,154.6380064848196
2019-04-30,UZS_RUB,2019-04-30,M01,Заметное изменение за пять обновлений,0.00766593,8.479794606319757e-05,0.015882418421219846,0.0054095467391425366,0.014870477934876105,0.00754608,0.013998349773113454,0.01573995174482316,12.0,False,17.11468797653941,-28.281224761421395,158.82418421219847
2019-05-07,AMD_RUB,2019-05-07,M01,Заметное изменение за пять обновлений,0.135761,0.011413330949347822,0.022242803466684613,0.005314246248296994,0.01370623540968956,0.132807,0.011383276094971636,0.021997607121048778,7.0,False,92.88381788584235,-68.67297466816446,222.42803466684614
2019-05-07,KGS_RUB,2019-05-07,M01,Заметное изменение за пять обновлений,0.93337,0.008372766362006123,0.018278101189593166,0.005819810388665526,0.013993891382088952,0.916616,0.008352873668767533,0.018093725802044713,21.0,True,97.57116684701765,-47.104717576217354,182.78101189593167
2019-05-07,KZT_RUB,2019-05-07,M01,Заметное изменение за пять обновлений,0.171722,0.012762594510433267,0.017316453296524426,0.005556175407568431,0.01412765271394587,0.168799,0.01387935250851221,0.01720519981988404,32.0,False,76.51902493565237,-68.46584246322995,173.16453296524426
2019-05-07,TJS_RUB,2019-05-07,M01,Заметное изменение за пять обновлений,6.92475,0.010350447415379271,0.020640528482426035,0.005749695095466124,0.014372532779071913,6.78471,0.010435203905747838,0.020428888993165445,21.0,False,121.2751362865078,-64.7071391508732,206.40528482426035
2019-05-07,UZS_RUB,2019-05-07,M01,Заметное изменение за пять обновлений,0.00773683,0.01097897373644452,0.019967384583744696,0.0054095467391425366,0.01550738763848578,0.00758537,0.010944285225631739,0.01976824368565194,7.0,False,131.48796083150384,-65.02200232902422,199.67384583744695
2019-05-14,KZT_RUB,2019-05-14,M01,Заметное изменение за пять обновлений,0.172438,0.005674627474994809,0.018168291401208014,0.005556175407568431,0.01412765271394587,0.169361,0.016814572629612456,0.017998344643635287,7.0,False,148.1112051867918,-97.28949585186069,181.68291401208015
2019-05-15,TJS_RUB,2019-05-15,M04,Пять обновлений в узком диапазоне,6.91606,-0.0030545244873689814,0.009082539492632602,0.0059648711754422224,0.015014014801781574,6.85381,0.004017374712100323,0.012077140855589643,37.0,False,128.338967562457,-58.13105540483638,40.17374712100323
2019-05-15,UZS_RUB,2019-05-15,M04,Пять обновлений в узком диапазоне,0.00772038,-0.003693379790940754,0.00882943650763579,0.005920388263787979,0.015554642101959539,0.00765281,0.0037024464607095706,0.012464437995608417,21.0,False,135.75756633740755,-55.92199340591826,37.02446460709571
2019-05-16,TJS_RUB,2019-05-16,M02,Заметное изменение после спокойного периода,6.86973,-0.006698900819252618,-0.007945413191812079,0.005749695095466124,0.015014014801781574,6.92475,0.009772847867501619,0.009769121550713139,36.0,True,61.763708326237584,8.843286491871309,66.98900819252617
2019-05-16,UZS_RUB,2019-05-16,M02,Заметное изменение после спокойного периода,0.00766929,-0.006617549913346288,-0.008729673522618553,0.0054095467391425366,0.015554642101959539,0.00773683,0.010329791320331638,0.010325261051468514,36.0,True,70.04559744122245,9.744300957906978,66.17549913346288
2019-05-21,KGS_RUB,2019-05-21,M01,Заметное изменение за пять обновлений,0.923247,-0.00222628814004433,-0.014990963386244172,0.005837699313058531,0.014708913223891302,0.937298,0.010392529463123109,0.015131934617463837,14.0,True,12.88929181465008,40.20046189229428,149.90963386244172
2019-05-21,UZS_RUB,2019-05-21,M01,Заметное изменение за пять обновлений,0.00762671,-0.002225356240155296,-0.01578139114724475,0.0054095467391425366,0.015554642101959539,0.007749,0.012229992270571727,0.015935557572940746,14.0,True,24.89933405098657,42.446813563783635,157.8139114724475
2019-05-22,AMD_RUB,2019-05-22,M04,Пять обновлений в узком диапазоне,0.134663,0.0025237485482862976,-0.007415105882699891,0.005314246248296994,0.013933879837773147,0.135669,0.00399618505456509,0.009977609107690272,34.0,True,27.030438947595346,21.668529715629735,39.9618505456509
2019-05-22,KZT_RUB,2019-05-22,M04,Пять обновлений в узком диапазоне,0.170296,0.00048174650733789903,-0.009325243311479325,0.005603549124010021,0.013863606219789727,0.171899,0.0026528779617446072,0.009874936999660047,30.0,True,42.98398083337309,15.952293875089678,26.528779617446073
2019-05-22,TJS_RUB,2019-05-22,M04,Пять обновлений в узком диапазоне,6.843819999999999,0.0007501436678660767,-0.010445253511392472,0.005749695095466124,0.015014014801781574,6.91606,0.00453251039454743,0.011279091549865576,7.0,True,24.13856588864095,34.429426540260145,45.325103945474304
2019-05-23,KGS_RUB,2019-05-23,M04,Пять обновлений в узком диапазоне,0.92286,-0.0011689070718877703,-0.0059693968776456385,0.005791847051329313,0.015324329776030559,0.928402,0.0026484879590667116,0.0059934906495452914,31.0,True,8.701211451357716,46.69768889452766,26.484879590667116
2019-05-23,UZS_RUB,2019-05-23,M04,Пять обновлений в узком диапазоне,0.00761557,-0.0030645452665145623,-0.007004559744122285,0.004905985676991855,0.01580159660203977,0.00766929,0.0036884094582610096,0.007033044530177826,8.0,True,10.307829880101185,55.07959818103835,36.884094582610096
2019-05-30,AMD_RUB,2019-05-30,M02,Заметное изменение после спокойного периода,0.135226,0.0060934326337171996,0.0060784620077525275,0.005286503932284736,0.012975542622225954,0.134409,0.00688499605616739,0.006886970475921688,34.0,True,0.0,3.0275230003725926,60.934326337171996
2019-05-30,KGS_RUB,2019-05-30,M02,Заметное изменение после спокойного периода,0.927382,0.005775131038536774,0.004899984829768389,0.005376092737563278,0.013981018608167431,0.92286,0.005762239917378703,0.005763549437273758,34.0,True,0.0,11.991238461941432,57.75131038536774
2019-05-30,UZS_RUB,2019-05-30,M02,Заметное изменение после спокойного периода,0.00765122,0.005717876052220738,0.004681199174848327,0.004545634416699019,0.015534436647164519,0.00761557,0.005702179490977597,0.005703810932435427,14.0,True,1.0847943203832526,4.405696325218185,57.178760522207384
2019-06-04,AMD_RUB,2019-06-04,M01,Заметное изменение за пять обновлений,0.13643,0.0020933563480114437,0.015867579058667536,0.005291240991910718,0.012975542622225954,0.134299,0.01492447022925991,0.01574543282699846,28.0,False,127.61122920178792,-76.36149034332644,158.67579058667536
2019-06-04,KGS_RUB,2019-06-04,M01,Заметное изменение за пять обновлений,0.938507,0.0046587557739348195,0.016926250912897123,0.0053691717501261685,0.013981018608167431,0.922886,0.0176748645804524,0.017699632396388523,14.0,False,166.43456042416273,-103.13284747820327,169.26250912897123
2019-06-04,TJS_RUB,2019-06-04,M01,Заметное изменение за пять обновлений,6.95172,0.003151569724151093,0.017465337897865973,0.00518632134921293,0.01421012518165743,6.832389999999999,0.015071620619321265,0.017316124107838053,28.0,False,158.47876496751897,-98.98569564034258,174.65337897865973
2019-06-06,UZS_RUB,2019-06-06,M03,Возвращение к уровню пяти обновлений назад,0.00765039,-0.0006857689233036313,-0.00010847943203828869,0.0057582705188969465,0.015534436647164519,0.00765122,0.010024855810524076,0.010031534440928525,71.0,False,110.41267177228833,-12.217211348595223,1.084794320382887
2019-06-07,AMD_RUB,2019-06-07,M04,Пять обновлений в узком диапазоне,0.136117,0.002208854561652762,0.004271864716905993,0.005291240991910718,0.013052494429582496,0.135538,0.0045046832538951365,0.006559297792364918,16.0,False,104.90974676197573,-53.60479119419839,45.046832538951364
2019-06-11,KZT_RUB,2019-06-11,M04,Пять обновлений в узком диапазоне,0.169004,-0.0033025878134510522,-0.009831147982798494,0.005216241951377488,0.013079208384553412,0.170682,0.0036003876614124583,0.009891797412687867,20.0,False,131.77202906439962,-7.365065902112181,36.003876614124586
2019-06-12,KZT_RUB,2019-06-12,M02,Заметное изменение после спокойного периода,0.167955,-0.006206953681569649,-0.009781032226113373,0.005216241951377488,0.013079208384553412,0.169614,0.009515394950985953,0.009806065692956029,47.0,True,72.57896460361394,42.98079203225062,62.069536815696495
2019-06-18,AMD_RUB,2019-06-18,M04,Пять обновлений в узком диапазоне,0.134671,-0.0003043529900824682,-0.007663343428314429,0.005114081222821688,0.013052494429582496,0.135711,0.00440340530009862,0.007701906592165423,11.0,False,283.28296366701164,-62.07474158947526,44.034053000986205
2019-06-19,KGS_RUB,2019-06-19,M04,Пять обновлений в узком диапазоне,0.921048,-0.0004590486298539087,-0.0049877655523326014,0.005847779830191757,0.015324329776030559,0.925665,0.003034583405275411,0.005064802118119749,27.0,False,239.78120575692063,-63.14461953399946,30.34583405275411
2019-06-19,KZT_RUB,2019-06-19,M04,Пять обновлений в узком диапазоне,0.167529,-0.0007813431945603577,-0.00872760408037665,0.005556175407568431,0.013079208384553412,0.169004,0.003825727960946444,0.008779239330992063,8.0,False,145.16889613141709,-12.587920491475522,38.25727960946444
2019-06-20,AMD_RUB,2019-06-20,M02,Заметное изменение после спокойного периода,0.134058,-0.005533960416604811,-0.004684866618654748,0.004977669516256178,0.012975542622225954,0.134689,0.008041450223200368,0.008041332797079482,21.0,False,238.8518402482515,-41.75477044507021,55.339604166048105
2019-06-21,AMD_RUB,2019-06-21,M01,Заметное изменение за пять обновлений,0.132721,-0.009973295140909166,-0.017907222826529345,0.004977669516256178,0.012614458448616262,0.135141,0.015522396067759032,0.018012497100260923,17.0,False,140.52033965988844,45.733024851190436,179.07222826529346
2019-06-21,KGS_RUB,2019-06-21,M01,Заметное изменение за пять обновлений,0.907483,-0.009389958355392802,-0.0176522802801502,0.00546576788457971,0.013692454882049,0.92379,0.01524717581711586,0.017754368684866174,17.0,True,93.88605626772163,58.35618184897334,176.522802801502
2019-06-21,TJS_RUB,2019-06-21,M01,Заметное изменение за пять обновлений,6.7143,-0.010371911972137271,-0.02035510176091848,0.005142230714578133,0.01355558852130039,6.85381,0.016900307032058866,0.020507284954146176,17.0,False,125.24015906349103,56.24626492952807,203.5510176091848
2019-06-21,UZS_RUB,2019-06-21,M01,Заметное изменение за пять обновлений,0.00742833,-0.00924952785394939,-0.02120496596506105,0.005565956974701281,0.014650607345385125,0.00758926,0.018304414425033312,0.02137511514045188,31.0,False,167.06312185915306,48.13033698316978,212.04965965061052
2019-06-26,KZT_RUB,2019-06-26,M01,Заметное изменение за пять обновлений,0.165097,-0.007663549154905858,-0.014516889613141681,0.0043947752004543286,0.011249912793977314,0.167529,0.01429499831222915,0.014592175106101378,43.0,True,0.0,72.38178686630634,145.1688961314168
2019-07-01,AMD_RUB,2019-06-29,M03,Возвращение к уровню пяти обновлений назад,0.132145,-0.000189150336687538,-0.0010054582016661984,0.0045742113123574245,0.013052494429582496,0.132278,0.009974979047989286,0.010787355580673843,97.0,True,0.0,37.497890855827215,10.054582016661984
2019-07-02,KZT_RUB,2019-07-02,M04,Пять обновлений в узком диапазоне,0.165485,-0.001653002250254887,-0.0053314259610992565,0.004123671252845029,0.011395781710405607,0.166372,0.003998975489058971,0.007695526736171179,13.0,True,69.25098951566488,15.477341080721075,39.989754890589715
2019-07-03,AMD_RUB,2019-07-03,M01,Заметное изменение за пять обновлений,0.132689,0.002728069645124176,0.014007764259949873,0.0045742113123574245,0.012614458448616262,0.130856,0.008306565212588969,0.013890239574426713,12.0,False,47.102623427715514,-6.370536091024024,140.07764259949874
2019-07-04,KGS_RUB,2019-07-04,M04,Пять обновлений в узком диапазоне,0.909672,-5.386266778495408e-05,0.007893209003842383,0.004780468796139603,0.013692454882049,0.902548,0.004764716240431718,0.007911296713332112,15.0,False,78.85259741972914,-19.617943397751233,47.647162404317186
2019-07-09,AMD_RUB,2019-07-09,M01,Заметное изменение за пять обновлений,0.13404,0.005574018920155632,0.012937549120367597,0.004286645605044948,0.012547474786340685,0.132328,0.010137543427855292,0.012861494773139545,6.0,False,171.36675619218096,-104.96840896036535,129.37549120367598
2019-07-09,TJS_RUB,2019-07-09,M01,Заметное изменение за пять обновлений,6.77305,0.004493715472173809,0.014193816952319915,0.004372948290525971,0.013340083965220862,6.67826,0.01092626501785787,0.014100167866224632,18.0,False,165.479363063906,-102.47365409129112,141.93816952319915
2019-07-11,KZT_RUB,2019-07-11,M04,Пять обновлений в узком диапазоне,0.165959,0.001683969097054483,0.004649163695358727,0.00407084650787608,0.010679207627289111,0.165191,0.0044942274815072845,0.006271427881597278,9.0,False,159.67799275724641,-70.34221905660277,44.94227481507284
2019-07-12,KZT_RUB,2019-07-12,M02,Заметное изменение после спокойного периода,0.164339,-0.009761447104405185,-0.006925098951566455,0.0036905360575495883,0.010205783664750692,0.165485,0.011423289980004565,0.011423911073521273,30.0,True,62.67532356896434,20.894387344233092,97.61447104405185
2019-07-16,AMD_RUB,2019-07-16,M01,Заметное изменение за пять обновлений,0.131743,-0.0030043892840927455,-0.017136675619218056,0.00441568733788138,0.012691544294515956,0.13404,0.016928160412965743,0.01727658710310665,7.0,True,0.0,63.00677586835407,171.36675619218056
2019-07-16,KGS_RUB,2019-07-16,M01,Заметное изменение за пять обновлений,0.902701,-0.0030536762285938712,-0.014192467595722125,0.0047268537801706595,0.013237230547141678,0.915697,0.012696546371921085,0.014519414316881724,25.0,True,7.0787558671137525,44.179766620628854,141.92467595722124
2019-07-16,KZT_RUB,2019-07-16,M01,Заметное изменение за пять обновлений,0.164018,-0.0015826830129415104,-0.013306863983637118,0.00407084650787608,0.00988315675750986,0.16623,0.011773997481420002,0.013399239175207722,20.0,True,43.22696289431571,24.830927276138166,133.06863983637118
2019-07-16,TJS_RUB,2019-07-16,M01,Заметное изменение за пять обновлений,6.66257,-0.0030525350255949935,-0.01631170595226672,0.0042712191597239725,0.013340083965220862,6.77305,0.015341391413828467,0.016439330493088142,7.0,True,2.4014757068202446,53.896244131923694,163.1170595226672
2019-07-16,UZS_RUB,2019-07-16,M01,Заметное изменение за пять обновлений,0.00732615,-0.0049912398647272704,-0.016727107765898253,0.004932572396238078,0.01410244432972794,0.00745078,0.015334817866525845,0.0168569834480193,25.0,True,9.5275144516563,50.474799010074314,167.27107765898253
2019-07-18,AMD_RUB,2019-07-18,M04,Пять обновлений в узком диапазоне,0.13221,0.002950971393025359,-0.011514018691588856,0.00441568733788138,0.012975542622225954,0.13375,0.0035379967211027876,0.015171444121915888,30.0,True,22.69117313365061,22.729437046644954,35.379967211027875
2019-07-18,KGS_RUB,2019-07-18,M04,Пять обновлений в узком диапазоне,0.904384,0.00210530048178148,-0.010545686487101635,0.004669927787659889,0.012322051948041859,0.914023,0.0033004732227804377,0.01274662127268488,14.0,True,25.67493454107918,16.96720880190142,33.004732227804375
2019-07-18,KZT_RUB,2019-07-18,M01,Заметное изменение за пять обновлений,0.163858,-0.0010729482912079646,-0.01265975331256508,0.0037002417968695425,0.00985188120613254,0.165959,0.00293104309791152,0.012778691233327134,2.0,True,33.50461985377546,25.468113550796865,126.59753312565081
2019-07-18,KZT_RUB,2019-07-18,M04,Пять обновлений в узком диапазоне,0.163858,-0.0010729482912079646,-0.01265975331256508,0.0037002417968695425,0.00985188120613254,0.165959,0.00293104309791152,0.012778691233327134,7.0,True,33.50461985377546,25.468113550796865,29.3104309791152
2019-07-18,TJS_RUB,2019-07-18,M04,Пять обновлений в узком диапазоне,6.67498,0.002103297267515014,-0.01338110504603518,0.0042712191597239725,0.01355288014701608,6.765510000000001,0.0032975439892367195,0.015632667699639648,57.0,True,18.501928095664166,27.322408259273313,32.97543989236719
2019-07-22,KZT_RUB,2019-07-20,M04,Пять обновлений в узком диапазоне,0.163309,-0.0007220349146712657,-0.005898537844385765,0.0037002417968695425,0.00985188120613254,0.164278,0.004428043378945254,0.0059150046188718415,4.0,True,0.0,44.68367857012297,44.28043378945254
2019-07-22,UZS_RUB,2019-07-20,M04,Пять обновлений в узком диапазоне,0.00732542,-0.0012978974606472349,-0.005090385581768109,0.004931458010354573,0.013685685781657232,0.0073629,0.0029116260107803706,0.005961950133483856,60.0,True,14.156184901343536,12.236540568249973,29.116260107803704
2019-07-29,AMD_RUB,2019-07-27,M04,Пять обновлений в узком диапазоне,0.132592,-0.001318098623905084,0.004774101635319106,0.00441568733788138,0.012975542622225954,0.131962,0.004607759738888591,0.006264355815410297,11.0,True,0.0,83.29946958869664,46.07759738888591
2019-07-29,KZT_RUB,2019-07-27,M04,Пять обновлений в узком диапазоне,0.163913,-0.0011030263141856844,0.003698510186211479,0.0037002417968695425,0.00985188120613254,0.163309,0.001981470507183408,0.005094533595957741,7.0,True,0.0,75.60269231157571,19.81470507183408
2019-07-30,AMD_RUB,2019-07-30,M02,Заметное изменение после спокойного периода,0.133476,0.006667068903101425,0.009797172059524684,0.004286645605044948,0.012975542622225954,0.132181,0.006653550241078475,0.009755325880616042,40.0,False,24.498786298662058,34.17823095922685,66.67068903101425
2019-07-30,KGS_RUB,2019-07-30,M02,Заметное изменение после спокойного периода,0.910304,0.006239920235138419,0.0067496054527698135,0.004498309606836815,0.012322051948041859,0.904201,0.006617406206323576,0.006737842929763777,61.0,True,23.77227827187461,43.51733029124116,62.39920235138419
2019-07-30,KZT_RUB,2019-07-30,M02,Заметное изменение после спокойного периода,0.164808,0.005460213649923995,0.006037150757848719,0.003397617864325576,0.00985188120613254,0.163819,0.005450092377543469,0.006024940451170067,18.0,True,3.701276637056787,34.3086709226874,54.60213649923995
2019-07-30,TJS_RUB,2019-07-30,M02,Заметное изменение после спокойного периода,6.73249,0.0069548413922246866,0.008094716872079077,0.0040253910285529045,0.01355288014701608,6.678430000000001,0.006940996751016575,0.008073665602490534,75.0,True,17.05164062627735,37.08444628600712,69.54841392224687
2019-08-05,AMD_RUB,2019-08-03,M01,Заметное изменение за пять обновлений,0.13584,0.012514814290292886,0.02449619886569332,0.00441568733788138,0.012467035255665527,0.132592,0.020088115987034905,0.024287411000372645,20.0,False,0.0,-35.810517716865554,244.9619886569332
2019-08-05,KGS_RUB,2019-08-03,M01,Заметное изменение за пять обновлений,0.926904,0.012807274610651564,0.024589375665305946,0.004669927787659889,0.011745101269418235,0.904659,0.020532474333859962,0.02438250889750573,20.0,False,0.0,-34.98405047139845,245.89375665305946
2019-08-05,KZT_RUB,2019-08-03,M01,Заметное изменение за пять обновлений,0.167435,0.010434142396775092,0.021487008351991577,0.0037002417968695425,0.009825139733432464,0.163913,0.01623851282286728,0.021311549807125012,18.0,False,0.0,-38.40197973896443,214.87008351991577
2019-08-05,TJS_RUB,2019-08-03,M01,Заметное изменение за пять обновлений,6.847849999999999,0.011611330649628604,0.024208830704203876,0.0040695628242861,0.01220067293549745,6.685989999999999,0.018767711250683536,0.02399225061866831,20.0,False,0.0,-29.305087447984757,242.08830704203876
2019-08-05,UZS_RUB,2019-08-03,M01,Заметное изменение за пять обновлений,0.0074587,0.012371819668682393,0.018721241035124736,0.004584456866184805,0.012818954132185081,0.00732163,0.019500716496913876,0.019520487679263423,20.0,False,0.0,-30.666554896541175,187.21241035124737
2019-08-12,AMD_RUB,2019-08-10,M04,Пять обновлений в узком диапазоне,0.137031,0.0024360268621339554,0.008767667844522986,0.00441568733788138,0.015931618288355032,0.13584,0.0024339294145851575,0.008715495067195647,14.0,False,0.0,27.284472421645443,24.339294145851575
2019-08-12,KGS_RUB,2019-08-10,M04,Пять обновлений в узком диапазоне,0.935546,0.001910551082609846,0.009323511388450223,0.004498309606836815,0.01430937668659751,0.926904,0.003066357518443089,0.009264348018738853,25.0,False,7.834996889516749,22.692934506468063,30.66357518443089
2019-08-12,KZT_RUB,2019-08-10,M04,Пять обновлений в узком диапазоне,0.168353,0.0026084626150135737,0.00548272463941224,0.0037002417968695425,0.010080681459241417,0.167435,0.0028245127269570496,0.005682900123774227,14.0,False,0.0,42.00739819177215,28.245127269570496
2019-08-12,TJS_RUB,2019-08-10,M04,Пять обновлений в узком диапазоне,6.91121,0.0006573355900889588,0.00925253911811752,0.0042712191597239725,0.015219679508475695,6.847849999999999,0.002852180563743811,0.009190311686365187,25.0,False,105.50974431394646,6.079586183248155,28.52180563743811
2019-08-12,UZS_RUB,2019-08-10,M04,Пять обновлений в узком диапазоне,0.00749846,-0.0009592760663286182,0.005330687653344324,0.0047147991219687055,0.01567456881302618,0.0074587,0.003510933382706921,0.006350907321744733,21.0,False,432.2087468626891,-91.78488816870956,35.109333827069214
2019-08-16,KZT_RUB,2019-08-16,M01,Заметное изменение за пять обновлений,0.170183,0.008635302205943551,0.013506833814727726,0.0037002417968695425,0.00985188120613254,0.167915,0.010824610550623675,0.013430568756162293,11.0,False,26.14832268793011,-34.60603034997826,135.06833814727725
2019-08-19,UZS_RUB,2019-08-17,M01,Заметное изменение за пять обновлений,0.00732172,-0.018469091050460573,-0.023570173075538214,0.005103377384202835,0.014960718956425659,0.00749846,0.03582174598872878,0.03580954654065473,14.0,False,480.29697939828367,-55.478526571010306,235.70173075538213
2019-08-20,AMD_RUB,2019-08-20,M01,Заметное изменение за пять обновлений,0.139874,0.009694580996311375,0.017813223116440957,0.005538771232738915,0.015931618288355032,0.137426,0.020391699905884395,0.020414193690004745,15.0,False,146.48898294179014,-110.24239973152814,178.13223116440957
2019-08-20,KGS_RUB,2019-08-20,M01,Заметное изменение за пять обновлений,0.953101,0.007169909417150233,0.016049319542964735,0.004898329843708195,0.013785241918463777,0.938046,0.019374683365677412,0.019394772383447598,15.0,False,161.82964869410475,-102.43754217735923,160.49319542964736
2019-08-20,TJS_RUB,2019-08-20,M01,Заметное изменение за пять обновлений,7.06344,0.00927480485187604,0.019193641943778372,0.00501014166878504,0.015219679508475695,6.93042,0.021336458480110863,0.02136344671253821,15.0,False,419.89455562728665,-246.3755712079887,191.9364194377837
2019-08-23,KZT_RUB,2019-08-23,M03,Возвращение к уровню пяти обновлений назад,0.169988,-0.009070559156834412,-0.0011458253762126613,0.004240897288064361,0.012756802430275773,0.170183,0.01525674997373554,0.015273851271798427,,True,14.706920488505084,38.9790823326736,11.458253762126613
2019-08-23,TJS_RUB,2019-08-23,M01,Заметное изменение за пять обновлений,6.771890000000001,-0.009710029846642931,-0.030322252690212048,0.006088937794128446,0.016542432341386575,6.98365,0.04217947289764502,0.042106859424758496,3.0,True,7.4425308148848295,167.1817827302655,303.2225269021205
2019-08-29,AMD_RUB,2019-08-29,M03,Возвращение к уровню пяти обновлений назад,0.139522,0.0025004670412578367,0.0024644522521357626,0.005582587392650807,0.01727198511866264,0.139179,0.012247366491436257,0.01223826024873167,59.0,False,78.05220682043023,-32.601240703031,24.644522521357626
2019-08-29,KZT_RUB,2019-08-29,M03,Возвращение к уровню пяти обновлений назад,0.171255,0.002616973443866799,-0.0016846989693607428,0.004486573991394049,0.012756802430275773,0.171544,0.008901328451391768,0.010585504618703024,6.0,True,70.77165630200525,-14.884391856327218,16.846989693607426
2019-08-29,TJS_RUB,2019-08-29,M03,Возвращение к уровню пяти обновлений назад,6.850199999999999,0.0017753573381924515,0.0017416634860467628,0.006192086119434671,0.01929569638145663,6.838290000000001,0.012244600549839032,0.012235251518702642,156.0,False,57.29759715044688,5.416440634254301,17.416634860467628
2019-08-30,KGS_RUB,2019-08-30,M01,Заметное изменение за пять обновлений,0.957634,0.005756427800994057,0.02087408707183913,0.00593204150931006,0.014469149209607002,0.938053,0.021060587417003434,0.021096008667999756,10.0,False,154.54756201220962,-99.77984732143338,208.7408707183913
2019-08-30,KZT_RUB,2019-08-30,M01,Заметное изменение за пять обновлений,0.172306,0.006137047093515591,0.013636256676941905,0.004240897288064361,0.012756802430275773,0.169988,0.01502742153321825,0.015040617867957198,14.0,False,131.33611133680702,-77.81395671394634,136.36256676941906
2019-09-05,KGS_RUB,2019-09-05,M03,Возвращение к уровню пяти обновлений назад,0.950084,-0.010967916553892287,-0.002172970100393523,0.005784439589455826,0.016049574227584528,0.952153,0.011022048071444955,0.011029257821114415,162.0,False,305.9518947798309,-66.03390293639373,21.729701003935233
2019-09-05,UZS_RUB,2019-09-05,M03,Возвращение к уровню пяти обновлений назад,0.00707449,-0.008837741696403723,0.001317730050756083,0.005879939979536177,0.021520157579501566,0.00706518,0.009043911996256267,0.010205676070234381,91.0,False,305.12446833623346,-77.39755060377989,13.17730050756083
2019-09-10,KGS_RUB,2019-09-10,M01,Заметное изменение за пять обновлений,0.936718,-0.006486825888756598,-0.02072977072741855,0.006106139511725007,0.016049574227584528,0.956547,0.02524574518042013,0.025202384220199072,11.0,False,265.8324063378739,1.2859867900169897,207.2977072741855
2019-09-11,AMD_RUB,2019-09-11,M01,Заметное изменение за пять обновлений,0.137405,-0.0009452139455410347,-0.021944934798701632,0.006522927841574023,0.01727198511866264,0.140488,0.015056233078008937,0.02223595257099447,22.0,False,257.5597685673728,-19.326798241214057,219.44934798701632
2019-09-11,KZT_RUB,2019-09-11,M01,Заметное изменение за пять обновлений,0.169477,-0.0003126290332094994,-0.01565866889698153,0.004559362564895642,0.01317737191762225,0.172173,0.010416531953240962,0.01581627464937465,12.0,False,254.42980463425616,-39.9282003281937,156.58668896981533
2019-09-11,TJS_RUB,2019-09-11,M01,Заметное изменение за пять обновлений,6.753279999999999,-0.0019183418904979987,-0.021939905311835428,0.0063962682807635176,0.01929569638145663,6.904770000000001,0.016095974286427634,0.022214575189692002,19.0,False,243.83706880212168,-10.764021021496193,219.3990531183543
2019-09-11,UZS_RUB,2019-09-11,M01,Заметное изменение за пять обновлений,0.00696163,-0.001989818665588561,-0.02464984581587293,0.006616373823055422,0.021520157579501566,0.00713757,0.01609545348362605,0.025016849475177988,23.0,False,246.35035185725152,-9.512835858256125,246.49845815872928
2019-09-16,AMD_RUB,2019-09-14,M01,Заметное изменение за пять обновлений,0.135188,-0.012390052891499415,-0.02344094254982554,0.006385717737853347,0.01727198511866264,0.138433,0.01714815951368483,0.023664165743962705,5.0,True,97.78974465189144,46.239029274900574,234.4094254982554
2019-09-16,KGS_RUB,2019-09-14,M01,Заметное изменение за пять обновлений,0.921016,-0.011041566671928127,-0.023140871033501154,0.006106139511725007,0.016371722916880053,0.942834,0.01685261570798599,0.023370343935453952,6.0,False,115.07943401634624,41.498441916238875,231.40871033501153
2019-09-16,KZT_RUB,2019-09-14,M01,Заметное изменение за пять обновлений,0.166693,-0.010124823335193933,-0.01970089918432394,0.004889885499595215,0.013311658978057883,0.170043,0.016819646200491006,0.01983418228896327,5.0,False,117.64141265680132,34.09225492295012,197.0089918432394
2019-09-16,TJS_RUB,2019-09-14,M01,Заметное изменение за пять обновлений,6.65508,-0.011041136033334564,-0.02288520690946194,0.006192086119434671,0.01929569638145663,6.81095,0.016516849325569422,0.023110402943202085,5.0,False,121.21567283939423,36.25560206585636,228.85206909461942
2019-09-16,UZS_RUB,2019-09-14,M01,Заметное изменение за пять обновлений,0.00685863,-0.011040777482985265,-0.02313607470086465,0.006508904981209485,0.022459926720760318,0.00702107,0.016845464767929478,0.023365433714750087,5.0,False,150.1174432794888,35.13582624159427,231.3607470086465
2019-09-27,KGS_RUB,2019-09-27,M03,Возвращение к уровню пяти обновлений назад,0.919894,0.002827864384606915,0.0020992040018867897,0.006851629144436666,0.016313030303641576,0.917967,0.010359598418808446,0.010353631637079872,22.0,False,0.0,18.61494804044098,20.992040018867897
2019-09-27,UZS_RUB,2019-09-27,M03,Возвращение к уровню пяти обновлений назад,0.00681748,0.001582262208908558,-0.0021106866318301165,0.007040604303756217,0.021710676970044945,0.0068319,0.00909640511718039,0.01120840956643075,22.0,True,0.0,31.802519693109183,21.106866318301165
2019-10-02,AMD_RUB,2019-10-02,M01,Заметное изменение за пять обновлений,0.136695,0.007651650854729297,0.02093478325814835,0.00668001714904991,0.016492989893954025,0.133892,0.013419541035466357,0.020721136964275813,16.0,False,150.26153114598193,-81.77894222968257,209.3478325814835
2019-10-02,KGS_RUB,2019-10-02,M01,Заметное изменение за пять обновлений,0.931985,0.008130072506487451,0.023690243042473913,0.006851629144436666,0.016313030303641576,0.910417,0.015910520575764683,0.02342104158190478,16.0,False,155.62482228791197,-88.54630532745992,236.90243042473912
2019-10-02,KZT_RUB,2019-10-02,M01,Заметное изменение за пять обновлений,0.167386,0.005303207750010586,0.0161110166816405,0.005152246747675915,0.015684929868116693,0.164732,0.011307005652300077,0.015986747985844544,16.0,False,152.402231966831,-66.89774488243403,161.110166816405
2019-10-02,TJS_RUB,2019-10-02,M01,Заметное изменение за пять обновлений,6.71486,0.00659434226720057,0.021363133726068018,0.006640162590545363,0.019382882186561704,6.57441,0.013633906043494012,0.021138095955968873,16.0,False,129.60806331032887,-76.05412593419037,213.63133726068017
2019-10-08,KZT_RUB,2019-10-08,M03,Возвращение к уровню пяти обновлений назад,0.166573,-0.003648696338742541,0.00042041284541416424,0.0052835823907858345,0.01611814556005766,0.166503,0.009866117207799273,0.010293010900065291,40.0,False,153.1460680902666,-26.68885626312232,4.204128454141642
2019-10-10,AMD_RUB,2019-10-10,M04,Пять обновлений в узком диапазоне,0.136545,0.003446603368705725,-0.006164842203330467,0.00668001714904991,0.017897390616299802,0.137392,0.00405536415410089,0.009638613045574554,59.0,False,181.8448130652908,-72.97293119825336,40.55364154100889
2019-10-10,KZT_RUB,2019-10-10,M04,Пять обновлений в узком диапазоне,0.166784,0.0016575780142695784,-0.008560015217805028,0.0052835823907858345,0.01611814556005766,0.168224,0.004961744232871335,0.0102692178797697,59.0,False,171.59919416730477,-51.911733980488414,49.617442328713345
2019-10-10,TJS_RUB,2019-10-10,M04,Пять обновлений в узком диапазоне,6.71802,0.004069773524501663,-0.0052300047087811,0.006568062765540539,0.020171999355346814,6.75334,0.004904855643044765,0.009643174730532868,59.0,False,175.64699122658078,-75.77196790000801,49.04855643044765
2019-10-11,KZT_RUB,2019-10-11,M02,Заметное изменение после спокойного периода,0.165864,-0.005516116653875525,-0.008796672562986996,0.0052835823907858345,0.01611814556005766,0.167336,0.007918003342489884,0.008829810207068654,73.0,False,117.08387594655859,-2.70231230057563,55.161166538755246
2019-10-25,KGS_RUB,2019-10-25,M04,Пять обновлений в узком диапазоне,0.912638,0.00045931952743805127,-0.0021833846288410452,0.007038636731055892,0.018520588112266808,0.914635,0.004310350499149791,0.005250805128932955,74.0,True,10.770973814370606,17.800394946264536,43.103504991497914
2019-10-28,UZS_RUB,2019-10-26,M04,Пять обновлений в узком диапазоне,0.00676497,2.0695272460624636e-05,-0.002509587893818721,0.007084875590763941,0.021710676970044945,0.00678199,0.003568855081105744,0.006083647941038638,77.0,False,127.40632996155303,-10.451954550027846,35.68855081105744
2019-10-29,AMD_RUB,2019-10-29,M04,Пять обновлений в узком диапазоне,0.134265,0.0012752248422749357,0.004977544910179654,0.006385717737853347,0.016628299393398608,0.1336,0.004826751693093259,0.005441496448845136,19.0,False,119.16731836293826,-20.128639920168073,48.26751693093259
2019-10-30,KGS_RUB,2019-10-30,M04,Пять обновлений в узком диапазоне,0.912157,-0.0005828929679222439,0.00254219404645184,0.00655207706913783,0.016313030303641576,0.909844,0.002815247467920377,0.005351942558958471,5.0,True,89.33769077033845,4.016074107005929,28.152474679203767
2019-10-30,KZT_RUB,2019-10-30,M04,Пять обновлений в узком диапазоне,0.164513,-0.0008017249233199797,0.008026813232600016,0.005315905225291151,0.015684929868116693,0.163203,0.00431423185375676,0.008784630349009505,20.0,False,100.90387993653965,-27.13745162785446,43.1423185375676
2019-10-30,TJS_RUB,2019-10-30,M04,Пять обновлений в узком диапазоне,6.58299,-0.0012652985057646227,0.0024455872074162777,0.006207885433258898,0.019257644198372417,6.566930000000001,0.0032488776880252486,0.005689230167343991,20.0,True,84.83986759815754,6.984993865091346,32.48877688025249
2019-11-06,AMD_RUB,2019-11-06,M02,Заметное изменение после спокойного периода,0.132665,-0.012754969154406548,-0.011916731836293826,0.006340205464698889,0.015519764906604894,0.134265,0.012804977355958898,0.012798430935266074,99.0,True,0.0,89.5262122162867,127.54969154406548
2019-11-06,KGS_RUB,2019-11-06,M02,Заметное изменение после спокойного периода,0.904008,-0.012364993455883377,-0.009511454613783998,0.00655207706913783,0.01521596186234291,0.912689,0.012420811564721492,0.012417458315900892,99.0,True,0.0,97.46276331549208,123.64993455883378
2019-11-06,KZT_RUB,2019-11-06,M02,Заметное изменение после спокойного периода,0.162853,-0.009361769429169331,-0.010884023201433446,0.005315905225291151,0.01371790337544452,0.164645,0.010119655785394989,0.010917609214169838,26.0,True,0.0,85.80059196813552,93.61769429169331
2019-11-06,TJS_RUB,2019-11-06,M02,Заметное изменение после спокойного периода,6.52714,-0.01223817760566348,-0.009738550489810205,0.006207885433258898,0.016128567845085342,6.591330000000001,0.01229605531841264,0.0122915624890756,99.0,True,0.0,94.8365437749944,122.3817760566348
2019-11-06,UZS_RUB,2019-11-06,M02,Заметное изменение после спокойного периода,0.00667878,-0.013280304697968814,-0.011985561703009018,0.006923039409462106,0.0196845490601516,0.0067598,0.013342298455446084,0.013334849762275109,160.0,True,0.0,95.04574957258362,132.80304697968813
2019-11-08,KGS_RUB,2019-11-08,M03,Возвращение к уровню пяти обновлений назад,0.9108,0.002248125736583173,-0.0023189402760600553,0.006884447315960253,0.01521596186234291,0.912917,0.01243587033292262,0.012429479251529594,42.0,True,0.043917435221826964,20.9391862047399,23.18940276060055
2019-11-08,TJS_RUB,2019-11-08,M03,Возвращение к уровню пяти обновлений назад,6.57347,0.0023742356547067356,-0.0022479311747527486,0.006490382646120163,0.016128567845085342,6.58828,0.012310992695000673,0.012304950357455232,71.0,True,0.0,22.1396340867086,22.479311747527486
2019-11-13,AMD_RUB,2019-11-13,M04,Пять обновлений в узком диапазоне,0.133584,-0.0009199219188223973,0.00692722270380286,0.006340205464698889,0.015519764906604894,0.132665,0.004556484672075475,0.007816504677150258,15.0,True,11.977482333215148,8.797129642621753,45.564846720754744
2019-11-13,UZS_RUB,2019-11-13,M04,Пять обновлений в узком диапазоне,0.00672491,-0.002502306512523478,0.0069069500717195975,0.006535889764061098,0.019094360253942268,0.00667878,0.004029407837629493,0.009378128368714348,16.0,True,38.12690430057729,7.88342381723862,40.294078376294934
2019-11-20,KZT_RUB,2019-11-20,M04,Пять обновлений в узком диапазоне,0.164671,0.0009421576016923616,0.003131148839221165,0.005024840858883862,0.01164797757499756,0.164157,0.004812354582538956,0.006995399148650294,21.0,True,0.0,14.766668447288897,48.123545825389556
2019-11-22,KGS_RUB,2019-11-22,M04,Пять обновлений в узком диапазоне,0.912043,-0.0027848544156398036,-0.007847642171884384,0.005760303591911353,0.014665245669359695,0.919257,0.004183167486528075,0.009287288468675813,23.0,True,20.821386710934625,14.532778597403663,41.83167486528075
2019-11-22,TJS_RUB,2019-11-22,M04,Пять обновлений в узком диапазоне,6.584059999999999,-0.002815536186228318,-0.005532655961841049,0.005587387229166608,0.013390712226280237,6.620690000000001,0.0040048805213172625,0.006737264136995617,23.0,True,19.167504548863754,16.815387064738715,40.04880521317263
2019-11-22,UZS_RUB,2019-11-22,M04,Пять обновлений в узком диапазоне,0.00671964,-0.0028846667497640643,-0.005817463041651316,0.005514767408382948,0.014315609530697106,0.00675896,0.0041821606967351165,0.007133232704065896,9.0,True,30.314123970926403,12.861111881765932,41.821606967351165
2019-11-28,AMD_RUB,2019-11-28,M04,Пять обновлений в узком диапазоне,0.133973,-0.0008054832526607214,-0.0018179515262596313,0.005638005071007269,0.012270150519373501,0.134217,0.004912384592608683,0.005925759868482624,15.0,True,55.23501003933765,-12.97250895797203,49.12384592608683
2019-12-02,AMD_RUB,2019-11-30,M04,Пять обновлений в узком диапазоне,0.134062,-0.0002908255717706254,0.0047817484110803665,0.0054704941480715474,0.012270150519373501,0.133424,0.00421050116908603,0.0050574094409957275,4.0,True,80.55974101535094,-26.81841688000113,42.1050116908603
2019-12-02,TJS_RUB,2019-11-30,M04,Пять обновлений в узком диапазоне,6.61318,0.00014064803962332562,0.006351728083951125,0.0052103941345956984,0.012300440869778754,6.57144,0.0047030376321773905,0.006327115190179766,10.0,True,84.67938268730028,-30.495203624930543,47.03037632177391
2019-12-03,TJS_RUB,2019-12-03,M02,Заметное изменение после спокойного периода,6.647029999999999,0.005118566257080515,0.009860030111833007,0.004999737996720844,0.012300440869778754,6.582129999999999,0.007186592605760946,0.009819048601264636,27.0,False,188.89639432949775,-86.39663124963003,51.18566257080515
2019-12-05,AMD_RUB,2019-12-05,M04,Пять обновлений в узком диапазоне,0.134299,0.0008570321349787857,0.0024333261179489973,0.005164549135889685,0.01206167678170187,0.133973,0.00458794859114232,0.005252720424886595,3.0,False,255.54918502743809,-68.01664699671052,45.879485911423195
2019-12-06,AMD_RUB,2019-12-06,M02,Заметное изменение после спокойного периода,0.133431,-0.0064631903439341665,-0.004996234181698922,0.005164549135889685,0.011935441074312658,0.134101,0.009296895269393743,0.00929723953252852,30.0,False,192.15924335424174,-12.08431579440271,64.63190343934167
2019-12-10,KZT_RUB,2019-12-10,M04,Пять обновлений в узком диапазоне,0.165185,-0.0019817174481762123,-0.008588610937725005,0.004706420921528331,0.010178996991233615,0.166616,0.0028281841848907053,0.008637809581871997,20.0,False,160.24457426521843,-39.734819498741764,28.281841848907053
2019-12-12,AMD_RUB,2019-12-12,M04,Пять обновлений в узком диапазоне,0.132982,-0.0031409059902099967,-0.009806476593273272,0.0050417209605575055,0.010553332385262548,0.134299,0.003369393599202789,0.009870208383556742,7.0,False,187.31858447007818,-45.55464507017695,33.69393599202789
2019-12-12,KGS_RUB,2019-12-12,M04,Пять обновлений в узком диапазоне,0.908091,-0.00019597718297115208,-0.00978988494867894,0.005283831020599906,0.010517934512603857,0.917069,0.003880308850599791,0.009855688482083506,20.0,False,180.97305226018042,-45.494132366309344,38.80308850599791
2019-12-12,TJS_RUB,2019-12-12,M04,Пять обновлений в узком диапазоне,6.55718,-0.0013463254757067888,-0.009764657557416179,0.004831086709689459,0.009798901827426265,6.621840000000001,0.003849990614602122,0.009823749336891981,10.0,False,169.0208290759137,-36.62143434096949,38.49990614602122
2019-12-12,UZS_RUB,2019-12-12,M01,Заметное изменение за пять обновлений,0.00667352,-0.00021273599463067505,-0.011264454667348267,0.005362787694324212,0.010635389638195282,0.00674955,0.003971885567839128,0.011348568579754735,87.0,False,182.19770076361434,-42.73381165047567,112.64454667348267
2019-12-12,UZS_RUB,2019-12-12,M04,Пять обновлений в узком диапазоне,0.00667352,-0.00021273599463067505,-0.011264454667348267,0.005362787694324212,0.010635389638195282,0.00674955,0.003971885567839128,0.011348568579754735,20.0,False,182.19770076361434,-42.73381165047567,39.71885567839128
2019-12-13,AMD_RUB,2019-12-13,M02,Заметное изменение после спокойного периода,0.132271,-0.005346588260065177,-0.008693631914622468,0.005033754083539144,0.010482755370378394,0.133431,0.008494554464376936,0.008715655496184981,7.0,False,134.57220403565438,-4.696751569574654,53.46588260065177
2019-12-13,KGS_RUB,2019-12-13,M02,Заметное изменение после спокойного периода,0.903224,-0.00535959501856087,-0.009211064685872739,0.005161344584635553,0.00991597773532065,0.911621,0.007860869871657895,0.009241298932413704,37.0,False,128.06347041265505,-4.194675341467234,53.5959501856087
2019-12-13,TJS_RUB,2019-12-13,M02,Заметное изменение после спокойного периода,6.521469999999999,-0.0054459386504566165,-0.009211345923033742,0.004831086709689459,0.00976844999719786,6.5821,0.009299113246801844,0.009294348451246704,10.0,False,115.18875345589139,5.8847778879488875,54.45938650456617
2019-12-13,UZS_RUB,2019-12-13,M02,Заметное изменение после спокойного периода,0.00662917,-0.006645668253035808,-0.010509614035506654,0.005362787694324212,0.010635389638195282,0.00669958,0.010624025157308,0.010617624778050843,37.0,False,116.51534053282707,10.66222468297757,66.45668253035808
2019-12-16,AMD_RUB,2019-12-14,M01,Заметное изменение за пять обновлений,0.130867,-0.010614571599216638,-0.01775836316828394,0.005148471973677938,0.009939289263722674,0.133233,0.019116852705177854,0.019100526508198986,75.0,False,175.06323213644504,49.76913075638811,177.5836316828394
2019-12-16,KGS_RUB,2019-12-14,M01,Заметное изменение за пять обновлений,0.893634,-0.010617521235042449,-0.01826942513380725,0.005274536679661934,0.00960050608110168,0.910264,0.018489780218322618,0.018470901998658737,75.0,False,126.908779209386,53.05408427507723,182.6942513380725
2019-12-16,KZT_RUB,2019-12-14,M01,Заметное изменение за пять обновлений,0.162637,-0.010489106296505901,-0.017376278600472417,0.0044959047979768576,0.009100928254067409,0.165513,0.015512106505100457,0.017486702060281228,75.0,True,6.087175734919836,62.76786103958381,173.76278600472418
2019-12-16,TJS_RUB,2019-12-14,M01,Заметное изменение за пять обновлений,6.46156,-0.009186579099497272,-0.018371467332270797,0.004994296377948394,0.0097437719033314,6.58249,0.018486538905705865,0.018476163411604483,75.0,False,147.9983161960873,48.15643812655522,183.71467332270797
2019-12-16,UZS_RUB,2019-12-14,M01,Заметное изменение за пять обновлений,0.00656739,-0.009319417061261048,-0.019713529150110598,0.005389866571606161,0.010529467040219665,0.00669946,0.01995782236846253,0.01993262163042428,4.0,False,133.96493888744314,52.38619783920244,197.13529150110597
2019-12-20,KGS_RUB,2019-12-20,M04,Пять обновлений в узком диапазоне,0.893389,-0.0008901961003595638,-0.010888771777543549,0.005274536679661934,0.010949101961584697,0.903224,0.003721433691275315,0.01097938291067706,8.0,False,124.20121581976044,4.402903380194301,37.21433691275315
2019-12-20,KZT_RUB,2019-12-20,M04,Пять обновлений в узком диапазоне,0.162718,3.6874969270961344e-05,-0.009996288657284857,0.004472043234757983,0.009366919692751854,0.164361,0.0037726249973886765,0.011182699837851993,10.0,True,0.0,29.036812936219324,37.726249973886766
2019-12-20,TJS_RUB,2019-12-20,M04,Пять обновлений в узком диапазоне,6.45954,-0.000771904531342793,-0.009496325215020418,0.004994296377948394,0.009798901827426265,6.521469999999999,0.003770651586534883,0.009599975289638688,8.0,False,144.91743994154103,-4.834613086024898,37.70651586534883
2019-12-20,UZS_RUB,2019-12-20,M04,Пять обновлений в узком диапазоне,0.00655955,-0.0016513454279799555,-0.010502068886451887,0.005362787694324212,0.01140867607448042,0.00662917,0.0033025109132075203,0.010583812331159959,8.0,False,122.17301491718219,9.642922493053332,33.0251091320752
2019-12-26,AMD_RUB,2019-12-26,M01,Заметное изменение за пять обновлений,0.128576,-0.010870150551200441,-0.017956571219076234,0.005033754083539144,0.011121331460900219,0.130927,0.016677898092503897,0.018064027025607932,10.0,True,0.0,103.31406236083458,179.56571219076233
2019-12-26,KGS_RUB,2019-12-26,M01,Заметное изменение за пять обновлений,0.882293,-0.007252973032577548,-0.013299261338537316,0.005161344584635553,0.010892672829128713,0.894185,0.012480145478725373,0.013362683593631504,10.0,True,0.0,77.79239987023358,132.99261338537315
2019-12-26,TJS_RUB,2019-12-26,M01,Заметное изменение за пять обновлений,6.365930000000001,-0.00735525720790231,-0.015252462282640655,0.004825936740151349,0.00976844999719786,6.464530000000001,0.01457745469948084,0.015337419336607252,10.0,True,0.0,80.70432923110013,152.52462282640656
2019-12-26,UZS_RUB,2019-12-26,M01,Заметное изменение за пять обновлений,0.00647941,-0.007253227103842019,-0.013848471934737594,0.005187975438041238,0.01140867607448042,0.0065704,0.012273317311962831,0.01392048540406737,10.0,True,0.0,77.20908490600236,138.48471934737594
2020-01-10,UZS_RUB,2020-01-10,M01,Заметное изменение за пять обновлений,0.00640188,-0.016791041910796833,-0.011965595632935644,0.005152619616572096,0.010846036497221313,0.00647941,0.01797284453119277,0.01797455609952739,15.0,True,20.712665654464285,105.87286865885442,119.65595632935644
2020-01-14,AMD_RUB,2020-01-14,M01,Заметное изменение за пять обновлений,0.127305,-0.005157660297737565,-0.01696498895769949,0.0049628791981173315,0.01073297269595579,0.129502,0.015070474338114672,0.01709386192641162,19.0,True,0.0,100.24895601777176,169.6498895769949
2020-01-14,KGS_RUB,2020-01-14,M01,Заметное изменение за пять обновлений,0.874924,-0.005155448014572572,-0.014137926760423691,0.005161344584635553,0.00991597773532065,0.887471,0.013678032614420545,0.014219787343516579,19.0,True,0.0,86.6895164716863,141.3792676042369
2020-01-14,KZT_RUB,2020-01-14,M01,Заметное изменение за пять обновлений,0.161098,-0.006745092236361883,-0.01150497321642241,0.003943729472786341,0.009233339557460708,0.162973,0.008806241686253314,0.011566624786917164,29.0,True,0.0,87.8657692085686,115.0497321642241
2020-01-14,TJS_RUB,2020-01-14,M01,Заметное изменение за пять обновлений,6.284470000000001,-0.005144871671070139,-0.017740001906854763,0.004825936740151349,0.0097437719033314,6.39797,0.01661400491369479,0.017875362264821407,19.0,True,0.0,110.6655783247589,177.40001906854764
2020-01-14,UZS_RUB,2020-01-14,M01,Заметное изменение за пять обновлений,0.00638862,-0.008503261471798251,-0.01990979381443292,0.005389866571606161,0.011290988389533352,0.0065184,0.019009496529786042,0.020088326929858718,4.0,True,0.0,116.0092909985044,199.0979381443292
2020-01-16,UZS_RUB,2020-01-16,M01,Заметное изменение за пять обновлений,0.00643225,0.00030636301996178616,-0.012126778279306083,0.005389866571606161,0.011290988389533352,0.00651121,0.008535214497308716,0.01905166463123236,2.0,True,0.0,40.79978400157857,121.26778279306083
2020-01-21,AMD_RUB,2020-01-21,M04,Пять обновлений в узком диапазоне,0.128387,0.0009823718823338545,0.008499273398531182,0.0049628791981173315,0.009951504688580795,0.127305,0.002916183884887253,0.008447031698488327,40.0,True,0.0,45.06831323917792,29.16183884887253
2020-01-21,KGS_RUB,2020-01-21,M04,Пять обновлений в узком диапазоне,0.879872,-0.0011851300237480933,0.005655348350256606,0.005141779768562627,0.009567140680762988,0.874924,0.003971843537540106,0.008181348292415448,32.0,True,0.0,51.5028077364892,39.718435375401064
2020-01-21,KZT_RUB,2020-01-21,M01,Заметное изменение за пять обновлений,0.16342,-0.000703213379398937,0.014413586760853692,0.004245229506439908,0.008728731097861743,0.161098,0.010811262386881093,0.014995938728124651,7.0,False,10.280259454167266,-5.367379800285328,144.13586760853693
2020-01-21,TJS_RUB,2020-01-21,M04,Пять обновлений в узком диапазоне,6.34069,-0.0009800044431067523,0.008945861783093756,0.004825936740151349,0.009723814613813265,6.284470000000001,0.0026504279471466566,0.010447324781103858,32.0,True,0.0,46.27894386918367,26.504279471466567
2020-01-21,UZS_RUB,2020-01-21,M04,Пять обновлений в узком диапазоне,0.00645306,0.0005737003361574455,0.010086685387454608,0.005389866571606161,0.010846036497221313,0.00638862,0.0035360053198408435,0.010016551766303228,32.0,False,0.0,26.044373028786147,35.36005319840844
2020-01-22,AMD_RUB,2020-01-22,M01,Заметное изменение за пять обновлений,0.129337,0.007399503064952073,0.010342699569575009,0.0048617220023368995,0.009649330319605687,0.128013,0.008442620527161914,0.010309037537666293,8.0,False,13.685179028430417,-13.855302418337244,103.4269956957501
2020-01-22,AMD_RUB,2020-01-22,M02,Заметное изменение после спокойного периода,0.129337,0.007399503064952073,0.010342699569575009,0.0048617220023368995,0.009649330319605687,0.128013,0.008442620527161914,0.010309037537666293,40.0,False,13.685179028430417,-13.855302418337244,73.99503064952073
2020-01-22,KGS_RUB,2020-01-22,M02,Заметное изменение после спокойного периода,0.885199,0.0060542897148676555,0.006535895689469884,0.005059061630886541,0.009439786173489884,0.879451,0.007462454560947324,0.007465128870045554,40.0,False,8.427483537599041,4.2452914904780705,60.54289714867656
2020-01-22,TJS_RUB,2020-01-22,M02,Заметное изменение после спокойного периода,6.38025,0.006239068618715038,0.007330489341345281,0.00472842725707503,0.009678559475164716,6.33382,0.00636684153964213,0.007313325515441381,40.0,False,3.5892010501161353,-1.2062483965531108,62.39068618715038
2020-01-24,KZT_RUB,2020-01-24,M04,Пять обновлений в узком диапазоне,0.163904,-0.00010370849372576263,0.004461440407903083,0.0039009109211690885,0.009149959324322433,0.163176,0.0035296502837154587,0.005022638535002763,35.0,False,39.77938305349387,2.991564948617461,35.296502837154584
2020-01-28,AMD_RUB,2020-01-28,M01,Заметное изменение за пять обновлений,0.130278,0.008655930628677755,0.014728905574551865,0.0048617220023368995,0.009649330319605687,0.128387,0.00863179155227104,0.014621265913481209,6.0,False,0.0,7.089688393400368,147.28905574551865
2020-01-28,KGS_RUB,2020-01-28,M01,Заметное изменение за пять обновлений,0.892172,0.008727428139200022,0.01397930608088438,0.005159191151416031,0.009439786173489884,0.879872,0.008704956445896672,0.013889011740355253,14.0,False,0.0,10.645899014900145,139.7930608088438
2020-01-28,TJS_RUB,2020-01-28,M01,Заметное изменение за пять обновлений,6.42991,0.008134173091064012,0.01407102381601999,0.004825936740151349,0.009541086300979142,6.34069,0.008127476377126125,0.013976957810642017,14.0,False,0.0,11.088342777671716,140.7102381601999
2020-01-29,KZT_RUB,2020-01-29,M02,Заметное изменение после спокойного периода,0.16494,0.006830626110205795,0.005743972487469273,0.003856016391274442,0.008728731097861743,0.163998,0.01029471676111619,0.010294398659939228,84.0,False,6.244695040620346,9.169524872082514,68.30626110205796
2020-01-29,UZS_RUB,2020-01-29,M01,Заметное изменение за пять обновлений,0.0065818,0.0114797682531389,0.014693617040957285,0.00549878008789877,0.010642752709566472,0.00648649,0.018942371925903204,0.01894879730850741,13.0,False,87.43808684554372,-58.444260944734836,146.93617040957287
2020-01-31,AMD_RUB,2020-01-31,M01,Заметное изменение за пять обновлений,0.131736,0.01029188459591679,0.01696799394772186,0.005195445890203088,0.010402198385073858,0.129538,0.019728155815670365,0.019754298246959366,3.0,False,37.72696908969434,-57.01672112410758,169.6799394772186
2020-01-31,KGS_RUB,2020-01-31,M01,Заметное изменение за пять обновлений,0.902095,0.010296774222450233,0.017211847578625372,0.005368889359498841,0.00991597773532065,0.886831,0.019729821554824386,0.019756882021632977,3.0,False,36.359806893951855,-56.35253597825357,172.11847578625373
2020-01-31,KZT_RUB,2020-01-31,M01,Заметное изменение за пять обновлений,0.166092,0.007613581902121247,0.013349277625927414,0.004022832835244073,0.008728731097861743,0.163904,0.017255165005553134,0.017267131852386177,10.0,False,0.0,-37.23460737906604,133.49277625927414
2020-01-31,TJS_RUB,2020-01-31,M01,Заметное изменение за пять обновлений,6.501900000000001,0.010276952527751293,0.016980169989395222,0.005205085066947435,0.0097437719033314,6.39334,0.019219603716503945,0.01924530500475827,3.0,False,37.681293160461756,-56.10476857390768,169.80169989395222
2020-01-31,UZS_RUB,2020-01-31,M01,Заметное изменение за пять обновлений,0.00661239,0.013509598804460454,0.021346299691544335,0.005900522549558354,0.010846036497221313,0.00647419,0.023514405422555666,0.023552028797900703,2.0,False,46.45823975899743,-75.9943427643098,213.46299691544334
2020-02-06,AMD_RUB,2020-02-06,M01,Заметное изменение за пять обновлений,0.132025,-0.004103523448166557,0.012508244244366917,0.00574179560384043,0.011967149159911906,0.130394,0.013787278534756189,0.023985277114395232,6.0,False,59.53417913274068,-0.08295755963644715,125.08244244366918
2020-02-06,KGS_RUB,2020-02-06,M01,Заметное изменение за пять обновлений,0.904075,-0.0040978414730198365,0.012514265299288452,0.005963390195181395,0.011046775559082069,0.892901,0.013931264192723588,0.024134250222989113,6.0,False,58.18101374332806,1.4724801827413885,125.14265299288452
2020-02-06,TJS_RUB,2020-02-06,M01,Заметное изменение за пять обновлений,6.514279999999999,-0.004386380517745869,0.01220057926336593,0.0060488962023291576,0.010626918809523878,6.43576,0.01378598807234955,0.02396970180586078,6.0,False,56.614084749195825,4.183194547482961,122.0057926336593
2020-02-06,UZS_RUB,2020-02-06,M01,Заметное изменение за пять обновлений,0.00661856,-0.005560755878159296,0.014455301375636997,0.006767180023197052,0.011969588846950319,0.00652425,0.016714450206178528,0.02852888003491923,6.0,False,55.7371996325477,3.276865187924165,144.55301375636998
2020-02-11,KGS_RUB,2020-02-11,M03,Возвращение к уровню пяти обновлений назад,0.912612,0.004707509115569497,-0.0023078024713492074,0.005963390195181395,0.011783468782683973,0.914723,0.015222989152034098,0.017525112203462194,95.0,False,113.49839800484739,-50.85146027439052,23.078024713492074
2020-02-11,TJS_RUB,2020-02-11,M03,Возвращение к уровню пяти обновлений назад,6.579120000000001,0.004913738458366401,-0.0019478273533211077,0.0060488962023291576,0.012499358130750208,6.59196,0.015572217767331156,0.017511156560225553,95.0,False,115.12177920451589,-53.84891682176404,19.478273533211077
2020-02-12,KZT_RUB,2020-02-12,M01,Заметное изменение за пять обновлений,0.169032,0.003985483573986759,0.010914614818757551,0.004500524733104406,0.010717640122498652,0.167207,0.015519389391682847,0.01552540760910111,12.0,False,87.73486677078805,-64.41252139948288,109.1461481875755
2020-02-13,AMD_RUB,2020-02-13,M03,Возвращение к уровню пяти обновлений назад,0.13176,-0.013587871982032595,-0.0020071956068927754,0.006055372399406102,0.012236703612380762,0.132025,0.017633675489040136,0.01764363779182626,168.0,True,0.0,79.85705035863008,20.071956068927754
2020-02-13,KGS_RUB,2020-02-13,M03,Возвращение к уровню пяти обновлений назад,0.902254,-0.014105683905490052,-0.0020142134225589192,0.005963390195181395,0.011783468782683973,0.904075,0.018015595590212333,0.01802672361431315,2.0,True,0.0,80.52968524678478,20.142134225589192
2020-02-13,TJS_RUB,2020-02-13,M03,Возвращение к уровню пяти обновлений назад,6.50338,-0.014155433879662227,-0.0016732470817956147,0.0060488962023291576,0.012499358130750208,6.514279999999999,0.018248749908649282,0.01826105382008063,2.0,True,0.0,79.4293718842721,16.73247081795615
2020-02-13,UZS_RUB,2020-02-13,M03,Возвращение к уровню пяти обновлений назад,0.00662955,-0.01265319435074197,0.0016604820383889773,0.007147002171053374,0.011997832162209732,0.00661856,0.019963937470374882,0.019981673939012505,139.0,True,0.0,56.26523168517864,16.604820383889773
2020-02-14,AMD_RUB,2020-02-14,M01,Заметное изменение за пять обновлений,0.132849,0.008265027322404528,0.01226769481632739,0.006559673868981576,0.012236703612380762,0.131239,0.01366760093316213,0.017625355562877133,8.0,False,40.87347289027301,7.074278853387566,122.6769481632739
2020-02-14,KGS_RUB,2020-02-14,M01,Заметное изменение за пять обновлений,0.910191,0.008796857647624723,0.01265666460840098,0.0062612389856972405,0.011783468782683973,0.898815,0.014190217730637975,0.01800648422881414,8.0,False,46.07824072090276,1.9756469733869622,126.5666460840098
2020-02-14,KZT_RUB,2020-02-14,M01,Заметное изменение за пять обновлений,0.168785,0.007376946445517341,0.014143999615456204,0.004648681967523061,0.010951239922929547,0.166431,0.008813751115833872,0.015486290970795702,2.0,False,56.40311639067338,-25.600817325395244,141.43999615456204
2020-02-14,TJS_RUB,2020-02-14,M01,Заметное изменение за пять обновлений,6.560250000000001,0.00874468353379343,0.01279062586840407,0.00633553383825456,0.012499358130750208,6.4774,0.014240634701032174,0.018239673837467888,8.0,False,47.72683967836651,1.4987019716804655,127.90625868404071
2020-02-14,UZS_RUB,2020-02-14,M01,Заметное изменение за пять обновлений,0.00668365,0.008160433211907403,0.015494547736364828,0.007283272988419887,0.011997832162209732,0.00658167,0.012729245531504469,0.019949121031275177,8.0,False,61.74769774000788,-14.426226607413529,154.94547736364828
2020-02-17,AMD_RUB,2020-02-15,M03,Возвращение к уровню пяти обновлений назад,0.132609,-0.0018065623376916085,0.00012821286352138195,0.007036386988327382,0.012315804701935296,0.132592,0.013667251007536272,0.01367080598753693,4.0,False,22.8491278872473,57.566943350258164,1.2821286352138195
2020-02-17,KGS_RUB,2020-02-15,M03,Возвращение к уровню пяти обновлений назад,0.908073,-0.0023269841165205474,-0.0002895404343766783,0.007100644132985679,0.012542745161110957,0.908336,0.014191038264245453,0.014194477945999207,4.0,False,22.861598131427392,56.66950756366107,2.895404343766783
2020-02-17,TJS_RUB,2020-02-15,M03,Возвращение к уровню пяти обновлений назад,6.543899999999999,-0.002492283068480927,-0.00046586578483120977,0.006848167214710578,0.01297139541478072,6.54695,0.014241959576505415,0.01424548364164488,4.0,False,22.860985039500196,58.24980591717866,4.658657848312098
2020-02-17,UZS_RUB,2020-02-15,M03,Возвращение к уровню пяти обновлений назад,0.00665341,-0.004524473902732806,0.0007445333204982862,0.007422142803181986,0.01247111701039239,0.00664846,0.012727357707062284,0.012735919059356872,4.0,False,16.577965283967792,63.124603511006384,7.445333204982862
2020-02-19,AMD_RUB,2020-02-19,M03,Возвращение к уровню пяти обновлений назад,0.13327,0.0072861397064380995,-0.0022833614074490027,0.007036386988327382,0.012315804701935296,0.133575,0.011391171314164063,0.013674565433863028,2.0,False,15.007128385983773,55.07487290208875,22.83361407449003
2020-02-24,AMD_RUB,2020-02-22,M01,Заметное изменение за пять обновлений,0.134521,0.009834022715841773,0.014418327564494016,0.007308812378140895,0.012315804701935296,0.132609,0.016619696328510205,0.016633562248196742,10.0,False,0.0,72.94865938082154,144.18327564494015
2020-02-24,KGS_RUB,2020-02-22,M01,Заметное изменение за пять обновлений,0.920197,0.008760082700618232,0.013351349506041998,0.007121823461727962,0.012542745161110957,0.908073,0.015561510816674652,0.015574125893044497,10.0,False,0.0,82.59603401084915,133.51349506041998
2020-02-24,KZT_RUB,2020-02-22,M01,Заметное изменение за пять обновлений,0.170777,0.007973982741728003,0.017541246357986928,0.005378827799622466,0.01117487251357976,0.167833,0.016767912468778148,0.01742365806071057,10.0,False,0.0,32.25195883956165,175.41246357986927
2020-02-24,TJS_RUB,2020-02-22,M01,Заметное изменение за пять обновлений,6.63394,0.00914229734827754,0.013759378963615232,0.0072251248440010855,0.01297139541478072,6.543899999999999,0.015967473799656493,0.015980421700499434,10.0,False,0.0,84.10797269442902,137.5937896361523
2020-02-24,UZS_RUB,2020-02-22,M01,Заметное изменение за пять обновлений,0.0067483,0.008095176207143284,0.01426185970802929,0.007422142803181986,0.01247111701039239,0.00665341,0.015827948762395443,0.015843159896702326,10.0,False,0.0,89.23682235788,142.6185970802929
2020-03-11,AMD_RUB,2020-03-11,M01,Заметное изменение за пять обновлений,0.150435,0.06725550707672667,0.08470091139824643,0.008834270929899458,0.016965589955703964,0.138688,0.08837591904867771,0.08864494094005974,16.0,False,163.52577525177105,-243.5387238827695,847.0091139824642
2020-03-11,KGS_RUB,2020-03-11,M01,Заметное изменение за пять обновлений,1.03068,0.06654911322693513,0.08584185191935512,0.00876743769001953,0.015431282373322343,0.949199,0.08784237703678546,0.0881297911972801,16.0,False,257.11180967904653,-346.9154840418919,858.4185191935512
2020-03-11,KZT_RUB,2020-03-11,M01,Заметное изменение за пять обновлений,0.181834,0.030326038916150155,0.04456674096371693,0.006835639678414074,0.013824313443159087,0.174076,0.04563667101517886,0.04572649613162976,16.0,False,681.6656950845271,-305.3402976325743,445.6674096371693
2020-03-11,TJS_RUB,2020-03-11,M01,Заметное изменение за пять обновлений,7.43249,0.06570761216650434,0.08471833041447763,0.008532402531213502,0.01567120075348705,6.851999999999999,0.08830583711648503,0.08858587488312199,16.0,False,66.97620851154764,-162.5912612764005,847.1833041447762
2020-03-11,UZS_RUB,2020-03-11,M01,Заметное изменение за пять обновлений,0.00758433,0.06613727607030806,0.089297229910134,0.008849736276807896,0.017315028300556135,0.00696259,0.08971908067259746,0.0900515855199678,16.0,False,99.1386187046188,-169.6099961057274,892.97229910134
2020-03-19,AMD_RUB,2020-03-19,M01,Заметное изменение за пять обновлений,0.157658,0.04497852484225029,0.06543672917722576,0.010295394768222988,0.021763026498748197,0.147975,0.04438409707206226,0.06367336739592168,8.0,False,29.430793235991338,-217.32844298302916,654.3672917722577
2020-03-19,KGS_RUB,2020-03-19,M01,Заметное изменение за пять обновлений,1.05903,0.04497508510533321,0.03540212354079886,0.009394634234811107,0.02197619551673245,1.02282,0.05367064132747002,0.05366323750262919,8.0,False,819.2969037704305,-291.84768904145585,354.02123540798857
2020-03-19,TJS_RUB,2020-03-19,M01,Заметное изменение за пять обновлений,7.93027,0.04444192744997588,0.07416788685997422,0.009746674470158867,0.022138710495706933,7.38271,0.049721976931193984,0.0718647751568055,8.0,False,385.4849834873212,-339.7260131087082,741.6788685997421
2020-03-26,AMD_RUB,2020-03-26,M03,Возвращение к уровню пяти обновлений назад,0.157555,-0.013400544788503055,-0.0006533128670920263,0.011640273642238831,0.030862031995204476,0.157658,0.038966345435157486,0.03908363372837632,36.0,False,22.912633683475626,-10.032253877740551,6.533128670920263
2020-03-26,TJS_RUB,2020-03-26,M01,Заметное изменение за пять обновлений,7.63049,-0.012914083763673534,-0.03780199160936515,0.010796508139806593,0.0283749207789228,7.93027,0.08319819387333795,0.08328154314951786,7.0,False,7.758348415370053,165.88050314465505,378.0199160936515
2020-03-27,KGS_RUB,2020-03-27,M01,Заметное изменение за пять обновлений,0.986901,-0.07539863965972748,-0.10236029251255174,0.012181561538350661,0.030340091652744143,1.09944,0.11528571248561963,0.11463884184526396,8.0,False,148.31274869515798,302.6746799086677,1023.6029251255175
2020-03-30,KZT_RUB,2020-03-28,M03,Возвращение к уровню пяти обновлений назад,0.174278,-0.012343020356349488,-0.0004244287418556647,0.008431200260658224,0.025924780509501925,0.174352,0.039130400227981615,0.0391972515104846,174.0,True,93.06969324871669,22.583763571659006,4.244287418556647
2020-04-07,AMD_RUB,2020-04-07,M01,Заметное изменение за пять обновлений,0.152434,-0.03028105398424885,-0.06945199040357497,0.012740663242984155,0.030862031995204476,0.163811,0.04618521920328123,0.07186343610015966,19.0,False,211.50137108518948,91.87209591692096,694.5199040357497
2020-04-07,KZT_RUB,2020-04-07,M01,Заметное изменение за пять обновлений,0.173999,-0.001600890531220256,-0.03595787000869877,0.009487393412932931,0.025924780509501925,0.180489,0.016356259929565152,0.0392103696343855,27.0,False,150.17327685791165,-35.11762082307073,359.5787000869877
2020-04-07,UZS_RUB,2020-04-07,M01,Заметное изменение за пять обновлений,0.00794999,-0.025055492194302253,-0.06423256969121982,0.013624439461077232,0.03187429843786851,0.00849569,0.039157962241560616,0.06642974702240859,27.0,False,714.617251090883,-69.15488593162291,642.3256969121982
2020-04-09,KZT_RUB,2020-04-09,M03,Возвращение к уровню пяти обновлений назад,0.173788,0.00655638958391247,0.0011060162676559404,0.009487393412932931,0.030251903375215154,0.173596,0.021809574862513576,0.021822922299868,10.0,False,138.2143761364414,-28.429309502469593,11.060162676559404
2020-04-10,AMD_RUB,2020-04-10,M01,Заметное изменение за пять обновлений,0.14921,-0.016394523293143504,-0.06272770672629957,0.013438010227208964,0.04933526717232444,0.159196,0.05245253715497537,0.0651073332138025,3.0,True,0.0,259.91707869317963,627.2770672629957
2020-04-10,TJS_RUB,2020-04-10,M01,Заметное изменение за пять обновлений,7.289199999999999,-0.015595542278667218,-0.05507973072650196,0.012554514790304939,0.048754190549963966,7.714090000000001,0.04508590884195761,0.05677005648635558,15.0,False,172.89963233276643,127.69937960656522,550.7973072650196
2020-04-10,UZS_RUB,2020-04-10,M01,Заметное изменение за пять обновлений,0.00777536,-0.00423899206757794,-0.05845996611823745,0.016795071587451638,0.053699287857728005,0.00825813,0.04797102344597372,0.06065598727167003,3.0,False,621.2445468762868,-4.002028217118842,584.5996611823745
2020-04-15,AMD_RUB,2020-04-15,M03,Возвращение к уровню пяти обновлений назад,0.150699,0.006740597234284218,0.0010960978915062203,0.014140813090661494,0.05172805453806786,0.150534,0.016560613042331702,0.01655402856851244,20.0,True,0.0,159.561864854224,10.960978915062203
2020-04-17,TJS_RUB,2020-04-17,M03,Возвращение к уровню пяти обновлений назад,7.29074,0.013282521469263564,0.00021127147012034442,0.013162353786871276,0.05458351782475253,7.289199999999999,0.01769738402782324,0.01766438771094782,60.0,False,100.34646688813557,2.308984732357362,2.112714701203444
2020-04-23,AMD_RUB,2020-04-23,M01,Заметное изменение за пять обновлений,0.16022,0.013556684400640284,0.0554607677156278,0.01636096667877034,0.05172805453806786,0.151801,0.04886875505306529,0.05425598073533541,13.0,False,533.7660716514795,-421.4940565995943,554.607677156278
2020-04-28,TJS_RUB,2020-04-28,M03,Возвращение к уровню пяти обновлений назад,7.27145,-0.0029480525713189154,-0.0022722252027645995,0.016174740743848646,0.05458351782475253,7.28801,0.033707109138212184,0.03377081369172034,11.0,False,239.93838917959894,-53.34445540265283,22.722252027645993
2020-05-13,UZS_RUB,2020-05-13,M03,Возвращение к уровню пяти обновлений назад,0.0072569,-0.003498856143183904,-0.0017126703212804184,0.020098622168369572,0.05961448683283394,0.00726935,0.01787534580691494,0.017875296626199435,86.0,False,351.67909162314555,-58.22680595268994,17.126703212804184
2020-05-15,TJS_RUB,2020-05-15,M03,Возвращение к уровню пяти обновлений назад,7.205629999999999,0.005461529981901858,-0.001787067450020885,0.017399909574437693,0.05458351782475253,7.218529999999999,0.010740330434477884,0.010733395410893241,17.0,False,394.8717877548519,-118.75364278054616,17.87067450020885
2020-05-19,KZT_RUB,2020-05-19,M04,Пять обновлений в узком диапазоне,0.174819,0.004083672203459843,-0.0014337122293939242,0.012614069711628154,0.030251903375215154,0.17507,0.0040730514086684926,0.005508264305073047,116.0,False,175.66740457272897,-61.20255958904532,40.73051408668493
2020-05-21,KGS_RUB,2020-05-21,M03,Возвращение к уровню пяти обновлений назад,0.949758,0.005664924481791678,0.0007723716445826589,0.02184897711865722,0.06724801054371343,0.949025,0.016948258421428535,0.01695591196551056,94.0,False,138.1193946247356,16.959975878435063,7.7237164458265894
2020-05-22,KZT_RUB,2020-05-22,M02,Заметное изменение после спокойного периода,0.171748,-0.013600128649865484,-0.017178826895564936,0.012614069711628154,0.030251903375215154,0.17475,0.017667295655375493,0.017651623286424497,114.0,True,6.11360830985058,87.61095656389548,136.00128649865485
2020-05-26,KGS_RUB,2020-05-26,M03,Возвращение к уровню пяти обновлений назад,0.954298,-0.0035397749580239335,0.001796161400481111,0.02298511242394737,0.06724801054371343,0.952587,0.022189461397421558,0.02217376578450701,5.0,False,263.0834393449422,-36.75940850191583,17.96161400481111
2020-05-29,AMD_RUB,2020-05-29,M03,Возвращение к уровню пяти обновлений назад,0.146931,0.001342565458585021,0.0018614736325328618,0.019151942086242227,0.05584173480871502,0.146658,0.01696412602231898,0.01749773365917398,44.0,False,403.863037752414,-62.644675642835104,18.614736325328618
2020-05-29,KZT_RUB,2020-05-29,M04,Пять обновлений в узком диапазоне,0.172177,-0.00031353240705800367,0.0024978456808812943,0.013441009623490752,0.030251903375215154,0.171748,0.003724053440746967,0.005804324608788527,10.0,True,92.81146726914677,3.1408520058754505,37.24053440746967
2020-05-29,TJS_RUB,2020-05-29,M03,Возвращение к уровню пяти обновлений назад,6.92994,-0.0006892852198790989,0.0012772536157548142,0.018380953541721978,0.05458351782475253,6.9211,0.012141900867824686,0.013424321520147739,14.0,False,399.8591618397849,-65.12823034591034,12.772536157548142
2020-05-29,UZS_RUB,2020-05-29,M03,Возвращение к уровню пяти обновлений назад,0.00701244,0.0005264847512038706,0.0015353436098999307,0.020098622168369572,0.05961448683283394,0.00700169,0.012862500930418344,0.013877899789364816,16.0,False,397.35099337748363,-66.62400156624149,15.353436098999307
2020-06-01,KGS_RUB,2020-05-30,M03,Возвращение к уровню пяти обновлений назад,0.95947,-0.007927522160769307,0.0018607312611205185,0.02298511242394737,0.06724801054371343,0.957688,0.019745560146736865,0.019745371139846493,6.0,False,412.4985669171522,-163.95863949877435,18.607312611205185
2020-06-10,AMD_RUB,2020-06-10,M03,Возвращение к уровню пяти обновлений назад,0.142656,0.0075999434948439415,0.0004909317885346542,0.017862441091594586,0.05584173480871502,0.142586,0.014357739377807715,0.014348107560375944,12.0,False,43.39109466128368,48.690653905718136,4.9093178853465425
2020-06-11,KZT_RUB,2020-06-11,M04,Пять обновлений в узком диапазоне,0.171565,-0.000582529927475095,0.002172986044990166,0.012614069711628154,0.0264243346224326,0.171193,0.00494970517226731,0.0059427284114853506,13.0,True,0.0,22.169172526288865,49.4970517226731
2020-06-11,TJS_RUB,2020-06-11,M03,Возвращение к уровню пяти обновлений назад,6.66521,-0.0015459446665657683,0.0018593563049764672,0.01737226430872461,0.05458351782475253,6.65284,0.010975040845548463,0.010981156708820642,13.0,True,0.0,92.47300122037804,18.593563049764672
2020-06-12,AMD_RUB,2020-06-12,M03,Возвращение к уровню пяти обновлений назад,0.14305,0.0071319444933364284,9.787745742340093e-05,0.017862441091594586,0.05584173480871502,0.143036,0.010335750164528262,0.010325934251194149,2.0,False,0.0,11.584241441661035,0.9787745742340093
2020-06-12,UZS_RUB,2020-06-12,M03,Возвращение к уровню пяти обновлений назад,0.0068087,0.006843703881155072,0.001183710380625369,0.019936472680216432,0.05961448683283394,0.00680065,0.011491925651260792,0.011482264459270836,14.0,False,0.0,-1.5206948806147897,11.83710380625369
2020-06-18,KZT_RUB,2020-06-18,M03,Возвращение к уровню пяти обновлений назад,0.17175,-0.004613262550276387,0.0004951504383536864,0.011945559610770663,0.025267934247570102,0.171665,0.010679125065838221,0.010686640345114878,70.0,True,28.704512372635875,19.00035864352835,4.951504383536864
2020-06-22,KGS_RUB,2020-06-20,M03,Возвращение к уровню пяти обновлений назад,0.928919,-0.002541646712180712,-0.000657321442019021,0.020933025868122318,0.05505089021465983,0.92953,0.01430004866823287,0.014306431131515484,21.0,False,121.85131319307796,-21.5186814437841,6.57321442019021
2020-06-23,KGS_RUB,2020-06-23,M04,Пять обновлений в узком диапазоне,0.927205,-0.0018451554979498352,-0.01465365347706793,0.020933025868122318,0.05241085646681554,0.940994,0.004391633405684266,0.014807433032849919,154.0,False,103.59089953138707,-3.869239336624633,43.916334056842665
2020-06-23,TJS_RUB,2020-06-23,M04,Пять обновлений в узком диапазоне,6.742700000000001,-0.0010370831296203642,-0.014385092477682493,0.014885654618136204,0.04360592945064923,6.84111,0.0043678690723469625,0.01480381654814557,154.0,True,97.76499028579349,12.50863698318743,43.67869072346963
2020-06-23,UZS_RUB,2020-06-23,M04,Пять обновлений в узком диапазоне,0.00683893,-0.0002952806262288554,-0.011296690650810293,0.017688936490446026,0.04344889439835882,0.00691707,0.004671150152338563,0.012693832236002312,154.0,False,105.61593699599263,-0.540353208559247,46.711501523385635
2020-06-26,AMD_RUB,2020-06-26,M03,Возвращение к уровню пяти обновлений назад,0.14412,0.006403497133439906,-0.0021878202110278133,0.014729585576384308,0.037564125569535214,0.144436,0.012276681808139093,0.012269512656623703,14.0,True,42.3952262003886,41.25292812868971,21.87820211027813
2020-06-26,TJS_RUB,2020-06-26,M03,Возвращение к уровню пяти обновлений назад,6.74427,0.00986314087206508,-0.0014568906932223014,0.013729517079821266,0.0401943952901499,6.75411,0.010853823174371278,0.011500036187018593,15.0,False,55.83999454351591,35.622223477671646,14.568906932223014
2020-06-26,UZS_RUB,2020-06-26,M03,Возвращение к уровню пяти обновлений назад,0.00682444,0.00850911648829733,-0.0019874145038848434,0.01640414021609498,0.04034716170387776,0.00683803,0.010906966003758244,0.01089883992796743,14.0,True,42.728780676510155,45.838395329019384,19.874145038848432
2020-06-30,KGS_RUB,2020-06-30,M03,Возвращение к уровню пяти обновлений назад,0.926883,0.007615140268600884,-0.0003472802670390074,0.014887966584963786,0.04423263811495352,0.927205,0.010219056653061491,0.0104095901894444,8.0,False,349.32132750304,-89.73413224408921,3.472802670390074
2020-07-09,AMD_RUB,2020-07-09,M03,Возвращение к уровню пяти обновлений назад,0.146399,-0.01754868670057852,0.0024719593530451167,0.012984636324937739,0.03013464656464022,0.146038,0.02262720739541314,0.022648299332864708,13.0,False,79.85027220131308,-7.242475474863634,24.719593530451167
2020-07-09,KZT_RUB,2020-07-09,M03,Возвращение к уровню пяти обновлений назад,0.173516,-0.01438244115241305,0.0009633744642312259,0.0065966525006193825,0.014868715456129378,0.173349,0.015512752698955136,0.01552699327201913,21.0,False,116.87682980243908,-28.921143370483737,9.633744642312259
2020-07-14,KZT_RUB,2020-07-14,M01,Заметное изменение за пять обновлений,0.171737,-0.0031460595893869625,-0.020107154472472466,0.006666053383230653,0.014128338624740612,0.175261,0.024894094711896093,0.024844183573793505,98.0,True,14.498914037161429,62.93195110815684,201.07154472472467
2020-07-16,KZT_RUB,2020-07-16,M04,Пять обновлений в узком диапазоне,0.171488,-0.003764465306501874,-0.011687682980243919,0.006666053383230653,0.014868715456129378,0.173516,0.004651552222976779,0.011774222889677633,35.0,True,0.0,74.15071754179918,46.51552222976779
2020-07-22,KGS_RUB,2020-07-22,M03,Возвращение к уровню пяти обновлений назад,0.914913,-0.013707003238367155,-0.00016720105435030774,0.011603671545079844,0.02475011509202658,0.915066,0.0157817163026924,0.015795080727389915,22.0,True,25.18272229162743,130.9916330177587,1.6720105435030774
2020-07-22,KZT_RUB,2020-07-22,M03,Возвращение к уровню пяти обновлений назад,0.171768,-0.00845681827365452,-0.0021378444950505004,0.00627641528189047,0.014748891584715818,0.172136,0.010121175703610194,0.010123865053810209,13.0,True,12.516883237855303,51.44546788678157,21.378444950505006
2020-07-22,TJS_RUB,2020-07-22,M03,Возвращение к уровню пяти обновлений назад,6.893330000000001,-0.01264323364271791,-0.001289438340941973,0.012179306901871656,0.023673135038478458,6.90223,0.016299378101367404,0.016307277692960396,26.0,True,30.029028060460607,75.31411447194124,12.89438340941973
2020-07-22,UZS_RUB,2020-07-22,M03,Возвращение к уровню пяти обновлений назад,0.00695958,-0.012583229643586269,-0.0003992898959548352,0.010912459051591196,0.02190621065343308,0.00696236,0.014834595759769595,0.014843812083381258,26.0,True,38.2638032754846,76.1687788673206,3.992898959548352
2020-07-27,TJS_RUB,2020-07-25,M03,Возвращение к уровню пяти обновлений назад,6.94615,0.008940243441884821,-0.0016241582763799611,0.012141231523611306,0.023242483407663706,6.95745,0.015756987545082615,0.01574113486788268,5.0,False,9.01218660696955,80.46249101595487,16.241582763799613
2020-07-27,UZS_RUB,2020-07-25,M03,Возвращение к уровню пяти обновлений назад,0.00700836,0.008385514986877896,-0.0014291026859436506,0.010612175978123606,0.02190621065343308,0.00701839,0.01652184975947893,0.016506658415563973,5.0,False,1.7265094829599976,86.43811707772842,14.291026859436506
2020-07-29,KGS_RUB,2020-07-29,M01,Заметное изменение за пять обновлений,0.938293,0.005224894366498978,0.02555434232544518,0.011603671545079844,0.02403213331398271,0.914913,0.02768550712639876,0.027749281931688883,124.0,False,0.0,22.274501686008215,255.5434232544518
2020-07-31,AMD_RUB,2020-07-31,M01,Заметное изменение за пять обновлений,0.151452,0.017302990408124774,0.03617145007354705,0.011392704918598942,0.020243994646545492,0.146165,0.029426420481327445,0.03569503597972317,99.0,False,78.90288672318634,-137.6886776665869,361.7145007354705
2020-07-31,KZT_RUB,2020-07-31,M01,Заметное изменение за пять обновлений,0.17462,0.00921248829655652,0.01696494610004251,0.005870682106415704,0.012595039574026613,0.171707,0.011624417047605784,0.016838361174080208,17.0,False,30.580689497194292,-49.43571917749245,169.6494610004251
2020-07-31,TJS_RUB,2020-07-31,M01,Заметное изменение за пять обновлений,7.114019999999999,0.015869162588588503,0.03332364988525094,0.010693172843761816,0.020921935565063596,6.884600000000001,0.02489209328309442,0.032882665413647656,112.0,False,44.11008121990031,-109.6607574597701,333.2364988525094
2020-07-31,UZS_RUB,2020-07-31,M01,Заметное изменение за пять обновлений,0.00718709,0.01562634688568232,0.03410176573507062,0.010561723128872758,0.020772600644874472,0.00695008,0.02547104590110654,0.033640278062307134,112.0,False,46.2635085966647,-114.27885592880018,341.0176573507062
2020-08-04,KGS_RUB,2020-08-04,M01,Заметное изменение за пять обновлений,0.965827,0.009976084585485268,0.03472299596321471,0.011409560693938526,0.02403213331398271,0.933416,0.0289346208297323,0.0341684904761302,6.0,False,232.61929931550904,-180.81588913401808,347.2299596321471
2020-08-04,KZT_RUB,2020-08-04,M01,Заметное изменение за пять обновлений,0.175969,0.0108164929977137,0.019483679593988557,0.005870682106415704,0.012283619601159779,0.172606,0.016894994994075405,0.019335475970079615,4.0,False,85.69691252436404,-93.31956364923504,194.83679593988558
2020-08-07,KZT_RUB,2020-08-07,M03,Возвращение к уровню пяти обновлений назад,0.174536,-0.0024519189552196785,-0.00048104455388842116,0.006150473458185135,0.011861642773393966,0.17462,0.010767838986782354,0.010770431932643307,16.0,False,6.989961956271671,2.416709445516636,4.810445538884212
2020-08-10,KGS_RUB,2020-08-08,M03,Возвращение к уровню пяти обновлений назад,0.954473,0.004918925122209927,-0.0018969200668836894,0.011502246271101258,0.02403213331398271,0.956287,0.016770137978492014,0.01676820841434263,19.0,False,220.8758131450554,-51.403542986167714,18.969200668836894
2020-08-13,AMD_RUB,2020-08-13,M03,Возвращение к уровню пяти обновлений назад,0.150938,0.0013400912854260039,0.0006165268984719141,0.011170232121617652,0.022521459968146963,0.150845,0.01166116699029374,0.011664445287881771,35.0,True,32.397408207342714,28.31661632636439,6.165268984719141
2020-08-13,TJS_RUB,2020-08-13,M03,Возвращение к уровню пяти обновлений назад,7.10331,0.0013758978226698915,-0.00037855333520975254,0.01056680571894464,0.0235443389720869,7.106,0.010021347015212885,0.01002341608704404,17.0,True,43.76832772327245,30.345490399073903,3.7855333520975254
2020-08-18,KGS_RUB,2020-08-18,M01,Заметное изменение за пять обновлений,0.933391,-0.008166184240167684,-0.024829782365902386,0.011409560693938526,0.022333681155858057,0.957157,0.012423910584381654,0.025173127479869828,14.0,True,0.0,170.26752822626375,248.29782365902386
2020-08-19,KGS_RUB,2020-08-19,M03,Возвращение к уровню пяти обновлений назад,0.943303,0.010619343876253406,-0.001309632201918487,0.011320890437903231,0.02333434490631008,0.94454,0.012427176131662483,0.012419926671784636,9.0,False,32.248386785582035,64.27133506782073,13.09632201918487
2020-08-19,UZS_RUB,2020-08-19,M03,Возвращение к уровню пяти обновлений назад,0.00715503,0.0057773973036001625,0.0018693080619684999,0.009459303328454217,0.021161454197645348,0.00714168,0.011194466024250276,0.011197093175311552,23.0,True,10.412255434288873,65.65742817342877,18.693080619685
2020-08-21,KGS_RUB,2020-08-21,M03,Возвращение к уровню пяти обновлений назад,0.946997,0.007163968302418056,0.0020199177219475395,0.011320890437903231,0.02333434490631008,0.945088,0.01445900003145572,0.01444855291466583,2.0,False,0.0,22.126795403228346,20.199177219475395
2020-08-21,TJS_RUB,2020-08-21,M03,Возвращение к уровню пяти обновлений назад,7.150090000000001,0.007262056704618436,0.0019899409884402974,0.009956844038618653,0.023242483407663706,7.135890000000001,0.010954876376042156,0.01094778141178181,8.0,False,0.0,24.7123595745948,19.899409884402974
2020-08-24,KZT_RUB,2020-08-22,M01,Заметное изменение за пять обновлений,0.176563,0.003381296599381578,0.012321258614560682,0.006150473458185135,0.009988211883673518,0.174414,0.012058615356384552,0.01225904287432428,20.0,False,53.23878728838977,-11.061833407763233,123.21258614560682
2020-08-27,AMD_RUB,2020-08-27,M01,Заметное изменение за пять обновлений,0.155396,0.013970180418257261,0.02969221084716578,0.010376956534206673,0.019884838837664412,0.150915,0.021866554670951686,0.029299997493491336,27.0,False,292.4785708769848,-170.3358503749714,296.9221084716578
2020-08-27,KGS_RUB,2020-08-27,M01,Заметное изменение за пять обновлений,0.968739,0.012778667581096359,0.030287335112272107,0.010554419188943509,0.022374602537343205,0.940261,0.02274639433765228,0.029874743857833234,9.0,False,323.0797975512501,-195.11957748789666,302.8733511227211
2020-08-27,TJS_RUB,2020-08-27,M01,Заметное изменение за пять обновлений,7.32311,0.01376024231316042,0.03163608291282438,0.009859786140033711,0.020921935565063596,7.09854,0.023969499912722094,0.03119732606255487,27.0,False,253.8129292063065,-172.066556804911,316.36082912824384
2020-08-27,UZS_RUB,2020-08-27,M01,Заметное изменение за пять обновлений,0.00736031,0.013378511222418954,0.029762521021100996,0.009118828310012162,0.020772600644874472,0.00714758,0.023546082791803313,0.029391054055609978,27.0,False,258.5488926417502,-174.45801208442472,297.62521021100997
2020-08-31,KGS_RUB,2020-08-29,M03,Возвращение к уровню пяти обновлений назад,0.95124,-0.011186059058150732,-0.0017263363364938833,0.01075600350191266,0.022374602537343205,0.952885,0.018256353887198127,0.018274245260999897,10.0,False,145.06328581640813,32.66520988991464,17.263363364938833
2020-09-03,AMD_RUB,2020-09-03,M01,Заметное изменение за пять обновлений,0.151785,0.006191539996420303,-0.02323740636824634,0.009600242101049221,0.018940512185832016,0.155396,0.02531325065693739,0.029717374365903985,7.0,True,0.0,127.8385114289986,232.37406368246337
2020-09-03,KGS_RUB,2020-09-03,M01,Заметное изменение за пять обновлений,0.943581,0.006549745530652018,-0.025969843270478465,0.011243300603405127,0.02083653491575506,0.968739,0.02593730185316533,0.032926587428569076,7.0,True,0.0,113.12930179293124,259.69843270478464
2020-09-03,KZT_RUB,2020-09-03,M01,Заметное изменение за пять обновлений,0.17632,0.002883745798092363,-0.019780073160697853,0.006589827142591908,0.011980759964825305,0.179878,0.020101729675828538,0.02398581708207326,10.0,True,58.58666061706024,70.05392022509879,197.80073160697853
2020-09-03,TJS_RUB,2020-09-03,M01,Заметное изменение за пять обновлений,7.158589999999999,0.0029913523995268587,-0.022465864912585065,0.009956844038618653,0.019842122256865748,7.32311,0.021512005750618454,0.02575662778991443,7.0,True,0.0,138.4082908790073,224.65864912585064
2020-09-03,UZS_RUB,2020-09-03,M01,Заметное изменение за пять обновлений,0.0071931,0.0032203581306022855,-0.02271779313643041,0.00895186853177723,0.0192257323740904,0.00736031,0.020466514761491108,0.02625280220727712,7.0,True,0.0,138.02769563553548,227.17793136430407
2020-09-04,KGS_RUB,2020-09-04,M03,Возвращение к уровню пяти обновлений назад,0.963932,0.02156783572369525,0.0020072744207126902,0.011243300603405127,0.021493371494805704,0.962001,0.0279651847120983,0.02789296553118357,4.0,False,165.59259366843338,-102.58661730070496,20.072744207126902
2020-09-04,KZT_RUB,2020-09-04,M03,Возвращение к уровню пяти обновлений назад,0.179284,0.016810344827586254,0.0005860061725984078,0.006589827142591908,0.012236698980542604,0.179179,0.020692828219568925,0.02064890931908232,28.0,False,222.94237076370456,-100.32820344428491,5.860061725984078
2020-09-08,AMD_RUB,2020-09-08,M01,Заметное изменение за пять обновлений,0.1549,0.0043702099516294,0.02190936739258098,0.01091039549304762,0.0192945517808234,0.151579,0.029103950315352522,0.029162135595766407,5.0,False,101.74306003873608,-73.4520610644011,219.0936739258098
2020-09-08,KZT_RUB,2020-09-08,M01,Заметное изменение за пять обновлений,0.178538,-0.0003807262913898546,0.01659805378566581,0.006638751951120759,0.012236698980542604,0.175623,0.019531579711466077,0.020641167316930144,5.0,False,194.69244642597133,-83.36876620196567,165.98053785665812
2020-09-08,TJS_RUB,2020-09-08,M01,Заметное изменение за пять обновлений,7.321160000000001,0.004461737717873504,0.023470384872932293,0.010358498248708116,0.019856483280150484,7.153270000000001,0.025387906842173485,0.02544124251531526,5.0,False,115.9105934032323,-79.47573002666667,234.70384872932294
2020-09-08,UZS_RUB,2020-09-08,M01,Заметное изменение за пять обновлений,0.0073618,0.005435673313302303,0.02370208653451722,0.009130882509749695,0.019539795053708887,0.00719135,0.026347147120084666,0.02640033697286045,5.0,False,115.9091526528835,-86.38136459068762,237.02086534517218
2020-09-09,KGS_RUB,2020-09-09,M01,Заметное изменение за пять обновлений,0.96454,0.004965752354199937,0.028907419240250753,0.011243300603405127,0.021493371494805704,0.937441,0.02189180545194629,0.02840371518931616,6.0,False,188.5251000476909,-130.43510226116294,289.07419240250755
2020-09-11,KZT_RUB,2020-09-11,M01,Заметное изменение за пять обновлений,0.176842,-0.005175459322014797,-0.013620847370652167,0.006803924535813377,0.013595347088928424,0.179284,0.012096615754228147,0.0136930868228805,3.0,False,100.65482181834655,18.255738381723127,136.20847370652166
2020-09-11,TJS_RUB,2020-09-11,M03,Возвращение к уровню пяти обновлений назад,7.31323,-0.006909185224012071,-0.00042507592594109855,0.0097938273972765,0.020126000720334946,7.316339999999999,0.010296594306271242,0.010299701713068645,21.0,False,105.19291749336469,-61.356931844184935,4.2507592594109855
2020-09-11,UZS_RUB,2020-09-11,M03,Возвращение к уровню пяти обновлений назад,0.00735561,-0.0071498181837814645,0.0007877743944750826,0.00895186853177723,0.020472248101113567,0.00734982,0.011748846623678838,0.011754007546838429,23.0,False,107.59134864409629,-68.53374662251197,7.877743944750826
2020-09-21,KZT_RUB,2020-09-19,M01,Заметное изменение за пять обновлений,0.178291,0.005192535378023333,0.017137608607597832,0.006935077010606695,0.015800831346059988,0.175287,0.01828355420063106,0.018306355066185075,10.0,False,0.0,20.33456476194993,171.37608607597832
2020-09-22,AMD_RUB,2020-09-22,M01,Заметное изменение за пять обновлений,0.156699,0.011633537124669857,0.02201220943883553,0.009021896666132935,0.01963451613117644,0.153324,0.01612264049867882,0.021820862037195788,14.0,False,0.0,1.9414714713071568,220.1220943883553
2020-09-25,AMD_RUB,2020-09-25,M01,Заметное изменение за пять обновлений,0.158737,0.0095397393743204,0.027437248378619827,0.009021896666132935,0.019353176023393506,0.154498,0.024466515280103258,0.027079225419592734,3.0,False,48.507909309108335,-67.01625893988106,274.37248378619825
2020-09-25,TJS_RUB,2020-09-25,M01,Заметное изменение за пять обновлений,7.478489999999999,0.010785693142975061,0.026383942357179446,0.008541250420569392,0.019856483280150484,7.28625,0.028176746623627433,0.028236878754043418,17.0,False,51.26703385308924,-67.85571442134285,263.83942357179444
2020-09-25,UZS_RUB,2020-09-25,M01,Заметное изменение за пять обновлений,0.00751636,0.010785136414493524,0.026383455207117157,0.008541382785765751,0.019291278660168134,0.00732315,0.028173581939144727,0.02823415940189672,17.0,False,46.445353868095694,-68.47608529332771,263.8345520711716
2020-09-29,AMD_RUB,2020-09-29,M01,Заметное изменение за пять обновлений,0.162119,0.0262839707027418,0.03458860618127746,0.009327704405597227,0.020237571135669048,0.156699,0.03115718399064089,0.03423392126829736,4.0,False,232.17513061393277,-213.73702282003694,345.8860618127746
2020-09-29,KGS_RUB,2020-09-29,M01,Заметное изменение за пять обновлений,0.98924,0.022175517344352524,0.028705248139628603,0.011243300603405127,0.02212663755148081,0.961636,0.02706419448570513,0.028472682563215286,20.0,False,189.53944442198096,-164.6106945453264,287.05248139628605
2020-09-30,KZT_RUB,2020-09-30,M01,Заметное изменение за пять обновлений,0.184609,0.010067352778644123,0.02648376944719355,0.006935077010606695,0.018129270773818273,0.179846,0.028303435751696738,0.0283464219332992,9.0,False,260.33400321761155,-216.7750287057723,264.8376944719355
2020-10-02,AMD_RUB,2020-10-02,M03,Возвращение к уровню пяти обновлений назад,0.158355,-0.021346155034639658,-0.0024064962800103284,0.009812277069772394,0.022881634045736732,0.158737,0.03796972616790478,0.038053624792588656,50.0,False,80.95734267942315,42.90099087276057,24.064962800103284
2020-10-02,KGS_RUB,2020-10-02,M03,Возвращение к уровню пяти обновлений назад,0.97049,-0.019131429657202936,-0.0018728575527789948,0.011263510212754114,0.02329822197084206,0.972311,0.03476482991753469,0.0348325193818123,28.0,True,34.312563756452356,53.20871941472228,18.72857552778995
2020-10-02,TJS_RUB,2020-10-02,M03,Возвращение к уровню пяти обновлений назад,7.484489999999999,-0.019607868821536978,0.0008023009992659258,0.009245367638349626,0.022638651633143384,7.478489999999999,0.03661077239124494,0.036692023086125104,21.0,False,27.38997580329361,39.21969996796516,8.023009992659258
2020-10-08,KZT_RUB,2020-10-08,M03,Возвращение к уровню пяти обновлений назад,0.182058,-0.0022196280889823505,0.00034616335613613103,0.008782267106303764,0.01733211711137446,0.181995,0.014685844391884556,0.014674121414563214,34.0,False,116.00698678443148,-51.84701030472619,3.4616335613613103
2020-10-12,KZT_RUB,2020-10-10,M03,Возвращение к уровню пяти обновлений назад,0.180209,-0.008844057486373624,-0.001252528611411341,0.008782267106303764,0.01733211711137446,0.180435,0.012419800269334326,0.012431781015335534,4.0,True,14.594165663202904,38.67513257149794,12.52528611411341
2020-10-16,AMD_RUB,2020-10-16,M03,Возвращение к уровню пяти обновлений назад,0.15864,0.006950395125202347,-0.001724203028052873,0.010612173865601938,0.022404834598612134,0.158914,0.011126739465459532,0.0128473278572153,14.0,False,248.73928391326305,-68.45098406034091,17.24203028052873
2020-10-16,KGS_RUB,2020-10-16,M03,Возвращение к уровню пяти обновлений назад,0.977889,0.008376247465883502,-0.0004211382795273888,0.011583084708497204,0.022470047553333088,0.978301,0.011113270450530073,0.01152229750310775,14.0,False,318.7376072335408,-114.02197096880384,4.211382795273888
2020-10-16,KZT_RUB,2020-10-16,M03,Возвращение к уровню пяти обновлений назад,0.181824,0.010200680045336474,3.8500250251649604e-05,0.00880333949401757,0.01733211711137446,0.181817,0.010409980277577405,0.010396406836458755,4.0,False,164.55473424850527,-63.15988107546764,0.38500250251649604
2020-10-16,TJS_RUB,2020-10-16,M03,Возвращение к уровню пяти обновлений назад,7.54195,0.008671799665913582,-0.0005777658219713322,0.010791135513987426,0.022638651633143384,7.54631,0.010473043836081383,0.011040458108966422,14.0,False,175.53815657754177,-55.02869995759902,5.777658219713322
2020-10-16,UZS_RUB,2020-10-16,M03,Возвращение к уровню пяти обновлений назад,0.0075303,0.008673172103863758,0.00039057518173701844,0.009507520127404346,0.022914651816047772,0.00752736,0.011929253501858467,0.01191374767591664,35.0,False,200.21778680796328,-65.59274068812361,3.9057518173701844
2020-10-22,KGS_RUB,2020-10-22,M01,Заметное изменение за пять обновлений,0.948296,-0.0023702092159372246,-0.022139361454206474,0.011583084708497204,0.02212663755148081,0.969766,0.03066416045294216,0.030639301507168273,23.0,True,16.619283430490288,142.33025775789343,221.39361454206474
2020-10-22,KZT_RUB,2020-10-22,M03,Возвращение к уровню пяти обновлений назад,0.180007,-0.007389148979580651,0.00010556259306171434,0.008875680191767743,0.01733211711137446,0.179988,0.010322535108750624,0.010440380513498163,6.0,False,120.16199370024489,28.53890011147546,1.0556259306171434
2020-10-22,TJS_RUB,2020-10-22,M03,Возвращение к уровню пяти обновлений назад,7.464360000000001,-0.009589166510761249,-0.001705204283473094,0.010791135513987426,0.022638651633143384,7.477110000000001,0.011480586490317305,0.011493407006518332,6.0,True,90.724455948,52.08656597637631,17.05204283473094
2020-10-26,AMD_RUB,2020-10-24,M01,Заметное изменение за пять обновлений,0.154694,-0.00784391695581621,-0.024425006464144583,0.010612173865601938,0.02205895237508182,0.158567,0.02559896863791286,0.025547852063223225,27.0,True,0.0,229.64400142078037,244.25006464144582
2020-10-27,KZT_RUB,2020-10-27,M01,Заметное изменение за пять обновлений,0.177844,-0.005524738301869836,-0.022185079091044058,0.00880333949401757,0.01733211711137446,0.181879,0.019506648297859815,0.022421275484405187,27.0,True,0.0,191.17718511942886,221.85079091044057
2020-10-27,TJS_RUB,2020-10-27,M01,Заметное изменение за пять обновлений,7.39664,-0.0017436932827321616,-0.020413785065913737,0.010529830167962074,0.019919080921080967,7.55078,0.018782823651840332,0.02063628316629183,32.0,False,636.0996344286059,171.0974297513792,204.13785065913737
2020-10-29,KZT_RUB,2020-10-29,M03,Возвращение к уровню пяти обновлений назад,0.17996,0.011750154607297558,-0.000261100957184901,0.008782267106303764,0.018129270773818273,0.180007,0.011829489867225753,0.012079502448849656,7.0,False,81.62925094465425,57.727980536178165,2.61100957184901
2020-10-30,AMD_RUB,2020-10-30,M01,Заметное изменение за пять обновлений,0.160077,0.01786123051097488,0.026680862253634974,0.009739713573277789,0.02192993580183189,0.155917,0.03442731570545617,0.03444352139096457,4.0,False,219.26947656440245,-127.73486775051717,266.80862253634973
2020-10-30,TJS_RUB,2020-10-30,M01,Заметное изменение за пять обновлений,7.63134,0.015517523583681525,0.023209228986999397,0.009828471837204015,0.019856483280150484,7.458240000000001,0.03141900095876817,0.031427248330385606,3.0,False,1070.8080101266619,-283.19672402014197,232.09228986999398
2020-10-30,UZS_RUB,2020-10-30,M01,Заметное изменение за пять обновлений,0.00761219,0.016994010680040805,0.02427134170545253,0.00902698873234933,0.021626189586740053,0.00743181,0.031437698273296635,0.031448243252047266,35.0,False,213.3157475049878,-119.21104382666313,242.7134170545253
2020-11-02,KGS_RUB,2020-10-31,M01,Заметное изменение за пять обновлений,0.971067,0.0058628122646717795,0.025717213114754056,0.011226469368955284,0.02214500094995837,0.94672,0.024330608049035855,0.02547324874684423,11.0,False,639.9455444372022,-248.6118262961318,257.17213114754054
2020-11-02,KZT_RUB,2020-10-31,M01,Заметное изменение за пять обновлений,0.183154,0.004816871118523691,0.02416793415048768,0.008875680191767743,0.018129270773818273,0.178832,0.02946385766792739,0.029501748251748304,6.0,False,277.7444118064584,-149.2610568363625,241.6793415048768
2020-11-09,KGS_RUB,2020-11-07,M01,Заметное изменение за пять обновлений,0.920268,-0.015763518347991057,-0.04675644572703541,0.011425151455972317,0.024794791852246978,0.965407,0.06727065611547152,0.06718105733594112,7.0,False,273.7463434564713,152.81719636758973,467.5644572703541
2020-11-09,KZT_RUB,2020-11-07,M01,Заметное изменение за пять обновлений,0.178491,-0.015710819455167058,-0.020765213193179477,0.009604896350415306,0.018573638897526345,0.182276,0.03507520263724311,0.03508217446270538,7.0,True,55.12883002504398,112.56965865872286,207.65213193179477
2020-11-10,AMD_RUB,2020-11-10,M01,Заметное изменение за пять обновлений,0.15541,-0.007389807558425554,-0.03392843822264224,0.011594613336307447,0.02413855072129676,0.160868,0.051109677451745876,0.05102831495030219,11.0,False,159.96396628273524,119.2282994413248,339.28438222642245
2020-11-10,UZS_RUB,2020-11-10,M01,Заметное изменение за пять обновлений,0.00742703,-0.0030577961048671165,-0.03001115345535088,0.011686131903919653,0.023726734538567797,0.00765682,0.04608518405873258,0.04601619312450103,11.0,False,133.16224655077448,97.00410297697618,300.1115345535088
2020-11-16,AMD_RUB,2020-11-14,M03,Возвращение к уровню пяти обновлений назад,0.156215,0.002258393589241736,-0.002248238773177147,0.011594613336307447,0.026832139478631948,0.156567,0.012806842678658295,0.015052968315462953,31.0,False,480.1075440898748,-115.92323219614863,22.482387731771468
2020-11-16,KGS_RUB,2020-11-14,M03,Возвращение к уровню пяти обновлений назад,0.918636,0.002367791058260682,-0.001773396445383213,0.011650021173221692,0.027082110447477527,0.920268,0.01061880332909112,0.012390393512956198,31.0,False,313.5953740110343,-115.1318919960207,17.73396445383213
2020-11-16,TJS_RUB,2020-11-14,M03,Возвращение к уровню пяти обновлений назад,6.82641,0.0027409937203921597,0.001796256917570238,0.011279555662392806,0.0313968513433406,6.81417,0.014345515886991617,0.014333658752233542,25.0,False,239.6867460348862,-91.14968111303035,17.96256917570238
2020-11-16,UZS_RUB,2020-11-14,M03,Возвращение к уровню пяти обновлений назад,0.0074632,0.004472427210338692,0.0017973612749855317,0.012099553241040664,0.027059268369913934,0.00744981,0.01628670211832429,0.016271127919334907,31.0,False,290.17043627398346,-102.57132534399655,17.973612749855317
2020-11-18,KZT_RUB,2020-11-18,M03,Возвращение к уровню пяти обновлений назад,0.177874,-0.006934053909198434,-0.0010838616925089584,0.010094018231982594,0.01997710116719418,0.178067,0.01047834921571645,0.010486880213727212,20.0,True,21.082339183917504,34.546300018967735,10.838616925089584
2020-11-19,UZS_RUB,2020-11-19,M03,Возвращение к уровню пяти обновлений назад,0.00732813,-0.0014022091948947546,-0.001965254625089785,0.012099553241040664,0.027059268369913934,0.00734256,0.018260757177219693,0.018283075668046638,3.0,False,113.94448515514904,37.91001017307835,19.65254625089785
2020-11-24,KZT_RUB,2020-11-24,M04,Пять обновлений в узком диапазоне,0.178242,0.004185939075713296,-0.004879519417584022,0.009604896350415306,0.019531410346217283,0.179116,0.004178175863527289,0.009082058674854477,131.0,True,27.32240437158555,14.211362740831358,41.78175863527289
2020-11-24,UZS_RUB,2020-11-24,M04,Пять обновлений в узком диапазоне,0.00731204,-0.0004360765143406331,-0.015075512260303237,0.011598635547115911,0.024693764405785464,0.00742396,0.0037274961462521543,0.01524202779436617,154.0,False,137.17102204035993,20.887186835171786,37.274961462521546
2020-11-26,AMD_RUB,2020-11-26,M01,Заметное изменение за пять обновлений,0.148715,-0.022653487730182165,-0.02752347571342617,0.011433381575433188,0.025292695559639894,0.152924,0.030664579314125414,0.030625808857399753,16.0,False,195.4745654439714,140.57583432963503,275.2347571342617
2020-11-30,KZT_RUB,2020-11-28,M04,Пять обновлений в узком диапазоне,0.178898,0.003275121415031945,0.00788173454498331,0.008973102437770521,0.01923239878046077,0.177499,0.0036753129898782658,0.007845299736433884,6.0,False,244.6645574573216,-74.39026450497624,36.75312989878266
2020-12-02,UZS_RUB,2020-12-02,M03,Возвращение к уровню пяти обновлений назад,0.00731922,-0.004795709831680983,0.00026102488482804276,0.011414663057927687,0.024693764405785464,0.00731731,0.015070459129095892,0.015060971848074171,13.0,False,433.789392858802,-152.00569714235408,2.6102488482804276
2020-12-03,KGS_RUB,2020-12-03,M03,Возвращение к уровню пяти обновлений назад,0.891404,-0.009270404392355713,0.001771128802420252,0.010211282328705744,0.02597040783420113,0.889828,0.01147826763443732,0.011488581900197319,17.0,False,330.06358508599857,-92.21476307441469,17.71128802420252
2020-12-03,TJS_RUB,2020-12-03,M03,Возвращение к уровню пяти обновлений назад,6.67536,-0.009458236263002573,0.0018865970561883216,0.010832052551854954,0.029235060141108177,6.662789999999999,0.011665897995036057,0.011676668623734027,17.0,False,330.0496153016494,-90.99727869100786,18.865970561883216
2020-12-08,AMD_RUB,2020-12-08,M01,Заметное изменение за пять обновлений,0.145804,-2.7433336991178336e-05,-0.027571396177086482,0.011719871971153763,0.026832139478631948,0.149938,0.030526171772875064,0.030447319561744228,12.0,False,420.6331787879619,-51.06805671223143,275.71396177086484
2020-12-08,KGS_RUB,2020-12-08,M01,Заметное изменение за пять обновлений,0.875316,-9.024497512555296e-05,-0.02560020839061672,0.011501857798026373,0.024972278002017314,0.898313,0.0275823711287128,0.02751692656877593,29.0,False,178.22135091783935,26.94546776407749,256.0020839061672
2020-12-08,TJS_RUB,2020-12-08,M01,Заметное изменение за пять обновлений,6.554900000000001,-0.00025165674020621864,-0.025580572560049086,0.010932007680324141,0.023940627283737213,6.72698,0.027770583022434556,0.0277051016041736,39.0,False,178.23307754504293,12.326698654115717,255.80572560049086
2020-12-08,UZS_RUB,2020-12-08,M01,Заметное изменение за пять обновлений,0.00716635,0.006375553823577018,-0.025581651480932055,0.011598635547115911,0.022857783922069122,0.00735449,0.027484173069752215,0.03226853879644457,28.0,False,267.30483439966,-53.13903263954212,255.81651480932055
2020-12-09,KZT_RUB,2020-12-09,M01,Заметное изменение за пять обновлений,0.174931,-0.006045626296201645,-0.024290797942951525,0.00879244660439278,0.01923239878046077,0.179286,0.016260429669535423,0.024602110527782575,30.0,True,60.93831282048416,64.46983654406856,242.90797942951525
2020-12-15,AMD_RUB,2020-12-15,M01,Заметное изменение за пять обновлений,0.139707,-0.017054688984106225,-0.04181641107239853,0.012277392788527578,0.029288994141602045,0.145804,0.03467976838041763,0.04262747049275262,7.0,True,2.5768214906918225,210.34180835828278,418.1641107239853
2020-12-17,TJS_RUB,2020-12-17,M03,Возвращение к уровню пяти обновлений назад,6.48301,-0.00034385774466327845,-0.0006505087687656008,0.010832052551854954,0.028911921254865424,6.487229999999999,0.010706317267833063,0.010702602457228544,14.0,True,38.20756099404334,49.63808184290328,6.505087687656008
2020-12-22,KGS_RUB,2020-12-22,M01,Заметное изменение за пять обновлений,0.924993,0.04938857054043355,0.07592856245550839,0.011977587082975827,0.027082110447477527,0.859716,0.06704448955987174,0.07404050864356038,14.0,False,478.3495658886059,-429.60806927567205,759.2856245550838
2020-12-22,KZT_RUB,2020-12-22,M01,Заметное изменение за пять обновлений,0.177626,0.016929163160034122,0.019614371243735995,0.008587451674719127,0.017358797074553393,0.174209,0.02146910070669369,0.021488993152204736,13.0,False,139.50660376296307,-115.49655110322595,196.14371243735997
2020-12-23,UZS_RUB,2020-12-23,M01,Заметное изменение за пять обновлений,0.00719261,0.008786865564463175,0.024668599391690194,0.01204149284361469,0.02453340366054844,0.00701945,0.030839743767630774,0.030871442923192088,15.0,False,225.550947430766,-200.61493486172182,246.68599391690194
2020-12-24,TJS_RUB,2020-12-24,M01,Заметное изменение за пять обновлений,6.662879999999999,0.0014248354224903892,0.027744828405323885,0.010832052551854954,0.026380269523659978,6.48301,0.03113892947452413,0.031209235884113912,16.0,False,240.75174699228992,-220.15625273909365,277.44828405323886
2020-12-28,KGS_RUB,2020-12-26,M03,Возвращение к уровню пяти обновлений назад,0.880746,-0.044985377881728295,-0.0008088861762146626,0.010539738700614202,0.02895819323907494,0.881459,0.058565612754153486,0.05896323346481326,25.0,True,0.0,156.83935598298189,8.088861762146626
2020-12-29,KGS_RUB,2020-12-29,M01,Заметное изменение за пять обновлений,0.88105,0.0003451619422625285,-0.04750630545312229,0.010539738700614202,0.02895819323907494,0.924993,0.05913132782144356,0.05896763885938169,7.0,True,0.0,163.82801386523354,475.06305453122286
2020-12-30,KZT_RUB,2020-12-30,M01,Заметное изменение за пять обновлений,0.175148,-0.0014196365958368817,-0.022005818336134575,0.008239275632906185,0.019844539633624696,0.179089,0.022295080482977077,0.022251037930086988,8.0,True,0.0,42.112667019160895,220.05818336134575
2021-01-01,AMD_RUB,2021-01-01,M04,Пять обновлений в узком диапазоне,0.141457,0.0,-0.012868019064765868,0.011893129614229551,0.02785887611018807,0.143301,0.0029738808295145186,0.015991542753008237,346.0,True,0.0,24.359848763418974,29.738808295145187
2021-01-01,KZT_RUB,2021-01-01,M04,Пять обновлений в узком диапазоне,0.175252,-0.0013049845852257658,-0.017320750696699028,0.007558600550131136,0.0210133342217705,0.178341,0.002742594140541752,0.018154973996633975,32.0,True,0.0,39.34417533260739,27.425941405417518
2021-01-01,TJS_RUB,2021-01-01,M04,Пять обновлений в узком диапазоне,6.521800000000001,0.0,-0.01287449711360611,0.009001156486217023,0.025650387944234333,6.60686,0.0029684125887722685,0.015991788869782416,192.0,True,0.0,25.94926144521851,29.684125887722686
2021-01-01,UZS_RUB,2021-01-01,M04,Пять обновлений в узком диапазоне,0.00705128,-0.0016155317591455276,-0.012960762163925166,0.010040528338372417,0.02424754039659325,0.00714387,0.00458746598090839,0.016075302311954906,38.0,True,0.0,26.336334408737134,45.8746598090839
2021-01-12,KZT_RUB,2021-01-12,M02,Заметное изменение после спокойного периода,0.177507,0.012867185538538939,0.01069299489264286,0.007558600550131136,0.0210133342217705,0.175629,0.01342194052014998,0.013423569869140586,235.0,False,125.9105274721553,-113.96105701987074,128.6718553853894
2021-01-12,UZS_RUB,2021-01-12,M02,Заметное изменение после спокойного периода,0.00713039,0.011219239627415112,0.01365012076419081,0.010040528338372417,0.02424754039659325,0.00703437,0.014161092945818873,0.014170435822491504,396.0,False,202.99029926834294,-122.02001296396573,112.19239627415112
2021-01-14,KZT_RUB,2021-01-14,M03,Возвращение к уровню пяти обновлений назад,0.175443,-0.006185742204095512,0.0016842898577202892,0.007558600550131136,0.0210133342217705,0.175148,0.012809326780411256,0.013411461047636554,57.0,True,9.746755356439227,12.729740506842568,16.84289857720289
2021-01-14,UZS_RUB,2021-01-14,M03,Возвращение к уровню пяти обновлений назад,0.00702043,-0.009963221399278965,-0.0014152862291938462,0.010006818129263765,0.02424754039659325,0.00703038,0.015550458806416034,0.01556542510837832,43.0,True,49.541124973826214,38.144905639466046,14.152862291938462
2021-01-20,KZT_RUB,2021-01-20,M04,Пять обновлений в узком диапазоне,0.17558,-0.0014729383128884166,-0.005409692129039523,0.007134091885839867,0.0210133342217705,0.176535,0.0029503195799837944,0.006908154923245844,19.0,True,17.541861259824735,57.71743131140203,29.503195799837943
2021-01-25,KZT_RUB,2021-01-23,M02,Заметное изменение после спокойного периода,0.176929,0.00930415635089954,0.009171747822565468,0.007134091885839867,0.0210133342217705,0.175321,0.00942636286889102,0.009430499156263383,13.0,True,0.0,25.35334002872081,93.0415635089954
2021-01-27,AMD_RUB,2021-01-27,M01,Заметное изменение за пять обновлений,0.145607,0.011377449312004462,0.03133521741286116,0.012822296293266523,0.02785887611018807,0.141183,0.03584648381063303,0.03591672034030049,43.0,False,88.45728570741679,-117.34175786979456,313.3521741286116
2021-01-27,TJS_RUB,2021-01-27,M01,Заметное изменение за пять обновлений,6.637600000000001,0.01039992206147411,0.02592320104855106,0.009001156486217023,0.025650387944234333,6.469880000000001,0.03068641710895412,0.0307271697650669,34.0,False,78.73327708810476,-94.95908194777907,259.2320104855106
2021-01-29,AMD_RUB,2021-01-29,M01,Заметное изменение за пять обновлений,0.147031,0.018382429334312222,0.04117068058378237,0.012822296293266523,0.02861815454353574,0.141217,0.027720956186524537,0.04031816259023727,2.0,False,184.45089810992187,-187.03638878890484,411.7068058378237
2021-01-29,KGS_RUB,2021-01-29,M01,Заметное изменение за пять обновлений,0.898336,0.015383293810739218,0.0386251803618336,0.01035076080949442,0.03565207342145179,0.864928,0.021196143090755994,0.0378057115956527,31.0,False,142.7973497666804,-142.73661781034394,386.251803618336
2021-01-29,KZT_RUB,2021-01-29,M01,Заметное изменение за пять обновлений,0.179602,0.00976015652232598,0.0245524763545506,0.007303543456390353,0.02026579167821421,0.175298,0.014994682020742412,0.024211195427774262,30.0,False,84.57589559136426,-87.07210453894551,245.524763545506
2021-01-29,TJS_RUB,2021-01-29,M01,Заметное изменение за пять обновлений,6.68586,0.01526420807429818,0.03838017997310028,0.009559392944456025,0.02592449073503591,6.43874,0.02424866409646389,0.03759182326123363,2.0,False,141.05889145151127,-148.16283948081144,383.8017997310028
2021-01-29,UZS_RUB,2021-01-29,M01,Заметное изменение за пять обновлений,0.00724268,0.015263976091250075,0.03659070676769205,0.011279822221493086,0.02424754039659325,0.00698702,0.022525626079079156,0.03587031630540133,37.0,False,89.2901522640781,-126.88410592939617,365.9070676769205
2021-02-02,KZT_RUB,2021-02-02,M03,Возвращение к уровню пяти обновлений назад,0.178083,-0.009450334293755858,0.0008148905798648354,0.007303543456390353,0.0210133342217705,0.177938,0.010712121246005324,0.010721360277248265,19.0,True,85.29730518915296,14.005385331006996,8.148905798648354
2021-02-03,UZS_RUB,2021-02-03,M03,Возвращение к уровню пяти обновлений назад,0.00720132,0.0032474181562855975,0.0015228701721885507,0.011279822221493086,0.024851209809538567,0.00719037,0.021658598674517054,0.021668004283457564,20.0,False,274.0053212466603,-66.96097810557507,15.228701721885507
2021-02-10,AMD_RUB,2021-02-10,M01,Заметное изменение за пять обновлений,0.14157,-0.002473206924979321,-0.03304464236926952,0.010672745548067963,0.027710158215743564,0.146408,0.03088767121002088,0.033534074145099506,12.0,False,131.7369499187685,93.40550036471109,330.4464236926952
2021-02-10,TJS_RUB,2021-02-10,M01,Заметное изменение за пять обновлений,6.50454,-0.0018981388418743972,-0.023527080462254935,0.00850359780164407,0.023496548702768433,6.66126,0.026123819129898192,0.026074887010843224,12.0,False,111.95257466323537,66.81350249705112,235.27080462254935
2021-02-11,UZS_RUB,2021-02-11,M01,Заметное изменение за пять обновлений,0.00701299,-0.010299225088449382,-0.028391835875155147,0.009755614483636533,0.022398360875436563,0.00721792,0.024169499935651224,0.028777217509545934,13.0,True,85.0421860005512,103.3986087632459,283.91835875155147
2021-02-18,KGS_RUB,2021-02-18,M03,Возвращение к уровню пяти обновлений назад,0.873941,0.007523503743882554,0.0023558098698570618,0.0101560949087105,0.02659178037371977,0.871887,0.012336724375592984,0.012338017900423838,52.0,True,67.60181751399595,5.882844964082261,23.558098698570618
2021-02-22,UZS_RUB,2021-02-21,M03,Возвращение к уровню пяти обновлений назад,0.00702444,-0.0015223556000939498,0.01022384893612438,0.00966707914185081,0.022398360875436563,0.0070211,0.010170039512799487,0.010162537703886927,19.0,False,89.18860435849695,-7.576581957475677,102.23848936124381
2021-02-26,KZT_RUB,2021-02-26,M04,Пять обновлений в узком диапазоне,0.177054,-0.002332814930015581,0.0007347787750671131,0.006073649477780419,0.016607308666942957,0.175885,0.003070254650532717,0.0089451452950399,37.0,False,103.81013702034288,-1.6839237467690833,30.702546505327167
2021-02-26,UZS_RUB,2021-02-26,M03,Возвращение к уровню пяти обновлений назад,0.00696179,-0.004864333273297494,-0.00649181993583825,0.00966707914185081,0.022398360875436563,0.0069534,0.008949601103493677,0.010159466246660654,4.0,True,0.0,100.3678092240353,64.9181993583825
2021-03-01,AMD_RUB,2021-02-27,M03,Возвращение к уровню пяти обновлений назад,0.141047,0.012141652613828047,0.0024377416420287012,0.009438168406752783,0.027710158215743564,0.140898,0.012141885588543073,0.012135044180813232,105.0,False,114.07545002729582,-9.499266011888883,24.377416420287012
2021-03-01,KZT_RUB,2021-02-27,M02,Заметное изменение после спокойного периода,0.178255,0.006783241271024698,0.005709675417364668,0.006073649477780419,0.016607308666942957,0.176924,0.006768096063008144,0.007504404820635697,35.0,False,170.48610137162976,-65.80741201253456,67.83241271024698
2021-03-02,KGS_RUB,2021-03-02,M03,Возвращение к уровню пяти обновлений назад,0.873405,-0.006098338120359981,-0.0014439764573529468,0.01035076080949442,0.02659178037371977,0.873702,0.012292927013394874,0.012291141180897096,12.0,True,79.48202723822287,8.67224025156018,14.439764573529468
2021-03-04,UZS_RUB,2021-03-04,M03,Возвращение к уровню пяти обновлений назад,0.00700176,-0.012566864150661328,0.0008490784497028336,0.009755614483636533,0.022398360875436563,0.00699582,0.01835996628411524,0.01837507909554792,6.0,True,14.310687598547139,59.04121310329761,8.490784497028336
2021-03-05,KGS_RUB,2021-03-05,M03,Возвращение к уровню пяти обновлений назад,0.869844,0.0037757970486005377,0.0020863262111001646,0.010631010339751692,0.02659178037371977,0.868033,0.014589384102482159,0.014604841351162695,3.0,True,38.86903858622888,37.51083553643836,20.863262111001646
2021-03-08,TJS_RUB,2021-03-06,M03,Возвращение к уровню пяти обновлений назад,6.53159,0.008688360284340613,-0.0001316504527398843,0.008693709940814578,0.023115385372006927,6.53245,0.014267099674321363,0.014255337681701645,81.0,False,196.919892399858,-70.4384651286655,1.316504527398843
2021-03-10,KZT_RUB,2021-03-10,M03,Возвращение к уровню пяти обновлений назад,0.176908,-0.0008866800327562707,-0.0006214057327503797,0.006897014873942209,0.016607308666942957,0.177018,0.010802967698786458,0.010797001084798327,36.0,False,155.6741357089564,-41.76378257533308,6.214057327503797
2021-03-12,AMD_RUB,2021-03-12,M03,Возвращение к уровню пяти обновлений назад,0.139402,-0.008231418834795279,-0.0002581792624679613,0.010515059875951806,0.02759645894016014,0.139438,0.017094466652640368,0.017119834093028377,11.0,True,77.90419075766515,59.30915329103541,2.581792624679613
2021-03-12,KGS_RUB,2021-03-12,M03,Возвращение к уровню пяти обновлений назад,0.866463,-0.007288975453269564,-0.00012578297013987605,0.010631010339751692,0.02659178037371977,0.866572,0.012537806564730414,0.012551785102606275,7.0,True,73.15950017484859,50.8684161387681,1.2578297013987605
2021-03-12,KZT_RUB,2021-03-12,M03,Возвращение к уровню пяти обновлений назад,0.175375,-0.003641714389600925,0.0009074513743037027,0.006803871895889869,0.016607308666942957,0.175216,0.009589000678606185,0.010501365915901926,2.0,True,69.62223806129721,33.0924469493791,9.074513743037027
2021-03-12,TJS_RUB,2021-03-12,M03,Возвращение к уровню пяти обновлений назад,6.450159999999999,-0.0072904626835123,-0.0002603908342427852,0.008539734745082184,0.023115385372006927,6.45184,0.012538552623272314,0.012552252882499218,4.0,True,73.1609758517585,49.92470598606108,2.603908342427852
2021-03-12,UZS_RUB,2021-03-12,M03,Возвращение к уровню пяти обновлений назад,0.00699735,-0.007898699287968602,-0.0006298416398162754,0.010030422137113049,0.022398360875436563,0.00700176,0.015021937472673793,0.015040390175769238,8.0,True,96.42221698214328,48.79225142559284,6.298416398162754
2021-03-17,KZT_RUB,2021-03-17,M01,Заметное изменение за пять обновлений,0.174154,-0.003444803039666655,-0.015567413570895638,0.006340417481106144,0.015493171052004498,0.176908,0.01063174976218456,0.015698464829985586,47.0,True,0.0,137.70464571492204,155.67413570895638
2021-03-24,AMD_RUB,2021-03-24,M01,Заметное изменение за пять обновлений,0.142792,0.010051566445735016,0.032360681338384545,0.008611806229625563,0.023872830959146923,0.138316,0.030424202752123874,0.03193166604442569,42.0,False,0.0,-80.99742514722432,323.60681338384546
2021-03-24,KGS_RUB,2021-03-24,M01,Заметное изменение за пять обновлений,0.888377,0.010053039390132357,0.032847589417339895,0.01035076080949442,0.024537741415553673,0.860124,0.030424019547858488,0.03239921997842954,54.0,False,0.0,-73.08254759412232,328.47589417339896
2021-03-24,KZT_RUB,2021-03-24,M01,Заметное изменение за пять обновлений,0.178999,0.010055468719140759,0.027820205105825835,0.0068943585304056315,0.015381631299544464,0.174154,0.02524617284789967,0.02751111043813353,7.0,False,93.52007553114716,-101.97977335319737,278.20205105825835
2021-03-24,TJS_RUB,2021-03-24,M01,Заметное изменение за пять обновлений,6.61039,0.010051019082878865,0.032394342000665155,0.008426736165293458,0.021476149965489636,6.402970000000001,0.02998516185502612,0.0319593392316989,42.0,False,0.0,-72.37445864453296,323.94342000665154
2021-03-24,UZS_RUB,2021-03-24,M01,Заметное изменение за пять обновлений,0.00717296,0.010052706655007349,0.035077086471915875,0.009625583125287695,0.020263429897094645,0.00692988,0.033272250551701764,0.03456646165878626,41.0,False,0.0,-71.32061582404442,350.77086471915874
2021-03-31,AMD_RUB,2021-03-31,M03,Возвращение к уровню пяти обновлений назад,0.143105,-0.0021337275383338516,0.0021919995517956092,0.008611806229625563,0.025877880273393262,0.142792,0.00810103183761188,0.010290065593072188,19.0,False,13.346843227000923,11.852015324529008,21.919995517956092
2021-04-01,KZT_RUB,2021-04-01,M01,Заметное изменение за пять обновлений,0.177801,-0.002619651311508653,-0.017060374709072512,0.0068943585304056315,0.015381631299544464,0.180887,0.010848476231313377,0.01723861837817711,8.0,False,26.771502972422905,32.152787139952544,170.6037470907251
2021-04-01,UZS_RUB,2021-04-01,M04,Пять обновлений в узком диапазоне,0.00722076,0.00023687327279886539,-0.0047661446603467494,0.00971223237858674,0.02141194715541375,0.00725534,0.004195815034302653,0.005018602526403269,90.0,False,0.0,44.20022773415646,41.95815034302653
2021-04-02,AMD_RUB,2021-04-02,M04,Пять обновлений в узком диапазоне,0.1431,0.0013014820101600044,-0.008102918852976093,0.008611806229625563,0.022398850898500224,0.144269,0.003477935363479153,0.009451169538636416,91.0,False,0.0,41.63815400317839,34.77935363479153
2021-04-02,KGS_RUB,2021-04-02,M04,Пять обновлений в узком диапазоне,0.89372,0.0020608107350523763,-0.004756172389255631,0.009977576510552533,0.023917329118724552,0.897991,0.002289901277820984,0.006834290184923391,283.0,False,0.0,50.89395337510224,22.89901277820984
2021-04-02,TJS_RUB,2021-04-02,M04,Пять обновлений в узком диапазоне,6.6486,0.0022476178416537262,-0.00498956889765545,0.008539734745082184,0.021305539507389695,6.68194,0.002701695490772513,0.00725530815386371,91.0,False,0.0,51.77302407557438,27.01695490772513
2021-04-08,KGS_RUB,2021-04-08,M01,Заметное изменение за пять обновлений,0.916857,0.01823559005238562,0.028002583301378614,0.008911009163435193,0.02225668855591092,0.891882,0.025645652609090814,0.027735705839009354,15.0,False,283.2720915039095,-176.27193641261252,280.02583301378615
2021-04-08,TJS_RUB,2021-04-08,M01,Заметное изменение за пять обновлений,6.821,0.018235993097312386,0.028236170215973244,0.008235731686883853,0.017697760496408723,6.63369,0.02568614333881121,0.02796183579879303,15.0,False,285.38337487171816,-176.64714498516128,282.36170215973243
2021-04-08,UZS_RUB,2021-04-08,M01,Заметное изменение за пять обновлений,0.00742955,0.01866756245372536,0.028915238839124946,0.009625583125287695,0.020263429897094645,0.00722076,0.02736401822534221,0.028632545344463006,15.0,False,321.8095308598771,-190.55726253936268,289.1523883912495
2021-04-12,KZT_RUB,2021-04-10,M03,Возвращение к уровню пяти обновлений назад,0.178025,0.0010684061067842698,-0.0008530842925855708,0.0068943585304056315,0.014225964516659141,0.178177,0.01090303581753721,0.010906146056049539,31.0,False,131.55455694424847,-24.233895975505902,8.530842925855708
2021-04-14,AMD_RUB,2021-04-14,M01,Заметное изменение за пять обновлений,0.149571,0.028099503034718865,0.044234998429155015,0.008551495668844656,0.021832960347765853,0.143235,0.03646519225419583,0.04354778847431538,21.0,False,386.97341062104385,-291.98386175607874,442.34998429155013
2021-04-15,KGS_RUB,2021-04-15,M01,Заметное изменение за пять обновлений,0.892289,-0.020233530540805233,-0.026795890744140016,0.008911009163435193,0.02225668855591092,0.916857,0.02381555008585234,0.02703469514900283,7.0,True,79.41373254629427,98.552802451163,267.9589074414002
2021-04-15,KZT_RUB,2021-04-15,M01,Заметное изменение за пять обновлений,0.175738,-0.013627740421853662,-0.02236339968179435,0.0068943585304056315,0.014225964516659141,0.179758,0.01687673958723739,0.022578794093941614,14.0,True,78.35527888106255,82.62823796115468,223.63399681794348
2021-04-15,TJS_RUB,2021-04-15,M01,Заметное изменение за пять обновлений,6.637659999999999,-0.020333764794264186,-0.026878756780530866,0.008529961823238263,0.019050173537514602,6.821,0.023756063123465267,0.027120058103844526,7.0,True,78.38605773721234,98.85387073895266,268.78756780530864
2021-04-15,UZS_RUB,2021-04-15,M01,Заметное изменение за пять обновлений,0.00721312,-0.021916675141530284,-0.02913097024718858,0.009625583125287695,0.021101107782795527,0.00742955,0.025112439387876523,0.02941928082275574,7.0,False,118.78354997560044,94.22664933257674,291.3097024718858
2021-04-16,AMD_RUB,2021-04-16,M01,Заметное изменение за пять обновлений,0.148228,0.013545577003289067,0.027584246684552394,0.008921368503365027,0.023074768095733087,0.144249,0.031608385514740885,0.036339799659954666,2.0,False,299.875866907737,-198.36231912072546,275.8424668455239
2021-04-16,KGS_RUB,2021-04-16,M03,Возвращение к уровню пяти обновлений назад,0.907501,0.01704828816672621,-0.0017149583085824815,0.008911009163435193,0.02225668855591092,0.90906,0.0238237387390268,0.023813963605552796,35.0,False,245.7077182284101,-76.4279629648914,17.149583085824815
2021-04-16,TJS_RUB,2021-04-16,M03,Возвращение к уровню пяти обновлений назад,6.751519999999999,0.017153635467921147,-0.0015601731422478782,0.008649268596964932,0.022059312944960354,6.76207,0.023763493427721365,0.02375409891935236,35.0,False,245.70763324406835,-77.16410352088235,15.601731422478782
2021-04-19,AMD_RUB,2021-04-17,M03,Возвращение к уровню пяти обновлений назад,0.144961,-0.022040370240440366,0.00022769927136234713,0.01005537159459573,0.026042949657880236,0.144928,0.031382319704829215,0.0316777687061216,19.0,False,116.85901725291637,22.896157437464435,2.2769927136234713
2021-04-19,UZS_RUB,2021-04-17,M01,Заметное изменение за пять обновлений,0.00719046,-0.019519718119725415,-0.024097415720119808,0.009767673324190797,0.02141194715541375,0.00736801,0.02835431055639313,0.028311581461548066,4.0,False,134.06652703721312,69.68270591890814,240.97415720119807
2021-04-21,AMD_RUB,2021-04-21,M01,Заметное изменение за пять обновлений,0.145498,-0.003540732116563472,-0.027231214607109755,0.010139910995965453,0.026042949657880236,0.149571,0.0223476603702857,0.03141325580338893,5.0,False,165.15690937332394,-21.6868939920201,272.3121460710976
2021-04-27,KZT_RUB,2021-04-27,M01,Заметное изменение за пять обновлений,0.173816,-0.0031256989808500224,-0.017033501481665936,0.007131422217784714,0.014225964516659141,0.176828,0.02160991599429497,0.021589805066786344,12.0,True,0.4027247203943826,73.06765863394705,170.33501481665937
2021-04-27,UZS_RUB,2021-04-27,M01,Заметное изменение за пять обновлений,0.00709406,-0.0046833084529648294,-0.021968977349963614,0.010102010341695757,0.02141194715541375,0.00725341,0.027226650818967614,0.027189961227587153,8.0,True,28.418141374614777,82.48548357343655,219.68977349963615
2021-04-29,KGS_RUB,2021-04-29,M01,Заметное изменение за пять обновлений,0.883471,-0.00020596320048704708,-0.02443896497692699,0.00985379748333064,0.018868534876906852,0.905603,0.022075657494933808,0.02716899560178809,14.0,False,107.42854038219734,25.273255516062903,244.3896497692699
2021-04-29,KZT_RUB,2021-04-29,M01,Заметное изменение за пять обновлений,0.174417,-0.000595916823763476,-0.018010764795964418,0.006933810680372976,0.0135609668001222,0.177616,0.016593597617846095,0.021684402542401077,2.0,True,36.29233388947148,28.443824943067394,180.10764795964417
2021-04-29,TJS_RUB,2021-04-29,M01,Заметное изменение за пять обновлений,6.57071,-0.00025105137271852485,-0.024740998011102078,0.00932486657275591,0.01856850919683473,6.737399999999999,0.021981816159082724,0.02717865339174324,14.0,False,106.97474093362813,26.530883513981816,247.4099801110208
2021-04-29,UZS_RUB,2021-04-29,M01,Заметное изменение за пять обновлений,0.00711705,0.0015226076273917588,-0.023718923011923243,0.009767673324190797,0.021253637228867774,0.00728996,0.020780583268604106,0.027349436165103626,2.0,True,73.02182786407309,33.70819109043537,237.18923011923243
2021-04-30,AMD_RUB,2021-04-30,M01,Заметное изменение за пять обновлений,0.143095,-0.006512396464699033,-0.02217438841055075,0.01005537159459573,0.021366649658653203,0.14634,0.006530214424951228,0.022520646817960982,9.0,True,64.2929522345298,62.29512750708242,221.7438841055075
2021-04-30,KZT_RUB,2021-04-30,M04,Пять обновлений в узком диапазоне,0.173809,-0.003485898736935056,-0.016450123361778313,0.006933810680372976,0.0135609668001222,0.176716,0.00408761269640071,0.01664884884120511,63.0,True,1.4383604991684693,58.063806176875104,40.8761269640071
2021-05-05,KZT_RUB,2021-05-05,M02,Заметное изменение после спокойного периода,0.175462,0.007371769109761228,0.009469784139549908,0.0069274498871785715,0.014255800430747548,0.173816,0.009474006375610912,0.009479995756081844,65.0,False,161.63043849950446,-77.26344479934238,73.71769109761229
2021-05-06,AMD_RUB,2021-05-06,M03,Возвращение к уровню пяти обновлений назад,0.143722,-0.0057212433154156805,-0.002083015094916263,0.01005537159459573,0.021636198352227923,0.144022,0.010109016074308991,0.010106790920107307,17.0,False,157.52633556449177,-52.32390059857772,20.83015094916263
2021-05-06,KGS_RUB,2021-05-06,M03,Возвращение к уровню пяти обновлений назад,0.882609,-0.005170221687203269,-0.0011814592379588706,0.009186393753869074,0.019198375451147467,0.883653,0.011702062563598138,0.011699501692086807,20.0,False,103.46597417429496,-41.02266284885015,11.814592379588706
2021-05-06,TJS_RUB,2021-05-06,M03,Возвращение к уровню пяти обновлений назад,6.56394,-0.005248106786773454,-0.00128112276259984,0.008791825265415023,0.019716972934825508,6.572360000000001,0.011681232021841941,0.011678610488561048,20.0,False,115.54036142926272,-43.11444310893386,12.8112276259984
2021-05-06,UZS_RUB,2021-05-06,M03,Возвращение к уровню пяти обновлений назад,0.00712023,-0.004439330087612103,0.0019701022905254106,0.009658871097028277,0.022022064939702737,0.00710623,0.01097088696417509,0.01097365928249576,55.0,False,150.09346608185442,-50.0375150297045,19.701022905254106
2021-05-17,TJS_RUB,2021-05-15,M04,Пять обновлений в узком диапазоне,6.4881,-0.004839216829124249,-0.007779512675543776,0.008649268596964932,0.017160099870797054,6.538970000000001,0.004853520594618605,0.007817904954131828,45.0,True,81.1485642946315,-14.783647388143454,48.53520594618605
2021-05-21,AMD_RUB,2021-05-21,M04,Пять обновлений в узком диапазоне,0.141344,0.0005450671423616882,-0.007220520888938875,0.008921368503365027,0.018842938536231445,0.142372,0.00184011391720627,0.008298285916239679,49.0,True,25.116028978944577,5.929322875367539,18.4011391720627
2021-05-21,KGS_RUB,2021-05-21,M04,Пять обновлений в узком диапазоне,0.876149,0.0021916354106970015,-0.0021332039516094303,0.008540794885563497,0.017238041818382333,0.878022,0.004203046739847371,0.006341045840072318,49.0,True,1.2897349651705214,8.706412683198874,42.03046739847371
2021-05-24,TJS_RUB,2021-05-22,M04,Пять обновлений в узком диапазоне,6.45158,-0.0002773744570665482,-0.005628766510997085,0.008649268596964932,0.017160099870797054,6.4881,0.0037102230653594057,0.00564877081489041,7.0,True,46.097235095898114,11.875916321417206,37.102230653594056
2021-05-25,UZS_RUB,2021-05-25,M04,Пять обновлений в узком диапазоне,0.00695071,0.0011090290810469305,-0.007011638920596197,0.008918280571617478,0.020192609936714193,0.00699979,0.004606568837805027,0.00815276112922002,54.0,True,39.10391888022938,10.303495605459712,46.06568837805027
2021-05-26,KZT_RUB,2021-05-26,M04,Пять обновлений в узком диапазоне,0.171967,0.0009196258636043897,-0.005976844064485065,0.0069274498871785715,0.013210481647545548,0.173001,0.0036551877474382687,0.008528623502258581,26.0,True,61.348979746114104,-12.376474384942876,36.551877474382685
2021-06-02,KGS_RUB,2021-06-02,M03,Возвращение к уровню пяти обновлений назад,0.875633,-0.0006459719766855887,-0.001990017996783666,0.007505088535693494,0.017238041818382333,0.877379,0.01019443154313678,0.01019985370320166,27.0,False,312.3797298639951,-59.20052621231095,19.900179967836664
2021-06-02,KZT_RUB,2021-06-02,M04,Пять обновлений в узком диапазоне,0.171242,0.0019308181988391127,-0.004215925148429611,0.006606855037566507,0.013210481647545548,0.171967,0.004866611659561267,0.006152643887304561,7.0,False,201.93644082643374,-19.196521111158187,48.666116595612664
2021-06-04,KGS_RUB,2021-06-04,M01,Заметное изменение за пять обновлений,0.866955,-0.004457780273460998,-0.019953516028604845,0.007325739889753492,0.017238041818382333,0.884606,0.01747198443864572,0.020147772399001427,36.0,False,215.40910427876875,10.154976564043046,199.53516028604844
2021-06-04,UZS_RUB,2021-06-04,M04,Пять обновлений в узком диапазоне,0.00694393,-0.0023304095457712393,0.0029464738363234044,0.007542613340837036,0.020192609936714193,0.00692353,0.0047160611411254435,0.005277328766629792,10.0,False,250.63616712726122,-56.20744529868404,47.160611411254436
2021-06-08,TJS_RUB,2021-06-08,M04,Пять обновлений в узком диапазоне,6.434,0.0014693613259118,-0.0050089771881992595,0.0073180543422773255,0.017160099870797054,6.46639,0.0035024886021370444,0.006922187670270672,15.0,False,231.67547404413978,-82.62192048299688,35.02488602137044
2021-06-09,TJS_RUB,2021-06-09,M02,Заметное изменение после спокойного периода,6.38541,-0.007552067143301144,-0.005672828971136079,0.007079268061005629,0.017160099870797054,6.42184,0.009178771642126805,0.009178911703385091,504.0,False,157.34306802538853,-15.424937535052809,75.52067143301144
2021-06-10,KGS_RUB,2021-06-10,M01,Заметное изменение за пять обновлений,0.85146,-0.010201851584913935,-0.022251006790019234,0.007092202718642017,0.018923615073723313,0.870837,0.017997510663771928,0.02246348683505037,6.0,True,43.74838512672326,93.38358853379293,222.51006790019235
2021-06-10,KZT_RUB,2021-06-10,M01,Заметное изменение за пять обновлений,0.168814,-0.00799764947847803,-0.016017533020132646,0.006521330504734535,0.013210481647545548,0.171562,0.013153261022679372,0.01611034137743028,42.0,True,61.01389695167481,50.928354270735056,160.17533020132646
2021-06-14,AMD_RUB,2021-06-12,M01,Заметное изменение за пять обновлений,0.138037,-0.004737047024384711,-0.01999943203600907,0.007338582767189018,0.018172951338588605,0.140854,0.015854899638341642,0.020204700802593647,45.0,True,0.0,117.84835474574008,199.99432036009068
2021-06-14,KZT_RUB,2021-06-12,M01,Заметное изменение за пять обновлений,0.167784,-0.006283869821433918,-0.019030747373406154,0.00661481917262159,0.013210481647545548,0.171039,0.01779859761464539,0.01919497097657491,4.0,True,0.0,99.07767477266505,190.30747373406155
2021-06-14,TJS_RUB,2021-06-12,M01,Заметное изменение за пять обновлений,6.284940000000001,-0.007170242309642472,-0.021732227576674368,0.007453150210530168,0.016496482710946572,6.42456,0.023441529848398993,0.023401195649443547,46.0,True,0.0,115.05545687700865,217.32227576674367
2021-06-14,UZS_RUB,2021-06-12,M01,Заметное изменение за пять обновлений,0.00676989,-0.008728311003733835,-0.026242962801013903,0.007713804578055065,0.019594679040585962,0.00695234,0.021123730503641816,0.026563927899088718,46.0,True,0.0,122.8580245978673,262.429628010139
2021-06-18,TJS_RUB,2021-06-18,M03,Возвращение к уровню пяти обновлений назад,6.35728,0.0065596871363318154,-0.00032078901517773595,0.007221878043181463,0.01856850919683473,6.35932,0.01145103298321723,0.011760926516873008,43.0,False,46.26192333828363,-26.67714525705619,3.2078901517773595
2021-06-21,KGS_RUB,2021-06-19,M03,Возвращение к уровню пяти обновлений назад,0.853006,-0.00466973470492682,-0.0010188833038988765,0.007092202718642017,0.019424410105104185,0.853876,0.010889746164279773,0.010884758853036944,19.0,True,9.882697190876009,8.516100215112687,10.188833038988765
2021-06-21,KZT_RUB,2021-06-19,M03,Возвращение к уровню пяти обновлений назад,0.168527,-0.005769741305566067,-0.0018833841689122055,0.006380687010902353,0.013662552409311315,0.168845,0.010205497566928732,0.010203375829283672,70.0,True,0.0,24.224411520716178,18.833841689122053
2021-06-22,AMD_RUB,2021-06-22,M01,Заметное изменение за пять обновлений,0.141406,0.014317480811993466,0.02440649970660047,0.007041751890813731,0.017761671982349236,0.138037,0.023679278912986563,0.02416387540075892,8.0,False,10.395598489456475,-22.68458437190556,244.0649970660047
2021-06-22,KGS_RUB,2021-06-22,M01,Заметное изменение за пять обновлений,0.865238,0.014339875686689041,0.019991040694110396,0.0068700806443564135,0.019415340553927816,0.84828,0.020473102603194165,0.02049966493672635,12.0,False,151.11449104177058,-131.016867057683,199.91040694110396
2021-06-22,KZT_RUB,2021-06-22,M01,Заметное изменение за пять обновлений,0.171027,0.014834418223786061,0.019328422257187894,0.0062963965808033205,0.013210481647545548,0.167784,0.016079563713351366,0.019185564977322166,8.0,False,137.63908622615273,-118.61790963368165,193.28422257187893
2021-06-22,TJS_RUB,2021-06-22,M01,Заметное изменение за пять обновлений,6.41812,0.013528729006940576,0.02119033753703281,0.007027632327466638,0.016496482710946572,6.284940000000001,0.018890693106386594,0.02102459789548786,8.0,False,140.6175016983169,-127.6280597484168,211.9033753703281
2021-06-22,UZS_RUB,2021-06-22,M01,Заметное изменение за пять обновлений,0.00692671,0.014817810087655703,0.02316433501873738,0.006829907089740939,0.019726702155580304,0.00676989,0.022829318076097893,0.023000874400881423,8.0,False,147.31380410035976,-144.86859841071066,231.6433501873738
2021-06-25,TJS_RUB,2021-06-25,M03,Возвращение к уровню пяти обновлений назад,6.3416,-0.004694334623974505,-0.0024664636448292754,0.007027632327466638,0.016289963859001055,6.35728,0.013436766267395938,0.013443270950091108,7.0,True,21.650687523653016,41.49600997603212,24.664636448292754
2021-06-25,UZS_RUB,2021-06-25,M03,Возвращение к уровню пяти обновлений назад,0.00684136,-0.0038005317832210395,0.0016999158095098998,0.006829907089740939,0.01893209796667088,0.00682975,0.014712496807007007,0.014728450563796888,50.0,False,24.395734181508686,18.416126932948377,16.999158095099
2021-06-28,AMD_RUB,2021-06-26,M01,Заметное изменение за пять обновлений,0.142094,0.0059111277865482315,0.01925256437845202,0.007041751890813731,0.015769483739884543,0.13941,0.005899300703253181,0.019010271259949817,6.0,False,0.0,119.59892639103471,192.52564378452018
2021-06-28,KGS_RUB,2021-06-26,M03,Возвращение к уровню пяти обновлений назад,0.852163,-0.0023344654437065238,-0.0009882697190876089,0.007068182146457792,0.017949980941385096,0.853006,0.015402739625264365,0.01542126181905397,7.0,True,0.0,84.92577001239147,9.882697190876089
2021-06-28,KZT_RUB,2021-06-26,M03,Возвращение к уровню пяти обновлений назад,0.16876,0.0005157909090369728,0.0013825677784566892,0.006521330504734535,0.012966948027020432,0.168527,0.015521774024623026,0.016403794163022414,7.0,True,0.0,85.37750127431168,13.825677784566892
2021-06-30,KZT_RUB,2021-06-30,M01,Заметное изменение за пять обновлений,0.168899,-0.002168184986943711,-0.014079656297610765,0.006521330504734535,0.012696298066322154,0.171311,0.007864229110419677,0.015564768632880734,8.0,True,0.0,104.7338202554368,140.79656297610765
2021-07-01,UZS_RUB,2021-07-01,M04,Пять обновлений в узком диапазоне,0.00685727,0.0031011970327980976,-0.0014838091521464092,0.006829907089740939,0.01893209796667088,0.00686746,0.004767422883278963,0.006253129731130525,27.0,True,0.0,70.56799228332044,47.67422883278963
2021-07-05,KGS_RUB,2021-07-03,M01,Заметное изменение за пять обновлений,0.868057,0.0087809311087379,0.018651361300596303,0.006941208801433986,0.017949980941385096,0.852163,0.018368817349031296,0.018530245529056497,13.0,False,47.796400466789144,-20.664476828732663,186.51361300596304
2021-07-05,KZT_RUB,2021-07-03,M01,Заметное изменение за пять обновлений,0.172247,0.009370165486850324,0.020662479260488364,0.006521330504734535,0.012696298066322154,0.16876,0.019674720687134436,0.020519851941647696,5.0,False,24.615813337823454,-40.350852844434634,206.62479260488365
2021-07-05,TJS_RUB,2021-07-03,M01,Заметное изменение за пять обновлений,6.50044,0.016855189286513195,0.02727141992487203,0.006945624472654633,0.016188506576547357,6.32787,0.026897204594062644,0.02705444831182098,13.0,False,117.56127277537955,-86.60444773630493,272.7141992487203
2021-07-08,TJS_RUB,2021-07-08,M01,Заметное изменение за пять обновлений,6.49347,0.010810987512491987,0.018351904272753572,0.006945624472654633,0.016188506576547357,6.37645,0.016709384796894555,0.019263669698781506,3.0,False,0.0,-37.51105880631359,183.51904272753572
2021-07-09,AMD_RUB,2021-07-09,M01,Заметное изменение за пять обновлений,0.15101,0.015561951901867044,0.031989557777337474,0.009897384227576512,0.021636198352227923,0.146329,0.02668302345655235,0.03159507546100069,11.0,False,157.0756903516332,-187.97513026476355,319.8955777733747
2021-07-09,KGS_RUB,2021-07-09,M01,Заметное изменение за пять обновлений,0.886452,0.01522286866095568,0.030158012599636796,0.006941208801433986,0.017797352874943065,0.860501,0.025873844806971073,0.02984575114088038,4.0,False,148.63748967795172,-183.06495206947224,301.58012599636794
2021-07-09,UZS_RUB,2021-07-09,M01,Заметное изменение за пять обновлений,0.00707717,0.013207023129828244,0.02805922710745623,0.006604624418365824,0.01872682049367347,0.00688401,0.02379408025210442,0.02777501509225139,17.0,False,164.7692509859162,-180.99314104286307,280.5922710745623
2021-07-13,TJS_RUB,2021-07-13,M01,Заметное изменение за пять обновлений,6.543940000000001,0.0022314557147169456,0.01744473501727395,0.007882790752583451,0.016708335536470824,6.43174,0.02595754109841676,0.0260141296892634,5.0,False,125.82633703854434,-58.13577319627098,174.4473501727395
2021-07-15,AMD_RUB,2021-07-15,M03,Возвращение к уровню пяти обновлений назад,0.148917,0.0018770435554837928,0.001486253833324458,0.0077846898445256794,0.0202998757963367,0.148696,0.015860831235941317,0.01587595515645053,70.0,False,0.0,39.371031762461804,14.86253833324458
2021-07-15,KGS_RUB,2021-07-15,M03,Возвращение к уровню пяти обновлений назад,0.874482,0.0013810066920423303,0.0015140409546932077,0.007376715346952301,0.018269908260516932,0.87316,0.014997326296336476,0.015144865791369146,17.0,False,53.505961243341645,2.9282232544023947,15.140409546932077
2021-07-15,TJS_RUB,2021-07-15,M03,Возвращение к уровню пяти обновлений назад,6.499219999999999,0.0008731741497329804,0.000885504976537721,0.007453150210530168,0.0165269016853749,6.49347,0.015252948168451852,0.015280160540529216,20.0,False,57.88386914121933,5.83758423014727,8.85504976537721
2021-07-20,KGS_RUB,2021-07-20,M04,Пять обновлений в узком диапазоне,0.87664,0.0022144659387242083,-0.0045715401752763896,0.006610583294832352,0.01770198961492322,0.880666,0.003844688307095876,0.008436822678118351,60.0,False,142.04234349333842,-18.754852386763066,38.446883070958755
2021-07-20,KZT_RUB,2021-07-20,M04,Пять обновлений в узком диапазоне,0.173647,-0.00037418255503363085,-0.0026420534498901027,0.0060594226999178165,0.014875842769181618,0.174107,0.0048615775243049135,0.005463767754366536,48.0,True,89.49190023438355,-10.956471703147884,48.615775243049136
2021-07-20,TJS_RUB,2021-07-20,M04,Пять обновлений в узком диапазоне,6.51875,0.0024373740946348477,-0.0038493629220318626,0.006945624472654633,0.016193200065524715,6.543940000000001,0.003874292134541098,0.00773920858567335,42.0,False,155.4745925215711,-33.857937246606596,38.74292134541098
2021-07-23,KGS_RUB,2021-07-23,M02,Заметное изменение после спокойного периода,0.869803,-0.009775839888887639,-0.006808896440373413,0.006236919105915151,0.01770198961492322,0.875766,0.009807251587125572,0.009806898024592062,548.0,True,85.66307543202294,34.07296678095821,97.75839888887639
2021-07-23,KZT_RUB,2021-07-23,M02,Заметное изменение после спокойного периода,0.172852,-0.0067974832648604044,-0.00660911943540865,0.005819206529089894,0.014875842769181618,0.174002,0.006813817477240178,0.006811305346653928,79.0,True,55.59669543887356,22.27874294563709,67.97483264860405
2021-07-23,TJS_RUB,2021-07-23,M02,Заметное изменение после спокойного периода,6.4616,-0.010741362205592409,-0.007076287138982562,0.006611994705768632,0.016193200065524715,6.50765,0.010778444585644458,0.010778896653333946,44.0,True,75.41475795468605,28.56506267676971,107.41362205592408
2021-07-23,UZS_RUB,2021-07-23,M03,Возвращение к уровню пяти обновлений назад,0.00695319,-0.010743096162875054,-0.0013299915977853516,0.006025336064205034,0.017918494794948624,0.00696245,0.010796285768862544,0.010804427368449668,28.0,False,114.451064906899,0.1814824361975873,13.299915977853516
2021-07-29,UZS_RUB,2021-07-29,M01,Заметное изменение за пять обновлений,0.00689867,-0.004408865644329407,-0.01849986483987076,0.006073925541796466,0.01626372351425287,0.0070287,0.009957120421518065,0.018692529241668074,20.0,True,89.97386452751039,33.72264343422872,184.99864839870762
2021-08-03,AMD_RUB,2021-08-03,M01,Заметное изменение за пять обновлений,0.149118,-0.009636777822792264,-0.019031517455973646,0.007156450961662398,0.01859788608801798,0.152011,0.017437965548576195,0.019162620635751283,25.0,True,50.228677959736565,60.97396474231616,190.31517455973645
2021-08-03,KGS_RUB,2021-08-03,M01,Заметное изменение за пять обновлений,0.861178,-0.0013613930274412045,-0.020377844412188928,0.006347563511626886,0.01574114679192196,0.879092,0.015466645616702806,0.020623830382791124,25.0,True,25.22126668354221,65.16270955751187,203.77844412188927
2021-08-03,TJS_RUB,2021-08-03,M01,Заметное изменение за пять обновлений,6.40207,-0.0016841133533035402,-0.014608325714408954,0.006611994705768632,0.01334642992553079,6.496980000000001,0.011335016510475329,0.014730570706791204,21.0,True,31.48981501295633,55.310544575307176,146.08325714408954
2021-08-05,KZT_RUB,2021-08-05,M04,Пять обновлений в узком диапазоне,0.171482,-0.0015429672716263942,-0.007701966865918619,0.005514485172322981,0.012696298066322154,0.172813,0.0035558897406470233,0.0077387395331755034,16.0,True,0.0,58.59186284247794,35.55889740647023
2021-08-06,AMD_RUB,2021-08-06,M01,Заметное изменение за пять обновлений,0.148369,-0.0026954359077772105,-0.02226073662082273,0.00742634890323668,0.01895410804190085,0.151747,0.01475159652506033,0.02258451643528341,3.0,True,0.0,93.0583501006028,222.6073662082273
2021-08-12,TJS_RUB,2021-08-12,M01,Заметное изменение за пять обновлений,6.53152,0.012171120939473035,0.023442825110350896,0.006611994705768632,0.01334963455737024,6.38191,0.018504338552823914,0.023231841437751966,9.0,False,147.6685365734148,-138.26010201093374,234.42825110350896
2021-08-16,KGS_RUB,2021-08-14,M03,Возвращение к уровню пяти обновлений назад,0.864886,-0.002735056926543078,0.002167980857806784,0.006347563511626886,0.016957850055953985,0.863015,0.008316650863839148,0.010482321751221315,32.0,True,0.0,48.723030553105666,21.67980857806784
2021-08-17,TJS_RUB,2021-08-17,M03,Возвращение к уровню пяти обновлений назад,6.435070000000001,-0.001091259061486105,-0.0015763595713416123,0.006945624472654633,0.014068830077499685,6.44523,0.014924749552025253,0.014931369111339566,33.0,True,0.0,43.50792720003371,15.763595713416123
2021-08-19,AMD_RUB,2021-08-19,M04,Пять обновлений в узком диапазоне,0.149331,0.0009987800136743719,-0.006843575418994385,0.00742634890323668,0.01907572684046932,0.15036,0.0026055097488931634,0.008482976623868906,90.0,True,0.0,43.354629118693275,26.055097488931633
2021-08-19,KGS_RUB,2021-08-19,M04,Пять обновлений в узком диапазоне,0.866914,0.0001338258740790632,-0.005949985265501945,0.006347563511626886,0.016957850055953985,0.872103,0.002738314140506373,0.00832213036697353,30.0,True,0.0,41.914314772035745,27.38314140506373
2021-08-19,KZT_RUB,2021-08-19,M04,Пять обновлений в узком диапазоне,0.172571,-0.001336790083448114,-0.0059102403843384055,0.005253569180052087,0.012450889030468561,0.173597,0.0043822579337972675,0.0069063449875494945,14.0,True,0.0,33.211709245181375,43.82257933797268
2021-08-19,TJS_RUB,2021-08-19,M01,Заметное изменение за пять обновлений,6.4385,-0.00016305487184653522,-0.014241707902601597,0.006945624472654633,0.014068830077499685,6.53152,0.0023846747387490214,0.01493913984940031,7.0,True,0.0,48.79097835357959,142.41707902601598
2021-08-19,TJS_RUB,2021-08-19,M04,Пять обновлений в узком диапазоне,6.4385,-0.00016305487184653522,-0.014241707902601597,0.006945624472654633,0.014068830077499685,6.53152,0.0023846747387490214,0.01493913984940031,30.0,True,0.0,48.79097835357959,23.846747387490215
2021-08-19,UZS_RUB,2021-08-19,M04,Пять обновлений в узком диапазоне,0.00689647,0.0005585684398674573,-0.006964883280248357,0.006287060258265665,0.01626372351425287,0.00694484,0.0045333337204254455,0.01085197787178394,49.0,True,0.0,48.00840765586258,45.333337204254455
2021-08-20,AMD_RUB,2021-08-20,M02,Заметное изменение после спокойного периода,0.150994,0.011136334719515695,0.010121687706129867,0.00742634890323668,0.01907572684046932,0.149481,0.012713767767189571,0.012715476178538035,576.0,False,52.91600990767807,-61.39248097588069,111.36334719515695
2021-08-20,KGS_RUB,2021-08-20,M02,Заметное изменение после спокойного периода,0.876199,0.010710404953663266,0.010309504207513864,0.006347563511626886,0.016957850055953985,0.867258,0.013033190916373878,0.013035084575956367,28.0,False,59.358661673888015,-59.11861438738479,107.10404953663266
2021-08-20,KZT_RUB,2021-08-20,M02,Заметное изменение после спокойного периода,0.173573,0.005806305810362122,0.0023850773850773166,0.005253569180052087,0.012450889030468561,0.17316,0.006769869567179698,0.006767680565477335,28.0,True,30.24663974235611,-22.469926675779412,58.06305810362122
2021-08-20,TJS_RUB,2021-08-20,M02,Заметное изменение после спокойного периода,6.49871,0.009351557039683156,0.007484772333007372,0.006945624472654633,0.01430378864154589,6.45043,0.00986546445657918,0.009865555198432205,28.0,True,54.94936687435014,-38.932307614221294,93.51557039683156
2021-08-20,UZS_RUB,2021-08-20,M02,Заметное изменение после спокойного периода,0.00696639,0.010138520141463658,0.009444720563495546,0.006287060258265665,0.01626372351425287,0.00690121,0.013968402809270218,0.013968671307596669,220.0,False,45.92048392352419,-48.34248309143022,101.38520141463658
2021-08-26,KZT_RUB,2021-08-26,M04,Пять обновлений в узком диапазоне,0.173125,-0.0041645335894943125,0.0032102728731941976,0.005514485172322981,0.012450889030468561,0.172571,0.004991565578348043,0.00818991850425925,7.0,False,128.23104693140792,-19.716293722618577,49.91565578348043
2021-08-30,AMD_RUB,2021-08-28,M04,Пять обновлений в узком диапазоне,0.150303,0.00014639242485747772,-0.006491059920018527,0.0076452728753884985,0.01907572684046932,0.151285,0.0022087450336500908,0.007243784356748677,11.0,False,180.7016493350097,-55.41309901435682,22.087450336500908
2021-08-30,KGS_RUB,2021-08-28,M04,Пять обновлений в узком диапазоне,0.873233,-9.961984152428993e-05,-0.005981868847383276,0.006347563511626886,0.016957850055953985,0.878488,0.004305740559892834,0.008568565301085728,11.0,False,154.32307299426435,-47.68706789707353,43.05740559892834
2021-08-30,TJS_RUB,2021-08-28,M04,Пять обновлений в узком диапазоне,6.48436,-5.705711725867424e-05,-0.005075612510433647,0.007246607276374207,0.01430378864154589,6.517440000000001,0.004379045756861957,0.008392220701222357,11.0,True,91.79009185177604,-22.52595231858289,43.790457568619566
2021-08-30,UZS_RUB,2021-08-28,M04,Пять обновлений в узком диапазоне,0.00695314,0.001189365403001963,-0.005893319760492677,0.006311978741203372,0.01626372351425287,0.00699436,0.0037922093771622983,0.008619764312603917,11.0,False,180.73848649674764,-62.08039330996926,37.92209377162298
2021-09-03,KGS_RUB,2021-09-03,M01,Заметное изменение за пять обновлений,0.859757,-0.004732330452801081,-0.015530389776943099,0.006347563511626886,0.015286887688762763,0.87332,0.015560934986330538,0.01563940766353652,31.0,True,23.413592445307714,65.82070957240535,155.303897769431
2021-09-03,KZT_RUB,2021-09-03,M01,Заметное изменение за пять обновлений,0.170905,-0.0040907422191402976,-0.014400064589797146,0.005514485172322981,0.012450889030468561,0.173402,0.012466608337909694,0.014504820417892177,60.0,True,15.622714373481728,63.29415321609298,144.00064589797145
2021-09-03,UZS_RUB,2021-09-03,M01,Заметное изменение за пять обновлений,0.00682747,-0.004673789603660827,-0.01690597965695584,0.006311978741203372,0.01626372351425287,0.00694488,0.018248445462457977,0.018222749072875712,36.0,True,10.443107036721006,75.80635314537606,169.0597965695584
2021-09-07,KZT_RUB,2021-09-07,M04,Пять обновлений в узком диапазоне,0.171153,-0.0005022220405398459,-0.0059877805138689455,0.005253569180052087,0.012130218172328844,0.172184,0.004943641321603926,0.007458885735391328,12.0,True,50.42272119098133,17.6915793914479,49.43641321603926
2021-09-08,KGS_RUB,2021-09-08,M04,Пять обновлений в узком диапазоне,0.863332,0.003249137746706765,-0.0017794561269830478,0.005732614920161395,0.015269156972862996,0.864871,0.00474544208877457,0.005932528795501709,9.0,False,108.92680915337284,-19.18624629419406,47.4544208877457
2021-09-08,UZS_RUB,2021-09-08,M04,Пять обновлений в узком диапазоне,0.00684983,0.001929310304477072,-0.004170955379936281,0.006069227440182368,0.015999778611946593,0.00687852,0.004686941269380349,0.00745619576274831,9.0,False,122.9081597645496,-4.38228552360231,46.86941269380349
2021-09-10,KZT_RUB,2021-09-10,M04,Пять обновлений в узком диапазоне,0.171523,-0.002750063954975679,0.003616044001053309,0.005140329812053146,0.011779675579036898,0.170905,0.004914993353389832,0.006364701478388165,3.0,True,71.88540312378001,-26.100830427827308,49.14993353389831
2021-09-13,KZT_RUB,2021-09-11,M02,Заметное изменение после спокойного периода,0.170638,-0.005159657888446412,-0.003509714492609728,0.005140329812053146,0.011779675579036898,0.171239,0.007923181314828005,0.007924389574973389,24.0,True,20.39405056318141,23.636594459514047,51.596578884464115
2021-09-16,UZS_RUB,2021-09-16,M04,Пять обновлений в узком диапазоне,0.00681712,-0.0014194037918148217,-0.007236256718913148,0.0055424059171832905,0.014228598792633076,0.00686681,0.004917969440674645,0.007266877502147934,8.0,True,75.51576032107465,14.120204140634987,49.17969440674645
2021-09-17,UZS_RUB,2021-09-17,M02,Заметное изменение после спокойного периода,0.00676564,-0.007551576032107432,-0.011658839082894557,0.005259581556605132,0.014228598792633076,0.00684545,0.012482163621975356,0.012473220010321105,28.0,True,0.0,90.52676598474439,75.51576032107432
2021-09-20,AMD_RUB,2021-09-18,M03,Возвращение к уровню пяти обновлений назад,0.147315,0.0017544217548297603,-0.0013287144687514907,0.007402695433041684,0.017887060645752316,0.147511,0.010577176847960754,0.010580279478229144,67.0,True,0.0,62.737179688969846,13.287144687514907
2021-09-22,AMD_RUB,2021-09-22,M01,Заметное изменение за пять обновлений,0.150653,0.00974537362850958,0.02127933619859812,0.007402695433041684,0.017331610466201044,0.147514,0.02420427438331612,0.024232948993551013,47.0,False,189.9729842751225,-159.6272324546692,212.7933619859812
2021-09-23,KGS_RUB,2021-09-23,M03,Возвращение к уровню пяти обновлений назад,0.859165,-0.004472639842414861,0.00038307662929826236,0.005558679304316261,0.012977628630767924,0.858836,0.012551614660192742,0.01255262753593718,38.0,True,51.014647943060005,-8.925810097702113,3.8307662929826236
2021-09-23,TJS_RUB,2021-09-23,M03,Возвращение к уровню пяти обновлений назад,6.4297,-0.004058303257485352,0.0003936413693741425,0.005697009958483746,0.011734487329178457,6.427169999999999,0.012331940753175428,0.012332472763455945,37.0,True,55.04144827908063,-9.428709460313089,3.936413693741425
2021-09-23,UZS_RUB,2021-09-23,M03,Возвращение к уровню пяти обновлений назад,0.00681885,-0.004585227422024829,0.00025377285422578666,0.005659304981715098,0.013390626005299324,0.00681712,0.015310214777048034,0.015311154001916655,62.0,True,33.23140998848887,0.9894559053905251,2.5377285422578666
2021-09-28,KZT_RUB,2021-09-28,M04,Пять обновлений в узком диапазоне,0.171008,-0.003931664754227349,-0.0057558808823359175,0.004200415765463772,0.009070313169634539,0.171998,0.004191310560935096,0.005775221383486476,18.0,True,76.25374251497004,-1.2393047305533376,41.913105609350964
2021-09-29,AMD_RUB,2021-09-29,M03,Возвращение к уровню пяти обновлений назад,0.150296,0.016949611275382193,-0.002369683975758874,0.007402695433041684,0.014069186059267925,0.150653,0.016829859193537383,0.019189465238370906,9.0,False,161.21520200138448,-108.55706379965463,23.69683975758874
2021-10-01,AMD_RUB,2021-10-01,M03,Возвращение к уровню пяти обновлений назад,0.148037,-0.00010806940757690509,0.0016102950628893442,0.00752124691895233,0.014069186059267925,0.147799,0.01686818707055149,0.016881551710001275,2.0,True,11.078311503205109,62.30921957158837,16.102950628893442
2021-10-04,KZT_RUB,2021-10-02,M04,Пять обновлений в узком диапазоне,0.170997,0.0020157864203969034,-0.003995736327999766,0.004105500493211101,0.007715498171037583,0.171683,0.0020777098604012746,0.006023456391832679,6.0,False,142.63408129967172,-34.48839558541765,20.777098604012746
2021-10-04,UZS_RUB,2021-10-02,M04,Пять обновлений в узком диапазоне,0.00682019,0.003531390381964039,-0.003241566883989022,0.004774101540600895,0.011807805661943685,0.00684237,0.0038807313100867346,0.0067753623099809975,18.0,False,165.40594910112551,-43.16646144266269,38.80731310086735
2021-10-06,AMD_RUB,2021-10-06,M01,Заметное изменение за пять обновлений,0.147873,-0.008422238464685039,-0.01612152020013846,0.007156450961662398,0.013498133045715633,0.150296,0.008466521513458176,0.01629745717965884,14.0,True,0.0,82.71185271484012,161.21520200138463
2021-10-06,KGS_RUB,2021-10-06,M04,Пять обновлений в узком диапазоне,0.855488,-0.004891280957271982,0.0008259415851059604,0.005026051621855543,0.01032642893483331,0.854782,0.004902401978775006,0.005728788357179629,28.0,False,183.48591681005544,-25.505672773014723,49.02401978775006
2021-10-06,TJS_RUB,2021-10-06,M04,Пять обновлений в узком диапазоне,6.407819999999999,-0.004873276183376851,0.002112815925408462,0.005026638257380922,0.009246918204811917,6.39431,0.004885888501470969,0.006994536086757748,37.0,False,166.10953491202812,-24.745952997066837,48.858885014709685
2021-10-08,KZT_RUB,2021-10-08,M02,Заметное изменение после спокойного периода,0.169704,-0.0050654284508231395,-0.0055609921888276626,0.0039544837498994845,0.0072957559243789225,0.170653,0.009491857509641327,0.009492039186887765,25.0,False,146.1957290340819,-3.0763288842569696,50.6542845082314
2021-10-11,KGS_RUB,2021-10-09,M01,Заметное изменение за пять обновлений,0.848726,-0.004016903147219586,-0.012705200268016692,0.00498956213897801,0.009488085464282037,0.859648,0.012837293537528344,0.012823933331605409,38.0,False,142.2838466124518,-0.6699565235267854,127.05200268016692
2021-10-11,KZT_RUB,2021-10-09,M01,Заметное изменение за пять обновлений,0.169245,-0.00270470937632572,-0.010245793785855883,0.004054756229898482,0.0072957559243789225,0.170997,0.012206277279180267,0.012198222583824874,38.0,False,151.55543738367524,-9.79816180964574,102.45793785855884
2021-10-11,TJS_RUB,2021-10-09,M01,Заметное изменение за пять обновлений,6.35798,-0.004990711861117658,-0.012143924774787318,0.004903017897528539,0.008959798866923375,6.43614,0.012689570179478703,0.01267781512430136,53.0,False,130.4659656054286,5.5923886026644585,121.43924774787318
2021-10-11,UZS_RUB,2021-10-09,M01,Заметное изменение за пять обновлений,0.0067418,-0.004750530707206102,-0.011493814688447124,0.004689102314145633,0.0112870413750499,0.00682019,0.011588298501126807,0.011578127324056458,38.0,False,162.76068705686868,-11.399652615016825,114.93814688447124
2021-10-13,AMD_RUB,2021-10-13,M01,Заметное изменение за пять обновлений,0.150345,0.0035979867295035106,0.016717047736909407,0.00752124691895233,0.014069186059267925,0.147873,0.012586292638322193,0.01655525282143612,7.0,False,131.2315008813065,-81.7300783931803,167.17047736909407
2021-10-15,AMD_RUB,2021-10-15,M04,Пять обновлений в узком диапазоне,0.149989,-0.0020559155810454532,0.005733099092091853,0.006923229460660842,0.014069186059267925,0.149134,0.0035898535686075747,0.008074580407418598,46.0,False,107.80790591310077,-59.662966994219026,35.898535686075746
2021-10-15,KGS_RUB,2021-10-15,M04,Пять обновлений в узком диапазоне,0.846245,-0.0010175810139687602,-0.006928365813959836,0.00498956213897801,0.01032642893483331,0.852149,0.004979973821185786,0.009012787186742343,9.0,False,128.48524954357214,-23.18212087810602,49.799738211857864
2021-10-15,KZT_RUB,2021-10-15,M04,Пять обновлений в узком диапазоне,0.168489,-0.0010138740661685963,-0.0071595248196859584,0.0040655117337331514,0.00878137543863673,0.169704,0.004479400092195099,0.0071924204319990335,11.0,False,126.18034411741948,-15.939929310617078,44.794000921950996
2021-10-15,TJS_RUB,2021-10-15,M04,Пять обновлений в узком диапазоне,6.347,-0.0010183411584534507,-0.0067090566787743056,0.004996966439721184,0.009246918204811917,6.38987,0.0033390727583954573,0.008352910604137238,9.0,False,113.39215377343675,-19.64658695522276,33.39072758395457
2021-10-18,AMD_RUB,2021-10-16,M02,Заметное изменение после спокойного периода,0.148503,-0.00990739320883538,-0.011883770601973542,0.006923229460660842,0.013091387355231613,0.150289,0.012297363877795515,0.012290515218575963,59.0,False,183.22862164400726,20.818740322217003,99.0739320883538
2021-10-18,KGS_RUB,2021-10-16,M01,Заметное изменение за пять обновлений,0.839791,-0.007626632949086942,-0.010527543635990955,0.004971234325125362,0.01032642893483331,0.848726,0.00897036536842525,0.010566151380369851,7.0,False,235.77294826927093,-3.502664520861484,105.27543635990955
2021-10-18,KGS_RUB,2021-10-16,M02,Заметное изменение после спокойного периода,0.839791,-0.007626632949086942,-0.010527543635990955,0.004971234325125362,0.01032642893483331,0.848726,0.00897036536842525,0.010566151380369851,59.0,False,235.77294826927093,-3.502664520861484,76.26632949086942
2021-10-18,KZT_RUB,2021-10-16,M01,Заметное изменение за пять обновлений,0.167223,-0.007513843633708994,-0.01194717716919258,0.004048448608546695,0.00878137543863673,0.169245,0.010025646173089662,0.011998979315310446,7.0,False,230.70989038589192,0.5381745120539876,119.4717716919258
2021-10-18,KZT_RUB,2021-10-16,M02,Заметное изменение после спокойного периода,0.167223,-0.007513843633708994,-0.01194717716919258,0.004048448608546695,0.00878137543863673,0.169245,0.010025646173089662,0.011998979315310446,10.0,False,230.70989038589192,0.5381745120539876,75.13843633708994
2021-10-18,TJS_RUB,2021-10-16,M02,Заметное изменение после спокойного периода,6.30138,-0.007187647707578404,-0.008902198497007019,0.004896763318925013,0.009246918204811917,6.35798,0.00821900776111637,0.008925867985466357,59.0,False,193.0846893854996,3.989219363177033,71.87647707578404
2021-10-18,UZS_RUB,2021-10-16,M01,Заметное изменение за пять обновлений,0.00665107,-0.00860807116601725,-0.013457830253048142,0.004742907774781191,0.01152681956733661,0.0067418,0.013138129742274322,0.013516919240889309,7.0,False,222.20484824246333,14.294455925937642,134.5783025304814
2021-10-20,KGS_RUB,2021-10-20,M01,Заметное изменение за пять обновлений,0.83665,-0.002819970060165655,-0.012652073294932231,0.004971234325125362,0.010420811002487063,0.847371,0.012422754275615795,0.012722252767899853,2.0,False,199.1155202294864,12.350369863051215,126.52073294932231
2021-10-20,KZT_RUB,2021-10-20,M01,Заметное изменение за пять обновлений,0.166708,-0.0032168183394520877,-0.013042371426372545,0.0040655117337331514,0.009070313169634539,0.168911,0.01164224895804263,0.013123028641719936,2.0,False,200.53026849341273,5.527000654335761,130.42371426372546
2021-10-20,TJS_RUB,2021-10-20,M01,Заметное изменение за пять обновлений,6.27503,-0.0028650608765845575,-0.011823417232142419,0.004996966439721184,0.009246918204811917,6.35011,0.01242321018031704,0.012411376039852207,9.0,False,151.90365623750017,30.535806490050117,118.2341723214242
2021-10-20,UZS_RUB,2021-10-20,M01,Заметное изменение за пять обновлений,0.00663207,-0.0024607313305546885,-0.015893625040435122,0.004750388666309102,0.011807805661943685,0.00673918,0.014033700662138889,0.016024319983722796,2.0,False,194.19276334538108,20.767635849277887,158.93625040435123
2021-10-22,AMD_RUB,2021-10-22,M04,Пять обновлений в узком диапазоне,0.14864,-0.001122259033513262,-0.00899399289281222,0.007547017320728911,0.012404668315738877,0.149989,0.0020455869825304093,0.00998374114833189,7.0,False,192.2766415500538,-18.25884032453278,20.45586982530409
2021-10-22,KGS_RUB,2021-10-22,M04,Пять обновлений в узком диапазоне,0.836951,-0.0009108120432509414,-0.010982635052496637,0.0049067494779154956,0.010984348075227702,0.846245,0.0037481008906183983,0.011430858791664729,7.0,False,202.64029793858867,-11.004946843502497,37.48100890618398
2021-10-22,KZT_RUB,2021-10-22,M04,Пять обновлений в узком диапазоне,0.166527,-0.0009179265658746383,-0.011644677100582146,0.0040655117337331514,0.0102006154035706,0.168489,0.004308567757770987,0.011738275933243742,7.0,False,189.87911870147173,-8.222210901855297,43.085677577709866
2021-10-22,TJS_RUB,2021-10-22,M04,Пять обновлений в узком диапазоне,6.293480000000001,-0.0002509904591854184,-0.008432330234756535,0.004996966439721184,0.009258431977569082,6.347,0.004188122516332069,0.011422295616374704,7.0,False,180.77438873246692,-11.918420220333598,41.88122516332069
2021-10-22,UZS_RUB,2021-10-22,M04,Пять обновлений в узком диапазоне,0.00664579,0.0009820356756089499,-0.00939509481548162,0.004742907774781191,0.011807805661943685,0.00670882,0.0028600131921871544,0.011533996485950625,18.0,False,214.43650792456606,-20.0743829119619,28.600131921871544
2021-10-26,AMD_RUB,2021-10-26,M02,Заметное изменение после спокойного периода,0.14731,-0.007157684738360426,-0.008360708708061826,0.006923229460660842,0.012404668315738877,0.148552,0.010091817336083797,0.01008939142390495,8.0,False,103.72683456656043,61.97631587232234,71.57684738360426
2021-10-26,KGS_RUB,2021-10-26,M01,Заметное изменение за пять обновлений,0.826988,-0.010036247324545333,-0.014335841032829033,0.004857766058185687,0.010963209548787756,0.839016,0.012849586994674972,0.014397057388935451,6.0,True,84.60824099019479,97.4379036712557,143.35841032829032
2021-10-26,KGS_RUB,2021-10-26,M02,Заметное изменение после спокойного периода,0.826988,-0.010036247324545333,-0.014335841032829033,0.004857766058185687,0.010963209548787756,0.839016,0.012849586994674972,0.014397057388935451,8.0,True,84.60824099019479,97.4379036712557,100.36247324545333
2021-10-26,KZT_RUB,2021-10-26,M01,Заметное изменение за пять обновлений,0.164945,-0.008523529871425795,-0.013758176578214099,0.003957172625858152,0.010287384416137902,0.167246,0.010604855736667456,0.013827169396345788,6.0,True,95.78950559277322,64.79113042151394,137.581765782141
2021-10-26,TJS_RUB,2021-10-26,M01,Заметное изменение за пять обновлений,6.22311,-0.010052017880151976,-0.01111541920782566,0.004896763318925013,0.009258431977569082,6.29306,0.011466873723822248,0.011461252629689797,6.0,True,69.74004958935339,99.99897731417595,111.15419207825661
2021-10-26,TJS_RUB,2021-10-26,M02,Заметное изменение после спокойного периода,6.22311,-0.010052017880151976,-0.01111541920782566,0.004896763318925013,0.009258431977569082,6.29306,0.011466873723822248,0.011461252629689797,8.0,True,69.74004958935339,99.99897731417595,100.52017880151976
2021-10-26,UZS_RUB,2021-10-26,M01,Заметное изменение за пять обновлений,0.00655278,-0.011289154445047966,-0.014386855242515928,0.004742907774781191,0.011807805661943685,0.00664843,0.014050905944284046,0.014439210646420751,6.0,True,75.5404576378271,106.81615392396576,143.8685524251593
2021-10-26,UZS_RUB,2021-10-26,M02,Заметное изменение после спокойного периода,0.00655278,-0.011289154445047966,-0.014386855242515928,0.004742907774781191,0.011807805661943685,0.00664843,0.014050905944284046,0.014439210646420751,39.0,True,75.5404576378271,106.81615392396576,112.89154445047967
2021-10-27,AMD_RUB,2021-10-27,M01,Заметное изменение за пять обновлений,0.145782,-0.010372683456656095,-0.01870612071808886,0.00685524771858146,0.011980376668023807,0.148561,0.020469312271707958,0.020451349451024933,14.0,True,0.0,168.48401001192647,187.0612071808886
2021-11-01,TJS_RUB,2021-10-30,M03,Возвращение к уровню пяти обновлений назад,6.27123,-0.00045424986611575235,-0.0023972766174060745,0.005026638257380922,0.009258431977569082,6.2863,0.01514462904084117,0.017080562867496197,39.0,False,10.715601245689447,38.216788882023934,23.972766174060745
2021-11-02,KGS_RUB,2021-11-02,M01,Заметное изменение за пять обновлений,0.838013,0.007998912629020083,0.01333151146086764,0.004971234325125362,0.010963209548787756,0.826988,0.021745231602040282,0.021753068115637337,7.0,False,55.02301276949202,-26.9700684943443,133.3151146086764
2021-11-02,TJS_RUB,2021-11-02,M01,Заметное изменение за пять обновлений,6.33004,0.009377745673496252,0.017182726964491968,0.005026638257380922,0.009258431977569082,6.22311,0.024042652077411217,0.024061590501063105,7.0,False,103.52225262399725,-54.026531631599084,171.82726964491968
2021-11-02,UZS_RUB,2021-11-02,M01,Заметное изменение за пять обновлений,0.00665963,0.00886059074644674,0.016306056360811727,0.004776980635714856,0.012493666069573762,0.00655278,0.023758589030050785,0.023775447852036103,7.0,False,60.51387239231018,-47.15153248048086,163.06056360811726
2021-11-03,AMD_RUB,2021-11-03,M01,Заметное изменение за пять обновлений,0.149505,0.0046703850547678005,0.02553813227970525,0.007802555051530958,0.011369513091360275,0.145782,0.021294333356303027,0.025215462503598123,7.0,False,80.53242366476108,-58.226517974133905,255.3813227970525
2021-11-03,KZT_RUB,2021-11-03,M01,Заметное изменение за пять обновлений,0.167123,0.006577085002198224,0.023003703363633443,0.004380768279634562,0.010946020499160426,0.163365,0.021394327025323484,0.02277607966173249,8.0,False,134.99039629494328,-80.52742071268928,230.03703363633443
2021-11-10,UZS_RUB,2021-11-10,M04,Пять обновлений в узком диапазоне,0.00666666,-0.0004078340115573065,0.009925558312654958,0.004776980635714856,0.013261611378252481,0.00660114,0.004014308807375619,0.012804322265886046,19.0,True,70.9950709950709,26.811519300667744,40.14308807375619
2021-11-11,TJS_RUB,2021-11-11,M01,Заметное изменение за пять обновлений,6.26451,-0.009616874349837379,-0.010352225262399761,0.004996966439721184,0.00957978439437719,6.33004,0.015872759985788364,0.015871569298846373,9.0,True,0.0,154.6955892968951,103.52225262399762
2021-11-11,UZS_RUB,2021-11-11,M02,Заметное изменение после спокойного периода,0.00661933,-0.00709950709950713,-0.006051387239231043,0.004776980635714856,0.013261611378252481,0.00665963,0.010067422313658229,0.010068290164280225,16.0,True,0.0,108.60924155197348,70.9950709950713
2021-11-12,AMD_RUB,2021-11-12,M03,Возвращение к уровню пяти обновлений назад,0.149698,0.009420030883136477,0.0012909267248586431,0.00791134932540767,0.012558051774443867,0.149505,0.010075367767660054,0.010073897560845044,42.0,True,0.0,64.09105620341252,12.909267248586431
2021-11-15,KZT_RUB,2021-11-13,M03,Возвращение к уровню пяти обновлений назад,0.166927,0.00759345441814685,0.00044950015582667646,0.004890188603075752,0.011277859016570592,0.166852,0.012413377523350278,0.012402142480147413,140.0,False,0.0,47.5609267907535,4.495001558266765
2021-11-16,AMD_RUB,2021-11-16,M01,Заметное изменение за пять обновлений,0.151992,0.006409577285729329,0.014592205919656154,0.008509357526146878,0.012558051774443867,0.149806,0.024590469743928665,0.024598467177607466,13.0,False,0.0,-13.028287980062597,145.92205919656155
2021-11-16,KGS_RUB,2021-11-16,M01,Заметное изменение за пять обновлений,0.85217,0.006619684702669382,0.012458357293235967,0.005578462910560145,0.012375360608963116,0.841684,0.022280096233680796,0.022283103938545754,14.0,False,0.0,15.163412171135812,124.58357293235966
2021-11-16,TJS_RUB,2021-11-16,M01,Заметное изменение за пять обновлений,6.40429,0.006414739128179914,0.010908924450449664,0.00552477985195321,0.00957978439437719,6.335179999999999,0.022070607628554423,0.02206952157178108,5.0,False,0.0,18.36977948249279,109.08924450449663
2021-11-17,KZT_RUB,2021-11-17,M01,Заметное изменение за пять обновлений,0.168283,0.0024005241839408775,0.013783547697219678,0.00500735317664236,0.011277859016570592,0.165995,0.020488804331918478,0.020503770929182007,14.0,False,45.459137286593894,0.803570342255121,137.83547697219677
2021-11-17,UZS_RUB,2021-11-17,M01,Заметное изменение за пять обновлений,0.00676744,0.005395833085727109,0.01511701511701502,0.005122490994984941,0.013261611378252481,0.00666666,0.02213662441811211,0.022149900785812245,15.0,False,25.194165001831355,-8.577095794940737,151.1701511701502
2021-11-23,UZS_RUB,2021-11-23,M01,Заметное изменение за пять обновлений,0.00683813,0.01198434251126601,0.0158978000689336,0.00523165395879861,0.014532887217415748,0.00673112,0.012943626038669224,0.015804845627919322,6.0,False,0.0,10.006638859471842,158.978000689336
2021-11-24,AMD_RUB,2021-11-24,M01,Заметное изменение за пять обновлений,0.157014,0.019247122668761163,0.0296607668649298,0.008509357526146878,0.01489806877575262,0.152491,0.030017141504550572,0.030059095817709085,8.0,False,424.9302609958337,-229.13451927354313,296.607668649298
2021-11-24,KZT_RUB,2021-11-24,M01,Заметное изменение за пять обновлений,0.172465,0.017756821829855607,0.024850995050005098,0.005310920698320533,0.011781110994137346,0.168283,0.02922439276827725,0.02925300468627581,7.0,False,263.18383440118373,-159.95249030365565,248.509950500051
2021-11-29,AMD_RUB,2021-11-27,M01,Заметное изменение за пять обновлений,0.156414,0.010602624488767365,0.025611771185773735,0.009485099432211099,0.016224829943571994,0.152508,0.01906394426255646,0.029066154636758965,5.0,False,412.4311123045242,-214.2645464210816,256.11771185773733
2021-12-01,AMD_RUB,2021-12-01,M01,Заметное изменение за пять обновлений,0.153902,-0.008120544978796218,-0.01981988867234752,0.009777777544574739,0.016224829943571994,0.157014,0.016192933125506747,0.020020135933634896,2.0,False,338.9169731387505,-73.5488234588253,198.1988867234752
2021-12-01,KGS_RUB,2021-12-01,M03,Возвращение к уровню пяти обновлений назад,0.882884,-0.0014883510517982312,0.0006596380831052073,0.007203258728209129,0.017509509042053707,0.882302,0.016219821165144963,0.016221561763332094,69.0,False,172.52549598814818,-96.51902327263946,6.596380831052073
2021-12-01,TJS_RUB,2021-12-01,M03,Возвращение к уровню пяти обновлений назад,6.63353,-0.0007471578627066267,0.0012437191428602556,0.006997670854422733,0.015862639946761358,6.62529,0.016225006044432888,0.01622864029353488,30.0,False,171.79390158784312,-97.36894866238251,12.437191428602556
2021-12-01,UZS_RUB,2021-12-01,M03,Возвращение к уровню пяти обновлений назад,0.00694284,-0.002114249987423822,-0.0020755237679093153,0.0070764196451056135,0.01602630412520929,0.00695728,0.016931671210724555,0.016930991271178197,69.0,False,179.72472360014015,-78.92829619789812,20.755237679093153
2021-12-02,KZT_RUB,2021-12-02,M01,Заметное изменение за пять обновлений,0.169569,-0.005127813990601027,-0.013445427042122482,0.0061765057036129,0.013185532456740858,0.17188,0.022266932438299202,0.02225600628331702,8.0,True,96.89271034210296,28.63204089187535,134.4542704212248
2021-12-06,KGS_RUB,2021-12-04,M01,Заметное изменение за пять обновлений,0.869433,-0.004251298467035758,-0.02428642290090388,0.00764416363038285,0.017509509042053707,0.891074,0.01685023114724203,0.02462509811938868,20.0,True,44.29323478634983,56.557195499407065,242.8642290090388
2021-12-06,TJS_RUB,2021-12-04,M01,Заметное изменение за пять обновлений,6.53167,-0.004336810911995559,-0.024837153610837825,0.007111397090613658,0.015862639946761358,6.69803,0.01622613662704766,0.025197114357882033,20.0,True,44.99614952990485,56.58677482133196,248.37153610837825
2021-12-06,UZS_RUB,2021-12-04,M01,Заметное изменение за пять обновлений,0.00685323,-0.0037592181524009893,-0.02464978659148387,0.0071899208860271915,0.015909513268408615,0.00702643,0.015119966907679753,0.02502657508237434,13.0,True,97.74952832460063,37.81561554414839,246.49786591483868
2021-12-10,AMD_RUB,2021-12-10,M01,Заметное изменение за пять обновлений,0.148686,-0.01037638523744533,-0.02283123028391154,0.009990649309636269,0.018838790351030223,0.15216,0.01489688158612122,0.023100528971525373,9.0,True,35.78010034569527,102.14827095412184,228.3123028391154
2021-12-17,KZT_RUB,2021-12-17,M04,Пять обновлений в узком диапазоне,0.167989,-0.0024287699378852112,-0.006099869837889016,0.006375069832241743,0.01634908425765398,0.16902,0.003679254591341095,0.006580725245812051,56.0,True,0.0,38.4172922713066,36.79254591341095
2021-12-17,UZS_RUB,2021-12-17,M04,Пять обновлений в узком диапазоне,0.00679315,-0.0024274268394403054,-0.004815397552307199,0.007004820171024085,0.016359596966099742,0.00682602,0.00467945167767609,0.005846313097157191,37.0,True,45.82557429175086,25.350529311861532,46.7945167767609
2021-12-21,UZS_RUB,2021-12-21,M02,Заметное изменение после спокойного периода,0.00686559,0.009378399835337836,0.01074849320876603,0.007004820171024085,0.016359596966099742,0.00679258,0.011649772172445493,0.011655108663508459,40.0,False,150.85375036959786,-91.37627362361306,93.78399835337837
2021-12-23,AMD_RUB,2021-12-23,M03,Возвращение к уровню пяти обновлений назад,0.149843,-0.0003135632797384158,0.0021200326364645417,0.009517503348276259,0.018838790351030223,0.149526,0.01283480280590286,0.012839101730240934,41.0,False,99.77109374478597,12.736787447680546,21.200326364645417
2021-12-23,UZS_RUB,2021-12-23,M03,Возвращение к уровню пяти обновлений назад,0.00680868,-0.0029638654428517652,-0.0001468497785505063,0.0070764196451056135,0.016359596966099742,0.00680968,0.010622280276871409,0.010624863412423347,22.0,True,68.53017031201415,-2.5492172419974826,1.468497785505063
2021-12-24,TJS_RUB,2021-12-24,M03,Возвращение к уровню пяти обновлений назад,6.50051,-0.00585277375901927,-0.002447647956098642,0.007108272451664988,0.016592518036266272,6.516459999999999,0.012244965372455249,0.012252008529123974,23.0,True,27.551684406301252,44.595981599480524,24.47647956098642
2021-12-30,AMD_RUB,2021-12-30,M03,Возвращение к уровню пяти обновлений назад,0.149576,0.0023185686524156424,-0.001781865018719686,0.009292513540586356,0.018838790351030223,0.149843,0.008247633171067055,0.010030202426705138,7.0,True,0.0,164.23133672183818,17.81865018719686
2021-12-31,AMD_RUB,2021-12-31,M01,Заметное изменение за пять обновлений,0.155164,0.03735893458843664,0.04594601882061089,0.009292513540586356,0.018838790351030223,0.148348,0.04364597642398498,0.04545919388186115,21.0,False,0.0,-185.73459992678787,459.4601882061089
2021-12-31,KZT_RUB,2021-12-31,M04,Пять обновлений в узком диапазоне,0.169,-0.0009340379999762671,0.0051327191516441495,0.006375069832241743,0.01634908425765398,0.168137,0.0015081511131929818,0.006576928655222329,14.0,True,0.0,-1.6288930685246088,15.081511131929817
2022-01-11,KGS_RUB,2022-01-11,M01,Заметное изменение за пять обновлений,0.885701,0.011182706820138222,0.026441530447278483,0.00764416363038285,0.01776761368545179,0.862885,0.025568361016908247,0.026212382026473496,36.0,False,79.010862582293,-16.737357529968516,264.41530447278484
2022-01-11,KZT_RUB,2022-01-11,M01,Заметное изменение за пять обновлений,0.172328,0.019692307692307676,0.01965007366558802,0.006375069832241743,0.01634908425765398,0.169007,0.01964707143757654,0.01966132604393685,40.0,False,55.76574903672168,-54.87425044552471,196.5007366558802
2022-01-11,KZT_RUB,2022-01-11,M02,Заметное изменение после спокойного периода,0.172328,0.019692307692307676,0.01965007366558802,0.006375069832241743,0.01634908425765398,0.169007,0.01964707143757654,0.01966132604393685,85.0,False,55.76574903672168,-54.87425044552471,196.92307692307676
2022-01-11,TJS_RUB,2022-01-11,M01,Заметное изменение за пять обновлений,6.65175,0.010844342052674705,0.026092925677968726,0.0071751491517837215,0.016592518036266272,6.4826,0.024782506221958305,0.025865522728732392,36.0,False,80.36982748900576,-15.181214183099438,260.92925677968725
2022-01-11,UZS_RUB,2022-01-11,M01,Заметное изменение за пять обновлений,0.00694501,0.013124649892633844,0.025520585690279818,0.0070764196451056135,0.016359596966099742,0.00677218,0.02384488933848155,0.025313130933413416,36.0,False,80.35985549336847,-28.171251173201014,255.2058569027982
2022-01-17,KZT_RUB,2022-01-15,M01,Заметное изменение за пять обновлений,0.173677,0.013036478809159924,0.02767455621301762,0.006584573300655139,0.017445325286382433,0.169,0.013419746430696053,0.02725333892734766,6.0,False,0.0,11.228825106118464,276.7455621301762
2022-01-17,TJS_RUB,2022-01-15,M01,Заметное изменение за пять обновлений,6.70799,0.015168529123333663,0.019390947952932835,0.007478776229065391,0.01795097872225822,6.58039,0.016525399855926118,0.019249858944998997,6.0,False,0.0,20.931083626152002,193.90947952932837
2022-01-17,UZS_RUB,2022-01-15,M01,Заметное изменение за пять обновлений,0.00700374,0.01606852188748542,0.021692068901129735,0.007190414832362248,0.017371216351424225,0.00685504,0.01652881589952601,0.021496920027698773,6.0,False,0.0,11.843566586854232,216.92068901129736
2022-01-19,AMD_RUB,2022-01-19,M01,Заметное изменение за пять обновлений,0.158601,0.005330882352940991,0.023106844967391016,0.00991835749615073,0.022244052456377707,0.155019,0.02641436634905547,0.026457311591629635,19.0,False,0.0,-9.304212590437384,231.06844967391015
2022-01-19,KGS_RUB,2022-01-19,M01,Заметное изменение за пять обновлений,0.900097,0.003872298898647708,0.020274061420680667,0.008058863365470105,0.019877139176078962,0.882211,0.02405004351580747,0.02408321169526571,8.0,False,0.0,-5.168780123430023,202.74061420680667
2022-01-19,KZT_RUB,2022-01-19,M01,Заметное изменение за пять обновлений,0.1752,0.0032927702219041066,0.019446287050937316,0.006650698276221179,0.01878002673215762,0.171858,0.022122540288649243,0.02215246265299775,2.0,False,0.0,-14.69867711906016,194.46287050937318
2022-01-19,TJS_RUB,2022-01-19,M01,Заметное изменение за пять обновлений,6.75827,0.0038694516816146773,0.02003308409578719,0.008655695468639512,0.01946175771881502,6.625539999999999,0.023945854050333892,0.02397897380644101,2.0,False,0.0,-2.9672634719223003,200.3308409578719
2022-01-19,UZS_RUB,2022-01-19,M01,Заметное изменение за пять обновлений,0.00704197,0.003870377286943949,0.017971420930518178,0.007764850844229623,0.01776575011017028,0.00691765,0.02192280680808123,0.021949523423648646,2.0,False,0.0,10.942739279710716,179.71420930518178
2022-01-26,AMD_RUB,2022-01-26,M01,Заметное изменение за пять обновлений,0.163667,0.016508393940711352,0.03194179103536565,0.00952846763559161,0.025552860060918947,0.158601,0.029343241839864188,0.031607121688874376,7.0,False,374.5409887148904,-237.38959904780876,319.4179103536565
2022-01-26,KGS_RUB,2022-01-26,M01,Заметное изменение за пять обновлений,0.927155,0.016540415253670337,0.030061204514624462,0.008331097868820048,0.020966270552224886,0.900097,0.02855985175904295,0.029782798447129333,7.0,False,327.6798377833263,-204.03237953346468,300.6120451462446
2022-01-26,KZT_RUB,2022-01-26,M01,Заметное изменение за пять обновлений,0.180165,0.015574796225521714,0.02833904109589036,0.006650698276221179,0.019788725565128607,0.1752,0.02736616745924174,0.028107247216401256,7.0,False,234.39624788388448,-177.8688822264271,283.3904109589036
2022-01-26,TJS_RUB,2022-01-26,M01,Заметное изменение за пять обновлений,6.962569999999999,0.016510742421322222,0.03022962977211585,0.008723372481936309,0.0205110282209668,6.75827,0.028514896216896787,0.029946212615177704,7.0,False,325.2247374173595,-203.85023853931605,302.2962977211585
2022-01-26,UZS_RUB,2022-01-26,M01,Заметное изменение за пять обновлений,0.00726487,0.015858300263162928,0.031653074352773425,0.00889819345651919,0.019585108238954475,0.00704197,0.02780055822612494,0.03131459483962448,7.0,False,338.61583207958256,-201.69854148507406,316.5307435277343
2022-01-28,AMD_RUB,2022-01-28,M01,Заметное изменение за пять обновлений,0.163536,0.0005567622135884687,0.028825949645809423,0.00996519359122543,0.026300404479855655,0.158954,0.02544391244532777,0.02914806988610006,2.0,False,366.8305449564608,-225.60761009573815,288.25949645809425
2022-02-01,KGS_RUB,2022-02-01,M03,Возвращение к уровню пяти обновлений назад,0.913279,-0.004476850529657184,0.0013266540141150251,0.008363860338431907,0.02397187639286451,0.912069,0.01890988158755556,0.020262695506176015,62.0,False,354.5575886448719,-80.01209673413804,13.266540141150251
2022-02-01,TJS_RUB,2022-02-01,M03,Возвращение к уровню пяти обновлений назад,6.8588,-0.00446183634901598,0.0013606872346514365,0.008814314631422971,0.022605158734195514,6.84948,0.018845640725840256,0.02023197365380154,39.0,False,354.46433778503433,-80.04491254629372,13.606872346514365
2022-02-01,UZS_RUB,2022-02-01,M03,Возвращение к уровню пяти обновлений назад,0.00716311,-0.004195576711073734,0.001629037986648818,0.009114563404514754,0.02220882928505637,0.00715146,0.019890448637205366,0.021544864732525343,40.0,False,372.1288658138712,-91.8695356924395,16.29037986648818
2022-02-03,AMD_RUB,2022-02-03,M01,Заметное изменение за пять обновлений,0.158354,-0.008366209530966229,-0.03114809263054863,0.009531446581404902,0.028871747247884195,0.163445,0.03226300512895859,0.03216861935248906,6.0,False,181.42895032648286,45.41690938710094,311.4809263054863
2022-02-03,KGS_RUB,2022-02-03,M01,Заметное изменение за пять обновлений,0.901694,-0.008353770524255233,-0.03117515786352132,0.008058863365470105,0.02397187639286451,0.930709,0.03177216856450385,0.03167846818170178,8.0,False,230.6325649277919,26.596866724032413,311.7515786352132
2022-02-03,KZT_RUB,2022-02-03,M01,Заметное изменение за пять обновлений,0.176253,-0.008248977318125794,-0.027124145125767996,0.006584573300655139,0.022408558581605176,0.181167,0.030363987034543998,0.03029047458987474,8.0,True,92.02680238066783,52.00686006768314,271.24145125767996
2022-02-03,TJS_RUB,2022-02-03,M01,Заметное изменение за пять обновлений,6.77157,-0.008366160469782113,-0.031146358841994792,0.008723372481936309,0.022605158734195514,6.98926,0.03174019807700806,0.03164678559658439,8.0,False,230.21249134247955,27.098794250930222,311.46358841994794
2022-02-03,UZS_RUB,2022-02-03,M01,Заметное изменение за пять обновлений,0.00707342,-0.009112596957051022,-0.0306984367120523,0.00889819345651919,0.02220882928505637,0.00729744,0.03258490262577442,0.03249256768416325,8.0,False,250.04877414320083,12.03866088455696,306.984367120523
2022-02-08,UZS_RUB,2022-02-08,M01,Заметное изменение за пять обновлений,0.00697323,-0.006502471195505732,-0.026508039105919035,0.00906140282885739,0.02435065397490708,0.00716311,0.023415194880058717,0.02683949661573283,5.0,False,109.96338855881704,72.9416403154616,265.08039105919033
2022-02-09,KZT_RUB,2022-02-09,M04,Пять обновлений в узком диапазоне,0.175965,0.0015367540339794594,-0.009869513107771177,0.006418729912437039,0.023080113733347625,0.177719,0.0034823095267581252,0.011479541196466134,40.0,True,75.81053050322517,23.870800708509698,34.82309526758125
2022-02-11,KGS_RUB,2022-02-11,M01,Заметное изменение за пять обновлений,0.880898,-0.0011350506123717352,-0.02520162182738883,0.008309687153867196,0.024426687203730337,0.903672,0.017880432211808114,0.025573621013175424,8.0,True,0.0,144.77893827358218,252.0162182738883
2022-02-11,TJS_RUB,2022-02-11,M01,Заметное изменение за пять обновлений,6.61568,-0.001034347900273791,-0.025558239556943252,0.008655695468639512,0.024327698044225212,6.789199999999999,0.01806294452539069,0.025943075342864986,8.0,True,0.0,147.86994184851528,255.58239556943252
2022-02-11,UZS_RUB,2022-02-11,M01,Заметное изменение за пять обновлений,0.00689655,-0.0005637321678036988,-0.02601969554244643,0.00906140282885739,0.02524983060305961,0.00708079,0.0176113320686346,0.026440600615713086,3.0,True,0.0,139.03628913736154,260.1969554244643
2022-02-17,AMD_RUB,2022-02-17,M03,Возвращение к уровню пяти обновлений назад,0.156198,-0.015635339269846615,0.0017958157493040972,0.010002565092889437,0.02976887374045181,0.155918,0.026832175206027098,0.026869730527830885,49.0,True,0.0,296.2632946622561,17.95815749304097
2022-02-17,KZT_RUB,2022-02-17,M03,Возвращение к уровню пяти обновлений назад,0.175533,-0.007979880753906543,-0.00032461985306686536,0.0061765057036129,0.023080113733347625,0.17559,0.01715775702251817,0.01716369755734258,94.0,True,0.0,128.15321503805876,3.2461985306686536
2022-02-22,AMD_RUB,2022-02-22,M03,Возвращение к уровню пяти обновлений назад,0.159931,0.00925125422017481,0.0014464621164682612,0.010318141190621377,0.029176103497932582,0.1597,0.023593998667662673,0.023557227613639507,5.0,False,0.0,656.9989796156826,14.464621164682612
2022-02-22,KGS_RUB,2022-02-22,M03,Возвращение к уровню пяти обновлений назад,0.904982,0.01326791560486007,0.002310343605465004,0.008662791765016654,0.024426687203730337,0.902896,0.02303461910224781,0.02299949036340436,21.0,False,0.0,557.0333240748516,23.10343605465004
2022-02-22,TJS_RUB,2022-02-22,M03,Возвращение к уровню пяти обновлений назад,6.802580000000001,0.013268786772920205,0.0024934936321596712,0.008814314631422971,0.024327698044225212,6.78566,0.02309866493463878,0.023064028637761556,21.0,False,0.0,684.383969523142,24.934936321596712
2022-02-23,AMD_RUB,2022-02-23,M01,Заметное изменение за пять обновлений,0.166638,0.041936835260206085,0.05015786588017335,0.010318141190621377,0.029176103497932582,0.158679,0.06532757649709033,0.06540472304796036,20.0,False,0.0,409.2212290861066,501.57865880173347
2022-02-23,KGS_RUB,2022-02-23,M01,Заметное изменение за пять обновлений,0.948038,0.04757663688338565,0.05577098260720437,0.008992491126296189,0.024426687203730337,0.897958,0.07037039820813865,0.07045807431935174,12.0,False,0.0,210.23835845436662,557.7098260720437
2022-02-23,KZT_RUB,2022-02-23,M01,Заметное изменение за пять обновлений,0.184681,0.028691583579346203,0.043719799937833814,0.008033700066750395,0.023080113733347625,0.176945,0.05119417635464792,0.051277739474554614,20.0,False,252.43528029412877,10.498722818519491,437.1979993783381
2022-02-23,TJS_RUB,2022-02-23,M01,Заметное изменение за пять обновлений,7.126220000000001,0.047576066727623934,0.0558442270395052,0.009080583039540582,0.024327698044225212,6.749309999999999,0.07043361567756024,0.07052199745089413,12.0,False,0.0,411.5691163462999,558.442270395052
2022-02-23,UZS_RUB,2022-02-23,M01,Заметное изменение за пять обновлений,0.00741793,0.047576344717725094,0.05611650706599569,0.009918973483719553,0.025620407660713142,0.00702378,0.07008734352576641,0.07017510764427631,12.0,False,0.0,403.8735998509735,561.1650706599569
2022-03-01,KZT_RUB,2022-03-01,M01,Заметное изменение за пять обновлений,0.188393,0.04651731206150456,0.06478231627018438,0.008404488568944803,0.02579601855707057,0.176931,0.04827715433328727,0.06281351040315655,6.0,False,94.05869644838161,392.1178633980578,647.8231627018438
2022-03-10,KGS_RUB,2022-03-10,M01,Заметное изменение за пять обновлений,1.18824,0.0968402979701477,0.10087459235102259,0.011599748577082597,0.027350794206821412,1.10069,0.09710486933473161,0.09740271358282379,15.0,False,1550.0235642631121,-800.5846408167521,1008.7459235102258
2022-03-15,AMD_RUB,2022-03-15,M01,Заметное изменение за пять обновлений,0.223221,-0.008915370578389203,0.062390534572037915,0.017786378883553874,0.043042261712204564,0.227494,0.1039836204925996,0.10371299436705433,20.0,False,1232.0077412071444,-318.8454863480569,623.9053457203792
2022-03-15,KZT_RUB,2022-03-15,M01,Заметное изменение за пять обновлений,0.224903,-0.015207377307598025,0.06830100131101435,0.013692637580288339,0.028579585704564228,0.225809,0.1075163948808248,0.1074161629224481,14.0,False,1351.1602779865098,-563.6345987129401,683.0100131101435
2022-03-16,KGS_RUB,2022-03-16,M03,Возвращение к уровню пяти обновлений назад,1.08235,-0.01880172968660765,-0.0009046181680558707,0.016048886812374045,0.030283995184403837,1.08333,0.12966754915749706,0.13111811174581597,22.0,False,1083.2078348038985,-58.535891988856925,9.046181680558707
2022-03-16,TJS_RUB,2022-03-16,M01,Заметное изменение за пять обновлений,9.89107,0.04049277624777248,0.05629473949506236,0.01699771601919243,0.03169690414243096,9.36393,0.1765122442446174,0.1780358334697203,21.0,False,2280.744145982184,-692.6803910845988,562.9473949506237
2022-03-17,KGS_RUB,2022-03-17,M01,Заметное изменение за пять обновлений,1.03915,-0.03991315193791278,-0.1254712852622365,0.016992678140257806,0.030283995184403837,1.18824,0.17129958055219918,0.16985459536816003,7.0,False,712.515036327768,292.14343880059454,1254.712852622365
2022-03-17,TJS_RUB,2022-03-17,M03,Возвращение к уровню пяти обновлений назад,8.91262,-0.09892256348403139,-0.0019004231997213905,0.019576778947659444,0.03535689511455273,8.929590000000001,0.17829276830311153,0.18116232299839258,23.0,False,1433.304684817709,278.55231186456774,19.004231997213907
2022-03-18,AMD_RUB,2022-03-18,M01,Заметное изменение за пять обновлений,0.215142,-0.025227674323773264,-0.0790942556287989,0.017786378883553874,0.0467883882325234,0.23362,0.04550305985183881,0.08261357802157511,3.0,False,945.2826505284879,-47.90677782717681,790.9425562879891
2022-03-18,TJS_RUB,2022-03-18,M01,Заметное изменение за пять обновлений,9.1432,0.02587118041608405,-0.14324534525248556,0.02361824959311687,0.03535689511455273,10.6719,0.1508613702313811,0.18050059139846547,2.0,False,1649.3459620264248,-63.31421672326948,1432.4534525248555
2022-03-25,AMD_RUB,2022-03-25,M01,Заметное изменение за пять обновлений,0.19572,-0.06995751798595329,-0.090275260060797,0.023364189788693753,0.05672818128316123,0.215142,0.08748603971605155,0.09241486289083128,7.0,False,1196.0453709380756,147.27594516867381,902.7526006079701
2022-03-25,KZT_RUB,2022-03-25,M01,Заметное изменение за пять обновлений,0.194515,-0.04186410789403694,-0.0563982904904895,0.01561602247649554,0.055145823550071915,0.206141,0.05827085096352051,0.05811018936466157,10.0,False,980.1814770069146,108.3697152752333,563.982904904895
2022-03-25,TJS_RUB,2022-03-25,M01,Заметное изменение за пять обновлений,7.935370000000001,-0.06897915126770149,-0.13210145244553329,0.0317721935978065,0.06525063263892908,9.1432,0.1190040655106864,0.13834074639686925,7.0,False,1889.565325876424,184.86936533901627,1321.0145244553328
2022-03-29,KGS_RUB,2022-03-29,M01,Заметное изменение за пять обновлений,0.950403,-0.015237657093654655,-0.0653643041883426,0.02319615022410442,0.06024923674708766,1.01687,0.07662280236695695,0.07623142232865525,12.0,False,1178.7631141736713,105.35289081288616,653.643041883426
2022-03-29,KZT_RUB,2022-03-29,M01,Заметное изменение за пять обновлений,0.194731,0.0038870587750092778,-0.056220344979668546,0.016082318245114018,0.05582057063306294,0.206331,0.05626557188537074,0.061888568181874985,4.0,False,1528.056652510385,-310.89638854597786,562.2034497966855
2022-03-30,UZS_RUB,2022-03-30,M01,Заметное изменение за пять обновлений,0.00752379,-0.07818155086438205,-0.16596570653234244,0.03099189916425862,0.1058049432008489,0.00902096,0.1717676898417762,0.1785311192582439,35.0,False,1244.4924698855232,517.2465325441734,1659.6570653234244
2022-04-07,AMD_RUB,2022-04-07,M04,Пять обновлений в узком диапазоне,0.172298,-0.004500886888494704,-0.005167645343634009,0.02857075117836823,0.10360529474127161,0.173193,0.004509798245867959,0.005179058472245302,167.0,False,867.5086187883792,-68.19617391304371,45.097982458679596
2022-04-08,AMD_RUB,2022-04-08,M02,Заметное изменение после спокойного периода,0.15989,-0.07201476511625204,-0.07208477694401394,0.025528962173566153,0.10360529474127161,0.172311,0.07745631738588014,0.07730041570393675,164.0,False,158.79667271249068,591.3614671433616,720.1476511625204
2022-04-11,KGS_RUB,2022-04-09,M01,Заметное изменение за пять обновлений,0.807754,-0.03652192997627557,-0.16734889944222198,0.03909486911199176,0.10135260752868254,0.970099,0.18538787567913767,0.18302281973397086,13.0,True,0.0,1321.9638675433166,1673.4889944222198
2022-04-12,KZT_RUB,2022-04-12,M03,Возвращение к уровню пяти обновлений назад,0.177134,0.08592552630610961,0.0013567447171753955,0.02248336553371724,0.08371231064637052,0.176894,0.0890153541311031,0.0885945809358658,54.0,False,464.5635507581838,-180.87558265847673,13.567447171753955
2022-04-15,KGS_RUB,2022-04-15,M01,Заметное изменение за пять обновлений,0.998255,0.043955182049394415,0.19070509188630824,0.0412348506056307,0.10614443297778652,0.838373,0.20675827945888442,0.2099097447929618,4.0,False,894.280519506539,-792.9916298711693,1907.0509188630824
2022-04-15,KZT_RUB,2022-04-15,M01,Заметное изменение за пять обновлений,0.180572,0.0170721129203959,0.09454159721169875,0.0242139632794406,0.08371231064637052,0.164975,0.09968018275271273,0.10065018381027895,17.0,False,832.6318587599417,-463.63525737232834,945.4159721169875
2022-05-25,KZT_RUB,2022-05-25,M01,Заметное изменение за пять обновлений,0.134095,-0.020882771713336523,-0.09347493949513941,0.034909495048004356,0.09218684212234446,0.147922,0.09143491846289721,0.09799884473770942,40.0,True,0.0,749.0764664431688,934.749394951394
2022-05-27,KGS_RUB,2022-05-27,M03,Возвращение к уровню пяти обновлений назад,0.780497,0.10213070007102809,0.0007115913747433034,0.046732643597878945,0.12712989754469206,0.779942,0.09841013866895545,0.09741607954806929,72.0,False,316.1703376182093,-158.1064951457105,7.115913747433034
2022-05-27,UZS_RUB,2022-05-27,M03,Возвращение к уровню пяти обновлений назад,0.00560874,0.10331817323429426,0.00040667372994729334,0.04647442733530541,0.1261225935008487,0.00560646,0.09951626930517474,0.09849380108397811,115.0,False,24.3370168701,-53.057346026539406,4.066737299472933
2022-05-30,AMD_RUB,2022-05-28,M01,Заметное изменение за пять обновлений,0.148161,0.067750072066878,0.15481924893607069,0.04457045825050823,0.10402241549386133,0.128298,0.17469112703128775,0.17574376244958737,66.0,False,718.3401839890381,-805.3534647389573,1548.1924893607068
2022-05-30,KZT_RUB,2022-05-28,M01,Заметное изменение за пять обновлений,0.157349,0.052684747849124136,0.1527652622401956,0.03602488570985739,0.09368827103845127,0.136497,0.16309142910846064,0.1642598980468796,5.0,False,1086.1842147074335,-953.2197569250494,1527.652622401956
2022-05-30,TJS_RUB,2022-05-28,M01,Заметное изменение за пять обновлений,5.82482,0.0701606117282203,0.23150986718310618,0.05985587357344119,0.14071806606243867,4.72982,0.1962055094943516,0.21488382863456204,66.0,False,849.6228209627077,-1044.2898512096533,2315.098671831062
2022-05-30,UZS_RUB,2022-05-28,M01,Заметное изменение за пять обновлений,0.0060119,0.0718806719512759,0.13203319330183727,0.047509487833154805,0.1261225935008487,0.00531071,0.17135206409487827,0.17191930383897797,61.0,False,931.2696485304141,-827.215344350318,1320.3319330183726
2022-06-02,AMD_RUB,2022-06-02,M01,Заметное изменение за пять обновлений,0.137944,0.0030977762911037487,0.1043206071425713,0.04457045825050823,0.101457191072733,0.124913,0.07572534248232259,0.1685350087597414,3.0,False,83.51214985791438,3.0334371742036006,1043.206071425713
2022-06-02,KZT_RUB,2022-06-02,M01,Заметное изменение за пять обновлений,0.148246,0.028436249106814415,0.09779324644549758,0.03943873375745742,0.09460727205570385,0.13504,0.08862341693551738,0.15212808153866958,3.0,False,1030.2470218420722,-376.5109384192101,977.9324644549758
2022-06-03,AMD_RUB,2022-06-03,M03,Возвращение к уровню пяти обновлений назад,0.138914,0.007031839007133334,0.0011098299221679042,0.04457045825050823,0.101457191072733,0.13876,0.0757087514280307,0.0758723033656467,101.0,False,152.75638164619926,-37.359754687688685,11.098299221679042
2022-06-03,UZS_RUB,2022-06-03,M03,Возвращение к уровню пяти обновлений назад,0.00560791,0.0021802416494063337,-0.00014798332602339315,0.04672379186869778,0.11427192812702729,0.00560874,0.07305025519655622,0.0732579465594227,7.0,False,651.6866354845206,-145.088080053825,1.4798332602339315
2022-06-23,KZT_RUB,2022-06-23,M01,Заметное изменение за пять обновлений,0.118944,-0.036282024274440605,-0.08492649038720446,0.02981360120175027,0.07936051345333446,0.129983,0.0859937319698291,0.08760914106428817,21.0,False,569.0072639225178,216.0570595260522,849.2649038720446
2022-07-06,AMD_RUB,2022-07-06,M01,Заметное изменение за пять обновлений,0.14358,0.06219437313664722,0.10698205144020223,0.025582599730920697,0.07979080241753819,0.129704,0.1375451263537908,0.13810880750757723,34.0,False,257.1388772809584,-321.3001802611019,1069.8205144020224
2022-07-06,KGS_RUB,2022-07-06,M01,Заметное изменение за пять обновлений,0.735997,0.062193409467125926,0.10462292582186694,0.03515175874828823,0.07493534142982253,0.666288,0.13566029605916377,0.1361783067221293,82.0,False,295.49033487908224,-416.5252214582107,1046.2292582186694
2022-07-06,KZT_RUB,2022-07-06,M01,Заметное изменение за пять обновлений,0.12606,0.06741858456536098,0.09698472784231815,0.02936574584761257,0.0771747092582352,0.114915,0.11895949002673252,0.11926554278964896,13.0,False,410.20149135332446,-396.64795034919814,969.8472784231815
2022-07-06,TJS_RUB,2022-07-06,M01,Заметное изменение за пять обновлений,5.59632,0.06843022667524523,0.11623453945990603,0.02747519714729295,0.07663262258441775,5.01357,0.14542732654006954,0.14606683854774577,37.0,False,93.57935214569538,-350.2243935192465,1162.3453945990602
2022-07-06,UZS_RUB,2022-07-06,M01,Заметное изменение за пять обновлений,0.00539942,0.06350810224168257,0.10328241342389388,0.02659905430639354,0.07753333120942041,0.00489396,0.13258019000206842,0.1330474902920759,37.0,False,218.67163510154884,-310.5350251216727,1032.8241342389388
2022-07-13,TJS_RUB,2022-07-13,M03,Возвращение к уровню пяти обновлений назад,5.59652,-0.03997063228081854,3.57377705348938e-05,0.029400618429174963,0.08138371485535463,5.59632,0.07200598018089158,0.07254597414614304,118.0,False,529.9364605147478,-68.67404604245199,0.357377705348938
2022-07-13,UZS_RUB,2022-07-13,M03,Возвращение к уровню пяти обновлений назад,0.00539337,-0.03997201816327378,-0.0011204907193737013,0.028944767693590157,0.08060020417390992,0.00539942,0.07193827756384771,0.07246077621800168,40.0,False,691.7938135154819,-109.5647650412443,11.204907193737013
2022-07-14,KGS_RUB,2022-07-14,M01,Заметное изменение за пять обновлений,0.722874,0.0068121390060766895,-0.08651098842080385,0.03323374913851301,0.08231486692488844,0.791333,0.06576924025309441,0.09819689000788064,8.0,False,459.22249243989967,-6.173625606978623,865.1098842080385
2022-07-15,UZS_RUB,2022-07-15,M01,Заметное изменение за пять обновлений,0.00532746,-0.006061623709176289,-0.08137104783976157,0.029145749080836118,0.08060020417390992,0.00579936,0.05317402057250814,0.08550846794761255,9.0,False,576.63501931502,70.19061755885758,813.7104783976157
2022-07-19,UZS_RUB,2022-07-19,M01,Заметное изменение за пять обновлений,0.00515594,-0.02374582256430635,-0.08223491570738684,0.029145749080836118,0.08151036446523548,0.00561793,0.044767586781390846,0.08625653472740848,4.0,False,263.15279076172334,352.88092490678656,822.3491570738684
2022-07-20,KZT_RUB,2022-07-20,M01,Заметное изменение за пять обновлений,0.114497,-0.027593294039712668,-0.09566460520184183,0.033531588164942824,0.09008817301382241,0.126609,0.07635307665348225,0.10012689463611825,14.0,True,27.424299326619458,621.4244340820399,956.6460520184183
2022-07-28,AMD_RUB,2022-07-28,M01,Заметное изменение за пять обновлений,0.147652,0.030556835155017614,0.11877917197066123,0.03207444407269593,0.09399304175023106,0.131976,0.0814389650096253,0.11217762172373981,22.0,False,0.0,-270.1438691650459,1187.7917197066124
2022-07-28,KZT_RUB,2022-07-28,M01,Заметное изменение за пять обновлений,0.125502,0.0182139756768378,0.09913034339612725,0.033531588164942824,0.09082355896859338,0.114183,0.06725074139559348,0.09448431104668144,8.0,False,9.641280617042755,-208.20059268979895,991.3034339612725
2022-07-28,TJS_RUB,2022-07-28,M01,Заметное изменение за пять обновлений,5.86537,0.026681533501139665,0.10668611342769929,0.030538945299458265,0.07753699143403851,5.29994,0.06490575454684919,0.10099681580996793,22.0,False,8.354119177477509,-240.67838208735665,1066.861134276993
2022-07-28,UZS_RUB,2022-07-28,M01,Заметное изменение за пять обновлений,0.00549442,0.027226718566255137,0.0944492914709596,0.03020602259400556,0.08210108791518225,0.00502026,0.05958380882612437,0.09003622070419116,9.0,False,0.0,-189.5188285571897,944.492914709596
2022-08-03,KGS_RUB,2022-08-03,M03,Возвращение к уровню пяти обновлений назад,0.723601,-0.03227872901835793,-0.0013208052357437383,0.03149335151662005,0.07047211676040913,0.724558,0.032934029601874214,0.0329963204509241,68.0,True,0.0,83.6120619592614,13.208052357437383
2022-08-04,TJS_RUB,2022-08-04,M03,Возвращение к уровню пяти обновлений назад,5.8688,0.0014213877043991463,0.0005847883424234812,0.030404834950682892,0.07753699143403851,5.86537,0.031000363736700575,0.031049734035805812,22.0,False,0.0,4.978663277162527,5.847883424234812
2022-08-04,UZS_RUB,2022-08-04,M03,Возвращение к уровню пяти обновлений назад,0.00549605,-0.000445576066199882,0.00029666461610133865,0.03020602259400556,0.08352409661842215,0.00549442,0.03420824335581042,0.034569996810586756,22.0,False,0.0,41.390289201377925,2.9666461610133865
2022-08-05,KGS_RUB,2022-08-05,M03,Возвращение к уровню пяти обновлений назад,0.725843,0.001783173303190555,0.0015454180424796515,0.03149335151662005,0.07047211676040913,0.724723,0.032982923930193524,0.03303596644391136,2.0,False,0.0,82.75333583953024,15.454180424796515
2022-08-09,TJS_RUB,2022-08-09,M04,Пять обновлений в узком диапазоне,5.87879,-0.0007835605262263012,-0.027342593128779513,0.029788724529832524,0.07753699143403851,6.04405,0.0039045564965314787,0.031108944569999655,291.0,True,58.12420583147293,69.87827064491852,39.04556496531479
2022-08-10,AMD_RUB,2022-08-10,M04,Пять обновлений в узком диапазоне,0.14862,0.0018875556154780426,0.005391583177178028,0.029161491848434952,0.08840392397344866,0.147823,0.002876373855849769,0.005520870666245637,125.0,False,179.58552011842315,42.8750224520403,28.76373855849769
2022-08-10,KZT_RUB,2022-08-10,M04,Пять обновлений в узком диапазоне,0.126687,0.003938505428322303,0.009780009564801517,0.02918543052466972,0.09311453776439407,0.12546,0.004654051474283452,0.010437301019991093,182.0,False,192.91640026206224,32.878728219624,46.540514742834524
2022-08-19,KGS_RUB,2022-08-19,M03,Возвращение к уровню пяти обновлений назад,0.738375,-0.015811003722823624,0.0019037358271414284,0.026728158200836565,0.06344720556903856,0.736972,0.024120648518201594,0.026055638161777687,14.0,False,110.63484002031463,26.499520102627866,19.037358271414284
2022-08-25,KZT_RUB,2022-08-25,M03,Возвращение к уровню пяти обновлений назад,0.127532,0.00922716553503311,0.00039221223388397064,0.024267818184857865,0.09008817301382241,0.127482,0.02612627354661185,0.026071275225418633,135.0,False,0.0,-0.07841230759587865,3.9221223388397064
2022-08-26,AMD_RUB,2022-08-26,M03,Возвращение к уровню пяти обновлений назад,0.147602,-0.0039611577107611096,-0.0010287369546677638,0.021672808288160896,0.07873914919222692,0.147754,0.015183092629076573,0.015177031459449859,84.0,False,0.0,57.104474049892815,10.287369546677638
2022-08-26,TJS_RUB,2022-08-26,M03,Возвращение к уровню пяти обновлений назад,5.83121,-0.003693939513021993,-0.00229441777224193,0.02367136733204077,0.06788485700686016,5.84462,0.014831527039463766,0.014822814344164562,22.0,False,0.0,59.37323971616729,22.9441777224193
2022-08-26,UZS_RUB,2022-08-26,M03,Возвращение к уровню пяти обновлений назад,0.00548209,-0.0051122814531437966,0.0007703724257785982,0.02344342834039566,0.06793752379408982,0.00547787,0.018754332314710326,0.01875178109951995,22.0,False,0.0,41.833783823059754,7.703724257785982
2022-09-01,UZS_RUB,2022-09-01,M03,Возвращение к уровню пяти обновлений назад,0.0055113,-0.004819438099382567,0.00018873882539116593,0.02344342834039566,0.06600954677135831,0.00551026,0.010142160799151352,0.01014258588765305,6.0,False,5.171193729247948,1.6845662630610798,1.8873882539116593
2022-09-02,AMD_RUB,2022-09-02,M04,Пять обновлений в узком диапазоне,0.148829,4.703605649680753e-05,0.008312895489220873,0.021672808288160896,0.07432203023370496,0.147602,0.00469609102488999,0.010353898353736788,23.0,False,0.0,12.705371822258057,46.9609102488999
2022-09-02,KGS_RUB,2022-09-02,M04,Пять обновлений в узком диапазоне,0.745669,-0.0010596683010476449,0.0028066844006444658,0.024825979771805656,0.05979135445989119,0.743582,0.0043812205697433965,0.006001930053433862,315.0,False,119.28885336523291,-8.560203547872037,43.81220569743397
2022-09-02,TJS_RUB,2022-09-02,M04,Пять обновлений в узком диапазоне,5.87793,9.017592813154174e-05,0.00801205924670878,0.02367136733204077,0.06678371144971107,5.83121,0.004646713691681439,0.010011260823320408,24.0,True,0.0,17.54257564184492,46.46713691681439
2022-09-05,UZS_RUB,2022-09-03,M04,Пять обновлений в узком диапазоне,0.00552344,0.002228206040107761,0.0033205211111029254,0.02344342834039566,0.06600954677135831,0.00550516,0.004859524777236956,0.005949127080820178,262.0,False,107.83135147661632,-12.425733690156653,48.59524777236956
2022-09-06,KZT_RUB,2022-09-06,M03,Возвращение к уровню пяти обновлений назад,0.128904,0.006590660627830536,-0.00038773516137557973,0.02344610184177349,0.08809950275409269,0.128954,0.010892618557471475,0.010885295902646891,12.0,False,232.8864891702356,-67.78594429100741,3.8773516137557973
2022-09-12,AMD_RUB,2022-09-10,M03,Возвращение к уровню пяти обновлений назад,0.14919,-0.005963287470433509,-0.00017424404889554435,0.020881587958539432,0.07432203023370496,0.149216,0.01272657564591363,0.012741003998222993,17.0,False,374.2878208995226,-101.81162527801725,1.7424404889554435
2022-09-12,TJS_RUB,2022-09-10,M03,Возвращение к уровню пяти обновлений назад,5.90379,-0.005451344726800977,0.0021660049261333914,0.020329182534958044,0.06678371144971107,5.89103,0.011573805148575401,0.013740818379538845,17.0,False,130.4246932902423,-17.614511901472717,21.660049261333914
2022-09-19,KZT_RUB,2022-09-17,M03,Возвращение к уровню пяти обновлений назад,0.126598,0.005528109164270711,-0.0004026877432906639,0.02174056852357001,0.07972821146124616,0.126649,0.014351311263294215,0.014353179754047062,13.0,False,464.46231378062714,-121.1426952907737,4.026877432906639
2022-09-20,UZS_RUB,2022-09-20,M04,Пять обновлений в узком диапазоне,0.00548827,0.0010889590135527705,-0.005495959120066729,0.020982927169214797,0.06275449711283312,0.0055186,0.004910283693512089,0.010435286905040201,15.0,False,489.7718224504254,-133.13949833544527,49.10283693512089
2022-09-23,UZS_RUB,2022-09-23,M03,Возвращение к уровню пяти обновлений назад,0.00544916,-0.019676065434566348,-0.0022375297086084656,0.018621055004598215,0.06275449711283312,0.00546138,0.019925646385636795,0.019942314313750962,22.0,False,786.1762179858911,-192.03343751681078,22.375297086084657
2022-09-26,KGS_RUB,2022-09-24,M01,Заметное изменение за пять обновлений,0.712317,-0.02926843228481013,-0.03826981808166219,0.015313623774770148,0.03817457391072084,0.740662,0.05077826655932147,0.05071975539293182,74.0,False,317.41485883391834,157.79665919311321,382.69818081662186
2022-10-03,TJS_RUB,2022-10-01,M01,Заметное изменение за пять обновлений,5.41083,-0.03668578163360858,-0.04672615639397115,0.015499908974942137,0.04333697925625633,5.67605,0.054679241563908874,0.05459037386425465,67.0,True,0.0,643.5795083580994,467.26156393971155
2022-10-04,KZT_RUB,2022-10-04,M03,Возвращение к уровню пяти обновлений назад,0.120758,0.041403278801624754,-0.0018102614546566809,0.016396682509553357,0.04882115909135777,0.120977,0.05071686498154537,0.05065368764113788,15.0,False,0.0,315.55656035329673,18.10261454656681
2022-10-07,AMD_RUB,2022-10-07,M01,Заметное изменение за пять обновлений,0.148605,0.01489509916407128,0.05068723662999508,0.01613475396305118,0.033509938125730984,0.141436,0.08557964815088318,0.08578911224145348,71.0,False,0.0,-44.992688446714325,506.8723662999508
2022-10-07,KGS_RUB,2022-10-07,M01,Заметное изменение за пять обновлений,0.748699,0.01242990262431598,0.04563248489927019,0.015114702956694037,0.02896856867238227,0.716025,0.08129182790583978,0.08147252323317611,11.0,False,0.0,-161.3124317403148,456.32484899270185
2022-10-07,KZT_RUB,2022-10-07,M01,Заметное изменение за пять обновлений,0.128182,0.019940163595276506,0.07029717024456628,0.01682967942660492,0.0416942127405714,0.119763,0.09951791810957462,0.09993542005575118,71.0,False,0.0,-153.7841755709917,702.9717024456628
2022-10-07,TJS_RUB,2022-10-07,M01,Заметное изменение за пять обновлений,5.89564,0.014294930796294292,0.04962710681533733,0.016446159508724235,0.03851996442852839,5.61689,0.08504152529915657,0.08525081181201137,4.0,False,0.0,-41.69289454288874,496.2710681533733
2022-10-07,UZS_RUB,2022-10-07,M01,Заметное изменение за пять обновлений,0.0054636,0.012664797127854621,0.04677294821121669,0.016888888884225083,0.042969649051989536,0.00521947,0.08367634765704712,0.08386869711924672,71.0,False,0.0,-59.96226974919895,467.7294821121669
2022-10-17,KGS_RUB,2022-10-15,M03,Возвращение к уровню пяти обновлений назад,0.754467,-0.0067653494048229845,0.0016781664438405564,0.015114702956694037,0.02928218257661549,0.753203,0.024711716286972375,0.026427022923808382,59.0,False,189.1666567258734,-43.181006518513435,16.781664438405564
2022-10-20,AMD_RUB,2022-10-20,M01,Заметное изменение за пять обновлений,0.152456,-0.0018985767221398886,-0.03458145734784723,0.015084313226630999,0.032903041295762915,0.157917,0.03070678103219377,0.03526088383580214,13.0,True,39.94595161882762,109.90823732567554,345.8145734784723
2022-10-25,KZT_RUB,2022-10-25,M03,Возвращение к уровню пяти обновлений назад,0.129328,-0.010383747178329572,-0.0014284280342513611,0.01553867517016636,0.03707130933984582,0.129513,0.011441928567372259,0.011453606874724674,21.0,True,0.0,137.1021131658055,14.284280342513611
2022-10-26,UZS_RUB,2022-10-26,M04,Пять обновлений в узком диапазоне,0.00551901,0.003859732728969334,-0.0032958539060833347,0.01340599511319094,0.03746764777036173,0.00553726,0.004541098575597808,0.007643794925052027,36.0,True,35.11499344991269,30.185775292103838,45.410985755978075
2022-10-28,KGS_RUB,2022-10-28,M04,Пять обновлений в узком диапазоне,0.739878,-0.0036708663029016986,-0.009197237079274556,0.012966222678796414,0.027803830495792006,0.746746,0.0036783666432866923,0.009255659287160583,56.0,True,56.50931640081189,24.591446403735702,36.78366643286692
2022-10-28,TJS_RUB,2022-10-28,M04,Пять обновлений в узком диапазоне,6.00657,-0.0011191858047994163,-0.002215979973122617,0.013552993963135942,0.0312534550665553,6.01991,0.00437822533710839,0.005476858413160306,56.0,True,0.0,34.76748140771622,43.782253371083904
2022-11-01,TJS_RUB,2022-11-01,M04,Пять обновлений в узком диапазоне,6.03271,0.0014891080956349612,0.007629826474896628,0.013552993963135942,0.0312534550665553,5.98703,0.0047921888817225875,0.0075991419357682765,4.0,False,103.00511710325777,-23.507434935414093,47.92188881722588
2022-11-04,KZT_RUB,2022-11-04,M01,Заметное изменение за пять обновлений,0.134826,0.020141642202112564,0.03564926834888826,0.01472331081714138,0.03154852383633419,0.130185,0.027697631546764422,0.035136199142982646,28.0,False,485.44049367332667,-252.98344912248584,356.4926834888826
2022-11-08,UZS_RUB,2022-11-08,M03,Возвращение к уровню пяти обновлений назад,0.00550076,-0.015990626369596472,-0.0013561525208641845,0.0129192431061413,0.03746764777036173,0.00550823,0.016375778898763273,0.016385386016850623,46.0,False,221.22397632327295,-39.09753421686298,13.561525208641845
2022-11-14,AMD_RUB,2022-11-12,M01,Заметное изменение за пять обновлений,0.152019,-0.01885879141092417,-0.03215147482953351,0.013018979132855928,0.030988382883003186,0.157069,0.01896806458230016,0.03267512193859449,25.0,True,0.0,121.71178745274104,321.5147482953351
2022-11-14,KGS_RUB,2022-11-12,M01,Заметное изменение за пять обновлений,0.714323,-0.01771710118301939,-0.03680076589605119,0.012966222678796414,0.02476630995929612,0.741615,0.020294789338374947,0.03752572055951252,38.0,True,0.0,116.19063344465701,368.0076589605119
2022-11-14,KZT_RUB,2022-11-12,M01,Заметное изменение за пять обновлений,0.128281,-0.024790561189581894,-0.0485440493673327,0.015749058700711305,0.035815290855172814,0.134826,0.027246936533810696,0.049746958113491946,10.0,True,0.0,250.80314403248505,485.44049367332696
2022-11-14,UZS_RUB,2022-11-12,M01,Заметное изменение за пять обновлений,0.00537907,-0.0189817896647001,-0.03775927300698556,0.0129192431061413,0.03746764777036173,0.00559015,0.022292134864393458,0.03851294210377961,38.0,True,0.0,124.40954120047665,377.59273006985563
2022-11-16,KZT_RUB,2022-11-16,M03,Возвращение к уровню пяти обновлений назад,0.131186,0.003495781349203142,-0.0008986778772924753,0.01692970468010396,0.03707130933984582,0.131304,0.025354643580905133,0.02533404024286407,22.0,False,105.72774533867938,-3.7510807506355826,8.986778772924753
2022-11-18,AMD_RUB,2022-11-18,M04,Пять обновлений в узком диапазоне,0.15268,-0.0002815554958977007,-0.014592651396337919,0.014343447502967257,0.03131387610902432,0.154941,0.004617380502323842,0.019113071500679236,77.0,True,0.0,28.686016251261368,46.17380502323842
2022-11-18,KGS_RUB,2022-11-18,M04,Пять обновлений в узком диапазоне,0.715091,0.0003441305457827504,-0.016661005738393575,0.01252593785849654,0.02558197887651846,0.727207,0.002029490979604917,0.017969337481796247,21.0,True,1.7480292717995576,38.09520776933582,20.29490979604917
2022-11-18,KZT_RUB,2022-11-18,M03,Возвращение к уровню пяти обновлений назад,0.131467,0.004254831563669681,-0.0005701601009563406,0.01692970468010396,0.03707130933984582,0.131542,0.024411062057424947,0.024952972459396792,2.0,False,126.87594605490372,-61.913704949192564,5.701601009563406
2022-11-18,TJS_RUB,2022-11-18,M04,Пять обновлений в узком диапазоне,5.91427,0.0006801742735080829,-0.013818253367438471,0.014271943427189893,0.0312534550665553,5.99714,0.003027864818783309,0.01695357351177182,17.0,True,2.5362386228563403,25.532936709347904,30.278648187833088
2022-11-18,UZS_RUB,2022-11-18,M04,Пять обновлений в узком диапазоне,0.00539926,-0.0005830731099637498,-0.015299599682664144,0.013727506538952012,0.03754283311147808,0.00548315,0.00432865588743569,0.019248516321846793,23.0,True,34.18987046373119,15.439443838352235,43.2865588743569
2022-11-24,KZT_RUB,2022-11-24,M03,Возвращение к уровню пяти обновлений назад,0.130749,-0.0007871488399107118,-0.0012298525704682595,0.01692970468010396,0.035815290855172814,0.13091,0.011919568033636503,0.011926688186155731,6.0,False,72.65829948986274,1.4638777246969852,12.298525704682595
2022-12-08,AMD_RUB,2022-12-08,M01,Заметное изменение за пять обновлений,0.159045,0.0001006105804601809,0.03156740909857425,0.014343447502967257,0.03131387610902432,0.154178,0.02783915494140225,0.03105601291501327,24.0,False,77.83960514319779,-72.40185805701317,315.6740909857425
2022-12-08,KGS_RUB,2022-12-08,M01,Заметное изменение за пять обновлений,0.740873,2.159661041201133e-05,0.027678560282084375,0.011076284622559345,0.02558197887651846,0.720919,0.022866897263784658,0.027243621105136603,24.0,False,88.31473140470722,-61.73627135607665,276.78560282084374
2022-12-08,TJS_RUB,2022-12-08,M01,Заметное изменение за пять обновлений,6.16638,0.0007692757123103355,0.03413994408676446,0.014271943427189893,0.0312534550665553,5.96281,0.02911544596077363,0.03353626643185625,62.0,False,88.51222273035336,-88.51663085531341,341.3994408676446
2022-12-12,KZT_RUB,2022-12-10,M03,Возвращение к уровню пяти обновлений назад,0.132116,-0.00015892596320477015,0.0018578762578582708,0.01692970468010396,0.035815290855172814,0.131871,0.014845261485881204,0.016709879706955477,18.0,False,0.0,255.12526553595984,18.578762578582708
2022-12-16,KGS_RUB,2022-12-16,M01,Заметное изменение за пять обновлений,0.756933,0.014874523858366073,0.02762478193283857,0.011076284622559345,0.025573177018473423,0.736585,0.030379682184681168,0.030430343731979163,8.0,False,0.0,115.36760785957814,276.24781932838573
2022-12-16,KZT_RUB,2022-12-16,M01,Заметное изменение за пять обновлений,0.137244,0.016674938700525166,0.038649280670818964,0.01692970468010396,0.035815290855172814,0.132137,0.0381656095705773,0.03827122717197419,32.0,False,0.0,114.89143654424093,386.4928067081896
2022-12-19,AMD_RUB,2022-12-17,M01,Заметное изменение за пять обновлений,0.163792,0.004279740517738162,0.03792607425526118,0.014608995510389544,0.030650976312352387,0.157807,0.031624494473154484,0.03724547370517261,11.0,False,0.0,247.70364136969678,379.26074255261176
2022-12-19,TJS_RUB,2022-12-17,M01,Заметное изменение за пять обновлений,6.331490000000001,0.0047926694375282075,0.03594522072057349,0.014454829582722886,0.03227383011756051,6.111800000000001,0.02920843786488523,0.035344019249987466,11.0,False,0.0,243.56581295271255,359.4522072057349
2022-12-19,UZS_RUB,2022-12-17,M01,Заметное изменение за пять обновлений,0.00575255,0.007003889688299791,0.03839641578096131,0.013727506538952012,0.03754283311147808,0.00553984,0.03081783479149938,0.037752536980187594,35.0,False,0.0,233.86300404175137,383.96415780961314
2022-12-30,AMD_RUB,2022-12-30,M03,Возвращение к уровню пяти обновлений назад,0.182959,0.008777782066197393,-0.0004425262237761629,0.01586872988099018,0.03525038072933003,0.18304,0.053078639766447305,0.05328133941503119,109.0,False,231.85522439453777,-296.6821870626702,4.425262237761629
2022-12-30,KGS_RUB,2022-12-30,M03,Возвращение к уровню пяти обновлений назад,0.840077,0.009136654610190531,-0.0021179293469223426,0.011076284622559345,0.029816168137787685,0.84186,0.05036306550389833,0.052287263588184876,74.0,False,227.88387254977746,-284.8076765670827,21.179293469223424
2022-12-30,TJS_RUB,2022-12-30,M03,Возвращение к уровню пяти обновлений назад,7.05582,0.009929220133257921,-0.0013163258373531939,0.015394941917208497,0.03450099941352627,7.06512,0.050783532335381264,0.05188788857459645,109.0,False,229.0449586298977,-292.1254160427107,13.163258373531939
2023-01-12,AMD_RUB,2023-01-12,M01,Заметное изменение за пять обновлений,0.174311,-0.010541074428954134,-0.0389045416200301,0.014694870723701505,0.03123043126436058,0.181367,0.04857542784347128,0.04842426103259931,24.0,False,224.31171870966241,51.84519655354685,389.04541620030096
2023-01-12,KGS_RUB,2023-01-12,M01,Заметное изменение за пять обновлений,0.805558,-0.008464677174173985,-0.03232905410518805,0.010407711987958536,0.027164034705430985,0.832471,0.04210147578973042,0.04199416419926229,27.0,False,209.482122950799,26.870771098985024,323.2905410518805
2023-01-12,TJS_RUB,2023-01-12,M01,Заметное изменение за пять обновлений,6.74671,-0.008929856775615086,-0.03431499545548877,0.013966468078197729,0.031185270638988218,6.98645,0.04494703226862763,0.04482834966625151,24.0,False,219.32171384274827,34.6737389455782,343.1499545548877
2023-01-12,UZS_RUB,2023-01-12,M01,Заметное изменение за пять обновлений,0.00610513,-0.010265139540727386,-0.04390728995380144,0.016287423999694142,0.037169833745660186,0.0063855,0.05193997406207462,0.0517360450401659,24.0,False,205.2372349155547,60.4523741023256,439.07289953801444
2023-01-13,KZT_RUB,2023-01-13,M01,Заметное изменение за пять обновлений,0.146641,-0.0187693213602238,-0.06033090685394993,0.01715657228392092,0.035815290855172814,0.156056,0.03956506395530787,0.062284240620703465,28.0,True,38.12030741743468,200.8914294660472,603.3090685394993
2023-01-19,KGS_RUB,2023-01-19,M03,Возвращение к уровню пяти обновлений назад,0.803838,0.0030359181687162895,-0.0021351659346687812,0.011437620463529153,0.027864014786910276,0.805558,0.019029353546930906,0.02114854234846779,20.0,False,88.53774019143209,-34.54006490001232,21.35165934668781
2023-01-23,KZT_RUB,2023-01-21,M04,Пять обновлений в узком диапазоне,0.14838,0.0007553888903877315,0.015730890869511738,0.01883207841167982,0.03602499048284234,0.146082,0.0046210471495223724,0.015702345208147492,166.0,False,0.6065507480798625,34.298097933162225,46.21047149522372
2023-01-24,AMD_RUB,2023-01-24,M04,Пять обновлений в узком диапазоне,0.173017,-0.0015696322328595524,0.0053282975014525835,0.012895524581272794,0.03123043126436058,0.1721,0.004303233770578783,0.009604481706436664,67.0,False,0.0,51.786956663403274,43.03233770578783
2023-01-24,TJS_RUB,2023-01-24,M04,Пять обновлений в узком диапазоне,6.68486,-0.0007996759444024448,0.0025450329864469268,0.01206932498949334,0.03026802916323506,6.66789,0.004045558663287822,0.006583932187639902,67.0,False,0.0,38.205242745109075,40.455586632878216
2023-01-25,UZS_RUB,2023-01-25,M04,Пять обновлений в узком диапазоне,0.00608957,0.003553059404977743,0.005888746465100292,0.01141023690650122,0.03011094189905852,0.00605392,0.00484148014532976,0.00716312348369585,68.0,False,0.0,32.444194815755914,48.4148014532976
2023-02-08,TJS_RUB,2023-02-08,M03,Возвращение к уровню пяти обновлений назад,6.867220000000001,0.0033561018373089446,0.0022695196937390083,0.011860007626030681,0.03026802916323506,6.85167,0.010327371224183186,0.010321523054011779,40.0,False,0.0,83.78048991803632,22.695196937390083
2023-02-10,AMD_RUB,2023-02-10,M01,Заметное изменение за пять обновлений,0.184115,0.018368972421651142,0.04105646465446067,0.012753799297539285,0.03123043126436058,0.176854,0.03663661326722334,0.04047515524487992,29.0,False,0.0,-72.66861377077332,410.56464654460666
2023-02-10,KGS_RUB,2023-02-10,M01,Заметное изменение за пять обновлений,0.840093,0.01842169385996062,0.034150262632778094,0.01112027788485231,0.02763553760268773,0.812351,0.029197220367293036,0.03376986453669187,29.0,False,13.569926186743967,-86.79169358895885,341.50262632778094
2023-02-10,KZT_RUB,2023-02-10,M01,Заметное изменение за пять обновлений,0.15998,0.02139450548748978,0.052666210454282325,0.014862838110935923,0.03541423461753635,0.151976,0.04459508586946611,0.05161512212161116,28.0,False,0.0,-61.002452675933995,526.6621045428233
2023-02-10,TJS_RUB,2023-02-10,M01,Заметное изменение за пять обновлений,7.033880000000001,0.015700742944196433,0.03489634675651421,0.011860007626030681,0.03026802916323506,6.7967,0.03005622806150447,0.034462391487710894,29.0,False,31.191888402987733,-106.3236722472237,348.9634675651421
2023-02-10,UZS_RUB,2023-02-10,M01,Заметное изменение за пять обновлений,0.0064111,0.016637647514025966,0.032765758654574206,0.01146799755441787,0.03011094189905852,0.0062077,0.028587297022874974,0.032418871799884966,29.0,False,0.0,-60.473539015701064,327.65758654574205
2023-02-14,TJS_RUB,2023-02-14,M01,Заметное изменение за пять обновлений,7.08376,0.0102425291716699,0.03499433831318255,0.011860007626030681,0.031175711182164667,6.84425,0.031003423348352314,0.0344072479660587,4.0,False,218.35861181067546,-134.7192661092987,349.9433831318255
2023-02-14,UZS_RUB,2023-02-14,M01,Заметное изменение за пять обновлений,0.00649403,0.012580008887710825,0.040995208622875756,0.01146799755441787,0.03011094189905852,0.00623829,0.03826223687261115,0.040260215264793744,4.0,False,0.0,-73.77383465049354,409.95208622875754
2023-02-23,KGS_RUB,2023-02-23,M03,Возвращение к уровню пяти обновлений назад,0.854595,-0.002037742018357158,0.0015692828412574578,0.011830900866319022,0.03269329581070606,0.853256,0.010962181528009532,0.010963050956865325,35.0,False,0.0,6.007590346491242,15.692828412574578
2023-03-01,KGS_RUB,2023-03-01,M03,Возвращение к уровню пяти обновлений назад,0.856706,-0.007180421415178051,0.0017984770243975046,0.011830900866319022,0.03269329581070606,0.855168,0.018608891824127193,0.018610113638201156,6.0,False,0.0,30.890077073918317,17.984770243975046
2023-03-01,TJS_RUB,2023-03-01,M01,Заметное изменение за пять обновлений,6.860930000000001,-0.0078924041755416,-0.03457199062282745,0.0131291986243471,0.0329963655403934,7.106619999999999,0.021026969285924464,0.03526637218613488,15.0,True,0.0,120.07087953393501,345.7199062282745
2023-03-07,AMD_RUB,2023-03-07,M03,Возвращение к уровню пяти обновлений назад,0.194272,-0.0006430140382823746,0.00200636466322468,0.013461704869816949,0.03812176772821496,0.193883,0.01052127279523055,0.010519641740300349,67.0,False,44.78257288749844,-11.322427092551397,20.0636466322468
2023-03-08,AMD_RUB,2023-03-08,M04,Пять обновлений в узком диапазоне,0.194178,-0.0004838576840718867,0.00945627706527885,0.013461704869816949,0.03812176772821496,0.192359,0.004915838171019551,0.010516972680641052,43.0,False,39.96333261234532,8.152283778865927,49.158381710195506
2023-03-08,KGS_RUB,2023-03-08,M04,Пять обновлений в узком диапазоне,0.863163,-0.00020038548143475055,0.007537008028425163,0.011830900866319022,0.03269329581070606,0.856706,0.0029045865345408285,0.00770630257033409,110.0,False,35.103450912515676,11.144208136315283,29.045865345408284
2023-03-08,TJS_RUB,2023-03-08,M04,Пять обновлений в узком диапазоне,6.913970000000001,-0.00018220652096867518,0.007730730382032869,0.0131291986243471,0.034174954360509324,6.860930000000001,0.0030287498252644174,0.007867068278328861,43.0,True,35.030525154146545,22.826917828040887,30.287498252644173
2023-03-08,UZS_RUB,2023-03-08,M04,Пять обновлений в узком диапазоне,0.00664941,0.002185410201494875,0.005049879081015618,0.013642774864167881,0.03610480254904842,0.006616,0.0022115260704148034,0.005061719839832715,42.0,True,98.14404586271455,-12.339968498303065,22.115260704148035
2023-03-15,KZT_RUB,2023-03-15,M01,Заметное изменение за пять обновлений,0.164658,-0.02685547452157777,-0.05951632986440336,0.016321526973315372,0.04624755534660778,0.175078,0.05670133896714271,0.060787732001162935,33.0,True,19.67714899974438,251.07482059539245,595.1632986440336
2023-03-17,UZS_RUB,2023-03-17,M03,Возвращение к уровню пяти обновлений назад,0.00667355,0.008450155115955482,0.000995963647326903,0.013642774864167881,0.03610480254904842,0.00666691,0.013483841561543466,0.013471395886753864,129.0,False,0.0,8.898592757630958,9.959636473269029
2023-03-24,AMD_RUB,2023-03-24,M03,Возвращение к уровню пяти обновлений назад,0.196501,-0.008842192339120536,-0.0005645637092344113,0.013016489976919756,0.037739674462668994,0.196612,0.01178778944813322,0.01179907655732878,17.0,False,0.0,37.050924136384225,5.6456370923441135
2023-03-24,KGS_RUB,2023-03-24,M03,Возвращение к уровню пяти обновлений назад,0.87288,-0.008432323870303682,-0.0013397387566629337,0.011132247419723252,0.029350477066008716,0.874051,0.012176732013762393,0.012186780411976116,23.0,False,0.0,37.64075336290141,13.397387566629337
2023-03-24,TJS_RUB,2023-03-24,M03,Возвращение к уровню пяти обновлений назад,6.992,-0.008459013138768956,-0.0013939352391398874,0.011404631238128942,0.031889241044501575,7.00176,0.012203669826991257,0.012213693408370021,44.0,False,0.0,37.80128998640625,13.939352391398874
2023-03-28,KZT_RUB,2023-03-28,M03,Возвращение к уровню пяти обновлений назад,0.167435,0.012652486044162803,-0.001163276263198676,0.015333194663124687,0.0471300163353071,0.16763,0.014432056143528275,0.015582026565191188,106.0,False,30.81792934571557,105.31692162226132,11.63276263198676
2023-04-05,AMD_RUB,2023-04-05,M01,Заметное изменение за пять обновлений,0.204448,0.018898014512399364,0.03643921727669075,0.008790664120782022,0.026236688649271183,0.19726,0.030760531410908336,0.03599345027365638,54.0,False,0.0,-6.838405267108258,364.3921727669075
2023-04-05,KGS_RUB,2023-04-05,M01,Заметное изменение за пять обновлений,0.907759,0.01802768693842216,0.036065330533235906,0.008817451871165673,0.023723780148283247,0.87616,0.030591769235232765,0.035621538485818685,54.0,False,0.0,-4.22516259345157,360.6533053323591
2023-04-05,KZT_RUB,2023-04-05,M01,Заметное изменение за пять обновлений,0.176023,0.020015182332864034,0.05454142428363462,0.012834681818154217,0.044929369670982267,0.166919,0.0396627506465493,0.0530747996723634,21.0,False,0.0,-2.3703819156110026,545.4142428363463
2023-04-05,TJS_RUB,2023-04-05,M01,Заметное изменение за пять обновлений,7.27119,0.018037455406896497,0.0360270377325691,0.008523489677279584,0.025811030205970066,7.01834,0.030547084683049532,0.03558440065816241,35.0,False,0.0,-3.1045361997164744,360.270377325691
2023-04-05,UZS_RUB,2023-04-05,M01,Заметное изменение за пять обновлений,0.00696369,0.018825109509555293,0.03695315187334436,0.008457532169919313,0.02426980507241816,0.00671553,0.030912452237216236,0.03650524816880439,50.0,False,0.0,-9.58401264580517,369.5315187334436
2023-04-14,KZT_RUB,2023-04-14,M03,Возвращение к уровню пяти обновлений назад,0.180312,-0.014198317195982635,-0.0013624430930780917,0.013732734524003611,0.0501122307180075,0.180558,0.02541780829394489,0.025479461048577092,17.0,False,81.46989662363004,20.427994285117148,13.624430930780917
2023-04-20,AMD_RUB,2023-04-20,M04,Пять обновлений в узком диапазоне,0.210635,0.0009456556862892374,-0.00392970974057294,0.008172411918009636,0.03252621673926361,0.211466,0.0032320589831751666,0.007175721272380523,43.0,False,114.27350630237106,-10.761375826621734,32.32058983175167
2023-04-20,KGS_RUB,2023-04-20,M04,Пять обновлений в узком диапазоне,0.932986,0.0005662453429537972,-0.006477692267554458,0.008347349422803197,0.025190895749568707,0.939069,0.0021704162824115057,0.008356645909533314,43.0,False,140.30221246620994,-10.305256304035534,21.70416282411506
2023-04-20,TJS_RUB,2023-04-20,M04,Пять обновлений в узком диапазоне,7.481730000000001,0.0006379598125441088,-0.005350984714131202,0.008128128235488231,0.028067363540696468,7.521980000000001,0.0020807797200469596,0.007199442641033852,43.0,False,140.9299720786511,-12.782017561523988,20.807797200469597
2023-04-20,UZS_RUB,2023-04-20,M04,Пять обновлений в узком диапазоне,0.00714017,0.002302151810066988,-0.006895928231162363,0.008350835005841618,0.027176595988002157,0.00718975,0.0030703415099802194,0.009234468444234223,43.0,False,100.69788254341368,6.835231271874096,30.703415099802193
2023-04-28,KZT_RUB,2023-04-28,M03,Возвращение к уровню пяти обновлений назад,0.179676,0.0016222092148172607,0.0017953321364452268,0.014240616349493829,0.0501122307180075,0.179354,0.011725735220932622,0.011720092665301178,14.0,False,398.38375743004065,-116.91088008798576,17.95332136445227
2023-05-01,KGS_RUB,2023-04-29,M02,Заметное изменение после спокойного периода,0.919896,-0.01288332893372901,-0.011989573163462164,0.008347349422803197,0.025190895749568707,0.931059,0.013751659348953907,0.01374652906866322,552.0,False,450.02913372816107,-98.93316129050993,128.8332893372901
2023-05-01,TJS_RUB,2023-04-29,M02,Заметное изменение после спокойного периода,7.37629,-0.012902949532365038,-0.011999924992097455,0.008128128235488231,0.028067363540696468,7.46588,0.013779962524945514,0.013774828630977913,552.0,False,473.0697952493738,-106.63168127258487,129.02949532365037
2023-05-04,KGS_RUB,2023-05-04,M01,Заметное изменение за пять обновлений,0.90616,-0.00817617635147716,-0.027502022996696684,0.008347349422803197,0.024497229263793996,0.931786,0.02878964888812734,0.0287327866735188,29.0,False,407.8970601218321,-30.347169212221083,275.02022996696684
2023-05-04,UZS_RUB,2023-05-04,M01,Заметное изменение за пять обновлений,0.00693364,-0.009737468258252835,-0.028620342312126956,0.008465976874874782,0.027176595988002157,0.00713793,0.033277613555699324,0.033221496184672926,29.0,False,444.1245867971219,-31.191077539950516,286.20342312126957
2023-05-05,AMD_RUB,2023-05-05,M01,Заметное изменение за пять обновлений,0.202974,-0.00958338619484933,-0.03686937706411575,0.008240397521827703,0.03252621673926361,0.210744,0.039104475590895464,0.03897991469026013,30.0,False,322.70142973976965,38.09054602837484,368.69377064115747
2023-05-05,TJS_RUB,2023-05-05,M01,Заметное изменение за пять обновлений,7.202830000000001,-0.008722566509913432,-0.036918333346704024,0.00821963128654204,0.028338740755846116,7.47894,0.036824220698628375,0.03754614908676345,30.0,False,346.64152839925737,20.35061782219291,369.18333346704026
2023-05-16,KZT_RUB,2023-05-16,M03,Возвращение к уровню пяти обновлений назад,0.177359,0.02049517540578938,-0.0016436721436975388,0.014662366103204328,0.046993063316742946,0.177651,0.037547922778996164,0.039070862975268336,18.0,False,0.0,-85.76807281932216,16.43672143697539
2023-05-17,AMD_RUB,2023-05-17,M01,Заметное изменение за пять обновлений,0.207014,0.013423278765567481,0.04112413685581662,0.008990431110266296,0.03362747049416984,0.198837,0.052633933230948234,0.05273720537630669,12.0,False,19.7088119644078,-175.13054509452306,411.2413685581662
2023-05-17,KGS_RUB,2023-05-17,M01,Заметное изменение за пять обновлений,0.914246,0.00964983191755353,0.03903161943034572,0.00890459857223789,0.03304380926646467,0.879902,0.050595219376234866,0.05069446814959412,13.0,False,14.000608151416007,-165.95100381213229,390.3161943034572
2023-05-17,TJS_RUB,2023-05-17,M01,Заметное изменение за пять обновлений,7.32859,0.011155201483496802,0.04116149490116294,0.008734332374195164,0.03267938138559261,7.03886,0.05268435665838846,0.0527922122206436,12.0,False,9.729020179870998,-172.83530677465333,411.61494901162945
2023-05-17,UZS_RUB,2023-05-17,M01,Заметное изменение за пять обновлений,0.00700522,0.012521337440143165,0.043664166718811126,0.010080042023167481,0.03380240541179216,0.00671214,0.055825885371005655,0.05594402845551031,13.0,False,70.53311673295143,-202.08162948559797,436.6416671881113
2023-05-24,KGS_RUB,2023-05-24,M03,Возвращение к уровню пяти обновлений назад,0.915979,0.00285974860050775,0.0018955510880003246,0.009424928858335947,0.033079374896030085,0.914246,0.010687322928778527,0.010690627962907028,61.0,False,32.89376721518651,-35.4310591921418,18.955510880003246
2023-05-24,TJS_RUB,2023-05-24,M03,Возвращение к уровню пяти обновлений назад,7.34549,0.002868463017169809,0.0023060370412315567,0.009158450449625467,0.0350742673583019,7.32859,0.010709323156072564,0.010713312873408659,61.0,False,25.37611514003769,-35.637163360646724,23.060370412315567
2023-05-24,UZS_RUB,2023-05-24,M03,Возвращение к уровню пяти обновлений назад,0.00700142,0.00532282266112416,-0.0005424526281829767,0.010605561296794176,0.03380240541179216,0.00700522,0.016631456697742412,0.016627478406359482,68.0,False,7.498478879998695,-26.02145460749755,5.424526281829767
2023-05-25,AMD_RUB,2023-05-25,M04,Пять обновлений в узком диапазоне,0.2072,-0.0016911506087661232,-0.008925411114193649,0.010002640940102548,0.03504608368189688,0.209066,0.004565446766407594,0.011864818241595302,35.0,False,15.009652509652787,-5.362314974838218,45.654467664075945
2023-05-25,KGS_RUB,2023-05-25,M04,Пять обновлений в узком диапазоне,0.913699,-0.0024891400348697745,-0.009893490560006213,0.009089349761156164,0.033079374896030085,0.922829,0.003215117506582868,0.010691692467211758,35.0,False,8.022335583162329,9.869506032680244,32.15117506582868
2023-05-25,TJS_RUB,2023-05-25,M04,Пять обновлений в узком диапазоне,7.3272,-0.0024899632291378593,-0.009853894261174001,0.008826709071667294,0.0350742673583019,7.400119999999999,0.003278121384073838,0.010713650915583935,35.0,False,0.47767223496024735,11.204605443387116,32.78121384073838
2023-05-30,UZS_RUB,2023-05-30,M04,Пять обновлений в узком диапазоне,0.00701318,0.00200023431316243,0.007011422458664374,0.010080042023167481,0.03380240541179216,0.00696435,0.002428956242803035,0.006979139048947548,40.0,True,0.0,39.97083341054124,24.28956242803035
2023-06-01,KZT_RUB,2023-06-01,M03,Возвращение к уровню пяти обновлений назад,0.181163,-0.0020986647864981167,0.0007512691476960764,0.014268835291660809,0.043813557802967605,0.181027,0.013907133410847946,0.013897370845086219,16.0,False,51.169388892874565,-16.729553886461847,7.5126914769607644
2023-06-07,UZS_RUB,2023-06-07,M04,Пять обновлений в узком диапазоне,0.00709662,-0.0029041952765730406,0.0044315111438846255,0.010080042023167481,0.03380240541179216,0.00706531,0.004045824703273365,0.007326105416709254,8.0,False,0.0,79.37484273212766,40.458247032733645
2023-06-15,AMD_RUB,2023-06-15,M01,Заметное изменение за пять обновлений,0.218119,0.009772786193104066,0.03902308897854967,0.009430766155688764,0.03504608368189688,0.209927,0.035004837269762785,0.038376644214185296,29.0,False,78.4892650342253,-151.35168917376853,390.2308897854967
2023-06-15,KGS_RUB,2023-06-15,M01,Заметное изменение за пять обновлений,0.962723,0.008182978692210519,0.03560805962860125,0.008793055187215005,0.033079374896030085,0.929621,0.03228029018128403,0.03508335591415586,29.0,False,80.06456685879581,-137.9240625864814,356.0805962860125
2023-06-15,TJS_RUB,2023-06-15,M01,Заметное изменение за пять обновлений,7.72631,0.00818283835273248,0.03775721270080057,0.008826709071667294,0.0350742673583019,7.4452,0.03452709110509089,0.037155103269933695,29.0,False,84.69761114943579,-149.13207341340245,377.5721270080057
2023-06-15,UZS_RUB,2023-06-15,M01,Заметное изменение за пять обновлений,0.00735493,0.006189044952658707,0.03639901812412116,0.010605561296794176,0.03380240541179216,0.00709662,0.03432349384881295,0.035824302674745394,29.0,False,115.16085129294235,-142.98757317051084,363.99018124121164
2023-06-20,KZT_RUB,2023-06-20,M03,Возвращение к уровню пяти обновлений назад,0.186227,0.00587123258074973,0.002438446714825515,0.011440098277119674,0.03479413326292581,0.185774,0.015142143184105918,0.015152856112233017,19.0,True,0.0,60.61833702788854,24.38446714825515
2023-06-22,KGS_RUB,2023-06-22,M03,Возвращение к уровню пяти обновлений назад,0.964979,0.0005775480028451518,0.002343353176355034,0.008548793334330387,0.034761538551868434,0.962723,0.010372487217085917,0.010368700759337797,29.0,False,75.36951581329836,24.48963558099003,23.43353176355034
2023-06-22,KZT_RUB,2023-06-22,M03,Возвращение к уровню пяти обновлений назад,0.187925,-0.0024100350888367483,-0.0002128055755059588,0.011775128760648372,0.03479413326292581,0.187965,0.01733596664472236,0.017318540302098607,2.0,False,55.87335373154159,14.910237485950324,2.128055755059588
2023-06-30,AMD_RUB,2023-06-30,M01,Заметное изменение за пять обновлений,0.22529,0.017078467046188095,0.040494730327634176,0.009621266194500279,0.03568821910097922,0.216522,0.03666050747172595,0.03987025191742201,15.0,False,0.0,23.74981364736028,404.94730327634176
2023-06-30,KGS_RUB,2023-06-30,M01,Заметное изменение за пять обновлений,0.997792,0.017495806288782223,0.04185626904290052,0.008349317191855856,0.034761538551868434,0.957706,0.035481491837731874,0.041163601337616866,15.0,False,0.0,7.85118008043683,418.56269042900516
2023-06-30,KZT_RUB,2023-06-30,M01,Заметное изменение за пять обновлений,0.193255,0.016527012881812464,0.03414046822742467,0.010693479697361985,0.03179912532398271,0.186875,0.028534148303853174,0.033684166066106476,86.0,False,0.0,71.60637289379507,341.4046822742467
2023-06-30,TJS_RUB,2023-06-30,M01,Заметное изменение за пять обновлений,7.974760000000001,0.016526218242956636,0.04097315317973038,0.008779645614540366,0.03567832600965404,7.66087,0.03460800920901133,0.040297725675737056,15.0,False,0.0,25.35800348918953,409.73153179730383
2023-06-30,UZS_RUB,2023-06-30,M01,Заметное изменение за пять обновлений,0.00757601,0.016525221894979847,0.0420591920750788,0.010605561296794176,0.03469630263612427,0.00727023,0.03412827751562086,0.041315489435239265,15.0,False,0.0,13.452344515606129,420.591920750788
2023-07-13,KGS_RUB,2023-07-13,M03,Возвращение к уровню пяти обновлений назад,1.03142,-8.725072951298873e-05,-0.0001551018825490802,0.00944041761873633,0.036292771588950154,1.03158,0.024416331578199533,0.024455215125113058,21.0,False,56.52401543503133,10.833216884321327,1.551018825490802
2023-07-13,UZS_RUB,2023-07-13,M03,Возвращение к уровню пяти обновлений назад,0.00782999,-0.0002694041189463814,0.00030916363571309446,0.010762496808557212,0.04180961241823416,0.00782757,0.02507442269765179,0.025422977297353905,50.0,False,65.82383885547759,3.1784619442098556,3.0916363571309446
2023-07-19,KZT_RUB,2023-07-19,M03,Возвращение к уровню пяти обновлений назад,0.203187,0.003288547854296553,-0.0011994238832823134,0.010693479697361985,0.03183121223112125,0.203431,0.014360851347770978,0.014365397404216296,27.0,True,42.42397397471303,41.98447717890479,11.994238832823134
2023-07-24,KZT_RUB,2023-07-22,M03,Возвращение к уровню пяти обновлений назад,0.203574,-0.008102827462884377,0.0016187360082657865,0.010693479697361985,0.03183121223112125,0.203245,0.013849872287018351,0.013858115786805738,5.0,True,61.35361097193159,24.96643531103198,16.187360082657865
2023-07-28,AMD_RUB,2023-07-28,M04,Пять обновлений в узком диапазоне,0.233002,-0.00016306213525574265,-0.009336814088555245,0.009800703569726643,0.03931741724836658,0.235198,0.0038872517001904247,0.009583174017999265,64.0,True,0.0,164.21182805187766,38.87251700190425
2023-07-28,KGS_RUB,2023-07-28,M04,Пять обновлений в узком диапазоне,1.02765,0.000253068455017047,-0.006102750589964789,0.00944041761873633,0.036292771588950154,1.03396,0.0042809052168667275,0.008203386975017256,64.0,True,0.0,144.95791411849862,42.80905216866727
2023-07-31,AMD_RUB,2023-07-29,M02,Заметное изменение после спокойного периода,0.235561,0.010982738345593601,0.0072477401588944,0.009621266194500279,0.03931741724836658,0.233866,0.011135561986392503,0.011133972093752978,479.0,False,0.0,148.3999054427567,109.82738345593602
2023-07-31,KGS_RUB,2023-07-29,M02,Заметное изменение после спокойного периода,1.0381,0.010168831800710487,0.00921623145573669,0.00938375446651123,0.036292771588950154,1.02862,0.012216960793073075,0.012219128407692842,91.0,False,0.0,135.6031598504619,101.68831800710487
2023-08-04,AMD_RUB,2023-08-04,M01,Заметное изменение за пять обновлений,0.242838,0.011884026568216521,0.04221422992077328,0.009784145217895857,0.03742635274809923,0.233002,0.03049273613328475,0.04137881712506412,35.0,False,0.0,0.300014647771504,422.14229920773283
2023-08-04,KGS_RUB,2023-08-04,M01,Заметное изменение за пять обновлений,1.06846,0.009953399563298104,0.03971196419014267,0.00944041761873633,0.03307140126347413,1.02765,0.02889073288823582,0.038978466808767376,35.0,False,0.0,-1.5289136288605207,397.1196419014267
2023-08-04,KZT_RUB,2023-08-04,M01,Заметное изменение за пять обновлений,0.211376,0.013244620421546172,0.04320874933990071,0.010636092139929642,0.0311137476434435,0.202621,0.03283401685241395,0.042416368374006974,35.0,False,0.0,-30.58507543226585,432.0874933990071
2023-08-04,TJS_RUB,2023-08-04,M01,Заметное изменение за пять обновлений,8.5821,0.009800195556789681,0.04098639043206154,0.009919790789695607,0.036958253385946715,8.2442,0.02969084555168107,0.04018970077960977,35.0,False,0.0,2.023736970115548,409.86390432061535
2023-08-04,UZS_RUB,2023-08-04,M01,Заметное изменение за пять обновлений,0.00804626,0.008208501707232863,0.0390422421719232,0.009712944026559225,0.033644356654351004,0.00774392,0.025639758618185852,0.03826371768326945,35.0,False,0.0,-32.19096063291363,390.42242171923203
2023-08-14,UZS_RUB,2023-08-12,M03,Возвращение к уровню пяти обновлений назад,0.00813303,-0.024582633725114045,-0.0007997994972690492,0.008796495649985529,0.03668482194352012,0.00813954,0.026230332392010974,0.026297586527666804,32.0,False,481.985188791876,-112.04181283937193,7.997994972690492
2023-08-15,AMD_RUB,2023-08-15,M01,Заметное изменение за пять обновлений,0.261348,0.02722652611223131,0.044911340783239995,0.009445934607171181,0.037944875910173176,0.250115,0.0502267772097182,0.050346302018553404,11.0,False,744.1419104029884,-531.2009615705641,449.11340783239996
2023-08-15,KGS_RUB,2023-08-15,M01,Заметное изменение за пять обновлений,1.14467,0.025938175006497977,0.04158439265858038,0.009496821570364446,0.035715543785092806,1.09897,0.04604699684521067,0.046149831740718794,11.0,False,755.6763084557123,-520.3804972197958,415.84392658580384
2023-08-15,KZT_RUB,2023-08-15,M01,Заметное изменение за пять обновлений,0.226643,0.02704895003489316,0.04509759617823228,0.010693479697361985,0.03629776145316499,0.216863,0.05187167527175654,0.05198715634677874,11.0,False,1102.526881483214,-655.8438854368216,450.97596178232277
2023-08-15,TJS_RUB,2023-08-15,M01,Заметное изменение за пять обновлений,9.22638,0.028043277212608908,0.04435318647037656,0.009542610711163491,0.036958253385946715,8.83454,0.04900615613600703,0.04911829841992137,11.0,False,762.7476865249423,-539.5594168444219,443.5318647037656
2023-08-17,UZS_RUB,2023-08-17,M01,Заметное изменение за пять обновлений,0.00800866,-0.008426688061490273,-0.04086296057658445,0.010532349856789839,0.03628607486139881,0.00834986,0.04665163264229552,0.046499805870460834,13.0,False,334.1757547454886,-3.7009358335549862,408.62960576584453
2023-08-18,KGS_RUB,2023-08-18,M01,Заметное изменение за пять обновлений,1.06204,-0.030587376203733196,-0.040683600101167006,0.010182872564840696,0.036858777166875765,1.10708,0.07482337771000437,0.07479238167075238,3.0,True,36.43930548755263,231.59986019388882,406.8360010116701
2023-08-18,KZT_RUB,2023-08-18,M01,Заметное изменение за пять обновлений,0.206353,-0.04153816141498212,-0.0532485467450301,0.011620781967942407,0.037159848005843446,0.217959,0.0934025313052693,0.0933504483489991,3.0,False,227.66812210144786,245.30286202054398,532.485467450301
2023-08-21,AMD_RUB,2023-08-19,M01,Заметное изменение за пять обновлений,0.2419,-0.0035877431818461814,-0.0492137048435467,0.010020658604906798,0.03931741724836658,0.254421,0.07788390300554662,0.07763951599059457,6.0,True,0.0,238.39725163197934,492.137048435467
2023-08-21,TJS_RUB,2023-08-19,M01,Заметное изменение за пять обновлений,8.52264,-0.0036043851208924504,-0.050370485921534924,0.010720361508014387,0.038687151786005465,8.9747,0.0799457440427504,0.07968627036534479,6.0,True,0.0,241.1406978411036,503.70485921534925
2023-08-25,KZT_RUB,2023-08-25,M03,Возвращение к уровню пяти обновлений назад,0.206057,-0.011347170644173898,-0.001434435166922765,0.013162167511106526,0.04358651870756703,0.206353,0.0329101267090943,0.032890601204093116,32.0,False,51.975909578417074,100.12669979743482,14.34435166922765
2023-09-12,AMD_RUB,2023-09-12,M03,Возвращение к уровню пяти обновлений назад,0.250132,-0.014456207816359923,-0.0012577511409598285,0.010020658604906798,0.04205112579278185,0.250447,0.017290642497189337,0.017319422712307082,172.0,False,187.02125277853355,20.798978669077535,12.577511409598285
2023-09-12,TJS_RUB,2023-09-12,M03,Возвращение к уровню пяти обновлений назад,8.80526,-0.014368195647452953,-0.0008725795562212202,0.01061014123958679,0.041035406530369876,8.81295,0.01727605480180652,0.017305622986865166,111.0,False,187.0132170997801,24.334068904916187,8.725795562212202
2023-09-19,AMD_RUB,2023-09-19,M03,Возвращение к уровню пяти обновлений назад,0.250505,0.0015392611546456436,0.0014912126397259584,0.011183672774857236,0.04205112579278185,0.250132,0.02030670318201324,0.0202877206605926,7.0,False,99.35929422566382,-38.776516926082216,14.912126397259584
2023-09-19,KGS_RUB,2023-09-19,M03,Возвращение к уровню пяти обновлений назад,1.08947,0.0001377005838503198,-0.002179786600723599,0.011349797897095962,0.04086375861264968,1.09185,0.01664046991801509,0.01881342736975929,68.0,False,62.599245504695396,-3.9528059456488913,21.79786600723599
2023-09-19,KZT_RUB,2023-09-19,M03,Возвращение к уровню пяти обновлений назад,0.206825,-0.002238420755563464,-0.0007054128356145384,0.014138751787641683,0.04358651870756703,0.206971,0.018503730715612923,0.018502332528031813,25.0,False,285.12027076030523,-64.73343081390149,7.054128356145384
2023-09-19,TJS_RUB,2023-09-19,M03,Возвращение к уровню пяти обновлений назад,8.81737,9.300690179281368e-05,0.0013753143007702029,0.011074919724109124,0.041035406530369876,8.80526,0.020179056883069774,0.02016191422993807,7.0,False,62.172734046548115,-14.485908446397175,13.753143007702029
2023-09-19,UZS_RUB,2023-09-19,M03,Возвращение к уровню пяти обновлений назад,0.00793817,-0.0015847521686578325,-0.000843311470168806,0.012236434905327578,0.04104146703684113,0.00794487,0.02089503901522281,0.020871869804893264,36.0,False,82.09700724474258,-10.703605314644138,8.43311470168806
2023-09-20,KGS_RUB,2023-09-20,M04,Пять обновлений в узком диапазоне,1.0847,-0.004378275675328336,0.012385316819577552,0.011349797897095962,0.04086375861264968,1.07143,0.004628445339256639,0.016638945339281227,54.0,False,18.899234811469597,35.5425099354974,46.28445339256639
2023-09-28,AMD_RUB,2023-09-28,M04,Пять обновлений в узком диапазоне,0.248334,0.0004552394841692564,-0.006969853285188177,0.010824521874144245,0.03666408597015698,0.250077,0.002662389657844756,0.008291299097585388,62.0,False,667.6089460162527,-80.74627090710344,26.62389657844756
2023-09-28,KGS_RUB,2023-09-28,M04,Пять обновлений в узком диапазоне,1.08781,0.0027192448795236857,-0.001221146959986874,0.010356552624438665,0.0341551661211224,1.08914,0.004758233773131891,0.005980354213892212,8.0,True,0.0,94.57070493549952,47.58233773131891
2023-09-28,TJS_RUB,2023-09-28,M04,Пять обновлений в узком диапазоне,8.80482,0.002824594932585356,-0.0011038566914931547,0.010636847567352392,0.03627795619252923,8.81455,0.00481606658955494,0.005920426058148229,126.0,True,0.0,96.25052625038688,48.16066589554941
2023-10-03,AMD_RUB,2023-10-03,M02,Заметное изменение после спокойного периода,0.244843,-0.01122674388081879,-0.013199364818352599,0.010020658604906798,0.030190360717954428,0.248118,0.014108653199524056,0.014102182586436942,64.0,False,534.5466278390649,52.3875939027031,112.2674388081879
2023-10-04,AMD_RUB,2023-10-04,M01,Заметное изменение за пять обновлений,0.240096,-0.019387934308924493,-0.0327329275121766,0.010824521874144245,0.030190360717954428,0.248221,0.03351344402506306,0.03345878912596121,44.0,False,347.40270558443353,233.75572883707932,327.32927512176605
2023-10-04,KGS_RUB,2023-10-04,M01,Заметное изменение за пять обновлений,1.11901,0.00800814326379129,0.03147871614770592,0.010182872564840696,0.03082226607751735,1.08486,0.028319663649533377,0.03107653107653119,47.0,False,279.35407190284326,-111.0619166312772,314.7871614770592
2023-10-04,TJS_RUB,2023-10-04,M01,Заметное изменение за пять обновлений,9.05645,0.007756984178912463,0.031483982952202894,0.010631415242498977,0.03129341952305552,8.78002,0.028215619677263513,0.031076677652121704,44.0,False,228.43387861689732,-99.61038117581704,314.83982952202894
2023-10-04,UZS_RUB,2023-10-04,M01,Заметное изменение за пять обновлений,0.00813662,0.00594421242894283,0.031992369723427894,0.010430969092706513,0.031430551754290395,0.00788438,0.027880579700603994,0.031539350103166094,48.0,False,241.74657290127968,-95.56723061824087,319.92369723427896
2023-10-06,KZT_RUB,2023-10-06,M01,Заметное изменение за пять обновлений,0.209145,0.003608566506552613,0.04089524605828965,0.013386570344488737,0.032703403748179274,0.200928,0.0249133218984482,0.03983929174592453,49.0,False,272.92070094910184,-137.4613674815177,408.9524605828965
2023-10-11,AMD_RUB,2023-10-11,M01,Заметное изменение за пять обновлений,0.251396,0.0022605041681782456,0.04706450753032132,0.01282874512809476,0.03653037090093656,0.240096,0.08068286102304281,0.08086770527610217,7.0,False,497.4223933555035,-314.3852933758015,470.6450753032132
2023-10-13,KGS_RUB,2023-10-13,M01,Заметное изменение за пять обновлений,1.08775,-0.03258655804480648,-0.03192360406543149,0.010182872564840696,0.03170116659749209,1.12362,0.046512333126413584,0.04649566248517748,9.0,False,128.8899103654325,152.05568333445092,319.2360406543149
2023-10-16,UZS_RUB,2023-10-14,M01,Заметное изменение за пять обновлений,0.0079571,0.002163749760702993,-0.03412622113461139,0.011694655928134436,0.032132347760354944,0.00823824,0.04619453141255233,0.04608497940335554,12.0,False,404.35585829008056,46.089652869358254,341.2622113461139
2023-10-17,KZT_RUB,2023-10-17,M01,Заметное изменение за пять обновлений,0.203963,-0.002733202296085535,-0.037270071132215254,0.014138751787641683,0.03586581986437969,0.211859,0.029458809561454625,0.04066012761608953,11.0,False,422.82178630437835,-5.833122699281939,372.70071132215253
2023-10-17,TJS_RUB,2023-10-17,M01,Заметное изменение за пять обновлений,8.87602,-0.00023428436264505414,-0.03988014754399816,0.010805457519663131,0.03195780463718872,9.2447,0.03020613330044127,0.04383975756638844,13.0,False,421.7092796095561,2.011436545453416,398.8014754399816
2023-10-19,AMD_RUB,2023-10-19,M01,Заметное изменение за пять обновлений,0.242419,0.00017328376867431494,-0.04172744342326318,0.014527106846159656,0.03819867133480633,0.252975,0.008041461130602152,0.04519451074067075,8.0,False,450.9135010044591,-78.77434414107358,417.2744342326318
2023-10-19,KGS_RUB,2023-10-19,M04,Пять обновлений в узком диапазоне,1.09015,0.00027526723861082125,-0.030452067343181732,0.010374940808017777,0.033804924683951465,1.12439,0.0032202484820793653,0.033439403250241855,21.0,False,433.5183231665354,-64.55110101326223,32.20248482079365
2023-10-19,TJS_RUB,2023-10-19,M04,Пять обновлений в узком диапазоне,8.88475,0.0006566113896735448,-0.025839818780275303,0.010805457519663131,0.03399150616445357,9.12042,0.00396462624776417,0.03038264067044839,21.0,False,431.12074059484075,-78.974037072612,39.6462624776417
2023-10-20,AMD_RUB,2023-10-20,M04,Пять обновлений в узком диапазоне,0.242167,-0.001039522479673649,-0.0070361607820143,0.014527106846159656,0.04057914156602498,0.243883,0.0022495154254844503,0.008043951060123403,22.0,False,440.9766813810302,-95.2030630775129,22.495154254844504
2023-10-20,KZT_RUB,2023-10-20,M04,Пять обновлений в узком диапазоне,0.203576,-0.002489171125614864,0.0006832582077007654,0.014138751787641683,0.03634297640037041,0.203437,0.004635537026474515,0.005319431450014925,270.0,False,404.615475301607,-91.22498583129406,46.35537026474515
2023-10-20,UZS_RUB,2023-10-20,M04,Пять обновлений в узком диапазоне,0.00797149,-0.0016381596003292032,0.003976110590534931,0.011694655928134436,0.034552544716832764,0.00793992,0.0034463040239833555,0.005605281476563824,135.0,False,422.7942329476666,-110.68762111667584,34.46304023983355
2023-10-23,KGS_RUB,2023-10-21,M02,Заметное изменение после спокойного периода,1.07373,-0.014402158946962618,-0.01606399941352188,0.010374940808017777,0.033804924683951465,1.09126,0.015780185240052043,0.01611882383771433,84.0,False,404.7572480977532,-70.62464828362234,144.02158946962618
2023-10-23,KZT_RUB,2023-10-21,M02,Заметное изменение после спокойного периода,0.200053,-0.017305576295830516,-0.021850950020046778,0.014138751787641683,0.03634297640037041,0.204522,0.02057270877608127,0.02197092666443249,650.0,False,251.73329067797096,-8.67903761075152,173.05576295830517
2023-10-23,TJS_RUB,2023-10-21,M02,Заметное изменение после спокойного периода,8.75056,-0.014463373045102035,-0.014365686351809459,0.010805457519663131,0.03399150616445357,8.8781,0.015156125371957027,0.01514920881255938,175.0,False,401.78000036569114,-74.05532925634999,144.63373045102034
2023-10-23,UZS_RUB,2023-10-21,M02,Заметное изменение после спокойного периода,0.00784116,-0.01634951558617015,-0.014570635030350276,0.011694655928134436,0.034552544716832764,0.0079571,0.01804428216068358,0.018040714575499345,671.0,False,395.59197873783995,-62.93845055995818,163.4951558617015
2023-10-25,AMD_RUB,2023-10-25,M01,Заметное изменение за пять обновлений,0.232435,-0.01288492328077162,-0.04101874352764501,0.014527106846159656,0.04057914156602498,0.242377,0.041900953599226416,0.041781109503835345,6.0,False,176.00619528040144,141.82175549485746,410.18743527645006
2023-10-25,KGS_RUB,2023-10-25,M01,Заметное изменение за пять обновлений,1.04705,-0.012515089784216005,-0.039271459375143314,0.012016816181360924,0.033804924683951465,1.08985,0.04020019885573997,0.040089791210631,12.0,False,160.25977747003503,138.08355968266923,392.71459375143314
2023-10-25,KZT_RUB,2023-10-25,M01,Заметное изменение за пять обновлений,0.195339,-0.01192234541922954,-0.043548300225722536,0.014938927159398575,0.03634297640037041,0.204233,0.04369231814602665,0.04428617546666704,8.0,True,16.484163428706847,201.44031304797215,435.48300225722534
2023-10-25,TJS_RUB,2023-10-25,M01,Заметное изменение за пять обновлений,8.53369,-0.012131749877582698,-0.03888198114185071,0.011849555602400266,0.03399150616445357,8.87892,0.04017948806575587,0.04007123318213757,8.0,False,157.8566833339389,136.14251445418574,388.8198114185071
2023-10-25,UZS_RUB,2023-10-25,M01,Заметное изменение за пять обновлений,0.00765445,-0.013169429904855146,-0.040612998967221814,0.011694655928134436,0.034552544716832764,0.00797848,0.042098261412707026,0.04197619035004527,9.0,False,161.3179261736643,135.1057685562833,406.12998967221813
2023-10-31,AMD_RUB,2023-10-31,M04,Пять обновлений в узком диапазоне,0.231799,0.001001869869195593,-0.015585915768105418,0.014527106846159656,0.040437401586901345,0.235469,0.0042034848829749965,0.017119868465282614,11.0,False,151.5105759731498,22.62638204581433,42.03484882974996
2023-10-31,KGS_RUB,2023-10-31,M04,Пять обновлений в узком диапазоне,1.04393,0.00028745819878683854,-0.015457597706352688,0.012494356561520426,0.03474451466237532,1.06032,0.004401922300329701,0.016638797449926735,12.0,False,141.2929985727016,23.382274706684523,44.019223003297014
2023-10-31,TJS_RUB,2023-10-31,M04,Пять обновлений в узком диапазоне,8.51018,0.00044437129690599875,-0.014853290331990787,0.012266835970157833,0.03486769562126253,8.63849,0.004238104954262645,0.016020057671270623,12.0,False,139.1627439137598,23.235638921452853,42.38104954262645
2023-11-01,AMD_RUB,2023-11-01,M02,Заметное изменение после спокойного периода,0.228344,-0.014905154897130735,-0.01760061952804015,0.014350861222447043,0.040115629934428784,0.232435,0.017820969990334584,0.01780424408686436,29.0,True,2.4962337525838865,150.6722699431869,149.05154897130734
2023-11-01,KGS_RUB,2023-11-01,M02,Заметное изменение после спокойного периода,1.03027,-0.013085168545783676,-0.01602597774700354,0.011232683894883527,0.033804924683951465,1.04705,0.016531591468085978,0.016517299041127,9.0,True,10.579750939074566,134.56429730269252,130.85168545783677
2023-11-01,KZT_RUB,2023-11-01,M03,Возвращение к уровню пяти обновлений назад,0.195017,-0.01637715369406445,-0.0016484163428707177,0.01337378426875087,0.03586581986437969,0.195339,0.01654321666977457,0.016556358926768575,43.0,True,0.0,130.8280272582309,16.484163428707177
2023-11-01,TJS_RUB,2023-11-01,M02,Заметное изменение после спокойного периода,8.39898,-0.01306670364199114,-0.0157856683333939,0.011066370131364316,0.03399150616445357,8.53369,0.01635022239976941,0.01633653841816547,9.0,True,8.608188137130757,134.47603846410817,130.6670364199114
2023-11-02,AMD_RUB,2023-11-02,M03,Возвращение к уровню пяти обновлений назад,0.231815,0.015200749745997166,0.00141260022117784,0.014527106846159656,0.03815456229298467,0.231488,0.01781592888507498,0.01781219999481077,44.0,False,152.1903241809203,-20.11591608824518,14.126002211778399
2023-11-02,KGS_RUB,2023-11-02,M03,Возвращение к уровню пяти обновлений назад,1.04434,0.01365661428557563,0.001390367152815708,0.012494356561520426,0.03280429222703707,1.04289,0.016526990245044792,0.016524458021127394,44.0,False,145.1634525154649,-19.869652520943916,13.90367152815708
2023-11-02,TJS_RUB,2023-11-02,M03,Возвращение к уровню пяти обновлений назад,8.51663,0.014007653310282864,0.001754941064797455,0.012266835970157833,0.03195780463718872,8.50171,0.016344478455380323,0.01634200618343004,44.0,False,146.63076827336545,-23.18315923126393,17.54941064797455
2023-11-02,UZS_RUB,2023-11-02,M03,Возвращение к уровню пяти обновлений назад,0.0076244,0.012406104392926887,-0.0014341189336442017,0.012157344377175106,0.03297905215337278,0.00763535,0.018520628682661872,0.018513378829423784,44.0,False,195.26782435339132,-22.577534689453515,14.341189336442017
2023-11-06,AMD_RUB,2023-11-04,M03,Возвращение к уровню пяти обновлений назад,0.231304,-0.001109858741325076,-0.0011357404120621029,0.014545997232514086,0.03653037090093656,0.231567,0.01502827706064047,0.015021747127431683,4.0,False,401.33331027565515,-65.74440211055273,11.357404120621029
2023-11-06,KGS_RUB,2023-11-04,M03,Возвращение к уровню пяти обновлений назад,1.04159,-0.0014858983453802654,-0.0019547157517511016,0.012494356561520426,0.03156769373125103,1.04363,0.013520343937562367,0.013513902895836361,4.0,False,383.4522220835462,-57.225803752184284,19.547157517511017
2023-11-06,TJS_RUB,2023-11-04,M03,Возвращение к уровню пяти обновлений назад,8.49256,-0.0014791055761577132,-0.00162701025110501,0.012266835970157833,0.030880884842251134,8.5064,0.013866138783018485,0.013860230210589424,4.0,False,383.51215652288533,-57.61832453333828,16.270102511050098
2023-11-09,KGS_RUB,2023-11-09,M03,Возвращение к уровню пяти обновлений назад,1.03221,-0.002358285410525296,0.0018830015432849123,0.011232683894883527,0.03048772368453059,1.03027,0.011672597590806624,0.013558832032379325,3.0,False,347.4389901279787,-30.50881010087671,18.830015432849123
2023-11-09,TJS_RUB,2023-11-09,M03,Возвращение к уровню пяти обновлений назад,8.41731,-0.0023562347179568732,0.0021824078638121858,0.011066370131364316,0.029158367200347705,8.39898,0.011720880656841215,0.013904480023857564,3.0,False,353.7234579693524,-33.94022442520138,21.824078638121858
2023-11-16,KGS_RUB,2023-11-16,M01,Заметное изменение за пять обновлений,1.00165,-0.019614560189490038,-0.02960637854700121,0.009330222302402857,0.029366439269820924,1.03221,0.02901582770385882,0.029830834957521785,22.0,False,144.32186891628726,119.89485157401984,296.06378547001214
2023-11-16,TJS_RUB,2023-11-16,M01,Заметное изменение за пять обновлений,8.16686,-0.019559916876655925,-0.02975416136509179,0.009578844903321993,0.027329642451287998,8.41731,0.02926669016634409,0.029982037114517822,22.0,False,175.4529892761727,103.42112881688003,297.5416136509179
2023-11-16,UZS_RUB,2023-11-16,M01,Заметное изменение за пять обновлений,0.00727882,-0.02043425483066108,-0.030507986952358013,0.00951498136712461,0.027558490818581617,0.00750787,0.03075662397610145,0.030750655658216816,22.0,False,167.2935997867789,112.83723226335327,305.0798695235801
2023-11-17,AMD_RUB,2023-11-17,M01,Заметное изменение за пять обновлений,0.220865,-0.005206714680142777,-0.032511706755093295,0.013687188710686707,0.03066926965595418,0.228287,0.03456834838929602,0.03449194722867888,23.0,False,117.13037375772558,142.70048094599622,325.117067550933
2023-11-21,KGS_RUB,2023-11-21,M01,Заметное изменение за пять обновлений,0.993016,-0.006960167044009036,-0.037150087750768446,0.00966143525120962,0.029825864415144433,1.03133,0.02860147238632274,0.038035019471347645,5.0,True,58.629468205950296,116.63069411386522,371.50087750768444
2023-11-21,KZT_RUB,2023-11-21,M01,Заметное изменение за пять обновлений,0.191222,-0.009710145678078819,-0.028718584286555937,0.011809971325751812,0.027426856775204202,0.196876,0.024097770166805192,0.0291760877174725,27.0,True,65.73511416050498,115.69012738689017,287.1858428655594
2023-11-24,KZT_RUB,2023-11-24,M03,Возвращение к уровню пяти обновлений назад,0.192896,0.004337118549642582,0.0009080484223307206,0.011536405612995893,0.028385405576850854,0.192721,0.016325373237021254,0.016313009781555653,23.0,False,69.83037491705451,23.967208366950278,9.080484223307206
2023-11-27,KGS_RUB,2023-11-25,M03,Возвращение к уровню пяти обновлений назад,1.0021,0.010026689458873195,0.0021240509772235683,0.00966143525120962,0.03039448586682634,0.999976,0.01500853833389716,0.014991411065979884,18.0,False,86.13910787346546,3.6861350968514,21.240509772235683
2023-11-28,AMD_RUB,2023-11-28,M03,Возвращение к уровню пяти обновлений назад,0.220488,-0.0015487026219264122,0.002090643009071469,0.013687188710686707,0.03284585905123172,0.220028,0.011623701784639034,0.011619497869531063,22.0,False,22.268785602844215,74.9845130893876,20.90643009071469
2023-11-28,KZT_RUB,2023-11-28,M03,Возвращение к уровню пяти обновлений назад,0.191549,-0.005369113577003204,0.0017100542824570741,0.011536405612995893,0.028385405576850854,0.191222,0.01528065097345732,0.015288478089644503,4.0,True,0.0,141.85335741914358,17.10054282457074
2023-11-28,TJS_RUB,2023-11-28,M03,Возвращение к уровню пяти обновлений назад,8.09821,-0.0011692602948558672,0.0022165018625546207,0.009880407941841043,0.029887496627582433,8.0803,0.010429972258654437,0.010426722587658416,19.0,True,12.187878555877631,81.73326807564777,22.165018625546207
2023-12-01,AMD_RUB,2023-12-01,M04,Пять обновлений в узком диапазоне,0.219997,-0.0037721324095457698,0.00423610825812859,0.013687188710686707,0.03284585905123172,0.219069,0.0037780896200956286,0.007995592813501177,31.0,True,0.0,133.78934925901092,37.780896200956285
2023-12-01,KZT_RUB,2023-12-01,M03,Возвращение к уровню пяти обновлений назад,0.192964,-0.003439549656561458,0.0003525215660251657,0.011536405612995893,0.028033224976989103,0.192896,0.010797813663255572,0.010796209653641059,3.0,False,0.0,113.80395331322632,3.525215660251657
2023-12-01,TJS_RUB,2023-12-01,M04,Пять обновлений в узком диапазоне,8.08834,-0.003417906181309216,0.005308471803948445,0.009880407941841043,0.029887496627582433,8.04563,0.0034246296301325497,0.008707140967932632,31.0,True,0.0,132.0298517833291,34.24629630132549
2023-12-01,UZS_RUB,2023-12-01,M04,Пять обновлений в узком диапазоне,0.0072135,-0.0005611322401645191,0.005361650055818679,0.010350175760891147,0.02978681013559026,0.00717503,0.002698211055566203,0.005917296620683344,42.0,True,0.0,124.77709063801841,26.98211055566203
2023-12-04,TJS_RUB,2023-12-02,M02,Заметное изменение после спокойного периода,8.19631,0.013348845374947071,0.010930363642418506,0.009880407941841043,0.029887496627582433,8.10769,0.013300286897917792,0.013303067291153617,33.0,False,0.0,33.648395230602596,133.48845374947072
2023-12-04,UZS_RUB,2023-12-02,M02,Заметное изменение после спокойного периода,0.0073096,0.01332224301656626,0.01273679733210309,0.010350175760891147,0.02978681013559026,0.00721767,0.015405420207419312,0.015410003059681349,42.0,False,41.39761409653155,21.769217433392512,133.2224301656626
2023-12-05,KZT_RUB,2023-12-05,M01,Заметное изменение за пять обновлений,0.197051,0.005516150431188471,0.028723720823392584,0.011809971325751812,0.028033224976989103,0.191549,0.02136738953841088,0.02835938728191616,14.0,False,14.412512496765125,-38.90555002700244,287.23720823392586
2023-12-06,TJS_RUB,2023-12-06,M01,Заметное изменение за пять обновлений,8.35841,0.009550278162268944,0.0331256388736787,0.011066370131364316,0.029887496627582433,8.09041,0.032904483791797196,0.03298303706841315,20.0,False,214.15556307957914,-150.86818982171914,331.25638873678696
2023-12-06,UZS_RUB,2023-12-06,M01,Заметное изменение за пять обновлений,0.0074627,0.012341760131963753,0.03674385715337558,0.010811478234477123,0.02978681013559026,0.00719821,0.03406692044608524,0.03625362321489275,20.0,False,283.5702895734788,-179.51384263109452,367.4385715337558
2023-12-07,AMD_RUB,2023-12-07,M01,Заметное изменение за пять обновлений,0.230173,0.012728792678634138,0.042308563148123035,0.013013509573590534,0.03284585905123172,0.22083,0.045217904441628154,0.045359452263217914,20.0,False,385.10164093964033,-283.97106312505895,423.08563148123034
2023-12-07,KGS_RUB,2023-12-07,M01,Заметное изменение за пять обновлений,1.03877,0.013048693667775169,0.04055976279200224,0.010205063878027111,0.03039448586682634,0.99828,0.04459334047057771,0.04472255961017071,16.0,False,308.9230532264116,-260.6994145087539,405.59762792002243
2023-12-12,AMD_RUB,2023-12-12,M03,Возвращение к уровню пяти обновлений назад,0.225466,-0.007894042066355689,0.002218103099565605,0.012773487335736378,0.03566009232164671,0.224967,0.020651530108588303,0.022890358436807434,14.0,False,184.3736971428062,-46.65806738545875,22.181030995656048
2023-12-12,UZS_RUB,2023-12-12,M03,Возвращение к уровню пяти обновлений назад,0.00738992,-0.007703473343994793,0.002468894640599517,0.010350175760891147,0.030653179082882943,0.00737172,0.02139156913427619,0.023881233472614782,40.0,False,187.87754129950028,-46.00601394518928,24.68894640599517
2023-12-14,TJS_RUB,2023-12-14,M01,Заметное изменение за пять обновлений,8.19934,-0.0033911737107463757,-0.03129751602327446,0.010137425209314644,0.03129423233679116,8.46425,0.02950610322489318,0.031790452543830276,8.0,True,24.306834452527486,113.7804840308359,312.97516023274466
2023-12-14,UZS_RUB,2023-12-14,M01,Заметное изменение за пять обновлений,0.00727934,-0.005357618653968443,-0.035824742609416704,0.010350175760891147,0.030653179082882943,0.00754981,0.03289446982188771,0.03646181004997149,8.0,True,38.82220091381852,120.04062732572379,358.24742609416705
2023-12-19,KZT_RUB,2023-12-19,M04,Пять обновлений в узком диапазоне,0.197657,0.004033261709920133,-0.005879512739782489,0.011271739080553546,0.02880909148802533,0.198826,0.004517844470412189,0.01043580510031604,60.0,True,36.42673925031739,55.45594286842261,45.178444704121894
2023-12-22,KZT_RUB,2023-12-22,M02,Заметное изменение после спокойного периода,0.201031,0.018435397584501745,0.021561274061426605,0.011271739080553546,0.02880909148802533,0.196788,0.02105305693619417,0.021453346681632925,60.0,False,165.29788938024447,-125.57032996210002,184.35397584501746
2023-12-28,AMD_RUB,2023-12-28,M04,Пять обновлений в узком диапазоне,0.226332,3.092897382095394e-05,0.015278612633788713,0.013013509573590534,0.03566009232164671,0.222926,0.003576765332400625,0.017589582315673796,27.0,False,210.53143170210217,-130.84922509097535,35.76765332400625
2023-12-28,KGS_RUB,2023-12-28,M04,Пять обновлений в узком диапазоне,1.03006,-0.0002717549546752407,0.01251314715972196,0.009995070891880831,0.030800022469481995,1.01733,0.0016297957710681428,0.014009900589012159,58.0,False,226.10333378638168,-135.59730239196568,16.297957710681427
2023-12-28,TJS_RUB,2023-12-28,M04,Пять обновлений в узком диапазоне,8.36664,-0.00019358863132823423,0.01382727478724699,0.010137425209314644,0.03140491506839762,8.25253,0.0030473081156749842,0.016709358788527612,27.0,False,214.56642092883177,-126.2756943537934,30.473081156749842
2023-12-29,AMD_RUB,2023-12-29,M02,Заметное изменение после спокойного периода,0.222891,-0.01520332962197124,-0.014144872152117127,0.012773487335736378,0.03566009232164671,0.226089,0.017748492175253,0.017744995384441624,58.0,True,59.40123199231999,23.72203150106761,152.0332962197124
2023-12-29,KGS_RUB,2023-12-29,M02,Заметное изменение после спокойного периода,1.01394,-0.01564957381123422,-0.017252408552542398,0.009995070891880831,0.03048772368453059,1.03174,0.01705534420254582,0.0173152873883748,58.0,True,70.71424344635896,22.702576566719266,156.4957381123422
2023-12-29,TJS_RUB,2023-12-29,M02,Заметное изменение после спокойного периода,8.24326,-0.014746660547125368,-0.015289233985366635,0.010137425209314644,0.03131504243810883,8.37125,0.017828647671153195,0.01782190423055305,25.0,True,68.10412385391119,22.996129388325176,147.46660547125367
2024-01-12,KGS_RUB,2024-01-12,M01,Заметное изменение за пять обновлений,0.993974,-0.006880083128509518,-0.03503291070423076,0.011749540706059228,0.030306737420694785,1.03006,0.019854362888351417,0.035739481896690274,36.0,False,127.55866853660152,32.93553006673466,350.32910704230756
2024-01-12,UZS_RUB,2024-01-12,M01,Заметное изменение за пять обновлений,0.00714943,-0.008525969676504097,-0.0368037657912782,0.011683689740765968,0.031812402310908414,0.00742261,0.022428349323161956,0.03754171702714342,29.0,False,120.79284642272144,49.467005902067086,368.037657912782
2024-01-17,KGS_RUB,2024-01-17,M01,Заметное изменение за пять обновлений,0.981295,-0.0003188645569310866,-0.03088675350839931,0.009995070891880831,0.030306737420694785,1.01257,0.01978484524337539,0.03150069724564881,5.0,True,0.0,121.89306589052359,308.8675350839931
2024-01-19,AMD_RUB,2024-01-19,M03,Возвращение к уровню пяти обновлений назад,0.218781,0.004070786712805363,-0.001952474579054564,0.009934230441058347,0.03198449004531292,0.219209,0.012412475250987914,0.01436103724219061,38.0,False,80.40003473793476,7.568703931224476,19.524745790545637
2024-01-19,KGS_RUB,2024-01-19,M03,Возвращение к уровню пяти обновлений назад,0.992821,0.0033775350462212916,-0.0011599901003447322,0.009995070891880831,0.02993617230755601,0.993974,0.011685135181989366,0.012837584824939949,53.0,False,82.31091002305509,1.4775332934116432,11.599901003447322
2024-01-19,TJS_RUB,2024-01-19,M03,Возвращение к уровню пяти обновлений назад,8.09689,0.0035198655510511045,-0.0009969191742843497,0.010137425209314644,0.031279821994515664,8.10497,0.011606682027878932,0.012595315833700426,52.0,False,86.11948538265908,-1.1510740927033816,9.969191742843497
2024-01-19,UZS_RUB,2024-01-19,M03,Возвращение к уровню пяти обновлений назад,0.00713455,0.0025110023213070765,-0.002081284801725425,0.010350175760891147,0.03138503760945595,0.00714943,0.010072639115997633,0.012154338709068263,38.0,False,76.4168728230929,14.698150414983642,20.812848017254247
2024-01-24,KZT_RUB,2024-01-24,M04,Пять обновлений в узком диапазоне,0.195983,0.002588539828215053,0.009300792575845707,0.010980531355964952,0.02581387326413789,0.194177,0.0030845283327204796,0.00973699709441333,36.0,True,0.0,79.53929973694902,30.845283327204797
2024-01-24,UZS_RUB,2024-01-24,M03,Возвращение к уровню пяти обновлений назад,0.00708003,-0.0014836648779008588,0.0024012221314526627,0.010350175760891147,0.03138503760945595,0.00706307,0.007667093991372091,0.010063445603824283,5.0,True,0.0,101.55911766838423,24.012221314526627
2024-01-29,KZT_RUB,2024-01-27,M01,Заметное изменение за пять обновлений,0.200695,0.00834024166603875,0.023531091742698296,0.010018785806275066,0.02220337926962597,0.196081,0.0263769815593659,0.026415772514535512,55.0,False,112.9574727820832,-79.14141856204033,235.31091742698297
2024-02-08,KZT_RUB,2024-02-08,M03,Возвращение к уровню пяти обновлений назад,0.200513,0.001988856407565631,0.0021891790578532078,0.008752072229471478,0.021638874122835185,0.200075,0.01039273711196228,0.01060140987309149,69.0,False,0.0,81.63366255008344,21.891790578532078
2024-02-14,AMD_RUB,2024-02-14,M04,Пять обновлений в узком диапазоне,0.225628,0.002167540197210549,0.005772668310056961,0.00841576866942604,0.02705052188078575,0.224333,0.00425197996687178,0.005751861582228261,48.0,True,0.0,44.41176007101764,42.5197996687178
2024-02-14,KGS_RUB,2024-02-14,M04,Пять обновлений в узком диапазоне,1.01986,0.0014336213668499909,0.005759255241513994,0.008532519287688523,0.028610845072117287,1.01402,0.004014322001625504,0.006286548750221192,48.0,True,0.0,47.35821463573837,40.14322001625504
2024-02-14,TJS_RUB,2024-02-14,M04,Пять обновлений в узком диапазоне,8.32351,0.00117034610008937,0.005383539438623908,0.008346946650400413,0.025784469095191002,8.27894,0.004180088205152208,0.005899270734446216,48.0,True,0.0,47.082184051673366,41.80088205152208
2024-02-14,UZS_RUB,2024-02-14,M04,Пять обновлений в узком диапазоне,0.00731421,0.0006512117874806211,0.005769878648286264,0.008503924371986748,0.029461961136681585,0.00727225,0.00457146578898905,0.0072360201523983154,75.0,True,0.0,43.10550197366931,45.714657889890496
2024-02-19,KZT_RUB,2024-02-17,M01,Заметное изменение за пять обновлений,0.206555,0.005897420913199225,0.023431074291716536,0.008670061129193087,0.021541262673467364,0.201826,0.013927658219564716,0.023149447493978813,21.0,False,119.53232795139306,-93.19378891121671,234.31074291716536
2024-02-22,KZT_RUB,2024-02-22,M03,Возвращение к уровню пяти обновлений назад,0.204086,-0.00521554329388374,-3.429808959642955e-05,0.00838095363744884,0.021541262673467364,0.204093,0.012019265875507857,0.012032222379251356,14.0,False,137.19706398283063,30.1899327809928,0.3429808959642955
2024-02-23,AMD_RUB,2024-02-23,M04,Пять обновлений в узком диапазоне,0.22938,0.0033418483395737386,0.009835084042862263,0.00806034569327685,0.022808191024989925,0.227146,0.004629751068908551,0.009777974899988096,9.0,False,201.06373703025568,-75.52175606384772,46.29751068908551
2024-02-23,KGS_RUB,2024-02-23,M04,Пять обновлений в узком диапазоне,1.03715,0.0033957664177084457,0.010109372108651371,0.007986844470737787,0.022830472383703216,1.02677,0.004360327401612272,0.010047754259163709,9.0,False,204.88839608542634,-77.18384904130755,43.60327401612272
2024-02-23,TJS_RUB,2024-02-23,M04,Пять обновлений в узком диапазоне,8.46323,0.003232590007539171,0.009592237457084707,0.007750939798092916,0.022584139804474337,8.38282,0.004017750116789572,0.00953563063908831,9.0,False,201.7669376821847,-75.25895936887993,40.17750116789573
2024-02-23,UZS_RUB,2024-02-23,M04,Пять обновлений в узком диапазоне,0.0074231,0.0018206086420202716,0.00938252131464079,0.00773741209747918,0.02242306039586333,0.0073541,0.0032832139208270805,0.009326218975116181,9.0,False,197.9631151405745,-72.43151707256357,32.8321392082708
2024-03-08,AMD_RUB,2024-03-08,M03,Возвращение к уровню пяти обновлений назад,0.224788,0.005088307623518862,8.898063781326293e-05,0.007944728792426449,0.022808191024989925,0.224768,0.010806308682163196,0.010810074598693464,49.0,True,10.454294713240264,63.12341662570924,0.8898063781326293
2024-03-08,KGS_RUB,2024-03-08,M03,Возвращение к уровню пяти обновлений назад,1.01475,0.004514002316396093,-0.0011320011812185893,0.007845034474079072,0.022830472383703216,1.0159,0.011243397943559042,0.011246319632069821,49.0,True,13.697955161369817,60.09259941656491,11.320011812185893
2024-03-08,TJS_RUB,2024-03-08,M03,Возвращение к уровню пяти обновлений назад,8.2811,0.00448927656054221,-0.0013711234409047313,0.007640387252607007,0.02238591422749621,8.29247,0.01099877871642369,0.011001046657472313,49.0,True,10.566229124151288,63.19898492158682,13.711234409047313
2024-03-12,KZT_RUB,2024-03-12,M03,Возвращение к уровню пяти обновлений назад,0.202609,-0.0008580600937947436,-0.00039469334793695854,0.00838095363744884,0.019467655040004077,0.202689,0.011198169463319854,0.011190954844340394,19.0,False,7.847627696697591,33.29349576317702,3.9469334793695854
2024-03-20,AMD_RUB,2024-03-20,M01,Заметное изменение за пять обновлений,0.229831,0.004348092083413357,0.020106435390877087,0.006352870120690968,0.01916158427613004,0.225301,0.011457211955793412,0.01988382811242632,104.0,False,0.0,7.502989084018457,201.06435390877087
2024-03-22,UZS_RUB,2024-03-22,M03,Возвращение к уровню пяти обновлений назад,0.00731976,-0.00794348887355889,0.00216046593774899,0.006554187482462838,0.01873294053807757,0.00730398,0.009266690610617176,0.01015033105579688,58.0,True,1.0792703585905072,11.141334702655655,21.6046593774899
2024-03-25,AMD_RUB,2024-03-23,M01,Заметное изменение за пять обновлений,0.232833,0.00901834003605595,0.020414155801468326,0.0063998191802958635,0.01916158427613004,0.228175,0.017316508693779837,0.02021882749899451,5.0,False,0.0,-14.69793952338582,204.14155801468326
2024-03-29,KZT_RUB,2024-03-29,M04,Пять обновлений в узком диапазоне,0.20522,-0.002469279825789261,0.007175178397903492,0.008182788390455187,0.017404414116473487,0.203758,0.002853236524543692,0.009604586799624913,65.0,True,0.0,30.754710652418566,28.53236524543692
2024-04-01,AMD_RUB,2024-03-30,M04,Пять обновлений в узком диапазоне,0.234861,0.004125765297397166,0.008710105526278378,0.0063998191802958635,0.01916158427613004,0.232833,0.004118454431542298,0.008664266097213696,38.0,False,0.0,27.623756430533295,41.18454431542298
2024-04-02,KGS_RUB,2024-04-02,M04,Пять обновлений в узком диапазоне,1.03226,-9.686543453835128e-05,-0.004081081341836379,0.006859103786058784,0.017020504661989056,1.03649,0.00312712387864055,0.005118545778247971,39.0,True,0.0,34.40555711350065,31.2712387864055
2024-04-02,TJS_RUB,2024-04-02,M04,Пять обновлений в узком диапазоне,8.42759,-0.0008074077587024719,-0.004479352100464129,0.00698864536586783,0.016860726722329078,8.46551,0.0032596633609333794,0.005120066466881645,39.0,True,0.9967262289695795,29.055448344464548,32.59663360933379
2024-04-04,UZS_RUB,2024-04-04,M04,Пять обновлений в узком диапазоне,0.00731302,-0.0005644274068454802,-0.005626563689763886,0.0061344382210759135,0.01580314416196864,0.0073544,0.0019026821804518721,0.006276639184746976,41.0,True,36.22306516322897,23.087297503779098,19.026821804518722
2024-04-08,KZT_RUB,2024-04-06,M04,Пять обновлений в узком диапазоне,0.206982,0.002130317320448105,0.00425511268528167,0.007223385851497044,0.016860273942598727,0.206105,0.0036469800683349494,0.005279726286600485,10.0,True,0.0,28.316354914526332,36.4698006833495
2024-04-10,AMD_RUB,2024-04-10,M04,Пять обновлений в узком диапазоне,0.238049,0.0003193639614578192,0.005937188350433553,0.0063114294542963465,0.018379686032404186,0.236644,0.004135381363775623,0.005915092115455935,9.0,False,65.95280803532113,-25.869762721789787,41.35381363775623
2024-04-12,KGS_RUB,2024-04-12,M01,Заметное изменение за пять обновлений,1.05161,0.0053632887189292155,0.017936655438107296,0.005739369268756912,0.014430111418807946,1.03308,0.016436195323024365,0.01780549443157899,86.0,False,29.573701277088905,-69.07617118306186,179.36655438107297
2024-04-12,TJS_RUB,2024-04-12,M01,Заметное изменение за пять обновлений,8.56372,0.005361555755131642,0.0162541905242235,0.005754929192647708,0.015079080141176848,8.42675,0.015026985436180768,0.01615411650651847,120.0,False,22.88724993344073,-59.783731407677145,162.541905242235
2024-04-12,UZS_RUB,2024-04-12,M01,Заметное изменение за пять обновлений,0.00739354,0.00536162771565829,0.014686002802431153,0.005615439605842188,0.0130685133145249,0.00728653,0.014363837126719639,0.01461299661337889,91.0,False,46.32422357896158,-60.97913024016135,146.86002802431153
2024-04-17,AMD_RUB,2024-04-17,M03,Возвращение к уровню пяти обновлений назад,0.238018,0.00650797745254339,-0.00013022528975126235,0.006143721600350128,0.01760141826141375,0.238049,0.012315488270663493,0.012315005315074014,40.0,True,39.198716063491716,-3.590452997488975,1.3022528975126235
2024-04-17,KGS_RUB,2024-04-17,M01,Заметное изменение за пять обновлений,1.05575,0.005332571537399522,0.014471168167273785,0.005418694760949051,0.014430111418807946,1.04069,0.009282160544248701,0.014359495923848338,5.0,False,186.0288894151066,-88.57808645668918,144.71168167273785
2024-04-17,TJS_RUB,2024-04-17,M01,Заметное изменение за пять обновлений,8.61257,0.005367363209865417,0.016258829137747455,0.005418723967446005,0.015079080141176848,8.47478,0.011040753369053333,0.016122128329988494,5.0,False,230.96474107031852,-105.70132647967891,162.58829137747455
2024-04-17,UZS_RUB,2024-04-17,M01,Заметное изменение за пять обновлений,0.00743401,0.0061704667574393746,0.016026241158984433,0.005521198754808144,0.01280948548693981,0.00731675,0.010814334257943111,0.01589662179840861,5.0,False,233.84418369090136,-116.36716154160209,160.26241158984433
2024-04-22,KGS_RUB,2024-04-20,M03,Возвращение к уровню пяти обновлений назад,1.0497,-0.007037856859072544,0.0011444921316166035,0.0053387149737054605,0.014507020943874016,1.0485,0.009540066382171605,0.010688182249644088,45.0,False,154.61560445841636,-42.912119678295404,11.444921316166035
2024-04-22,TJS_RUB,2024-04-20,M03,Возвращение к уровню пяти обновлений назад,8.5531,-0.007021470747354819,0.001051015201097405,0.005362717246078397,0.015115988766531441,8.54412,0.009478734735491079,0.010534009619493958,45.0,False,181.88726894342503,-54.558748897090005,10.51015201097405
2024-04-22,UZS_RUB,2024-04-20,M03,Возвращение к уровню пяти обновлений назад,0.00735929,-0.007081969513396236,-0.0016739852651312948,0.005521198754808144,0.013319925086330156,0.00737163,0.011383177575140138,0.011392352046016126,31.0,False,134.68690593793733,-30.375707430055986,16.739852651312948
2024-04-23,AMD_RUB,2024-04-23,M04,Пять обновлений в узком диапазоне,0.238228,0.0009369551059852377,0.007396005564976216,0.006148890099920612,0.01760141826141375,0.236479,0.003209549605791855,0.009624466561875386,13.0,True,72.74543714424772,-32.634013935586296,32.09549605791855
2024-04-25,AMD_RUB,2024-04-25,M02,Заметное изменение после спокойного периода,0.23717,-0.008424441332023358,-0.0065553856786814135,0.0059045581268387,0.01760141826141375,0.238735,0.008456735926564547,0.008453995649234072,118.0,True,28.460597883374003,9.818542503055905,84.24441332023358
2024-04-25,KGS_RUB,2024-04-25,M01,Заметное изменение за пять обновлений,1.04113,-0.00843817560167226,-0.017579451951385106,0.0053387149737054605,0.014507020943874016,1.05976,0.015256802189508215,0.017724288840262507,8.0,True,73.57390527599819,19.660562017275776,175.79451951385104
2024-04-25,TJS_RUB,2024-04-25,M01,Заметное изменение за пять обновлений,8.46216,-0.008425063803160437,-0.01996854508267909,0.005362717246078397,0.015115988766531441,8.63458,0.01773121898324772,0.020153007951176964,8.0,True,76.37529897803996,28.593562357903902,199.6854508267909
2024-04-25,UZS_RUB,2024-04-25,M01,Заметное изменение за пять обновлений,0.00728105,-0.007956999502687578,-0.021838865819138853,0.005521198754808144,0.013319925086330156,0.00744361,0.017791221182998477,0.022075139123892914,8.0,True,60.650592977660764,51.99826910994361,218.38865819138852
2024-05-06,AMD_RUB,2024-05-04,M04,Пять обновлений в узком диапазоне,0.236734,-0.0031371194926709256,-0.0018383438040223687,0.006148890099920612,0.015224957378597682,0.239185,0.004152028375569469,0.011333091785404318,13.0,True,72.52866085986788,-11.82952911465882,41.52028375569469
2024-05-09,AMD_RUB,2024-05-09,M03,Возвращение к уровню пяти обновлений назад,0.236653,0.00696119855159405,0.0006680902344657902,0.005712791609261415,0.015081284889434388,0.236495,0.010420961115677713,0.010419194113564387,22.0,False,100.0198603017924,-22.336783273307773,6.680902344657902
2024-05-09,TJS_RUB,2024-05-09,M03,Возвращение к уровню пяти обновлений назад,8.41487,0.008429474158520689,0.0020648928911239928,0.005202826453596376,0.014581096668833383,8.39753,0.010294877514910202,0.010293655343857585,17.0,True,86.10947049687196,-27.331233773747286,20.648928911239928
2024-05-14,KZT_RUB,2024-05-14,M03,Возвращение к уровню пяти обновлений назад,0.208541,-0.0020099444393930632,0.0014310204904846024,0.0064454476009469415,0.01335851642810333,0.208243,0.010655570364321416,0.010650799291230235,63.0,False,229.6910439673741,-84.19458703687971,14.310204904846024
2024-05-14,UZS_RUB,2024-05-14,M04,Пять обновлений в узком диапазоне,0.00720494,-0.004753189167535754,-0.011290999860028905,0.005411155736766116,0.012409132559507553,0.00728722,0.0048794963894220325,0.011493184984396002,40.0,False,156.22614483951324,-23.266254629849428,48.794963894220324
2024-05-20,KZT_RUB,2024-05-18,M01,Заметное изменение за пять обновлений,0.206049,0.00031070223559970245,-0.013935614779791439,0.006187914587294375,0.012360970784525053,0.208961,0.012350737758466743,0.014356963843060792,91.0,False,307.8879295701516,-42.58379768657728,139.3561477979144
2024-05-21,TJS_RUB,2024-05-21,M04,Пять обновлений в узком диапазоне,8.34318,-0.00247492790427406,-0.006927433350235268,0.005313403265513062,0.014565989567983762,8.40138,0.004803178517736263,0.007047220279709883,49.0,False,184.39012462873944,-8.648691631189207,48.03178517736263
2024-05-27,AMD_RUB,2024-05-25,M01,Заметное изменение за пять обновлений,0.231329,-0.006540635253293958,-0.014551960638139239,0.005712791609261415,0.014017070096951613,0.234745,0.010030663820990706,0.014664311333288986,63.0,False,147.62524370053046,22.813639796287383,145.51960638139238
2024-05-27,KZT_RUB,2024-05-25,M01,Заметное изменение за пять обновлений,0.202475,-0.008831059482374615,-0.01734538871821767,0.0064221898750865146,0.01335851642810333,0.206049,0.009606732366641653,0.017503505761856438,7.0,False,216.86627978762704,13.272654761128658,173.4538871821767
2024-05-27,UZS_RUB,2024-05-25,M01,Заметное изменение за пять обновлений,0.00705604,-0.0051238089329673775,-0.013567563109089908,0.005157199291722226,0.012202339580927469,0.00715309,0.01195807450923735,0.013648298146522145,32.0,False,115.46136359771224,49.71688631555647,135.6756310908991
2024-05-28,KGS_RUB,2024-05-28,M01,Заметное изменение за пять обновлений,1.00877,-0.010874041535112733,-0.018582116415500116,0.0053387149737054605,0.013449114493078174,1.02787,0.01650507690288357,0.018687748273095627,33.0,True,26.368746096730522,131.02468994317434,185.82116415500116
2024-05-28,TJS_RUB,2024-05-28,M01,Заметное изменение за пять обновлений,8.20127,-0.011341293616303094,-0.017009102045023705,0.005303963906775899,0.013755479242147574,8.34318,0.01668036207955915,0.017087608864621177,33.0,True,14.546527550000858,131.1109805904658,170.09102045023704
2024-05-31,KGS_RUB,2024-05-31,M03,Возвращение к уровню пяти обновлений назад,1.0238,0.005914834247086942,-0.0017648033853022715,0.005411914893981896,0.013817490880028505,1.02561,0.017424039461657253,0.01917426125832304,39.0,False,97.57765188513326,-36.73479105424599,17.648033853022717
2024-05-31,TJS_RUB,2024-05-31,M03,Возвращение к уровню пяти обновлений назад,8.33459,0.007147656197132868,-0.0006091368123678498,0.005323798320182993,0.014565989567983762,8.33967,0.01758645330938921,0.01817201584505982,22.0,False,106.57992774689546,-46.07122382646756,6.091368123678498
2024-05-31,UZS_RUB,2024-05-31,M03,Возвращение к уровню пяти обновлений назад,0.00710291,0.0066496692880799735,0.0014846920215780823,0.005411155736766116,0.01280948548693981,0.00709238,0.018245653542420415,0.01822045127583848,39.0,False,141.7588002663692,-54.68288517099526,14.846920215780823
2024-06-03,KZT_RUB,2024-06-01,M03,Возвращение к уровню пяти обновлений назад,0.202773,0.0001233057786020897,0.0014717866403259894,0.0065196339764596505,0.013899002432372298,0.202475,0.01522615404619666,0.015213826664198325,20.0,False,243.1290161905193,-111.91121762311394,14.717866403259894
2024-06-03,UZS_RUB,2024-06-01,M01,Заметное изменение за пять обновлений,0.00714681,0.00618056543022516,0.012864156098888246,0.00564020395533853,0.01280948548693981,0.00705604,0.0244237295874539,0.0244214890387583,7.0,False,202.31403941059017,-132.87519360809813,128.64156098888247
2024-06-06,KGS_RUB,2024-06-06,M03,Возвращение к уровню пяти обновлений назад,1.01633,0.0024856728578330767,-0.0014246693784510933,0.005411914893981896,0.013208544056522964,1.01778,0.014309657058287299,0.014315526626716053,6.0,False,37.586217075161954,20.666634560129605,14.246693784510933
2024-06-06,KZT_RUB,2024-06-06,M01,Заметное изменение за пять обновлений,0.198084,-0.002231434515204467,-0.02002166911557357,0.006447567394886389,0.013359767920695266,0.202131,0.023399020923884562,0.02336524662485382,10.0,False,143.07061650612886,76.34254305763749,200.2166911557357
2024-06-07,UZS_RUB,2024-06-07,M01,Заметное изменение за пять обновлений,0.00700222,-0.0006793226183035017,-0.014175880026636944,0.006172486491996532,0.012409132559507553,0.00710291,0.020488713707245625,0.02046654976303541,4.0,True,18.9082890854619,66.07344573036596,141.75880026636943
2024-06-10,AMD_RUB,2024-06-08,M01,Заметное изменение за пять обновлений,0.228936,-0.00014849106869896378,-0.01669930934955155,0.006466466390415526,0.014053628411692555,0.232824,0.00878909402106075,0.018289778128401202,14.0,False,711.7709752944056,-8.51242420476216,166.9930934955155
2024-06-10,TJS_RUB,2024-06-08,M01,Заметное изменение за пять обновлений,8.26687,0.0003182385797122489,-0.013620060565420311,0.005408042553772852,0.013002604331843816,8.38102,0.006994088235123307,0.016326290848417382,13.0,False,678.2978321904188,-14.089754609499396,136.20060565420312
2024-06-11,AMD_RUB,2024-06-11,M04,Пять обновлений в узком диапазоне,0.229639,0.0030707271901317945,-0.004318511934441882,0.006466466390415526,0.014655074569553684,0.230635,0.004448573356931086,0.00878668203548693,36.0,False,740.2052787200786,-62.626163142272404,44.48573356931086
2024-06-11,UZS_RUB,2024-06-11,M04,Пять обновлений в узком диапазоне,0.00703687,0.003672737023471262,-0.007966582926616117,0.00572150760844581,0.012724717461451363,0.00709338,0.004936870744887565,0.012965297396368387,28.0,False,700.7518967950235,-41.147333560237016,49.368707448875654
2024-06-14,AMD_RUB,2024-06-14,M02,Заметное изменение после спокойного периода,0.227317,-0.010309772079151958,-0.00569941387455164,0.006466466390415526,0.014655074569553684,0.22862,0.01034470406195643,0.010346884246417264,50.0,False,645.6182335681007,-1.1208596805179953,103.09772079151958
2024-06-14,KZT_RUB,2024-06-14,M01,Заметное изменение за пять обновлений,0.19525,-0.017140268304346673,-0.014307061650612907,0.006037592390856129,0.01375874095809766,0.198084,0.01858901398370953,0.018585488361751626,8.0,False,759.5902688860441,8.290176652405966,143.07061650612906
2024-06-17,AMD_RUB,2024-06-15,M03,Возвращение к уровню пяти обновлений назад,0.229261,0.008551934083240509,0.0012709088526881018,0.006466466390415526,0.014655074569553684,0.22897,0.010342074599200975,0.010342056531917162,39.0,False,724.9379528136053,-112.71802450755416,12.709088526881018
2024-06-19,AMD_RUB,2024-06-19,M01,Заметное изменение за пять обновлений,0.223897,-0.022497271338135727,-0.025004463527536713,0.006514509012693503,0.01388432238999653,0.229639,0.025403569140018026,0.025370219797800873,9.0,False,502.7311665631972,86.22876303599271,250.04463527536714
2024-06-19,KGS_RUB,2024-06-19,M01,Заметное изменение за пять обновлений,0.993537,-0.019735777571679547,-0.028610676574110205,0.005411914893981896,0.011716388727869556,1.0228,0.029478903791766372,0.029423303062587534,22.0,False,473.5706873523578,130.75021385298203,286.10676574110204
2024-06-19,KZT_RUB,2024-06-19,M01,Заметное изменение за пять обновлений,0.192165,-0.027219527999108983,-0.03399722512667891,0.006447567394886389,0.01375874095809766,0.198928,0.033080818120744454,0.03439224517505901,5.0,False,611.2455441937922,15.293274076948249,339.9722512667891
2024-06-19,TJS_RUB,2024-06-19,M01,Заметное изменение за пять обновлений,8.09353,-0.022622046502416504,-0.023540624830340362,0.005849021086302834,0.012895912591267811,8.28865,0.024489241735837382,0.024462295533402074,9.0,False,478.65393715721024,117.9617843727259,235.40624830340363
2024-06-19,UZS_RUB,2024-06-19,M01,Заметное изменение за пять обновлений,0.00689947,-0.022621671700315593,-0.01952572663698482,0.006274386201796124,0.012409132559507553,0.00703687,0.022957640122908598,0.022943386830681273,12.0,False,515.5613402188869,66.7525740330568,195.2572663698482
2024-06-24,KGS_RUB,2024-06-22,M03,Возвращение к уровню пяти обновлений назад,1.01384,0.031398528550036,0.00010851015556423427,0.006191582702367618,0.011907481173325789,1.01373,0.06802913473897658,0.06775932498886256,18.0,False,306.05420973723744,-101.75659948939757,1.0851015556423427
2024-06-24,TJS_RUB,2024-06-22,M03,Возвращение к уровню пяти обновлений назад,8.26858,0.03121102674874554,-0.0013647540785615142,0.007091627475115381,0.013352487427925054,8.27988,0.07118735851832997,0.07088533176558624,24.0,False,377.18689303362896,-134.202758783462,13.647540785615142
2024-06-25,AMD_RUB,2024-06-25,M01,Заметное изменение за пять обновлений,0.225159,-0.005463877453665167,-0.01698755730189916,0.007253847107679916,0.013674642197447096,0.22905,0.06206284161635006,0.07362692669239707,6.0,False,277.4483809219264,-26.86574760320293,169.8755730189916
2024-06-26,KGS_RUB,2024-06-26,M01,Заметное изменение за пять обновлений,1.00797,0.0001289887283695279,0.01452688727244178,0.0059304777004675294,0.011907481173325789,0.993537,0.06790933538101179,0.06788977478766178,7.0,False,249.60068255999724,-31.76440803387614,145.2688727244178
2024-06-27,AMD_RUB,2024-06-27,M01,Заметное изменение за пять обновлений,0.226113,0.005728900255754565,0.06335560874901836,0.00694541656862202,0.013063033195147835,0.212641,0.028230343209350764,0.061811334999011334,2.0,False,318.4690840420503,-78.29164726372996,633.5560874901836
2024-06-27,TJS_RUB,2024-06-27,M01,Заметное изменение за пять обновлений,8.2326,0.006066264530194543,0.0683183387770514,0.007091627475115381,0.013352487427925054,7.70613,0.03059152165255346,0.06942452954785494,8.0,False,335.1310643053228,-88.6161678960607,683.1833877705141
2024-06-27,UZS_RUB,2024-06-27,M01,Заметное изменение за пять обновлений,0.00697629,0.007146167272286119,0.06609808428181951,0.006941683382069131,0.014436799734473073,0.00654376,0.03194436763731247,0.06317083934469478,8.0,False,318.99476655930215,-90.15024604807579,660.9808428181951
2024-06-28,KGS_RUB,2024-06-28,M03,Возвращение к уровню пяти обновлений назад,0.982811,-0.03213286851020236,-0.00016785760791715454,0.006191582702367618,0.013736395879220622,0.982976,0.03244793403847839,0.03256995609792039,4.0,False,0.0,230.01027317207965,1.6785760791715454
2024-06-28,UZS_RUB,2024-06-28,M03,Возвращение к уровню пяти обновлений назад,0.00675375,-0.03189947665593018,-0.00027828640704130603,0.007094809065174213,0.014954050473741813,0.00675563,0.032218284013714175,0.03233659272806874,28.0,False,0.0,227.3034995767504,2.7828640704130603
2024-07-01,AMD_RUB,2024-06-29,M01,Заметное изменение за пять обновлений,0.220909,0.009122387077912686,-0.024236293927454522,0.007253847107679916,0.013063033195147835,0.226396,0.03226491552246676,0.033452679477380065,4.0,True,0.0,180.6085662227879,242.36293927454523
2024-07-01,KGS_RUB,2024-06-29,M01,Заметное изменение за пять обновлений,0.991932,0.009280522908270195,-0.021608932375917322,0.007112472457108289,0.013736395879220622,1.01384,0.03258993770067189,0.03252150018115112,5.0,True,0.0,199.51000777572185,216.08932375917323
2024-07-01,KZT_RUB,2024-06-29,M01,Заметное изменение за пять обновлений,0.184198,0.005431133769643548,-0.03754251945052589,0.008040447636517326,0.019730525667655898,0.191383,0.025829869835503144,0.04373232396135727,12.0,True,79.26253270936651,110.23012462441896,375.4251945052589
2024-07-01,TJS_RUB,2024-06-29,M01,Заметное изменение за пять обновлений,8.04104,0.010599871806150851,-0.027518630768523678,0.007352020983384236,0.01363212067543893,8.26858,0.03396584407523159,0.03828086339377099,4.0,False,0.0,184.27220856874806,275.1863076852368
2024-07-01,UZS_RUB,2024-06-29,M01,Заметное изменение за пять обновлений,0.0068297,0.01124560429391086,-0.018570383665304835,0.007212146367204065,0.014954050473741813,0.00695893,0.03233929315669507,0.032278690779550936,4.0,False,0.0,146.15089397567507,185.70383665304834
2024-07-02,AMD_RUB,2024-07-02,M03,Возвращение к уровню пяти обновлений назад,0.224958,0.018328814127084092,-0.0008927024902402048,0.00844993988226679,0.013112658057967422,0.225159,0.03227072815059739,0.032222218907639544,15.0,False,0.0,14.267994795036039,8.927024902402048
2024-07-02,TJS_RUB,2024-07-02,M03,Возвращение к уровню пяти обновлений назад,8.18631,0.01806607105548541,-0.0017948964947084312,0.008220596863343844,0.014184055522369262,8.20103,0.03397815890349686,0.03392168627296692,8.0,False,0.0,20.3630152425394,17.948964947084313
2024-07-04,AMD_RUB,2024-07-04,M03,Возвращение к уровню пяти обновлений назад,0.226537,-0.0006749305218580748,0.0018751686103850584,0.008638464688588155,0.013112658057967422,0.226113,0.034785144265773206,0.03472014010664237,2.0,False,17.480588159990628,-56.90689795571486,18.751686103850584
2024-07-04,TJS_RUB,2024-07-04,M03,Возвращение к уровню пяти обновлений назад,8.24411,-0.0004716294859360426,0.0013981002356484584,0.008425945874232487,0.014184055522369262,8.2326,0.03580721484033887,0.03573592951446731,2.0,False,15.404937585741608,-54.43787188434297,13.981002356484584
2024-07-05,AMD_RUB,2024-07-05,M01,Заметное изменение за пять обновлений,0.227132,0.002626502513938256,0.037549334892559516,0.008638464688588155,0.013112658057967422,0.218912,0.027627669757224603,0.03666538303133213,4.0,False,43.63101632530827,-83.86498137566868,375.49334892559517
2024-07-05,KGS_RUB,2024-07-05,M01,Заметное изменение за пять обновлений,1.02439,0.002377783866296168,0.042306201294043166,0.009098352323313597,0.014482311988307383,0.982811,0.032004294321973846,0.04121021663966103,4.0,False,0.0,-77.1769463472372,423.06201294043166
2024-07-05,TJS_RUB,2024-07-05,M01,Заметное изменение за пять обновлений,8.26801,0.002899039435427353,0.03912551686000487,0.008425945874232487,0.014184055522369262,7.9567,0.027687729933074626,0.03816307437637626,4.0,False,44.26700016086092,-85.76327238672687,391.2551686000487
2024-07-05,UZS_RUB,2024-07-05,M01,Заметное изменение за пять обновлений,0.00700255,0.0009634338268191822,0.03683879326300188,0.00797453332872784,0.016054854063408276,0.00675375,0.02485506842081947,0.035949142366839645,4.0,False,98.70689962942039,-94.0214290112264,368.3879326300188
2024-07-09,AMD_RUB,2024-07-09,M04,Пять обновлений в узком диапазоне,0.227309,0.0006162812707719567,0.010450839712301985,0.008638464688588155,0.014008905446608202,0.224958,0.003401369535889395,0.010373622494567282,28.0,False,51.38379914565646,-65.45778275598677,34.01369535889395
2024-07-09,TJS_RUB,2024-07-09,M04,Пять обновлений в узком диапазоне,8.2579,-0.001385838807356432,0.008745087835666965,0.008425945874232487,0.01625511824692829,8.18631,0.0030578351060301656,0.010072020097955105,49.0,False,32.07837343634461,-47.635563143827476,30.578351060301657
2024-07-09,UZS_RUB,2024-07-09,M04,Пять обновлений в узком диапазоне,0.00699546,9.435580717109815e-05,0.0062948631270050015,0.00797453332872784,0.018653525551459983,0.0069517,0.0015337142700319942,0.007276041718834268,28.0,False,88.67179570750207,-59.352405050498184,15.337142700319943
2024-07-11,KGS_RUB,2024-07-11,M04,Пять обновлений в узком диапазоне,1.02768,0.00010704866821709125,0.00559708794864755,0.009098352323313597,0.016999970036557403,1.02196,0.0035257427921936728,0.005897040595357528,100.0,False,0.0,-6.351198757470144,35.257427921936724
2024-07-15,KGS_RUB,2024-07-13,M04,Пять обновлений в узком диапазоне,1.02864,-0.0026663046956050263,0.0025535564608878403,0.009098352323313597,0.016999970036557403,1.02602,0.0037135763295477547,0.0052226261932048455,4.0,True,10.304868564318527,27.464194750640306,37.135763295477545
2024-07-15,KZT_RUB,2024-07-13,M03,Возвращение к уровню пяти обновлений назад,0.18501,0.006085126515164019,-0.002076647158769096,0.009184181772839488,0.019890390824061945,0.185395,0.012945735340555306,0.014401942663248174,42.0,False,101.67017999027196,-10.391177727787237,20.76647158769096
2024-07-16,AMD_RUB,2024-07-16,M04,Пять обновлений в узком диапазоне,0.226419,0.001229321529488292,-0.0039153751061330455,0.008638464688588155,0.014008905446608202,0.227309,0.0029363168078306444,0.005154153918569085,7.0,False,275.0652551243496,-12.645315842296215,29.363168078306444
2024-07-22,AMD_RUB,2024-07-20,M04,Пять обновлений в узком диапазоне,0.226641,0.0006711142704503015,0.0022110099451226883,0.00844993988226679,0.014008905446608202,0.226141,0.004986803269508688,0.00621556405471811,6.0,False,284.5910492805808,-94.26052970752936,49.868032695086875
2024-07-23,KGS_RUB,2024-07-23,M04,Пять обновлений в узком диапазоне,1.03759,-0.0022309622948138985,0.007956090926753312,0.009098352323313597,0.015124509347921228,1.0294,0.003981605560750785,0.010145195672283922,8.0,False,223.7878159966848,-80.37694910863215,39.816055607507856
2024-07-25,AMD_RUB,2024-07-25,M01,Заметное изменение за пять обновлений,0.222844,-0.00980226616307489,-0.017849744814759427,0.00844993988226679,0.014008905446608202,0.226894,0.016839511516682615,0.01794282220656852,20.0,False,119.0518928039341,41.76110350603847,178.49744814759427
2024-07-25,TJS_RUB,2024-07-25,M01,Заметное изменение за пять обновлений,8.1203,-0.008074367243232738,-0.017143673277704607,0.008425945874232487,0.014135815082294785,8.26194,0.016796989114118303,0.017236382266223926,20.0,False,131.7439010873983,48.56601235818502,171.43673277704607
2024-07-26,KGS_RUB,2024-07-26,M01,Заметное изменение за пять обновлений,1.01437,-0.01285544677786643,-0.02110514938624264,0.009098352323313597,0.015124509347921228,1.03624,0.024775862838339824,0.024754258575709256,21.0,True,0.0,133.24112771851722,211.05149386242638
2024-07-26,KZT_RUB,2024-07-26,M01,Заметное изменение за пять обновлений,0.180156,-0.01623445767737486,-0.026536335489309226,0.010639124604743611,0.019890390824061945,0.185067,0.02381711599951065,0.026767926816528047,25.0,True,0.0,138.17538013348383,265.36335489309226
2024-07-26,UZS_RUB,2024-07-26,M01,Заметное изменение за пять обновлений,0.00676513,-0.01635880912638632,-0.030911398497619147,0.00797453332872784,0.018653525551459983,0.00698092,0.031868628772694904,0.03180978031835797,21.0,True,0.0,176.95047208019358,309.1139849761915
2024-08-01,TJS_RUB,2024-08-01,M03,Возвращение к уровню пяти обновлений назад,8.11722,-0.0010829409723334127,-0.00037929633141642327,0.00893571308585024,0.014297868861341,8.1203,0.014625844200512737,0.014616243304234649,28.0,False,129.55174308445464,10.085931432547035,3.7929633141642327
2024-08-01,UZS_RUB,2024-08-01,M03,Возвращение к уровню пяти обновлений назад,0.00686618,9.176249535736147e-05,-0.0016662692435195359,0.008528153195818839,0.018653525551459983,0.00687764,0.015296275260310545,0.016458186391045352,34.0,False,166.94872549219525,-26.43982962188573,16.66269243519536
2024-08-05,KGS_RUB,2024-08-03,M03,Возвращение к уровню пяти обновлений назад,1.0199,-0.0009501699530791718,0.001728642426385374,0.009884310887036032,0.014992529729523524,1.01814,0.0099064402597731,0.011636408638885275,38.0,False,143.54348465535824,61.585235134763124,17.28642426385374
2024-08-05,KZT_RUB,2024-08-03,M03,Возвращение к уровню пяти обновлений назад,0.180536,-0.002547003541495063,0.0016255832404032944,0.011091705996589952,0.020612190335761362,0.180243,0.010293542290037684,0.011921574684996933,21.0,False,113.55075995923231,103.89555472781666,16.255832404032944
2024-08-06,AMD_RUB,2024-08-06,M01,Заметное изменение за пять обновлений,0.21906,-0.00863473444118601,-0.018908823819206222,0.009482014583678412,0.017159994804471217,0.223282,0.014574292251198932,0.01906592616732888,12.0,True,0.0,224.40314322926292,189.08823819206222
2024-08-06,KGS_RUB,2024-08-06,M01,Заметное изменение за пять обновлений,1.00526,-0.014354348465535849,-0.02406679287413216,0.009884310887036032,0.014992529729523524,1.03005,0.021684379008814834,0.024271440670083532,11.0,True,0.0,214.12565512011005,240.6679287413216
2024-08-06,TJS_RUB,2024-08-06,M01,Заметное изменение за пять обновлений,8.01206,-0.008439095325020851,-0.014703097291806522,0.00893571308585024,0.014297868861341,8.13162,0.014096263278022016,0.01477457527421195,12.0,True,0.0,227.10490286627305,147.03097291806523
2024-08-07,KZT_RUB,2024-08-07,M01,Заметное изменение за пять обновлений,0.178486,-0.002860367154940202,-0.021479792109822204,0.011091705996589952,0.020612190335761362,0.182404,0.014747411010067069,0.021715153496982185,12.0,True,0.0,242.83793900911482,214.79792109822205
2024-08-08,AMD_RUB,2024-08-08,M03,Возвращение к уровню пяти обновлений назад,0.221686,0.010520653848608452,-0.0008428244986996569,0.009482014583678412,0.01806156061564879,0.221873,0.011911673984831393,0.01274626119489205,35.0,False,0.0,143.94513101481957,8.42824498699657
2024-08-08,TJS_RUB,2024-08-08,M03,Возвращение к уровню пяти обновлений назад,8.11471,0.009995768196753962,-0.00030921916616766243,0.00893571308585024,0.015164298242449964,8.11722,0.012726911596999967,0.013024213982204581,7.0,False,0.0,134.69946707584674,3.0921916616766243
2024-08-09,UZS_RUB,2024-08-09,M03,Возвращение к уровню пяти обновлений назад,0.00684826,0.0051562204155799485,0.0014228204014605783,0.009535664012464598,0.018653525551459983,0.00683853,0.014226171860864459,0.014212061613521837,8.0,False,0.0,124.49321520732317,14.228204014605783
2024-08-12,AMD_RUB,2024-08-10,M01,Заметное изменение за пять обновлений,0.226655,0.017224897561676222,0.02573675826364008,0.009903767346290306,0.01806156061564879,0.220968,0.03422416807558783,0.03424863441367717,6.0,False,0.0,11.399342775006271,257.3675826364008
2024-08-12,KZT_RUB,2024-08-10,M01,Заметное изменение за пять обновлений,0.184415,0.01328036571830471,0.021486019408871293,0.01139841009125351,0.021173859739266512,0.180536,0.032822442157988324,0.032825549560821884,5.0,False,0.0,7.0082527595000155,214.86019408871294
2024-08-12,TJS_RUB,2024-08-10,M01,Заметное изменение за пять обновлений,8.31046,0.01646061341409144,0.028490455122057057,0.009322139378879069,0.015164298242449964,8.08025,0.036705815436173204,0.036742916152928136,6.0,False,0.0,-21.686899197208337,284.90455122057057
2024-08-12,UZS_RUB,2024-08-10,M01,Заметное изменение за пять обновлений,0.0069548,0.015557236436700705,0.02045817028275776,0.009535664012464598,0.018653525551459983,0.00681537,0.029776205991280218,0.029783878215077376,17.0,False,0.0,33.106556187276475,204.5817028275776
2024-08-13,KGS_RUB,2024-08-13,M01,Заметное изменение за пять обновлений,1.05325,0.022225457368855173,0.04773889342060755,0.01064893739286803,0.018670221125223943,1.00526,0.04530055551758813,0.04699825841697118,7.0,False,162.54450510325208,-160.27120699515584,477.38893420607553
2024-08-21,KGS_RUB,2024-08-21,M01,Заметное изменение за пять обновлений,1.05862,0.013188622181386611,-0.02120105404280903,0.012971362297369329,0.020968633035214037,1.08155,0.021512308598801568,0.043196872934429593,8.0,False,0.0,0.260889904463525,212.0105404280903
2024-08-21,TJS_RUB,2024-08-21,M01,Заметное изменение за пять обновлений,8.50106,0.01204420534078432,-0.027993720478990514,0.011707912914790458,0.023779110376515904,8.74589,0.020014807103222454,0.04880959484456097,9.0,False,0.0,-9.964419994893468,279.93720478990514
2024-08-21,UZS_RUB,2024-08-21,M01,Заметное изменение за пять обновлений,0.00717466,0.014228139343879898,-0.021976913471867032,0.013790125759781448,0.021456987258603146,0.00733588,0.020670991121334695,0.04316342938998268,9.0,False,0.0,-35.282842539733416,219.76913471867033
2024-08-22,KZT_RUB,2024-08-22,M01,Заметное изменение за пять обновлений,0.192291,0.015028187749414057,0.024295530815532818,0.014613187756873149,0.023926281872578038,0.18773,0.03849760361198413,0.03850367569763733,10.0,False,163.5541965042556,-174.24746526350924,242.95530815532817
2024-08-23,AMD_RUB,2024-08-23,M01,Заметное изменение за пять обновлений,0.235279,-0.0034182458934456372,0.02875794702276324,0.013020772851206308,0.02515092247475739,0.228702,0.030120869809333203,0.0317931208194565,11.0,False,0.0,-59.88868856314157,287.57947022763244
2024-08-23,KGS_RUB,2024-08-23,M01,Заметное изменение за пять обновлений,1.06774,-0.003034575486232538,0.030507754818410726,0.013237902620185472,0.021124330317555916,1.03613,0.03180165164027594,0.03311731185468674,2.0,False,0.0,-46.56201861942958,305.0775481841073
2024-08-23,TJS_RUB,2024-08-23,M01,Заметное изменение за пять обновлений,8.55775,-0.004220376494353029,0.026995727726574437,0.012270242294375436,0.024733600115016862,8.3328,0.02994016213567887,0.030897953285603377,2.0,False,5.468727177120694,-49.37544794695306,269.9572772657444
2024-08-23,UZS_RUB,2024-08-23,M01,Заметное изменение за пять обновлений,0.0072193,-0.0059004564763879275,0.026257393821103925,0.014246108911834287,0.020761918920579617,0.00703459,0.03272251857962855,0.03281203117156991,2.0,False,4.612635574085169,-61.81227743747506,262.57393821103926
2024-08-28,KZT_RUB,2024-08-28,M03,Возвращение к уровню пяти обновлений назад,0.189146,-0.004997474960020121,-0.0015730242182385723,0.015036560551128586,0.02707161986500411,0.189444,0.016472212503587647,0.016493573013123087,23.0,False,291.0978820593621,-31.62992083427868,15.730242182385723
2024-08-29,UZS_RUB,2024-08-29,M04,Пять обновлений в узком диапазоне,0.00722759,0.0009874717123286025,-0.004758921256101889,0.014246108911834287,0.024590541973439357,0.00726215,0.001914121148505943,0.005925548286073836,51.0,False,288.94832163971677,-90.95122988699265,19.14121148505943
2024-08-30,AMD_RUB,2024-08-30,M04,Пять обновлений в узком диапазоне,0.235799,0.0002630049589160688,0.002210142001623616,0.013020772851206308,0.026690865028820634,0.235279,0.0030848869355038556,0.005028175731774186,39.0,False,299.11068325141343,-81.37531406452976,30.848869355038556
2024-08-30,KGS_RUB,2024-08-30,M04,Пять обновлений в узком диапазоне,1.07522,0.0006142048838595482,0.007005450765167787,0.013237902620185472,0.024975569614127783,1.06774,0.0034141376930104717,0.008661301213047912,38.0,False,259.3887762504415,-73.8328902348618,34.14137693010472
2024-08-30,TJS_RUB,2024-08-30,M04,Пять обновлений в узком диапазоне,8.56655,-0.0009784325021516826,0.0010283076743302644,0.012270242294375436,0.027100308334964286,8.55775,0.004034993251701098,0.005062823750496694,52.0,False,313.4050463722272,-75.87421441136098,40.349932517010984
2024-09-03,AMD_RUB,2024-09-03,M02,Заметное изменение после спокойного периода,0.232178,-0.01328074865173845,-0.01812953291184749,0.013020772851206308,0.026690865028820634,0.236465,0.015771541602228673,0.01822489701466528,81.0,False,147.8176226860422,81.41165614743336,132.8074865173845
2024-09-04,AMD_RUB,2024-09-04,M01,Заметное изменение за пять обновлений,0.228746,-0.01478176226860417,-0.030260636584083733,0.013082436401445042,0.026690865028820634,0.235884,0.03019876464659355,0.030511944954821287,12.0,True,0.0,225.58413520723207,302.6063658408373
2024-09-04,KGS_RUB,2024-09-04,M01,Заметное изменение за пять обновлений,1.04733,-0.014008529386844382,-0.025304321929791707,0.013237902620185472,0.024975569614127783,1.07452,0.026147626744268865,0.02611545484339152,12.0,True,0.0,222.12135384527915,253.04321929791706
2024-09-04,KZT_RUB,2024-09-04,M01,Заметное изменение за пять обновлений,0.18364,-0.017274225656613296,-0.029109788205936238,0.015036560551128586,0.02707161986500411,0.189146,0.03529179013829533,0.03525698923588606,13.0,True,0.0,259.06269836117815,291.0978820593624
2024-09-04,TJS_RUB,2024-09-04,M01,Заметное изменение за пять обновлений,8.29807,-0.015669909384982916,-0.032141540815802894,0.013413334001228553,0.027100308334964286,8.57364,0.03263221663822292,0.03257521505422739,12.0,True,0.0,241.42603965724965,321.4154081580289
2024-09-04,UZS_RUB,2024-09-04,M01,Заметное изменение за пять обновлений,0.00701875,-0.015438761869091766,-0.027935893281037516,0.014246108911834287,0.024590541973439357,0.00722046,0.029156334298789055,0.029117245805612237,12.0,True,0.0,192.90587006087395,279.35893281037517
2024-09-10,UZS_RUB,2024-09-10,M03,Возвращение к уровню пяти обновлений назад,0.0071169,0.006888589897583675,-0.001670685570242525,0.014542142120739834,0.026705747045384687,0.00712881,0.013890284443022942,0.015552791075492182,32.0,False,0.0,37.973772301341505,16.70685570242525
2024-09-11,AMD_RUB,2024-09-11,M01,Заметное изменение за пять обновлений,0.2353,0.007868484513606111,0.028651867136474607,0.013330896214639544,0.02784042314559252,0.228746,0.025317577878556534,0.028278705323723022,7.0,False,19.84700382490535,-45.105702004753525,286.51867136474607
2024-09-11,KGS_RUB,2024-09-11,M01,Заметное изменение за пять обновлений,1.0821,0.00804873958973773,0.03319870527913826,0.01346507933070984,0.025965592858655417,1.04733,0.026266669412528965,0.03265453065568892,7.0,False,60.90010165419181,-70.04330400903318,331.9870527913826
2024-09-11,KZT_RUB,2024-09-11,M01,Заметное изменение за пять обновлений,0.190258,0.011542530850085386,0.036037900239599185,0.015036560551128586,0.02938685913086401,0.18364,0.03233742694503665,0.03552662304721233,7.0,False,6.990507626487295,-72.09555061624911,360.37900239599185
2024-09-11,TJS_RUB,2024-09-11,M01,Заметное изменение за пять обновлений,8.54988,0.008046802324553237,0.03034561048532991,0.01450144844257675,0.027613648710617045,8.29807,0.024755260492854692,0.02991131492901006,7.0,False,25.263512470349756,-46.527461789087354,303.4561048532991
2024-09-17,AMD_RUB,2024-09-17,M04,Пять обновлений в узком диапазоне,0.235394,0.0023889317089165196,0.008271117907334258,0.010797560934965448,0.027341844030241272,0.233463,0.0035275587338530253,0.009362273159923261,18.0,False,0.0,35.596126776959224,35.27558733853025
2024-09-17,TJS_RUB,2024-09-17,M04,Пять обновлений в узком диапазоне,8.55066,0.0026242102745219764,0.008138765779691193,0.010666918828136397,0.027613648710617045,8.48163,0.003640051660418162,0.009109912927071263,18.0,False,0.0,40.878331722138434,36.40051660418162
2024-09-19,KZT_RUB,2024-09-19,M04,Пять обновлений в узком диапазоне,0.190731,0.002602031161294427,-0.0022024357579307763,0.011834774693272768,0.026893636271385284,0.191152,0.0033230579272519223,0.005388304179477225,164.0,False,0.0,44.211757091107245,33.23057927251922
2024-09-20,KZT_RUB,2024-09-20,M02,Заметное изменение после спокойного периода,0.193536,0.014706576277584649,0.014562954109395232,0.011834774693272768,0.02507166429987711,0.190758,0.017854637808909966,0.01785907509084005,273.0,False,48.828125000000064,-82.78076691785905,147.06576277584648
2024-09-24,KGS_RUB,2024-09-24,M01,Заметное изменение за пять обновлений,1.10291,0.0034847326855187433,0.024571279936086876,0.011687579494031874,0.022345506114133357,1.07646,0.019762881980310218,0.024242664951705694,13.0,False,51.40945317387696,-56.161578620133284,245.71279936086876
2024-10-03,UZS_RUB,2024-10-03,M01,Заметное изменение за пять обновлений,0.00741801,0.010336251654835538,0.02411032433798077,0.009721148809152827,0.022494649556470004,0.00724337,0.023859634556485522,0.023902861790375204,29.0,False,0.0,-28.622912235342504,241.1032433798077
2024-10-04,AMD_RUB,2024-10-04,M01,Заметное изменение за пять обновлений,0.245514,0.005850396991224471,0.029404488870067746,0.010313367016341024,0.025871768369664764,0.238501,0.02537079600046584,0.02903248508633581,23.0,False,14.907500183289148,-62.74438163760942,294.04488870067746
2024-10-04,KGS_RUB,2024-10-04,M01,Заметное изменение за пять обновлений,1.1251,0.004795798987256017,0.025166745635455845,0.011015975967858218,0.021343880119073958,1.09748,0.021577882670263,0.024887628721993512,10.0,False,44.707137143365834,-80.698149497654,251.66745635455845
2024-10-04,TJS_RUB,2024-10-04,M01,Заметное изменение за пять обновлений,8.91972,0.005511321939435154,0.027616327630959114,0.010183635940618888,0.02502593716219992,8.68001,0.0243970310130788,0.027290549689422197,23.0,False,7.343279833896941,-56.2468502778535,276.16327630959114
2024-10-08,AMD_RUB,2024-10-08,M01,Заметное изменение за пять обновлений,0.248275,0.012755559906668656,0.0314535695293805,0.010313367016341024,0.026491354584525697,0.240704,0.02903144119785329,0.03100975224145909,4.0,False,8.176417279227016,-88.48021535403743,314.53569529380496
2024-10-08,KGS_RUB,2024-10-08,M01,Заметное изменение за пять обновлений,1.13418,0.0125974269465301,0.02446030168909763,0.011015975967858218,0.022345506114133357,1.1071,0.02314839584113565,0.024198737042773734,4.0,False,93.19508367278534,-105.06513750024436,244.6030168909763
2024-10-08,KZT_RUB,2024-10-08,M01,Заметное изменение за пять обновлений,0.199371,0.01473978877719806,0.024911965043053597,0.013047246250109402,0.02437752395293007,0.194525,0.027233436721411503,0.02728303088188475,27.0,False,182.97545781482688,-133.64394934135348,249.11965043053596
2024-10-08,TJS_RUB,2024-10-08,M01,Заметное изменение за пять обновлений,9.02543,0.012594845604874783,0.03115245933853994,0.010183635940618888,0.026357125998216803,8.75276,0.02830279621424968,0.030720247681785655,4.0,False,17.051819137703152,-90.10093399990997,311.5245933853994
2024-10-08,UZS_RUB,2024-10-08,M01,Заметное изменение за пять обновлений,0.00751975,0.009900577891843065,0.025688065886281253,0.010387963787842881,0.02371773717391843,0.00733142,0.023891499263873447,0.025389539728929347,5.0,False,11.064197612952595,-70.23379827449973,256.88065886281254
2024-10-15,AMD_RUB,2024-10-15,M03,Возвращение к уровню пяти обновлений назад,0.248242,0.0004513762946842803,-0.00013291712818452872,0.011942462747060146,0.027341844030241272,0.248275,0.01241889598221625,0.012426724484060013,68.0,False,1.7724639666127606,17.500216861754065,1.3291712818452872
2024-10-15,TJS_RUB,2024-10-15,M03,Возвращение к уровню пяти обновлений назад,9.01681,0.000751384011613565,-0.0009550791485835042,0.011109236453369364,0.02735991977683372,9.02543,0.013241723122427143,0.013249047884665818,68.0,False,5.600650340862111,20.549383344581273,9.550791485835042
2024-10-15,UZS_RUB,2024-10-15,M03,Возвращение к уровню пяти обновлений назад,0.00751964,-0.0005781506886638477,-1.4628145882489285e-05,0.01073395803326125,0.024425872647640873,0.00751975,0.013044835130133058,0.013053364641261085,35.0,True,28.29922709065894,15.03444099125997,0.14628145882489285
2024-10-17,KGS_RUB,2024-10-17,M03,Возвращение к уровню пяти обновлений назад,1.13751,0.0025294366495098863,-0.0003339514364306684,0.011804313795457056,0.024145494637125255,1.13789,0.01563308703125032,0.015620036005506766,73.0,False,119.73521111902282,-73.12465474418259,3.339514364306684
2024-10-17,KZT_RUB,2024-10-17,M03,Возвращение к уровню пяти обновлений назад,0.199534,-0.004286576876437742,0.001164062578398628,0.014304004068129884,0.02474679021062598,0.199302,0.02354628180512744,0.02352712000174638,50.0,False,82.69267393025675,-61.56450538170134,11.64062578398628
2024-10-18,AMD_RUB,2024-10-18,M03,Возвращение к уровню пяти обновлений назад,0.250727,-0.0015967952597879531,-0.0017518224926045267,0.011942462747060146,0.027341844030241272,0.251167,0.01200376368841476,0.012148469740829917,3.0,False,100.86667969544469,-56.58716030895875,17.518224926045267
2024-10-18,TJS_RUB,2024-10-18,M03,Возвращение к уровню пяти обновлений назад,9.12129,-0.000367137772010695,-0.0009485265527192643,0.011109236453369364,0.02735991977683372,9.12995,0.012628249460158794,0.013200032804684878,3.0,False,120.08169897021087,-69.94658036925173,9.485265527192643
2024-10-18,UZS_RUB,2024-10-18,M03,Возвращение к уровню пяти обновлений назад,0.00760339,0.00013943093762036618,-0.0008567775440182501,0.01073395803326125,0.024425872647640873,0.00760991,0.01107024922402505,0.011920367140793343,3.0,False,138.13575260508784,-77.72928051784855,8.567775440182501
2024-10-22,AMD_RUB,2024-10-22,M03,Возвращение к уровню пяти обновлений назад,0.248198,-0.003136810735041906,-0.00017724639666127917,0.01083483440163218,0.026491354584525697,0.248242,0.01172393924358591,0.011737042185253052,4.0,True,0.0,55.6234774804472,1.7724639666127917
2024-10-22,KGS_RUB,2024-10-22,M03,Возвращение к уровню пяти обновлений назад,1.12389,-0.003369720401883547,-9.786476868334226e-05,0.011687579494031874,0.024145494637125255,1.124,0.012031844635493382,0.012046026079086287,5.0,True,0.0,44.47607112291053,0.9786476868334226
2024-10-22,TJS_RUB,2024-10-22,M03,Возвращение к уровню пяти обновлений назад,9.01176,-0.003845664921986791,-0.0005600650340862323,0.01096635140562543,0.027055745743920025,9.01681,0.012430097220802789,0.012444800178160714,4.0,True,0.0,61.16068706553361,5.600650340862323
2024-10-23,KZT_RUB,2024-10-23,M03,Возвращение к уровню пяти обновлений назад,0.200531,0.012210264900662127,0.0006886468090203657,0.013471999387619851,0.02437752395293007,0.200393,0.013304743465244726,0.013288697411456708,6.0,False,156.9832095785681,-95.6547568103648,6.886468090203657
2024-11-01,KZT_RUB,2024-11-01,M03,Возвращение к уровню пяти обновлений назад,0.198634,0.006337931838101607,-0.0007746946495763574,0.013471999387619851,0.02437752395293007,0.198788,0.015303026040264107,0.015306327553399585,9.0,True,0.0,36.83775694532426,7.746946495763574
2024-11-06,KZT_RUB,2024-11-06,M03,Возвращение к уровню пяти обновлений назад,0.200376,0.002621940235774556,0.004310431243609525,0.013047246250109402,0.02437752395293007,0.200429,0.015028706687648921,0.015278509266922443,5.0,False,81.69641074779413,-40.52578531832643,43.10431243609525
2024-11-11,KGS_RUB,2024-11-09,M04,Пять обновлений в узком диапазоне,1.13496,-0.00243467254972618,-0.0006251816108552299,0.00763659060221591,0.019905287647555128,1.1308,0.00397395477076794,0.0076387941617787666,73.0,True,0.0,67.50666252711459,39.7395477076794
2024-11-11,KZT_RUB,2024-11-09,M03,Возвращение к уровню пяти обновлений назад,0.19876,-0.0025993837754293425,-0.0040387641181363065,0.01132399616684503,0.022192816456488452,0.198634,0.010723911570515127,0.011365808901797675,5.0,True,1.056550613805255,71.45575642245412,40.387641181363065
2024-11-12,AMD_RUB,2024-11-12,M04,Пять обновлений в узком диапазоне,0.252878,0.0012670356908115465,0.003659369096191245,0.007217411242068785,0.023836065357766237,0.251956,0.004006343772743171,0.00638967108614526,56.0,True,3.7567522678924914,60.937709678666636,40.06343772743171
2024-11-12,TJS_RUB,2024-11-12,M04,Пять обновлений в узком диапазоне,9.19377,0.0015054548227386721,0.0035497339336880707,0.008076245142950111,0.02393104578847769,9.16125,0.004627113144326695,0.006664170261140208,56.0,True,0.0,72.26804940079673,46.27113144326695
2024-11-14,KZT_RUB,2024-11-14,M04,Пять обновлений в узком диапазоне,0.198739,-0.00048281238212599664,-0.010771367276745436,0.010806570027224805,0.022192816456488452,0.200903,0.0027090191742266817,0.01085865681827305,56.0,True,0.0,119.08186363187554,27.090191742266818
2024-11-15,AMD_RUB,2024-11-15,M02,Заметное изменение после спокойного периода,0.255438,0.0066561838667345,0.008571981347747615,0.006313803142203891,0.023836065357766237,0.253267,0.011361789355581374,0.01136338976229601,73.0,False,0.0,23.70862567710366,66.561838667345
2024-11-15,KZT_RUB,2024-11-15,M02,Заметное изменение после спокойного периода,0.201187,0.012317662864359757,0.00957958229207434,0.008608958790400497,0.022192816456488452,0.199278,0.012280106828903228,0.012280813235987627,56.0,False,13.420350221435404,14.929415557219349,123.17662864359758
2024-11-18,UZS_RUB,2024-11-16,M01,Заметное изменение за пять обновлений,0.00781219,0.010511025193605583,0.022827134373068825,0.006942877742802845,0.02215952258803813,0.00763784,0.022477075770992158,0.022662817100168983,41.0,False,15.629420175393001,35.21894567050904,228.27134373068824
2024-11-22,UZS_RUB,2024-11-22,M04,Пять обновлений в узком диапазоне,0.00783139,0.0036640693084533105,0.01299455563560925,0.007260543472781713,0.021449460702151903,0.00773093,0.004022085230303858,0.012885588560737436,85.0,False,0.0,193.55686202768763,40.22085230303858
2024-11-25,AMD_RUB,2024-11-23,M01,Заметное изменение за пять обновлений,0.263178,0.018025824120564193,0.021816360523220002,0.006719292337417949,0.01846390476057103,0.257559,0.023898659170018436,0.02391586505448005,48.0,False,165.2113778507329,42.41228997898874,218.1636052322
2024-11-25,KGS_RUB,2024-11-23,M01,Заметное изменение за пять обновлений,1.18585,0.018832747673829253,0.02578630497214629,0.006545046495442454,0.01847008728966251,1.15604,0.02615003453453971,0.026180066797586134,48.0,False,0.0,79.41930212519154,257.8630497214629
2024-11-25,KZT_RUB,2024-11-23,M01,Заметное изменение за пять обновлений,0.207279,0.019516897757622553,0.02367582783909916,0.009156031613463705,0.018014918583584554,0.202485,0.03135324591353157,0.03136428733999248,48.0,False,387.8829982776833,-43.09001258137615,236.75827839099162
2024-11-25,TJS_RUB,2024-11-23,M01,Заметное изменение за пять обновлений,9.61612,0.018309432587613195,0.02478158655864826,0.007065698279472258,0.020886534592767885,9.38358,0.025777846682492202,0.025804905921601555,48.0,False,67.05407170459567,36.738132239314865,247.8158655864826
2024-11-25,UZS_RUB,2024-11-23,M01,Заметное изменение за пять обновлений,0.00798617,0.019764052103138807,0.022270323686443882,0.007260543472781713,0.021449460702151903,0.00781219,0.023736075341482688,0.02375221865121327,7.0,False,0.0,103.56147010552216,222.70323686443882
2024-11-25,UZS_RUB,2024-11-23,M02,Заметное изменение после спокойного периода,0.00798617,0.019764052103138807,0.022270323686443882,0.007260543472781713,0.021449460702151903,0.00781219,0.023736075341482688,0.02375221865121327,357.0,False,0.0,103.56147010552216,197.64052103138806
2024-12-04,KZT_RUB,2024-12-04,M01,Заметное изменение за пять обновлений,0.202424,-0.0344531522034659,-0.039501966794623034,0.011611673247093314,0.02057970447782483,0.210749,0.08008131464344048,0.08013643732449818,9.0,False,638.412441212504,40.74227314238433,395.01966794623036
2024-12-05,AMD_RUB,2024-12-05,M01,Заметное изменение за пять обновлений,0.25883,-0.026010190334986416,-0.06151988600311098,0.0095068091500647,0.023836065357766237,0.275797,0.07436491117524491,0.07406050716795144,10.0,False,428.3892902677439,153.71132240865379,615.1988600311098
2024-12-05,KGS_RUB,2024-12-05,M01,Заметное изменение за пять обновлений,1.20088,-0.018375621239864026,-0.034941656755279826,0.008455632785366207,0.022424207877126453,1.24436,0.04992973813255976,0.04985000715537435,10.0,False,466.32469522350317,-18.289843972215323,349.41656755279826
2024-12-05,TJS_RUB,2024-12-05,M01,Заметное изменение за пять обновлений,9.55164,-0.0183258906777527,-0.05521260001404571,0.009456327448672664,0.02409491938963493,10.10983,0.0704736521804947,0.07017230730684532,10.0,False,467.2181949905986,38.741673311330395,552.1260001404571
2024-12-05,UZS_RUB,2024-12-05,M01,Заметное изменение за пять обновлений,0.0081273,-0.017391777443281686,-0.035316991183215185,0.00951186084563147,0.0228426424784669,0.00842484,0.04818094884505474,0.04808793551204022,10.0,False,474.9424778216639,-33.755612609873,353.16991183215185
2024-12-13,UZS_RUB,2024-12-13,M03,Возвращение к уровню пяти обновлений назад,0.00807965,0.007231688283193982,0.0013657832866298403,0.010371206362589548,0.02621390122482375,0.00806863,0.04297571005500804,0.042798513889541985,56.0,False,161.70254899655458,-120.93635123842797,13.657832866298403
2024-12-16,AMD_RUB,2024-12-14,M01,Заметное изменение за пять обновлений,0.262507,-0.004240872451398814,0.05959829177127829,0.011262497445147027,0.028786187469535787,0.247742,0.04849790355664185,0.06187502800017403,11.0,False,418.9602562979276,-208.98933793251996,595.9829177127829
2024-12-16,KGS_RUB,2024-12-14,M01,Заметное изменение за пять обновлений,1.18943,-0.006805390871591155,0.03843165329445353,0.009650158623771124,0.025290657502793936,1.14541,0.044858012049526136,0.04504594344326535,11.0,False,373.79248883919144,-150.7204206907357,384.31653294453525
2024-12-16,KZT_RUB,2024-12-14,M01,Заметное изменение за пять обновлений,0.197798,-0.016375670716242796,0.04378341011393072,0.014713218777507331,0.022890462838649442,0.189501,0.05131823560088493,0.06995555796433799,12.0,False,358.9015055763958,-120.10343864799053,437.8341011393072
2024-12-16,TJS_RUB,2024-12-14,M01,Заметное изменение за пять обновлений,9.45841,-0.005060737262426174,0.038772724227571276,0.011109236453369364,0.027738458707271187,9.10537,0.04105605053658312,0.04311647431238721,11.0,False,363.6763472930441,-142.65215042142287,387.72724227571274
2024-12-16,UZS_RUB,2024-12-14,M01,Заметное изменение за пять обновлений,0.00804275,-0.0045670295124171645,0.03846292896191783,0.010371206362589548,0.02621390122482375,0.00774486,0.04265294108007069,0.04282187756879073,11.0,False,406.2167790867541,-159.52165279152277,384.6292896191783
2024-12-19,KZT_RUB,2024-12-19,M01,Заметное изменение за пять обновлений,0.195891,-0.006280151575871584,-0.03629672994898381,0.014916123755715762,0.02392305527989005,0.203269,0.0262925306965295,0.037133129163196,3.0,False,265.0453568566193,-7.385648342427432,362.96729948983807
2024-12-25,AMD_RUB,2024-12-25,M01,Заметное изменение за пять обновлений,0.252364,-0.0175572459649479,-0.033180729815151966,0.011262497445147027,0.03219720635269866,0.261025,0.03688118447488101,0.03681228313492177,9.0,True,75.20882534751215,198.256356117939,331.80729815151966
2024-12-25,KZT_RUB,2024-12-25,M01,Заметное изменение за пять обновлений,0.190699,-0.016873569381147813,-0.03261823475997949,0.014916123755715762,0.026166974713967048,0.197129,0.03689851214682999,0.03682355422967832,6.0,True,0.0,230.03822178785705,326.1823475997949
2024-12-25,UZS_RUB,2024-12-25,M01,Заметное изменение за пять обновлений,0.00774089,-0.01781683501854392,-0.0323790737907379,0.010371206362589548,0.030837338858412267,0.00799992,0.03788206896882635,0.0378181265062405,9.0,True,84.61559329741213,196.84739505473678,323.790737907379
2024-12-26,TJS_RUB,2024-12-26,M01,Заметное изменение за пять обновлений,9.11443,-0.002606625995130285,-0.032814214434731204,0.01157610461424432,0.03117916892006507,9.42366,0.03968492554672223,0.039583412818637476,10.0,True,38.718822789795766,212.340774717272,328.142144347312
2024-12-27,KGS_RUB,2024-12-27,M01,Заметное изменение за пять обновлений,1.14057,-0.003842895447042194,-0.04052189713478127,0.010390014763566779,0.032642686782670044,1.18874,0.03098038197599438,0.041486580952804594,11.0,True,0.0,240.27326617129015,405.2189713478127
2024-12-30,KZT_RUB,2024-12-29,M03,Возвращение к уровню пяти обновлений назад,0.19486,-0.0012557340918991633,0.004577980327057585,0.015622073832863893,0.03147325767009251,0.195305,0.02155232693652396,0.023811205982957523,49.0,False,0.0,-10.690634563778039,45.77980327057585
2025-01-10,UZS_RUB,2025-01-10,M03,Возвращение к уровню пяти обновлений назад,0.00789102,0.0027154956065389424,0.019394410720214417,0.01131824648651858,0.03408639783968784,0.00788131,0.02772093377238424,0.027660061187447016,28.0,True,19.452491566363765,-3.409496873438317,193.94410720214415
2025-01-14,TJS_RUB,2025-01-14,M01,Заметное изменение за пять обновлений,9.38419,0.008126945793862417,0.03359899726185511,0.011160423840706857,0.032697486328567525,9.11443,0.03285584207137528,0.03295645491323605,19.0,False,432.4081247289324,-96.08670827175843,335.9899726185511
2025-01-17,AMD_RUB,2025-01-17,M03,Возвращение к уровню пяти обновлений назад,0.257162,-0.004224539501961333,-0.0023122463706266583,0.011134840504934608,0.03560991201708173,0.257758,0.012484167225090643,0.012487464427386573,87.0,False,422.65186924973324,-109.6232143101201,23.122463706266583
2025-01-17,TJS_RUB,2025-01-17,M03,Возвращение к уровню пяти обновлений назад,9.35224,-0.004198401349280734,0.00020106177730050412,0.011160423840706857,0.03297117100015599,9.35036,0.015178879155903215,0.015186205454401804,87.0,False,401.97856342437746,-112.06176565128833,2.010617773005041
2025-01-17,UZS_RUB,2025-01-17,M03,Возвращение к уровню пяти обновлений назад,0.00789817,-0.0035074571314299696,0.0009060932553712764,0.01131824648651858,0.03408639783968784,0.00789102,0.012401346042251104,0.012408941715117546,7.0,False,416.653477957552,-110.9000273953673,9.060932553712764
2025-01-20,KGS_RUB,2025-01-18,M03,Возвращение к уровню пяти обновлений назад,1.17111,0.0003587627809240601,-0.0002731703985725531,0.00927286993851686,0.03357627069841121,1.17143,0.010323544831248744,0.01032875176509822,90.0,False,515.7500149430882,-164.3854639506319,2.731703985725531
2025-01-22,AMD_RUB,2025-01-22,M01,Заметное изменение за пять обновлений,0.250547,-0.020397710389264967,-0.03649851175597407,0.010895663025900238,0.03560991201708173,0.260038,0.030138269971003714,0.037014479885653186,28.0,False,268.09341161538663,46.75944273822201,364.98511755974073
2025-01-22,KGS_RUB,2025-01-22,M01,Заметное изменение за пять обновлений,1.14269,-0.019932586004305475,-0.033927393855362586,0.008618108533844218,0.03357627069841121,1.18282,0.02826958230705192,0.034353611923177346,26.0,False,279.865930392319,37.81203334333814,339.27393855362584
2025-01-22,KZT_RUB,2025-01-22,M01,Заметное изменение за пять обновлений,0.188547,-0.019669318359070376,-0.03661483907558516,0.012658856211213255,0.03147325767009251,0.195713,0.027782429563583972,0.03715802791778154,28.0,False,119.97008703400141,133.48434048374565,366.1483907558516
2025-01-22,TJS_RUB,2025-01-22,M01,Заметное изменение за пять обновлений,9.12895,-0.020372794780443848,-0.03406349461637437,0.010726871457038102,0.03297117100015599,9.45088,0.028222708451858956,0.0344956046044144,8.0,False,282.04777110182357,35.610430250943864,340.6349461637437
2025-01-22,UZS_RUB,2025-01-22,M01,Заметное изменение за пять обновлений,0.00770154,-0.02051795336817208,-0.034155224112698,0.010694633931949252,0.03408639783968784,0.00797389,0.02855799131311782,0.03457123502304551,28.0,False,275.295590232602,39.49103293103459,341.55224112698
2025-01-27,AMD_RUB,2025-01-25,M01,Заметное изменение за пять обновлений,0.246293,-0.00864192561584276,-0.04059754981204844,0.011832107037880762,0.0380385415129522,0.256715,0.037959280845773255,0.04157060461257415,5.0,False,100.0028421433017,120.83662501699915,405.9754981204844
2025-01-27,KGS_RUB,2025-01-25,M01,Заметное изменение за пять обновлений,1.12365,-0.00844496214327306,-0.04052565514768047,0.010616429497360528,0.03496036186747067,1.17111,0.03715720979937908,0.041507481287670685,5.0,False,115.16041471988565,101.83968324745788,405.2565514768047
2025-01-27,TJS_RUB,2025-01-25,M01,Заметное изменение за пять обновлений,8.9763,-0.008418659576183818,-0.0402163290356935,0.01157610461424432,0.034826200859166934,9.35242,0.037674648118786506,0.04117546922048288,5.0,False,116.7853124338533,108.62590235386081,402.16329035693497
2025-01-27,UZS_RUB,2025-01-25,M01,Заметное изменение за пять обновлений,0.00757089,-0.00758836930675677,-0.042287462145074395,0.011626668634468153,0.03568204350454565,0.00790518,0.03831929370829487,0.04361185033635497,5.0,False,107.47745641529579,108.19049695319657,422.874621450744
2025-01-30,AMD_RUB,2025-01-30,M03,Возвращение к уровню пяти обновлений назад,0.246096,0.0007034722250460756,-0.0015457831765235408,0.011832107037880762,0.041313911696493996,0.246477,0.01873097444948814,0.018726401585854063,13.0,True,76.59612508939591,60.33595883514456,15.457831765235408
2025-01-30,TJS_RUB,2025-01-30,M03,Возвращение к уровню пяти обновлений назад,8.97272,0.0028040944920610933,-0.0006337425000639829,0.011619284240632277,0.03906144518919572,8.97841,0.020196057038912595,0.02019069485254749,13.0,False,131.69919489296555,38.20254135189454,6.337425000639829
2025-01-30,UZS_RUB,2025-01-30,M03,Возвращение к уровню пяти обновлений назад,0.00755397,-0.0004247616174287705,-0.001997598126062705,0.011626668634468153,0.03922783559854916,0.00756909,0.018420469233874557,0.018416806206293473,13.0,False,120.33407598918254,53.24470335402815,19.97598126062705
2025-02-03,AMD_RUB,2025-02-01,M03,Возвращение к уровню пяти обновлений назад,0.246158,-0.0005603014259265571,-0.0005481276365955079,0.011832107037880762,0.041313911696493996,0.246293,0.01003823975028961,0.010033934718390647,4.0,False,365.4969572388457,-22.014504563137354,5.481276365955079
2025-02-03,KZT_RUB,2025-02-01,M03,Возвращение к уровню пяти обновлений назад,0.188358,-0.0066658931980466685,0.001408877523352725,0.015646471644258385,0.03407580903528157,0.188093,0.012317160534717275,0.012327069779263683,35.0,False,140.6364476157097,19.811423107103714,14.088775233527251
2025-02-06,KGS_RUB,2025-02-06,M03,Возвращение к уровню пяти обновлений назад,1.12128,-0.004845838436551508,0.00044611788218906767,0.012507502576329604,0.03884970206251908,1.12078,0.02165159580609128,0.021668382499981542,17.0,False,789.9900114155259,-161.91302321366229,4.461178821890677
2025-02-06,TJS_RUB,2025-02-06,M03,Возвращение к уровню пяти обновлений назад,8.96238,-0.004805866532824998,-0.001152381886429188,0.01231817038709249,0.03906144518919572,8.97272,0.02157076159725274,0.021586153234517288,7.0,False,790.7720940196684,-158.4696607375199,11.52381886429188
2025-02-06,UZS_RUB,2025-02-06,M03,Возвращение к уровню пяти обновлений назад,0.00754337,-0.005915717173634039,-0.0014032356495988774,0.013101371797807593,0.03922783559854916,0.00755397,0.021001271462519254,0.021017032157492326,7.0,False,793.4915031345403,-143.3599862305578,14.032356495988774
2025-02-10,KZT_RUB,2025-02-08,M03,Возвращение к уровню пяти обновлений назад,0.188772,0.005057980428277764,0.002197942216417559,0.0164752504492238,0.03407580903528157,0.188358,0.026756859514606254,0.026780759290286178,7.0,False,391.106731930583,-120.70930021488924,21.97942216417559
2025-02-13,KGS_RUB,2025-02-13,M01,Заметное изменение за пять обновлений,1.07545,-0.01831110624275445,-0.04087293093607314,0.012507502576329604,0.03884970206251908,1.12128,0.03356546948916102,0.04154096463624844,17.0,False,625.226649309591,-26.85139431459013,408.72930936073135
2025-02-13,TJS_RUB,2025-02-13,M01,Заметное изменение за пять обновлений,8.59196,-0.018415084855166408,-0.041330539432606006,0.01232328794078104,0.03906144518919572,8.96238,0.03390875181743441,0.04201524671849217,17.0,False,630.8688587935699,-23.615314750220687,413.3053943260601
2025-02-13,UZS_RUB,2025-02-13,M01,Заметное изменение за пять обновлений,0.00724565,-0.01891715502020208,-0.03946777103602228,0.013101371797807593,0.03922783559854916,0.00754337,0.03433813362112578,0.04004562500336264,17.0,False,589.0016768681899,-23.102877432030045,394.6777103602228
2025-02-14,AMD_RUB,2025-02-14,M01,Заметное изменение за пять обновлений,0.229633,-0.031742149847571954,-0.05969428076540373,0.013467985489736645,0.04137308453740765,0.244211,0.06488621638590913,0.06467613041750496,18.0,False,265.2057848828353,252.43487346420105,596.9428076540373
2025-02-17,KZT_RUB,2025-02-15,M01,Заметное изменение за пять обновлений,0.181389,-0.0010903864263410723,-0.039110673193058276,0.017290919926741883,0.03407580903528157,0.188772,0.042898008391632596,0.04275808107273866,26.0,False,502.841958442904,20.782782330679346,391.1067319305828
2025-02-25,KZT_RUB,2025-02-25,M01,Заметное изменение за пять обновлений,0.175546,-0.0049540868382268455,-0.04910840032067254,0.01907163723881902,0.03636035177430408,0.184612,0.042527801899212785,0.050502884168131215,8.0,False,186.73168286375096,140.94579328877387,491.0840032067254
2025-02-26,KGS_RUB,2025-02-26,M01,Заметное изменение за пять обновлений,0.99065,-0.0178456352550439,-0.051537607230392246,0.01654380491628542,0.04658630520073696,1.04448,0.04292919798878839,0.05296360371588108,13.0,True,81.36072275778598,255.98379030059544,515.3760723039225
2025-02-26,TJS_RUB,2025-02-26,M01,Заметное изменение за пять обновлений,7.91954,-0.017852071497577393,-0.05100542947494313,0.016673769717931976,0.046886369471183124,8.34519,0.04181457133097984,0.052422662255929606,13.0,True,86.06560482048172,256.08041661308283,510.05429474943134
2025-03-03,KGS_RUB,2025-03-01,M03,Возвращение к уровню пяти обновлений назад,1.00924,0.0064019465108393625,0.0010216125608750737,0.016843644449484566,0.04684630227612354,1.00821,0.026682285565534248,0.02664040945259702,25.0,False,191.53026039395942,-1.7224789161523668,10.216125608750737
2025-03-03,KZT_RUB,2025-03-01,M03,Возвращение к уровню пяти обновлений назад,0.175989,0.005961839653378931,-0.0024430336696519284,0.018730599050923714,0.03927504586628707,0.17642,0.021359131904263345,0.023782883808316307,21.0,False,59.66281983533035,53.58909981777159,24.430336696519284
2025-03-05,KZT_RUB,2025-03-05,M01,Заметное изменение за пять обновлений,0.178808,0.00016780588215548065,0.03796410244502746,0.01794938758391893,0.03711400589907979,0.172268,0.03690277784084979,0.03726156019963986,8.0,False,337.6806406872169,-112.04946463580005,379.6410244502746
2025-03-06,KGS_RUB,2025-03-06,M01,Заметное изменение за пять обновлений,1.02673,0.006045700399780474,0.04492209365045441,0.01654380491628542,0.04455178470793313,0.98259,0.02353378885142106,0.043684804338789775,8.0,False,469.7437495738888,-214.1136510598388,449.2209365045441
2025-03-06,TJS_RUB,2025-03-06,M01,Заметное изменение за пять обновлений,8.2091,0.006600639831667143,0.04556141722856366,0.016673769717931976,0.044523703303214764,7.85138,0.02387648260591154,0.04426533794207174,8.0,False,464.1556321643044,-212.12036304185054,455.6141722856366
2025-03-17,KZT_RUB,2025-03-15,M01,Заметное изменение за пять обновлений,0.17277,-0.024344791366662566,-0.03871405679693751,0.0159531992495904,0.03223033300331015,0.179728,0.03320025978862648,0.03936841549388742,12.0,False,547.1436013196745,-27.424882823090964,387.1405679693751
2025-03-17,UZS_RUB,2025-03-15,M01,Заметное изменение за пять обновлений,0.00661375,-0.01350037140564364,-0.041479950608409366,0.013609201043632507,0.04003170925783271,0.00689996,0.03401546084145756,0.042456055858468976,32.0,False,479.243999243999,29.383038743184475,414.79950608409365
2025-03-18,KGS_RUB,2025-03-18,M01,Заметное изменение за пять обновлений,0.96464,-0.014164537557485923,-0.04559126167484562,0.012790974549144511,0.04011128626315428,1.01072,0.02632242992556048,0.046665023848986804,12.0,False,290.2637253275836,197.9959868640423,455.9126167484562
2025-03-18,TJS_RUB,2025-03-18,M01,Заметное изменение за пять обновлений,7.70712,-0.015450807159363755,-0.04526822379545492,0.013045093281813523,0.04006967570005691,8.07255,0.02666110579807129,0.04630875162285922,12.0,False,324.2067075639144,144.15457421586325,452.6822379545492
2025-03-19,AMD_RUB,2025-03-19,M01,Заметное изменение за пять обновлений,0.208146,-0.03133842144452714,-0.05255108311218937,0.012892652353453717,0.04075731876889484,0.219691,0.057310085262843716,0.057166822595735065,33.0,True,0.0,413.46279532273525,525.5108311218937
2025-03-25,KZT_RUB,2025-03-25,M03,Возвращение к уровню пяти обновлений назад,0.166803,-0.009053805984779562,-0.0005392676744980784,0.01794938758391893,0.036884691749473626,0.166893,0.03216926091033139,0.032166439042519986,22.0,False,0.0,92.50281708624851,5.392676744980784
2025-03-31,TJS_RUB,2025-03-29,M04,Пять обновлений в узком диапазоне,7.67423,0.00039498383564495754,-0.00912343493580936,0.016497556617800547,0.04247158781475604,7.74489,0.004426298615122789,0.009575458550635001,139.0,True,0.0,99.51789167592082,44.26298615122789
2025-04-01,TJS_RUB,2025-04-01,M02,Заметное изменение после спокойного периода,7.84068,0.021689472429155865,0.0216175859341714,0.015742383710177603,0.04247158781475604,7.67477,0.02195603559085289,0.021977052989750622,459.0,False,117.28574562410436,-109.59647457172645,216.89472429155865
2025-04-03,KGS_RUB,2025-04-03,M03,Возвращение к уровню пяти обновлений назад,0.974435,-0.0049840909369395225,0.000473318589613303,0.016759056078128935,0.040595110305359006,0.973974,0.020291773655121862,0.02029866493194834,31.0,False,142.0310231056979,-2.934428931679878,4.73318589613303
2025-04-07,KZT_RUB,2025-04-05,M03,Возвращение к уровню пяти обновлений назад,0.168027,0.0016930661786185297,0.00045846978267349847,0.01794938758391893,0.036884691749473626,0.16795,0.012400611003285489,0.012405876551229733,13.0,False,548.1261940045348,-132.26395015543537,4.584697826734985
2025-04-09,KGS_RUB,2025-04-09,M03,Возвращение к уровню пяти обновлений назад,0.981702,-0.010967289550145698,0.0024363943813845435,0.017881611373724637,0.040595110305359006,0.979316,0.021766111326491276,0.021763573881054894,6.0,False,510.96972400993303,-163.7214791910021,24.363943813845435
2025-04-11,KGS_RUB,2025-04-11,M03,Возвращение к уровню пяти обновлений назад,0.972166,-0.013167698332619326,-0.0010060165751250016,0.017881611373724637,0.040595110305359006,0.973145,0.021722942082420534,0.021750414310624237,2.0,False,417.89159464535834,-101.84185617704752,10.060165751250016
2025-04-15,KGS_RUB,2025-04-15,M01,Заметное изменение за пять обновлений,0.946451,-0.014724207392293298,-0.04648152103390324,0.017881611373724637,0.040595110305359006,0.992588,0.039915997599695496,0.04741206856391213,28.0,False,177.14599065350512,90.75654769840106,464.8152103390324
2025-04-15,KZT_RUB,2025-04-15,M01,Заметное изменение за пять обновлений,0.160732,-0.014264862809552414,-0.059469264753210904,0.018872398300914164,0.036884691749473626,0.170895,0.03231504571903566,0.06166027089748048,29.0,False,372.6700345917442,43.02708175145561,594.692647532109
2025-04-21,KZT_RUB,2025-04-19,M01,Заметное изменение за пять обновлений,0.155079,-0.013655502270616848,-0.04893350832219223,0.017208636793539258,0.0376809429328222,0.163058,0.03570485669423442,0.050146278309016544,6.0,True,21.730859755350757,254.39675371894918,489.33508322192233
2025-04-24,AMD_RUB,2025-04-24,M03,Возвращение к уровню пяти обновлений назад,0.211428,0.012552261178983448,0.0016486640136441633,0.01631685654363806,0.039051937585487174,0.21108,0.02212736784858032,0.022088622113473077,80.0,False,115.35841988762117,-60.923132979932056,16.486640136441633
2025-04-24,KGS_RUB,2025-04-24,M03,Возвращение к уровню пяти обновлений назад,0.946791,0.009703612700119102,0.0021433878865242395,0.01570449258962928,0.04089455685315253,0.944766,0.01825246273802313,0.018227899896798145,13.0,False,157.43706900467035,-77.0938355797434,21.433878865242395
2025-04-30,UZS_RUB,2025-04-30,M03,Возвращение к уровню пяти обновлений назад,0.00629912,-0.011243574147470792,-0.0017511414114042,0.015687394527705734,0.041614823176509774,0.00631017,0.02016359181953085,0.020199047827242234,83.0,True,68.10475113984212,25.37512995969672,17.511414114042
2025-05-07,TJS_RUB,2025-05-07,M03,Возвращение к уровню пяти обновлений назад,7.77495,-0.013999396348160054,0.0005713910669955524,0.0156658855947343,0.039930896204246724,7.77051,0.024508213354594213,0.024506039282534645,90.0,False,76.43779059672393,-35.877995147218655,5.713910669955524
2025-05-20,AMD_RUB,2025-05-20,M03,Возвращение к уровню пяти обновлений назад,0.208218,-0.004060899137597107,0.0009807032218984713,0.01203713752303153,0.03394592753079706,0.208014,0.01106650294657668,0.011064909323869878,26.0,False,186.29513298562054,-27.211152674151073,9.807032218984713
2025-05-22,AMD_RUB,2025-05-22,M03,Возвращение к уровню пяти обновлений назад,0.207118,-0.007266313256707901,0.001697562957338361,0.01203713752303153,0.033066662394127255,0.206767,0.009364816542811513,0.011063330351044266,2.0,False,134.17472165625412,12.22099751997794,16.97562957338361
2025-05-28,AMD_RUB,2025-05-28,M04,Пять обновлений в узком диапазоне,0.207143,-0.001089844673022533,-0.007146486191128898,0.011643986869417101,0.0325234411021611,0.208634,0.0028309839863727144,0.007303818284598337,197.0,False,135.36542388591462,-18.89308581694136,28.309839863727145
2025-05-28,KGS_RUB,2025-05-28,M04,Пять обновлений в узком диапазоне,0.910436,-0.0005170670551439827,-0.008590640568426178,0.01196948928436632,0.030766545325040758,0.918325,0.001698629728127063,0.008645575777191224,198.0,False,140.75673633292203,-18.445337981566148,16.98629728127063
2025-05-29,UZS_RUB,2025-05-29,M04,Пять обновлений в узком диапазоне,0.0061771,0.003939631325919901,-0.0014064470238288607,0.013368742105108123,0.033344734556913495,0.0061858,0.003930296260673336,0.005338278704929977,188.0,False,115.66916514221855,-8.461575673927442,39.30296260673336
2025-05-30,AMD_RUB,2025-05-30,M02,Заметное изменение после спокойного периода,0.204339,-0.01336507216076721,-0.01479217191319493,0.010909053598496235,0.03083579552986407,0.207407,0.01628190232213017,0.01627305470279682,196.0,True,0.0,104.85883846117055,133.6507216076721
2025-05-30,KGS_RUB,2025-05-30,M02,Заметное изменение после спокойного периода,0.897621,-0.013903460155535119,-0.015535443623832745,0.011908448285595586,0.030203214036321712,0.911786,0.015283845679847042,0.015587265209825589,518.0,True,0.0,103.6120687369598,139.0346015553512
2025-06-04,UZS_RUB,2025-06-04,M03,Возвращение к уровню пяти обновлений назад,0.00614393,-0.006887533257685319,-0.001451357580052215,0.011890191341212414,0.033344734556913495,0.00615286,0.01118167790140497,0.011182779861899226,35.0,True,62.3053973596703,46.91558403989099,14.51357580052215
2025-06-09,UZS_RUB,2025-06-07,M03,Возвращение к уровню пяти обновлений назад,0.00616985,0.0005448804749541569,0.002049622963572917,0.011890191341212414,0.032825466579390984,0.00615723,0.013143245616372584,0.013142271164475,5.0,False,28.185450213538317,18.16603898302255,20.49622963572917
2025-06-10,KZT_RUB,2025-06-10,M03,Возвращение к уровню пяти обновлений назад,0.155147,-0.00019977058603670717,0.001542851240736498,0.014384346770639869,0.03163555613322872,0.154908,0.012188207149034158,0.012182760821932143,64.0,False,249.4408528685706,-47.32726027988667,15.42851240736498
2025-06-12,TJS_RUB,2025-06-12,M03,Возвращение к уровню пяти обновлений назад,7.95581,0.005120475839136329,0.0024103277440945536,0.011485076976409216,0.03135572067709567,7.93668,0.011728193810503128,0.01173754483307918,36.0,False,267.816853343656,-31.94728760592723,24.103277440945536
2025-06-17,TJS_RUB,2025-06-17,M01,Заметное изменение за пять обновлений,7.74274,-0.026781685334365646,-0.032695563093029456,0.011485076976409216,0.027642399269929077,8.00445,0.03358427397153762,0.033526444691509755,91.0,True,0.0,224.3427048594816,326.95563093029455
2025-06-17,UZS_RUB,2025-06-17,M03,Возвращение к уровню пяти обновлений назад,0.00615246,-0.0129643028458577,-0.002275200316549597,0.011300318990744197,0.02174654750685714,0.00616649,0.01306188238519246,0.01306899917277646,8.0,True,0.0,113.24550202450033,22.75200316549597
2025-06-20,TJS_RUB,2025-06-20,M03,Возвращение к уровню пяти обновлений назад,7.91855,0.014638065376695764,0.0004131249936829562,0.011173638233554373,0.024937833093924704,7.91528,0.027179563193154017,0.027135755829564377,8.0,False,30.157036326095213,-12.591489557197823,4.131249936829562
2025-06-23,KGS_RUB,2025-06-21,M04,Пять обновлений в узком диапазоне,0.897674,0.00022507665977311575,-0.006343777154211083,0.009338873002408212,0.01599220688568464,0.903405,0.0029712112994163633,0.00659647083806937,26.0,True,22.50260116701633,13.352151935240784,29.712112994163633
2025-06-23,KZT_RUB,2025-06-21,M01,Заметное изменение за пять обновлений,0.151095,-0.0012030910184627208,-0.02763387369762338,0.010805765807481518,0.025329762483922314,0.155389,0.016481496073332706,0.02810059235490245,63.0,True,88.8844766537616,65.53998712556992,276.3387369762338
2025-06-25,KZT_RUB,2025-06-25,M01,Заметное изменение за пять обновлений,0.149752,-0.0023782717891664973,-0.025083818886103892,0.009942826622171058,0.02348179057172511,0.153605,0.015735213605193383,0.025461361904216433,2.0,True,0.0,132.01692949557764,250.83818886103893
2025-06-26,TJS_RUB,2025-06-26,M04,Пять обновлений в узком диапазоне,7.89467,-0.0024651953834763374,0.011578217677155278,0.01049765253572961,0.02220411229608499,7.80431,0.0032232881685352564,0.014678150573297907,87.0,False,0.0,37.46136008533829,32.23288168535257
2025-06-27,AMD_RUB,2025-06-27,M04,Пять обновлений в узком диапазоне,0.203195,0.0011923942981872937,-0.003726312176705715,0.008290099681738196,0.016667146547506142,0.203955,0.00370659153065988,0.005740694737204579,30.0,True,0.0,44.59883099548813,37.065915306598804
2025-06-30,KZT_RUB,2025-06-28,M03,Возвращение к уровню пяти обновлений назад,0.151384,0.00359316370772067,0.0019127039279922542,0.009942826622171058,0.023451927237255116,0.151095,0.010841289369424871,0.010834579036992661,20.0,False,61.43317655762739,-19.408075751379364,19.127039279922542
2025-07-02,UZS_RUB,2025-07-02,M01,Заметное изменение за пять обновлений,0.0061771,-0.004616686137856152,-0.02200879972008085,0.00966860395675595,0.02035392886924923,0.00631611,0.016145329159807046,0.022270076003850284,107.0,True,44.71353871557835,87.43853798638192,220.0879972008085
2025-07-03,KZT_RUB,2025-07-03,M04,Пять обновлений в узком диапазоне,0.151464,0.003677713058863219,0.005797159192780343,0.009453086699196755,0.023451927237255116,0.150591,0.004116468255543888,0.005780863553741073,231.0,False,89.32815718586549,-33.67751101868939,41.16468255543888
2025-07-09,UZS_RUB,2025-07-09,M03,Возвращение к уровню пяти обновлений назад,0.00616627,-0.012474055757700109,-0.0017532499069142782,0.009589368215268679,0.02035392886924923,0.0061771,0.0179213540678505,0.017946751273672897,22.0,False,105.94735553259869,48.651009792604846,17.53249906914278
2025-07-10,TJS_RUB,2025-07-10,M04,Пять обновлений в узком диапазоне,8.0982,5.804095715711277e-05,0.01521404465928855,0.009514440327933318,0.021620086177120613,7.97684,0.004678313659092155,0.015048763399859895,14.0,False,71.81842878664503,-43.57494435089157,46.78313659092155
2025-07-15,KZT_RUB,2025-07-15,M04,Пять обновлений в узком диапазоне,0.150447,0.0012511729746635947,-0.007114337568058016,0.00874489998189274,0.021667397478065193,0.151525,0.00235455000159626,0.00939263402272432,12.0,False,268.3336989105788,-82.32732499379956,23.5455000159626
2025-07-16,KZT_RUB,2025-07-16,M02,Заметное изменение после спокойного периода,0.148707,-0.011565534706574399,-0.011683780281128375,0.00874489998189274,0.02120812342175209,0.150465,0.011647008312243818,0.011714233993711864,243.0,False,154.46482008244357,18.554316683350827,115.65534706574398
2025-07-21,KZT_RUB,2025-07-19,M01,Заметное изменение за пять обновлений,0.147,-0.010107676042585556,-0.02168921661930412,0.008528533871481649,0.019422584975926527,0.150259,0.023199560641915123,0.023155959563841273,26.0,True,64.6258503401346,90.5652358281768,216.8921661930412
2025-07-22,KGS_RUB,2025-07-22,M04,Пять обновлений в узком диапазоне,0.895682,0.00018536798895829598,-0.0006493622414823763,0.006289058310082041,0.012916678709601493,0.896264,0.004721155296578939,0.0053697955988031695,29.0,True,30.53539090882626,80.86574329082848,47.21155296578939
2025-07-22,UZS_RUB,2025-07-22,M03,Возвращение к уровню пяти обновлений назад,0.00622723,0.006544642251007815,0.0023565050969081014,0.00837643640599377,0.01799241162411549,0.00621259,0.020513631843576005,0.020482470936267427,13.0,False,83.82539267057827,24.51081540110935,23.565050969081014
2025-07-24,AMD_RUB,2025-07-24,M04,Пять обновлений в узком диапазоне,0.204344,0.004784359618628109,0.006432293462307559,0.0064140989884637015,0.011125966432831369,0.203038,0.004773604566960974,0.006411473231526522,27.0,True,0.0,88.7897383332241,47.73604566960974
2025-07-24,TJS_RUB,2025-07-24,M04,Пять обновлений в узком диапазоне,8.1857,0.004361882910130621,0.0075451725665895975,0.007051630462816407,0.018910473144657082,8.1244,0.004353918857649344,0.007513837166282485,14.0,False,0.0,100.85626878911299,43.53918857649344
2025-07-28,AMD_RUB,2025-07-26,M01,Заметное изменение за пять обновлений,0.207201,0.008228310057904809,0.01659814147916272,0.005898686426683498,0.011125966432831369,0.203818,0.01869215437084063,0.018708601723340653,131.0,False,0.0,0.3860836160581947,165.9814147916272
2025-07-28,KGS_RUB,2025-07-26,M01,Заметное изменение за пять обновлений,0.911257,0.00878647655315934,0.017577575386704458,0.005541354474289096,0.011670155676401906,0.895516,0.02033959909994768,0.020357307246726936,104.0,False,1.9862673208544541,-13.42753099618946,175.77575386704459
2025-07-28,TJS_RUB,2025-07-26,M01,Заметное изменение за пять обновлений,8.34026,0.013524171311841027,0.022499184723308696,0.005826105127772464,0.018910473144657082,8.15674,0.023138890058687734,0.023166757147531414,41.0,False,1.3069136933397372,-0.6452196419020758,224.99184723308696
2025-07-28,UZS_RUB,2025-07-26,M01,Заметное изменение за пять обновлений,0.00628702,0.017447214126077526,0.01620885959325924,0.007850957035099571,0.015082584380981893,0.00618674,0.018025549635207586,0.018038183156523696,26.0,False,41.211893711169445,8.497067875892492,162.0885959325924
2025-07-30,KZT_RUB,2025-07-30,M01,Заметное изменение за пять обновлений,0.151851,0.039719274221157175,0.02955414530957623,0.007350544402053341,0.01681201749656312,0.147492,0.039271570253528766,0.03928145388554139,9.0,False,341.5848430369259,-275.0764378680721,295.5414530957623
2025-08-05,AMD_RUB,2025-08-05,M03,Возвращение к уровню пяти обновлений назад,0.207721,-0.008183923412992233,0.0017457645918430575,0.006000079740142052,0.011380362639273226,0.207359,0.0307549529613386,0.03256016422806395,75.0,True,38.56133948902597,43.69948830104201,17.457645918430575
2025-08-05,KGS_RUB,2025-08-05,M03,Возвращение к уровню пяти обновлений назад,0.911076,-0.00815725329289363,-0.0005188969545246724,0.006219223426935261,0.012259321325430087,0.911549,0.03302786646511673,0.03310868249571022,103.0,True,36.26481215617549,53.108052156441055,5.188969545246724
2025-08-06,AMD_RUB,2025-08-06,M01,Заметное изменение за пять обновлений,0.208445,0.0034854444182341737,-0.026881042749167916,0.006000079740142052,0.010855873533146189,0.214203,0.026138870442037502,0.03081142618115624,9.0,True,73.16078581880106,12.82692751280136,268.81042749167915
2025-08-06,KGS_RUB,2025-08-06,M01,Заметное изменение за пять обновлений,0.915369,0.004712010853101134,-0.027888873549058557,0.006219223426935261,0.011670155676401906,0.94163,0.026865384117809313,0.03308585657417252,9.0,True,82.99385275227766,8.292139459304995,278.8887354905856
2025-08-06,KZT_RUB,2025-08-06,M01,Заметное изменение за пять обновлений,0.147741,0.007343315333006251,-0.02706600549222593,0.008268410643295,0.016473481232662818,0.151851,0.029112101159490398,0.03485965187392207,7.0,False,64.3017171942796,20.77824498451128,270.6600549222593
2025-08-06,UZS_RUB,2025-08-06,M01,Заметное изменение за пять обновлений,0.00634238,0.012980126527085467,-0.034651235000091374,0.0082076530375236,0.01574466510145156,0.00657004,0.04483370284072344,0.04823542974260538,9.0,False,88.0899599204077,21.536223649482544,346.5123500009137
2025-08-11,UZS_RUB,2025-08-09,M03,Возвращение к уровню пяти обновлений назад,0.00633485,-0.0022695558222531886,0.0009417133178171166,0.009501682830239977,0.01603054051060231,0.00632889,0.02231765317688512,0.022323019644099402,20.0,False,76.30804202151592,28.823293088405208,9.417133178171166
2025-08-12,AMD_RUB,2025-08-12,M03,Возвращение к уровню пяти обновлений назад,0.207695,-0.0013751256124358013,-0.0001251678934724998,0.006623971851741486,0.0111534569854165,0.207721,0.010028392947626428,0.010030710837271053,7.0,True,7.559161270131225,44.141282233715835,1.251678934724998
2025-08-12,KGS_RUB,2025-08-12,M03,Возвращение к уровню пяти обновлений назад,0.911235,-0.001154240766073844,0.00017451892048514495,0.006289058310082041,0.011689149695163638,0.911076,0.010107017151361515,0.010110074693998923,7.0,True,0.0,39.3290640831033,1.7451892048514495
2025-08-13,UZS_RUB,2025-08-13,M03,Возвращение к уровню пяти обновлений назад,0.00634436,0.009202244170453788,0.000312185646397678,0.009501682830239977,0.01574466510145156,0.00634238,0.0182942939458734,0.01829483614258771,2.0,False,0.0,31.416793457908938,3.12185646397678
2025-08-15,AMD_RUB,2025-08-15,M04,Пять обновлений в узком диапазоне,0.207993,0.0021923695901473472,0.005185578967717097,0.006000079740142052,0.0111534569854165,0.20692,0.0027085329854095604,0.005685957946700036,22.0,True,0.0,40.82986757141314,27.085329854095605
2025-08-15,KGS_RUB,2025-08-15,M04,Пять обновлений в узком диапазоне,0.912868,0.001706329219488767,0.005613744420405187,0.006289058310082041,0.011689149695163638,0.907772,0.0034512705585687488,0.0072528364528524885,24.0,True,0.0,29.344688684164417,34.512705585687485
2025-08-15,KZT_RUB,2025-08-15,M03,Возвращение к уровню пяти обновлений назад,0.148274,0.010102799217935665,0.0022170251307909172,0.00833975869516479,0.016430649958349426,0.147946,0.010049713213848031,0.010045406411087096,46.0,False,0.0,10.971476086993402,22.170251307909172
2025-08-15,TJS_RUB,2025-08-15,M04,Пять обновлений в узком диапазоне,8.52795,0.0020798448929233437,0.008436004498256544,0.007100905194540102,0.019726203031784274,8.45661,0.0036652104472002698,0.008788498177929744,22.0,False,0.0,3.6600099178054126,36.6521044720027
2025-08-19,UZS_RUB,2025-08-19,M01,Заметное изменение за пять обновлений,0.00640975,0.007808065609134385,0.019603881963124126,0.009259505659617064,0.01574466510145156,0.00628651,0.010262142096220159,0.019384302500397698,13.0,False,22.06014275127625,7.123941662965249,196.03881963124127
2025-08-21,KZT_RUB,2025-08-21,M04,Пять обновлений в узком диапазоне,0.148736,-0.00036292761610323687,0.013250131138830001,0.00840540950056008,0.016430649958349426,0.146791,0.003471339250755934,0.013476101660636845,37.0,False,0.0,17.708550056136612,34.71339250755934
2025-08-22,AMD_RUB,2025-08-22,M04,Пять обновлений в узком диапазоне,0.209707,0.0020594812591985256,0.008240661945353889,0.005740839793991848,0.0111534569854165,0.207993,0.004582321404023224,0.008831562321534763,7.0,False,2.4319645982249276,-6.177961649833732,45.82321404023224
2025-08-22,KGS_RUB,2025-08-22,M04,Пять обновлений в узком диапазоне,0.917743,0.001810969299758547,0.005340312071405728,0.006219223426935261,0.011257639416693778,0.912868,0.004865411004068704,0.007425341609893045,7.0,True,0.0,4.67958459519954,48.65411004068704
2025-08-25,AMD_RUB,2025-08-23,M02,Заметное изменение после спокойного периода,0.211044,0.006375562093778431,0.010355178307265955,0.005740839793991848,0.0111534569854165,0.208881,0.008421718506917048,0.010311883217803365,87.0,False,65.76827580978374,-49.96268615256047,63.75562093778431
2025-08-25,KGS_RUB,2025-08-23,M02,Заметное изменение после спокойного периода,0.923621,0.006404843185946474,0.009189137805380332,0.006219223426935261,0.011257639416693778,0.915211,0.00819970865304801,0.009156056878601168,87.0,False,48.623840298131185,-43.51698200512607,64.04843185946474
2025-08-25,UZS_RUB,2025-08-23,M01,Заметное изменение за пять обновлений,0.00650485,0.010435452578339666,0.022760684204154558,0.009259505659617064,0.01603054051060231,0.00636009,0.01697483144042105,0.022538257898744026,6.0,False,106.4590267262131,-86.67928789008899,227.60684204154558
2025-08-27,TJS_RUB,2025-08-27,M01,Заметное изменение за пять обновлений,8.38524,-0.006990539146663921,-0.023629015261691366,0.008487234221524932,0.019726203031784274,8.58817,0.023301987116839232,0.0238356067843328,30.0,True,22.01487375435796,150.84049516611745,236.29015261691367
2025-08-29,KGS_RUB,2025-08-29,M04,Пять обновлений в узком диапазоне,0.91913,-0.001940457174750776,0.0015113163489124393,0.0061003495441704254,0.009735243643703264,0.917743,0.00487196210218821,0.006381305243624313,7.0,True,0.0,40.8695368165606,48.7196210218821
2025-08-29,KZT_RUB,2025-08-29,M03,Возвращение к уровню пяти обновлений назад,0.149344,-0.008846738387411457,0.001764141641121375,0.007535677168372381,0.014198357680083463,0.149081,0.008879835113519337,0.010644044737000152,14.0,True,0.20087850867815246,33.40921087463217,17.64141641121375
2025-09-01,TJS_RUB,2025-08-30,M01,Заметное изменение за пять обновлений,8.40465,0.004526233509187572,-0.020811391449422567,0.007287298128809376,0.020114833223244456,8.58328,0.009230223867174252,0.02569249583312812,5.0,True,0.0,174.1897189368878,208.11391449422567
2025-09-02,AMD_RUB,2025-09-02,M04,Пять обновлений в узком диапазоне,0.210204,0.0009428302048513082,-0.002652268187490203,0.005660273948857819,0.010337002584104216,0.210763,0.004120544482847772,0.005264764048684388,11.0,True,0.0,117.98996639795484,41.20544482847772
2025-09-03,TJS_RUB,2025-09-03,M01,Заметное изменение за пять обновлений,8.55824,0.00666109125212766,0.020631490571528133,0.007287298128809376,0.020114833223244456,8.38524,0.02268130293459043,0.02270644201106851,2.0,False,0.0,36.735175611767694,206.31490571528133
2025-09-04,KZT_RUB,2025-09-04,M04,Пять обновлений в узком диапазоне,0.149845,0.0012762772795915645,-0.0055217451900422265,0.007535677168372381,0.014198357680083463,0.150677,0.0033709398233734843,0.008924088470491864,14.0,True,0.0,136.46137643090867,33.709398233734845
2025-09-04,UZS_RUB,2025-09-04,M03,Возвращение к уровню пяти обновлений назад,0.00650805,0.00620602327490638,-0.0004653605853407461,0.00852419877365467,0.01809943090925197,0.00651108,0.011207155254291813,0.011661891663477919,22.0,False,0.0,107.56102599499702,4.653605853407461
2025-09-05,AMD_RUB,2025-09-05,M01,Заметное изменение за пять обновлений,0.212682,0.006602393900239978,0.014433166711184109,0.005313668811895413,0.010337002584104216,0.209656,0.012685049559862967,0.01435891433447666,30.0,False,0.0,61.56003566543502,144.33166711184109
2025-09-05,KGS_RUB,2025-09-05,M01,Заметное изменение за пять обновлений,0.929648,0.005403113820118266,0.011443430200298144,0.00562186109841374,0.009203741285693168,0.91913,0.011298322506180533,0.01140100395606241,30.0,False,0.0,78.25896706213376,114.43430200298144
2025-09-08,UZS_RUB,2025-09-06,M01,Заметное изменение за пять обновлений,0.00655742,-0.0018767837436737267,0.018929081981478024,0.009257908611460808,0.01809943090925197,0.0064356,0.01944614287952859,0.020648044348787576,14.0,False,0.0,92.82422722258968,189.29081981478024
2025-09-09,KZT_RUB,2025-09-09,M01,Заметное изменение за пять обновлений,0.153073,0.013627785319338948,0.024989788470681118,0.007535677168372381,0.014198357680083463,0.149341,0.022669767984638246,0.024785566989768883,34.0,False,0.5226264592697762,-12.515126077902591,249.89788470681117
2025-09-17,KZT_RUB,2025-09-17,M01,Заметное изменение за пять обновлений,0.153065,-0.003470097266891514,-0.01601352567564085,0.009839648654411538,0.01494458623069979,0.155556,0.039096927586136206,0.03912068192014355,8.0,False,0.0,99.26408985175757,160.1352567564085
2025-09-18,AMD_RUB,2025-09-18,M01,Заметное изменение за пять обновлений,0.216741,0.0024373999833497972,-0.023785931123942672,0.006721381883148416,0.014886014676819808,0.222022,0.03474628809061843,0.034659305111335525,13.0,False,0.0,73.18028010202856,237.85931123942672
2025-09-18,KGS_RUB,2025-09-18,M01,Заметное изменение за пять обновлений,0.949099,0.0019498507261004328,-0.022637635132769396,0.006521857560552926,0.014989023060844004,0.971082,0.033745146649917825,0.03366942359608777,13.0,False,0.0,73.65319142164984,226.37635132769395
2025-09-18,TJS_RUB,2025-09-18,M01,Заметное изменение за пять обновлений,8.76614,0.0019648072054359034,-0.022812929519027803,0.0088847969793473,0.02262176635583413,8.97079,0.030959408473344625,0.030873698079764773,15.0,False,0.0,85.97286603093332,228.12929519027801
2025-09-19,UZS_RUB,2025-09-19,M01,Заметное изменение за пять обновлений,0.00678723,0.004621070720736142,-0.020646954253194738,0.009730456664563339,0.019813681048098046,0.00693032,0.01517913334800434,0.03623086790235901,11.0,False,0.0,6.0350068259311245,206.46954253194738
2025-09-22,TJS_RUB,2025-09-20,M03,Возвращение к уровню пяти обновлений назад,8.86177,0.005525883715890245,-0.000816325610186408,0.0088847969793473,0.022872762192409413,8.86901,0.014899539671618089,0.015698478286442552,94.0,False,201.0207893005563,-16.67120231593984,8.16325610186408
2025-09-22,UZS_RUB,2025-09-20,M03,Возвращение к уровню пяти обновлений назад,0.00678785,9.1348016790338e-05,0.0013143647826945326,0.009730456664563339,0.020648138880154532,0.00677894,0.01526703976872613,0.015254341480684316,18.0,False,50.95869826233659,24.982879858948223,13.143647826945326
2025-09-25,KZT_RUB,2025-09-25,M03,Возвращение к уровню пяти обновлений назад,0.15411,0.003359506230712128,0.0018071662592957782,0.010103774582865644,0.017175595108557765,0.153832,0.010724910582516898,0.010729414206851444,27.0,False,427.87619233015306,-74.75963446694534,18.071662592957782
2025-09-25,UZS_RUB,2025-09-25,M01,Заметное изменение за пять обновлений,0.00690093,0.014817276626907905,0.02145053071265446,0.009730456664563339,0.01981249642113825,0.00675601,0.016681641508736432,0.021293294860169176,6.0,False,285.75858616157626,-158.78515901263077,214.50530712654458
2025-09-30,KZT_RUB,2025-09-30,M01,Заметное изменение за пять обновлений,0.152257,-0.013598434787115421,-0.019265948675667333,0.010103774582865644,0.017175595108557765,0.155248,0.013659210824290032,0.019430615616818605,13.0,False,311.38141431920997,-9.848944243895026,192.65948675667332
2025-10-02,AMD_RUB,2025-10-02,M01,Заметное изменение за пять обновлений,0.21293,-0.014021244871687988,-0.02975043174351466,0.008037448494082167,0.016923104687393224,0.219459,0.02561711221247179,0.030102516381027955,14.0,True,75.47081200394483,124.59948744994414,297.5043174351466
2025-10-02,KGS_RUB,2025-10-02,M01,Заметное изменение за пять обновлений,0.931923,-0.013913225658997441,-0.02970271257981938,0.007992235119246361,0.017605058828927468,0.960451,0.02552836226695495,0.030041432282429732,14.0,True,59.89765248845641,127.0503185187343,297.02712579819377
2025-10-02,TJS_RUB,2025-10-02,M01,Заметное изменение за пять обновлений,8.68363,-0.012069781517500044,-0.026538166621077997,0.008658383679879745,0.022872762192409413,8.92036,0.0235677867132319,0.026803046351392395,14.0,True,48.76992686238447,147.23211787775875,265.38166621077994
2025-10-02,UZS_RUB,2025-10-02,M01,Заметное изменение за пять обновлений,0.00675326,-0.013457251460108899,-0.021398565120933077,0.009730456664563339,0.020648138880154532,0.00690093,0.014701964667807115,0.021598538548133296,7.0,True,83.36714416444737,64.43405681647387,213.98565120933077
2025-10-07,AMD_RUB,2025-10-07,M03,Возвращение к уровню пяти обновлений назад,0.216948,0.013946271335364857,0.0020415138610476724,0.008192800741974749,0.021268150966427188,0.216506,0.026257488635758875,0.02621096604689701,56.0,False,503.57689400224893,-168.31853101879608,20.415138610476724
2025-10-07,KGS_RUB,2025-10-07,M03,Возвращение к уровню пяти обновлений назад,0.949114,0.01334919192706474,0.0010473346756374458,0.008435828930101953,0.020842804557381973,0.948121,0.02428311339946318,0.02423870650264623,56.0,False,501.3307147508098,-164.32312025445265,10.473346756374458
2025-10-08,KZT_RUB,2025-10-08,M03,Возвращение к уровню пяти обновлений назад,0.150155,-0.009394441182485558,-0.002477944302720969,0.011720854477162847,0.024454643437288273,0.150528,0.027180530097269125,0.02714886773919792,13.0,False,252.1394558955753,-5.143363728148937,24.77944302720969
2025-10-08,TJS_RUB,2025-10-08,M03,Возвращение к уровню пяти обновлений назад,8.79602,-0.012832253691208884,0.0007167463809996111,0.010240147966703052,0.023794225300906472,8.78972,0.03070167031326025,0.03068686202088374,16.0,False,308.6623268250864,-53.13592405795134,7.167463809996111
2025-10-09,AMD_RUB,2025-10-09,M03,Возвращение к уровню пяти обновлений назад,0.213058,-0.005034183883139698,0.0006011365237401645,0.009158431517270763,0.021268150966427188,0.21293,0.0262990810984179,0.026318682989708766,2.0,False,330.1917787644672,-16.402907525613763,6.011365237401645
2025-10-09,KGS_RUB,2025-10-09,M03,Возвращение к уровню пяти обновлений назад,0.932508,-0.004723918653821935,0.0006277342655993667,0.00895198391077541,0.020842804557381973,0.931923,0.02432229102246546,0.02434126294595948,2.0,False,332.17945583308676,-17.192644269610348,6.277342655993667
2025-10-13,KZT_RUB,2025-10-11,M03,Возвращение к уровню пяти обновлений назад,0.149924,-0.005433088103593442,0.0012889782343001865,0.011553066498579859,0.024454643437288273,0.149731,0.010989945030353429,0.012283259406309054,5.0,False,237.12014087137499,-3.393345991656867,12.889782343001865
2025-10-14,AMD_RUB,2025-10-14,M01,Заметное изменение за пять обновлений,0.211346,-0.003841422316071208,-0.02582185592860964,0.009158431517270763,0.021268150966427188,0.216948,0.013116930619429356,0.026249961927714966,12.0,False,251.86187578662452,36.14207636778737,258.21855928609637
2025-10-14,KGS_RUB,2025-10-14,M01,Заметное изменение за пять обновлений,0.924583,-0.0041263918898248875,-0.02584621025503786,0.00895198391077541,0.020842804557381973,0.949114,0.013270927417665128,0.026271396848453317,12.0,False,249.31239272190862,38.43333237221355,258.46210255037863
2025-10-14,UZS_RUB,2025-10-14,M01,Заметное изменение за пять обновлений,0.0066597,-0.005563718463302725,-0.03229884422796925,0.010490285843935122,0.020802014934581583,0.00688198,0.023034163285502732,0.032872684895912295,12.0,False,293.18137453639065,63.15502574345824,322.9884422796925
2025-10-16,KZT_RUB,2025-10-16,M01,Заметное изменение за пять обновлений,0.146369,-0.015583175282138262,-0.02783607863974491,0.011553066498579859,0.02403382285901841,0.15056,0.029327597443523853,0.029281224268471396,16.0,True,0.0,248.92337610220042,278.3607863974491
2025-10-16,TJS_RUB,2025-10-16,M01,Заметное изменение за пять обновлений,8.52452,-0.013802909127088148,-0.026035174392365912,0.011078864979257032,0.023794225300906472,8.75239,0.024859918709852654,0.026229428942730743,14.0,True,0.0,261.58149615337305,260.3517439236591
2025-10-20,AMD_RUB,2025-10-18,M03,Возвращение к уровню пяти обновлений назад,0.211672,0.0237273052629543,-0.0023048533896427026,0.01004953789724099,0.026033693292721295,0.212161,0.02703641804074266,0.02930152291856778,11.0,False,249.63150534789727,-45.22383674945099,23.048533896427024
2025-10-22,UZS_RUB,2025-10-22,M01,Заметное изменение за пять обновлений,0.00674515,0.0038560908674196703,0.024908755519493342,0.012023476992430119,0.024661475812105964,0.00658122,0.04245538856738549,0.04248797599361243,8.0,False,336.28607221485055,-133.62465708696948,249.08755519493343
2025-10-23,AMD_RUB,2025-10-23,M01,Заметное изменение за пять обновлений,0.213471,0.003827760195996177,0.03615130349524076,0.01004953789724099,0.02474445113491304,0.206023,0.03171760405077082,0.03538222670183134,9.0,False,331.80150933850524,-139.2684892914249,361.5130349524076
2025-10-23,KGS_RUB,2025-10-23,M01,Заметное изменение за пять обновлений,0.933732,0.0037786881985601983,0.035716979541491556,0.010240958264263392,0.02446281022123094,0.901532,0.03178492936586255,0.03496068189977648,9.0,False,326.98890045537695,-134.11477411477236,357.16979541491554
2025-10-23,KZT_RUB,2025-10-23,M01,Заметное изменение за пять обновлений,0.151617,0.00295693589998014,0.035854586695270196,0.012403614012541997,0.025405031874990085,0.146369,0.03409936045405495,0.03559926770275146,7.0,False,319.29137233951417,-105.9296009659141,358.54586695270194
2025-10-23,TJS_RUB,2025-10-23,M01,Заметное изменение за пять обновлений,8.86464,0.003778618477297213,0.039899020707324206,0.011078864979257032,0.023794225300906472,8.52452,0.03393046824068971,0.03894866544823246,7.0,False,436.1147209587751,-181.08759312191745,398.99020707324206
2025-10-27,UZS_RUB,2025-10-25,M03,Возвращение к уровню пяти обновлений назад,0.00667566,-0.005966588889070867,0.0024597253757163706,0.010924558046806813,0.02319029846722232,0.00665928,0.01822511425796137,0.020695357051341987,35.0,False,235.6920514226305,13.226758444001858,24.597253757163706
2025-10-28,AMD_RUB,2025-10-28,M01,Заметное изменение за пять обновлений,0.206388,-0.02364394993045893,-0.028387424794508953,0.009818958203834428,0.026033693292721295,0.212418,0.033525883515659646,0.03349553818434608,5.0,True,0.0,227.96429338013388,283.8742479450895
2025-10-28,KGS_RUB,2025-10-28,M01,Заметное изменение за пять обновлений,0.9032,-0.02453248948337594,-0.02917213061891344,0.009703212893282532,0.026203029953408,0.93034,0.03302624792747638,0.03299137504403245,5.0,True,0.0,227.8509134160757,291.7213061891344
2025-10-28,KZT_RUB,2025-10-28,M01,Заметное изменение за пять обновлений,0.146776,-0.024575674202852338,-0.032439665912971316,0.011553066498579859,0.02767664037393096,0.151697,0.032232677183179695,0.03271060651885635,5.0,True,0.0,297.7566110252502,324.39665912971316
2025-10-28,TJS_RUB,2025-10-28,M01,Заметное изменение за пять обновлений,8.47804,-0.031580294042727663,-0.03967577033429959,0.010240147966703052,0.023969455300974968,8.82831,0.04421808000201298,0.04414631240500716,5.0,True,0.0,290.07260895843194,396.75770334299585
2025-10-28,UZS_RUB,2025-10-28,M01,Заметное изменение за пять обновлений,0.00651832,-0.023569205142263017,-0.02990219131925631,0.010924558046806813,0.02319029846722232,0.00671924,0.041851016300687584,0.04182121917942228,6.0,True,0.0,271.7221549552925,299.0219131925631
2025-10-30,AMD_RUB,2025-10-30,M01,Заметное изменение за пять обновлений,0.207703,-0.003918089391904966,-0.027020063615198264,0.010326324073687587,0.026151618207770705,0.213471,0.028945675970884262,0.033730873694553784,2.0,True,0.0,168.63222059884842,270.2006361519826
2025-10-30,KGS_RUB,2025-10-30,M01,Заметное изменение за пять обновлений,0.908765,-0.00433320185818209,-0.02673893579742359,0.010625190304269472,0.026203029953408,0.933732,0.028515781935055672,0.03322516546202046,2.0,True,0.0,170.44616977833252,267.3893579742359
2025-10-30,UZS_RUB,2025-10-30,M01,Заметное изменение за пять обновлений,0.00662016,-0.00027031312528780216,-0.026207906941851933,0.011857460233229535,0.02319029846722232,0.00679833,0.029773629321105062,0.04205390968494484,2.0,False,0.0,133.2812306713117,262.07906941851934
2025-10-31,UZS_RUB,2025-10-31,M03,Возвращение к уровню пяти обновлений назад,0.00671394,0.014165820765661197,-0.00026653841056734073,0.011857460233229535,0.025168585803965065,0.00671573,0.029505252333104928,0.02971121082352366,4.0,False,0.0,0.3680905102662583,2.6653841056734073
2025-11-03,AMD_RUB,2025-11-02,M03,Возвращение к уровню пяти обновлений назад,0.211384,-0.0011057660501470057,0.024206833730643362,0.010583465700081177,0.0271101843570416,0.211386,0.023919390314083237,0.023880986870553882,14.0,False,0.0,-7.236487043980625,242.06833730643362
2025-11-03,KGS_RUB,2025-11-02,M03,Возвращение к уровню пяти обновлений назад,0.924941,-0.0011058733321454017,0.024071080602303008,0.010987931724788248,0.026917210387316585,0.925915,0.023785642360039872,0.024797543134606723,25.0,False,0.0,-7.2525652658756465,240.71080602303007
2025-11-03,KZT_RUB,2025-11-02,M01,Заметное изменение за пять обновлений,0.15248,-0.0018590767458301904,0.03886193928162651,0.012593393805036393,0.02770979747005282,0.150474,0.03814129396880769,0.03810202400302831,6.0,False,0.0,-14.630628241306239,388.61939281626513
2025-11-03,TJS_RUB,2025-11-02,M01,Заметное изменение за пять обновлений,8.72774,0.00045737211634899744,0.029452562148798656,0.01222056895193946,0.02608336052713525,8.75451,0.029028139741488046,0.03204551381738447,6.0,False,0.0,-14.019323489373518,294.52562148798654
2025-11-03,UZS_RUB,2025-11-02,M01,Заметное изменение за пять обновлений,0.00672637,-0.003987680097137791,0.03191773340369908,0.012411484476887828,0.025168585803965065,0.00667566,0.03133213295848218,0.03130423007091907,4.0,False,13.395040712894772,-17.76767682785073,319.17733403699077
2025-11-07,TJS_RUB,2025-11-07,M01,Заметное изменение за пять обновлений,8.77318,0.0021211681616886136,0.02638863215725551,0.01222056895193946,0.026328517377185667,8.58676,0.02594255098224228,0.025996288110543744,4.0,False,99.35963926421253,-73.6376976720745,263.8863215725551
2025-11-11,UZS_RUB,2025-11-11,M03,Возвращение к уровню пяти обновлений назад,0.00671736,-0.005704643348776517,-0.005321842654702147,0.012411484476887828,0.027469949091384123,0.00671394,0.01193059274463707,0.012450247153329933,11.0,True,0.0,56.773803004594946,53.218426547021465
2025-11-12,AMD_RUB,2025-11-12,M04,Пять обновлений в узком диапазоне,0.212685,0.004472508477457948,0.006154675850584823,0.010583465700081177,0.0271101843570416,0.211384,0.004812877036171903,0.0064848611952222045,71.0,False,263.44123939158965,-41.89533092118007,48.128770361719035
2025-11-12,KGS_RUB,2025-11-12,M04,Пять обновлений в узком диапазоне,0.930317,0.004233615250514022,0.005812262619994124,0.010987931724788248,0.026917210387316585,0.924941,0.004471971482730903,0.006041557252319527,75.0,False,286.5904847487466,-48.03980321810213,44.719714827309026
2025-11-12,TJS_RUB,2025-11-12,M04,Пять обновлений в узком диапазоне,8.76693,0.003769173609831089,0.004490280416235892,0.01222056895193946,0.026418539050020007,8.72774,0.0044729266323556205,0.005191818696145794,89.0,False,298.09750961853297,-44.88471835911484,44.7292663235562
2025-11-13,UZS_RUB,2025-11-13,M03,Возвращение к уровню пяти обновлений назад,0.00677942,0.0012065719032674505,-0.002096071925883791,0.012411484476887828,0.027469949091384123,0.00679366,0.011919784565749065,0.011911192699944199,2.0,False,216.64095158582933,-50.28963236427903,20.960719258837912
2025-11-21,KGS_RUB,2025-11-21,M04,Пять обновлений в узком диапазоне,0.92318,-0.002627450810922971,0.0016263761540056265,0.010987931724788248,0.026917210387316585,0.921681,0.00491458957238968,0.0065383347830550356,9.0,False,310.1237028531819,-103.62021922712889,49.14589572389681
2025-11-24,KGS_RUB,2025-11-22,M02,Заметное изменение после спокойного периода,0.903655,-0.021149721614419748,-0.025922089289352357,0.010987931724788248,0.026917210387316585,0.927703,0.026130541792261937,0.026100841878714264,91.0,False,197.59753445728717,47.594583161532576,211.49721614419747
2025-11-24,TJS_RUB,2025-11-22,M01,Заметное изменение за пять обновлений,8.50559,-0.021992995172970375,-0.027127588999354968,0.011643133009252106,0.026418539050020007,8.74276,0.027454644535511958,0.027421477779454903,17.0,False,175.17891175097688,56.67975761592027,271.2758899935497
2025-11-25,KGS_RUB,2025-11-25,M01,Заметное изменение за пять обновлений,0.902461,-0.0013213007176411384,-0.027239547627978866,0.011081862786642204,0.026917210387316585,0.927732,0.02665006471269965,0.02752071776825653,26.0,False,247.0134443482874,39.05866889267264,272.3954762797887
2025-11-27,AMD_RUB,2025-11-27,M01,Заметное изменение за пять обновлений,0.206219,-0.004157813405447075,-0.028149034836374542,0.011777168663234286,0.0271101843570416,0.212192,0.024525569374525703,0.028654353562005172,28.0,False,327.80684611990245,9.94253858616027,281.4903483637454
2025-11-27,KGS_RUB,2025-11-27,M01,Заметное изменение за пять обновлений,0.898732,-0.004652615421077755,-0.029040245804937692,0.011081862786642204,0.0273176998517608,0.925612,0.026978824139073397,0.029557013165589483,2.0,False,318.1371087265164,19.82775195723291,290.40245804937695
2025-11-27,UZS_RUB,2025-11-27,M01,Заметное изменение за пять обновлений,0.00658414,-0.00036437947693335193,-0.028730324978978983,0.013541161327640095,0.027469949091384123,0.0067789,0.029215994279790575,0.029248725549408598,24.0,False,339.46726527686184,19.778988105757858,287.30324978978985
2025-12-01,UZS_RUB,2025-11-29,M04,Пять обновлений в узком диапазоне,0.00657254,-0.0020194842267653446,-0.009047802127386873,0.013541161327640095,0.028964698247034452,0.00663255,0.0030162696308122447,0.00910299613111289,186.0,False,322.4172085677684,-58.45524900997377,30.162696308122445
2025-12-03,KZT_RUB,2025-12-03,M04,Пять обновлений в узком диапазоне,0.150868,-0.00486788121842141,-0.006499621349313367,0.013691078170437134,0.03045849474158771,0.151855,0.004925294195425067,0.006547340487031345,90.0,True,0.0,77.71583408052874,49.25294195425067
2025-12-04,KZT_RUB,2025-12-04,M02,Заметное изменение после спокойного периода,0.153396,0.016756369806718574,0.011786899194638822,0.013691078170437134,0.03045849474158771,0.151609,0.016699930219090994,0.016700084423807555,141.0,False,149.1564317192112,-85.95862939601164,167.56369806718573
2025-12-08,UZS_RUB,2025-12-06,M01,Заметное изменение за пять обновлений,0.00636063,-0.015597214849390473,-0.03224172085677679,0.013541161327640095,0.028424208041363964,0.00657254,0.03098205300001886,0.0326223079976303,11.0,True,0.0,252.29076938996914,322.4172085677679
2025-12-10,KZT_RUB,2025-12-10,M03,Возвращение к уровню пяти обновлений назад,0.151108,-0.013468606981739462,0.001590794601903589,0.012593393805036393,0.028144176557810235,0.150868,0.014998911792238931,0.016602633566479508,58.0,True,0.0,112.20900395384652,15.90794601903589
2025-12-11,AMD_RUB,2025-12-11,M03,Возвращение к уровню пяти обновлений назад,0.204022,0.013783987915407803,-0.0023422868347831027,0.012359707839508904,0.026952999026729783,0.204501,0.022606948255207385,0.02492535247473844,38.0,False,0.0,79.76545944904652,23.422868347831027
2025-12-11,KGS_RUB,2025-12-11,M03,Возвращение к уровню пяти обновлений назад,0.890792,0.014209073768774783,-0.0007168249701883234,0.011148184601542545,0.026839058163534647,0.891431,0.023451973306630583,0.024128185020149257,38.0,False,0.0,72.52764351548235,7.168249701883234
2025-12-11,TJS_RUB,2025-12-11,M03,Возвращение к уровню пяти обновлений назад,8.43967,0.014077483836006266,0.0020243107251662895,0.012075499852058047,0.026418539050020007,8.42262,0.025234459688580624,0.025189736529889227,64.0,False,0.0,57.59125913435783,20.243107251662895
2025-12-12,AMD_RUB,2025-12-12,M01,Заметное изменение за пять обновлений,0.207783,0.01843428649851475,0.02888848174539116,0.012359707839508904,0.026952999026729783,0.201949,0.041003431402007996,0.041039091657586846,15.0,False,0.0,-87.88725647496713,288.8848174539116
2025-12-12,KGS_RUB,2025-12-12,M01,Заметное изменение за пять обновлений,0.907259,0.01848579690881813,0.030778180099503727,0.011148184601542545,0.026839058163534647,0.880169,0.04189379501418808,0.04194000338963902,15.0,False,0.0,-95.71205479833692,307.78180099503726
2025-12-12,KZT_RUB,2025-12-12,M03,Возвращение к уровню пяти обновлений назад,0.15305,0.011312426489050953,0.0019443153325957585,0.011553066498579859,0.02770979747005282,0.152753,0.013555228191720793,0.013546908551253518,2.0,False,62.659261679188994,21.394368912687515,19.443153325957585
2025-12-12,TJS_RUB,2025-12-12,M01,Заметное изменение за пять обновлений,8.59968,0.018959272104241087,0.03352594487015548,0.012075499852058047,0.026418539050020007,8.32072,0.044138993429272355,0.04419950390788418,18.0,False,0.0,-113.19868017285938,335.2594487015548
2025-12-15,UZS_RUB,2025-12-13,M01,Заметное изменение за пять обновлений,0.00661796,0.0026984235206775065,0.04045668432215055,0.013598965321219361,0.026338703260364763,0.00636063,0.032537424869355985,0.03965645354214543,7.0,False,178.57466651354775,-98.4477079659328,404.5668432215055
2025-12-22,KZT_RUB,2025-12-20,M01,Заметное изменение за пять обновлений,0.157184,0.010134505517104042,0.02520219149491254,0.012040271149806082,0.02485541273972488,0.15332,0.03296691915628499,0.03300851947748924,49.0,False,361.4235545602601,-220.25384180958878,252.0219149491254
2025-12-23,AMD_RUB,2025-12-23,M03,Возвращение к уровню пяти обновлений назад,0.207902,-0.017513515557067705,-0.0011722540908785106,0.012482816564960909,0.02783348552547762,0.208146,0.017681162739215668,0.01770165123066115,12.0,False,234.48547873517285,-34.265426164314775,11.722540908785106
2025-12-23,KGS_RUB,2025-12-23,M03,Возвращение к уровню пяти обновлений назад,0.906971,-0.017435391873811712,-0.0016972789602350824,0.012099846214996537,0.02825142669229537,0.908513,0.01759813359623016,0.017617448286921963,12.0,False,231.2201823432057,-32.22191244903897,16.972789602350822
2025-12-23,TJS_RUB,2025-12-23,M03,Возвращение к уровню пяти обновлений назад,8.58411,-0.017435039255164764,-0.0019683666161299795,0.01224344229017147,0.028176454124561868,8.60104,0.017589434514461346,0.017609329985340923,12.0,False,243.5430114478972,-35.687070327742674,19.683666161299797
2025-12-24,KZT_RUB,2025-12-24,M03,Возвращение к уровню пяти обновлений назад,0.152586,-0.004124841728778583,-0.0018251398292611354,0.012567428243961202,0.025697001930531288,0.152865,0.02973015263375007,0.029787702693072585,12.0,True,70.97636742558299,89.71600036371072,18.251398292611356
2025-12-26,UZS_RUB,2025-12-26,M01,Заметное изменение за пять обновлений,0.0064482,-0.007935653206723847,-0.03139312532765326,0.0143807819392499,0.027273466774515524,0.00665719,0.04279316211598158,0.042689726416320524,11.0,True,12.26698923730632,158.14236774196522,313.9312532765326
2025-12-29,AMD_RUB,2025-12-27,M01,Заметное изменение за пять обновлений,0.203666,-0.0023610321923309696,-0.037531662319004844,0.01254294529195681,0.02783348552547762,0.211608,0.020617111618589225,0.03846284233721567,17.0,True,31.374898117506145,118.77379056814499,375.31662319004846
2025-12-29,KGS_RUB,2025-12-27,M01,Заметное изменение за пять обновлений,0.888674,-0.002180513262730499,-0.03725739790805638,0.012673499764575836,0.02825142669229537,0.923065,0.020412457255107416,0.03817767142957852,17.0,True,30.089774202913038,117.0946743484579,372.5739790805638
2025-12-29,KZT_RUB,2025-12-27,M01,Заметное изменение за пять обновлений,0.151503,-0.00599018475750579,-0.036142355456025954,0.012040271149806082,0.025697001930531288,0.157184,0.014669939460303353,0.03702384185086618,7.0,True,0.0,186.15854708051788,361.42355456025956
2025-12-29,TJS_RUB,2025-12-27,M01,Заметное изменение за пять обновлений,8.40162,-0.002261105424040455,-0.03832343417162398,0.01282542568999947,0.028176454124561868,8.73643,0.021521767896065438,0.03928692680896746,17.0,True,31.624853302100714,118.5323450933343,383.23434171623984
2025-12-30,KZT_RUB,2025-12-30,M03,Возвращение к уровню пяти обновлений назад,0.153481,0.0130558470789357,0.0017165085042227801,0.011442902300716453,0.025697001930531288,0.153218,0.014664887676125905,0.014657335702063425,6.0,False,0.0,56.10120677447014,17.1650850422278
2025-12-31,UZS_RUB,2025-12-31,M03,Возвращение к уровню пяти обновлений назад,0.0065165,0.011833318064869536,-0.0005858608166470214,0.0143807819392499,0.028964698247034452,0.00652032,0.01177958072050032,0.012353908687896832,48.0,False,0.0,10.512407027318202,5.858608166470214
2026-01-19,AMD_RUB,2026-01-17,M03,Возвращение к уровню пяти обновлений назад,0.20483,-0.010334881069145485,-0.0014430155124167676,0.011743646494006657,0.027527453499082633,0.205126,0.01077835725240528,0.010789735930305468,27.0,False,221.54957769858,-43.76692570970553,14.430155124167676
2026-01-23,AMD_RUB,2026-01-23,M01,Заметное изменение за пять обновлений,0.200586,-0.01890908379472933,-0.0308403673980161,0.010335610135894813,0.027466711624928218,0.206969,0.022752576632520692,0.031205262313074387,25.0,True,28.61615466682576,118.35761768375917,308.403673980161
2026-01-23,KGS_RUB,2026-01-23,M01,Заметное изменение за пять обновлений,0.869505,-0.01906356363866102,-0.03171760838408577,0.01010896316482959,0.027356032125544473,0.897987,0.023192953030371905,0.0321042231898401,25.0,True,40.18378272695381,126.19386550839027,317.1760838408577
2026-01-23,KZT_RUB,2026-01-23,M01,Заметное изменение за пять обновлений,0.150066,-0.018380910018577223,-0.02457636482999348,0.010216941089979104,0.02185795388671177,0.153847,0.018491586657102852,0.024830022809559916,25.0,True,0.0,120.5576953341235,245.7636482999348
2026-01-23,TJS_RUB,2026-01-23,M01,Заметное изменение за пять обновлений,8.13556,-0.019892346169229524,-0.032047895756295186,0.009689738804731186,0.028722285427121498,8.40492,0.02521636336841118,0.032411287396887346,25.0,True,66.42443789978874,124.00861750782822,320.47895756295185
2026-01-23,UZS_RUB,2026-01-23,M01,Заметное изменение за пять обновлений,0.00626503,-0.020263941037842792,-0.04505082622142209,0.013246282982734028,0.026890493580813725,0.00656059,0.03762004888968996,0.04591269659421795,28.0,False,112.06650247484886,164.57190581896515,450.5082622142209
2026-01-28,KZT_RUB,2026-01-28,M03,Возвращение к уровню пяти обновлений назад,0.152558,0.010264356855265833,-0.0009822668098594667,0.010216941089979104,0.02185795388671177,0.152708,0.018568862726543473,0.018540695507015488,29.0,False,134.17847638275234,-48.05866274410724,9.822668098594667
2026-02-02,AMD_RUB,2026-01-31,M03,Возвращение к уровню пяти обновлений назад,0.200012,-0.0026378645763210917,-0.0013979589798893688,0.010335610135894813,0.026952999026729783,0.200292,0.010188702535677848,0.01019391850841107,14.0,True,0.0,106.53911463077391,13.979589798893688
2026-02-03,UZS_RUB,2026-02-03,M03,Возвращение к уровню пяти обновлений назад,0.00629156,0.015616272950626398,0.001394282803845348,0.013246282982734028,0.026361578088775598,0.0062828,0.018718651809751876,0.0187070621274992,34.0,False,91.23333481680217,-42.92248716308441,13.94282803845348
2026-02-04,KZT_RUB,2026-02-04,M03,Возвращение к уровню пяти обновлений назад,0.152388,-0.008736038925135525,-0.0011143302874971894,0.010320822160508537,0.019337454445313967,0.152558,0.0212024557974889,0.021186440677966104,7.0,False,0.0,66.08233098531386,11.143302874971894
2026-02-05,UZS_RUB,2026-02-05,M03,Возвращение к уровню пяти обновлений назад,0.00627031,-0.0015302742710097128,0.00048665605065045803,0.01208732666649475,0.02621362564895464,0.00626726,0.015469172947720091,0.015463596183919877,2.0,False,57.65265194224913,-3.834347671631686,4.86656050650458
2026-02-09,KZT_RUB,2026-02-07,M01,Заметное изменение за пять обновлений,0.155633,0.01377028250574841,0.034030735295094594,0.009915257717459536,0.018234749923674933,0.150511,0.02112520181240559,0.03345704266828944,17.0,False,74.34155995193765,-74.94184616314155,340.3073529509459
2026-02-10,UZS_RUB,2026-02-10,M03,Возвращение к уровню пяти обновлений назад,0.0063026,0.0063324892143306055,0.0017547317358492798,0.010996130400011553,0.02592393142138949,0.00629156,0.010915494867133729,0.010909238715045606,5.0,False,48.44032621457806,-46.074470589898525,17.547317358492798
2026-02-11,TJS_RUB,2026-02-11,M03,Возвращение к уровню пяти обновлений назад,8.21951,-0.007638739650214221,-0.0005690530009643258,0.008633739279861864,0.02715924265151346,8.22419,0.014502229231092423,0.014500828444980924,50.0,False,196.98254518821548,-60.13184209301933,5.690530009643258
2026-02-18,KZT_RUB,2026-02-18,M03,Возвращение к уровню пяти обновлений назад,0.155983,0.009755560734353574,-0.0004741857141941086,0.010160475784736401,0.020528625401763523,0.156057,0.019265196855633143,0.019270030015423614,14.0,False,136.36101370021206,-6.127741102632033,4.741857141941086
2026-02-25,AMD_RUB,2026-02-25,M03,Возвращение к уровню пяти обновлений назад,0.202822,-0.004227156905583729,-0.0002661724403083543,0.009986718115097482,0.025062471967621708,0.202876,0.010127101028669164,0.010128295021075994,23.0,True,0.0,81.6403804000694,2.661724403083543
2026-02-25,KZT_RUB,2026-02-25,M03,Возвращение к уровню пяти обновлений назад,0.154091,-0.017915641610686928,-0.0024922965379735595,0.010160475784736401,0.020528625401763523,0.154476,0.01804178299797829,0.018067468594034766,7.0,True,15.250728465647764,100.99041764201263,24.922965379735594
2026-02-26,UZS_RUB,2026-02-26,M04,Пять обновлений в узком диапазоне,0.00630034,0.0019879640703324153,-0.0034702670555558646,0.010996130400011553,0.024378977625213794,0.00632228,0.0037523129988707273,0.007234399138988836,87.0,True,0.0,59.97052861424518,37.523129988707275
2026-03-05,TJS_RUB,2026-03-05,M04,Пять обновлений в узком диапазоне,8.14047,0.0009369409247681482,0.008948634589571292,0.008327598951311677,0.024423463628579924,8.06827,0.004984033613238516,0.008897473257259859,113.0,True,0.0,52.5275822177099,49.84033613238516
2026-03-09,AMD_RUB,2026-03-07,M01,Заметное изменение за пять обновлений,0.209774,0.013029032818868247,0.023437576230667778,0.00946460284513624,0.022205832636971335,0.20497,0.02421655454313199,0.024249931764261178,45.0,False,54.487210045095075,-13.383746658039676,234.37576230667779
2026-03-09,KGS_RUB,2026-03-07,M01,Заметное изменение за пять обновлений,0.905089,0.012202268452142562,0.024282733083455632,0.008688402400316875,0.02261315280620009,0.883632,0.025291891187567257,0.025330500989130506,45.0,False,51.851254407025806,-13.157275032722804,242.82733083455634
2026-03-09,KZT_RUB,2026-03-07,M01,Заметное изменение за пять обновлений,0.160431,0.02555726732850494,0.04170562568178271,0.010387249851108794,0.017416221322915783,0.154008,0.03843047757295717,0.04114714015737933,28.0,False,61.77110408836147,-32.67941741657323,417.0562568178271
2026-03-09,UZS_RUB,2026-03-07,M01,Заметное изменение за пять обновлений,0.00649236,0.01097183076659558,0.022679801776201103,0.010104370442647606,0.021822791588423558,0.00634838,0.02528696753646045,0.025319539590669047,45.0,False,24.752170243178096,18.566814138656238,226.79801776201103
2026-03-16,AMD_RUB,2026-03-14,M01,Заметное изменение за пять обновлений,0.212495,0.014378255037401644,0.026169135969402513,0.00946460284513624,0.02261498093047334,0.207076,0.018400665928862088,0.0258655665142978,7.0,False,0.0,86.14867416752739,261.69135969402515
2026-03-16,KGS_RUB,2026-03-14,M01,Заметное изменение за пять обновлений,0.917389,0.014652581842876211,0.02595791889310628,0.008688402400316875,0.023334411582980667,0.894178,0.018751244160995245,0.02566952436564389,7.0,False,0.0,82.96978500695204,259.5791889310628
2026-03-16,UZS_RUB,2026-03-14,M01,Заметное изменение за пять обновлений,0.00664028,0.016393241882207477,0.03400551238729976,0.009034455869724673,0.02343436154428096,0.0064219,0.02510763257332184,0.03352874795607902,7.0,False,12.830784244037462,20.457771441190705,340.0551238729976
2026-03-18,TJS_RUB,2026-03-18,M01,Заметное изменение за пять обновлений,8.52327,0.010235975019290411,0.03927234950049918,0.008327598951311677,0.022434115328674592,8.20119,0.03549775382797323,0.03867278046461045,54.0,False,71.54531066128457,-42.40181654422657,392.72349500499183
2026-03-24,UZS_RUB,2026-03-24,M03,Возвращение к уровню пяти обновлений назад,0.00671554,-0.02526133668525521,0.0018184937382055288,0.009577938580485435,0.02598514584723355,0.00670335,0.03557321630143989,0.03747281531601551,42.0,False,154.37328941529668,6.310438570876683,18.18493738205529
2026-03-26,AMD_RUB,2026-03-26,M01,Заметное изменение за пять обновлений,0.213996,-0.0026611734330069803,-0.028461171770367444,0.010362477777711866,0.023439770559237672,0.220265,0.04914112837913891,0.04907710070401726,10.0,False,116.87134338959623,114.45362527403475,284.61171770367446
2026-03-26,KGS_RUB,2026-03-26,M01,Заметное изменение за пять обновлений,0.923041,-0.002987663735530277,-0.02894315203886577,0.010060225642788634,0.02405789016978657,0.950553,0.049952107980441106,0.0498869646705033,10.0,False,122.7247760392009,117.30180010784159,289.4315203886577
2026-03-26,KZT_RUB,2026-03-26,M01,Заметное изменение за пять обновлений,0.167353,-0.002978796923498561,-0.035612822921288645,0.011625165026168373,0.02845762125043101,0.173533,0.049593775513307195,0.049471112195776414,17.0,False,0.0,131.432523526356,356.1282292128864
2026-03-26,UZS_RUB,2026-03-26,M01,Заметное изменение за пять обновлений,0.00663176,-0.0009806771945098935,-0.02837476906216896,0.01070671915764514,0.02598514584723355,0.00682543,0.04827892982124268,0.04820921699312541,10.0,False,121.86810137882031,118.47516520003964,283.74769062168957
2026-03-27,TJS_RUB,2026-03-27,M01,Заметное изменение за пять обновлений,8.61033,0.017494082571029912,-0.02486885498396363,0.008633739279861864,0.022434115328674592,8.82992,0.03981143451572039,0.042417059743060835,9.0,False,328.0594355849311,-75.19582524760376,248.6885498396363
2026-04-02,AMD_RUB,2026-04-02,M03,Возвращение к уровню пяти обновлений назад,0.213725,-0.007900588134263642,-0.0012663788108188134,0.010362477777711866,0.023787381897692295,0.213996,0.018203539896942574,0.01822407433365425,36.0,False,414.73856591414255,-49.41610848705269,12.663788108188134
2026-04-02,KGS_RUB,2026-04-02,M03,Возвращение к уровню пяти обновлений назад,0.921937,-0.00771708748292721,-0.0011960465461448022,0.010060225642788634,0.02432961117893744,0.923041,0.018550943662535523,0.018572613580532613,100.0,False,452.84005306219444,-57.697266833223374,11.960465461448022
2026-04-03,KZT_RUB,2026-04-03,M04,Пять обновлений в узком диапазоне,0.16909,0.004115275212741354,-0.0069943211515083314,0.011257577347050952,0.03185905177852724,0.170281,0.00410981326147189,0.011154694415251834,121.0,False,512.8038322786672,-108.13851340003069,41.0981326147189
2026-04-03,TJS_RUB,2026-04-03,M01,Заметное изменение за пять обновлений,8.38,-0.004971579946021376,-0.026750426522560544,0.008560534835888948,0.024948142420432442,8.61033,0.015013987805114681,0.02717529914400485,7.0,False,355.97852028639704,-17.321689909304045,267.5042652256054
2026-04-07,AMD_RUB,2026-04-07,M01,Заметное изменение за пять обновлений,0.209037,-0.011622024161327627,-0.029224910602331233,0.010362477777711866,0.02261498093047334,0.21533,0.0300623264006504,0.029997136423596527,12.0,False,389.06987758148085,11.861232903828366,292.2491060233123
2026-04-07,KGS_RUB,2026-04-07,M01,Заметное изменение за пять обновлений,0.90026,-0.012562067229490048,-0.03158592246534353,0.010060225642788634,0.023302887881022062,0.929623,0.03148103040652629,0.03196685483257858,12.0,False,443.69404394286073,4.847042194010112,315.8592246534353
2026-04-07,TJS_RUB,2026-04-07,M01,Заметное изменение за пять обновлений,8.22213,-0.01269593869253316,-0.029259878440984433,0.008560534835888948,0.024457211912624535,8.46996,0.029070629445547756,0.02956982191051862,4.0,False,350.3714974100384,34.971869737462896,292.5987844098443
2026-04-07,UZS_RUB,2026-04-07,M01,Заметное изменение за пять обновлений,0.00646616,-0.012941654174820627,-0.028772612846439838,0.009577938580485435,0.02598514584723355,0.00665772,0.029869491849954324,0.02981918700418426,12.0,False,455.52538137008696,5.497407150749251,287.72612846439836
2026-04-08,KZT_RUB,2026-04-08,M03,Возвращение к уровню пяти обновлений назад,0.168871,0.009136976969320365,0.0008356545961003548,0.011116682426702162,0.03102166620363656,0.16873,0.01037380104853728,0.010371455949495517,42.0,False,659.4974862468974,-220.80723340897907,8.356545961003548
2026-04-10,KZT_RUB,2026-04-10,M01,Заметное изменение за пять обновлений,0.16376,-0.03721559174554645,-0.03152167484771429,0.011116682426702162,0.03102166620363656,0.16909,0.03772932635569279,0.03768006666931229,15.0,False,367.97752808988616,47.83692037887812,315.21674847714286
2026-04-15,TJS_RUB,2026-04-15,M01,Заметное изменение за пять обновлений,7.9843,-0.004330947758020676,-0.031536940674162794,0.009633363018310706,0.026645118355366627,8.2443,0.02638237643901337,0.03204201941130192,8.0,False,116.22809764162223,108.890496995064,315.3694067416279
2026-04-16,UZS_RUB,2026-04-16,M01,Заметное изменение за пять обновлений,0.00617161,-0.01214567770416597,-0.03619494704359261,0.009577938580485435,0.032003952178888365,0.00640338,0.033314501690869254,0.03676736344568644,9.0,True,0.0,214.43203507479438,361.94947043592606
2026-04-23,AMD_RUB,2026-04-23,M03,Возвращение к уровню пяти обновлений назад,0.201406,0.006064178388746733,0.0024987058495600234,0.010496559090591929,0.0285209504800926,0.200904,0.016150363197563973,0.01616549610353574,21.0,True,14.349125646704243,44.20351175351206,24.987058495600234
2026-04-23,TJS_RUB,2026-04-23,M03,Возвращение к уровню пяти обновлений назад,7.94091,0.006261167078502217,0.0008646277752220044,0.00996681395807304,0.026645118355366627,7.93405,0.017972869161578135,0.017986103873108995,71.0,True,17.076128554535963,49.12034852372273,8.646277752220044
2026-04-27,AMD_RUB,2026-04-25,M03,Возвращение к уровню пяти обновлений назад,0.203123,0.00925166823179846,-0.0016318104740605799,0.010496559090591929,0.0285209504800926,0.203455,0.014541994163356503,0.01616378776545412,4.0,False,98.7578954623557,-38.92404973918774,16.318104740605797
2026-04-27,UZS_RUB,2026-04-25,M03,Возвращение к уровню пяти обновлений назад,0.00628322,0.00887288935702868,0.002002978952773793,0.010055193384713858,0.031566874059855324,0.00627066,0.015833413608194426,0.01581561386937281,34.0,False,138.28896648533723,-50.98251935410847,20.02978952773793
2026-04-28,TJS_RUB,2026-04-28,M03,Возвращение к уровню пяти обновлений назад,7.93939,-0.008649387038530798,-0.001986124781431897,0.00996681395807304,0.026645118355366627,7.95519,0.0147515838814395,0.014747563156938655,5.0,True,15.164893020749348,48.7686001575215,19.861247814318972
2026-04-29,KGS_RUB,2026-04-29,M03,Возвращение к уровню пяти обновлений назад,0.854341,-0.0015029913735775668,0.0016237648835344398,0.010812738819690849,0.030838113688368574,0.852956,0.011408510254249814,0.01303525026244979,27.0,True,52.29761886647167,53.007276414084245,16.237648835344398
2026-04-30,TJS_RUB,2026-04-30,M03,Возвращение к уровню пяти обновлений назад,7.95384,0.003341595867471403,0.001628276859956923,0.00996681395807304,0.026645118355366627,7.94091,0.010225159753187845,0.010227527154749293,2.0,True,27.93619182684076,18.371194216069487,16.28276859956923
2026-05-01,KZT_RUB,2026-05-01,M03,Возвращение к уровню пяти обновлений назад,0.162066,-0.010447132381225854,-0.0008323006639910924,0.013356093874170229,0.0346005092442407,0.162201,0.01755457558072945,0.017558301855805505,23.0,False,107.42536991102345,-21.117632752234172,8.323006639910924
2026-05-05,AMD_RUB,2026-05-05,M03,Возвращение к уровню пяти обновлений назад,0.20346,0.008520826207860654,0.0016590932587643437,0.010277994399807033,0.0285209504800926,0.203123,0.011606088465836646,0.011594159868767826,8.0,False,252.33461122579374,-87.57505193519589,16.590932587643437
2026-05-05,UZS_RUB,2026-05-05,M03,Возвращение к уровню пяти обновлений назад,0.00628996,0.0038190050159352396,0.0010726983934987722,0.010055193384713858,0.031566874059855324,0.00628322,0.014997616527459899,0.014981527103448744,8.0,False,342.2756265540638,-141.60407429576455,10.726983934987722
2026-05-07,KZT_RUB,2026-05-07,M03,Возвращение к уровню пяти обновлений назад,0.16177,-0.002626451947027153,-0.0020234672852225133,0.013356093874170229,0.0346005092442407,0.162098,0.012346590384792893,0.012352378207212687,6.0,False,463.99208753167983,-79.15762989951143,20.23467285222513
2026-05-08,TJS_RUB,2026-05-08,M03,Возвращение к уровню пяти обновлений назад,7.96058,-0.007390412538887836,0.0008473894370517598,0.00986134519713595,0.026645118355366627,7.95384,0.009692560238230813,0.010076159199312026,8.0,False,175.80377309191013,-43.81140278859486,8.473894370517598
2026-05-11,AMD_RUB,2026-05-09,M03,Возвращение к уровню пяти обновлений назад,0.20134,-0.003617540369474148,-0.0019876970967727114,0.010277994399807033,0.0285209504800926,0.201741,0.010458042530688489,0.010466422285580335,6.0,False,420.7311016191506,-64.93908390186618,19.876970967727114
2026-05-13,UZS_RUB,2026-05-13,M01,Заметное изменение за пять обновлений,0.00607525,-0.0071466159392579165,-0.03413535221209674,0.010743718614204846,0.031566874059855324,0.00628996,0.029839737250795105,0.03469307404237624,27.0,False,329.15517879922606,44.31667220192462,341.35352212096734
2026-05-18,KZT_RUB,2026-05-16,M01,Заметное изменение за пять обновлений,0.154264,-0.013669901919412752,-0.04199321848645554,0.012622932259589882,0.0346005092442407,0.161026,0.03840665301322075,0.04270368241899114,38.0,False,374.29341907379563,37.08019526380999,419.93218486455544
2026-05-20,AMD_RUB,2026-05-20,M01,Заметное изменение за пять обновлений,0.193619,-0.015067580284971571,-0.03274167844814224,0.010277994399807033,0.0285209504800926,0.200173,0.02707194982942483,0.03314986988397871,43.0,True,60.99607993017293,136.0358887297978,327.41678448142244
2026-05-20,KGS_RUB,2026-05-20,M01,Заметное изменение за пять обновлений,0.815238,-0.014610927252376893,-0.03381604724504639,0.01065693871156681,0.030838113688368574,0.843771,0.028210279490732005,0.03425620740935209,43.0,True,70.470218512876,138.2653379513749,338.1604724504639
2026-05-20,TJS_RUB,2026-05-20,M01,Заметное изменение за пять обновлений,7.6422,-0.01290092584938407,-0.03085409929617655,0.00996681395807304,0.026645118355366627,7.8855,0.025245268232743753,0.03122288343478246,35.0,True,36.18068095574509,152.1401208942563,308.54099296176554
2026-05-21,UZS_RUB,2026-05-21,M01,Заметное изменение за пять обновлений,0.00587528,-0.006471577986150501,-0.03282318216462787,0.01138608317987715,0.032003952178888365,0.00607467,0.038668538960876644,0.03859210469442508,8.0,True,0.0,204.10146534894403,328.2318216462787
2026-05-28,AMD_RUB,2026-05-28,M03,Возвращение к уровню пяти обновлений назад,0.19264,-0.011534830261483497,-0.001187334408328966,0.010496559090591929,0.02931762701861762,0.192869,0.012656305371336038,0.012664051152428695,17.0,True,0.0,132.22839321122197,11.87334408328966
2026-05-28,KGS_RUB,2026-05-28,M03,Возвращение к уровню пяти обновлений назад,0.810763,-0.01069880211974894,-0.0007000841826578785,0.010812738819690849,0.03165390981097258,0.811331,0.012325018018493655,0.012332867004563895,29.0,True,0.0,135.52539206540618,7.000841826578785
2026-06-01,TJS_RUB,2026-05-30,M03,Возвращение к уровню пяти обновлений назад,7.67536,-0.004891684136967167,0.00018243514430626995,0.010648682710410707,0.028703432289948497,7.67396,0.010761319186076593,0.010767773332828126,24.0,True,8.520772967001173,107.757934212542,1.8243514430626995
2026-06-02,AMD_RUB,2026-06-02,M03,Возвращение к уровню пяти обновлений назад,0.194253,0.007008776522672289,-0.0008229902321346128,0.010725666454168127,0.02931762701861762,0.194413,0.011604377451992566,0.011597462797062457,5.0,True,0.0,70.8302694982228,8.229902321346128
2026-06-02,KGS_RUB,2026-06-02,M03,Возвращение к уровню пяти обновлений назад,0.818218,0.007472766696751343,0.00010022783498109256,0.010812738819690849,0.03165390981097258,0.818136,0.010753526906629262,0.010747429283067525,5.0,True,0.0,68.85332579342106,1.0022783498109256
2026-06-04,AMD_RUB,2026-06-04,M01,Заметное изменение за пять обновлений,0.199022,0.01082838132967634,0.03312915282392015,0.011130712364981001,0.02931762701861762,0.19264,0.03132599919753044,0.03273872629152616,15.0,False,217.91560731979416,-164.71635453160485,331.2915282392015
2026-06-04,KGS_RUB,2026-06-04,M01,Заметное изменение за пять обновлений,0.838692,0.010803540437348103,0.03444779793848518,0.011129101892509019,0.03165390981097258,0.810763,0.03225208314701981,0.034020404446807546,15.0,False,219.72309262518303,-170.2571579135907,344.4779793848518
2026-06-04,KZT_RUB,2026-06-04,M03,Возвращение к уровню пяти обновлений назад,0.148725,0.0022170408905899386,0.0015825981547576973,0.013804355393828495,0.041627831177181475,0.14849,0.021638616857988947,0.02162723018854324,28.0,False,153.2358379559592,15.412177442404113,15.825981547576973
2026-06-04,TJS_RUB,2026-06-04,M01,Заметное изменение за пять обновлений,7.91167,0.008589687530675238,0.03240493048722892,0.01075210956242172,0.028703432289948497,7.66334,0.030387393944381665,0.032010748881112654,15.0,False,306.95162968121747,-186.24303227120708,324.0493048722892
2026-06-04,UZS_RUB,2026-06-04,M01,Заметное изменение за пять обновлений,0.00612694,0.0077601747437399116,0.03714951214392603,0.01197628150252701,0.03298246626829704,0.00590748,0.034824682276339176,0.036610612840461576,14.0,False,279.61755786738564,-177.5494193455285,371.49512143926034
2026-06-12,AMD_RUB,2026-06-12,M01,Заметное изменение за пять обновлений,0.195179,0.0017090420126664174,-0.031691695565246314,0.011130712364981001,0.031402473023685554,0.201567,0.023736777150019907,0.03486233884653378,8.0,True,0.0,116.17493011708052,316.9169556524631
2026-06-12,TJS_RUB,2026-06-12,M01,Заметное изменение за пять обновлений,7.71269,0.00408916222296285,-0.036625442954017706,0.010785135513973178,0.030975101579485687,8.00591,0.03194644539115849,0.043197403209295326,8.0,True,0.0,135.58880428101784,366.25442954017706
2026-06-24,AMD_RUB,2026-06-24,M01,Заметное изменение за пять обновлений,0.202728,0.011566289107329819,0.03475944017395016,0.010147615696173019,0.02931762701861762,0.195918,0.025392340677569285,0.03418011229413291,12.0,False,0.0,44.91993215009441,347.5944017395016
2026-06-24,KGS_RUB,2026-06-24,M01,Заметное изменение за пять обновлений,0.853288,0.0115908387679593,0.034395058884854945,0.010706268261892426,0.03165390981097258,0.824915,0.025441307089934327,0.03382942725772956,20.0,False,0.0,45.93998316163458,343.95058884854944
2026-06-24,KZT_RUB,2026-06-24,M01,Заметное изменение за пять обновлений,0.153221,0.014419734777513682,0.04365446966188058,0.01368884483119368,0.03186834473751899,0.146812,0.025813458804557748,0.04268511981671172,37.0,False,0.0,65.69169086713507,436.5446966188058
2026-06-24,TJS_RUB,2026-06-24,M01,Заметное изменение за пять обновлений,8.03065,0.011438532059250717,0.035050975034477405,0.009977768564790936,0.028675511447315196,7.7587,0.024882989800147536,0.034476492724164746,12.0,False,0.0,45.66534822594745,350.50975034477403
2026-06-24,UZS_RUB,2026-06-24,M01,Заметное изменение за пять обновлений,0.00620952,0.009336679627052868,0.03397219215718916,0.01147163998512264,0.03206894903545035,0.0060055,0.02836903105801856,0.03347931692478846,20.0,False,0.0,48.98360301952623,339.72192157189164
2026-06-26,AMD_RUB,2026-06-26,M01,Заметное изменение за пять обновлений,0.205384,0.010608774381482888,0.030821659983035765,0.009426592400456471,0.029047273383864036,0.199243,0.02918719857282866,0.030439315507809372,2.0,False,0.0,-16.200319176013597,308.21659983035767
2026-06-26,KZT_RUB,2026-06-26,M01,Заметное изменение за пять обновлений,0.155301,0.009792255925095139,0.03603759864975742,0.01368884483119368,0.03190620800881175,0.149899,0.030945122150764413,0.03546822610720563,2.0,False,0.0,26.840174208848058,360.37598649757416
2026-06-26,TJS_RUB,2026-06-26,M01,Заметное изменение за пять обновлений,8.14555,0.012766587051636913,0.03389604620168818,0.00986134519713595,0.028675511447315196,7.8785,0.032345795608433314,0.03343426420518037,2.0,False,0.0,-24.88338058122342,338.9604620168818
2026-06-26,UZS_RUB,2026-06-26,M01,Заметное изменение за пять обновлений,0.0062958,0.012429022386391653,0.03720275849343824,0.01070740091117095,0.03206894903545035,0.00606998,0.033189455844702676,0.036583726057845094,2.0,False,0.0,-18.265411085411337,372.0275849343824
2026-06-29,KGS_RUB,2026-06-27,M01,Заметное изменение за пять обновлений,0.881202,0.018859023853873058,0.04932107461094137,0.010706268261892426,0.031506352066880725,0.839783,0.04384777072168099,0.04837047399031605,5.0,False,121.36831282725198,-126.58642078910407,493.2107461094137
2026-07-06,KGS_RUB,2026-07-04,M03,Возвращение к уровню пяти обновлений назад,0.883115,-0.008994198377341167,0.002170898386522069,0.010706268261892426,0.03284533432709065,0.881202,0.013367431923888465,0.015542791415154246,34.0,False,167.90565215175772,-15.926830552619263,21.708983865220688
2026-07-06,TJS_RUB,2026-07-04,M03,Возвращение к уровню пяти обновлений назад,8.32002,-0.00907315214025406,0.0005688316342544741,0.009977768564790936,0.030975101579485687,8.31529,0.01441471012652753,0.015002174098465059,35.0,False,138.26889839206962,-1.055511792140548,5.688316342544741
2026-07-08,KZT_RUB,2026-07-08,M03,Возвращение к уровню пяти обновлений назад,0.161273,-0.023647073780565298,0.001024157707872897,0.014054595800201054,0.040879046761190675,0.161108,0.02397416240807138,0.025033436332610747,34.0,False,0.0,101.32112624105103,10.24157707872897
2026-07-10,KZT_RUB,2026-07-10,M03,Возвращение к уровню пяти обновлений назад,0.162251,0.0003144266337853363,-0.0021647817075944875,0.013804355393828495,0.04027977642479299,0.162603,0.02400244817597367,0.02400565417353801,2.0,False,0.0,83.15285835403904,21.647817075944875
2026-07-14,KZT_RUB,2026-07-14,M03,Возвращение к уровню пяти обновлений назад,0.16488,0.005243263016705191,-0.0018101574655373653,0.013804355393828495,0.03686999783451047,0.165179,0.022139048198923667,0.02391909394031245,4.0,False,149.3207180980102,-12.990212805829001,18.101574655373653
2026-07-17,AMD_RUB,2026-07-17,M01,Заметное изменение за пять обновлений,0.213651,0.006496382000452439,0.03299875257462803,0.010522795005074493,0.030523959208538277,0.206826,0.023562502488496055,0.03245672436750998,21.0,False,17.59879429537026,-96.61006269493494,329.9875257462803
2026-07-17,KGS_RUB,2026-07-17,M01,Заметное изменение за пять обновлений,0.895576,0.004635176186053247,0.03142854839471276,0.010706268261892426,0.031237775453679232,0.868287,0.021919360071721773,0.030926567393545084,18.0,False,36.69147007065856,-90.97390144183888,314.28548394712766
2026-07-17,TJS_RUB,2026-07-17,M01,Заметное изменение за пять обновлений,8.46234,0.004579902561326454,0.030214933985865722,0.010359798514888907,0.029450499940350476,8.21415,0.021897256960891124,0.029760931667410694,21.0,False,46.476506498202205,-93.88477227503891,302.14933985865724
2026-07-23,AMD_RUB,2026-07-23,M04,Пять обновлений в узком диапазоне,0.213894,-0.0015684077860244061,0.007641139669857688,0.010522795005074493,0.030647891340790247,0.212272,0.0027068673083360116,0.009165422297534583,253.0,False,53.81170112298677,-8.070136662039701,27.068673083360117
2026-07-23,KGS_RUB,2026-07-23,M04,Пять обновлений в узком диапазоне,0.897377,-0.0009974695888665952,0.00665549378312047,0.010649472569423325,0.03156434369098382,0.891444,0.003035727907774544,0.007623469733667859,244.0,False,58.414690815565464,-18.474584434819256,30.357279077745442
2026-07-23,TJS_RUB,2026-07-23,M04,Пять обновлений в узком диапазоне,8.48238,-0.0006632885682273937,0.006958887717598783,0.010359798514888907,0.030326227746788705,8.42376,0.0030363070576142352,0.007589432753392985,140.0,False,69.99214843003908,-20.16746670134632,30.363070576142352
2026-07-24,UZS_RUB,2026-07-24,M03,Возвращение к уровню пяти обновлений назад,0.00647876,-0.005275505441324602,0.00040610673349661397,0.01147163998512264,0.03397241763746654,0.00647613,0.01146129608475995,0.011878458410044776,80.0,False,0.0,70.32457817623545,4.06106733496614
2026-07-31,KZT_RUB,2026-07-31,M03,Возвращение к уровню пяти обновлений назад,0.167356,0.005418914534946584,-0.0017953321364452268,0.014414475763518553,0.035122636772174115,0.167657,0.022033266383633808,0.022693811697612042,17.0,False,0.0,97.48737347055302,17.95332136445227
2026-08-05,UZS_RUB,2026-08-05,M01,Заметное изменение за пять обновлений,0.00679347,0.01725149964212247,0.04022496581566948,0.010782415446755556,0.03397241763746654,0.00653077,0.029939428710857034,0.03951221639919927,40.0,False,0.0,-58.308248584542305,402.24965815669475
2026-08-07,KZT_RUB,2026-08-07,M01,Заметное изменение за пять обновлений,0.173263,0.010468425595446362,0.03529601567915108,0.014414475763518553,0.035122636772174115,0.167356,0.03428287687393699,0.03477300221047269,42.0,False,0.0,-12.27827491063126,352.9601567915108
2026-08-10,AMD_RUB,2026-08-08,M01,Заметное изменение за пять обновлений,0.224394,0.009537777697796512,0.03409755985160956,0.010522795005074493,0.030647891340790247,0.216995,0.025349086033398534,0.033516794636588146,24.0,False,0.0,25.162139901665334,340.9755985160956
2026-08-10,KGS_RUB,2026-08-08,M01,Заметное изменение за пять обновлений,0.939583,0.009321027042472618,0.03401322363526704,0.010719749783268773,0.03156434369098382,0.908676,0.025854461443883592,0.0334255361564724,24.0,False,0.0,20.309641230225072,340.1322363526704
2026-08-10,TJS_RUB,2026-08-08,M01,Заметное изменение за пять обновлений,8.88517,0.009320559074510015,0.034102018584383886,0.010648682710410707,0.030376969535010546,8.59216,0.025935885488279586,0.03350626524811808,24.0,False,0.0,14.595317489497223,341.0201858438389
2026-08-10,UZS_RUB,2026-08-08,M01,Заметное изменение за пять обновлений,0.00687465,0.006242681498829006,0.0347124180842322,0.011150190406468854,0.03397241763746654,0.00664402,0.028892133289551623,0.034057431336538574,5.0,False,0.0,37.92096713992275,347.124180842322
2026-08-13,KZT_RUB,2026-08-13,M01,Заметное изменение за пять обновлений,0.178206,0.008306080186490705,0.039295961928756284,0.014423882799011212,0.03568954853542663,0.171468,0.028093016700085037,0.03845802607246406,6.0,False,0.0,-32.10691546555218,392.9596192875629
2026-08-18,KZT_RUB,2026-08-18,M01,Заметное изменение за пять обновлений,0.183211,0.008077339980081977,0.042250716788786224,0.014423882799011212,0.035357319744689655,0.175784,0.03595903347806575,0.04142081135042897,5.0,False,156.92289218442212,-132.04150011152572,422.50716788786224
2026-08-19,AMD_RUB,2026-08-19,M01,Заметное изменение за пять обновлений,0.233168,0.0024635095337388613,0.03619629993378459,0.010419157184114925,0.03099566709947788,0.225023,0.027512136048662122,0.03546992387067081,9.0,False,261.0135181500026,-161.15396348106168,361.96299933784593
2026-08-19,KGS_RUB,2026-08-19,M01,Заметное изменение за пять обновлений,0.973865,0.0017744357808546773,0.03387306015767155,0.009929141165651958,0.03110198015740817,0.941958,0.025702253018546912,0.03322401086537372,9.0,False,263.41433360886697,-157.25010776253092,338.7306015767155
2026-08-19,TJS_RUB,2026-08-19,M01,Заметное изменение за пять обновлений,9.19991,0.0020127583611702082,0.033459708718778236,0.010104284115060369,0.030843580695902564,8.90205,0.025260190949471125,0.03283516660380101,9.0,False,249.62200717180872,-152.91213015277572,334.59708718778234
2026-08-19,UZS_RUB,2026-08-19,M01,Заметное изменение за пять обновлений,0.00718242,0.00463262137551923,0.040609203245954406,0.010782415446755556,0.0341211392637073,0.00690213,0.028514629686846062,0.03974779645698312,9.0,False,255.03938783863907,-171.47504468499022,406.09203245954404
2026-08-21,KZT_RUB,2026-08-21,M03,Возвращение к уровню пяти обновлений назад,0.180336,-0.025268767802995584,0.0010102467888584155,0.014423882799011212,0.03840810768602179,0.180154,0.025549715100182276,0.02661279938486097,21.0,False,0.0,100.45523639486512,10.102467888584155
