corridor,date,rate_t,evaluation_split,feature_set,order,actual_date_h1,actual_rate_h1,predicted_rate_h1,lower_95_h1,upper_95_h1,actual_date_h2,actual_rate_h2,predicted_rate_h2,lower_95_h2,upper_95_h2,actual_date_h3,actual_rate_h3,predicted_rate_h3,lower_95_h3,upper_95_h3,actual_date_h4,actual_rate_h4,predicted_rate_h4,lower_95_h4,upper_95_h4,actual_date_h5,actual_rate_h5,predicted_rate_h5,lower_95_h5,upper_95_h5,actual_future_best_5,predicted_future_best_5,actual_regret_5,predicted_regret_5
AMD_RUB,2025-07-12,0.202874,test,SET_A,"(0, 1, 0)",2025-07-15,0.20402,0.202874,0.20085463733165695,0.20489336266834304,2025-07-16,0.202953,0.202874,0.20001818992707934,0.20572981007292065,2025-07-17,0.203038,0.202874,0.199376361259522,0.206371638740478,2025-07-18,0.203545,0.202874,0.1988352746633139,0.2069127253366861,2025-07-19,0.203818,0.202874,0.19835856780235958,0.20738943219764042,0.202953,0.202874,0.0,0.0
AMD_RUB,2025-07-15,0.20402,test,SET_A,"(0, 1, 0)",2025-07-16,0.202953,0.20402,0.20200063733165696,0.20603936266834305,2025-07-17,0.203038,0.20402,0.20116418992707935,0.20687581007292066,2025-07-18,0.203545,0.20402,0.200522361259522,0.20751763874047802,2025-07-19,0.203818,0.20402,0.19998127466331392,0.2080587253366861,2025-07-22,0.204068,0.20402,0.1995045678023596,0.20853543219764042,0.202953,0.20402,0.005229879423585984,0.0
AMD_RUB,2025-07-16,0.202953,test,SET_A,"(0, 1, 0)",2025-07-17,0.203038,0.202953,0.20093363733165695,0.20497236266834304,2025-07-18,0.203545,0.202953,0.20009718992707934,0.20580881007292065,2025-07-19,0.203818,0.202953,0.19945536125952198,0.206450638740478,2025-07-22,0.204068,0.202953,0.1989142746633139,0.20699172533668608,2025-07-23,0.203371,0.202953,0.19843756780235958,0.2074684321976404,0.203038,0.202953,0.0,0.0
AMD_RUB,2025-07-17,0.203038,test,SET_A,"(0, 1, 0)",2025-07-18,0.203545,0.203038,0.20101863733165695,0.20505736266834304,2025-07-19,0.203818,0.203038,0.20018218992707934,0.20589381007292065,2025-07-22,0.204068,0.203038,0.199540361259522,0.206535638740478,2025-07-23,0.203371,0.203038,0.1989992746633139,0.20707672533668608,2025-07-24,0.204344,0.203038,0.19852256780235958,0.20755343219764041,0.203371,0.203038,0.0,0.0
AMD_RUB,2025-07-18,0.203545,test,SET_A,"(0, 1, 0)",2025-07-19,0.203818,0.203545,0.20152563733165696,0.20556436266834305,2025-07-22,0.204068,0.203545,0.20068918992707935,0.20640081007292066,2025-07-23,0.203371,0.203545,0.200047361259522,0.207042638740478,2025-07-24,0.204344,0.203545,0.19950627466331392,0.2075837253366861,2025-07-25,0.20551,0.203545,0.19902956780235959,0.20806043219764042,0.203371,0.203545,0.0008548478223489031,0.0
AMD_RUB,2025-07-19,0.203818,test,SET_A,"(0, 1, 0)",2025-07-22,0.204068,0.203818,0.20179863733165695,0.20583736266834304,2025-07-23,0.203371,0.203818,0.20096218992707934,0.20667381007292066,2025-07-24,0.204344,0.203818,0.200320361259522,0.207315638740478,2025-07-25,0.20551,0.203818,0.1997792746633139,0.2078567253366861,2025-07-26,0.207201,0.203818,0.19930256780235958,0.20833343219764042,0.203371,0.203818,0.0021931330893248044,0.0
AMD_RUB,2025-07-22,0.204068,test,SET_A,"(0, 1, 0)",2025-07-23,0.203371,0.204068,0.20204863733165696,0.20608736266834304,2025-07-24,0.204344,0.204068,0.20121218992707934,0.20692381007292066,2025-07-25,0.20551,0.204068,0.200570361259522,0.207565638740478,2025-07-26,0.207201,0.204068,0.2000292746633139,0.2081067253366861,2025-07-29,0.207359,0.204068,0.19955256780235958,0.20858343219764042,0.203371,0.204068,0.003415528157280922,0.0
AMD_RUB,2025-07-23,0.203371,test,SET_A,"(0, 1, 0)",2025-07-24,0.204344,0.203371,0.20135163733165695,0.20539036266834304,2025-07-25,0.20551,0.203371,0.20051518992707934,0.20622681007292065,2025-07-26,0.207201,0.203371,0.199873361259522,0.206868638740478,2025-07-29,0.207359,0.203371,0.1993322746633139,0.20740972533668608,2025-07-30,0.214203,0.203371,0.19885556780235958,0.20788643219764041,0.204344,0.203371,0.0,0.0
AMD_RUB,2025-07-24,0.204344,test,SET_A,"(0, 1, 0)",2025-07-25,0.20551,0.204344,0.20232463733165695,0.20636336266834304,2025-07-26,0.207201,0.204344,0.20148818992707934,0.20719981007292065,2025-07-29,0.207359,0.204344,0.200846361259522,0.207841638740478,2025-07-30,0.214203,0.204344,0.2003052746633139,0.2083827253366861,2025-07-31,0.2132,0.204344,0.19982856780235958,0.20885943219764042,0.20551,0.204344,0.0,0.0
AMD_RUB,2025-07-25,0.20551,test,SET_A,"(0, 1, 0)",2025-07-26,0.207201,0.20551,0.20349063733165695,0.20752936266834304,2025-07-29,0.207359,0.20551,0.20265418992707934,0.20836581007292065,2025-07-30,0.214203,0.20551,0.202012361259522,0.209007638740478,2025-07-31,0.2132,0.20551,0.2014712746633139,0.2095487253366861,2025-08-01,0.209255,0.20551,0.20099456780235958,0.21002543219764042,0.207201,0.20551,0.0,0.0
AMD_RUB,2025-07-26,0.207201,test,SET_A,"(0, 1, 0)",2025-07-29,0.207359,0.207201,0.20518163733165695,0.20922036266834304,2025-07-30,0.214203,0.207201,0.20434518992707934,0.21005681007292065,2025-07-31,0.2132,0.207201,0.203703361259522,0.210698638740478,2025-08-01,0.209255,0.207201,0.2031622746633139,0.21123972533668608,2025-08-02,0.209435,0.207201,0.20268556780235958,0.21171643219764041,0.207359,0.207201,0.0,0.0
AMD_RUB,2025-07-29,0.207359,test,SET_A,"(0, 1, 0)",2025-07-30,0.214203,0.207359,0.20533963733165694,0.20937836266834303,2025-07-31,0.2132,0.207359,0.20450318992707933,0.21021481007292064,2025-08-01,0.209255,0.207359,0.20386136125952198,0.210856638740478,2025-08-02,0.209435,0.207359,0.2033202746633139,0.21139772533668608,2025-08-05,0.207721,0.207359,0.20284356780235957,0.2118744321976404,0.207721,0.207359,0.0,0.0
AMD_RUB,2025-07-30,0.214203,test,SET_A,"(0, 1, 0)",2025-07-31,0.2132,0.214203,0.21218363733165696,0.21622236266834305,2025-08-01,0.209255,0.214203,0.21134718992707935,0.21705881007292066,2025-08-02,0.209435,0.214203,0.210705361259522,0.21770063874047801,2025-08-05,0.207721,0.214203,0.21016427466331392,0.2182417253366861,2025-08-06,0.208445,0.214203,0.2096875678023596,0.21871843219764042,0.207721,0.214203,0.030261014084770128,0.0
AMD_RUB,2025-07-31,0.2132,test,SET_A,"(0, 1, 0)",2025-08-01,0.209255,0.2132,0.21118063733165696,0.21521936266834304,2025-08-02,0.209435,0.2132,0.21034418992707934,0.21605581007292066,2025-08-05,0.207721,0.2132,0.209702361259522,0.216697638740478,2025-08-06,0.208445,0.2132,0.2091612746633139,0.2172387253366861,2025-08-07,0.209006,0.2132,0.20868456780235958,0.21771543219764042,0.207721,0.2132,0.025698874296435328,0.0
AMD_RUB,2025-08-01,0.209255,test,SET_A,"(0, 1, 0)",2025-08-02,0.209435,0.209255,0.20723563733165695,0.21127436266834304,2025-08-05,0.207721,0.209255,0.20639918992707934,0.21211081007292065,2025-08-06,0.208445,0.209255,0.205757361259522,0.212752638740478,2025-08-07,0.209006,0.209255,0.2052162746633139,0.21329372533668609,2025-08-08,0.20692,0.209255,0.20473956780235958,0.21377043219764041,0.20692,0.209255,0.01115863420228909,0.0
AMD_RUB,2025-08-02,0.209435,test,SET_A,"(0, 1, 0)",2025-08-05,0.207721,0.209435,0.20741563733165697,0.21145436266834305,2025-08-06,0.208445,0.209435,0.20657918992707935,0.21229081007292067,2025-08-07,0.209006,0.209435,0.205937361259522,0.21293263874047802,2025-08-08,0.20692,0.209435,0.20539627466331392,0.2134737253366861,2025-08-09,0.207981,0.209435,0.2049195678023596,0.21395043219764043,0.20692,0.209435,0.012008499056986735,0.0
AMD_RUB,2025-08-05,0.207721,test,SET_A,"(0, 1, 0)",2025-08-06,0.208445,0.207721,0.20570163733165694,0.20974036266834303,2025-08-07,0.209006,0.207721,0.20486518992707933,0.21057681007292064,2025-08-08,0.20692,0.207721,0.20422336125952198,0.211218638740478,2025-08-09,0.207981,0.207721,0.2036822746633139,0.21175972533668608,2025-08-12,0.207695,0.207721,0.20320556780235957,0.2122364321976404,0.20692,0.207721,0.003856133948902596,0.0
AMD_RUB,2025-08-06,0.208445,test,SET_A,"(0, 1, 0)",2025-08-07,0.209006,0.208445,0.20642563733165695,0.21046436266834304,2025-08-08,0.20692,0.208445,0.20558918992707934,0.21130081007292065,2025-08-09,0.207981,0.208445,0.20494736125952198,0.211942638740478,2025-08-12,0.207695,0.208445,0.2044062746633139,0.21248372533668608,2025-08-13,0.208101,0.208445,0.20392956780235957,0.2129604321976404,0.20692,0.208445,0.007316078581880106,0.0
AMD_RUB,2025-08-07,0.209006,test,SET_A,"(0, 1, 0)",2025-08-08,0.20692,0.209006,0.20698663733165695,0.21102536266834304,2025-08-09,0.207981,0.209006,0.20615018992707934,0.21186181007292065,2025-08-12,0.207695,0.209006,0.205508361259522,0.212503638740478,2025-08-13,0.208101,0.209006,0.2049672746633139,0.21304472533668609,2025-08-14,0.207538,0.209006,0.20449056780235958,0.21352143219764042,0.20692,0.209006,0.009980574720342979,0.0
AMD_RUB,2025-08-08,0.20692,test,SET_A,"(0, 1, 0)",2025-08-09,0.207981,0.20692,0.20490063733165695,0.20893936266834304,2025-08-12,0.207695,0.20692,0.20406418992707934,0.20977581007292065,2025-08-13,0.208101,0.20692,0.20342236125952198,0.210417638740478,2025-08-14,0.207538,0.20692,0.2028812746633139,0.21095872533668608,2025-08-15,0.207993,0.20692,0.20240456780235958,0.2114354321976404,0.207538,0.20692,0.0,0.0
AMD_RUB,2025-08-09,0.207981,test,SET_A,"(0, 1, 0)",2025-08-12,0.207695,0.207981,0.20596163733165695,0.21000036266834304,2025-08-13,0.208101,0.207981,0.20512518992707934,0.21083681007292066,2025-08-14,0.207538,0.207981,0.204483361259522,0.211478638740478,2025-08-15,0.207993,0.207981,0.2039422746633139,0.2120197253366861,2025-08-16,0.208881,0.207981,0.20346556780235958,0.21249643219764042,0.207538,0.207981,0.0021300022598218058,0.0
AMD_RUB,2025-08-12,0.207695,test,SET_A,"(0, 1, 0)",2025-08-13,0.208101,0.207695,0.20567563733165695,0.20971436266834304,2025-08-14,0.207538,0.207695,0.20483918992707933,0.21055081007292065,2025-08-15,0.207993,0.207695,0.20419736125952198,0.211192638740478,2025-08-16,0.208881,0.207695,0.2036562746633139,0.21173372533668608,2025-08-19,0.209841,0.207695,0.20317956780235957,0.2122104321976404,0.207538,0.207695,0.0007559161270131226,0.0
AMD_RUB,2025-08-13,0.208101,test,SET_A,"(0, 1, 0)",2025-08-14,0.207538,0.208101,0.20608163733165696,0.21012036266834305,2025-08-15,0.207993,0.208101,0.20524518992707935,0.21095681007292066,2025-08-16,0.208881,0.208101,0.204603361259522,0.21159863874047802,2025-08-19,0.209841,0.208101,0.20406227466331392,0.2121397253366861,2025-08-20,0.209799,0.208101,0.2035855678023596,0.21261643219764043,0.207538,0.208101,0.002705417081128913,0.0
AMD_RUB,2025-08-14,0.207538,test,SET_A,"(0, 1, 0)",2025-08-15,0.207993,0.207538,0.20551863733165696,0.20955736266834304,2025-08-16,0.208881,0.207538,0.20468218992707934,0.21039381007292066,2025-08-19,0.209841,0.207538,0.204040361259522,0.211035638740478,2025-08-20,0.209799,0.207538,0.2034992746633139,0.2115767253366861,2025-08-21,0.209276,0.207538,0.20302256780235958,0.21205343219764042,0.207993,0.207538,0.0,0.0
AMD_RUB,2025-08-15,0.207993,test,SET_A,"(0, 1, 0)",2025-08-16,0.208881,0.207993,0.20597363733165697,0.21001236266834306,2025-08-19,0.209841,0.207993,0.20513718992707936,0.21084881007292067,2025-08-20,0.209799,0.207993,0.204495361259522,0.21149063874047802,2025-08-21,0.209276,0.207993,0.20395427466331392,0.2120317253366861,2025-08-22,0.209707,0.207993,0.2034775678023596,0.21250843219764043,0.208881,0.207993,0.0,0.0
AMD_RUB,2025-08-16,0.208881,test,SET_A,"(0, 1, 0)",2025-08-19,0.209841,0.208881,0.20686163733165697,0.21090036266834306,2025-08-20,0.209799,0.208881,0.20602518992707936,0.21173681007292067,2025-08-21,0.209276,0.208881,0.205383361259522,0.21237863874047802,2025-08-22,0.209707,0.208881,0.20484227466331392,0.2129197253366861,2025-08-23,0.211044,0.208881,0.2043655678023596,0.21339643219764043,0.209276,0.208881,0.0,0.0
AMD_RUB,2025-08-19,0.209841,test,SET_A,"(0, 1, 0)",2025-08-20,0.209799,0.209841,0.20782163733165696,0.21186036266834304,2025-08-21,0.209276,0.209841,0.20698518992707934,0.21269681007292066,2025-08-22,0.209707,0.209841,0.206343361259522,0.213338638740478,2025-08-23,0.211044,0.209841,0.2058022746633139,0.2138797253366861,2025-08-26,0.210763,0.209841,0.20532556780235958,0.21435643219764042,0.209276,0.209841,0.002692514808831496,0.0
AMD_RUB,2025-08-20,0.209799,test,SET_A,"(0, 1, 0)",2025-08-21,0.209276,0.209799,0.20777963733165697,0.21181836266834306,2025-08-22,0.209707,0.209799,0.20694318992707936,0.21265481007292067,2025-08-23,0.211044,0.209799,0.206301361259522,0.21329663874047802,2025-08-26,0.210763,0.209799,0.20576027466331392,0.2138377253366861,2025-08-27,0.210522,0.209799,0.2052835678023596,0.21431443219764043,0.209276,0.209799,0.0024928622157399387,0.0
AMD_RUB,2025-08-21,0.209276,test,SET_A,"(0, 1, 0)",2025-08-22,0.209707,0.20927600000000002,0.20725663733165697,0.21129536266834306,2025-08-23,0.211044,0.20927600000000002,0.20642018992707936,0.21213181007292067,2025-08-26,0.210763,0.20927600000000002,0.205778361259522,0.21277363874047803,2025-08-27,0.210522,0.20927600000000002,0.20523727466331393,0.2133147253366861,2025-08-28,0.210444,0.20927600000000002,0.2047605678023596,0.21379143219764044,0.209707,0.20927600000000002,0.0,0.0
AMD_RUB,2025-08-22,0.209707,test,SET_A,"(0, 1, 0)",2025-08-23,0.211044,0.209707,0.20768763733165696,0.21172636266834305,2025-08-26,0.210763,0.209707,0.20685118992707935,0.21256281007292066,2025-08-27,0.210522,0.209707,0.206209361259522,0.21320463874047801,2025-08-28,0.210444,0.209707,0.20566827466331392,0.2137457253366861,2025-08-29,0.209656,0.209707,0.2051915678023596,0.21422243219764042,0.209656,0.209707,0.00024319645982249277,0.0
AMD_RUB,2025-08-23,0.211044,test,SET_A,"(0, 1, 0)",2025-08-26,0.210763,0.211044,0.20902463733165697,0.21306336266834305,2025-08-27,0.210522,0.211044,0.20818818992707935,0.21389981007292067,2025-08-28,0.210444,0.211044,0.207546361259522,0.21454163874047802,2025-08-29,0.209656,0.211044,0.20700527466331392,0.2150827253366861,2025-08-30,0.210006,0.211044,0.2065285678023596,0.21555943219764043,0.209656,0.211044,0.006576827580978375,0.0
AMD_RUB,2025-08-26,0.210763,test,SET_A,"(0, 1, 0)",2025-08-27,0.210522,0.210763,0.20874363733165696,0.21278236266834305,2025-08-28,0.210444,0.210763,0.20790718992707935,0.21361881007292066,2025-08-29,0.209656,0.210763,0.207265361259522,0.21426063874047802,2025-08-30,0.210006,0.210763,0.20672427466331392,0.2148017253366861,2025-09-02,0.210204,0.210763,0.2062475678023596,0.21527843219764042,0.209656,0.210763,0.005252345051076313,0.0
AMD_RUB,2025-08-27,0.210522,test,SET_A,"(0, 1, 0)",2025-08-28,0.210444,0.210522,0.20850263733165694,0.21254136266834303,2025-08-29,0.209656,0.210522,0.20766618992707933,0.21337781007292064,2025-08-30,0.210006,0.210522,0.20702436125952198,0.214019638740478,2025-09-02,0.210204,0.210522,0.2064832746633139,0.21456072533668608,2025-09-03,0.210606,0.210522,0.20600656780235957,0.2150374321976404,0.209656,0.210522,0.004113584328478629,0.0
AMD_RUB,2025-08-28,0.210444,test,SET_A,"(0, 1, 0)",2025-08-29,0.209656,0.210444,0.20842463733165695,0.21246336266834304,2025-08-30,0.210006,0.210444,0.20758818992707934,0.21329981007292065,2025-09-02,0.210204,0.210444,0.20694636125952198,0.213941638740478,2025-09-03,0.210606,0.210444,0.2064052746633139,0.21448272533668608,2025-09-04,0.211287,0.210444,0.20592856780235957,0.2149594321976404,0.209656,0.210444,0.0037444640854573338,0.0
AMD_RUB,2025-08-29,0.209656,test,SET_A,"(0, 1, 0)",2025-08-30,0.210006,0.209656,0.20763663733165696,0.21167536266834305,2025-09-02,0.210204,0.209656,0.20680018992707935,0.21251181007292066,2025-09-03,0.210606,0.209656,0.206158361259522,0.21315363874047802,2025-09-04,0.211287,0.209656,0.20561727466331392,0.2136947253366861,2025-09-05,0.212682,0.209656,0.2051405678023596,0.21417143219764043,0.210006,0.209656,0.0,0.0
AMD_RUB,2025-08-30,0.210006,test,SET_A,"(0, 1, 0)",2025-09-02,0.210204,0.210006,0.20798663733165695,0.21202536266834304,2025-09-03,0.210606,0.210006,0.20715018992707934,0.21286181007292065,2025-09-04,0.211287,0.210006,0.206508361259522,0.213503638740478,2025-09-05,0.212682,0.210006,0.2059672746633139,0.2140447253366861,2025-09-06,0.213067,0.210006,0.20549056780235958,0.21452143219764042,0.210204,0.210006,0.0,0.0
AMD_RUB,2025-09-02,0.210204,test,SET_A,"(0, 1, 0)",2025-09-03,0.210606,0.210204,0.20818463733165696,0.21222336266834305,2025-09-04,0.211287,0.210204,0.20734818992707935,0.21305981007292066,2025-09-05,0.212682,0.210204,0.206706361259522,0.213701638740478,2025-09-06,0.213067,0.210204,0.2061652746633139,0.2142427253366861,2025-09-09,0.215267,0.210204,0.20568856780235958,0.21471943219764042,0.210606,0.210204,0.0,0.0
AMD_RUB,2025-09-03,0.210606,test,SET_A,"(0, 1, 0)",2025-09-04,0.211287,0.210606,0.20858663733165694,0.21262536266834303,2025-09-05,0.212682,0.210606,0.20775018992707933,0.21346181007292064,2025-09-06,0.213067,0.210606,0.20710836125952198,0.214103638740478,2025-09-09,0.215267,0.210606,0.2065672746633139,0.21464472533668608,2025-09-10,0.217372,0.210606,0.20609056780235957,0.2151214321976404,0.211287,0.210606,0.0,0.0
AMD_RUB,2025-09-04,0.211287,test,SET_A,"(0, 1, 0)",2025-09-05,0.212682,0.211287,0.20926763733165696,0.21330636266834305,2025-09-06,0.213067,0.211287,0.20843118992707935,0.21414281007292066,2025-09-09,0.215267,0.211287,0.207789361259522,0.214784638740478,2025-09-10,0.217372,0.211287,0.20724827466331391,0.2153257253366861,2025-09-11,0.222022,0.211287,0.20677156780235958,0.21580243219764042,0.212682,0.211287,0.0,0.0
AMD_RUB,2025-09-05,0.212682,test,SET_A,"(0, 1, 0)",2025-09-06,0.213067,0.212682,0.21066263733165697,0.21470136266834305,2025-09-09,0.215267,0.212682,0.20982618992707935,0.21553781007292067,2025-09-10,0.217372,0.212682,0.209184361259522,0.21617963874047802,2025-09-11,0.222022,0.212682,0.20864327466331392,0.2167207253366861,2025-09-12,0.223814,0.212682,0.2081665678023596,0.21719743219764043,0.213067,0.212682,0.0,0.0
AMD_RUB,2025-09-06,0.213067,test,SET_A,"(0, 1, 0)",2025-09-09,0.215267,0.213067,0.21104763733165696,0.21508636266834305,2025-09-10,0.217372,0.213067,0.21021118992707935,0.21592281007292066,2025-09-11,0.222022,0.213067,0.209569361259522,0.21656463874047802,2025-09-12,0.223814,0.213067,0.20902827466331392,0.2171057253366861,2025-09-13,0.220043,0.213067,0.2085515678023596,0.21758243219764042,0.215267,0.213067,0.0,0.0
AMD_RUB,2025-09-09,0.215267,test,SET_A,"(0, 1, 0)",2025-09-10,0.217372,0.215267,0.21324763733165694,0.21728636266834303,2025-09-11,0.222022,0.215267,0.21241118992707933,0.21812281007292064,2025-09-12,0.223814,0.215267,0.21176936125952198,0.218764638740478,2025-09-13,0.220043,0.215267,0.2112282746633139,0.21930572533668607,2025-09-16,0.21683,0.215267,0.21075156780235957,0.2197824321976404,0.21683,0.215267,0.0,0.0
AMD_RUB,2025-09-10,0.217372,test,SET_A,"(0, 1, 0)",2025-09-11,0.222022,0.217372,0.21535263733165697,0.21939136266834305,2025-09-12,0.223814,0.217372,0.21451618992707935,0.22022781007292067,2025-09-13,0.220043,0.217372,0.213874361259522,0.22086963874047802,2025-09-16,0.21683,0.217372,0.21333327466331392,0.2214107253366861,2025-09-17,0.216214,0.217372,0.2128565678023596,0.22188743219764043,0.216214,0.217372,0.005327273061847985,0.0
AMD_RUB,2025-09-11,0.222022,test,SET_A,"(0, 1, 0)",2025-09-12,0.223814,0.222022,0.22000263733165695,0.22404136266834304,2025-09-13,0.220043,0.222022,0.21916618992707934,0.22487781007292065,2025-09-16,0.21683,0.222022,0.218524361259522,0.225519638740478,2025-09-17,0.216214,0.222022,0.2179832746633139,0.22606072533668609,2025-09-18,0.216741,0.222022,0.21750656780235958,0.22653743219764041,0.216214,0.222022,0.026159569772364936,0.0
AMD_RUB,2025-09-12,0.223814,test,SET_A,"(0, 1, 0)",2025-09-13,0.220043,0.223814,0.22179463733165697,0.22583336266834306,2025-09-16,0.21683,0.223814,0.22095818992707936,0.22666981007292067,2025-09-17,0.216214,0.223814,0.220316361259522,0.22731163874047802,2025-09-18,0.216741,0.223814,0.21977527466331392,0.2278527253366861,2025-09-19,0.217393,0.223814,0.2192985678023596,0.22832943219764043,0.216214,0.223814,0.03395676767315728,0.0
AMD_RUB,2025-09-13,0.220043,test,SET_A,"(0, 1, 0)",2025-09-16,0.21683,0.220043,0.21802363733165694,0.22206236266834303,2025-09-17,0.216214,0.220043,0.21718718992707933,0.22289881007292064,2025-09-18,0.216741,0.220043,0.21654536125952198,0.223540638740478,2025-09-19,0.217393,0.220043,0.2160042746633139,0.22408172533668608,2025-09-20,0.218337,0.220043,0.21552756780235957,0.2245584321976404,0.216214,0.220043,0.017401144321791646,0.0
AMD_RUB,2025-09-16,0.21683,test,SET_A,"(0, 1, 0)",2025-09-17,0.216214,0.21683,0.21481063733165695,0.21884936266834304,2025-09-18,0.216741,0.21683,0.21397418992707934,0.21968581007292065,2025-09-19,0.217393,0.21683,0.21333236125952199,0.220327638740478,2025-09-20,0.218337,0.21683,0.2127912746633139,0.22086872533668608,2025-09-23,0.219112,0.21683,0.21231456780235958,0.2213454321976404,0.216214,0.21683,0.002840935294931538,0.0
AMD_RUB,2025-09-17,0.216214,test,SET_A,"(0, 1, 0)",2025-09-18,0.216741,0.216214,0.21419463733165695,0.21823336266834303,2025-09-19,0.217393,0.216214,0.21335818992707933,0.21906981007292065,2025-09-20,0.218337,0.216214,0.21271636125952198,0.219711638740478,2025-09-23,0.219112,0.216214,0.2121752746633139,0.22025272533668608,2025-09-24,0.217711,0.216214,0.21169856780235957,0.2207294321976404,0.216741,0.216214,0.0,0.0
AMD_RUB,2025-09-18,0.216741,test,SET_A,"(0, 1, 0)",2025-09-19,0.217393,0.216741,0.21472163733165694,0.21876036266834303,2025-09-20,0.218337,0.216741,0.21388518992707933,0.21959681007292065,2025-09-23,0.219112,0.216741,0.21324336125952198,0.220238638740478,2025-09-24,0.217711,0.216741,0.2127022746633139,0.22077972533668608,2025-09-25,0.219459,0.216741,0.21222556780235957,0.2212564321976404,0.217393,0.216741,0.0,0.0
AMD_RUB,2025-09-19,0.217393,test,SET_A,"(0, 1, 0)",2025-09-20,0.218337,0.217393,0.21537363733165696,0.21941236266834305,2025-09-23,0.219112,0.217393,0.21453718992707935,0.22024881007292066,2025-09-24,0.217711,0.217393,0.213895361259522,0.220890638740478,2025-09-25,0.219459,0.217393,0.21335427466331391,0.2214317253366861,2025-09-26,0.218027,0.217393,0.21287756780235959,0.22190843219764042,0.217711,0.217393,0.0,0.0
AMD_RUB,2025-09-20,0.218337,test,SET_A,"(0, 1, 0)",2025-09-23,0.219112,0.218337,0.21631763733165696,0.22035636266834305,2025-09-24,0.217711,0.218337,0.21548118992707935,0.22119281007292066,2025-09-25,0.219459,0.218337,0.214839361259522,0.221834638740478,2025-09-26,0.218027,0.218337,0.21429827466331391,0.2223757253366861,2025-09-27,0.218473,0.218337,0.21382156780235959,0.22285243219764042,0.217711,0.218337,0.002867127422287635,0.0
AMD_RUB,2025-09-23,0.219112,test,SET_A,"(0, 1, 0)",2025-09-24,0.217711,0.219112,0.21709263733165696,0.22113136266834305,2025-09-25,0.219459,0.219112,0.21625618992707935,0.22196781007292066,2025-09-26,0.218027,0.219112,0.215614361259522,0.222609638740478,2025-09-27,0.218473,0.219112,0.2150732746633139,0.2231507253366861,2025-09-30,0.216506,0.219112,0.21459656780235958,0.22362743219764042,0.216506,0.219112,0.011893460878454842,0.0
AMD_RUB,2025-09-24,0.217711,test,SET_A,"(0, 1, 0)",2025-09-25,0.219459,0.217711,0.21569163733165694,0.21973036266834303,2025-09-26,0.218027,0.217711,0.21485518992707933,0.22056681007292064,2025-09-27,0.218473,0.217711,0.21421336125952198,0.221208638740478,2025-09-30,0.216506,0.217711,0.2136722746633139,0.22174972533668608,2025-10-01,0.215958,0.217711,0.21319556780235957,0.2222264321976404,0.215958,0.217711,0.008051958789404196,0.0
AMD_RUB,2025-09-25,0.219459,test,SET_A,"(0, 1, 0)",2025-09-26,0.218027,0.219459,0.21743963733165694,0.22147836266834303,2025-09-27,0.218473,0.219459,0.21660318992707933,0.22231481007292064,2025-09-30,0.216506,0.219459,0.21596136125952198,0.222956638740478,2025-10-01,0.215958,0.219459,0.2154202746633139,0.22349772533668608,2025-10-02,0.21293,0.219459,0.21494356780235957,0.2239744321976404,0.21293,0.219459,0.02975043174351464,0.0
AMD_RUB,2025-09-26,0.218027,test,SET_A,"(0, 1, 0)",2025-09-27,0.218473,0.218027,0.21600763733165695,0.22004636266834304,2025-09-30,0.216506,0.218027,0.21517118992707934,0.22088281007292065,2025-10-01,0.215958,0.218027,0.214529361259522,0.221524638740478,2025-10-02,0.21293,0.218027,0.2139882746633139,0.2220657253366861,2025-10-03,0.211323,0.218027,0.21351156780235958,0.22254243219764042,0.211323,0.218027,0.03074848527934608,0.0
AMD_RUB,2025-09-27,0.218473,test,SET_A,"(0, 1, 0)",2025-09-30,0.216506,0.218473,0.21645363733165696,0.22049236266834304,2025-10-01,0.215958,0.218473,0.21561718992707934,0.22132881007292066,2025-10-02,0.21293,0.218473,0.214975361259522,0.221970638740478,2025-10-03,0.211323,0.218473,0.2144342746633139,0.2225117253366861,2025-10-04,0.213964,0.218473,0.21395756780235958,0.22298843219764042,0.211323,0.218473,0.03272715621609988,0.0
AMD_RUB,2025-09-30,0.216506,test,SET_A,"(0, 1, 0)",2025-10-01,0.215958,0.216506,0.21448663733165696,0.21852536266834305,2025-10-02,0.21293,0.216506,0.21365018992707935,0.21936181007292066,2025-10-03,0.211323,0.216506,0.213008361259522,0.220003638740478,2025-10-04,0.213964,0.216506,0.21246727466331392,0.2205447253366861,2025-10-07,0.216948,0.216506,0.2119905678023596,0.22102143219764042,0.211323,0.216506,0.02393929036608682,0.0
AMD_RUB,2025-10-01,0.215958,test,SET_A,"(0, 1, 0)",2025-10-02,0.21293,0.215958,0.21393863733165697,0.21797736266834306,2025-10-03,0.211323,0.215958,0.21310218992707936,0.21881381007292067,2025-10-04,0.213964,0.215958,0.212460361259522,0.21945563874047802,2025-10-07,0.216948,0.215958,0.21191927466331392,0.2199967253366861,2025-10-08,0.214136,0.215958,0.2114425678023596,0.22047343219764043,0.211323,0.215958,0.021462506598505265,0.0
AMD_RUB,2025-10-02,0.21293,test,SET_A,"(0, 1, 0)",2025-10-03,0.211323,0.21293,0.21091063733165696,0.21494936266834305,2025-10-04,0.213964,0.21293,0.21007418992707935,0.21578581007292066,2025-10-07,0.216948,0.21293,0.209432361259522,0.21642763874047802,2025-10-08,0.214136,0.21293,0.20889127466331392,0.2169687253366861,2025-10-09,0.213058,0.21293,0.2084145678023596,0.21744543219764043,0.211323,0.21293,0.007547081200394483,0.0
AMD_RUB,2025-10-03,0.211323,test,SET_A,"(0, 1, 0)",2025-10-04,0.213964,0.211323,0.20930363733165697,0.21334236266834306,2025-10-07,0.216948,0.211323,0.20846718992707935,0.21417881007292067,2025-10-08,0.214136,0.211323,0.207825361259522,0.21482063874047802,2025-10-09,0.213058,0.211323,0.20728427466331392,0.2153617253366861,2025-10-10,0.21281,0.211323,0.2068075678023596,0.21583843219764043,0.21281,0.211323,0.0,0.0
AMD_RUB,2025-10-04,0.213964,test,SET_A,"(0, 1, 0)",2025-10-07,0.216948,0.213964,0.21194463733165694,0.21598336266834303,2025-10-08,0.214136,0.213964,0.21110818992707933,0.21681981007292064,2025-10-09,0.213058,0.213964,0.21046636125952198,0.217461638740478,2025-10-10,0.21281,0.213964,0.2099252746633139,0.21800272533668608,2025-10-11,0.212161,0.213964,0.20944856780235957,0.2184794321976404,0.212161,0.213964,0.008426651212353475,0.0
AMD_RUB,2025-10-07,0.216948,test,SET_A,"(0, 1, 0)",2025-10-08,0.214136,0.216948,0.21492863733165696,0.21896736266834305,2025-10-09,0.213058,0.216948,0.21409218992707935,0.21980381007292066,2025-10-10,0.21281,0.216948,0.213450361259522,0.220445638740478,2025-10-11,0.212161,0.216948,0.2129092746633139,0.2209867253366861,2025-10-14,0.211346,0.216948,0.21243256780235958,0.22146343219764042,0.211346,0.216948,0.0258218559286096,0.0
AMD_RUB,2025-10-08,0.214136,test,SET_A,"(0, 1, 0)",2025-10-09,0.213058,0.214136,0.21211663733165695,0.21615536266834304,2025-10-10,0.21281,0.214136,0.21128018992707934,0.21699181007292065,2025-10-11,0.212161,0.214136,0.21063836125952198,0.217633638740478,2025-10-14,0.211346,0.214136,0.2100972746633139,0.21817472533668608,2025-10-15,0.208895,0.214136,0.20962056780235958,0.2186514321976404,0.208895,0.214136,0.024475099936488942,0.0
AMD_RUB,2025-10-09,0.213058,test,SET_A,"(0, 1, 0)",2025-10-10,0.21281,0.21305799999999997,0.21103863733165693,0.21507736266834301,2025-10-11,0.212161,0.21305799999999997,0.2102021899270793,0.21591381007292063,2025-10-14,0.211346,0.21305799999999997,0.20956036125952196,0.21655563874047798,2025-10-15,0.208895,0.21305799999999997,0.20901927466331388,0.21709672533668606,2025-10-16,0.206023,0.21305799999999997,0.20854256780235955,0.2175734321976404,0.206023,0.21305799999999997,0.033019177876446724,1.3027239350612938e-16
AMD_RUB,2025-10-10,0.21281,test,SET_A,"(0, 1, 0)",2025-10-11,0.212161,0.21281,0.21079063733165695,0.21482936266834304,2025-10-14,0.211346,0.21281,0.20995418992707934,0.21566581007292066,2025-10-15,0.208895,0.21281,0.209312361259522,0.216307638740478,2025-10-16,0.206023,0.21281,0.2087712746633139,0.2168487253366861,2025-10-17,0.206766,0.21281,0.20829456780235958,0.21732543219764042,0.206023,0.21281,0.03189229829425303,0.0
AMD_RUB,2025-10-11,0.212161,test,SET_A,"(0, 1, 0)",2025-10-14,0.211346,0.212161,0.21014163733165694,0.21418036266834303,2025-10-15,0.208895,0.212161,0.20930518992707933,0.21501681007292064,2025-10-16,0.206023,0.212161,0.20866336125952198,0.215658638740478,2025-10-17,0.206766,0.212161,0.2081222746633139,0.21619972533668608,2025-10-18,0.211672,0.212161,0.20764556780235957,0.2166764321976404,0.206023,0.212161,0.028930859111712223,0.0
AMD_RUB,2025-10-14,0.211346,test,SET_A,"(0, 1, 0)",2025-10-15,0.208895,0.211346,0.20932663733165696,0.21336536266834305,2025-10-16,0.206023,0.211346,0.20849018992707935,0.21420181007292066,2025-10-17,0.206766,0.211346,0.207848361259522,0.21484363874047802,2025-10-18,0.211672,0.211346,0.20730727466331392,0.2153847253366861,2025-10-21,0.212418,0.211346,0.2068305678023596,0.21586143219764042,0.206023,0.211346,0.02518618757866245,0.0
AMD_RUB,2025-10-15,0.208895,test,SET_A,"(0, 1, 0)",2025-10-16,0.206023,0.208895,0.20687563733165695,0.21091436266834304,2025-10-17,0.206766,0.208895,0.20603918992707934,0.21175081007292065,2025-10-18,0.211672,0.208895,0.205397361259522,0.212392638740478,2025-10-21,0.212418,0.208895,0.2048562746633139,0.21293372533668609,2025-10-22,0.212657,0.208895,0.20437956780235958,0.21341043219764042,0.206023,0.208895,0.013748533952464089,0.0
AMD_RUB,2025-10-16,0.206023,test,SET_A,"(0, 1, 0)",2025-10-17,0.206766,0.206023,0.20400363733165697,0.20804236266834306,2025-10-18,0.211672,0.206023,0.20316718992707936,0.20887881007292067,2025-10-21,0.212418,0.206023,0.202525361259522,0.20952063874047802,2025-10-22,0.212657,0.206023,0.20198427466331392,0.2100617253366861,2025-10-23,0.213471,0.206023,0.2015075678023596,0.21053843219764043,0.206766,0.206023,0.0,0.0
AMD_RUB,2025-10-17,0.206766,test,SET_A,"(0, 1, 0)",2025-10-18,0.211672,0.206766,0.20474663733165696,0.20878536266834305,2025-10-21,0.212418,0.206766,0.20391018992707935,0.20962181007292066,2025-10-22,0.212657,0.206766,0.203268361259522,0.21026363874047801,2025-10-23,0.213471,0.206766,0.20272727466331392,0.2108047253366861,2025-10-24,0.212446,0.206766,0.2022505678023596,0.21128143219764042,0.211672,0.206766,0.0,0.0
AMD_RUB,2025-10-18,0.211672,test,SET_A,"(0, 1, 0)",2025-10-21,0.212418,0.211672,0.20965263733165695,0.21369136266834304,2025-10-22,0.212657,0.211672,0.20881618992707934,0.21452781007292065,2025-10-23,0.213471,0.211672,0.208174361259522,0.215169638740478,2025-10-24,0.212446,0.211672,0.2076332746633139,0.2157107253366861,2025-10-25,0.211386,0.211672,0.20715656780235958,0.21618743219764042,0.211386,0.211672,0.0013511470577119717,0.0
AMD_RUB,2025-10-21,0.212418,test,SET_A,"(0, 1, 0)",2025-10-22,0.212657,0.212418,0.21039863733165695,0.21443736266834304,2025-10-23,0.213471,0.212418,0.20956218992707934,0.21527381007292065,2025-10-24,0.212446,0.212418,0.20892036125952199,0.215915638740478,2025-10-25,0.211386,0.212418,0.2083792746633139,0.21645672533668608,2025-10-28,0.206388,0.212418,0.20790256780235958,0.2169334321976404,0.206388,0.212418,0.028387424794508977,0.0
AMD_RUB,2025-10-22,0.212657,test,SET_A,"(0, 1, 0)",2025-10-23,0.213471,0.212657,0.21063763733165697,0.21467636266834306,2025-10-24,0.212446,0.212657,0.20980118992707936,0.21551281007292067,2025-10-25,0.211386,0.212657,0.209159361259522,0.21615463874047802,2025-10-28,0.206388,0.212657,0.20861827466331392,0.2166957253366861,2025-10-29,0.20852,0.212657,0.2081415678023596,0.21717243219764043,0.206388,0.212657,0.029479396398895987,0.0
AMD_RUB,2025-10-23,0.213471,test,SET_A,"(0, 1, 0)",2025-10-24,0.212446,0.213471,0.21145163733165695,0.21549036266834304,2025-10-25,0.211386,0.213471,0.21061518992707934,0.21632681007292065,2025-10-28,0.206388,0.213471,0.20997336125952198,0.216968638740478,2025-10-29,0.20852,0.213471,0.2094322746633139,0.21750972533668608,2025-10-30,0.207703,0.213471,0.20895556780235958,0.2179864321976404,0.206388,0.213471,0.03318015093385053,0.0
AMD_RUB,2025-10-24,0.212446,test,SET_A,"(0, 1, 0)",2025-10-25,0.211386,0.212446,0.21042663733165695,0.21446536266834304,2025-10-28,0.206388,0.212446,0.20959018992707934,0.21530181007292065,2025-10-29,0.20852,0.212446,0.208948361259522,0.215943638740478,2025-10-30,0.207703,0.212446,0.2084072746633139,0.21648472533668608,2025-10-31,0.210346,0.212446,0.20793056780235958,0.2169614321976404,0.206388,0.212446,0.02851548158120185,0.0
AMD_RUB,2025-10-25,0.211386,test,SET_A,"(0, 1, 0)",2025-10-28,0.206388,0.211386,0.20936663733165695,0.21340536266834303,2025-10-29,0.20852,0.211386,0.20853018992707933,0.21424181007292065,2025-10-30,0.207703,0.211386,0.20788836125952198,0.214883638740478,2025-10-31,0.210346,0.211386,0.2073472746633139,0.21542472533668608,2025-11-01,0.211618,0.211386,0.20687056780235957,0.2159014321976404,0.206388,0.211386,0.023643949930458985,0.0
AMD_RUB,2025-10-28,0.206388,test,SET_A,"(0, 1, 0)",2025-10-29,0.20852,0.206388,0.20436863733165694,0.20840736266834303,2025-10-30,0.207703,0.206388,0.20353218992707933,0.20924381007292064,2025-10-31,0.210346,0.206388,0.20289036125952198,0.209885638740478,2025-11-01,0.211618,0.206388,0.2023492746633139,0.21042672533668608,2025-11-02,0.211384,0.206388,0.20187256780235957,0.2109034321976404,0.207703,0.206388,0.0,0.0
AMD_RUB,2025-10-29,0.20852,test,SET_A,"(0, 1, 0)",2025-10-30,0.207703,0.20852,0.20650063733165697,0.21053936266834306,2025-10-31,0.210346,0.20852,0.20566418992707935,0.21137581007292067,2025-11-01,0.211618,0.20852,0.205022361259522,0.21201763874047802,2025-11-02,0.211384,0.20852,0.20448127466331392,0.2125587253366861,2025-11-06,0.212219,0.20852,0.2040045678023596,0.21303543219764043,0.207703,0.20852,0.003918089391904912,0.0
AMD_RUB,2025-10-30,0.207703,test,SET_A,"(0, 1, 0)",2025-10-31,0.210346,0.207703,0.20568363733165695,0.20972236266834304,2025-11-01,0.211618,0.207703,0.20484718992707934,0.21055881007292065,2025-11-02,0.211384,0.207703,0.204205361259522,0.211200638740478,2025-11-06,0.212219,0.207703,0.2036642746633139,0.2117417253366861,2025-11-07,0.21276,0.207703,0.20318756780235958,0.21221843219764042,0.210346,0.207703,0.0,0.0
AMD_RUB,2025-10-31,0.210346,test,SET_A,"(0, 1, 0)",2025-11-01,0.211618,0.210346,0.20832663733165696,0.21236536266834305,2025-11-02,0.211384,0.210346,0.20749018992707935,0.21320181007292066,2025-11-06,0.212219,0.210346,0.206848361259522,0.21384363874047801,2025-11-07,0.21276,0.210346,0.20630727466331392,0.2143847253366861,2025-11-08,0.212333,0.210346,0.2058305678023596,0.21486143219764042,0.211384,0.210346,0.0,0.0
AMD_RUB,2025-11-01,0.211618,test,SET_A,"(0, 1, 0)",2025-11-02,0.211384,0.211618,0.20959863733165696,0.21363736266834304,2025-11-06,0.212219,0.211618,0.20876218992707934,0.21447381007292066,2025-11-07,0.21276,0.211618,0.208120361259522,0.215115638740478,2025-11-08,0.212333,0.211618,0.2075792746633139,0.2156567253366861,2025-11-11,0.211738,0.211618,0.20710256780235958,0.21613343219764042,0.211384,0.211618,0.0011057660501470196,0.0
AMD_RUB,2025-11-02,0.211384,test,SET_A,"(0, 1, 0)",2025-11-06,0.212219,0.211384,0.20936463733165694,0.21340336266834303,2025-11-07,0.21276,0.211384,0.20852818992707933,0.21423981007292064,2025-11-08,0.212333,0.211384,0.20788636125952198,0.214881638740478,2025-11-11,0.211738,0.211384,0.2073452746633139,0.21542272533668608,2025-11-12,0.212685,0.211384,0.20686856780235957,0.2158994321976404,0.211738,0.211384,0.0,0.0
AMD_RUB,2025-11-06,0.212219,test,SET_A,"(0, 1, 0)",2025-11-07,0.21276,0.212219,0.21019963733165695,0.21423836266834304,2025-11-08,0.212333,0.212219,0.20936318992707934,0.21507481007292065,2025-11-11,0.211738,0.212219,0.20872136125952198,0.215716638740478,2025-11-12,0.212685,0.212219,0.2081802746633139,0.21625772533668608,2025-11-13,0.212738,0.212219,0.20770356780235957,0.2167344321976404,0.211738,0.212219,0.002266526559827261,0.0
AMD_RUB,2025-11-07,0.21276,test,SET_A,"(0, 1, 0)",2025-11-08,0.212333,0.21276,0.21074063733165696,0.21477936266834305,2025-11-11,0.211738,0.21276,0.20990418992707935,0.21561581007292066,2025-11-12,0.212685,0.21276,0.209262361259522,0.21625763874047801,2025-11-13,0.212738,0.21276,0.20872127466331392,0.2167987253366861,2025-11-14,0.210843,0.21276,0.2082445678023596,0.21727543219764042,0.210843,0.21276,0.009010152284263969,0.0
AMD_RUB,2025-11-08,0.212333,test,SET_A,"(0, 1, 0)",2025-11-11,0.211738,0.212333,0.21031363733165695,0.21435236266834304,2025-11-12,0.212685,0.212333,0.20947718992707934,0.21518881007292065,2025-11-13,0.212738,0.212333,0.20883536125952198,0.215830638740478,2025-11-14,0.210843,0.212333,0.2082942746633139,0.21637172533668608,2025-11-15,0.212309,0.212333,0.20781756780235958,0.2168484321976404,0.210843,0.212333,0.007017279461977137,0.0
AMD_RUB,2025-11-11,0.211738,test,SET_A,"(0, 1, 0)",2025-11-12,0.212685,0.211738,0.20971863733165697,0.21375736266834305,2025-11-13,0.212738,0.211738,0.20888218992707935,0.21459381007292067,2025-11-14,0.210843,0.211738,0.208240361259522,0.21523563874047802,2025-11-15,0.212309,0.211738,0.20769927466331392,0.2157767253366861,2025-11-18,0.212539,0.211738,0.2072225678023596,0.21625343219764043,0.210843,0.211738,0.004226921950712705,0.0
AMD_RUB,2025-11-12,0.212685,test,SET_A,"(0, 1, 0)",2025-11-13,0.212738,0.212685,0.21066563733165697,0.21470436266834306,2025-11-14,0.210843,0.212685,0.20982918992707936,0.21554081007292067,2025-11-15,0.212309,0.212685,0.209187361259522,0.21618263874047802,2025-11-18,0.212539,0.212685,0.20864627466331392,0.2167237253366861,2025-11-19,0.21218,0.212685,0.2081695678023596,0.21720043219764043,0.210843,0.212685,0.008660695394597693,0.0
AMD_RUB,2025-11-13,0.212738,test,SET_A,"(0, 1, 0)",2025-11-14,0.210843,0.212738,0.21071863733165697,0.21475736266834305,2025-11-15,0.212309,0.212738,0.20988218992707935,0.21559381007292067,2025-11-18,0.212539,0.212738,0.209240361259522,0.21623563874047802,2025-11-19,0.21218,0.212738,0.20869927466331392,0.2167767253366861,2025-11-20,0.212192,0.212738,0.2082225678023596,0.21725343219764043,0.210843,0.212738,0.008907670467899519,0.0
AMD_RUB,2025-11-14,0.210843,test,SET_A,"(0, 1, 0)",2025-11-15,0.212309,0.210843,0.20882363733165696,0.21286236266834305,2025-11-18,0.212539,0.210843,0.20798718992707935,0.21369881007292066,2025-11-19,0.21218,0.210843,0.207345361259522,0.214340638740478,2025-11-20,0.212192,0.210843,0.20680427466331391,0.2148817253366861,2025-11-21,0.211313,0.210843,0.20632756780235958,0.21535843219764042,0.211313,0.210843,0.0,0.0
AMD_RUB,2025-11-15,0.212309,test,SET_A,"(0, 1, 0)",2025-11-18,0.212539,0.212309,0.21028963733165695,0.21432836266834304,2025-11-19,0.21218,0.212309,0.20945318992707934,0.21516481007292065,2025-11-20,0.212192,0.212309,0.208811361259522,0.215806638740478,2025-11-21,0.211313,0.212309,0.2082702746633139,0.2163477253366861,2025-11-22,0.207082,0.212309,0.20779356780235958,0.21682443219764042,0.207082,0.212309,0.024619775892684763,0.0
AMD_RUB,2025-11-18,0.212539,test,SET_A,"(0, 1, 0)",2025-11-19,0.21218,0.212539,0.21051963733165696,0.21455836266834305,2025-11-20,0.212192,0.212539,0.20968318992707935,0.21539481007292066,2025-11-21,0.211313,0.212539,0.209041361259522,0.21603663874047802,2025-11-22,0.207082,0.212539,0.20850027466331392,0.2165777253366861,2025-11-25,0.206814,0.212539,0.2080235678023596,0.21705443219764042,0.206814,0.212539,0.02693623287961272,0.0
AMD_RUB,2025-11-19,0.21218,test,SET_A,"(0, 1, 0)",2025-11-20,0.212192,0.21218,0.21016063733165696,0.21419936266834305,2025-11-21,0.211313,0.21218,0.20932418992707935,0.21503581007292066,2025-11-22,0.207082,0.21218,0.208682361259522,0.21567763874047802,2025-11-25,0.206814,0.21218,0.20814127466331392,0.2162187253366861,2025-11-26,0.20708,0.21218,0.2076645678023596,0.21669543219764043,0.206814,0.21218,0.025289848242058675,0.0
AMD_RUB,2025-11-20,0.212192,test,SET_A,"(0, 1, 0)",2025-11-21,0.211313,0.212192,0.21017263733165695,0.21421136266834304,2025-11-22,0.207082,0.212192,0.20933618992707934,0.21504781007292065,2025-11-25,0.206814,0.212192,0.20869436125952198,0.215689638740478,2025-11-26,0.20708,0.212192,0.2081532746633139,0.21623072533668608,2025-11-27,0.206219,0.212192,0.20767656780235957,0.2167074321976404,0.206219,0.212192,0.028149034836374504,0.0
AMD_RUB,2025-11-21,0.211313,test,SET_A,"(0, 1, 0)",2025-11-22,0.207082,0.211313,0.20929363733165696,0.21333236266834305,2025-11-25,0.206814,0.211313,0.20845718992707934,0.21416881007292066,2025-11-26,0.20708,0.211313,0.207815361259522,0.214810638740478,2025-11-27,0.206219,0.211313,0.2072742746633139,0.2153517253366861,2025-11-28,0.205344,0.211313,0.20679756780235958,0.21582843219764042,0.205344,0.211313,0.028247197285543257,0.0
AMD_RUB,2025-11-22,0.207082,test,SET_A,"(0, 1, 0)",2025-11-25,0.206814,0.207082,0.20506263733165694,0.20910136266834303,2025-11-26,0.20708,0.207082,0.20422618992707933,0.20993781007292064,2025-11-27,0.206219,0.207082,0.20358436125952198,0.210579638740478,2025-11-28,0.205344,0.207082,0.2030432746633139,0.21112072533668608,2025-11-29,0.205092,0.207082,0.20256656780235957,0.2115974321976404,0.205092,0.207082,0.009609719821133619,0.0
AMD_RUB,2025-11-25,0.206814,test,SET_A,"(0, 1, 0)",2025-11-26,0.20708,0.206814,0.20479463733165695,0.20883336266834304,2025-11-27,0.206219,0.206814,0.20395818992707934,0.20966981007292065,2025-11-28,0.205344,0.206814,0.203316361259522,0.210311638740478,2025-11-29,0.205092,0.206814,0.2027752746633139,0.2108527253366861,2025-12-02,0.203842,0.206814,0.20229856780235958,0.21132943219764042,0.203842,0.206814,0.0143704004564488,0.0
AMD_RUB,2025-11-26,0.20708,test,SET_A,"(0, 1, 0)",2025-11-27,0.206219,0.20708,0.20506063733165694,0.20909936266834303,2025-11-28,0.205344,0.20708,0.20422418992707933,0.20993581007292064,2025-11-29,0.205092,0.20708,0.20358236125952198,0.210577638740478,2025-12-02,0.203842,0.20708,0.2030412746633139,0.21111872533668607,2025-12-03,0.203187,0.20708,0.20256456780235957,0.2115954321976404,0.203187,0.20708,0.018799497778636178,0.0
AMD_RUB,2025-11-27,0.206219,test,SET_A,"(0, 1, 0)",2025-11-28,0.205344,0.206219,0.20419963733165697,0.20823836266834306,2025-11-29,0.205092,0.206219,0.20336318992707936,0.20907481007292067,2025-12-02,0.203842,0.206219,0.202721361259522,0.20971663874047802,2025-12-03,0.203187,0.206219,0.20218027466331392,0.2102577253366861,2025-12-04,0.204501,0.206219,0.2017035678023596,0.21073443219764043,0.203187,0.206219,0.014702815938395621,0.0
AMD_RUB,2025-11-28,0.205344,test,SET_A,"(0, 1, 0)",2025-11-29,0.205092,0.205344,0.20332463733165695,0.20736336266834304,2025-12-02,0.203842,0.205344,0.20248818992707934,0.20819981007292065,2025-12-03,0.203187,0.205344,0.201846361259522,0.208841638740478,2025-12-04,0.204501,0.205344,0.2013052746633139,0.2093827253366861,2025-12-05,0.201949,0.205344,0.20082856780235958,0.20985943219764042,0.201949,0.205344,0.016533232039894076,0.0
AMD_RUB,2025-11-29,0.205092,test,SET_A,"(0, 1, 0)",2025-12-02,0.203842,0.205092,0.20307263733165695,0.20711136266834304,2025-12-03,0.203187,0.205092,0.20223618992707934,0.20794781007292065,2025-12-04,0.204501,0.205092,0.201594361259522,0.208589638740478,2025-12-05,0.201949,0.205092,0.2010532746633139,0.20913072533668609,2025-12-06,0.199459,0.205092,0.20057656780235958,0.20960743219764041,0.199459,0.205092,0.027465722700056556,0.0
AMD_RUB,2025-12-02,0.203842,test,SET_A,"(0, 1, 0)",2025-12-03,0.203187,0.203842,0.20182263733165695,0.20586136266834304,2025-12-04,0.204501,0.203842,0.20098618992707934,0.20669781007292065,2025-12-05,0.201949,0.203842,0.20034436125952199,0.207339638740478,2025-12-06,0.199459,0.203842,0.1998032746633139,0.20788072533668608,2025-12-09,0.202525,0.203842,0.19932656780235958,0.2083574321976404,0.199459,0.203842,0.021501947586856477,0.0
AMD_RUB,2025-12-03,0.203187,test,SET_A,"(0, 1, 0)",2025-12-04,0.204501,0.203187,0.20116763733165696,0.20520636266834305,2025-12-05,0.201949,0.203187,0.20033118992707935,0.20604281007292066,2025-12-06,0.199459,0.203187,0.199689361259522,0.20668463874047802,2025-12-09,0.202525,0.203187,0.19914827466331392,0.2072257253366861,2025-12-10,0.201248,0.203187,0.1986715678023596,0.20770243219764042,0.199459,0.203187,0.01834763050785734,0.0
AMD_RUB,2025-12-04,0.204501,test,SET_A,"(0, 1, 0)",2025-12-05,0.201949,0.204501,0.20248163733165694,0.20652036266834303,2025-12-06,0.199459,0.204501,0.20164518992707933,0.20735681007292064,2025-12-09,0.202525,0.204501,0.20100336125952198,0.207998638740478,2025-12-10,0.201248,0.204501,0.2004622746633139,0.20853972533668608,2025-12-11,0.204022,0.204501,0.19998556780235957,0.2090164321976404,0.199459,0.204501,0.024655136160703327,0.0
AMD_RUB,2025-12-05,0.201949,test,SET_A,"(0, 1, 0)",2025-12-06,0.199459,0.201949,0.19992963733165695,0.20396836266834303,2025-12-09,0.202525,0.201949,0.19909318992707933,0.20480481007292065,2025-12-10,0.201248,0.201949,0.19845136125952198,0.205446638740478,2025-12-11,0.204022,0.201949,0.1979102746633139,0.20598772533668608,2025-12-12,0.207783,0.201949,0.19743356780235957,0.2064644321976404,0.199459,0.201949,0.01232984565410075,0.0
AMD_RUB,2025-12-06,0.199459,test,SET_A,"(0, 1, 0)",2025-12-09,0.202525,0.199459,0.19743963733165695,0.20147836266834304,2025-12-10,0.201248,0.199459,0.19660318992707934,0.20231481007292065,2025-12-11,0.204022,0.199459,0.195961361259522,0.202956638740478,2025-12-12,0.207783,0.199459,0.1954202746633139,0.20349772533668609,2025-12-13,0.208842,0.199459,0.19494356780235958,0.20397443219764042,0.201248,0.199459,0.0,0.0
AMD_RUB,2025-12-09,0.202525,test,SET_A,"(0, 1, 0)",2025-12-10,0.201248,0.202525,0.20050563733165697,0.20454436266834305,2025-12-11,0.204022,0.202525,0.19966918992707935,0.20538081007292067,2025-12-12,0.207783,0.202525,0.199027361259522,0.20602263874047802,2025-12-13,0.208842,0.202525,0.19848627466331392,0.2065637253366861,2025-12-16,0.208146,0.202525,0.1980095678023596,0.20704043219764043,0.201248,0.202525,0.006305394395753612,0.0
AMD_RUB,2025-12-10,0.201248,test,SET_A,"(0, 1, 0)",2025-12-11,0.204022,0.201248,0.19922863733165697,0.20326736266834305,2025-12-12,0.207783,0.201248,0.19839218992707935,0.20410381007292067,2025-12-13,0.208842,0.201248,0.197750361259522,0.20474563874047802,2025-12-16,0.208146,0.201248,0.19720927466331392,0.2052867253366861,2025-12-17,0.208063,0.201248,0.1967325678023596,0.20576343219764043,0.204022,0.201248,0.0,0.0
AMD_RUB,2025-12-11,0.204022,test,SET_A,"(0, 1, 0)",2025-12-12,0.207783,0.204022,0.20200263733165696,0.20604136266834305,2025-12-13,0.208842,0.204022,0.20116618992707935,0.20687781007292066,2025-12-16,0.208146,0.204022,0.200524361259522,0.20751963874047802,2025-12-17,0.208063,0.204022,0.19998327466331392,0.2080607253366861,2025-12-18,0.210658,0.204022,0.1995065678023596,0.20853743219764043,0.207783,0.204022,0.0,0.0
AMD_RUB,2025-12-12,0.207783,test,SET_A,"(0, 1, 0)",2025-12-13,0.208842,0.207783,0.20576363733165695,0.20980236266834304,2025-12-16,0.208146,0.207783,0.20492718992707934,0.21063881007292065,2025-12-17,0.208063,0.207783,0.20428536125952199,0.211280638740478,2025-12-18,0.210658,0.207783,0.2037442746633139,0.21182172533668608,2025-12-19,0.209777,0.207783,0.20326756780235958,0.2122984321976404,0.208063,0.207783,0.0,0.0
AMD_RUB,2025-12-13,0.208842,test,SET_A,"(0, 1, 0)",2025-12-16,0.208146,0.208842,0.20682263733165696,0.21086136266834304,2025-12-17,0.208063,0.208842,0.20598618992707934,0.21169781007292066,2025-12-18,0.210658,0.208842,0.205344361259522,0.212339638740478,2025-12-19,0.209777,0.208842,0.2048032746633139,0.2128807253366861,2025-12-20,0.211608,0.208842,0.20432656780235958,0.21335743219764042,0.208063,0.208842,0.00373009260589346,0.0
AMD_RUB,2025-12-16,0.208146,test,SET_A,"(0, 1, 0)",2025-12-17,0.208063,0.208146,0.20612663733165695,0.21016536266834304,2025-12-18,0.210658,0.208146,0.20529018992707934,0.21100181007292065,2025-12-19,0.209777,0.208146,0.204648361259522,0.211643638740478,2025-12-20,0.211608,0.208146,0.2041072746633139,0.2121847253366861,2025-12-23,0.207902,0.208146,0.20363056780235958,0.21266143219764042,0.207902,0.208146,0.0011722540908784902,0.0
AMD_RUB,2025-12-17,0.208063,test,SET_A,"(0, 1, 0)",2025-12-18,0.210658,0.208063,0.20604363733165695,0.21008236266834304,2025-12-19,0.209777,0.208063,0.20520718992707934,0.21091881007292065,2025-12-20,0.211608,0.208063,0.204565361259522,0.211560638740478,2025-12-23,0.207902,0.208063,0.2040242746633139,0.2121017253366861,2025-12-24,0.205963,0.208063,0.20354756780235958,0.21257843219764042,0.205963,0.208063,0.010093096802410764,0.0
AMD_RUB,2025-12-18,0.210658,test,SET_A,"(0, 1, 0)",2025-12-19,0.209777,0.210658,0.20863863733165697,0.21267736266834306,2025-12-20,0.211608,0.210658,0.20780218992707936,0.21351381007292067,2025-12-23,0.207902,0.210658,0.207160361259522,0.21415563874047802,2025-12-24,0.205963,0.210658,0.20661927466331392,0.2146967253366861,2025-12-25,0.205623,0.210658,0.2061425678023596,0.21517343219764043,0.205623,0.210658,0.02390129973701455,0.0
AMD_RUB,2025-12-19,0.209777,test,SET_A,"(0, 1, 0)",2025-12-20,0.211608,0.209777,0.20775763733165695,0.21179636266834304,2025-12-23,0.207902,0.209777,0.20692118992707934,0.21263281007292065,2025-12-24,0.205963,0.209777,0.20627936125952198,0.213274638740478,2025-12-25,0.205623,0.209777,0.2057382746633139,0.21381572533668608,2025-12-26,0.204148,0.209777,0.20526156780235957,0.2142924321976404,0.204148,0.209777,0.026833256267369612,0.0
AMD_RUB,2025-12-20,0.211608,test,SET_A,"(0, 1, 0)",2025-12-23,0.207902,0.211608,0.20958863733165695,0.21362736266834303,2025-12-24,0.205963,0.211608,0.20875218992707933,0.21446381007292065,2025-12-25,0.205623,0.211608,0.20811036125952198,0.215105638740478,2025-12-26,0.204148,0.211608,0.2075692746633139,0.21564672533668608,2025-12-27,0.203666,0.211608,0.20709256780235957,0.2161234321976404,0.203666,0.211608,0.037531662319004844,0.0
AMD_RUB,2025-12-23,0.207902,test,SET_A,"(0, 1, 0)",2025-12-24,0.205963,0.207902,0.20588263733165696,0.20992136266834305,2025-12-25,0.205623,0.207902,0.20504618992707935,0.21075781007292066,2025-12-26,0.204148,0.207902,0.204404361259522,0.211399638740478,2025-12-27,0.203666,0.207902,0.20386327466331391,0.2119407253366861,2025-12-30,0.203027,0.207902,0.20338656780235959,0.21241743219764042,0.203027,0.207902,0.023448547873517283,0.0
AMD_RUB,2025-12-24,0.205963,test,SET_A,"(0, 1, 0)",2025-12-25,0.205623,0.205963,0.20394363733165696,0.20798236266834305,2025-12-26,0.204148,0.205963,0.20310718992707935,0.20881881007292066,2025-12-27,0.203666,0.205963,0.202465361259522,0.20946063874047802,2025-12-30,0.203027,0.205963,0.20192427466331392,0.2100017253366861,2025-12-31,0.205126,0.205963,0.2014475678023596,0.21047843219764042,0.203027,0.205963,0.014254987546306832,0.0
AMD_RUB,2025-12-25,0.205623,test,SET_A,"(0, 1, 0)",2025-12-26,0.204148,0.205623,0.20360363733165696,0.20764236266834304,2025-12-27,0.203666,0.205623,0.20276718992707934,0.20847881007292066,2025-12-30,0.203027,0.205623,0.202125361259522,0.209120638740478,2025-12-31,0.205126,0.205623,0.2015842746633139,0.2096617253366861,2026-01-13,0.20672,0.205623,0.20110756780235958,0.21013843219764042,0.203027,0.205623,0.01262504680896586,0.0
AMD_RUB,2025-12-26,0.204148,test,SET_A,"(0, 1, 0)",2025-12-27,0.203666,0.204148,0.20212863733165695,0.20616736266834304,2025-12-30,0.203027,0.204148,0.20129218992707934,0.20700381007292065,2025-12-31,0.205126,0.204148,0.200650361259522,0.207645638740478,2026-01-13,0.20672,0.204148,0.2001092746633139,0.20818672533668608,2026-01-14,0.207055,0.204148,0.19963256780235958,0.2086634321976404,0.203027,0.204148,0.005491114289632929,0.0
AMD_RUB,2025-12-27,0.203666,test,SET_A,"(0, 1, 0)",2025-12-30,0.203027,0.203666,0.20164663733165697,0.20568536266834306,2025-12-31,0.205126,0.203666,0.20081018992707936,0.20652181007292067,2026-01-13,0.20672,0.203666,0.200168361259522,0.20716363874047802,2026-01-14,0.207055,0.203666,0.19962727466331393,0.2077047253366861,2026-01-15,0.206587,0.203666,0.1991505678023596,0.20818143219764043,0.203027,0.203666,0.0031374898117506145,0.0
AMD_RUB,2025-12-30,0.203027,test,SET_A,"(0, 1, 0)",2025-12-31,0.205126,0.203027,0.20100763733165697,0.20504636266834306,2026-01-13,0.20672,0.203027,0.20017118992707936,0.20588281007292067,2026-01-14,0.207055,0.203027,0.199529361259522,0.20652463874047802,2026-01-15,0.206587,0.203027,0.19898827466331392,0.2070657253366861,2026-01-16,0.206969,0.203027,0.1985115678023596,0.20754243219764043,0.205126,0.203027,0.0,0.0
AMD_RUB,2025-12-31,0.205126,test,SET_A,"(0, 1, 0)",2026-01-13,0.20672,0.205126,0.20310663733165696,0.20714536266834305,2026-01-14,0.207055,0.205126,0.20227018992707935,0.20798181007292066,2026-01-15,0.206587,0.205126,0.201628361259522,0.208623638740478,2026-01-16,0.206969,0.205126,0.20108727466331391,0.2091647253366861,2026-01-17,0.20483,0.205126,0.20061056780235959,0.20964143219764042,0.20483,0.205126,0.0014430155124167132,0.0
AMD_RUB,2026-01-13,0.20672,test,SET_A,"(0, 1, 0)",2026-01-14,0.207055,0.20672,0.20470063733165694,0.20873936266834303,2026-01-15,0.206587,0.20672,0.20386418992707933,0.20957581007292064,2026-01-16,0.206969,0.20672,0.20322236125952198,0.210217638740478,2026-01-17,0.20483,0.20672,0.2026812746633139,0.21075872533668608,2026-01-20,0.205227,0.20672,0.20220456780235957,0.2112354321976404,0.20483,0.20672,0.00914280185758502,0.0
AMD_RUB,2026-01-14,0.207055,test,SET_A,"(0, 1, 0)",2026-01-15,0.206587,0.207055,0.20503563733165694,0.20907436266834303,2026-01-16,0.206969,0.207055,0.20419918992707933,0.20991081007292064,2026-01-17,0.20483,0.207055,0.20355736125952198,0.210552638740478,2026-01-20,0.205227,0.207055,0.2030162746633139,0.21109372533668608,2026-01-21,0.205229,0.207055,0.20253956780235957,0.2115704321976404,0.20483,0.207055,0.010745937069860554,0.0
AMD_RUB,2026-01-15,0.206587,test,SET_A,"(0, 1, 0)",2026-01-16,0.206969,0.206587,0.20456763733165695,0.20860636266834304,2026-01-17,0.20483,0.206587,0.20373118992707934,0.20944281007292065,2026-01-20,0.205227,0.206587,0.20308936125952198,0.210084638740478,2026-01-21,0.205229,0.206587,0.2025482746633139,0.21062572533668608,2026-01-22,0.204452,0.206587,0.20207156780235958,0.2111024321976404,0.204452,0.206587,0.010334628994079966,0.0
AMD_RUB,2026-01-16,0.206969,test,SET_A,"(0, 1, 0)",2026-01-17,0.20483,0.206969,0.20494963733165694,0.20898836266834303,2026-01-20,0.205227,0.206969,0.20411318992707933,0.20982481007292064,2026-01-21,0.205229,0.206969,0.20347136125952198,0.210466638740478,2026-01-22,0.204452,0.206969,0.2029302746633139,0.21100772533668608,2026-01-23,0.200586,0.206969,0.20245356780235957,0.2114844321976404,0.200586,0.206969,0.030840367398016127,0.0
AMD_RUB,2026-01-17,0.20483,test,SET_A,"(0, 1, 0)",2026-01-20,0.205227,0.20483,0.20281063733165697,0.20684936266834306,2026-01-21,0.205229,0.20483,0.20197418992707936,0.20768581007292067,2026-01-22,0.204452,0.20483,0.201332361259522,0.20832763874047802,2026-01-23,0.200586,0.20483,0.20079127466331392,0.2088687253366861,2026-01-24,0.200292,0.20483,0.2003145678023596,0.20934543219764043,0.200292,0.20483,0.022154957769858,0.0
AMD_RUB,2026-01-20,0.205227,test,SET_A,"(0, 1, 0)",2026-01-21,0.205229,0.205227,0.20320763733165695,0.20724636266834304,2026-01-22,0.204452,0.205227,0.20237118992707934,0.20808281007292065,2026-01-23,0.200586,0.205227,0.20172936125952198,0.208724638740478,2026-01-24,0.200292,0.205227,0.2011882746633139,0.20926572533668608,2026-01-27,0.200628,0.205227,0.20071156780235958,0.2097424321976404,0.200292,0.205227,0.0240465435834466,0.0
AMD_RUB,2026-01-21,0.205229,test,SET_A,"(0, 1, 0)",2026-01-22,0.204452,0.205229,0.20320963733165695,0.20724836266834304,2026-01-23,0.200586,0.205229,0.20237318992707934,0.20808481007292065,2026-01-24,0.200292,0.205229,0.20173136125952199,0.208726638740478,2026-01-27,0.200628,0.205229,0.2011902746633139,0.20926772533668608,2026-01-28,0.202059,0.205229,0.20071356780235958,0.2097444321976404,0.200292,0.205229,0.02405605445624155,0.0
AMD_RUB,2026-01-22,0.204452,test,SET_A,"(0, 1, 0)",2026-01-23,0.200586,0.204452,0.20243263733165695,0.20647136266834304,2026-01-24,0.200292,0.204452,0.20159618992707934,0.20730781007292065,2026-01-27,0.200628,0.204452,0.20095436125952199,0.207949638740478,2026-01-28,0.202059,0.204452,0.2004132746633139,0.20849072533668608,2026-01-29,0.201304,0.204452,0.19993656780235958,0.2089674321976404,0.200292,0.204452,0.020347074129869098,0.0
AMD_RUB,2026-01-23,0.200586,test,SET_A,"(0, 1, 0)",2026-01-24,0.200292,0.200586,0.19856663733165694,0.20260536266834303,2026-01-27,0.200628,0.200586,0.19773018992707933,0.20344181007292064,2026-01-28,0.202059,0.200586,0.19708836125952198,0.204083638740478,2026-01-29,0.201304,0.200586,0.1965472746633139,0.20462472533668608,2026-01-30,0.200541,0.200586,0.19607056780235957,0.2051014321976404,0.200292,0.200586,0.0014657054829349443,0.0
AMD_RUB,2026-01-24,0.200292,test,SET_A,"(0, 1, 0)",2026-01-27,0.200628,0.200292,0.19827263733165695,0.20231136266834304,2026-01-28,0.202059,0.200292,0.19743618992707934,0.20314781007292065,2026-01-29,0.201304,0.200292,0.196794361259522,0.203789638740478,2026-01-30,0.200541,0.200292,0.1962532746633139,0.2043307253366861,2026-01-31,0.200012,0.200292,0.19577656780235958,0.20480743219764042,0.200012,0.200292,0.0013979589798893738,0.0
AMD_RUB,2026-01-27,0.200628,test,SET_A,"(0, 1, 0)",2026-01-28,0.202059,0.200628,0.19860863733165696,0.20264736266834305,2026-01-29,0.201304,0.200628,0.19777218992707934,0.20348381007292066,2026-01-30,0.200541,0.200628,0.197130361259522,0.204125638740478,2026-01-31,0.200012,0.200628,0.1965892746633139,0.2046667253366861,2026-02-03,0.203209,0.200628,0.19611256780235958,0.20514343219764042,0.200012,0.200628,0.0030703590725123385,0.0
AMD_RUB,2026-01-28,0.202059,test,SET_A,"(0, 1, 0)",2026-01-29,0.201304,0.202059,0.20003963733165694,0.20407836266834303,2026-01-30,0.200541,0.202059,0.19920318992707933,0.20491481007292064,2026-01-31,0.200012,0.202059,0.19856136125952198,0.205556638740478,2026-02-03,0.203209,0.202059,0.1980202746633139,0.20609772533668608,2026-02-04,0.203419,0.202059,0.19754356780235957,0.2065744321976404,0.200012,0.202059,0.01013070439822029,0.0
AMD_RUB,2026-01-29,0.201304,test,SET_A,"(0, 1, 0)",2026-01-30,0.200541,0.201304,0.19928463733165697,0.20332336266834306,2026-01-31,0.200012,0.201304,0.19844818992707935,0.20415981007292067,2026-02-03,0.203209,0.201304,0.197806361259522,0.20480163874047802,2026-02-04,0.203419,0.201304,0.19726527466331392,0.2053427253366861,2026-02-05,0.203326,0.201304,0.1967885678023596,0.20581943219764043,0.200012,0.201304,0.006418153638278501,0.0
AMD_RUB,2026-01-30,0.200541,test,SET_A,"(0, 1, 0)",2026-01-31,0.200012,0.200541,0.19852163733165695,0.20256036266834304,2026-02-03,0.203209,0.200541,0.19768518992707934,0.20339681007292065,2026-02-04,0.203419,0.200541,0.197043361259522,0.204038638740478,2026-02-05,0.203326,0.200541,0.1965022746633139,0.20457972533668609,2026-02-06,0.202514,0.200541,0.19602556780235958,0.20505643219764041,0.200012,0.200541,0.00263786457632106,0.0
AMD_RUB,2026-01-31,0.200012,test,SET_A,"(0, 1, 0)",2026-02-03,0.203209,0.200012,0.19799263733165695,0.20203136266834304,2026-02-04,0.203419,0.200012,0.19715618992707934,0.20286781007292065,2026-02-05,0.203326,0.200012,0.19651436125952199,0.203509638740478,2026-02-06,0.202514,0.200012,0.1959732746633139,0.20405072533668608,2026-02-07,0.204008,0.200012,0.19549656780235958,0.2045274321976404,0.202514,0.200012,0.0,0.0
AMD_RUB,2026-02-03,0.203209,test,SET_A,"(0, 1, 0)",2026-02-04,0.203419,0.203209,0.20118963733165696,0.20522836266834305,2026-02-05,0.203326,0.203209,0.20035318992707934,0.20606481007292066,2026-02-06,0.202514,0.203209,0.199711361259522,0.206706638740478,2026-02-07,0.204008,0.203209,0.1991702746633139,0.2072477253366861,2026-02-10,0.20544,0.203209,0.19869356780235958,0.20772443219764042,0.202514,0.203209,0.0034201241086762946,0.0
AMD_RUB,2026-02-04,0.203419,test,SET_A,"(0, 1, 0)",2026-02-05,0.203326,0.203419,0.20139963733165694,0.20543836266834303,2026-02-06,0.202514,0.203419,0.20056318992707933,0.20627481007292064,2026-02-07,0.204008,0.203419,0.19992136125952198,0.206916638740478,2026-02-10,0.20544,0.203419,0.1993802746633139,0.20745772533668608,2026-02-11,0.204322,0.203419,0.19890356780235957,0.2079344321976404,0.202514,0.203419,0.004448945280430978,0.0
AMD_RUB,2026-02-05,0.203326,test,SET_A,"(0, 1, 0)",2026-02-06,0.202514,0.203326,0.20130663733165696,0.20534536266834305,2026-02-07,0.204008,0.203326,0.20047018992707935,0.20618181007292066,2026-02-10,0.20544,0.203326,0.199828361259522,0.20682363874047802,2026-02-11,0.204322,0.203326,0.19928727466331392,0.2073647253366861,2026-02-12,0.205199,0.203326,0.1988105678023596,0.20784143219764042,0.202514,0.203326,0.0039935866539449315,0.0
AMD_RUB,2026-02-06,0.202514,test,SET_A,"(0, 1, 0)",2026-02-07,0.204008,0.202514,0.20049463733165696,0.20453336266834304,2026-02-10,0.20544,0.202514,0.19965818992707934,0.20536981007292066,2026-02-11,0.204322,0.202514,0.199016361259522,0.206011638740478,2026-02-12,0.205199,0.202514,0.1984752746633139,0.2065527253366861,2026-02-13,0.204434,0.202514,0.19799856780235958,0.20702943219764042,0.204008,0.202514,0.0,0.0
AMD_RUB,2026-02-07,0.204008,test,SET_A,"(0, 1, 0)",2026-02-10,0.20544,0.204008,0.20198863733165695,0.20602736266834304,2026-02-11,0.204322,0.204008,0.20115218992707934,0.20686381007292065,2026-02-12,0.205199,0.204008,0.20051036125952199,0.207505638740478,2026-02-13,0.204434,0.204008,0.1999692746633139,0.20804672533668608,2026-02-14,0.204792,0.204008,0.19949256780235958,0.2085234321976404,0.204322,0.204008,0.0,0.0
AMD_RUB,2026-02-10,0.20544,test,SET_A,"(0, 1, 0)",2026-02-11,0.204322,0.20544,0.20342063733165697,0.20745936266834306,2026-02-12,0.205199,0.20544,0.20258418992707936,0.20829581007292067,2026-02-13,0.204434,0.20544,0.201942361259522,0.20893763874047802,2026-02-14,0.204792,0.20544,0.20140127466331392,0.2094787253366861,2026-02-17,0.202876,0.20544,0.2009245678023596,0.20995543219764043,0.202876,0.20544,0.012480529595015628,0.0
AMD_RUB,2026-02-11,0.204322,test,SET_A,"(0, 1, 0)",2026-02-12,0.205199,0.204322,0.20230263733165696,0.20634136266834305,2026-02-13,0.204434,0.204322,0.20146618992707935,0.20717781007292066,2026-02-14,0.204792,0.204322,0.200824361259522,0.207819638740478,2026-02-17,0.202876,0.204322,0.20028327466331391,0.2083607253366861,2026-02-18,0.203643,0.204322,0.19980656780235959,0.20883743219764042,0.202876,0.204322,0.007077064633274942,0.0
AMD_RUB,2026-02-12,0.205199,test,SET_A,"(0, 1, 0)",2026-02-13,0.204434,0.205199,0.20317963733165695,0.20721836266834304,2026-02-14,0.204792,0.205199,0.20234318992707934,0.20805481007292065,2026-02-17,0.202876,0.205199,0.20170136125952198,0.208696638740478,2026-02-18,0.203643,0.205199,0.2011602746633139,0.20923772533668608,2026-02-19,0.201627,0.205199,0.20068356780235957,0.2097144321976404,0.201627,0.205199,0.017407492239240895,0.0
AMD_RUB,2026-02-13,0.204434,test,SET_A,"(0, 1, 0)",2026-02-14,0.204792,0.204434,0.20241463733165696,0.20645336266834305,2026-02-17,0.202876,0.204434,0.20157818992707935,0.20728981007292066,2026-02-18,0.203643,0.204434,0.200936361259522,0.20793163874047801,2026-02-19,0.201627,0.204434,0.20039527466331392,0.2084727253366861,2026-02-20,0.203323,0.204434,0.1999185678023596,0.20894943219764042,0.201627,0.204434,0.013730592758543119,0.0
AMD_RUB,2026-02-14,0.204792,test,SET_A,"(0, 1, 0)",2026-02-17,0.202876,0.204792,0.20277263733165696,0.20681136266834305,2026-02-18,0.203643,0.204792,0.20193618992707935,0.20764781007292066,2026-02-19,0.201627,0.204792,0.201294361259522,0.208289638740478,2026-02-20,0.203323,0.204792,0.2007532746633139,0.2088307253366861,2026-02-21,0.203683,0.204792,0.20027656780235958,0.20930743219764042,0.201627,0.204792,0.015454705261924299,0.0
AMD_RUB,2026-02-17,0.202876,test,SET_A,"(0, 1, 0)",2026-02-18,0.203643,0.202876,0.20085663733165696,0.20489536266834305,2026-02-19,0.201627,0.202876,0.20002018992707934,0.20573181007292066,2026-02-20,0.203323,0.202876,0.199378361259522,0.206373638740478,2026-02-21,0.203683,0.202876,0.1988372746633139,0.2069147253366861,2026-02-25,0.202822,0.202876,0.19836056780235958,0.20739143219764042,0.201627,0.202876,0.0061564699619472,0.0
AMD_RUB,2026-02-18,0.203643,test,SET_A,"(0, 1, 0)",2026-02-19,0.201627,0.203643,0.20162363733165695,0.20566236266834304,2026-02-20,0.203323,0.203643,0.20078718992707933,0.20649881007292065,2026-02-21,0.203683,0.203643,0.20014536125952198,0.207140638740478,2026-02-25,0.202822,0.203643,0.1996042746633139,0.20768172533668608,2026-02-26,0.202875,0.203643,0.19912756780235957,0.2081584321976404,0.201627,0.203643,0.009899677376585446,0.0
AMD_RUB,2026-02-19,0.201627,test,SET_A,"(0, 1, 0)",2026-02-20,0.203323,0.201627,0.19960763733165696,0.20364636266834305,2026-02-21,0.203683,0.201627,0.19877118992707934,0.20448281007292066,2026-02-25,0.202822,0.201627,0.198129361259522,0.205124638740478,2026-02-26,0.202875,0.201627,0.1975882746633139,0.2056657253366861,2026-02-27,0.204545,0.201627,0.19711156780235958,0.20614243219764042,0.202822,0.201627,0.0,0.0
AMD_RUB,2026-02-20,0.203323,test,SET_A,"(0, 1, 0)",2026-02-21,0.203683,0.203323,0.20130363733165696,0.20534236266834305,2026-02-25,0.202822,0.203323,0.20046718992707935,0.20617881007292066,2026-02-26,0.202875,0.203323,0.199825361259522,0.206820638740478,2026-02-27,0.204545,0.203323,0.19928427466331392,0.2073617253366861,2026-02-28,0.20497,0.203323,0.19880756780235959,0.20783843219764042,0.202822,0.203323,0.0024640596489329857,0.0
AMD_RUB,2026-02-21,0.203683,test,SET_A,"(0, 1, 0)",2026-02-25,0.202822,0.203683,0.20166363733165696,0.20570236266834305,2026-02-26,0.202875,0.203683,0.20082718992707935,0.20653881007292066,2026-02-27,0.204545,0.203683,0.200185361259522,0.207180638740478,2026-02-28,0.20497,0.203683,0.19964427466331391,0.2077217253366861,2026-03-03,0.204769,0.203683,0.19916756780235959,0.20819843219764042,0.202822,0.203683,0.004227156905583679,0.0
AMD_RUB,2026-02-25,0.202822,test,SET_A,"(0, 1, 0)",2026-02-26,0.202875,0.202822,0.20080263733165696,0.20484136266834305,2026-02-27,0.204545,0.202822,0.19996618992707935,0.20567781007292066,2026-02-28,0.20497,0.202822,0.199324361259522,0.206319638740478,2026-03-03,0.204769,0.202822,0.1987832746633139,0.2068607253366861,2026-03-04,0.205866,0.202822,0.19830656780235958,0.20733743219764042,0.202875,0.202822,0.0,0.0
AMD_RUB,2026-02-26,0.202875,test,SET_A,"(0, 1, 0)",2026-02-27,0.204545,0.202875,0.20085563733165696,0.20489436266834304,2026-02-28,0.20497,0.202875,0.20001918992707934,0.20573081007292066,2026-03-03,0.204769,0.202875,0.199377361259522,0.206372638740478,2026-03-04,0.205866,0.202875,0.1988362746633139,0.2069137253366861,2026-03-05,0.205899,0.202875,0.19835956780235958,0.20739043219764042,0.204545,0.202875,0.0,0.0
AMD_RUB,2026-02-27,0.204545,test,SET_A,"(0, 1, 0)",2026-02-28,0.20497,0.204545,0.20252563733165696,0.20656436266834305,2026-03-03,0.204769,0.204545,0.20168918992707935,0.20740081007292066,2026-03-04,0.205866,0.204545,0.201047361259522,0.20804263874047801,2026-03-05,0.205899,0.204545,0.20050627466331392,0.2085837253366861,2026-03-06,0.207076,0.204545,0.2000295678023596,0.20906043219764042,0.204769,0.204545,0.0,0.0
AMD_RUB,2026-02-28,0.20497,test,SET_A,"(0, 1, 0)",2026-03-03,0.204769,0.20497,0.20295063733165697,0.20698936266834306,2026-03-04,0.205866,0.20497,0.20211418992707936,0.20782581007292067,2026-03-05,0.205899,0.20497,0.201472361259522,0.20846763874047802,2026-03-06,0.207076,0.20497,0.20093127466331392,0.2090087253366861,2026-03-07,0.209774,0.20497,0.2004545678023596,0.20948543219764043,0.204769,0.20497,0.0009806313118993352,0.0
AMD_RUB,2026-03-03,0.204769,test,SET_A,"(0, 1, 0)",2026-03-04,0.205866,0.204769,0.20274963733165696,0.20678836266834305,2026-03-05,0.205899,0.204769,0.20191318992707935,0.20762481007292066,2026-03-06,0.207076,0.204769,0.201271361259522,0.20826663874047802,2026-03-07,0.209774,0.204769,0.20073027466331392,0.2088077253366861,2026-03-11,0.208631,0.204769,0.2002535678023596,0.20928443219764042,0.205866,0.204769,0.0,0.0
AMD_RUB,2026-03-04,0.205866,test,SET_A,"(0, 1, 0)",2026-03-05,0.205899,0.205866,0.20384663733165695,0.20788536266834304,2026-03-06,0.207076,0.205866,0.20301018992707934,0.20872181007292065,2026-03-07,0.209774,0.205866,0.20236836125952198,0.209363638740478,2026-03-11,0.208631,0.205866,0.2018272746633139,0.20990472533668608,2026-03-12,0.209579,0.205866,0.20135056780235958,0.2103814321976404,0.205899,0.205866,0.0,0.0
AMD_RUB,2026-03-05,0.205899,test,SET_A,"(0, 1, 0)",2026-03-06,0.207076,0.205899,0.20387963733165695,0.20791836266834304,2026-03-07,0.209774,0.205899,0.20304318992707934,0.20875481007292065,2026-03-11,0.208631,0.205899,0.202401361259522,0.209396638740478,2026-03-12,0.209579,0.205899,0.2018602746633139,0.2099377253366861,2026-03-13,0.209483,0.205899,0.20138356780235958,0.21041443219764042,0.207076,0.205899,0.0,0.0
AMD_RUB,2026-03-06,0.207076,test,SET_A,"(0, 1, 0)",2026-03-07,0.209774,0.207076,0.20505663733165697,0.20909536266834305,2026-03-11,0.208631,0.207076,0.20422018992707935,0.20993181007292067,2026-03-12,0.209579,0.207076,0.203578361259522,0.21057363874047802,2026-03-13,0.209483,0.207076,0.20303727466331392,0.2111147253366861,2026-03-14,0.212495,0.207076,0.2025605678023596,0.21159143219764043,0.208631,0.207076,0.0,0.0
AMD_RUB,2026-03-07,0.209774,test,SET_A,"(0, 1, 0)",2026-03-11,0.208631,0.209774,0.20775463733165694,0.21179336266834303,2026-03-12,0.209579,0.209774,0.20691818992707933,0.21262981007292064,2026-03-13,0.209483,0.209774,0.20627636125952198,0.213271638740478,2026-03-14,0.212495,0.209774,0.2057352746633139,0.21381272533668608,2026-03-17,0.214758,0.209774,0.20525856780235957,0.2142894321976404,0.208631,0.209774,0.0054487210045095075,0.0
AMD_RUB,2026-03-11,0.208631,test,SET_A,"(0, 1, 0)",2026-03-12,0.209579,0.208631,0.20661163733165697,0.21065036266834306,2026-03-13,0.209483,0.208631,0.20577518992707935,0.21148681007292067,2026-03-14,0.212495,0.208631,0.205133361259522,0.21212863874047802,2026-03-17,0.214758,0.208631,0.20459227466331392,0.2126697253366861,2026-03-18,0.217004,0.208631,0.2041155678023596,0.21314643219764043,0.209483,0.208631,0.0,0.0
AMD_RUB,2026-03-12,0.209579,test,SET_A,"(0, 1, 0)",2026-03-13,0.209483,0.209579,0.20755963733165694,0.21159836266834303,2026-03-14,0.212495,0.209579,0.20672318992707933,0.21243481007292064,2026-03-17,0.214758,0.209579,0.20608136125952198,0.213076638740478,2026-03-18,0.217004,0.209579,0.2055402746633139,0.21361772533668608,2026-03-19,0.220265,0.209579,0.20506356780235957,0.2140944321976404,0.209483,0.209579,0.00045806116070782373,0.0
AMD_RUB,2026-03-13,0.209483,test,SET_A,"(0, 1, 0)",2026-03-14,0.212495,0.209483,0.20746363733165696,0.21150236266834305,2026-03-17,0.214758,0.209483,0.20662718992707935,0.21233881007292066,2026-03-18,0.217004,0.209483,0.205985361259522,0.212980638740478,2026-03-19,0.220265,0.209483,0.2054442746633139,0.2135217253366861,2026-03-20,0.224736,0.209483,0.20496756780235958,0.21399843219764042,0.212495,0.209483,0.0,0.0
AMD_RUB,2026-03-14,0.212495,test,SET_A,"(0, 1, 0)",2026-03-17,0.214758,0.212495,0.21047563733165695,0.21451436266834303,2026-03-18,0.217004,0.212495,0.20963918992707933,0.21535081007292065,2026-03-19,0.220265,0.212495,0.20899736125952198,0.215992638740478,2026-03-20,0.224736,0.212495,0.2084562746633139,0.21653372533668608,2026-03-21,0.222512,0.212495,0.20797956780235957,0.2170104321976404,0.214758,0.212495,0.0,0.0
AMD_RUB,2026-03-17,0.214758,test,SET_A,"(0, 1, 0)",2026-03-18,0.217004,0.214758,0.21273863733165696,0.21677736266834305,2026-03-19,0.220265,0.214758,0.21190218992707935,0.21761381007292066,2026-03-20,0.224736,0.214758,0.211260361259522,0.21825563874047801,2026-03-21,0.222512,0.214758,0.21071927466331392,0.2187967253366861,2026-03-24,0.21696,0.214758,0.2102425678023596,0.21927343219764042,0.21696,0.214758,0.0,0.0
AMD_RUB,2026-03-18,0.217004,test,SET_A,"(0, 1, 0)",2026-03-19,0.220265,0.217004,0.21498463733165696,0.21902336266834305,2026-03-20,0.224736,0.217004,0.21414818992707935,0.21985981007292066,2026-03-21,0.222512,0.217004,0.213506361259522,0.220501638740478,2026-03-24,0.21696,0.217004,0.2129652746633139,0.2210427253366861,2026-03-25,0.214567,0.217004,0.21248856780235958,0.22151943219764042,0.214567,0.217004,0.011230207738106186,0.0
AMD_RUB,2026-03-19,0.220265,test,SET_A,"(0, 1, 0)",2026-03-20,0.224736,0.220265,0.21824563733165694,0.22228436266834303,2026-03-21,0.222512,0.220265,0.21740918992707933,0.22312081007292064,2026-03-24,0.21696,0.220265,0.21676736125952198,0.223762638740478,2026-03-25,0.214567,0.220265,0.2162262746633139,0.22430372533668608,2026-03-26,0.213996,0.220265,0.21574956780235957,0.2247804321976404,0.213996,0.220265,0.0284611717703675,0.0
AMD_RUB,2026-03-20,0.224736,test,SET_A,"(0, 1, 0)",2026-03-21,0.222512,0.224736,0.22271663733165695,0.22675536266834304,2026-03-24,0.21696,0.224736,0.22188018992707934,0.22759181007292065,2026-03-25,0.214567,0.224736,0.22123836125952198,0.228233638740478,2026-03-26,0.213996,0.224736,0.2206972746633139,0.22877472533668608,2026-03-27,0.217647,0.224736,0.22022056780235957,0.2292514321976404,0.213996,0.224736,0.047789406236651004,0.0
AMD_RUB,2026-03-21,0.222512,test,SET_A,"(0, 1, 0)",2026-03-24,0.21696,0.222512,0.22049263733165694,0.22453136266834303,2026-03-25,0.214567,0.222512,0.21965618992707933,0.22536781007292064,2026-03-26,0.213996,0.222512,0.21901436125952198,0.226009638740478,2026-03-27,0.217647,0.222512,0.2184732746633139,0.22655072533668608,2026-03-28,0.215134,0.222512,0.21799656780235957,0.2270274321976404,0.213996,0.222512,0.0382720931904796,0.0
AMD_RUB,2026-03-24,0.21696,test,SET_A,"(0, 1, 0)",2026-03-25,0.214567,0.21696,0.21494063733165694,0.21897936266834303,2026-03-26,0.213996,0.21696,0.21410418992707933,0.21981581007292064,2026-03-27,0.217647,0.21696,0.21346236125952198,0.220457638740478,2026-03-28,0.215134,0.21696,0.2129212746633139,0.22099872533668607,2026-03-31,0.21533,0.21696,0.21244456780235957,0.2214754321976404,0.213996,0.21696,0.013661504424778736,0.0
AMD_RUB,2026-03-25,0.214567,test,SET_A,"(0, 1, 0)",2026-03-26,0.213996,0.214567,0.21254763733165696,0.21658636266834305,2026-03-27,0.217647,0.214567,0.21171118992707935,0.21742281007292066,2026-03-28,0.215134,0.214567,0.211069361259522,0.21806463874047802,2026-03-31,0.21533,0.214567,0.21052827466331392,0.2186057253366861,2026-04-01,0.215427,0.214567,0.2100515678023596,0.21908243219764043,0.213996,0.214567,0.0026611734330070137,0.0
AMD_RUB,2026-03-26,0.213996,test,SET_A,"(0, 1, 0)",2026-03-27,0.217647,0.213996,0.21197663733165695,0.21601536266834304,2026-03-28,0.215134,0.213996,0.21114018992707934,0.21685181007292065,2026-03-31,0.21533,0.213996,0.21049836125952198,0.217493638740478,2026-04-01,0.215427,0.213996,0.2099572746633139,0.21803472533668608,2026-04-02,0.213725,0.213996,0.20948056780235957,0.2185114321976404,0.213725,0.213996,0.0012663788108188633,0.0
AMD_RUB,2026-03-27,0.217647,test,SET_A,"(0, 1, 0)",2026-03-28,0.215134,0.217647,0.21562763733165696,0.21966636266834305,2026-03-31,0.21533,0.217647,0.21479118992707935,0.22050281007292066,2026-04-01,0.215427,0.217647,0.214149361259522,0.22114463874047802,2026-04-02,0.213725,0.217647,0.21360827466331392,0.2216857253366861,2026-04-03,0.213108,0.217647,0.2131315678023596,0.22216243219764042,0.213108,0.217647,0.02085487050131642,0.0
AMD_RUB,2026-03-28,0.215134,test,SET_A,"(0, 1, 0)",2026-03-31,0.21533,0.215134,0.21311463733165695,0.21715336266834304,2026-04-01,0.215427,0.215134,0.21227818992707934,0.21798981007292065,2026-04-02,0.213725,0.215134,0.21163636125952198,0.218631638740478,2026-04-03,0.213108,0.215134,0.2110952746633139,0.21917272533668608,2026-04-04,0.211495,0.215134,0.21061856780235957,0.2196494321976404,0.211495,0.215134,0.016915038998949507,0.0
AMD_RUB,2026-03-31,0.21533,test,SET_A,"(0, 1, 0)",2026-04-01,0.215427,0.21533,0.21331063733165695,0.21734936266834304,2026-04-02,0.213725,0.21533,0.21247418992707934,0.21818581007292065,2026-04-03,0.213108,0.21533,0.21183236125952198,0.218827638740478,2026-04-04,0.211495,0.21533,0.2112912746633139,0.21936872533668608,2026-04-07,0.209037,0.21533,0.21081456780235958,0.2198454321976404,0.209037,0.21533,0.029224910602331275,0.0
AMD_RUB,2026-04-01,0.215427,test,SET_A,"(0, 1, 0)",2026-04-02,0.213725,0.215427,0.21340763733165696,0.21744636266834305,2026-04-03,0.213108,0.215427,0.21257118992707935,0.21828281007292066,2026-04-04,0.211495,0.215427,0.211929361259522,0.21892463874047802,2026-04-07,0.209037,0.215427,0.21138827466331392,0.2194657253366861,2026-04-08,0.209179,0.215427,0.2109115678023596,0.21994243219764043,0.209037,0.215427,0.029662020081048367,0.0
AMD_RUB,2026-04-02,0.213725,test,SET_A,"(0, 1, 0)",2026-04-03,0.213108,0.213725,0.21170563733165695,0.21574436266834304,2026-04-04,0.211495,0.213725,0.21086918992707934,0.21658081007292065,2026-04-07,0.209037,0.213725,0.210227361259522,0.217222638740478,2026-04-08,0.209179,0.213725,0.2096862746633139,0.2177637253366861,2026-04-09,0.208079,0.213725,0.20920956780235958,0.21824043219764042,0.208079,0.213725,0.026417124809919347,0.0
AMD_RUB,2026-04-03,0.213108,test,SET_A,"(0, 1, 0)",2026-04-04,0.211495,0.213108,0.21108863733165695,0.21512736266834304,2026-04-07,0.209037,0.213108,0.21025218992707934,0.21596381007292065,2026-04-08,0.209179,0.213108,0.20961036125952198,0.216605638740478,2026-04-09,0.208079,0.213108,0.2090692746633139,0.21714672533668608,2026-04-10,0.206979,0.213108,0.20859256780235957,0.2176234321976404,0.206979,0.213108,0.028760065318993167,0.0
AMD_RUB,2026-04-04,0.211495,test,SET_A,"(0, 1, 0)",2026-04-07,0.209037,0.211495,0.20947563733165694,0.21351436266834303,2026-04-08,0.209179,0.211495,0.20863918992707933,0.21435081007292064,2026-04-09,0.208079,0.211495,0.20799736125952198,0.214992638740478,2026-04-10,0.206979,0.211495,0.2074562746633139,0.21553372533668608,2026-04-11,0.204861,0.211495,0.20697956780235957,0.2160104321976404,0.204861,0.211495,0.0313671718007518,0.0
AMD_RUB,2026-04-07,0.209037,test,SET_A,"(0, 1, 0)",2026-04-08,0.209179,0.20903699999999997,0.20701763733165693,0.21105636266834302,2026-04-09,0.208079,0.20903699999999997,0.20618118992707932,0.21189281007292063,2026-04-10,0.206979,0.20903699999999997,0.20553936125952196,0.21253463874047798,2026-04-11,0.204861,0.20903699999999997,0.20499827466331388,0.21307572533668606,2026-04-14,0.203227,0.20903699999999997,0.20452156780235956,0.2135524321976404,0.203227,0.20903699999999997,0.027794122571602204,1.3277829099933942e-16
AMD_RUB,2026-04-08,0.209179,test,SET_A,"(0, 1, 0)",2026-04-09,0.208079,0.209179,0.20715963733165696,0.21119836266834305,2026-04-10,0.206979,0.209179,0.20632318992707935,0.21203481007292066,2026-04-11,0.204861,0.209179,0.205681361259522,0.212676638740478,2026-04-14,0.203227,0.209179,0.20514027466331392,0.2132177253366861,2026-04-15,0.202173,0.209179,0.2046635678023596,0.21369443219764042,0.202173,0.209179,0.03349284584016566,0.0
AMD_RUB,2026-04-09,0.208079,test,SET_A,"(0, 1, 0)",2026-04-10,0.206979,0.208079,0.20605963733165694,0.21009836266834303,2026-04-11,0.204861,0.208079,0.20522318992707933,0.21093481007292064,2026-04-14,0.203227,0.208079,0.20458136125952198,0.211576638740478,2026-04-15,0.202173,0.208079,0.2040402746633139,0.21211772533668607,2026-04-16,0.200904,0.208079,0.20356356780235957,0.2125944321976404,0.200904,0.208079,0.034482095742482365,0.0
AMD_RUB,2026-04-10,0.206979,test,SET_A,"(0, 1, 0)",2026-04-11,0.204861,0.206979,0.20495963733165695,0.20899836266834304,2026-04-14,0.203227,0.206979,0.20412318992707934,0.20983481007292065,2026-04-15,0.202173,0.206979,0.203481361259522,0.210476638740478,2026-04-16,0.200904,0.206979,0.2029402746633139,0.21101772533668609,2026-04-17,0.203352,0.206979,0.20246356780235958,0.21149443219764041,0.200904,0.206979,0.029350803704723653,0.0
AMD_RUB,2026-04-11,0.204861,test,SET_A,"(0, 1, 0)",2026-04-14,0.203227,0.204861,0.20284163733165694,0.20688036266834303,2026-04-15,0.202173,0.204861,0.20200518992707933,0.20771681007292064,2026-04-16,0.200904,0.204861,0.20136336125952198,0.208358638740478,2026-04-17,0.203352,0.204861,0.2008222746633139,0.20889972533668608,2026-04-18,0.203455,0.204861,0.20034556780235957,0.2093764321976404,0.200904,0.204861,0.01931553589995162,0.0
AMD_RUB,2026-04-14,0.203227,test,SET_A,"(0, 1, 0)",2026-04-15,0.202173,0.203227,0.20120763733165695,0.20524636266834304,2026-04-16,0.200904,0.203227,0.20037118992707934,0.20608281007292065,2026-04-17,0.203352,0.203227,0.19972936125952198,0.206724638740478,2026-04-18,0.203455,0.203227,0.1991882746633139,0.20726572533668608,2026-04-21,0.201789,0.203227,0.19871156780235957,0.2077424321976404,0.200904,0.203227,0.01143056778872882,0.0
AMD_RUB,2026-04-15,0.202173,test,SET_A,"(0, 1, 0)",2026-04-16,0.200904,0.202173,0.20015363733165695,0.20419236266834304,2026-04-17,0.203352,0.202173,0.19931718992707934,0.20502881007292065,2026-04-18,0.203455,0.202173,0.19867536125952198,0.205670638740478,2026-04-21,0.201789,0.202173,0.1981342746633139,0.20621172533668608,2026-04-22,0.200192,0.202173,0.19765756780235957,0.2066884321976404,0.200192,0.202173,0.009798538875121717,0.0
AMD_RUB,2026-04-16,0.200904,test,SET_A,"(0, 1, 0)",2026-04-17,0.203352,0.200904,0.19888463733165695,0.20292336266834304,2026-04-18,0.203455,0.200904,0.19804818992707934,0.20375981007292066,2026-04-21,0.201789,0.200904,0.197406361259522,0.204401638740478,2026-04-22,0.200192,0.200904,0.1968652746633139,0.2049427253366861,2026-04-23,0.201406,0.200904,0.19638856780235958,0.20541943219764042,0.200192,0.200904,0.003543981204953562,0.0
AMD_RUB,2026-04-17,0.203352,test,SET_A,"(0, 1, 0)",2026-04-18,0.203455,0.203352,0.20133263733165696,0.20537136266834305,2026-04-21,0.201789,0.203352,0.20049618992707935,0.20620781007292066,2026-04-22,0.200192,0.203352,0.199854361259522,0.20684963874047801,2026-04-23,0.201406,0.203352,0.19931327466331392,0.2073907253366861,2026-04-24,0.201261,0.203352,0.1988365678023596,0.20786743219764042,0.200192,0.203352,0.015539557024273162,0.0
AMD_RUB,2026-04-18,0.203455,test,SET_A,"(0, 1, 0)",2026-04-21,0.201789,0.203455,0.20143563733165695,0.20547436266834304,2026-04-22,0.200192,0.203455,0.20059918992707934,0.20631081007292065,2026-04-23,0.201406,0.203455,0.199957361259522,0.206952638740478,2026-04-24,0.201261,0.203455,0.1994162746633139,0.20749372533668609,2026-04-25,0.203123,0.203455,0.19893956780235958,0.20797043219764041,0.200192,0.203455,0.01603794450861364,0.0
AMD_RUB,2026-04-21,0.201789,test,SET_A,"(0, 1, 0)",2026-04-22,0.200192,0.201789,0.19976963733165695,0.20380836266834304,2026-04-23,0.201406,0.201789,0.19893318992707934,0.20464481007292065,2026-04-24,0.201261,0.201789,0.198291361259522,0.205286638740478,2026-04-25,0.203123,0.201789,0.1977502746633139,0.20582772533668608,2026-04-28,0.201335,0.201789,0.19727356780235958,0.2063044321976404,0.200192,0.201789,0.007914207414675663,0.0
AMD_RUB,2026-04-22,0.200192,test,SET_A,"(0, 1, 0)",2026-04-23,0.201406,0.200192,0.19817263733165696,0.20221136266834305,2026-04-24,0.201261,0.200192,0.19733618992707935,0.20304781007292066,2026-04-25,0.203123,0.200192,0.196694361259522,0.20368963874047802,2026-04-28,0.201335,0.200192,0.19615327466331392,0.2042307253366861,2026-04-29,0.201117,0.200192,0.1956765678023596,0.20470743219764043,0.201117,0.200192,0.0,0.0
AMD_RUB,2026-04-23,0.201406,test,SET_A,"(0, 1, 0)",2026-04-24,0.201261,0.201406,0.19938663733165696,0.20342536266834305,2026-04-25,0.203123,0.201406,0.19855018992707935,0.20426181007292066,2026-04-28,0.201335,0.201406,0.197908361259522,0.204903638740478,2026-04-29,0.201117,0.201406,0.1973672746633139,0.2054447253366861,2026-04-30,0.201731,0.201406,0.19689056780235958,0.20592143219764042,0.201117,0.201406,0.0014349125646704243,0.0
AMD_RUB,2026-04-24,0.201261,test,SET_A,"(0, 1, 0)",2026-04-25,0.203123,0.201261,0.19924163733165695,0.20328036266834304,2026-04-28,0.201335,0.201261,0.19840518992707934,0.20411681007292065,2026-04-29,0.201117,0.201261,0.19776336125952199,0.204758638740478,2026-04-30,0.201731,0.201261,0.1972222746633139,0.20529972533668608,2026-05-01,0.201741,0.201261,0.19674556780235958,0.2057764321976404,0.201117,0.201261,0.000715488842845883,0.0
AMD_RUB,2026-04-25,0.203123,test,SET_A,"(0, 1, 0)",2026-04-28,0.201335,0.203123,0.20110363733165695,0.20514236266834304,2026-04-29,0.201117,0.203123,0.20026718992707934,0.20597881007292065,2026-04-30,0.201731,0.203123,0.199625361259522,0.206620638740478,2026-05-01,0.201741,0.203123,0.1990842746633139,0.2071617253366861,2026-05-05,0.20346,0.203123,0.19860756780235958,0.20763843219764042,0.201117,0.203123,0.00987578954623557,0.0
AMD_RUB,2026-04-28,0.201335,test,SET_A,"(0, 1, 0)",2026-04-29,0.201117,0.201335,0.19931563733165694,0.20335436266834303,2026-04-30,0.201731,0.201335,0.19847918992707933,0.20419081007292064,2026-05-01,0.201741,0.201335,0.19783736125952198,0.204832638740478,2026-05-05,0.20346,0.201335,0.1972962746633139,0.20537372533668607,2026-05-06,0.203393,0.201335,0.19681956780235957,0.2058504321976404,0.201117,0.201335,0.0010827724936051655,0.0
AMD_RUB,2026-04-29,0.201117,test,SET_A,"(0, 1, 0)",2026-04-30,0.201731,0.201117,0.19909763733165695,0.20313636266834303,2026-05-01,0.201741,0.201117,0.19826118992707933,0.20397281007292065,2026-05-05,0.20346,0.201117,0.19761936125952198,0.204614638740478,2026-05-06,0.203393,0.201117,0.1970782746633139,0.20515572533668608,2026-05-07,0.20331,0.201117,0.19660156780235957,0.2056324321976404,0.201731,0.201117,0.0,0.0
AMD_RUB,2026-04-30,0.201731,test,SET_A,"(0, 1, 0)",2026-05-01,0.201741,0.201731,0.19971163733165695,0.20375036266834304,2026-05-05,0.20346,0.201731,0.19887518992707934,0.20458681007292065,2026-05-06,0.203393,0.201731,0.19823336125952198,0.205228638740478,2026-05-07,0.20331,0.201731,0.1976922746633139,0.20576972533668608,2026-05-08,0.202071,0.201731,0.19721556780235958,0.2062464321976404,0.201741,0.201731,0.0,0.0
AMD_RUB,2026-05-01,0.201741,test,SET_A,"(0, 1, 0)",2026-05-05,0.20346,0.201741,0.19972163733165696,0.20376036266834305,2026-05-06,0.203393,0.201741,0.19888518992707935,0.20459681007292066,2026-05-07,0.20331,0.201741,0.198243361259522,0.205238638740478,2026-05-08,0.202071,0.201741,0.19770227466331391,0.2057797253366861,2026-05-09,0.20134,0.201741,0.19722556780235959,0.20625643219764042,0.20134,0.201741,0.0019876970967726564,0.0
AMD_RUB,2026-05-05,0.20346,test,SET_A,"(0, 1, 0)",2026-05-06,0.203393,0.20346,0.20144063733165696,0.20547936266834305,2026-05-07,0.20331,0.20346,0.20060418992707935,0.20631581007292066,2026-05-08,0.202071,0.20346,0.199962361259522,0.206957638740478,2026-05-09,0.20134,0.20346,0.1994212746633139,0.2074987253366861,2026-05-13,0.200173,0.20346,0.19894456780235958,0.20797543219764042,0.200173,0.20346,0.016155509682492932,0.0
AMD_RUB,2026-05-06,0.203393,test,SET_A,"(0, 1, 0)",2026-05-07,0.20331,0.203393,0.20137363733165695,0.20541236266834303,2026-05-08,0.202071,0.203393,0.20053718992707933,0.20624881007292065,2026-05-09,0.20134,0.203393,0.19989536125952198,0.206890638740478,2026-05-13,0.200173,0.203393,0.1993542746633139,0.20743172533668608,2026-05-14,0.198958,0.203393,0.19887756780235957,0.2079084321976404,0.198958,0.203393,0.0218050768708854,0.0
AMD_RUB,2026-05-07,0.20331,test,SET_A,"(0, 1, 0)",2026-05-08,0.202071,0.20331,0.20129063733165695,0.20532936266834304,2026-05-09,0.20134,0.20331,0.20045418992707933,0.20616581007292065,2026-05-13,0.200173,0.20331,0.19981236125952198,0.206807638740478,2026-05-14,0.198958,0.20331,0.1992712746633139,0.20734872533668608,2026-05-15,0.198326,0.20331,0.19879456780235957,0.2078254321976404,0.198326,0.20331,0.02451428852491264,0.0
AMD_RUB,2026-05-08,0.202071,test,SET_A,"(0, 1, 0)",2026-05-09,0.20134,0.202071,0.20005163733165696,0.20409036266834304,2026-05-13,0.200173,0.202071,0.19921518992707934,0.20492681007292066,2026-05-14,0.198958,0.202071,0.198573361259522,0.205568638740478,2026-05-15,0.198326,0.202071,0.1980322746633139,0.2061097253366861,2026-05-16,0.198592,0.202071,0.19755556780235958,0.20658643219764042,0.198326,0.202071,0.018533089854556064,0.0
AMD_RUB,2026-05-09,0.20134,test,SET_A,"(0, 1, 0)",2026-05-13,0.200173,0.20134,0.19932063733165695,0.20335936266834304,2026-05-14,0.198958,0.20134,0.19848418992707934,0.20419581007292065,2026-05-15,0.198326,0.20134,0.19784236125952198,0.204837638740478,2026-05-16,0.198592,0.20134,0.1973012746633139,0.20537872533668608,2026-05-19,0.196581,0.20134,0.19682456780235957,0.2058554321976404,0.196581,0.20134,0.023636634548524812,0.0
AMD_RUB,2026-05-13,0.200173,test,SET_A,"(0, 1, 0)",2026-05-14,0.198958,0.200173,0.19815363733165695,0.20219236266834303,2026-05-15,0.198326,0.200173,0.19731718992707933,0.20302881007292065,2026-05-16,0.198592,0.200173,0.19667536125952198,0.203670638740478,2026-05-19,0.196581,0.200173,0.1961342746633139,0.20421172533668608,2026-05-20,0.193619,0.200173,0.19565756780235957,0.2046884321976404,0.193619,0.200173,0.03274167844814224,0.0
AMD_RUB,2026-05-14,0.198958,test,SET_A,"(0, 1, 0)",2026-05-15,0.198326,0.198958,0.19693863733165695,0.20097736266834304,2026-05-16,0.198592,0.198958,0.19610218992707934,0.20181381007292065,2026-05-19,0.196581,0.198958,0.195460361259522,0.202455638740478,2026-05-20,0.193619,0.198958,0.1949192746633139,0.20299672533668608,2026-05-21,0.192869,0.198958,0.19444256780235958,0.2034734321976404,0.192869,0.198958,0.03060444918022891,0.0
AMD_RUB,2026-05-15,0.198326,test,SET_A,"(0, 1, 0)",2026-05-16,0.198592,0.198326,0.19630663733165696,0.20034536266834305,2026-05-19,0.196581,0.198326,0.19547018992707935,0.20118181007292066,2026-05-20,0.193619,0.198326,0.194828361259522,0.201823638740478,2026-05-21,0.192869,0.198326,0.1942872746633139,0.2023647253366861,2026-05-22,0.192438,0.198326,0.19381056780235958,0.20284143219764042,0.192438,0.198326,0.02968849268376312,0.0
AMD_RUB,2026-05-16,0.198592,test,SET_A,"(0, 1, 0)",2026-05-19,0.196581,0.198592,0.19657263733165695,0.20061136266834304,2026-05-20,0.193619,0.198592,0.19573618992707933,0.20144781007292065,2026-05-21,0.192869,0.198592,0.19509436125952198,0.202089638740478,2026-05-22,0.192438,0.198592,0.1945532746633139,0.20263072533668608,2026-05-23,0.193518,0.198592,0.19407656780235957,0.2031074321976404,0.192438,0.198592,0.030988156622623234,0.0
AMD_RUB,2026-05-19,0.196581,test,SET_A,"(0, 1, 0)",2026-05-20,0.193619,0.196581,0.19456163733165696,0.19860036266834305,2026-05-21,0.192869,0.196581,0.19372518992707935,0.19943681007292066,2026-05-22,0.192438,0.196581,0.193083361259522,0.20007863874047802,2026-05-23,0.193518,0.196581,0.19254227466331392,0.2006197253366861,2026-05-26,0.194413,0.196581,0.1920655678023596,0.20109643219764042,0.192438,0.196581,0.021075281944847202,0.0
AMD_RUB,2026-05-20,0.193619,test,SET_A,"(0, 1, 0)",2026-05-21,0.192869,0.193619,0.19159963733165697,0.19563836266834306,2026-05-22,0.192438,0.193619,0.19076318992707936,0.19647481007292067,2026-05-23,0.193518,0.193619,0.190121361259522,0.19711663874047802,2026-05-26,0.194413,0.193619,0.18958027466331392,0.1976577253366861,2026-05-27,0.194888,0.193619,0.1891035678023596,0.19813443219764043,0.192438,0.193619,0.006099607993017293,0.0
AMD_RUB,2026-05-21,0.192869,test,SET_A,"(0, 1, 0)",2026-05-22,0.192438,0.192869,0.19084963733165697,0.19488836266834306,2026-05-23,0.193518,0.192869,0.19001318992707936,0.19572481007292067,2026-05-26,0.194413,0.192869,0.189371361259522,0.19636663874047802,2026-05-27,0.194888,0.192869,0.18883027466331392,0.1969077253366861,2026-05-28,0.19264,0.192869,0.1883535678023596,0.19738443219764043,0.192438,0.192869,0.0022346774235362586,0.0
AMD_RUB,2026-05-22,0.192438,test,SET_A,"(0, 1, 0)",2026-05-23,0.193518,0.192438,0.19041863733165695,0.19445736266834304,2026-05-26,0.194413,0.192438,0.18958218992707934,0.19529381007292065,2026-05-27,0.194888,0.192438,0.188940361259522,0.195935638740478,2026-05-28,0.19264,0.192438,0.1883992746633139,0.1964767253366861,2026-05-29,0.193918,0.192438,0.18792256780235958,0.19695343219764042,0.19264,0.192438,0.0,0.0
AMD_RUB,2026-05-23,0.193518,test,SET_A,"(0, 1, 0)",2026-05-26,0.194413,0.193518,0.19149863733165695,0.19553736266834304,2026-05-27,0.194888,0.193518,0.19066218992707934,0.19637381007292065,2026-05-28,0.19264,0.193518,0.19002036125952199,0.197015638740478,2026-05-29,0.193918,0.193518,0.1894792746633139,0.19755672533668608,2026-05-30,0.192901,0.193518,0.18900256780235958,0.1980334321976404,0.19264,0.193518,0.004537045649500253,0.0
AMD_RUB,2026-05-26,0.194413,test,SET_A,"(0, 1, 0)",2026-05-27,0.194888,0.194413,0.19239363733165696,0.19643236266834305,2026-05-28,0.19264,0.194413,0.19155718992707935,0.19726881007292066,2026-05-29,0.193918,0.194413,0.190915361259522,0.197910638740478,2026-05-30,0.192901,0.194413,0.1903742746633139,0.1984517253366861,2026-06-02,0.194253,0.194413,0.18989756780235958,0.19892843219764042,0.19264,0.194413,0.009119760509842431,0.0
AMD_RUB,2026-05-27,0.194888,test,SET_A,"(0, 1, 0)",2026-05-28,0.19264,0.194888,0.19286863733165696,0.19690736266834305,2026-05-29,0.193918,0.194888,0.19203218992707935,0.19774381007292066,2026-05-30,0.192901,0.194888,0.191390361259522,0.19838563874047802,2026-06-02,0.194253,0.194888,0.19084927466331392,0.1989267253366861,2026-06-03,0.19689,0.194888,0.1903725678023596,0.19940343219764042,0.19264,0.194888,0.011534830261483518,0.0
AMD_RUB,2026-05-28,0.19264,test,SET_A,"(0, 1, 0)",2026-05-29,0.193918,0.19264,0.19062063733165696,0.19465936266834305,2026-05-30,0.192901,0.19264,0.18978418992707935,0.19549581007292066,2026-06-02,0.194253,0.19264,0.189142361259522,0.19613763874047802,2026-06-03,0.19689,0.19264,0.18860127466331392,0.1966787253366861,2026-06-04,0.199022,0.19264,0.1881245678023596,0.19715543219764042,0.192901,0.19264,0.0,0.0
AMD_RUB,2026-05-29,0.193918,test,SET_A,"(0, 1, 0)",2026-05-30,0.192901,0.193918,0.19189863733165696,0.19593736266834305,2026-06-02,0.194253,0.193918,0.19106218992707935,0.19677381007292066,2026-06-03,0.19689,0.193918,0.190420361259522,0.19741563874047802,2026-06-04,0.199022,0.193918,0.18987927466331392,0.1979567253366861,2026-06-05,0.201567,0.193918,0.1894025678023596,0.19843343219764042,0.192901,0.193918,0.005244484782227631,0.0
AMD_RUB,2026-05-30,0.192901,test,SET_A,"(0, 1, 0)",2026-06-02,0.194253,0.192901,0.19088163733165694,0.19492036266834303,2026-06-03,0.19689,0.192901,0.19004518992707933,0.19575681007292065,2026-06-04,0.199022,0.192901,0.18940336125952198,0.196398638740478,2026-06-05,0.201567,0.192901,0.1888622746633139,0.19693972533668608,2026-06-06,0.199351,0.192901,0.18838556780235957,0.1974164321976404,0.194253,0.192901,0.0,0.0
AMD_RUB,2026-06-02,0.194253,test,SET_A,"(0, 1, 0)",2026-06-03,0.19689,0.194253,0.19223363733165696,0.19627236266834305,2026-06-04,0.199022,0.194253,0.19139718992707935,0.19710881007292066,2026-06-05,0.201567,0.194253,0.190755361259522,0.19775063874047802,2026-06-06,0.199351,0.194253,0.19021427466331392,0.1982917253366861,2026-06-09,0.198802,0.194253,0.1897375678023596,0.19876843219764043,0.19689,0.194253,0.0,0.0
AMD_RUB,2026-06-03,0.19689,test,SET_A,"(0, 1, 0)",2026-06-04,0.199022,0.19689,0.19487063733165697,0.19890936266834305,2026-06-05,0.201567,0.19689,0.19403418992707935,0.19974581007292067,2026-06-06,0.199351,0.19689,0.193392361259522,0.20038763874047802,2026-06-09,0.198802,0.19689,0.19285127466331392,0.2009287253366861,2026-06-10,0.194685,0.19689,0.1923745678023596,0.20140543219764043,0.194685,0.19689,0.011199146731677649,0.0
AMD_RUB,2026-06-04,0.199022,test,SET_A,"(0, 1, 0)",2026-06-05,0.201567,0.199022,0.19700263733165696,0.20104136266834305,2026-06-06,0.199351,0.199022,0.19616618992707935,0.20187781007292066,2026-06-09,0.198802,0.199022,0.195524361259522,0.20251963874047801,2026-06-10,0.194685,0.199022,0.19498327466331392,0.2030607253366861,2026-06-11,0.194846,0.199022,0.1945065678023596,0.20353743219764042,0.194685,0.199022,0.021791560731979416,0.0
AMD_RUB,2026-06-05,0.201567,test,SET_A,"(0, 1, 0)",2026-06-06,0.199351,0.201567,0.19954763733165695,0.20358636266834304,2026-06-09,0.198802,0.201567,0.19871118992707934,0.20442281007292065,2026-06-10,0.194685,0.201567,0.198069361259522,0.205064638740478,2026-06-11,0.194846,0.201567,0.1975282746633139,0.20560572533668608,2026-06-12,0.195179,0.201567,0.19705156780235958,0.2060824321976404,0.194685,0.201567,0.0341424935629344,0.0
AMD_RUB,2026-06-06,0.199351,test,SET_A,"(0, 1, 0)",2026-06-09,0.198802,0.199351,0.19733163733165696,0.20137036266834304,2026-06-10,0.194685,0.199351,0.19649518992707934,0.20220681007292066,2026-06-11,0.194846,0.199351,0.195853361259522,0.202848638740478,2026-06-12,0.195179,0.199351,0.1953122746633139,0.2033897253366861,2026-06-16,0.196846,0.199351,0.19483556780235958,0.20386643219764042,0.194685,0.199351,0.023405952315263046,0.0
AMD_RUB,2026-06-09,0.198802,test,SET_A,"(0, 1, 0)",2026-06-10,0.194685,0.198802,0.19678263733165696,0.20082136266834305,2026-06-11,0.194846,0.198802,0.19594618992707935,0.20165781007292066,2026-06-12,0.195179,0.198802,0.195304361259522,0.20229963874047802,2026-06-16,0.196846,0.198802,0.19476327466331392,0.2028407253366861,2026-06-17,0.195918,0.198802,0.1942865678023596,0.20331743219764042,0.194685,0.198802,0.020709047192684224,0.0
AMD_RUB,2026-06-10,0.194685,test,SET_A,"(0, 1, 0)",2026-06-11,0.194846,0.194685,0.19266563733165695,0.19670436266834304,2026-06-12,0.195179,0.194685,0.19182918992707934,0.19754081007292065,2026-06-16,0.196846,0.194685,0.191187361259522,0.198182638740478,2026-06-17,0.195918,0.194685,0.1906462746633139,0.19872372533668609,2026-06-18,0.197652,0.194685,0.19016956780235958,0.19920043219764041,0.194846,0.194685,0.0,0.0
AMD_RUB,2026-06-11,0.194846,test,SET_A,"(0, 1, 0)",2026-06-12,0.195179,0.194846,0.19282663733165695,0.19686536266834304,2026-06-16,0.196846,0.194846,0.19199018992707934,0.19770181007292065,2026-06-17,0.195918,0.194846,0.19134836125952198,0.198343638740478,2026-06-18,0.197652,0.194846,0.1908072746633139,0.19888472533668608,2026-06-19,0.199243,0.194846,0.19033056780235957,0.1993614321976404,0.195179,0.194846,0.0,0.0
AMD_RUB,2026-06-12,0.195179,test,SET_A,"(0, 1, 0)",2026-06-16,0.196846,0.195179,0.19315963733165695,0.19719836266834304,2026-06-17,0.195918,0.195179,0.19232318992707934,0.19803481007292065,2026-06-18,0.197652,0.195179,0.19168136125952198,0.198676638740478,2026-06-19,0.199243,0.195179,0.1911402746633139,0.19921772533668608,2026-06-20,0.199481,0.195179,0.19066356780235957,0.1996944321976404,0.195918,0.195179,0.0,0.0
AMD_RUB,2026-06-16,0.196846,test,SET_A,"(0, 1, 0)",2026-06-17,0.195918,0.196846,0.19482663733165695,0.19886536266834304,2026-06-18,0.197652,0.196846,0.19399018992707934,0.19970181007292065,2026-06-19,0.199243,0.196846,0.19334836125952198,0.200343638740478,2026-06-20,0.199481,0.196846,0.1928072746633139,0.20088472533668608,2026-06-23,0.20041,0.196846,0.19233056780235958,0.2013614321976404,0.195918,0.196846,0.004714345224185325,0.0
AMD_RUB,2026-06-17,0.195918,test,SET_A,"(0, 1, 0)",2026-06-18,0.197652,0.195918,0.19389863733165696,0.19793736266834305,2026-06-19,0.199243,0.195918,0.19306218992707935,0.19877381007292066,2026-06-20,0.199481,0.195918,0.192420361259522,0.19941563874047802,2026-06-23,0.20041,0.195918,0.19187927466331392,0.1999567253366861,2026-06-24,0.202728,0.195918,0.1914025678023596,0.20043343219764043,0.197652,0.195918,0.0,0.0
AMD_RUB,2026-06-18,0.197652,test,SET_A,"(0, 1, 0)",2026-06-19,0.199243,0.197652,0.19563263733165695,0.19967136266834304,2026-06-20,0.199481,0.197652,0.19479618992707934,0.20050781007292065,2026-06-23,0.20041,0.197652,0.19415436125952198,0.201149638740478,2026-06-24,0.202728,0.197652,0.1936132746633139,0.20169072533668608,2026-06-25,0.203228,0.197652,0.19313656780235958,0.2021674321976404,0.199243,0.197652,0.0,0.0
AMD_RUB,2026-06-19,0.199243,test,SET_A,"(0, 1, 0)",2026-06-20,0.199481,0.199243,0.19722363733165696,0.20126236266834305,2026-06-23,0.20041,0.199243,0.19638718992707935,0.20209881007292066,2026-06-24,0.202728,0.199243,0.195745361259522,0.202740638740478,2026-06-25,0.203228,0.199243,0.19520427466331391,0.2032817253366861,2026-06-26,0.205384,0.199243,0.19472756780235959,0.20375843219764042,0.199481,0.199243,0.0,0.0
AMD_RUB,2026-06-20,0.199481,test,SET_A,"(0, 1, 0)",2026-06-23,0.20041,0.199481,0.19746163733165695,0.20150036266834304,2026-06-24,0.202728,0.199481,0.19662518992707934,0.20233681007292065,2026-06-25,0.203228,0.199481,0.19598336125952198,0.202978638740478,2026-06-26,0.205384,0.199481,0.1954422746633139,0.20351972533668608,2026-06-27,0.209337,0.199481,0.19496556780235957,0.2039964321976404,0.20041,0.199481,0.0,0.0
AMD_RUB,2026-06-23,0.20041,test,SET_A,"(0, 1, 0)",2026-06-24,0.202728,0.20041,0.19839063733165696,0.20242936266834305,2026-06-25,0.203228,0.20041,0.19755418992707935,0.20326581007292066,2026-06-26,0.205384,0.20041,0.196912361259522,0.20390763874047801,2026-06-27,0.209337,0.20041,0.19637127466331392,0.2044487253366861,2026-06-30,0.211253,0.20041,0.1958945678023596,0.20492543219764042,0.202728,0.20041,0.0,0.0
AMD_RUB,2026-06-24,0.202728,test,SET_A,"(0, 1, 0)",2026-06-25,0.203228,0.202728,0.20070863733165695,0.20474736266834304,2026-06-26,0.205384,0.202728,0.19987218992707934,0.20558381007292065,2026-06-27,0.209337,0.202728,0.19923036125952198,0.206225638740478,2026-06-30,0.211253,0.202728,0.1986892746633139,0.20676672533668608,2026-07-01,0.212753,0.202728,0.19821256780235957,0.2072434321976404,0.203228,0.202728,0.0,0.0
AMD_RUB,2026-06-25,0.203228,test,SET_A,"(0, 1, 0)",2026-06-26,0.205384,0.203228,0.20120863733165695,0.20524736266834304,2026-06-27,0.209337,0.203228,0.20037218992707934,0.20608381007292065,2026-06-30,0.211253,0.203228,0.19973036125952198,0.206725638740478,2026-07-01,0.212753,0.203228,0.1991892746633139,0.20726672533668608,2026-07-02,0.212648,0.203228,0.19871256780235957,0.2077434321976404,0.205384,0.203228,0.0,0.0
AMD_RUB,2026-06-26,0.205384,test,SET_A,"(0, 1, 0)",2026-06-27,0.209337,0.205384,0.20336463733165697,0.20740336266834306,2026-06-30,0.211253,0.205384,0.20252818992707936,0.20823981007292067,2026-07-01,0.212753,0.205384,0.201886361259522,0.20888163874047802,2026-07-02,0.212648,0.205384,0.20134527466331392,0.2094227253366861,2026-07-03,0.211649,0.205384,0.2008685678023596,0.20989943219764043,0.209337,0.205384,0.0,0.0
AMD_RUB,2026-06-27,0.209337,test,SET_A,"(0, 1, 0)",2026-06-30,0.211253,0.209337,0.20731763733165695,0.21135636266834304,2026-07-01,0.212753,0.209337,0.20648118992707934,0.21219281007292065,2026-07-02,0.212648,0.209337,0.20583936125952199,0.212834638740478,2026-07-03,0.211649,0.209337,0.2052982746633139,0.21337572533668608,2026-07-04,0.209974,0.209337,0.20482156780235958,0.2138524321976404,0.209974,0.209337,0.0,0.0
AMD_RUB,2026-06-30,0.211253,test,SET_A,"(0, 1, 0)",2026-07-01,0.212753,0.211253,0.20923363733165695,0.21327236266834304,2026-07-02,0.212648,0.211253,0.20839718992707934,0.21410881007292065,2026-07-03,0.211649,0.211253,0.207755361259522,0.214750638740478,2026-07-04,0.209974,0.211253,0.2072142746633139,0.21529172533668609,2026-07-07,0.212179,0.211253,0.20673756780235958,0.21576843219764041,0.209974,0.211253,0.006054351890860733,0.0
AMD_RUB,2026-07-01,0.212753,test,SET_A,"(0, 1, 0)",2026-07-02,0.212648,0.212753,0.21073363733165695,0.21477236266834304,2026-07-03,0.211649,0.212753,0.20989718992707934,0.21560881007292065,2026-07-04,0.209974,0.212753,0.209255361259522,0.216250638740478,2026-07-07,0.212179,0.212753,0.2087142746633139,0.2167917253366861,2026-07-08,0.207162,0.212753,0.20823756780235958,0.21726843219764042,0.207162,0.212753,0.02627930040939486,0.0
AMD_RUB,2026-07-02,0.212648,test,SET_A,"(0, 1, 0)",2026-07-03,0.211649,0.212648,0.21062863733165696,0.21466736266834305,2026-07-04,0.209974,0.212648,0.20979218992707935,0.21550381007292066,2026-07-07,0.212179,0.212648,0.209150361259522,0.216145638740478,2026-07-08,0.207162,0.212648,0.20860927466331391,0.2166867253366861,2026-07-09,0.208017,0.212648,0.20813256780235959,0.21716343219764042,0.207162,0.212648,0.025798502689891232,0.0
AMD_RUB,2026-07-03,0.211649,test,SET_A,"(0, 1, 0)",2026-07-04,0.209974,0.211649,0.20962963733165696,0.21366836266834305,2026-07-07,0.212179,0.211649,0.20879318992707935,0.21450481007292066,2026-07-08,0.207162,0.211649,0.208151361259522,0.215146638740478,2026-07-09,0.208017,0.211649,0.20761027466331392,0.2156877253366861,2026-07-10,0.206826,0.211649,0.20713356780235959,0.21616443219764042,0.206826,0.211649,0.02278772873956406,0.0
AMD_RUB,2026-07-04,0.209974,test,SET_A,"(0, 1, 0)",2026-07-07,0.212179,0.209974,0.20795463733165695,0.21199336266834304,2026-07-08,0.207162,0.209974,0.20711818992707934,0.21282981007292065,2026-07-09,0.208017,0.209974,0.20647636125952198,0.213471638740478,2026-07-10,0.206826,0.209974,0.2059352746633139,0.21401272533668608,2026-07-11,0.20868,0.209974,0.20545856780235958,0.2144894321976404,0.206826,0.209974,0.014992332384009373,0.0
AMD_RUB,2026-07-07,0.212179,test,SET_A,"(0, 1, 0)",2026-07-08,0.207162,0.212179,0.21015963733165696,0.21419836266834305,2026-07-09,0.208017,0.212179,0.20932318992707935,0.21503481007292066,2026-07-10,0.206826,0.212179,0.208681361259522,0.21567663874047802,2026-07-11,0.20868,0.212179,0.20814027466331392,0.2162177253366861,2026-07-14,0.208954,0.212179,0.2076635678023596,0.21669443219764042,0.206826,0.212179,0.02522869841030449,0.0
AMD_RUB,2026-07-08,0.207162,test,SET_A,"(0, 1, 0)",2026-07-09,0.208017,0.207162,0.20514263733165697,0.20918136266834306,2026-07-10,0.206826,0.207162,0.20430618992707936,0.21001781007292067,2026-07-11,0.20868,0.207162,0.203664361259522,0.21065963874047802,2026-07-14,0.208954,0.207162,0.20312327466331392,0.2112007253366861,2026-07-15,0.211297,0.207162,0.2026465678023596,0.21167743219764043,0.206826,0.207162,0.001621919077823167,0.0
AMD_RUB,2026-07-09,0.208017,test,SET_A,"(0, 1, 0)",2026-07-10,0.206826,0.208017,0.20599763733165696,0.21003636266834305,2026-07-11,0.20868,0.208017,0.20516118992707935,0.21087281007292066,2026-07-14,0.208954,0.208017,0.204519361259522,0.21151463874047802,2026-07-15,0.211297,0.208017,0.20397827466331392,0.2120557253366861,2026-07-16,0.212272,0.208017,0.2035015678023596,0.21253243219764043,0.206826,0.208017,0.0057254935894662335,0.0
AMD_RUB,2026-07-10,0.206826,test,SET_A,"(0, 1, 0)",2026-07-11,0.20868,0.206826,0.20480663733165697,0.20884536266834305,2026-07-14,0.208954,0.206826,0.20397018992707935,0.20968181007292067,2026-07-15,0.211297,0.206826,0.203328361259522,0.21032363874047802,2026-07-16,0.212272,0.206826,0.20278727466331392,0.2108647253366861,2026-07-17,0.213651,0.206826,0.2023105678023596,0.21134143219764043,0.20868,0.206826,0.0,0.0
AMD_RUB,2026-07-11,0.20868,test,SET_A,"(0, 1, 0)",2026-07-14,0.208954,0.20868,0.20666063733165696,0.21069936266834305,2026-07-15,0.211297,0.20868,0.20582418992707935,0.21153581007292066,2026-07-16,0.212272,0.20868,0.205182361259522,0.21217763874047801,2026-07-17,0.213651,0.20868,0.20464127466331392,0.2127187253366861,2026-07-18,0.213708,0.20868,0.2041645678023596,0.21319543219764042,0.208954,0.20868,0.0,0.0
AMD_RUB,2026-07-14,0.208954,test,SET_A,"(0, 1, 0)",2026-07-15,0.211297,0.208954,0.20693463733165696,0.21097336266834305,2026-07-16,0.212272,0.208954,0.20609818992707934,0.21180981007292066,2026-07-17,0.213651,0.208954,0.205456361259522,0.212451638740478,2026-07-18,0.213708,0.208954,0.2049152746633139,0.2129927253366861,2026-07-21,0.214019,0.208954,0.20443856780235958,0.21346943219764042,0.211297,0.208954,0.0,0.0
AMD_RUB,2026-07-15,0.211297,test,SET_A,"(0, 1, 0)",2026-07-16,0.212272,0.211297,0.20927763733165697,0.21331636266834306,2026-07-17,0.213651,0.211297,0.20844118992707936,0.21415281007292067,2026-07-18,0.213708,0.211297,0.207799361259522,0.21479463874047802,2026-07-21,0.214019,0.211297,0.20725827466331392,0.2153357253366861,2026-07-22,0.21423,0.211297,0.2067815678023596,0.21581243219764043,0.212272,0.211297,0.0,0.0
AMD_RUB,2026-07-16,0.212272,test,SET_A,"(0, 1, 0)",2026-07-17,0.213651,0.212272,0.21025263733165694,0.21429136266834303,2026-07-18,0.213708,0.212272,0.20941618992707933,0.21512781007292064,2026-07-21,0.214019,0.212272,0.20877436125952198,0.215769638740478,2026-07-22,0.21423,0.212272,0.2082332746633139,0.21631072533668608,2026-07-23,0.213894,0.212272,0.20775656780235957,0.2167874321976404,0.213651,0.212272,0.0,0.0
AMD_RUB,2026-07-17,0.213651,test,SET_A,"(0, 1, 0)",2026-07-18,0.213708,0.213651,0.21163163733165696,0.21567036266834305,2026-07-21,0.214019,0.213651,0.21079518992707935,0.21650681007292066,2026-07-22,0.21423,0.213651,0.210153361259522,0.21714863874047802,2026-07-23,0.213894,0.213651,0.20961227466331392,0.2176897253366861,2026-07-24,0.21425,0.213651,0.2091355678023596,0.21816643219764043,0.213708,0.213651,0.0,0.0
AMD_RUB,2026-07-18,0.213708,test,SET_A,"(0, 1, 0)",2026-07-21,0.214019,0.213708,0.21168863733165696,0.21572736266834305,2026-07-22,0.21423,0.213708,0.21085218992707935,0.21656381007292066,2026-07-23,0.213894,0.213708,0.210210361259522,0.21720563874047802,2026-07-24,0.21425,0.213708,0.20966927466331392,0.2177467253366861,2026-07-25,0.213275,0.213708,0.2091925678023596,0.21822343219764043,0.213275,0.213708,0.002026129110749325,0.0
AMD_RUB,2026-07-21,0.214019,test,SET_A,"(0, 1, 0)",2026-07-22,0.21423,0.214019,0.21199963733165694,0.21603836266834303,2026-07-23,0.213894,0.214019,0.21116318992707933,0.21687481007292064,2026-07-24,0.21425,0.214019,0.21052136125952198,0.217516638740478,2026-07-25,0.213275,0.214019,0.2099802746633139,0.21805772533668608,2026-07-28,0.212743,0.214019,0.20950356780235957,0.2185344321976404,0.212743,0.214019,0.005962087478214548,0.0
AMD_RUB,2026-07-22,0.21423,test,SET_A,"(0, 1, 0)",2026-07-23,0.213894,0.21423,0.21221063733165696,0.21624936266834305,2026-07-24,0.21425,0.21423,0.21137418992707935,0.21708581007292066,2026-07-25,0.213275,0.21423,0.210732361259522,0.217727638740478,2026-07-28,0.212743,0.21423,0.21019127466331392,0.2182687253366861,2026-07-29,0.214705,0.21423,0.20971456780235959,0.21874543219764042,0.212743,0.21423,0.006941138029221006,0.0
AMD_RUB,2026-07-23,0.213894,test,SET_A,"(0, 1, 0)",2026-07-24,0.21425,0.213894,0.21187463733165696,0.21591336266834305,2026-07-25,0.213275,0.213894,0.21103818992707934,0.21674981007292066,2026-07-28,0.212743,0.213894,0.210396361259522,0.217391638740478,2026-07-29,0.214705,0.213894,0.2098552746633139,0.2179327253366861,2026-07-30,0.216704,0.213894,0.20937856780235958,0.21840943219764042,0.212743,0.213894,0.005381170112298677,0.0
AMD_RUB,2026-07-24,0.21425,test,SET_A,"(0, 1, 0)",2026-07-25,0.213275,0.21425,0.21223063733165695,0.21626936266834304,2026-07-28,0.212743,0.21425,0.21139418992707934,0.21710581007292065,2026-07-29,0.214705,0.21425,0.210752361259522,0.217747638740478,2026-07-30,0.216704,0.21425,0.2102112746633139,0.21828872533668608,2026-07-31,0.217814,0.21425,0.20973456780235958,0.2187654321976404,0.212743,0.21425,0.007033838973162233,0.0
AMD_RUB,2026-07-25,0.213275,test,SET_A,"(0, 1, 0)",2026-07-28,0.212743,0.213275,0.21125563733165695,0.21529436266834304,2026-07-29,0.214705,0.213275,0.21041918992707934,0.21613081007292065,2026-07-30,0.216704,0.213275,0.20977736125952198,0.216772638740478,2026-07-31,0.217814,0.213275,0.2092362746633139,0.21731372533668608,2026-08-01,0.216995,0.213275,0.20875956780235957,0.2177904321976404,0.212743,0.213275,0.00249443207126951,0.0
AMD_RUB,2026-07-28,0.212743,test,SET_A,"(0, 1, 0)",2026-07-29,0.214705,0.212743,0.21072363733165694,0.21476236266834303,2026-07-30,0.216704,0.212743,0.20988718992707933,0.21559881007292064,2026-07-31,0.217814,0.212743,0.20924536125952198,0.216240638740478,2026-08-01,0.216995,0.212743,0.2087042746633139,0.21678172533668608,2026-08-04,0.218779,0.212743,0.20822756780235957,0.2172584321976404,0.214705,0.212743,0.0,0.0
AMD_RUB,2026-07-29,0.214705,test,SET_A,"(0, 1, 0)",2026-07-30,0.216704,0.214705,0.21268563733165696,0.21672436266834305,2026-07-31,0.217814,0.214705,0.21184918992707935,0.21756081007292066,2026-08-01,0.216995,0.214705,0.211207361259522,0.21820263874047802,2026-08-04,0.218779,0.214705,0.21066627466331392,0.2187437253366861,2026-08-05,0.221054,0.214705,0.2101895678023596,0.21922043219764042,0.216704,0.214705,0.0,0.0
AMD_RUB,2026-07-30,0.216704,test,SET_A,"(0, 1, 0)",2026-07-31,0.217814,0.216704,0.21468463733165696,0.21872336266834305,2026-08-01,0.216995,0.216704,0.21384818992707935,0.21955981007292066,2026-08-04,0.218779,0.216704,0.213206361259522,0.22020163874047802,2026-08-05,0.221054,0.216704,0.21266527466331392,0.2207427253366861,2026-08-06,0.221034,0.216704,0.2121885678023596,0.22121943219764043,0.216995,0.216704,0.0,0.0
AMD_RUB,2026-07-31,0.217814,test,SET_A,"(0, 1, 0)",2026-08-01,0.216995,0.217814,0.21579463733165696,0.21983336266834305,2026-08-04,0.218779,0.217814,0.21495818992707935,0.22066981007292066,2026-08-05,0.221054,0.217814,0.214316361259522,0.22131163874047802,2026-08-06,0.221034,0.217814,0.21377527466331392,0.2218527253366861,2026-08-07,0.222274,0.217814,0.2132985678023596,0.22232943219764043,0.216995,0.217814,0.0037600888831756185,0.0
AMD_RUB,2026-08-01,0.216995,test,SET_A,"(0, 1, 0)",2026-08-04,0.218779,0.216995,0.21497563733165695,0.21901436266834304,2026-08-05,0.221054,0.216995,0.21413918992707934,0.21985081007292065,2026-08-06,0.221034,0.216995,0.21349736125952198,0.220492638740478,2026-08-07,0.222274,0.216995,0.2129562746633139,0.22103372533668608,2026-08-08,0.224394,0.216995,0.21247956780235958,0.2215104321976404,0.218779,0.216995,0.0,0.0
AMD_RUB,2026-08-04,0.218779,test,SET_A,"(0, 1, 0)",2026-08-05,0.221054,0.218779,0.21675963733165696,0.22079836266834305,2026-08-06,0.221034,0.218779,0.21592318992707935,0.22163481007292066,2026-08-07,0.222274,0.218779,0.215281361259522,0.222276638740478,2026-08-08,0.224394,0.218779,0.2147402746633139,0.2228177253366861,2026-08-11,0.225773,0.218779,0.21426356780235958,0.22329443219764042,0.221034,0.218779,0.0,0.0
AMD_RUB,2026-08-05,0.221054,test,SET_A,"(0, 1, 0)",2026-08-06,0.221034,0.221054,0.21903463733165696,0.22307336266834304,2026-08-07,0.222274,0.221054,0.21819818992707934,0.22390981007292066,2026-08-08,0.224394,0.221054,0.217556361259522,0.224551638740478,2026-08-11,0.225773,0.221054,0.2170152746633139,0.2250927253366861,2026-08-12,0.225023,0.221054,0.21653856780235958,0.22556943219764042,0.221034,0.221054,9.047563038891966e-05,0.0
AMD_RUB,2026-08-06,0.221034,test,SET_A,"(0, 1, 0)",2026-08-07,0.222274,0.221034,0.21901463733165696,0.22305336266834305,2026-08-08,0.224394,0.221034,0.21817818992707935,0.22388981007292066,2026-08-11,0.225773,0.221034,0.217536361259522,0.22453163874047802,2026-08-12,0.225023,0.221034,0.21699527466331392,0.2250727253366861,2026-08-13,0.226825,0.221034,0.2165185678023596,0.22554943219764043,0.222274,0.221034,0.0,0.0
AMD_RUB,2026-08-07,0.222274,test,SET_A,"(0, 1, 0)",2026-08-08,0.224394,0.222274,0.22025463733165696,0.22429336266834304,2026-08-11,0.225773,0.222274,0.21941818992707934,0.22512981007292066,2026-08-12,0.225023,0.222274,0.218776361259522,0.225771638740478,2026-08-13,0.226825,0.222274,0.2182352746633139,0.2263127253366861,2026-08-14,0.229065,0.222274,0.21775856780235958,0.22678943219764042,0.224394,0.222274,0.0,0.0
AMD_RUB,2026-08-08,0.224394,test,SET_A,"(0, 1, 0)",2026-08-11,0.225773,0.224394,0.22237463733165697,0.22641336266834305,2026-08-12,0.225023,0.224394,0.22153818992707935,0.22724981007292067,2026-08-13,0.226825,0.224394,0.220896361259522,0.22789163874047802,2026-08-14,0.229065,0.224394,0.22035527466331392,0.2284327253366861,2026-08-15,0.231111,0.224394,0.2198785678023596,0.22890943219764043,0.225023,0.224394,0.0,0.0
AMD_RUB,2026-08-11,0.225773,test,SET_A,"(0, 1, 0)",2026-08-12,0.225023,0.225773,0.22375363733165696,0.22779236266834305,2026-08-13,0.226825,0.225773,0.22291718992707935,0.22862881007292066,2026-08-14,0.229065,0.225773,0.222275361259522,0.229270638740478,2026-08-15,0.231111,0.225773,0.2217342746633139,0.2298117253366861,2026-08-18,0.232595,0.225773,0.22125756780235958,0.23028843219764042,0.225023,0.225773,0.00332192069025083,0.0
AMD_RUB,2026-08-12,0.225023,test,SET_A,"(0, 1, 0)",2026-08-13,0.226825,0.225023,0.22300363733165696,0.22704236266834305,2026-08-14,0.229065,0.225023,0.22216718992707934,0.22787881007292066,2026-08-15,0.231111,0.225023,0.221525361259522,0.228520638740478,2026-08-18,0.232595,0.225023,0.2209842746633139,0.2290617253366861,2026-08-19,0.233168,0.225023,0.22050756780235958,0.22953843219764042,0.226825,0.225023,0.0,0.0
AMD_RUB,2026-08-13,0.226825,test,SET_A,"(0, 1, 0)",2026-08-14,0.229065,0.226825,0.22480563733165695,0.22884436266834304,2026-08-15,0.231111,0.226825,0.22396918992707934,0.22968081007292065,2026-08-18,0.232595,0.226825,0.223327361259522,0.230322638740478,2026-08-19,0.233168,0.226825,0.2227862746633139,0.2308637253366861,2026-08-20,0.233257,0.226825,0.22230956780235958,0.23134043219764042,0.229065,0.226825,0.0,0.0
AMD_RUB,2026-08-14,0.229065,test,SET_A,"(0, 1, 0)",2026-08-15,0.231111,0.229065,0.22704563733165695,0.23108436266834304,2026-08-18,0.232595,0.229065,0.22620918992707933,0.23192081007292065,2026-08-19,0.233168,0.229065,0.22556736125952198,0.232562638740478,2026-08-20,0.233257,0.229065,0.2250262746633139,0.23310372533668608,2026-08-21,0.228207,0.229065,0.22454956780235957,0.2335804321976404,0.228207,0.229065,0.003745661711741199,0.0
AMD_RUB,2026-08-15,0.231111,test,SET_A,"(0, 1, 0)",2026-08-18,0.232595,0.231111,0.22909163733165697,0.23313036266834306,2026-08-19,0.233168,0.231111,0.22825518992707935,0.23396681007292067,2026-08-20,0.233257,0.231111,0.227613361259522,0.23460863874047802,2026-08-21,0.228207,0.231111,0.22707227466331392,0.2351497253366861,2026-08-22,0.227082,0.231111,0.2265955678023596,0.23562643219764043,0.227082,0.231111,0.017433181458260335,0.0
AMD_RUB,2026-08-18,0.232595,test,SET_A,"(0, 1, 0)",2026-08-19,0.233168,0.232595,0.23057563733165695,0.23461436266834304,2026-08-20,0.233257,0.232595,0.22973918992707934,0.23545081007292065,2026-08-21,0.228207,0.232595,0.229097361259522,0.236092638740478,2026-08-22,0.227082,0.232595,0.2285562746633139,0.23663372533668608,2026-08-25,0.227948,0.232595,0.22807956780235958,0.23711043219764041,0.227082,0.232595,0.023702143210301126,0.0
AMD_RUB,2026-08-19,0.233168,test,SET_A,"(0, 1, 0)",2026-08-20,0.233257,0.233168,0.23114863733165694,0.23518736266834303,2026-08-21,0.228207,0.233168,0.23031218992707933,0.23602381007292064,2026-08-22,0.227082,0.233168,0.22967036125952198,0.236665638740478,2026-08-25,0.227948,0.233168,0.2291292746633139,0.23720672533668608,2026-08-26,0.231661,0.233168,0.22865256780235957,0.2376834321976404,0.227082,0.233168,0.02610135181500026,0.0
AMD_RUB,2026-08-20,0.233257,test,SET_A,"(0, 1, 0)",2026-08-21,0.228207,0.233257,0.23123763733165695,0.23527636266834304,2026-08-22,0.227082,0.233257,0.23040118992707934,0.23611281007292065,2026-08-25,0.227948,0.233257,0.22975936125952198,0.236754638740478,2026-08-26,0.231661,0.233257,0.2292182746633139,0.23729572533668608,2026-08-27,0.231188,0.233257,0.22874156780235957,0.2377724321976404,0.227082,0.233257,0.026472946149526,0.0
KGS_RUB,2025-07-12,0.890629,test,SET_A,"(0, 1, 0)",2025-07-15,0.896264,0.890629,0.8817525344980958,0.8995054655019042,2025-07-16,0.891463,0.890629,0.8780757821012701,0.9031822178987299,2025-07-17,0.891464,0.890629,0.8752545107590695,0.9060034892409305,2025-07-18,0.894061,0.890629,0.8728760689961914,0.9083819310038086,2025-07-19,0.895516,0.890629,0.8707806197378103,0.9104773802621897,0.891463,0.890629,0.0,0.0
KGS_RUB,2025-07-15,0.896264,test,SET_A,"(0, 1, 0)",2025-07-16,0.891463,0.896264,0.8873875344980957,0.9051404655019042,2025-07-17,0.891464,0.896264,0.8837107821012701,0.9088172178987298,2025-07-18,0.894061,0.896264,0.8808895107590694,0.9116384892409305,2025-07-19,0.895516,0.896264,0.8785110689961914,0.9140169310038085,2025-07-22,0.895682,0.896264,0.8764156197378102,0.9161123802621897,0.891463,0.896264,0.0053566806208884266,0.0
KGS_RUB,2025-07-16,0.891463,test,SET_A,"(0, 1, 0)",2025-07-17,0.891464,0.891463,0.8825865344980958,0.9003394655019042,2025-07-18,0.894061,0.891463,0.8789097821012701,0.9040162178987299,2025-07-19,0.895516,0.891463,0.8760885107590695,0.9068374892409305,2025-07-22,0.895682,0.891463,0.8737100689961914,0.9092159310038086,2025-07-23,0.892947,0.891463,0.8716146197378103,0.9113113802621897,0.891464,0.891463,0.0,0.0
KGS_RUB,2025-07-17,0.891464,test,SET_A,"(0, 1, 0)",2025-07-18,0.894061,0.891464,0.8825875344980958,0.9003404655019043,2025-07-19,0.895516,0.891464,0.8789107821012702,0.9040172178987299,2025-07-22,0.895682,0.891464,0.8760895107590695,0.9068384892409306,2025-07-23,0.892947,0.891464,0.8737110689961914,0.9092169310038086,2025-07-24,0.897866,0.891464,0.8716156197378103,0.9113123802621897,0.892947,0.891464,0.0,0.0
KGS_RUB,2025-07-18,0.894061,test,SET_A,"(0, 1, 0)",2025-07-19,0.895516,0.894061,0.8851845344980958,0.9029374655019042,2025-07-22,0.895682,0.894061,0.8815077821012701,0.9066142178987299,2025-07-23,0.892947,0.894061,0.8786865107590695,0.9094354892409305,2025-07-24,0.897866,0.894061,0.8763080689961914,0.9118139310038086,2025-07-25,0.90332,0.894061,0.8742126197378103,0.9139093802621897,0.892947,0.894061,0.0012459999932889908,0.0
KGS_RUB,2025-07-19,0.895516,test,SET_A,"(0, 1, 0)",2025-07-22,0.895682,0.895516,0.8866395344980957,0.9043924655019042,2025-07-23,0.892947,0.895516,0.8829627821012701,0.9080692178987299,2025-07-24,0.897866,0.895516,0.8801415107590694,0.9108904892409305,2025-07-25,0.90332,0.895516,0.8777630689961914,0.9132689310038086,2025-07-26,0.911257,0.895516,0.8756676197378103,0.9153643802621897,0.892947,0.895516,0.0028687371303247875,0.0
KGS_RUB,2025-07-22,0.895682,test,SET_A,"(0, 1, 0)",2025-07-23,0.892947,0.895682,0.8868055344980957,0.9045584655019042,2025-07-24,0.897866,0.895682,0.8831287821012701,0.9082352178987299,2025-07-25,0.90332,0.895682,0.8803075107590694,0.9110564892409305,2025-07-26,0.911257,0.895682,0.8779290689961914,0.9134349310038086,2025-07-29,0.911549,0.895682,0.8758336197378103,0.9155303802621897,0.892947,0.895682,0.0030535390908826257,0.0
KGS_RUB,2025-07-23,0.892947,test,SET_A,"(0, 1, 0)",2025-07-24,0.897866,0.892947,0.8840705344980958,0.9018234655019043,2025-07-25,0.90332,0.892947,0.8803937821012702,0.9055002178987299,2025-07-26,0.911257,0.892947,0.8775725107590695,0.9083214892409306,2025-07-29,0.911549,0.892947,0.8751940689961915,0.9106999310038086,2025-07-30,0.94163,0.892947,0.8730986197378103,0.9127953802621898,0.897866,0.892947,0.0,0.0
KGS_RUB,2025-07-24,0.897866,test,SET_A,"(0, 1, 0)",2025-07-25,0.90332,0.897866,0.8889895344980958,0.9067424655019043,2025-07-26,0.911257,0.897866,0.8853127821012702,0.9104192178987299,2025-07-29,0.911549,0.897866,0.8824915107590695,0.9132404892409306,2025-07-30,0.94163,0.897866,0.8801130689961915,0.9156189310038086,2025-07-31,0.935788,0.897866,0.8780176197378103,0.9177143802621898,0.90332,0.897866,0.0,0.0
KGS_RUB,2025-07-25,0.90332,test,SET_A,"(0, 1, 0)",2025-07-26,0.911257,0.90332,0.8944435344980958,0.9121964655019043,2025-07-29,0.911549,0.90332,0.8907667821012701,0.9158732178987299,2025-07-30,0.94163,0.90332,0.8879455107590695,0.9186944892409306,2025-07-31,0.935788,0.90332,0.8855670689961914,0.9210729310038086,2025-08-01,0.918425,0.90332,0.8834716197378103,0.9231683802621897,0.911257,0.90332,0.0,0.0
KGS_RUB,2025-07-26,0.911257,test,SET_A,"(0, 1, 0)",2025-07-29,0.911549,0.911257,0.9023805344980957,0.9201334655019042,2025-07-30,0.94163,0.911257,0.8987037821012701,0.9238102178987299,2025-07-31,0.935788,0.911257,0.8958825107590694,0.9266314892409305,2025-08-01,0.918425,0.911257,0.8935040689961914,0.9290099310038086,2025-08-02,0.918569,0.911257,0.8914086197378103,0.9311053802621897,0.911549,0.911257,0.0,0.0
KGS_RUB,2025-07-29,0.911549,test,SET_A,"(0, 1, 0)",2025-07-30,0.94163,0.911549,0.9026725344980958,0.9204254655019043,2025-07-31,0.935788,0.911549,0.8989957821012702,0.9241022178987299,2025-08-01,0.918425,0.911549,0.8961745107590695,0.9269234892409306,2025-08-02,0.918569,0.911549,0.8937960689961915,0.9293019310038086,2025-08-05,0.911076,0.911549,0.8917006197378103,0.9313973802621898,0.911076,0.911549,0.000518896954524723,0.0
KGS_RUB,2025-07-30,0.94163,test,SET_A,"(0, 1, 0)",2025-07-31,0.935788,0.94163,0.9327535344980957,0.9505064655019042,2025-08-01,0.918425,0.94163,0.9290767821012701,0.9541832178987298,2025-08-02,0.918569,0.94163,0.9262555107590694,0.9570044892409305,2025-08-05,0.911076,0.94163,0.9238770689961914,0.9593829310038086,2025-08-06,0.915369,0.94163,0.9217816197378103,0.9614783802621897,0.911076,0.94163,0.032447989125240245,0.0
KGS_RUB,2025-07-31,0.935788,test,SET_A,"(0, 1, 0)",2025-08-01,0.918425,0.935788,0.9269115344980957,0.9446644655019042,2025-08-02,0.918569,0.935788,0.9232347821012701,0.9483412178987298,2025-08-05,0.911076,0.935788,0.9204135107590694,0.9511624892409305,2025-08-06,0.915369,0.935788,0.9180350689961914,0.9535409310038085,2025-08-07,0.916997,0.935788,0.9159396197378102,0.9556363802621897,0.911076,0.935788,0.02640769063078385,0.0
KGS_RUB,2025-08-01,0.918425,test,SET_A,"(0, 1, 0)",2025-08-02,0.918569,0.918425,0.9095485344980958,0.9273014655019043,2025-08-05,0.911076,0.918425,0.9058717821012702,0.9309782178987299,2025-08-06,0.915369,0.918425,0.9030505107590695,0.9337994892409306,2025-08-07,0.916997,0.918425,0.9006720689961915,0.9361779310038086,2025-08-08,0.907772,0.918425,0.8985766197378103,0.9382733802621898,0.907772,0.918425,0.011599205161009362,0.0
KGS_RUB,2025-08-02,0.918569,test,SET_A,"(0, 1, 0)",2025-08-05,0.911076,0.918569,0.9096925344980957,0.9274454655019042,2025-08-06,0.915369,0.918569,0.9060157821012701,0.9311222178987298,2025-08-07,0.916997,0.918569,0.9031945107590694,0.9339434892409305,2025-08-08,0.907772,0.918569,0.9008160689961914,0.9363219310038086,2025-08-09,0.912288,0.918569,0.8987206197378103,0.9384173802621897,0.907772,0.918569,0.011754152382673426,0.0
KGS_RUB,2025-08-05,0.911076,test,SET_A,"(0, 1, 0)",2025-08-06,0.915369,0.911076,0.9021995344980958,0.9199524655019042,2025-08-07,0.916997,0.911076,0.8985227821012701,0.9236292178987299,2025-08-08,0.907772,0.911076,0.8957015107590695,0.9264504892409305,2025-08-09,0.912288,0.911076,0.8933230689961914,0.9288289310038086,2025-08-12,0.911235,0.911076,0.8912276197378103,0.9309243802621897,0.907772,0.911076,0.0036264812156175485,0.0
KGS_RUB,2025-08-06,0.915369,test,SET_A,"(0, 1, 0)",2025-08-07,0.916997,0.915369,0.9064925344980957,0.9242454655019042,2025-08-08,0.907772,0.915369,0.9028157821012701,0.9279222178987299,2025-08-09,0.912288,0.915369,0.8999945107590694,0.9307434892409305,2025-08-12,0.911235,0.915369,0.8976160689961914,0.9331219310038086,2025-08-13,0.914384,0.915369,0.8955206197378103,0.9352173802621897,0.907772,0.915369,0.008299385275227765,0.0
KGS_RUB,2025-08-07,0.916997,test,SET_A,"(0, 1, 0)",2025-08-08,0.907772,0.916997,0.9081205344980957,0.9258734655019042,2025-08-09,0.912288,0.916997,0.9044437821012701,0.9295502178987298,2025-08-12,0.911235,0.916997,0.9016225107590694,0.9323714892409305,2025-08-13,0.914384,0.916997,0.8992440689961914,0.9347499310038085,2025-08-14,0.911313,0.916997,0.8971486197378102,0.9368453802621897,0.907772,0.916997,0.010060011101453907,0.0
KGS_RUB,2025-08-08,0.907772,test,SET_A,"(0, 1, 0)",2025-08-09,0.912288,0.907772,0.8988955344980958,0.9166484655019043,2025-08-12,0.911235,0.907772,0.8952187821012701,0.9203252178987299,2025-08-13,0.914384,0.907772,0.8923975107590695,0.9231464892409306,2025-08-14,0.911313,0.907772,0.8900190689961914,0.9255249310038086,2025-08-15,0.912868,0.907772,0.8879236197378103,0.9276203802621897,0.911235,0.907772,0.0,0.0
KGS_RUB,2025-08-09,0.912288,test,SET_A,"(0, 1, 0)",2025-08-12,0.911235,0.912288,0.9034115344980957,0.9211644655019042,2025-08-13,0.914384,0.912288,0.8997347821012701,0.9248412178987299,2025-08-14,0.911313,0.912288,0.8969135107590694,0.9276624892409305,2025-08-15,0.912868,0.912288,0.8945350689961914,0.9300409310038086,2025-08-16,0.915211,0.912288,0.8924396197378103,0.9321363802621897,0.911235,0.912288,0.0011542407660738393,0.0
KGS_RUB,2025-08-12,0.911235,test,SET_A,"(0, 1, 0)",2025-08-13,0.914384,0.911235,0.9023585344980958,0.9201114655019043,2025-08-14,0.911313,0.911235,0.8986817821012701,0.9237882178987299,2025-08-15,0.912868,0.911235,0.8958605107590695,0.9266094892409306,2025-08-16,0.915211,0.911235,0.8934820689961914,0.9289879310038086,2025-08-19,0.919675,0.911235,0.8913866197378103,0.9310833802621897,0.911313,0.911235,0.0,0.0
KGS_RUB,2025-08-13,0.914384,test,SET_A,"(0, 1, 0)",2025-08-14,0.911313,0.914384,0.9055075344980957,0.9232604655019042,2025-08-15,0.912868,0.914384,0.9018307821012701,0.9269372178987298,2025-08-16,0.915211,0.914384,0.8990095107590694,0.9297584892409305,2025-08-19,0.919675,0.914384,0.8966310689961914,0.9321369310038086,2025-08-20,0.918772,0.914384,0.8945356197378103,0.9342323802621897,0.911313,0.914384,0.003358545206390242,0.0
KGS_RUB,2025-08-14,0.911313,test,SET_A,"(0, 1, 0)",2025-08-15,0.912868,0.911313,0.9024365344980958,0.9201894655019043,2025-08-16,0.915211,0.911313,0.8987597821012702,0.9238662178987299,2025-08-19,0.919675,0.911313,0.8959385107590695,0.9266874892409306,2025-08-20,0.918772,0.911313,0.8935600689961914,0.9290659310038086,2025-08-21,0.916084,0.911313,0.8914646197378103,0.9311613802621898,0.912868,0.911313,0.0,0.0
KGS_RUB,2025-08-15,0.912868,test,SET_A,"(0, 1, 0)",2025-08-16,0.915211,0.912868,0.9039915344980958,0.9217444655019043,2025-08-19,0.919675,0.912868,0.9003147821012701,0.9254212178987299,2025-08-20,0.918772,0.912868,0.8974935107590695,0.9282424892409306,2025-08-21,0.916084,0.912868,0.8951150689961914,0.9306209310038086,2025-08-22,0.917743,0.912868,0.8930196197378103,0.9327163802621897,0.915211,0.912868,0.0,0.0
KGS_RUB,2025-08-16,0.915211,test,SET_A,"(0, 1, 0)",2025-08-19,0.919675,0.915211,0.9063345344980958,0.9240874655019042,2025-08-20,0.918772,0.915211,0.9026577821012701,0.9277642178987299,2025-08-21,0.916084,0.915211,0.8998365107590695,0.9305854892409305,2025-08-22,0.917743,0.915211,0.8974580689961914,0.9329639310038086,2025-08-23,0.923621,0.915211,0.8953626197378103,0.9350593802621897,0.916084,0.915211,0.0,0.0
KGS_RUB,2025-08-19,0.919675,test,SET_A,"(0, 1, 0)",2025-08-20,0.918772,0.919675,0.9107985344980958,0.9285514655019043,2025-08-21,0.916084,0.919675,0.9071217821012701,0.9322282178987299,2025-08-22,0.917743,0.919675,0.9043005107590695,0.9350494892409306,2025-08-23,0.923621,0.919675,0.9019220689961914,0.9374279310038086,2025-08-26,0.923471,0.919675,0.8998266197378103,0.9395233802621897,0.916084,0.919675,0.0039046402261668643,0.0
KGS_RUB,2025-08-20,0.918772,test,SET_A,"(0, 1, 0)",2025-08-21,0.916084,0.918772,0.9098955344980958,0.9276484655019043,2025-08-22,0.917743,0.918772,0.9062187821012702,0.9313252178987299,2025-08-23,0.923621,0.918772,0.9033975107590695,0.9341464892409306,2025-08-26,0.923471,0.918772,0.9010190689961914,0.9365249310038086,2025-08-27,0.921887,0.918772,0.8989236197378103,0.9386203802621897,0.916084,0.918772,0.0029256442294715375,0.0
KGS_RUB,2025-08-21,0.916084,test,SET_A,"(0, 1, 0)",2025-08-22,0.917743,0.916084,0.9072075344980958,0.9249604655019042,2025-08-23,0.923621,0.916084,0.9035307821012701,0.9286372178987299,2025-08-26,0.923471,0.916084,0.9007095107590695,0.9314584892409306,2025-08-27,0.921887,0.916084,0.8983310689961914,0.9338369310038086,2025-08-28,0.920917,0.916084,0.8962356197378103,0.9359323802621897,0.917743,0.916084,0.0,0.0
KGS_RUB,2025-08-22,0.917743,test,SET_A,"(0, 1, 0)",2025-08-23,0.923621,0.917743,0.9088665344980957,0.9266194655019042,2025-08-26,0.923471,0.917743,0.9051897821012701,0.9302962178987298,2025-08-27,0.921887,0.917743,0.9023685107590694,0.9331174892409305,2025-08-28,0.920917,0.917743,0.8999900689961914,0.9354959310038086,2025-08-29,0.91913,0.917743,0.8978946197378103,0.9375913802621897,0.91913,0.917743,0.0,0.0
KGS_RUB,2025-08-23,0.923621,test,SET_A,"(0, 1, 0)",2025-08-26,0.923471,0.923621,0.9147445344980958,0.9324974655019043,2025-08-27,0.921887,0.923621,0.9110677821012702,0.9361742178987299,2025-08-28,0.920917,0.923621,0.9082465107590695,0.9389954892409306,2025-08-29,0.91913,0.923621,0.9058680689961914,0.9413739310038086,2025-08-30,0.919217,0.923621,0.9037726197378103,0.9434693802621897,0.91913,0.923621,0.004862384029813119,0.0
KGS_RUB,2025-08-26,0.923471,test,SET_A,"(0, 1, 0)",2025-08-27,0.921887,0.923471,0.9145945344980958,0.9323474655019043,2025-08-28,0.920917,0.923471,0.9109177821012702,0.9360242178987299,2025-08-29,0.91913,0.923471,0.9080965107590695,0.9388454892409306,2025-08-30,0.919217,0.923471,0.9057180689961914,0.9412239310038086,2025-09-02,0.92033,0.923471,0.9036226197378103,0.9433193802621898,0.91913,0.923471,0.004700743174393175,0.0
KGS_RUB,2025-08-27,0.921887,test,SET_A,"(0, 1, 0)",2025-08-28,0.920917,0.921887,0.9130105344980958,0.9307634655019043,2025-08-29,0.91913,0.921887,0.9093337821012701,0.9344402178987299,2025-08-30,0.919217,0.921887,0.9065125107590695,0.9372614892409306,2025-09-02,0.92033,0.921887,0.9041340689961914,0.9396399310038086,2025-09-03,0.922325,0.921887,0.9020386197378103,0.9417353802621897,0.91913,0.921887,0.0029906051392415874,0.0
KGS_RUB,2025-08-28,0.920917,test,SET_A,"(0, 1, 0)",2025-08-29,0.91913,0.920917,0.9120405344980957,0.9297934655019042,2025-08-30,0.919217,0.920917,0.9083637821012701,0.9334702178987299,2025-09-02,0.92033,0.920917,0.9055425107590694,0.9362914892409305,2025-09-03,0.922325,0.920917,0.9031640689961914,0.9386699310038086,2025-09-04,0.924652,0.920917,0.9010686197378103,0.9407653802621897,0.91913,0.920917,0.0019404571747508007,0.0
KGS_RUB,2025-08-29,0.91913,test,SET_A,"(0, 1, 0)",2025-08-30,0.919217,0.91913,0.9102535344980958,0.9280064655019042,2025-09-02,0.92033,0.91913,0.9065767821012701,0.9316832178987299,2025-09-03,0.922325,0.91913,0.9037555107590695,0.9345044892409305,2025-09-04,0.924652,0.91913,0.9013770689961914,0.9368829310038086,2025-09-05,0.929648,0.91913,0.8992816197378103,0.9389783802621897,0.919217,0.91913,0.0,0.0
KGS_RUB,2025-08-30,0.919217,test,SET_A,"(0, 1, 0)",2025-09-02,0.92033,0.919217,0.9103405344980957,0.9280934655019042,2025-09-03,0.922325,0.919217,0.9066637821012701,0.9317702178987298,2025-09-04,0.924652,0.919217,0.9038425107590694,0.9345914892409305,2025-09-05,0.929648,0.919217,0.9014640689961914,0.9369699310038085,2025-09-06,0.932597,0.919217,0.8993686197378102,0.9390653802621897,0.92033,0.919217,0.0,0.0
KGS_RUB,2025-09-02,0.92033,test,SET_A,"(0, 1, 0)",2025-09-03,0.922325,0.92033,0.9114535344980957,0.9292064655019042,2025-09-04,0.924652,0.92033,0.9077767821012701,0.9328832178987299,2025-09-05,0.929648,0.92033,0.9049555107590694,0.9357044892409305,2025-09-06,0.932597,0.92033,0.9025770689961914,0.9380829310038086,2025-09-09,0.941563,0.92033,0.9004816197378103,0.9401783802621897,0.922325,0.92033,0.0,0.0
KGS_RUB,2025-09-03,0.922325,test,SET_A,"(0, 1, 0)",2025-09-04,0.924652,0.922325,0.9134485344980957,0.9312014655019042,2025-09-05,0.929648,0.922325,0.9097717821012701,0.9348782178987298,2025-09-06,0.932597,0.922325,0.9069505107590694,0.9376994892409305,2025-09-09,0.941563,0.922325,0.9045720689961914,0.9400779310038085,2025-09-10,0.951887,0.922325,0.9024766197378102,0.9421733802621897,0.924652,0.922325,0.0,0.0
KGS_RUB,2025-09-04,0.924652,test,SET_A,"(0, 1, 0)",2025-09-05,0.929648,0.924652,0.9157755344980958,0.9335284655019043,2025-09-06,0.932597,0.924652,0.9120987821012702,0.9372052178987299,2025-09-09,0.941563,0.924652,0.9092775107590695,0.9400264892409306,2025-09-10,0.951887,0.924652,0.9068990689961914,0.9424049310038086,2025-09-11,0.971082,0.924652,0.9048036197378103,0.9445003802621897,0.929648,0.924652,0.0,0.0
KGS_RUB,2025-09-05,0.929648,test,SET_A,"(0, 1, 0)",2025-09-06,0.932597,0.929648,0.9207715344980958,0.9385244655019043,2025-09-09,0.941563,0.929648,0.9170947821012702,0.9422012178987299,2025-09-10,0.951887,0.929648,0.9142735107590695,0.9450224892409306,2025-09-11,0.971082,0.929648,0.9118950689961914,0.9474009310038086,2025-09-12,0.979585,0.929648,0.9097996197378103,0.9494963802621897,0.932597,0.929648,0.0,0.0
KGS_RUB,2025-09-06,0.932597,test,SET_A,"(0, 1, 0)",2025-09-09,0.941563,0.9325970000000001,0.9237205344980959,0.9414734655019044,2025-09-10,0.951887,0.9325970000000001,0.9200437821012702,0.94515021789873,2025-09-11,0.971082,0.9325970000000001,0.9172225107590696,0.9479714892409307,2025-09-12,0.979585,0.9325970000000001,0.9148440689961915,0.9503499310038087,2025-09-13,0.964892,0.9325970000000001,0.9127486197378104,0.9524453802621898,0.941563,0.9325970000000001,0.0,0.0
KGS_RUB,2025-09-09,0.941563,test,SET_A,"(0, 1, 0)",2025-09-10,0.951887,0.941563,0.9326865344980958,0.9504394655019043,2025-09-11,0.971082,0.941563,0.9290097821012702,0.9541162178987299,2025-09-12,0.979585,0.941563,0.9261885107590695,0.9569374892409306,2025-09-13,0.964892,0.941563,0.9238100689961914,0.9593159310038086,2025-09-16,0.949935,0.941563,0.9217146197378103,0.9614113802621898,0.949935,0.941563,0.0,0.0
KGS_RUB,2025-09-10,0.951887,test,SET_A,"(0, 1, 0)",2025-09-11,0.971082,0.951887,0.9430105344980958,0.9607634655019043,2025-09-12,0.979585,0.951887,0.9393337821012702,0.9644402178987299,2025-09-13,0.964892,0.951887,0.9365125107590695,0.9672614892409306,2025-09-16,0.949935,0.951887,0.9341340689961914,0.9696399310038086,2025-09-17,0.947252,0.951887,0.9320386197378103,0.9717353802621898,0.947252,0.951887,0.004869275449712052,0.0
KGS_RUB,2025-09-11,0.971082,test,SET_A,"(0, 1, 0)",2025-09-12,0.979585,0.971082,0.9622055344980958,0.9799584655019042,2025-09-13,0.964892,0.971082,0.9585287821012701,0.9836352178987299,2025-09-16,0.949935,0.971082,0.9557075107590695,0.9864564892409305,2025-09-17,0.947252,0.971082,0.9533290689961914,0.9888349310038086,2025-09-18,0.949099,0.971082,0.9512336197378103,0.9909303802621897,0.947252,0.971082,0.0245396372293998,0.0
KGS_RUB,2025-09-12,0.979585,test,SET_A,"(0, 1, 0)",2025-09-13,0.964892,0.9795850000000002,0.9707085344980959,0.9884614655019044,2025-09-16,0.949935,0.9795850000000002,0.9670317821012703,0.99213821789873,2025-09-17,0.947252,0.9795850000000002,0.9642105107590696,0.9949594892409307,2025-09-18,0.949099,0.9795850000000002,0.9618320689961916,0.9973379310038087,2025-09-19,0.951086,0.9795850000000002,0.9597366197378104,0.9994333802621899,0.947252,0.9795850000000002,0.03300683452686602,0.0
KGS_RUB,2025-09-13,0.964892,test,SET_A,"(0, 1, 0)",2025-09-16,0.949935,0.964892,0.9560155344980957,0.9737684655019042,2025-09-17,0.947252,0.964892,0.9523387821012701,0.9774452178987298,2025-09-18,0.949099,0.964892,0.9495175107590694,0.9802664892409305,2025-09-19,0.951086,0.964892,0.9471390689961914,0.9826449310038086,2025-09-20,0.955865,0.964892,0.9450436197378103,0.9847403802621897,0.947252,0.964892,0.01828183879646633,0.0
KGS_RUB,2025-09-16,0.949935,test,SET_A,"(0, 1, 0)",2025-09-17,0.947252,0.949935,0.9410585344980957,0.9588114655019042,2025-09-18,0.949099,0.949935,0.9373817821012701,0.9624882178987298,2025-09-19,0.951086,0.949935,0.9345605107590694,0.9653094892409305,2025-09-20,0.955865,0.949935,0.9321820689961914,0.9676879310038086,2025-09-23,0.960762,0.949935,0.9300866197378103,0.9697833802621897,0.947252,0.949935,0.002824403774995122,0.0
KGS_RUB,2025-09-17,0.947252,test,SET_A,"(0, 1, 0)",2025-09-18,0.949099,0.947252,0.9383755344980957,0.9561284655019042,2025-09-19,0.951086,0.947252,0.9346987821012701,0.9598052178987299,2025-09-20,0.955865,0.947252,0.9318775107590694,0.9626264892409305,2025-09-23,0.960762,0.947252,0.9294990689961914,0.9650049310038086,2025-09-24,0.953123,0.947252,0.9274036197378103,0.9671003802621897,0.949099,0.947252,0.0,0.0
KGS_RUB,2025-09-18,0.949099,test,SET_A,"(0, 1, 0)",2025-09-19,0.951086,0.949099,0.9402225344980958,0.9579754655019043,2025-09-20,0.955865,0.949099,0.9365457821012702,0.9616522178987299,2025-09-23,0.960762,0.949099,0.9337245107590695,0.9644734892409306,2025-09-24,0.953123,0.949099,0.9313460689961914,0.9668519310038086,2025-09-25,0.960451,0.949099,0.9292506197378103,0.9689473802621897,0.951086,0.949099,0.0,0.0
KGS_RUB,2025-09-19,0.951086,test,SET_A,"(0, 1, 0)",2025-09-20,0.955865,0.951086,0.9422095344980957,0.9599624655019042,2025-09-23,0.960762,0.951086,0.9385327821012701,0.9636392178987299,2025-09-24,0.953123,0.951086,0.9357115107590694,0.9664604892409305,2025-09-25,0.960451,0.951086,0.9333330689961914,0.9688389310038086,2025-09-26,0.956054,0.951086,0.9312376197378103,0.9709343802621897,0.953123,0.951086,0.0,0.0
KGS_RUB,2025-09-20,0.955865,test,SET_A,"(0, 1, 0)",2025-09-23,0.960762,0.955865,0.9469885344980957,0.9647414655019042,2025-09-24,0.953123,0.955865,0.9433117821012701,0.9684182178987298,2025-09-25,0.960451,0.955865,0.9404905107590694,0.9712394892409305,2025-09-26,0.956054,0.955865,0.9381120689961914,0.9736179310038086,2025-09-27,0.95611,0.955865,0.9360166197378103,0.9757133802621897,0.953123,0.955865,0.0028686059223843445,0.0
KGS_RUB,2025-09-23,0.960762,test,SET_A,"(0, 1, 0)",2025-09-24,0.953123,0.960762,0.9518855344980958,0.9696384655019042,2025-09-25,0.960451,0.960762,0.9482087821012701,0.9733152178987299,2025-09-26,0.956054,0.960762,0.9453875107590695,0.9761364892409305,2025-09-27,0.95611,0.960762,0.9430090689961914,0.9785149310038086,2025-09-30,0.948121,0.960762,0.9409136197378103,0.9806103802621897,0.948121,0.960762,0.013157264754434515,0.0
KGS_RUB,2025-09-24,0.953123,test,SET_A,"(0, 1, 0)",2025-09-25,0.960451,0.953123,0.9442465344980958,0.9619994655019043,2025-09-26,0.956054,0.953123,0.9405697821012702,0.9656762178987299,2025-09-27,0.95611,0.953123,0.9377485107590695,0.9684974892409306,2025-09-30,0.948121,0.953123,0.9353700689961915,0.9708759310038086,2025-10-01,0.945072,0.953123,0.9332746197378103,0.9729713802621898,0.945072,0.953123,0.008446968544458616,0.0
KGS_RUB,2025-09-25,0.960451,test,SET_A,"(0, 1, 0)",2025-09-26,0.956054,0.960451,0.9515745344980958,0.9693274655019043,2025-09-27,0.95611,0.960451,0.9478977821012702,0.9730042178987299,2025-09-30,0.948121,0.960451,0.9450765107590695,0.9758254892409306,2025-10-01,0.945072,0.960451,0.9426980689961915,0.9782039310038086,2025-10-02,0.931923,0.960451,0.9406026197378103,0.9802993802621898,0.931923,0.960451,0.029702712579819383,0.0
KGS_RUB,2025-09-26,0.956054,test,SET_A,"(0, 1, 0)",2025-09-27,0.95611,0.956054,0.9471775344980957,0.9649304655019042,2025-09-30,0.948121,0.956054,0.9435007821012701,0.9686072178987298,2025-10-01,0.945072,0.956054,0.9406795107590694,0.9714284892409305,2025-10-02,0.931923,0.956054,0.9383010689961914,0.9738069310038086,2025-10-03,0.926341,0.956054,0.9362056197378102,0.9759023802621897,0.926341,0.956054,0.031078788436636414,0.0
KGS_RUB,2025-09-27,0.95611,test,SET_A,"(0, 1, 0)",2025-09-30,0.948121,0.95611,0.9472335344980958,0.9649864655019043,2025-10-01,0.945072,0.95611,0.9435567821012701,0.9686632178987299,2025-10-02,0.931923,0.95611,0.9407355107590695,0.9714844892409306,2025-10-03,0.926341,0.95611,0.9383570689961914,0.9738629310038086,2025-10-04,0.936611,0.95611,0.9362616197378103,0.9759583802621897,0.926341,0.95611,0.031135538797837117,0.0
KGS_RUB,2025-09-30,0.948121,test,SET_A,"(0, 1, 0)",2025-10-01,0.945072,0.948121,0.9392445344980958,0.9569974655019042,2025-10-02,0.931923,0.948121,0.9355677821012701,0.9606742178987299,2025-10-03,0.926341,0.948121,0.9327465107590694,0.9634954892409305,2025-10-04,0.936611,0.948121,0.9303680689961914,0.9658739310038086,2025-10-07,0.949114,0.948121,0.9282726197378103,0.9679693802621897,0.926341,0.948121,0.0229717514958534,0.0
KGS_RUB,2025-10-01,0.945072,test,SET_A,"(0, 1, 0)",2025-10-02,0.931923,0.945072,0.9361955344980958,0.9539484655019043,2025-10-03,0.926341,0.945072,0.9325187821012701,0.9576252178987299,2025-10-04,0.936611,0.945072,0.9296975107590695,0.9604464892409306,2025-10-07,0.949114,0.945072,0.9273190689961914,0.9628249310038086,2025-10-08,0.936934,0.945072,0.9252236197378103,0.9649203802621897,0.926341,0.945072,0.019819653952291523,0.0
KGS_RUB,2025-10-02,0.931923,test,SET_A,"(0, 1, 0)",2025-10-03,0.926341,0.931923,0.9230465344980957,0.9407994655019042,2025-10-04,0.936611,0.931923,0.9193697821012701,0.9444762178987298,2025-10-07,0.949114,0.931923,0.9165485107590694,0.9472974892409305,2025-10-08,0.936934,0.931923,0.9141700689961914,0.9496759310038085,2025-10-09,0.932508,0.931923,0.9120746197378102,0.9517713802621897,0.926341,0.931923,0.0059897652488456405,0.0
KGS_RUB,2025-10-03,0.926341,test,SET_A,"(0, 1, 0)",2025-10-04,0.936611,0.926341,0.9174645344980957,0.9352174655019042,2025-10-07,0.949114,0.926341,0.9137877821012701,0.9388942178987298,2025-10-08,0.936934,0.926341,0.9109665107590694,0.9417154892409305,2025-10-09,0.932508,0.926341,0.9085880689961914,0.9440939310038086,2025-10-10,0.930966,0.926341,0.9064926197378103,0.9461893802621897,0.930966,0.926341,0.0,0.0
KGS_RUB,2025-10-04,0.936611,test,SET_A,"(0, 1, 0)",2025-10-07,0.949114,0.936611,0.9277345344980957,0.9454874655019042,2025-10-08,0.936934,0.936611,0.9240577821012701,0.9491642178987298,2025-10-09,0.932508,0.936611,0.9212365107590694,0.9519854892409305,2025-10-10,0.930966,0.936611,0.9188580689961914,0.9543639310038086,2025-10-11,0.928414,0.936611,0.9167626197378103,0.9564593802621897,0.928414,0.936611,0.008751765674330123,0.0
KGS_RUB,2025-10-07,0.949114,test,SET_A,"(0, 1, 0)",2025-10-08,0.936934,0.949114,0.9402375344980958,0.9579904655019043,2025-10-09,0.932508,0.949114,0.9365607821012701,0.9616672178987299,2025-10-10,0.930966,0.949114,0.9337395107590695,0.9644884892409306,2025-10-11,0.928414,0.949114,0.9313610689961914,0.9668669310038086,2025-10-14,0.924583,0.949114,0.9292656197378103,0.9689623802621897,0.924583,0.949114,0.025846210255037822,0.0
KGS_RUB,2025-10-08,0.936934,test,SET_A,"(0, 1, 0)",2025-10-09,0.932508,0.936934,0.9280575344980958,0.9458104655019043,2025-10-10,0.930966,0.936934,0.9243807821012702,0.9494872178987299,2025-10-11,0.928414,0.936934,0.9215595107590695,0.9523084892409306,2025-10-14,0.924583,0.936934,0.9191810689961915,0.9546869310038086,2025-10-15,0.914338,0.936934,0.9170856197378103,0.9567823802621898,0.914338,0.936934,0.024116960212779193,0.0
KGS_RUB,2025-10-09,0.932508,test,SET_A,"(0, 1, 0)",2025-10-10,0.930966,0.932508,0.9236315344980958,0.9413844655019042,2025-10-11,0.928414,0.932508,0.9199547821012701,0.9450612178987299,2025-10-14,0.924583,0.932508,0.9171335107590695,0.9478824892409305,2025-10-15,0.914338,0.932508,0.9147550689961914,0.9502609310038086,2025-10-16,0.901532,0.932508,0.9126596197378103,0.9523563802621897,0.901532,0.932508,0.03321794558330867,0.0
KGS_RUB,2025-10-10,0.930966,test,SET_A,"(0, 1, 0)",2025-10-11,0.928414,0.930966,0.9220895344980957,0.9398424655019042,2025-10-14,0.924583,0.930966,0.9184127821012701,0.9435192178987298,2025-10-15,0.914338,0.930966,0.9155915107590694,0.9463404892409305,2025-10-16,0.901532,0.930966,0.9132130689961914,0.9487189310038086,2025-10-17,0.904333,0.930966,0.9111176197378102,0.9508143802621897,0.901532,0.930966,0.031616621874483025,0.0
KGS_RUB,2025-10-11,0.928414,test,SET_A,"(0, 1, 0)",2025-10-14,0.924583,0.928414,0.9195375344980957,0.9372904655019042,2025-10-15,0.914338,0.928414,0.9158607821012701,0.9409672178987298,2025-10-16,0.901532,0.928414,0.9130395107590694,0.9437884892409305,2025-10-17,0.904333,0.928414,0.9106610689961914,0.9461669310038086,2025-10-18,0.926054,0.928414,0.9085656197378102,0.9482623802621897,0.901532,0.928414,0.028954755098479733,0.0
KGS_RUB,2025-10-14,0.924583,test,SET_A,"(0, 1, 0)",2025-10-15,0.914338,0.924583,0.9157065344980958,0.9334594655019043,2025-10-16,0.901532,0.924583,0.9120297821012702,0.9371362178987299,2025-10-17,0.904333,0.924583,0.9092085107590695,0.9399574892409306,2025-10-18,0.926054,0.924583,0.9068300689961915,0.9423359310038086,2025-10-21,0.93034,0.924583,0.9047346197378103,0.9444313802621898,0.901532,0.924583,0.02493123927219086,0.0
KGS_RUB,2025-10-15,0.914338,test,SET_A,"(0, 1, 0)",2025-10-16,0.901532,0.914338,0.9054615344980957,0.9232144655019042,2025-10-17,0.904333,0.914338,0.9017847821012701,0.9268912178987299,2025-10-18,0.926054,0.914338,0.8989635107590694,0.9297124892409305,2025-10-21,0.93034,0.914338,0.8965850689961914,0.9320909310038086,2025-10-22,0.930217,0.914338,0.8944896197378103,0.9341863802621897,0.901532,0.914338,0.0140057615455116,0.0
KGS_RUB,2025-10-16,0.901532,test,SET_A,"(0, 1, 0)",2025-10-17,0.904333,0.901532,0.8926555344980958,0.9104084655019042,2025-10-18,0.926054,0.901532,0.8889787821012701,0.9140852178987299,2025-10-21,0.93034,0.901532,0.8861575107590695,0.9169064892409305,2025-10-22,0.930217,0.901532,0.8837790689961914,0.9192849310038086,2025-10-23,0.933732,0.901532,0.8816836197378103,0.9213803802621897,0.904333,0.901532,0.0,0.0
KGS_RUB,2025-10-17,0.904333,test,SET_A,"(0, 1, 0)",2025-10-18,0.926054,0.904333,0.8954565344980958,0.9132094655019043,2025-10-21,0.93034,0.904333,0.8917797821012702,0.9168862178987299,2025-10-22,0.930217,0.904333,0.8889585107590695,0.9197074892409306,2025-10-23,0.933732,0.904333,0.8865800689961915,0.9220859310038086,2025-10-24,0.92932,0.904333,0.8844846197378103,0.9241813802621898,0.926054,0.904333,0.0,0.0
KGS_RUB,2025-10-18,0.926054,test,SET_A,"(0, 1, 0)",2025-10-21,0.93034,0.926054,0.9171775344980958,0.9349304655019043,2025-10-22,0.930217,0.926054,0.9135007821012702,0.9386072178987299,2025-10-23,0.933732,0.926054,0.9106795107590695,0.9414284892409306,2025-10-24,0.92932,0.926054,0.9083010689961915,0.9438069310038086,2025-10-25,0.925915,0.926054,0.9062056197378103,0.9459023802621898,0.925915,0.926054,0.00015009923827336228,0.0
KGS_RUB,2025-10-21,0.93034,test,SET_A,"(0, 1, 0)",2025-10-22,0.930217,0.93034,0.9214635344980957,0.9392164655019042,2025-10-23,0.933732,0.93034,0.9177867821012701,0.9428932178987298,2025-10-24,0.92932,0.93034,0.9149655107590694,0.9457144892409305,2025-10-25,0.925915,0.93034,0.9125870689961914,0.9480929310038085,2025-10-28,0.9032,0.93034,0.9104916197378102,0.9501883802621897,0.9032,0.93034,0.029172130618913456,0.0
KGS_RUB,2025-10-22,0.930217,test,SET_A,"(0, 1, 0)",2025-10-23,0.933732,0.930217,0.9213405344980957,0.9390934655019042,2025-10-24,0.92932,0.930217,0.9176637821012701,0.9427702178987298,2025-10-25,0.925915,0.930217,0.9148425107590694,0.9455914892409305,2025-10-28,0.9032,0.930217,0.9124640689961914,0.9479699310038086,2025-10-29,0.91272,0.930217,0.9103686197378102,0.9500653802621897,0.9032,0.930217,0.029043760756898615,0.0
KGS_RUB,2025-10-23,0.933732,test,SET_A,"(0, 1, 0)",2025-10-24,0.92932,0.933732,0.9248555344980958,0.9426084655019042,2025-10-25,0.925915,0.933732,0.9211787821012701,0.9462852178987299,2025-10-28,0.9032,0.933732,0.9183575107590695,0.9491064892409306,2025-10-29,0.91272,0.933732,0.9159790689961914,0.9514849310038086,2025-10-30,0.908765,0.933732,0.9138836197378103,0.9535803802621897,0.9032,0.933732,0.03269889004553769,0.0
KGS_RUB,2025-10-24,0.92932,test,SET_A,"(0, 1, 0)",2025-10-25,0.925915,0.92932,0.9204435344980958,0.9381964655019043,2025-10-28,0.9032,0.92932,0.9167667821012702,0.9418732178987299,2025-10-29,0.91272,0.92932,0.9139455107590695,0.9446944892409306,2025-10-30,0.908765,0.92932,0.9115670689961914,0.9470729310038086,2025-10-31,0.920568,0.92932,0.9094716197378103,0.9491683802621897,0.9032,0.92932,0.0281065725476693,0.0
KGS_RUB,2025-10-25,0.925915,test,SET_A,"(0, 1, 0)",2025-10-28,0.9032,0.925915,0.9170385344980958,0.9347914655019043,2025-10-29,0.91272,0.925915,0.9133617821012702,0.9384682178987299,2025-10-30,0.908765,0.925915,0.9105405107590695,0.9412894892409306,2025-10-31,0.920568,0.925915,0.9081620689961915,0.9436679310038086,2025-11-01,0.925965,0.925915,0.9060666197378103,0.9457633802621898,0.9032,0.925915,0.024532489483375948,0.0
KGS_RUB,2025-10-28,0.9032,test,SET_A,"(0, 1, 0)",2025-10-29,0.91272,0.9032,0.8943235344980958,0.9120764655019042,2025-10-30,0.908765,0.9032,0.8906467821012701,0.9157532178987299,2025-10-31,0.920568,0.9032,0.8878255107590695,0.9185744892409305,2025-11-01,0.925965,0.9032,0.8854470689961914,0.9209529310038086,2025-11-02,0.924941,0.9032,0.8833516197378103,0.9230483802621897,0.908765,0.9032,0.0,0.0
KGS_RUB,2025-10-29,0.91272,test,SET_A,"(0, 1, 0)",2025-10-30,0.908765,0.91272,0.9038435344980957,0.9215964655019042,2025-10-31,0.920568,0.91272,0.9001667821012701,0.9252732178987298,2025-11-01,0.925965,0.91272,0.8973455107590694,0.9280944892409305,2025-11-02,0.924941,0.91272,0.8949670689961914,0.9304729310038086,2025-11-06,0.928399,0.91272,0.8928716197378103,0.9325683802621897,0.908765,0.91272,0.004333201858182061,0.0
KGS_RUB,2025-10-30,0.908765,test,SET_A,"(0, 1, 0)",2025-10-31,0.920568,0.908765,0.8998885344980958,0.9176414655019043,2025-11-01,0.925965,0.908765,0.8962117821012702,0.9213182178987299,2025-11-02,0.924941,0.908765,0.8933905107590695,0.9241394892409306,2025-11-06,0.928399,0.908765,0.8910120689961915,0.9265179310038086,2025-11-07,0.930549,0.908765,0.8889166197378103,0.9286133802621898,0.920568,0.908765,0.0,0.0
KGS_RUB,2025-10-31,0.920568,test,SET_A,"(0, 1, 0)",2025-11-01,0.925965,0.920568,0.9116915344980958,0.9294444655019043,2025-11-02,0.924941,0.920568,0.9080147821012702,0.9331212178987299,2025-11-06,0.928399,0.920568,0.9051935107590695,0.9359424892409306,2025-11-07,0.930549,0.920568,0.9028150689961915,0.9383209310038086,2025-11-08,0.928824,0.920568,0.9007196197378103,0.9404163802621898,0.924941,0.920568,0.0,0.0
KGS_RUB,2025-11-01,0.925965,test,SET_A,"(0, 1, 0)",2025-11-02,0.924941,0.925965,0.9170885344980958,0.9348414655019043,2025-11-06,0.928399,0.925965,0.9134117821012702,0.9385182178987299,2025-11-07,0.930549,0.925965,0.9105905107590695,0.9413394892409306,2025-11-08,0.928824,0.925965,0.9082120689961914,0.9437179310038086,2025-11-11,0.926395,0.925965,0.9061166197378103,0.9458133802621898,0.924941,0.925965,0.0011058733321454104,0.0
KGS_RUB,2025-11-02,0.924941,test,SET_A,"(0, 1, 0)",2025-11-06,0.928399,0.924941,0.9160645344980958,0.9338174655019043,2025-11-07,0.930549,0.924941,0.9123877821012701,0.9374942178987299,2025-11-08,0.928824,0.924941,0.9095665107590695,0.9403154892409306,2025-11-11,0.926395,0.924941,0.9071880689961914,0.9426939310038086,2025-11-12,0.930317,0.924941,0.9050926197378103,0.9447893802621897,0.926395,0.924941,0.0,0.0
KGS_RUB,2025-11-06,0.928399,test,SET_A,"(0, 1, 0)",2025-11-07,0.930549,0.928399,0.9195225344980957,0.9372754655019042,2025-11-08,0.928824,0.928399,0.9158457821012701,0.9409522178987298,2025-11-11,0.926395,0.928399,0.9130245107590694,0.9437734892409305,2025-11-12,0.930317,0.928399,0.9106460689961914,0.9461519310038086,2025-11-13,0.929505,0.928399,0.9085506197378103,0.9482473802621897,0.926395,0.928399,0.00215855467315239,0.0
KGS_RUB,2025-11-07,0.930549,test,SET_A,"(0, 1, 0)",2025-11-08,0.928824,0.930549,0.9216725344980957,0.9394254655019042,2025-11-11,0.926395,0.930549,0.9179957821012701,0.9431022178987298,2025-11-12,0.930317,0.930549,0.9151745107590694,0.9459234892409305,2025-11-13,0.929505,0.930549,0.9127960689961914,0.9483019310038086,2025-11-14,0.921681,0.930549,0.9107006197378102,0.9503973802621897,0.921681,0.930549,0.009529858180493437,0.0
KGS_RUB,2025-11-08,0.928824,test,SET_A,"(0, 1, 0)",2025-11-11,0.926395,0.928824,0.9199475344980957,0.9377004655019042,2025-11-12,0.930317,0.928824,0.9162707821012701,0.9413772178987299,2025-11-13,0.929505,0.928824,0.9134495107590694,0.9441984892409305,2025-11-14,0.921681,0.928824,0.9110710689961914,0.9465769310038086,2025-11-15,0.927703,0.928824,0.9089756197378103,0.9486723802621897,0.921681,0.928824,0.007690369757887405,0.0
KGS_RUB,2025-11-11,0.926395,test,SET_A,"(0, 1, 0)",2025-11-12,0.930317,0.926395,0.9175185344980957,0.9352714655019042,2025-11-13,0.929505,0.926395,0.9138417821012701,0.9389482178987298,2025-11-14,0.921681,0.926395,0.9110205107590694,0.9417694892409305,2025-11-15,0.927703,0.926395,0.9086420689961914,0.9441479310038086,2025-11-18,0.927732,0.926395,0.9065466197378103,0.9462433802621897,0.921681,0.926395,0.005088542144549567,0.0
KGS_RUB,2025-11-12,0.930317,test,SET_A,"(0, 1, 0)",2025-11-13,0.929505,0.930317,0.9214405344980957,0.9391934655019042,2025-11-14,0.921681,0.930317,0.9177637821012701,0.9428702178987298,2025-11-15,0.927703,0.930317,0.9149425107590694,0.9456914892409305,2025-11-18,0.927732,0.930317,0.9125640689961914,0.9480699310038085,2025-11-19,0.926882,0.930317,0.9104686197378102,0.9501653802621897,0.921681,0.930317,0.009282857348624154,0.0
KGS_RUB,2025-11-13,0.929505,test,SET_A,"(0, 1, 0)",2025-11-14,0.921681,0.929505,0.9206285344980958,0.9383814655019043,2025-11-15,0.927703,0.929505,0.9169517821012702,0.9420582178987299,2025-11-18,0.927732,0.929505,0.9141305107590695,0.9448794892409306,2025-11-19,0.926882,0.929505,0.9117520689961914,0.9472579310038086,2025-11-20,0.925612,0.929505,0.9096566197378103,0.9493533802621897,0.921681,0.929505,0.008417383446027781,0.0
KGS_RUB,2025-11-14,0.921681,test,SET_A,"(0, 1, 0)",2025-11-15,0.927703,0.921681,0.9128045344980957,0.9305574655019042,2025-11-18,0.927732,0.921681,0.9091277821012701,0.9342342178987298,2025-11-19,0.926882,0.921681,0.9063065107590694,0.9370554892409305,2025-11-20,0.925612,0.921681,0.9039280689961914,0.9394339310038086,2025-11-21,0.92318,0.921681,0.9018326197378103,0.9415293802621897,0.92318,0.921681,0.0,0.0
KGS_RUB,2025-11-15,0.927703,test,SET_A,"(0, 1, 0)",2025-11-18,0.927732,0.927703,0.9188265344980958,0.9365794655019043,2025-11-19,0.926882,0.927703,0.9151497821012702,0.9402562178987299,2025-11-20,0.925612,0.927703,0.9123285107590695,0.9430774892409306,2025-11-21,0.92318,0.927703,0.9099500689961915,0.9454559310038086,2025-11-22,0.903655,0.927703,0.9078546197378103,0.9475513802621898,0.903655,0.927703,0.025922089289352378,0.0
KGS_RUB,2025-11-18,0.927732,test,SET_A,"(0, 1, 0)",2025-11-19,0.926882,0.927732,0.9188555344980958,0.9366084655019042,2025-11-20,0.925612,0.927732,0.9151787821012701,0.9402852178987299,2025-11-21,0.92318,0.927732,0.9123575107590695,0.9431064892409305,2025-11-22,0.903655,0.927732,0.9099790689961914,0.9454849310038086,2025-11-25,0.902461,0.927732,0.9078836197378103,0.9475803802621897,0.902461,0.927732,0.027239547627978818,0.0
KGS_RUB,2025-11-19,0.926882,test,SET_A,"(0, 1, 0)",2025-11-20,0.925612,0.926882,0.9180055344980957,0.9357584655019042,2025-11-21,0.92318,0.926882,0.9143287821012701,0.9394352178987299,2025-11-22,0.903655,0.926882,0.9115075107590694,0.9422564892409305,2025-11-25,0.902461,0.926882,0.9091290689961914,0.9446349310038086,2025-11-26,0.902933,0.926882,0.9070336197378103,0.9467303802621897,0.902461,0.926882,0.0263474746515738,0.0
KGS_RUB,2025-11-20,0.925612,test,SET_A,"(0, 1, 0)",2025-11-21,0.92318,0.925612,0.9167355344980957,0.9344884655019042,2025-11-22,0.903655,0.925612,0.9130587821012701,0.9381652178987299,2025-11-25,0.902461,0.925612,0.9102375107590694,0.9409864892409305,2025-11-26,0.902933,0.925612,0.9078590689961914,0.9433649310038086,2025-11-27,0.898732,0.925612,0.9057636197378103,0.9454603802621897,0.898732,0.925612,0.029040245804937723,0.0
KGS_RUB,2025-11-21,0.92318,test,SET_A,"(0, 1, 0)",2025-11-22,0.903655,0.92318,0.9143035344980958,0.9320564655019042,2025-11-25,0.902461,0.92318,0.9106267821012701,0.9357332178987299,2025-11-26,0.902933,0.92318,0.9078055107590695,0.9385544892409305,2025-11-27,0.898732,0.92318,0.9054270689961914,0.9409329310038086,2025-11-28,0.8948,0.92318,0.9033316197378103,0.9430283802621897,0.8948,0.92318,0.030741567191663554,0.0
KGS_RUB,2025-11-22,0.903655,test,SET_A,"(0, 1, 0)",2025-11-25,0.902461,0.903655,0.8947785344980957,0.9125314655019042,2025-11-26,0.902933,0.903655,0.8911017821012701,0.9162082178987299,2025-11-27,0.898732,0.903655,0.8882805107590694,0.9190294892409305,2025-11-28,0.8948,0.903655,0.8859020689961914,0.9214079310038086,2025-11-29,0.89455,0.903655,0.8838066197378103,0.9235033802621897,0.89455,0.903655,0.010075747934776027,0.0
KGS_RUB,2025-11-25,0.902461,test,SET_A,"(0, 1, 0)",2025-11-26,0.902933,0.902461,0.8935845344980957,0.9113374655019042,2025-11-27,0.898732,0.902461,0.8899077821012701,0.9150142178987298,2025-11-28,0.8948,0.902461,0.8870865107590694,0.9178354892409305,2025-11-29,0.89455,0.902461,0.8847080689961914,0.9202139310038085,2025-12-02,0.888539,0.902461,0.8826126197378102,0.9223093802621897,0.888539,0.902461,0.015426705419957195,0.0
KGS_RUB,2025-11-26,0.902933,test,SET_A,"(0, 1, 0)",2025-11-27,0.898732,0.902933,0.8940565344980957,0.9118094655019042,2025-11-28,0.8948,0.902933,0.8903797821012701,0.9154862178987299,2025-11-29,0.89455,0.902933,0.8875585107590694,0.9183074892409305,2025-12-02,0.888539,0.902933,0.8851800689961914,0.9206859310038086,2025-12-03,0.885799,0.902933,0.8830846197378103,0.9227813802621897,0.885799,0.902933,0.018975937306533245,0.0
KGS_RUB,2025-11-27,0.898732,test,SET_A,"(0, 1, 0)",2025-11-28,0.8948,0.898732,0.8898555344980957,0.9076084655019042,2025-11-29,0.89455,0.898732,0.8861787821012701,0.9112852178987298,2025-12-02,0.888539,0.898732,0.8833575107590694,0.9141064892409305,2025-12-03,0.885799,0.898732,0.8809790689961914,0.9164849310038086,2025-12-04,0.891431,0.898732,0.8788836197378103,0.9185803802621897,0.885799,0.898732,0.014390274297565873,0.0
KGS_RUB,2025-11-28,0.8948,test,SET_A,"(0, 1, 0)",2025-11-29,0.89455,0.8948,0.8859235344980958,0.9036764655019043,2025-12-02,0.888539,0.8948,0.8822467821012702,0.9073532178987299,2025-12-03,0.885799,0.8948,0.8794255107590695,0.9101744892409306,2025-12-04,0.891431,0.8948,0.8770470689961914,0.9125529310038086,2025-12-05,0.880169,0.8948,0.8749516197378103,0.9146483802621898,0.880169,0.8948,0.016351139919535157,0.0
KGS_RUB,2025-11-29,0.89455,test,SET_A,"(0, 1, 0)",2025-12-02,0.888539,0.89455,0.8856735344980957,0.9034264655019042,2025-12-03,0.885799,0.89455,0.8819967821012701,0.9071032178987298,2025-12-04,0.891431,0.89455,0.8791755107590694,0.9099244892409305,2025-12-05,0.880169,0.89455,0.8767970689961914,0.9123029310038085,2025-12-06,0.87014,0.89455,0.8747016197378102,0.9143983802621897,0.87014,0.89455,0.02728746297020841,0.0
KGS_RUB,2025-12-02,0.888539,test,SET_A,"(0, 1, 0)",2025-12-03,0.885799,0.888539,0.8796625344980957,0.8974154655019042,2025-12-04,0.891431,0.888539,0.8759857821012701,0.9010922178987298,2025-12-05,0.880169,0.888539,0.8731645107590694,0.9039134892409305,2025-12-06,0.87014,0.888539,0.8707860689961914,0.9062919310038086,2025-12-09,0.883628,0.888539,0.8686906197378103,0.9083873802621897,0.87014,0.888539,0.020707025803031655,0.0
KGS_RUB,2025-12-03,0.885799,test,SET_A,"(0, 1, 0)",2025-12-04,0.891431,0.885799,0.8769225344980958,0.8946754655019042,2025-12-05,0.880169,0.885799,0.8732457821012701,0.8983522178987299,2025-12-06,0.87014,0.885799,0.8704245107590695,0.9011734892409305,2025-12-09,0.883628,0.885799,0.8680460689961914,0.9035519310038086,2025-12-10,0.878312,0.885799,0.8659506197378103,0.9056473802621897,0.87014,0.885799,0.01767782533057723,0.0
KGS_RUB,2025-12-04,0.891431,test,SET_A,"(0, 1, 0)",2025-12-05,0.880169,0.891431,0.8825545344980957,0.9003074655019042,2025-12-06,0.87014,0.891431,0.8788777821012701,0.9039842178987298,2025-12-09,0.883628,0.891431,0.8760565107590694,0.9068054892409305,2025-12-10,0.878312,0.891431,0.8736780689961914,0.9091839310038086,2025-12-11,0.890792,0.891431,0.8715826197378103,0.9112793802621897,0.87014,0.891431,0.023884069546605345,0.0
KGS_RUB,2025-12-05,0.880169,test,SET_A,"(0, 1, 0)",2025-12-06,0.87014,0.880169,0.8712925344980957,0.8890454655019042,2025-12-09,0.883628,0.880169,0.8676157821012701,0.8927222178987299,2025-12-10,0.878312,0.880169,0.8647945107590694,0.8955434892409305,2025-12-11,0.890792,0.880169,0.8624160689961914,0.8979219310038086,2025-12-12,0.907259,0.880169,0.8603206197378103,0.9000173802621897,0.87014,0.880169,0.01139440266585162,0.0
KGS_RUB,2025-12-06,0.87014,test,SET_A,"(0, 1, 0)",2025-12-09,0.883628,0.87014,0.8612635344980958,0.8790164655019043,2025-12-10,0.878312,0.87014,0.8575867821012702,0.8826932178987299,2025-12-11,0.890792,0.87014,0.8547655107590695,0.8855144892409306,2025-12-12,0.907259,0.87014,0.8523870689961914,0.8878929310038086,2025-12-13,0.911716,0.87014,0.8502916197378103,0.8899883802621897,0.878312,0.87014,0.0,0.0
KGS_RUB,2025-12-09,0.883628,test,SET_A,"(0, 1, 0)",2025-12-10,0.878312,0.883628,0.8747515344980957,0.8925044655019042,2025-12-11,0.890792,0.883628,0.8710747821012701,0.8961812178987298,2025-12-12,0.907259,0.883628,0.8682535107590694,0.8990024892409305,2025-12-13,0.911716,0.883628,0.8658750689961914,0.9013809310038086,2025-12-16,0.908513,0.883628,0.8637796197378103,0.9034763802621897,0.878312,0.883628,0.006016106325286192,0.0
KGS_RUB,2025-12-10,0.878312,test,SET_A,"(0, 1, 0)",2025-12-11,0.890792,0.878312,0.8694355344980957,0.8871884655019042,2025-12-12,0.907259,0.878312,0.8657587821012701,0.8908652178987299,2025-12-13,0.911716,0.878312,0.8629375107590694,0.8936864892409305,2025-12-16,0.908513,0.878312,0.8605590689961914,0.8960649310038086,2025-12-17,0.908293,0.878312,0.8584636197378103,0.8981603802621897,0.890792,0.878312,0.0,0.0
KGS_RUB,2025-12-11,0.890792,test,SET_A,"(0, 1, 0)",2025-12-12,0.907259,0.890792,0.8819155344980958,0.8996684655019043,2025-12-13,0.911716,0.890792,0.8782387821012702,0.9033452178987299,2025-12-16,0.908513,0.890792,0.8754175107590695,0.9061664892409306,2025-12-17,0.908293,0.890792,0.8730390689961914,0.9085449310038086,2025-12-18,0.919162,0.890792,0.8709436197378103,0.9106403802621897,0.907259,0.890792,0.0,0.0
KGS_RUB,2025-12-12,0.907259,test,SET_A,"(0, 1, 0)",2025-12-13,0.911716,0.907259,0.8983825344980958,0.9161354655019043,2025-12-16,0.908513,0.907259,0.8947057821012702,0.9198122178987299,2025-12-17,0.908293,0.907259,0.8918845107590695,0.9226334892409306,2025-12-18,0.919162,0.907259,0.8895060689961914,0.9250119310038086,2025-12-19,0.915153,0.907259,0.8874106197378103,0.9271073802621898,0.908293,0.907259,0.0,0.0
KGS_RUB,2025-12-13,0.911716,test,SET_A,"(0, 1, 0)",2025-12-16,0.908513,0.911716,0.9028395344980957,0.9205924655019042,2025-12-17,0.908293,0.911716,0.8991627821012701,0.9242692178987298,2025-12-18,0.919162,0.911716,0.8963415107590694,0.9270904892409305,2025-12-19,0.915153,0.911716,0.8939630689961914,0.9294689310038086,2025-12-20,0.923065,0.911716,0.8918676197378103,0.9315643802621897,0.908293,0.911716,0.0037544586252736094,0.0
KGS_RUB,2025-12-16,0.908513,test,SET_A,"(0, 1, 0)",2025-12-17,0.908293,0.908513,0.8996365344980958,0.9173894655019043,2025-12-18,0.919162,0.908513,0.8959597821012701,0.9210662178987299,2025-12-19,0.915153,0.908513,0.8931385107590695,0.9238874892409306,2025-12-20,0.923065,0.908513,0.8907600689961914,0.9262659310038086,2025-12-23,0.906971,0.908513,0.8886646197378103,0.9283613802621897,0.906971,0.908513,0.0016972789602350692,0.0
KGS_RUB,2025-12-17,0.908293,test,SET_A,"(0, 1, 0)",2025-12-18,0.919162,0.908293,0.8994165344980958,0.9171694655019043,2025-12-19,0.915153,0.908293,0.8957397821012701,0.9208462178987299,2025-12-20,0.923065,0.908293,0.8929185107590695,0.9236674892409306,2025-12-23,0.906971,0.908293,0.8905400689961914,0.9260459310038086,2025-12-24,0.898628,0.908293,0.8884446197378103,0.9281413802621897,0.898628,0.908293,0.010640839464798291,0.0
KGS_RUB,2025-12-18,0.919162,test,SET_A,"(0, 1, 0)",2025-12-19,0.915153,0.919162,0.9102855344980958,0.9280384655019043,2025-12-20,0.923065,0.919162,0.9066087821012702,0.9317152178987299,2025-12-23,0.906971,0.919162,0.9037875107590695,0.9345364892409306,2025-12-24,0.898628,0.919162,0.9014090689961914,0.9369149310038086,2025-12-25,0.896933,0.919162,0.8993136197378103,0.9390103802621897,0.896933,0.919162,0.02418398497762098,0.0
KGS_RUB,2025-12-19,0.915153,test,SET_A,"(0, 1, 0)",2025-12-20,0.923065,0.915153,0.9062765344980958,0.9240294655019042,2025-12-23,0.906971,0.915153,0.9025997821012701,0.9277062178987299,2025-12-24,0.898628,0.915153,0.8997785107590694,0.9305274892409305,2025-12-25,0.896933,0.915153,0.8974000689961914,0.9329059310038086,2025-12-26,0.890616,0.915153,0.8953046197378103,0.9350013802621897,0.890616,0.915153,0.026811910139616032,0.0
KGS_RUB,2025-12-20,0.923065,test,SET_A,"(0, 1, 0)",2025-12-23,0.906971,0.923065,0.9141885344980958,0.9319414655019043,2025-12-24,0.898628,0.923065,0.9105117821012702,0.9356182178987299,2025-12-25,0.896933,0.923065,0.9076905107590695,0.9384394892409306,2025-12-26,0.890616,0.923065,0.9053120689961914,0.9408179310038086,2025-12-27,0.888674,0.923065,0.9032166197378103,0.9429133802621897,0.888674,0.923065,0.03725739790805638,0.0
KGS_RUB,2025-12-23,0.906971,test,SET_A,"(0, 1, 0)",2025-12-24,0.898628,0.906971,0.8980945344980957,0.9158474655019042,2025-12-25,0.896933,0.906971,0.8944177821012701,0.9195242178987298,2025-12-26,0.890616,0.906971,0.8915965107590694,0.9223454892409305,2025-12-27,0.888674,0.906971,0.8892180689961914,0.9247239310038086,2025-12-30,0.886,0.906971,0.8871226197378103,0.9268193802621897,0.886,0.906971,0.02312201823432057,0.0
KGS_RUB,2025-12-24,0.898628,test,SET_A,"(0, 1, 0)",2025-12-25,0.896933,0.898628,0.8897515344980957,0.9075044655019042,2025-12-26,0.890616,0.898628,0.8860747821012701,0.9111812178987299,2025-12-27,0.888674,0.898628,0.8832535107590694,0.9140024892409305,2025-12-30,0.886,0.898628,0.8808750689961914,0.9163809310038086,2025-12-31,0.894861,0.898628,0.8787796197378103,0.9184763802621897,0.886,0.898628,0.014052533417609927,0.0
KGS_RUB,2025-12-25,0.896933,test,SET_A,"(0, 1, 0)",2025-12-26,0.890616,0.896933,0.8880565344980957,0.9058094655019042,2025-12-27,0.888674,0.896933,0.8843797821012701,0.9094862178987299,2025-12-30,0.886,0.896933,0.8815585107590694,0.9123074892409305,2025-12-31,0.894861,0.896933,0.8791800689961914,0.9146859310038086,2026-01-13,0.900987,0.896933,0.8770846197378103,0.9167813802621897,0.886,0.896933,0.012189316258850964,0.0
KGS_RUB,2025-12-26,0.890616,test,SET_A,"(0, 1, 0)",2025-12-27,0.888674,0.890616,0.8817395344980957,0.8994924655019042,2025-12-30,0.886,0.890616,0.8780627821012701,0.9031692178987298,2025-12-31,0.894861,0.890616,0.8752415107590694,0.9059904892409305,2026-01-13,0.900987,0.890616,0.8728630689961914,0.9083689310038086,2026-01-14,0.901699,0.890616,0.8707676197378103,0.9104643802621897,0.886,0.890616,0.0051829295678496165,0.0
KGS_RUB,2025-12-27,0.888674,test,SET_A,"(0, 1, 0)",2025-12-30,0.886,0.888674,0.8797975344980957,0.8975504655019042,2025-12-31,0.894861,0.888674,0.8761207821012701,0.9012272178987298,2026-01-13,0.900987,0.888674,0.8732995107590694,0.9040484892409305,2026-01-14,0.901699,0.888674,0.8709210689961914,0.9064269310038086,2026-01-15,0.898486,0.888674,0.8688256197378103,0.9085223802621897,0.886,0.888674,0.003008977420291304,0.0
KGS_RUB,2025-12-30,0.886,test,SET_A,"(0, 1, 0)",2025-12-31,0.894861,0.886,0.8771235344980958,0.8948764655019043,2026-01-13,0.900987,0.886,0.8734467821012701,0.8985532178987299,2026-01-14,0.901699,0.886,0.8706255107590695,0.9013744892409306,2026-01-15,0.898486,0.886,0.8682470689961914,0.9037529310038086,2026-01-16,0.897987,0.886,0.8661516197378103,0.9058483802621897,0.894861,0.886,0.0,0.0
KGS_RUB,2025-12-31,0.894861,test,SET_A,"(0, 1, 0)",2026-01-13,0.900987,0.894861,0.8859845344980958,0.9037374655019043,2026-01-14,0.901699,0.894861,0.8823077821012701,0.9074142178987299,2026-01-15,0.898486,0.894861,0.8794865107590695,0.9102354892409306,2026-01-16,0.897987,0.894861,0.8771080689961914,0.9126139310038086,2026-01-17,0.890031,0.894861,0.8750126197378103,0.9147093802621897,0.890031,0.894861,0.005397486313516849,0.0
KGS_RUB,2026-01-13,0.900987,test,SET_A,"(0, 1, 0)",2026-01-14,0.901699,0.900987,0.8921105344980957,0.9098634655019042,2026-01-15,0.898486,0.900987,0.8884337821012701,0.9135402178987299,2026-01-16,0.897987,0.900987,0.8856125107590694,0.9163614892409305,2026-01-17,0.890031,0.900987,0.8832340689961914,0.9187399310038086,2026-01-20,0.889178,0.900987,0.8811386197378103,0.9208353802621897,0.889178,0.900987,0.013106737389107677,0.0
KGS_RUB,2026-01-14,0.901699,test,SET_A,"(0, 1, 0)",2026-01-15,0.898486,0.901699,0.8928225344980958,0.9105754655019043,2026-01-16,0.897987,0.901699,0.8891457821012702,0.9142522178987299,2026-01-17,0.890031,0.901699,0.8863245107590695,0.9170734892409306,2026-01-20,0.889178,0.901699,0.8839460689961914,0.9194519310038086,2026-01-21,0.889934,0.901699,0.8818506197378103,0.9215473802621897,0.889178,0.901699,0.013886008523908758,0.0
KGS_RUB,2026-01-15,0.898486,test,SET_A,"(0, 1, 0)",2026-01-16,0.897987,0.898486,0.8896095344980958,0.9073624655019042,2026-01-17,0.890031,0.898486,0.8859327821012701,0.9110392178987299,2026-01-20,0.889178,0.898486,0.8831115107590695,0.9138604892409306,2026-01-21,0.889934,0.898486,0.8807330689961914,0.9162389310038086,2026-01-22,0.886403,0.898486,0.8786376197378103,0.9183343802621897,0.886403,0.898486,0.013448178380074876,0.0
KGS_RUB,2026-01-16,0.897987,test,SET_A,"(0, 1, 0)",2026-01-17,0.890031,0.897987,0.8891105344980957,0.9068634655019042,2026-01-20,0.889178,0.897987,0.8854337821012701,0.9105402178987299,2026-01-21,0.889934,0.897987,0.8826125107590694,0.9133614892409305,2026-01-22,0.886403,0.897987,0.8802340689961914,0.9157399310038086,2026-01-23,0.869505,0.897987,0.8781386197378103,0.9178353802621897,0.869505,0.897987,0.03171760838408575,0.0
KGS_RUB,2026-01-17,0.890031,test,SET_A,"(0, 1, 0)",2026-01-20,0.889178,0.890031,0.8811545344980958,0.8989074655019043,2026-01-21,0.889934,0.890031,0.8774777821012701,0.9025842178987299,2026-01-22,0.886403,0.890031,0.8746565107590695,0.9054054892409306,2026-01-23,0.869505,0.890031,0.8722780689961914,0.9077839310038086,2026-01-24,0.86821,0.890031,0.8701826197378103,0.9098793802621897,0.86821,0.890031,0.02451712356086471,0.0
KGS_RUB,2026-01-20,0.889178,test,SET_A,"(0, 1, 0)",2026-01-21,0.889934,0.889178,0.8803015344980958,0.8980544655019043,2026-01-22,0.886403,0.889178,0.8766247821012702,0.9017312178987299,2026-01-23,0.869505,0.889178,0.8738035107590695,0.9045524892409306,2026-01-24,0.86821,0.889178,0.8714250689961914,0.9069309310038086,2026-01-27,0.869184,0.889178,0.8693296197378103,0.9090263802621897,0.86821,0.889178,0.023581330172361425,0.0
KGS_RUB,2026-01-21,0.889934,test,SET_A,"(0, 1, 0)",2026-01-22,0.886403,0.889934,0.8810575344980958,0.8988104655019042,2026-01-23,0.869505,0.889934,0.8773807821012701,0.9024872178987299,2026-01-24,0.86821,0.889934,0.8745595107590695,0.9053084892409305,2026-01-27,0.869184,0.889934,0.8721810689961914,0.9076869310038086,2026-01-28,0.875389,0.889934,0.8700856197378103,0.9097823802621897,0.86821,0.889934,0.0244107990030721,0.0
KGS_RUB,2026-01-22,0.886403,test,SET_A,"(0, 1, 0)",2026-01-23,0.869505,0.886403,0.8775265344980958,0.8952794655019043,2026-01-24,0.86821,0.886403,0.8738497821012702,0.8989562178987299,2026-01-27,0.869184,0.886403,0.8710285107590695,0.9017774892409306,2026-01-28,0.875389,0.886403,0.8686500689961915,0.9041559310038086,2026-01-29,0.872112,0.886403,0.8665546197378103,0.9062513802621898,0.86821,0.886403,0.020524524398044697,0.0
KGS_RUB,2026-01-23,0.869505,test,SET_A,"(0, 1, 0)",2026-01-24,0.86821,0.869505,0.8606285344980957,0.8783814655019042,2026-01-27,0.869184,0.869505,0.8569517821012701,0.8820582178987298,2026-01-28,0.875389,0.869505,0.8541305107590694,0.8848794892409305,2026-01-29,0.872112,0.869505,0.8517520689961914,0.8872579310038086,2026-01-30,0.869355,0.869505,0.8496566197378103,0.8893533802621897,0.86821,0.869505,0.0014893531377047115,0.0
KGS_RUB,2026-01-24,0.86821,test,SET_A,"(0, 1, 0)",2026-01-27,0.869184,0.86821,0.8593335344980958,0.8770864655019043,2026-01-28,0.875389,0.86821,0.8556567821012702,0.8807632178987299,2026-01-29,0.872112,0.86821,0.8528355107590695,0.8835844892409306,2026-01-30,0.869355,0.86821,0.8504570689961914,0.8859629310038086,2026-01-31,0.866011,0.86821,0.8483616197378103,0.8880583802621898,0.866011,0.86821,0.0025327973646929454,0.0
KGS_RUB,2026-01-27,0.869184,test,SET_A,"(0, 1, 0)",2026-01-28,0.875389,0.869184,0.8603075344980957,0.8780604655019042,2026-01-29,0.872112,0.869184,0.8566307821012701,0.8817372178987298,2026-01-30,0.869355,0.869184,0.8538095107590694,0.8845584892409305,2026-01-31,0.866011,0.869184,0.8514310689961914,0.8869369310038085,2026-02-03,0.880758,0.869184,0.8493356197378102,0.8890323802621897,0.866011,0.869184,0.003650550401295907,0.0
KGS_RUB,2026-01-28,0.875389,test,SET_A,"(0, 1, 0)",2026-01-29,0.872112,0.875389,0.8665125344980957,0.8842654655019042,2026-01-30,0.869355,0.875389,0.8628357821012701,0.8879422178987298,2026-01-31,0.866011,0.875389,0.8600145107590694,0.8907634892409305,2026-02-03,0.880758,0.875389,0.8576360689961914,0.8931419310038086,2026-02-04,0.880294,0.875389,0.8555406197378103,0.8952373802621897,0.866011,0.875389,0.010712951613511247,0.0
KGS_RUB,2026-01-29,0.872112,test,SET_A,"(0, 1, 0)",2026-01-30,0.869355,0.872112,0.8632355344980958,0.8809884655019042,2026-01-31,0.866011,0.872112,0.8595587821012701,0.8846652178987299,2026-02-03,0.880758,0.872112,0.8567375107590695,0.8874864892409305,2026-02-04,0.880294,0.872112,0.8543590689961914,0.8898649310038086,2026-02-05,0.879476,0.872112,0.8522636197378103,0.8919603802621897,0.866011,0.872112,0.006995661107747655,0.0
KGS_RUB,2026-01-30,0.869355,test,SET_A,"(0, 1, 0)",2026-01-31,0.866011,0.869355,0.8604785344980957,0.8782314655019042,2026-02-03,0.880758,0.869355,0.8568017821012701,0.8819082178987299,2026-02-04,0.880294,0.869355,0.8539805107590694,0.8847294892409305,2026-02-05,0.879476,0.869355,0.8516020689961914,0.8871079310038086,2026-02-06,0.875384,0.869355,0.8495066197378103,0.8892033802621897,0.866011,0.869355,0.003846529898603003,0.0
KGS_RUB,2026-01-31,0.866011,test,SET_A,"(0, 1, 0)",2026-02-03,0.880758,0.866011,0.8571345344980957,0.8748874655019042,2026-02-04,0.880294,0.866011,0.8534577821012701,0.8785642178987298,2026-02-05,0.879476,0.866011,0.8506365107590694,0.8813854892409305,2026-02-06,0.875384,0.866011,0.8482580689961914,0.8837639310038086,2026-02-07,0.881121,0.866011,0.8461626197378103,0.8858593802621897,0.875384,0.866011,0.0,0.0
KGS_RUB,2026-02-03,0.880758,test,SET_A,"(0, 1, 0)",2026-02-04,0.880294,0.880758,0.8718815344980958,0.8896344655019043,2026-02-05,0.879476,0.880758,0.8682047821012702,0.8933112178987299,2026-02-06,0.875384,0.880758,0.8653835107590695,0.8961324892409306,2026-02-07,0.881121,0.880758,0.8630050689961914,0.8985109310038086,2026-02-10,0.887938,0.880758,0.8609096197378103,0.9006063802621898,0.875384,0.880758,0.006101562517740389,0.0
KGS_RUB,2026-02-04,0.880294,test,SET_A,"(0, 1, 0)",2026-02-05,0.879476,0.880294,0.8714175344980958,0.8891704655019043,2026-02-06,0.875384,0.880294,0.8677407821012701,0.8928472178987299,2026-02-07,0.881121,0.880294,0.8649195107590695,0.8956684892409306,2026-02-10,0.887938,0.880294,0.8625410689961914,0.8980469310038086,2026-02-11,0.882894,0.880294,0.8604456197378103,0.9001423802621897,0.875384,0.880294,0.005577682001694854,0.0
KGS_RUB,2026-02-05,0.879476,test,SET_A,"(0, 1, 0)",2026-02-06,0.875384,0.879476,0.8705995344980958,0.8883524655019043,2026-02-07,0.881121,0.879476,0.8669227821012702,0.8920292178987299,2026-02-10,0.887938,0.879476,0.8641015107590695,0.8948504892409306,2026-02-11,0.882894,0.879476,0.8617230689961914,0.8972289310038086,2026-02-12,0.885818,0.879476,0.8596276197378103,0.8993243802621897,0.875384,0.879476,0.004652770513351114,0.0
KGS_RUB,2026-02-06,0.875384,test,SET_A,"(0, 1, 0)",2026-02-07,0.881121,0.875384,0.8665075344980958,0.8842604655019043,2026-02-10,0.887938,0.875384,0.8628307821012702,0.8879372178987299,2026-02-11,0.882894,0.875384,0.8600095107590695,0.8907584892409306,2026-02-12,0.885818,0.875384,0.8576310689961915,0.8931369310038086,2026-02-13,0.882653,0.875384,0.8555356197378103,0.8952323802621898,0.881121,0.875384,0.0,0.0
KGS_RUB,2026-02-07,0.881121,test,SET_A,"(0, 1, 0)",2026-02-10,0.887938,0.881121,0.8722445344980958,0.8899974655019043,2026-02-11,0.882894,0.881121,0.8685677821012702,0.8936742178987299,2026-02-12,0.885818,0.881121,0.8657465107590695,0.8964954892409306,2026-02-13,0.882653,0.881121,0.8633680689961915,0.8988739310038086,2026-02-14,0.882726,0.881121,0.8612726197378103,0.9009693802621898,0.882653,0.881121,0.0,0.0
KGS_RUB,2026-02-10,0.887938,test,SET_A,"(0, 1, 0)",2026-02-11,0.882894,0.887938,0.8790615344980958,0.8968144655019042,2026-02-12,0.885818,0.887938,0.8753847821012701,0.9004912178987299,2026-02-13,0.882653,0.887938,0.8725635107590695,0.9033124892409305,2026-02-14,0.882726,0.887938,0.8701850689961914,0.9056909310038086,2026-02-17,0.876159,0.887938,0.8680896197378103,0.9077863802621897,0.876159,0.887938,0.013265565839056312,0.0
KGS_RUB,2026-02-11,0.882894,test,SET_A,"(0, 1, 0)",2026-02-12,0.885818,0.882894,0.8740175344980957,0.8917704655019042,2026-02-13,0.882653,0.882894,0.8703407821012701,0.8954472178987298,2026-02-14,0.882726,0.882894,0.8675195107590694,0.8982684892409305,2026-02-17,0.876159,0.882894,0.8651410689961914,0.9006469310038085,2026-02-18,0.877517,0.882894,0.8630456197378102,0.9027423802621897,0.876159,0.882894,0.007628322312757744,0.0
KGS_RUB,2026-02-12,0.885818,test,SET_A,"(0, 1, 0)",2026-02-13,0.882653,0.885818,0.8769415344980958,0.8946944655019042,2026-02-14,0.882726,0.885818,0.8732647821012701,0.8983712178987299,2026-02-17,0.876159,0.885818,0.8704435107590694,0.9011924892409305,2026-02-18,0.877517,0.885818,0.8680650689961914,0.9035709310038086,2026-02-19,0.870811,0.885818,0.8659696197378103,0.9056663802621897,0.870811,0.885818,0.01694140331309591,0.0
KGS_RUB,2026-02-13,0.882653,test,SET_A,"(0, 1, 0)",2026-02-14,0.882726,0.882653,0.8737765344980958,0.8915294655019043,2026-02-17,0.876159,0.882653,0.8700997821012701,0.8952062178987299,2026-02-18,0.877517,0.882653,0.8672785107590695,0.8980274892409306,2026-02-19,0.870811,0.882653,0.8649000689961914,0.9004059310038086,2026-02-20,0.876392,0.882653,0.8628046197378103,0.9025013802621897,0.870811,0.882653,0.013416370872811874,0.0
KGS_RUB,2026-02-14,0.882726,test,SET_A,"(0, 1, 0)",2026-02-17,0.876159,0.882726,0.8738495344980958,0.8916024655019043,2026-02-18,0.877517,0.882726,0.8701727821012701,0.8952792178987299,2026-02-19,0.870811,0.882726,0.8673515107590695,0.8981004892409306,2026-02-20,0.876392,0.882726,0.8649730689961914,0.9004789310038086,2026-02-21,0.877666,0.882726,0.8628776197378103,0.9025743802621897,0.870811,0.882726,0.013497959729293131,0.0
KGS_RUB,2026-02-17,0.876159,test,SET_A,"(0, 1, 0)",2026-02-18,0.877517,0.876159,0.8672825344980958,0.8850354655019043,2026-02-19,0.870811,0.876159,0.8636057821012701,0.8887122178987299,2026-02-20,0.876392,0.876159,0.8607845107590695,0.8915334892409306,2026-02-21,0.877666,0.876159,0.8584060689961914,0.8939119310038086,2026-02-25,0.87632,0.876159,0.8563106197378103,0.8960073802621897,0.870811,0.876159,0.006103914928683058,0.0
KGS_RUB,2026-02-18,0.877517,test,SET_A,"(0, 1, 0)",2026-02-19,0.870811,0.877517,0.8686405344980958,0.8863934655019042,2026-02-20,0.876392,0.877517,0.8649637821012701,0.8900702178987299,2026-02-21,0.877666,0.877517,0.8621425107590694,0.8928914892409305,2026-02-25,0.87632,0.877517,0.8597640689961914,0.8952699310038086,2026-02-26,0.874417,0.877517,0.8576686197378103,0.8973653802621897,0.870811,0.877517,0.007642017191689722,0.0
KGS_RUB,2026-02-19,0.870811,test,SET_A,"(0, 1, 0)",2026-02-20,0.876392,0.870811,0.8619345344980958,0.8796874655019042,2026-02-21,0.877666,0.870811,0.8582577821012701,0.8833642178987299,2026-02-25,0.87632,0.870811,0.8554365107590695,0.8861854892409305,2026-02-26,0.874417,0.870811,0.8530580689961914,0.8885639310038086,2026-02-27,0.881896,0.870811,0.8509626197378103,0.8906593802621897,0.874417,0.870811,0.0,0.0
KGS_RUB,2026-02-20,0.876392,test,SET_A,"(0, 1, 0)",2026-02-21,0.877666,0.876392,0.8675155344980957,0.8852684655019042,2026-02-25,0.87632,0.876392,0.8638387821012701,0.8889452178987298,2026-02-26,0.874417,0.876392,0.8610175107590694,0.8917664892409305,2026-02-27,0.881896,0.876392,0.8586390689961914,0.8941449310038085,2026-02-28,0.883632,0.876392,0.8565436197378102,0.8962403802621897,0.874417,0.876392,0.00225355776866967,0.0
KGS_RUB,2026-02-21,0.877666,test,SET_A,"(0, 1, 0)",2026-02-25,0.87632,0.877666,0.8687895344980957,0.8865424655019042,2026-02-26,0.874417,0.877666,0.8651127821012701,0.8902192178987298,2026-02-27,0.881896,0.877666,0.8622915107590694,0.8930404892409305,2026-02-28,0.883632,0.877666,0.8599130689961914,0.8954189310038085,2026-03-03,0.882534,0.877666,0.8578176197378102,0.8975143802621897,0.874417,0.877666,0.0037018638069606737,0.0
KGS_RUB,2026-02-25,0.87632,test,SET_A,"(0, 1, 0)",2026-02-26,0.874417,0.87632,0.8674435344980957,0.8851964655019042,2026-02-27,0.881896,0.87632,0.8637667821012701,0.8888732178987299,2026-02-28,0.883632,0.87632,0.8609455107590694,0.8916944892409305,2026-03-03,0.882534,0.87632,0.8585670689961914,0.8940729310038086,2026-03-04,0.887476,0.87632,0.8564716197378103,0.8961683802621897,0.874417,0.87632,0.0021715811575679983,0.0
KGS_RUB,2026-02-26,0.874417,test,SET_A,"(0, 1, 0)",2026-02-27,0.881896,0.874417,0.8655405344980958,0.8832934655019042,2026-02-28,0.883632,0.874417,0.8618637821012701,0.8869702178987299,2026-03-03,0.882534,0.874417,0.8590425107590695,0.8897914892409305,2026-03-04,0.887476,0.874417,0.8566640689961914,0.8921699310038086,2026-03-05,0.889662,0.874417,0.8545686197378103,0.8942653802621897,0.881896,0.874417,0.0,0.0
KGS_RUB,2026-02-27,0.881896,test,SET_A,"(0, 1, 0)",2026-02-28,0.883632,0.881896,0.8730195344980958,0.8907724655019043,2026-03-03,0.882534,0.881896,0.8693427821012701,0.8944492178987299,2026-03-04,0.887476,0.881896,0.8665215107590695,0.8972704892409306,2026-03-05,0.889662,0.881896,0.8641430689961914,0.8996489310038086,2026-03-06,0.894178,0.881896,0.8620476197378103,0.9017443802621897,0.882534,0.881896,0.0,0.0
KGS_RUB,2026-02-28,0.883632,test,SET_A,"(0, 1, 0)",2026-03-03,0.882534,0.883632,0.8747555344980957,0.8925084655019042,2026-03-04,0.887476,0.883632,0.8710787821012701,0.8961852178987298,2026-03-05,0.889662,0.883632,0.8682575107590694,0.8990064892409305,2026-03-06,0.894178,0.883632,0.8658790689961914,0.9013849310038086,2026-03-07,0.905089,0.883632,0.8637836197378103,0.9034803802621897,0.882534,0.883632,0.0012425987288825352,0.0
KGS_RUB,2026-03-03,0.882534,test,SET_A,"(0, 1, 0)",2026-03-04,0.887476,0.882534,0.8736575344980958,0.8914104655019043,2026-03-05,0.889662,0.882534,0.8699807821012702,0.8950872178987299,2026-03-06,0.894178,0.882534,0.8671595107590695,0.8979084892409306,2026-03-07,0.905089,0.882534,0.8647810689961914,0.9002869310038086,2026-03-11,0.900396,0.882534,0.8626856197378103,0.9023823802621898,0.887476,0.882534,0.0,0.0
KGS_RUB,2026-03-04,0.887476,test,SET_A,"(0, 1, 0)",2026-03-05,0.889662,0.887476,0.8785995344980958,0.8963524655019043,2026-03-06,0.894178,0.887476,0.8749227821012702,0.9000292178987299,2026-03-07,0.905089,0.887476,0.8721015107590695,0.9028504892409306,2026-03-11,0.900396,0.887476,0.8697230689961915,0.9052289310038086,2026-03-12,0.904151,0.887476,0.8676276197378103,0.9073243802621898,0.889662,0.887476,0.0,0.0
KGS_RUB,2026-03-05,0.889662,test,SET_A,"(0, 1, 0)",2026-03-06,0.894178,0.889662,0.8807855344980957,0.8985384655019042,2026-03-07,0.905089,0.889662,0.8771087821012701,0.9022152178987298,2026-03-11,0.900396,0.889662,0.8742875107590694,0.9050364892409305,2026-03-12,0.904151,0.889662,0.8719090689961914,0.9074149310038085,2026-03-13,0.904141,0.889662,0.8698136197378102,0.9095103802621897,0.894178,0.889662,0.0,0.0
KGS_RUB,2026-03-06,0.894178,test,SET_A,"(0, 1, 0)",2026-03-07,0.905089,0.894178,0.8853015344980958,0.9030544655019043,2026-03-11,0.900396,0.894178,0.8816247821012702,0.9067312178987299,2026-03-12,0.904151,0.894178,0.8788035107590695,0.9095524892409306,2026-03-13,0.904141,0.894178,0.8764250689961914,0.9119309310038086,2026-03-14,0.917389,0.894178,0.8743296197378103,0.9140263802621897,0.900396,0.894178,0.0,0.0
KGS_RUB,2026-03-07,0.905089,test,SET_A,"(0, 1, 0)",2026-03-11,0.900396,0.905089,0.8962125344980958,0.9139654655019043,2026-03-12,0.904151,0.905089,0.8925357821012702,0.9176422178987299,2026-03-13,0.904141,0.905089,0.8897145107590695,0.9204634892409306,2026-03-14,0.917389,0.905089,0.8873360689961914,0.9228419310038086,2026-03-17,0.926835,0.905089,0.8852406197378103,0.9249373802621897,0.900396,0.905089,0.005185125440702581,0.0
KGS_RUB,2026-03-11,0.900396,test,SET_A,"(0, 1, 0)",2026-03-12,0.904151,0.900396,0.8915195344980957,0.9092724655019042,2026-03-13,0.904141,0.900396,0.8878427821012701,0.9129492178987298,2026-03-14,0.917389,0.900396,0.8850215107590694,0.9157704892409305,2026-03-17,0.926835,0.900396,0.8826430689961914,0.9181489310038086,2026-03-18,0.936653,0.900396,0.8805476197378103,0.9202443802621897,0.904141,0.900396,0.0,0.0
KGS_RUB,2026-03-12,0.904151,test,SET_A,"(0, 1, 0)",2026-03-13,0.904141,0.904151,0.8952745344980958,0.9130274655019043,2026-03-14,0.917389,0.904151,0.8915977821012702,0.9167042178987299,2026-03-17,0.926835,0.904151,0.8887765107590695,0.9195254892409306,2026-03-18,0.936653,0.904151,0.8863980689961914,0.9219039310038086,2026-03-19,0.950553,0.904151,0.8843026197378103,0.9239993802621898,0.904141,0.904151,1.1060099474607131e-05,0.0
KGS_RUB,2026-03-13,0.904141,test,SET_A,"(0, 1, 0)",2026-03-14,0.917389,0.904141,0.8952645344980957,0.9130174655019042,2026-03-17,0.926835,0.904141,0.8915877821012701,0.9166942178987298,2026-03-18,0.936653,0.904141,0.8887665107590694,0.9195154892409305,2026-03-19,0.950553,0.904141,0.8863880689961914,0.9218939310038086,2026-03-20,0.970154,0.904141,0.8842926197378103,0.9239893802621897,0.917389,0.904141,0.0,0.0
KGS_RUB,2026-03-14,0.917389,test,SET_A,"(0, 1, 0)",2026-03-17,0.926835,0.917389,0.9085125344980958,0.9262654655019043,2026-03-18,0.936653,0.917389,0.9048357821012701,0.9299422178987299,2026-03-19,0.950553,0.917389,0.9020145107590695,0.9327634892409306,2026-03-20,0.970154,0.917389,0.8996360689961914,0.9351419310038086,2026-03-21,0.960551,0.917389,0.8975406197378103,0.9372373802621897,0.926835,0.917389,0.0,0.0
KGS_RUB,2026-03-17,0.926835,test,SET_A,"(0, 1, 0)",2026-03-18,0.936653,0.926835,0.9179585344980957,0.9357114655019042,2026-03-19,0.950553,0.926835,0.9142817821012701,0.9393882178987298,2026-03-20,0.970154,0.926835,0.9114605107590694,0.9422094892409305,2026-03-21,0.960551,0.926835,0.9090820689961914,0.9445879310038086,2026-03-24,0.936264,0.926835,0.9069866197378103,0.9466833802621897,0.936264,0.926835,0.0,0.0
KGS_RUB,2026-03-18,0.936653,test,SET_A,"(0, 1, 0)",2026-03-19,0.950553,0.936653,0.9277765344980957,0.9455294655019042,2026-03-20,0.970154,0.936653,0.9240997821012701,0.9492062178987298,2026-03-21,0.960551,0.936653,0.9212785107590694,0.9520274892409305,2026-03-24,0.936264,0.936653,0.9189000689961914,0.9544059310038085,2026-03-25,0.925807,0.936653,0.9168046197378102,0.9565013802621897,0.925807,0.936653,0.011579528384577759,0.0
KGS_RUB,2026-03-19,0.950553,test,SET_A,"(0, 1, 0)",2026-03-20,0.970154,0.950553,0.9416765344980957,0.9594294655019042,2026-03-21,0.960551,0.950553,0.9379997821012701,0.9631062178987299,2026-03-24,0.936264,0.950553,0.9351785107590694,0.9659274892409305,2026-03-25,0.925807,0.950553,0.9328000689961914,0.9683059310038086,2026-03-26,0.923041,0.950553,0.9307046197378103,0.9704013802621897,0.923041,0.950553,0.02894315203886578,0.0
KGS_RUB,2026-03-20,0.970154,test,SET_A,"(0, 1, 0)",2026-03-21,0.960551,0.970154,0.9612775344980957,0.9790304655019042,2026-03-24,0.936264,0.970154,0.9576007821012701,0.9827072178987298,2026-03-25,0.925807,0.970154,0.9547795107590694,0.9855284892409305,2026-03-26,0.923041,0.970154,0.9524010689961914,0.9879069310038086,2026-03-27,0.939181,0.970154,0.9503056197378102,0.9900023802621897,0.923041,0.970154,0.04856239318706099,0.0
KGS_RUB,2026-03-21,0.960551,test,SET_A,"(0, 1, 0)",2026-03-24,0.936264,0.960551,0.9516745344980958,0.9694274655019043,2026-03-25,0.925807,0.960551,0.9479977821012702,0.9731042178987299,2026-03-26,0.923041,0.960551,0.9451765107590695,0.9759254892409306,2026-03-27,0.939181,0.960551,0.9427980689961915,0.9783039310038086,2026-03-28,0.927894,0.960551,0.9407026197378103,0.9803993802621898,0.923041,0.960551,0.039050503304874015,0.0
KGS_RUB,2026-03-24,0.936264,test,SET_A,"(0, 1, 0)",2026-03-25,0.925807,0.936264,0.9273875344980957,0.9451404655019042,2026-03-26,0.923041,0.936264,0.9237107821012701,0.9488172178987299,2026-03-27,0.939181,0.936264,0.9208895107590694,0.9516384892409305,2026-03-28,0.927894,0.936264,0.9185110689961914,0.9540169310038086,2026-03-31,0.929623,0.936264,0.9164156197378103,0.9561123802621897,0.923041,0.936264,0.014123153298642247,0.0
KGS_RUB,2026-03-25,0.925807,test,SET_A,"(0, 1, 0)",2026-03-26,0.923041,0.925807,0.9169305344980958,0.9346834655019043,2026-03-27,0.939181,0.925807,0.9132537821012702,0.9383602178987299,2026-03-28,0.927894,0.925807,0.9104325107590695,0.9411814892409306,2026-03-31,0.929623,0.925807,0.9080540689961915,0.9435599310038086,2026-04-01,0.929107,0.925807,0.9059586197378103,0.9456553802621898,0.923041,0.925807,0.002987663735530241,0.0
KGS_RUB,2026-03-26,0.923041,test,SET_A,"(0, 1, 0)",2026-03-27,0.939181,0.923041,0.9141645344980958,0.9319174655019042,2026-03-28,0.927894,0.923041,0.9104877821012701,0.9355942178987299,2026-03-31,0.929623,0.923041,0.9076665107590695,0.9384154892409305,2026-04-01,0.929107,0.923041,0.9052880689961914,0.9407939310038086,2026-04-02,0.921937,0.923041,0.9031926197378103,0.9428893802621897,0.921937,0.923041,0.0011960465461447476,0.0
KGS_RUB,2026-03-27,0.939181,test,SET_A,"(0, 1, 0)",2026-03-28,0.927894,0.939181,0.9303045344980958,0.9480574655019043,2026-03-31,0.929623,0.939181,0.9266277821012702,0.9517342178987299,2026-04-01,0.929107,0.939181,0.9238065107590695,0.9545554892409306,2026-04-02,0.921937,0.939181,0.9214280689961915,0.9569339310038086,2026-04-03,0.918631,0.939181,0.9193326197378103,0.9590293802621898,0.918631,0.939181,0.021880766327257543,0.0
KGS_RUB,2026-03-28,0.927894,test,SET_A,"(0, 1, 0)",2026-03-31,0.929623,0.927894,0.9190175344980958,0.9367704655019042,2026-04-01,0.929107,0.927894,0.9153407821012701,0.9404472178987299,2026-04-02,0.921937,0.927894,0.9125195107590695,0.9432684892409305,2026-04-03,0.918631,0.927894,0.9101410689961914,0.9456469310038086,2026-04-04,0.911713,0.927894,0.9080456197378103,0.9477423802621897,0.911713,0.927894,0.017438414301633592,0.0
KGS_RUB,2026-03-31,0.929623,test,SET_A,"(0, 1, 0)",2026-04-01,0.929107,0.929623,0.9207465344980957,0.9384994655019042,2026-04-02,0.921937,0.929623,0.9170697821012701,0.9421762178987299,2026-04-03,0.918631,0.929623,0.9142485107590694,0.9449974892409305,2026-04-04,0.911713,0.929623,0.9118700689961914,0.9473759310038086,2026-04-07,0.90026,0.929623,0.9097746197378103,0.9494713802621897,0.90026,0.929623,0.03158592246534351,0.0
KGS_RUB,2026-04-01,0.929107,test,SET_A,"(0, 1, 0)",2026-04-02,0.921937,0.929107,0.9202305344980958,0.9379834655019043,2026-04-03,0.918631,0.929107,0.9165537821012701,0.9416602178987299,2026-04-04,0.911713,0.929107,0.9137325107590695,0.9444814892409306,2026-04-07,0.90026,0.929107,0.9113540689961914,0.9468599310038086,2026-04-08,0.90051,0.929107,0.9092586197378103,0.9489553802621897,0.90026,0.929107,0.031048092415620662,0.0
KGS_RUB,2026-04-02,0.921937,test,SET_A,"(0, 1, 0)",2026-04-03,0.918631,0.921937,0.9130605344980958,0.9308134655019042,2026-04-04,0.911713,0.921937,0.9093837821012701,0.9344902178987299,2026-04-07,0.90026,0.921937,0.9065625107590695,0.9373114892409306,2026-04-08,0.90051,0.921937,0.9041840689961914,0.9396899310038086,2026-04-09,0.895418,0.921937,0.9020886197378103,0.9417853802621897,0.895418,0.921937,0.02876443835099357,0.0
KGS_RUB,2026-04-03,0.918631,test,SET_A,"(0, 1, 0)",2026-04-04,0.911713,0.918631,0.9097545344980957,0.9275074655019042,2026-04-07,0.90026,0.918631,0.9060777821012701,0.9311842178987298,2026-04-08,0.90051,0.918631,0.9032565107590694,0.9340054892409305,2026-04-09,0.895418,0.918631,0.9008780689961914,0.9363839310038086,2026-04-10,0.890085,0.918631,0.8987826197378103,0.9384793802621897,0.890085,0.918631,0.031074501078234854,0.0
KGS_RUB,2026-04-04,0.911713,test,SET_A,"(0, 1, 0)",2026-04-07,0.90026,0.911713,0.9028365344980958,0.9205894655019042,2026-04-08,0.90051,0.911713,0.8991597821012701,0.9242662178987299,2026-04-09,0.895418,0.911713,0.8963385107590695,0.9270874892409305,2026-04-10,0.890085,0.911713,0.8939600689961914,0.9294659310038086,2026-04-11,0.880188,0.911713,0.8918646197378103,0.9315613802621897,0.880188,0.911713,0.03457776734564499,0.0
KGS_RUB,2026-04-07,0.90026,test,SET_A,"(0, 1, 0)",2026-04-08,0.90051,0.90026,0.8913835344980957,0.9091364655019042,2026-04-09,0.895418,0.90026,0.8877067821012701,0.9128132178987298,2026-04-10,0.890085,0.90026,0.8848855107590694,0.9156344892409305,2026-04-11,0.880188,0.90026,0.8825070689961914,0.9180129310038085,2026-04-14,0.871914,0.90026,0.8804116197378102,0.9201083802621897,0.871914,0.90026,0.03148645946726499,0.0
KGS_RUB,2026-04-08,0.90051,test,SET_A,"(0, 1, 0)",2026-04-09,0.895418,0.90051,0.8916335344980958,0.9093864655019043,2026-04-10,0.890085,0.90051,0.8879567821012702,0.9130632178987299,2026-04-11,0.880188,0.90051,0.8851355107590695,0.9158844892409306,2026-04-14,0.871914,0.90051,0.8827570689961914,0.9182629310038086,2026-04-15,0.867389,0.90051,0.8806616197378103,0.9203583802621897,0.867389,0.90051,0.036780268958701255,0.0
KGS_RUB,2026-04-09,0.895418,test,SET_A,"(0, 1, 0)",2026-04-10,0.890085,0.895418,0.8865415344980958,0.9042944655019043,2026-04-11,0.880188,0.895418,0.8828647821012702,0.9079712178987299,2026-04-14,0.871914,0.895418,0.8800435107590695,0.9107924892409306,2026-04-15,0.867389,0.895418,0.8776650689961915,0.9131709310038086,2026-04-16,0.860316,0.895418,0.8755696197378103,0.9152663802621898,0.860316,0.895418,0.03920180295683142,0.0
KGS_RUB,2026-04-10,0.890085,test,SET_A,"(0, 1, 0)",2026-04-11,0.880188,0.890085,0.8812085344980958,0.8989614655019043,2026-04-14,0.871914,0.890085,0.8775317821012701,0.9026382178987299,2026-04-15,0.867389,0.890085,0.8747105107590695,0.9054594892409306,2026-04-16,0.860316,0.890085,0.8723320689961914,0.9078379310038086,2026-04-17,0.870053,0.890085,0.8702366197378103,0.9099333802621897,0.860316,0.890085,0.033445120409848546,0.0
KGS_RUB,2026-04-11,0.880188,test,SET_A,"(0, 1, 0)",2026-04-14,0.871914,0.880188,0.8713115344980957,0.8890644655019042,2026-04-15,0.867389,0.880188,0.8676347821012701,0.8927412178987298,2026-04-16,0.860316,0.880188,0.8648135107590694,0.8955624892409305,2026-04-17,0.870053,0.880188,0.8624350689961914,0.8979409310038086,2026-04-18,0.86968,0.880188,0.8603396197378103,0.9000363802621897,0.860316,0.880188,0.022576994914722766,0.0
KGS_RUB,2026-04-14,0.871914,test,SET_A,"(0, 1, 0)",2026-04-15,0.867389,0.871914,0.8630375344980957,0.8807904655019042,2026-04-16,0.860316,0.871914,0.8593607821012701,0.8844672178987298,2026-04-17,0.870053,0.871914,0.8565395107590694,0.8872884892409305,2026-04-18,0.86968,0.871914,0.8541610689961914,0.8896669310038086,2026-04-21,0.860343,0.871914,0.8520656197378103,0.8917623802621897,0.860316,0.871914,0.013301770587466193,0.0
KGS_RUB,2026-04-15,0.867389,test,SET_A,"(0, 1, 0)",2026-04-16,0.860316,0.867389,0.8585125344980957,0.8762654655019042,2026-04-17,0.870053,0.867389,0.8548357821012701,0.8799422178987298,2026-04-18,0.86968,0.867389,0.8520145107590694,0.8827634892409305,2026-04-21,0.860343,0.867389,0.8496360689961914,0.8851419310038086,2026-04-22,0.852956,0.867389,0.8475406197378103,0.8872373802621897,0.852956,0.867389,0.016639593077615603,0.0
KGS_RUB,2026-04-16,0.860316,test,SET_A,"(0, 1, 0)",2026-04-17,0.870053,0.860316,0.8514395344980957,0.8691924655019042,2026-04-18,0.86968,0.860316,0.8477627821012701,0.8728692178987298,2026-04-21,0.860343,0.860316,0.8449415107590694,0.8756904892409305,2026-04-22,0.852956,0.860316,0.8425630689961914,0.8780689310038086,2026-04-23,0.857849,0.860316,0.8404676197378103,0.8801643802621897,0.852956,0.860316,0.008554996071210953,0.0
KGS_RUB,2026-04-17,0.870053,test,SET_A,"(0, 1, 0)",2026-04-18,0.86968,0.870053,0.8611765344980957,0.8789294655019042,2026-04-21,0.860343,0.870053,0.8574997821012701,0.8826062178987298,2026-04-22,0.852956,0.870053,0.8546785107590694,0.8854274892409305,2026-04-23,0.857849,0.870053,0.8523000689961914,0.8878059310038086,2026-04-24,0.856085,0.870053,0.8502046197378103,0.8899013802621897,0.852956,0.870053,0.01965052703685858,0.0
KGS_RUB,2026-04-18,0.86968,test,SET_A,"(0, 1, 0)",2026-04-21,0.860343,0.86968,0.8608035344980958,0.8785564655019042,2026-04-22,0.852956,0.86968,0.8571267821012701,0.8822332178987299,2026-04-23,0.857849,0.86968,0.8543055107590695,0.8850544892409306,2026-04-24,0.856085,0.86968,0.8519270689961914,0.8874329310038086,2026-04-25,0.864125,0.86968,0.8498316197378103,0.8895283802621897,0.852956,0.86968,0.01923006163186455,0.0
KGS_RUB,2026-04-21,0.860343,test,SET_A,"(0, 1, 0)",2026-04-22,0.852956,0.860343,0.8514665344980957,0.8692194655019042,2026-04-23,0.857849,0.860343,0.8477897821012701,0.8728962178987298,2026-04-24,0.856085,0.860343,0.8449685107590694,0.8757174892409305,2026-04-25,0.864125,0.860343,0.8425900689961914,0.8780959310038086,2026-04-28,0.855627,0.860343,0.8404946197378103,0.8801913802621897,0.852956,0.860343,0.008586110423400808,0.0
KGS_RUB,2026-04-22,0.852956,test,SET_A,"(0, 1, 0)",2026-04-23,0.857849,0.852956,0.8440795344980958,0.8618324655019043,2026-04-24,0.856085,0.852956,0.8404027821012702,0.8655092178987299,2026-04-25,0.864125,0.852956,0.8375815107590695,0.8683304892409306,2026-04-28,0.855627,0.852956,0.8352030689961915,0.8707089310038086,2026-04-29,0.854341,0.852956,0.8331076197378103,0.8728043802621898,0.854341,0.852956,0.0,0.0
KGS_RUB,2026-04-23,0.857849,test,SET_A,"(0, 1, 0)",2026-04-24,0.856085,0.857849,0.8489725344980957,0.8667254655019042,2026-04-25,0.864125,0.857849,0.8452957821012701,0.8704022178987298,2026-04-28,0.855627,0.857849,0.8424745107590694,0.8732234892409305,2026-04-29,0.854341,0.857849,0.8400960689961914,0.8756019310038086,2026-04-30,0.85647,0.857849,0.8380006197378103,0.8776973802621897,0.854341,0.857849,0.004089297766856353,0.0
KGS_RUB,2026-04-24,0.856085,test,SET_A,"(0, 1, 0)",2026-04-25,0.864125,0.856085,0.8472085344980957,0.8649614655019042,2026-04-28,0.855627,0.856085,0.8435317821012701,0.8686382178987299,2026-04-29,0.854341,0.856085,0.8407105107590694,0.8714594892409305,2026-04-30,0.85647,0.856085,0.8383320689961914,0.8738379310038086,2026-05-01,0.855651,0.856085,0.8362366197378103,0.8759333802621897,0.854341,0.856085,0.002037180887411843,0.0
KGS_RUB,2026-04-25,0.864125,test,SET_A,"(0, 1, 0)",2026-04-28,0.855627,0.864125,0.8552485344980958,0.8730014655019043,2026-04-29,0.854341,0.864125,0.8515717821012702,0.8766782178987299,2026-04-30,0.85647,0.864125,0.8487505107590695,0.8794994892409306,2026-05-01,0.855651,0.864125,0.8463720689961914,0.8818779310038086,2026-05-05,0.862942,0.864125,0.8442766197378103,0.8839733802621897,0.854341,0.864125,0.011322435990163478,0.0
KGS_RUB,2026-04-28,0.855627,test,SET_A,"(0, 1, 0)",2026-04-29,0.854341,0.855627,0.8467505344980958,0.8645034655019043,2026-04-30,0.85647,0.855627,0.8430737821012702,0.8681802178987299,2026-05-01,0.855651,0.855627,0.8402525107590695,0.8710014892409306,2026-05-05,0.862942,0.855627,0.8378740689961914,0.8733799310038086,2026-05-06,0.861866,0.855627,0.8357786197378103,0.8754753802621897,0.854341,0.855627,0.001502991373577516,0.0
KGS_RUB,2026-04-29,0.854341,test,SET_A,"(0, 1, 0)",2026-04-30,0.85647,0.854341,0.8454645344980958,0.8632174655019043,2026-05-01,0.855651,0.854341,0.8417877821012701,0.8668942178987299,2026-05-05,0.862942,0.854341,0.8389665107590695,0.8697154892409306,2026-05-06,0.861866,0.854341,0.8365880689961914,0.8720939310038086,2026-05-07,0.860492,0.854341,0.8344926197378103,0.8741893802621897,0.855651,0.854341,0.0,0.0
KGS_RUB,2026-04-30,0.85647,test,SET_A,"(0, 1, 0)",2026-05-01,0.855651,0.85647,0.8475935344980957,0.8653464655019042,2026-05-05,0.862942,0.85647,0.8439167821012701,0.8690232178987298,2026-05-06,0.861866,0.85647,0.8410955107590694,0.8718444892409305,2026-05-07,0.860492,0.85647,0.8387170689961914,0.8742229310038085,2026-05-08,0.853586,0.85647,0.8366216197378102,0.8763183802621897,0.853586,0.85647,0.003367310005020605,0.0
KGS_RUB,2026-05-01,0.855651,test,SET_A,"(0, 1, 0)",2026-05-05,0.862942,0.855651,0.8467745344980958,0.8645274655019043,2026-05-06,0.861866,0.855651,0.8430977821012702,0.8682042178987299,2026-05-07,0.860492,0.855651,0.8402765107590695,0.8710254892409306,2026-05-08,0.853586,0.855651,0.8378980689961915,0.8734039310038086,2026-05-09,0.849873,0.855651,0.8358026197378103,0.8754993802621898,0.849873,0.855651,0.006752753166887037,0.0
KGS_RUB,2026-05-05,0.862942,test,SET_A,"(0, 1, 0)",2026-05-06,0.861866,0.862942,0.8540655344980957,0.8718184655019042,2026-05-07,0.860492,0.862942,0.8503887821012701,0.8754952178987299,2026-05-08,0.853586,0.862942,0.8475675107590694,0.8783164892409305,2026-05-09,0.849873,0.862942,0.8451890689961914,0.8806949310038086,2026-05-13,0.843771,0.862942,0.8430936197378103,0.8827903802621897,0.843771,0.862942,0.02221586155268829,0.0
KGS_RUB,2026-05-06,0.861866,test,SET_A,"(0, 1, 0)",2026-05-07,0.860492,0.861866,0.8529895344980958,0.8707424655019043,2026-05-08,0.853586,0.861866,0.8493127821012701,0.8744192178987299,2026-05-09,0.849873,0.861866,0.8464915107590695,0.8772404892409306,2026-05-13,0.843771,0.861866,0.8441130689961914,0.8796189310038086,2026-05-14,0.838674,0.861866,0.8420176197378103,0.8817143802621897,0.838674,0.861866,0.026909055468019378,0.0
KGS_RUB,2026-05-07,0.860492,test,SET_A,"(0, 1, 0)",2026-05-08,0.853586,0.860492,0.8516155344980958,0.8693684655019043,2026-05-09,0.849873,0.860492,0.8479387821012702,0.8730452178987299,2026-05-13,0.843771,0.860492,0.8451175107590695,0.8758664892409306,2026-05-14,0.838674,0.860492,0.8427390689961914,0.8782449310038086,2026-05-15,0.836346,0.860492,0.8406436197378103,0.8803403802621897,0.836346,0.860492,0.02806069086057744,0.0
KGS_RUB,2026-05-08,0.853586,test,SET_A,"(0, 1, 0)",2026-05-09,0.849873,0.853586,0.8447095344980957,0.8624624655019042,2026-05-13,0.843771,0.853586,0.8410327821012701,0.8661392178987298,2026-05-14,0.838674,0.853586,0.8382115107590694,0.8689604892409305,2026-05-15,0.836346,0.853586,0.8358330689961914,0.8713389310038085,2026-05-16,0.836221,0.853586,0.8337376197378102,0.8734343802621897,0.836221,0.853586,0.02034358576640194,0.0
KGS_RUB,2026-05-09,0.849873,test,SET_A,"(0, 1, 0)",2026-05-13,0.843771,0.849873,0.8409965344980957,0.8587494655019042,2026-05-14,0.838674,0.849873,0.8373197821012701,0.8624262178987299,2026-05-15,0.836346,0.849873,0.8344985107590694,0.8652474892409305,2026-05-16,0.836221,0.849873,0.8321200689961914,0.8676259310038086,2026-05-19,0.827326,0.849873,0.8300246197378103,0.8697213802621897,0.827326,0.849873,0.026529846224082873,0.0
KGS_RUB,2026-05-13,0.843771,test,SET_A,"(0, 1, 0)",2026-05-14,0.838674,0.843771,0.8348945344980958,0.8526474655019043,2026-05-15,0.836346,0.843771,0.8312177821012702,0.8563242178987299,2026-05-16,0.836221,0.843771,0.8283965107590695,0.8591454892409306,2026-05-19,0.827326,0.843771,0.8260180689961915,0.8615239310038086,2026-05-20,0.815238,0.843771,0.8239226197378103,0.8636193802621898,0.815238,0.843771,0.03381604724504638,0.0
KGS_RUB,2026-05-14,0.838674,test,SET_A,"(0, 1, 0)",2026-05-15,0.836346,0.838674,0.8297975344980958,0.8475504655019043,2026-05-16,0.836221,0.838674,0.8261207821012702,0.8512272178987299,2026-05-19,0.827326,0.838674,0.8232995107590695,0.8540484892409306,2026-05-20,0.815238,0.838674,0.8209210689961914,0.8564269310038086,2026-05-21,0.811331,0.838674,0.8188256197378103,0.8585223802621897,0.811331,0.838674,0.0326026560976017,0.0
KGS_RUB,2026-05-15,0.836346,test,SET_A,"(0, 1, 0)",2026-05-16,0.836221,0.836346,0.8274695344980958,0.8452224655019043,2026-05-19,0.827326,0.836346,0.8237927821012702,0.8488992178987299,2026-05-20,0.815238,0.836346,0.8209715107590695,0.8517204892409306,2026-05-21,0.811331,0.836346,0.8185930689961914,0.8540989310038086,2026-05-22,0.809493,0.836346,0.8164976197378103,0.8561943802621897,0.809493,0.836346,0.03210752487606806,0.0
KGS_RUB,2026-05-16,0.836221,test,SET_A,"(0, 1, 0)",2026-05-19,0.827326,0.836221,0.8273445344980958,0.8450974655019042,2026-05-20,0.815238,0.836221,0.8236677821012701,0.8487742178987299,2026-05-21,0.811331,0.836221,0.8208465107590694,0.8515954892409305,2026-05-22,0.809493,0.836221,0.8184680689961914,0.8539739310038086,2026-05-23,0.814282,0.836221,0.8163726197378103,0.8560693802621897,0.809493,0.836221,0.03196284235865875,0.0
KGS_RUB,2026-05-19,0.827326,test,SET_A,"(0, 1, 0)",2026-05-20,0.815238,0.827326,0.8184495344980958,0.8362024655019042,2026-05-21,0.811331,0.827326,0.8147727821012701,0.8398792178987299,2026-05-22,0.809493,0.827326,0.8119515107590695,0.8427004892409306,2026-05-23,0.814282,0.827326,0.8095730689961914,0.8450789310038086,2026-05-26,0.818136,0.827326,0.8074776197378103,0.8471743802621897,0.809493,0.827326,0.021554985580049445,0.0
KGS_RUB,2026-05-20,0.815238,test,SET_A,"(0, 1, 0)",2026-05-21,0.811331,0.8152380000000001,0.8063615344980959,0.8241144655019044,2026-05-22,0.809493,0.8152380000000001,0.8026847821012703,0.82779121789873,2026-05-23,0.814282,0.8152380000000001,0.7998635107590696,0.8306124892409307,2026-05-26,0.818136,0.8152380000000001,0.7974850689961915,0.8329909310038087,2026-05-27,0.819531,0.8152380000000001,0.7953896197378104,0.8350863802621898,0.809493,0.8152380000000001,0.007047021851287599,0.0
KGS_RUB,2026-05-21,0.811331,test,SET_A,"(0, 1, 0)",2026-05-22,0.809493,0.811331,0.8024545344980958,0.8202074655019043,2026-05-23,0.814282,0.811331,0.7987777821012702,0.8238842178987299,2026-05-26,0.818136,0.811331,0.7959565107590695,0.8267054892409306,2026-05-27,0.819531,0.811331,0.7935780689961914,0.8290839310038086,2026-05-28,0.810763,0.811331,0.7914826197378103,0.8311793802621897,0.809493,0.811331,0.0022654132530373007,0.0
KGS_RUB,2026-05-22,0.809493,test,SET_A,"(0, 1, 0)",2026-05-23,0.814282,0.809493,0.8006165344980958,0.8183694655019043,2026-05-26,0.818136,0.809493,0.7969397821012701,0.8220462178987299,2026-05-27,0.819531,0.809493,0.7941185107590695,0.8248674892409306,2026-05-28,0.810763,0.809493,0.7917400689961914,0.8272459310038086,2026-05-29,0.816141,0.809493,0.7896446197378103,0.8293413802621897,0.810763,0.809493,0.0,0.0
KGS_RUB,2026-05-23,0.814282,test,SET_A,"(0, 1, 0)",2026-05-26,0.818136,0.814282,0.8054055344980957,0.8231584655019042,2026-05-27,0.819531,0.814282,0.8017287821012701,0.8268352178987298,2026-05-28,0.810763,0.814282,0.7989075107590694,0.8296564892409305,2026-05-29,0.816141,0.814282,0.7965290689961914,0.8320349310038085,2026-05-30,0.812149,0.814282,0.7944336197378102,0.8341303802621897,0.810763,0.814282,0.004321598659923637,0.0
KGS_RUB,2026-05-26,0.818136,test,SET_A,"(0, 1, 0)",2026-05-27,0.819531,0.818136,0.8092595344980957,0.8270124655019042,2026-05-28,0.810763,0.818136,0.8055827821012701,0.8306892178987298,2026-05-29,0.816141,0.818136,0.8027615107590694,0.8335104892409305,2026-05-30,0.812149,0.818136,0.8003830689961914,0.8358889310038086,2026-06-02,0.818218,0.818136,0.7982876197378103,0.8379843802621897,0.810763,0.818136,0.00901194911359476,0.0
KGS_RUB,2026-05-27,0.819531,test,SET_A,"(0, 1, 0)",2026-05-28,0.810763,0.8195309999999999,0.8106545344980957,0.8284074655019041,2026-05-29,0.816141,0.8195309999999999,0.80697778210127,0.8320842178987298,2026-05-30,0.812149,0.8195309999999999,0.8041565107590694,0.8349054892409304,2026-06-02,0.818218,0.8195309999999999,0.8017780689961913,0.8372839310038085,2026-06-03,0.829728,0.8195309999999999,0.7996826197378102,0.8393793802621896,0.810763,0.8195309999999999,0.010698802119748977,1.3547053432086845e-16
KGS_RUB,2026-05-28,0.810763,test,SET_A,"(0, 1, 0)",2026-05-29,0.816141,0.810763,0.8018865344980958,0.8196394655019043,2026-05-30,0.812149,0.810763,0.7982097821012701,0.8233162178987299,2026-06-02,0.818218,0.810763,0.7953885107590695,0.8261374892409306,2026-06-03,0.829728,0.810763,0.7930100689961914,0.8285159310038086,2026-06-04,0.838692,0.810763,0.7909146197378103,0.8306113802621897,0.812149,0.810763,0.0,0.0
KGS_RUB,2026-05-29,0.816141,test,SET_A,"(0, 1, 0)",2026-05-30,0.812149,0.816141,0.8072645344980958,0.8250174655019042,2026-06-02,0.818218,0.816141,0.8035877821012701,0.8286942178987299,2026-06-03,0.829728,0.816141,0.8007665107590695,0.8315154892409305,2026-06-04,0.838692,0.816141,0.7983880689961914,0.8338939310038086,2026-06-05,0.849578,0.816141,0.7962926197378103,0.8359893802621897,0.812149,0.816141,0.004891311672860444,0.0
KGS_RUB,2026-05-30,0.812149,test,SET_A,"(0, 1, 0)",2026-06-02,0.818218,0.812149,0.8032725344980958,0.8210254655019043,2026-06-03,0.829728,0.812149,0.7995957821012701,0.8247022178987299,2026-06-04,0.838692,0.812149,0.7967745107590695,0.8275234892409306,2026-06-05,0.849578,0.812149,0.7943960689961914,0.8299019310038086,2026-06-06,0.840125,0.812149,0.7923006197378103,0.8319973802621897,0.818218,0.812149,0.0,0.0
KGS_RUB,2026-06-02,0.818218,test,SET_A,"(0, 1, 0)",2026-06-03,0.829728,0.818218,0.8093415344980958,0.8270944655019042,2026-06-04,0.838692,0.818218,0.8056647821012701,0.8307712178987299,2026-06-05,0.849578,0.818218,0.8028435107590695,0.8335924892409305,2026-06-06,0.840125,0.818218,0.8004650689961914,0.8359709310038086,2026-06-09,0.837789,0.818218,0.7983696197378103,0.8380663802621897,0.829728,0.818218,0.0,0.0
KGS_RUB,2026-06-03,0.829728,test,SET_A,"(0, 1, 0)",2026-06-04,0.838692,0.829728,0.8208515344980958,0.8386044655019043,2026-06-05,0.849578,0.829728,0.8171747821012701,0.8422812178987299,2026-06-06,0.840125,0.829728,0.8143535107590695,0.8451024892409306,2026-06-09,0.837789,0.829728,0.8119750689961914,0.8474809310038086,2026-06-10,0.820264,0.829728,0.8098796197378103,0.8495763802621897,0.820264,0.829728,0.011406147556789729,0.0
KGS_RUB,2026-06-04,0.838692,test,SET_A,"(0, 1, 0)",2026-06-05,0.849578,0.838692,0.8298155344980958,0.8475684655019042,2026-06-06,0.840125,0.838692,0.8261387821012701,0.8512452178987299,2026-06-09,0.837789,0.838692,0.8233175107590694,0.8540664892409305,2026-06-10,0.820264,0.838692,0.8209390689961914,0.8564449310038086,2026-06-11,0.820926,0.838692,0.8188436197378103,0.8585403802621897,0.820264,0.838692,0.0219723092625183,0.0
KGS_RUB,2026-06-05,0.849578,test,SET_A,"(0, 1, 0)",2026-06-06,0.840125,0.849578,0.8407015344980958,0.8584544655019043,2026-06-09,0.837789,0.849578,0.8370247821012702,0.8621312178987299,2026-06-10,0.820264,0.849578,0.8342035107590695,0.8649524892409306,2026-06-11,0.820926,0.849578,0.8318250689961915,0.8673309310038086,2026-06-12,0.822272,0.849578,0.8297296197378103,0.8694263802621898,0.820264,0.849578,0.034504189138607706,0.0
KGS_RUB,2026-06-06,0.840125,test,SET_A,"(0, 1, 0)",2026-06-09,0.837789,0.840125,0.8312485344980958,0.8490014655019043,2026-06-10,0.820264,0.840125,0.8275717821012701,0.8526782178987299,2026-06-11,0.820926,0.840125,0.8247505107590695,0.8554994892409306,2026-06-12,0.822272,0.840125,0.8223720689961914,0.8578779310038086,2026-06-16,0.828488,0.840125,0.8202766197378103,0.8599733802621897,0.820264,0.840125,0.023640529683082896,0.0
KGS_RUB,2026-06-09,0.837789,test,SET_A,"(0, 1, 0)",2026-06-10,0.820264,0.837789,0.8289125344980958,0.8466654655019042,2026-06-11,0.820926,0.837789,0.8252357821012701,0.8503422178987299,2026-06-12,0.822272,0.837789,0.8224145107590695,0.8531634892409306,2026-06-16,0.828488,0.837789,0.8200360689961914,0.8555419310038086,2026-06-17,0.824915,0.837789,0.8179406197378103,0.8576373802621897,0.820264,0.837789,0.02091815480986264,0.0
KGS_RUB,2026-06-10,0.820264,test,SET_A,"(0, 1, 0)",2026-06-11,0.820926,0.820264,0.8113875344980958,0.8291404655019042,2026-06-12,0.822272,0.820264,0.8077107821012701,0.8328172178987299,2026-06-16,0.828488,0.820264,0.8048895107590694,0.8356384892409305,2026-06-17,0.824915,0.820264,0.8025110689961914,0.8380169310038086,2026-06-18,0.83188,0.820264,0.8004156197378103,0.8401123802621897,0.820926,0.820264,0.0,0.0
KGS_RUB,2026-06-11,0.820926,test,SET_A,"(0, 1, 0)",2026-06-12,0.822272,0.820926,0.8120495344980958,0.8298024655019043,2026-06-16,0.828488,0.820926,0.8083727821012702,0.8334792178987299,2026-06-17,0.824915,0.820926,0.8055515107590695,0.8363004892409306,2026-06-18,0.83188,0.820926,0.8031730689961915,0.8386789310038086,2026-06-19,0.838869,0.820926,0.8010776197378103,0.8407743802621898,0.822272,0.820926,0.0,0.0
KGS_RUB,2026-06-12,0.822272,test,SET_A,"(0, 1, 0)",2026-06-16,0.828488,0.822272,0.8133955344980958,0.8311484655019042,2026-06-17,0.824915,0.822272,0.8097187821012701,0.8348252178987299,2026-06-18,0.83188,0.822272,0.8068975107590695,0.8376464892409305,2026-06-19,0.838869,0.822272,0.8045190689961914,0.8400249310038086,2026-06-20,0.839783,0.822272,0.8024236197378103,0.8421203802621897,0.824915,0.822272,0.0,0.0
KGS_RUB,2026-06-16,0.828488,test,SET_A,"(0, 1, 0)",2026-06-17,0.824915,0.828488,0.8196115344980958,0.8373644655019042,2026-06-18,0.83188,0.828488,0.8159347821012701,0.8410412178987299,2026-06-19,0.838869,0.828488,0.8131135107590695,0.8438624892409305,2026-06-20,0.839783,0.828488,0.8107350689961914,0.8462409310038086,2026-06-23,0.843511,0.828488,0.8086396197378103,0.8483363802621897,0.824915,0.828488,0.004312675621131566,0.0
KGS_RUB,2026-06-17,0.824915,test,SET_A,"(0, 1, 0)",2026-06-18,0.83188,0.824915,0.8160385344980957,0.8337914655019042,2026-06-19,0.838869,0.824915,0.8123617821012701,0.8374682178987298,2026-06-20,0.839783,0.824915,0.8095405107590694,0.8402894892409305,2026-06-23,0.843511,0.824915,0.8071620689961914,0.8426679310038085,2026-06-24,0.853288,0.824915,0.8050666197378102,0.8447633802621897,0.83188,0.824915,0.0,0.0
KGS_RUB,2026-06-18,0.83188,test,SET_A,"(0, 1, 0)",2026-06-19,0.838869,0.83188,0.8230035344980957,0.8407564655019042,2026-06-20,0.839783,0.83188,0.8193267821012701,0.8444332178987298,2026-06-23,0.843511,0.83188,0.8165055107590694,0.8472544892409305,2026-06-24,0.853288,0.83188,0.8141270689961914,0.8496329310038085,2026-06-25,0.855046,0.83188,0.8120316197378102,0.8517283802621897,0.838869,0.83188,0.0,0.0
KGS_RUB,2026-06-19,0.838869,test,SET_A,"(0, 1, 0)",2026-06-20,0.839783,0.838869,0.8299925344980957,0.8477454655019042,2026-06-23,0.843511,0.838869,0.8263157821012701,0.8514222178987298,2026-06-24,0.853288,0.838869,0.8234945107590694,0.8542434892409305,2026-06-25,0.855046,0.838869,0.8211160689961914,0.8566219310038086,2026-06-26,0.864891,0.838869,0.8190206197378103,0.8587173802621897,0.839783,0.838869,0.0,0.0
KGS_RUB,2026-06-20,0.839783,test,SET_A,"(0, 1, 0)",2026-06-23,0.843511,0.839783,0.8309065344980957,0.8486594655019042,2026-06-24,0.853288,0.839783,0.8272297821012701,0.8523362178987298,2026-06-25,0.855046,0.839783,0.8244085107590694,0.8551574892409305,2026-06-26,0.864891,0.839783,0.8220300689961914,0.8575359310038085,2026-06-27,0.881202,0.839783,0.8199346197378102,0.8596313802621897,0.843511,0.839783,0.0,0.0
KGS_RUB,2026-06-23,0.843511,test,SET_A,"(0, 1, 0)",2026-06-24,0.853288,0.843511,0.8346345344980958,0.8523874655019043,2026-06-25,0.855046,0.843511,0.8309577821012701,0.8560642178987299,2026-06-26,0.864891,0.843511,0.8281365107590695,0.8588854892409306,2026-06-27,0.881202,0.843511,0.8257580689961914,0.8612639310038086,2026-06-30,0.889124,0.843511,0.8236626197378103,0.8633593802621897,0.853288,0.843511,0.0,0.0
KGS_RUB,2026-06-24,0.853288,test,SET_A,"(0, 1, 0)",2026-06-25,0.855046,0.853288,0.8444115344980958,0.8621644655019043,2026-06-26,0.864891,0.853288,0.8407347821012702,0.8658412178987299,2026-06-27,0.881202,0.853288,0.8379135107590695,0.8686624892409306,2026-06-30,0.889124,0.853288,0.8355350689961915,0.8710409310038086,2026-07-01,0.895021,0.853288,0.8334396197378103,0.8731363802621898,0.855046,0.853288,0.0,0.0
KGS_RUB,2026-06-25,0.855046,test,SET_A,"(0, 1, 0)",2026-06-26,0.864891,0.855046,0.8461695344980957,0.8639224655019042,2026-06-27,0.881202,0.855046,0.8424927821012701,0.8675992178987298,2026-06-30,0.889124,0.855046,0.8396715107590694,0.8704204892409305,2026-07-01,0.895021,0.855046,0.8372930689961914,0.8727989310038086,2026-07-02,0.894971,0.855046,0.8351976197378103,0.8748943802621897,0.864891,0.855046,0.0,0.0
KGS_RUB,2026-06-26,0.864891,test,SET_A,"(0, 1, 0)",2026-06-27,0.881202,0.864891,0.8560145344980957,0.8737674655019042,2026-06-30,0.889124,0.864891,0.8523377821012701,0.8774442178987298,2026-07-01,0.895021,0.864891,0.8495165107590694,0.8802654892409305,2026-07-02,0.894971,0.864891,0.8471380689961914,0.8826439310038086,2026-07-03,0.89113,0.864891,0.8450426197378103,0.8847393802621897,0.881202,0.864891,0.0,0.0
KGS_RUB,2026-06-27,0.881202,test,SET_A,"(0, 1, 0)",2026-06-30,0.889124,0.881202,0.8723255344980958,0.8900784655019043,2026-07-01,0.895021,0.881202,0.8686487821012702,0.8937552178987299,2026-07-02,0.894971,0.881202,0.8658275107590695,0.8965764892409306,2026-07-03,0.89113,0.881202,0.8634490689961914,0.8989549310038086,2026-07-04,0.883115,0.881202,0.8613536197378103,0.9010503802621898,0.883115,0.881202,0.0,0.0
KGS_RUB,2026-06-30,0.889124,test,SET_A,"(0, 1, 0)",2026-07-01,0.895021,0.889124,0.8802475344980958,0.8980004655019043,2026-07-02,0.894971,0.889124,0.8765707821012702,0.9016772178987299,2026-07-03,0.89113,0.889124,0.8737495107590695,0.9044984892409306,2026-07-04,0.883115,0.889124,0.8713710689961914,0.9068769310038086,2026-07-07,0.891589,0.889124,0.8692756197378103,0.9089723802621897,0.883115,0.889124,0.006758337419752522,0.0
KGS_RUB,2026-07-01,0.895021,test,SET_A,"(0, 1, 0)",2026-07-02,0.894971,0.895021,0.8861445344980957,0.9038974655019042,2026-07-03,0.89113,0.895021,0.8824677821012701,0.9075742178987298,2026-07-04,0.883115,0.895021,0.8796465107590694,0.9103954892409305,2026-07-07,0.891589,0.895021,0.8772680689961914,0.9127739310038085,2026-07-08,0.870507,0.895021,0.8751726197378102,0.9148693802621897,0.870507,0.895021,0.02738930148007692,0.0
KGS_RUB,2026-07-02,0.894971,test,SET_A,"(0, 1, 0)",2026-07-03,0.89113,0.894971,0.8860945344980957,0.9038474655019042,2026-07-04,0.883115,0.894971,0.8824177821012701,0.9075242178987298,2026-07-07,0.891589,0.894971,0.8795965107590694,0.9103454892409305,2026-07-08,0.870507,0.894971,0.8772180689961914,0.9127239310038086,2026-07-09,0.873672,0.894971,0.8751226197378102,0.9148193802621897,0.870507,0.894971,0.027334963926205352,0.0
KGS_RUB,2026-07-03,0.89113,test,SET_A,"(0, 1, 0)",2026-07-04,0.883115,0.89113,0.8822535344980957,0.9000064655019042,2026-07-07,0.891589,0.89113,0.8785767821012701,0.9036832178987299,2026-07-08,0.870507,0.89113,0.8757555107590694,0.9065044892409305,2026-07-09,0.873672,0.89113,0.8733770689961914,0.9088829310038086,2026-07-10,0.868287,0.89113,0.8712816197378103,0.9109783802621897,0.868287,0.89113,0.025633745918103922,0.0
KGS_RUB,2026-07-04,0.883115,test,SET_A,"(0, 1, 0)",2026-07-07,0.891589,0.883115,0.8742385344980957,0.8919914655019042,2026-07-08,0.870507,0.883115,0.8705617821012701,0.8956682178987299,2026-07-09,0.873672,0.883115,0.8677405107590694,0.8984894892409305,2026-07-10,0.868287,0.883115,0.8653620689961914,0.9008679310038086,2026-07-11,0.876681,0.883115,0.8632666197378103,0.9029633802621897,0.868287,0.883115,0.016790565215175773,0.0
KGS_RUB,2026-07-07,0.891589,test,SET_A,"(0, 1, 0)",2026-07-08,0.870507,0.891589,0.8827125344980957,0.9004654655019042,2026-07-09,0.873672,0.891589,0.8790357821012701,0.9041422178987298,2026-07-10,0.868287,0.891589,0.8762145107590694,0.9069634892409305,2026-07-11,0.876681,0.891589,0.8738360689961914,0.9093419310038086,2026-07-14,0.876173,0.891589,0.8717406197378103,0.9114373802621897,0.868287,0.891589,0.02613536057533228,0.0
KGS_RUB,2026-07-08,0.870507,test,SET_A,"(0, 1, 0)",2026-07-09,0.873672,0.870507,0.8616305344980958,0.8793834655019043,2026-07-10,0.868287,0.870507,0.8579537821012702,0.8830602178987299,2026-07-11,0.876681,0.870507,0.8551325107590695,0.8858814892409306,2026-07-14,0.876173,0.870507,0.8527540689961914,0.8882599310038086,2026-07-15,0.886122,0.870507,0.8506586197378103,0.8903553802621897,0.868287,0.870507,0.002550237964772253,0.0
KGS_RUB,2026-07-09,0.873672,test,SET_A,"(0, 1, 0)",2026-07-10,0.868287,0.873672,0.8647955344980958,0.8825484655019042,2026-07-11,0.876681,0.873672,0.8611187821012701,0.8862252178987299,2026-07-14,0.876173,0.873672,0.8582975107590695,0.8890464892409305,2026-07-15,0.886122,0.873672,0.8559190689961914,0.8914249310038086,2026-07-16,0.891444,0.873672,0.8538236197378103,0.8935203802621897,0.868287,0.873672,0.006163640359311015,0.0
KGS_RUB,2026-07-10,0.868287,test,SET_A,"(0, 1, 0)",2026-07-11,0.876681,0.868287,0.8594105344980958,0.8771634655019043,2026-07-14,0.876173,0.868287,0.8557337821012702,0.8808402178987299,2026-07-15,0.886122,0.868287,0.8529125107590695,0.8836614892409306,2026-07-16,0.891444,0.868287,0.8505340689961914,0.8860399310038086,2026-07-17,0.895576,0.868287,0.8484386197378103,0.8881353802621897,0.876173,0.868287,0.0,0.0
KGS_RUB,2026-07-11,0.876681,test,SET_A,"(0, 1, 0)",2026-07-14,0.876173,0.876681,0.8678045344980958,0.8855574655019043,2026-07-15,0.886122,0.876681,0.8641277821012702,0.8892342178987299,2026-07-16,0.891444,0.876681,0.8613065107590695,0.8920554892409306,2026-07-17,0.895576,0.876681,0.8589280689961915,0.8944339310038086,2026-07-18,0.896497,0.876681,0.8568326197378103,0.8965293802621898,0.876173,0.876681,0.0005794582065769236,0.0
KGS_RUB,2026-07-14,0.876173,test,SET_A,"(0, 1, 0)",2026-07-15,0.886122,0.876173,0.8672965344980957,0.8850494655019042,2026-07-16,0.891444,0.876173,0.8636197821012701,0.8887262178987299,2026-07-17,0.895576,0.876173,0.8607985107590694,0.8915474892409305,2026-07-18,0.896497,0.876173,0.8584200689961914,0.8939259310038086,2026-07-21,0.895551,0.876173,0.8563246197378103,0.8960213802621897,0.886122,0.876173,0.0,0.0
KGS_RUB,2026-07-15,0.886122,test,SET_A,"(0, 1, 0)",2026-07-16,0.891444,0.886122,0.8772455344980957,0.8949984655019042,2026-07-17,0.895576,0.886122,0.8735687821012701,0.8986752178987298,2026-07-18,0.896497,0.886122,0.8707475107590694,0.9014964892409305,2026-07-21,0.895551,0.886122,0.8683690689961914,0.9038749310038086,2026-07-22,0.898273,0.886122,0.8662736197378103,0.9059703802621897,0.891444,0.886122,0.0,0.0
KGS_RUB,2026-07-16,0.891444,test,SET_A,"(0, 1, 0)",2026-07-17,0.895576,0.891444,0.8825675344980958,0.9003204655019043,2026-07-18,0.896497,0.891444,0.8788907821012701,0.9039972178987299,2026-07-21,0.895551,0.891444,0.8760695107590695,0.9068184892409306,2026-07-22,0.898273,0.891444,0.8736910689961914,0.9091969310038086,2026-07-23,0.897377,0.891444,0.8715956197378103,0.9112923802621897,0.895551,0.891444,0.0,0.0
KGS_RUB,2026-07-17,0.895576,test,SET_A,"(0, 1, 0)",2026-07-18,0.896497,0.895576,0.8866995344980958,0.9044524655019043,2026-07-21,0.895551,0.895576,0.8830227821012702,0.9081292178987299,2026-07-22,0.898273,0.895576,0.8802015107590695,0.9109504892409306,2026-07-23,0.897377,0.895576,0.8778230689961914,0.9133289310038086,2026-07-24,0.896568,0.895576,0.8757276197378103,0.9154243802621898,0.895551,0.895576,2.7914995488995637e-05,0.0
KGS_RUB,2026-07-18,0.896497,test,SET_A,"(0, 1, 0)",2026-07-21,0.895551,0.896497,0.8876205344980957,0.9053734655019042,2026-07-22,0.898273,0.896497,0.8839437821012701,0.9090502178987299,2026-07-23,0.897377,0.896497,0.8811225107590694,0.9118714892409305,2026-07-24,0.896568,0.896497,0.8787440689961914,0.9142499310038086,2026-07-25,0.89229,0.896497,0.8766486197378103,0.9163453802621897,0.89229,0.896497,0.004692709512692135,0.0
KGS_RUB,2026-07-21,0.895551,test,SET_A,"(0, 1, 0)",2026-07-22,0.898273,0.895551,0.8866745344980957,0.9044274655019042,2026-07-23,0.897377,0.895551,0.8829977821012701,0.9081042178987299,2026-07-24,0.896568,0.895551,0.8801765107590694,0.9109254892409305,2026-07-25,0.89229,0.895551,0.8777980689961914,0.9133039310038086,2026-07-28,0.892135,0.895551,0.8757026197378103,0.9153993802621897,0.892135,0.895551,0.0038144114628870657,0.0
KGS_RUB,2026-07-22,0.898273,test,SET_A,"(0, 1, 0)",2026-07-23,0.897377,0.898273,0.8893965344980957,0.9071494655019042,2026-07-24,0.896568,0.898273,0.8857197821012701,0.9108262178987299,2026-07-25,0.89229,0.898273,0.8828985107590694,0.9136474892409305,2026-07-28,0.892135,0.898273,0.8805200689961914,0.9160259310038086,2026-07-29,0.89992,0.898273,0.8784246197378103,0.9181213802621897,0.892135,0.898273,0.006833111982660034,0.0
KGS_RUB,2026-07-23,0.897377,test,SET_A,"(0, 1, 0)",2026-07-24,0.896568,0.897377,0.8885005344980957,0.9062534655019042,2026-07-25,0.89229,0.897377,0.8848237821012701,0.9099302178987299,2026-07-28,0.892135,0.897377,0.8820025107590694,0.9127514892409305,2026-07-29,0.89992,0.897377,0.8796240689961914,0.9151299310038086,2026-07-30,0.907456,0.897377,0.8775286197378103,0.9172253802621897,0.892135,0.897377,0.005841469081556546,0.0
KGS_RUB,2026-07-24,0.896568,test,SET_A,"(0, 1, 0)",2026-07-25,0.89229,0.896568,0.8876915344980958,0.9054444655019043,2026-07-28,0.892135,0.896568,0.8840147821012702,0.9091212178987299,2026-07-29,0.89992,0.896568,0.8811935107590695,0.9119424892409306,2026-07-30,0.907456,0.896568,0.8788150689961914,0.9143209310038086,2026-07-31,0.913177,0.896568,0.8767196197378103,0.9164163802621897,0.892135,0.896568,0.004944410239937205,0.0
KGS_RUB,2026-07-25,0.89229,test,SET_A,"(0, 1, 0)",2026-07-28,0.892135,0.89229,0.8834135344980958,0.9011664655019043,2026-07-29,0.89992,0.89229,0.8797367821012702,0.9048432178987299,2026-07-30,0.907456,0.89229,0.8769155107590695,0.9076644892409306,2026-07-31,0.913177,0.89229,0.8745370689961914,0.9100429310038086,2026-08-01,0.908676,0.89229,0.8724416197378103,0.9121383802621897,0.892135,0.89229,0.00017371034080849974,0.0
KGS_RUB,2026-07-28,0.892135,test,SET_A,"(0, 1, 0)",2026-07-29,0.89992,0.892135,0.8832585344980958,0.9010114655019043,2026-07-30,0.907456,0.892135,0.8795817821012701,0.9046882178987299,2026-07-31,0.913177,0.892135,0.8767605107590695,0.9075094892409306,2026-08-01,0.908676,0.892135,0.8743820689961914,0.9098879310038086,2026-08-04,0.915594,0.892135,0.8722866197378103,0.9119833802621897,0.89992,0.892135,0.0,0.0
KGS_RUB,2026-07-29,0.89992,test,SET_A,"(0, 1, 0)",2026-07-30,0.907456,0.89992,0.8910435344980958,0.9087964655019043,2026-07-31,0.913177,0.89992,0.8873667821012702,0.9124732178987299,2026-08-01,0.908676,0.89992,0.8845455107590695,0.9152944892409306,2026-08-04,0.915594,0.89992,0.8821670689961915,0.9176729310038086,2026-08-05,0.92772,0.89992,0.8800716197378103,0.9197683802621898,0.907456,0.89992,0.0,0.0
KGS_RUB,2026-07-30,0.907456,test,SET_A,"(0, 1, 0)",2026-07-31,0.913177,0.907456,0.8985795344980958,0.9163324655019043,2026-08-01,0.908676,0.907456,0.8949027821012702,0.9200092178987299,2026-08-04,0.915594,0.907456,0.8920815107590695,0.9228304892409306,2026-08-05,0.92772,0.907456,0.8897030689961914,0.9252089310038086,2026-08-06,0.925435,0.907456,0.8876076197378103,0.9273043802621898,0.908676,0.907456,0.0,0.0
KGS_RUB,2026-07-31,0.913177,test,SET_A,"(0, 1, 0)",2026-08-01,0.908676,0.913177,0.9043005344980958,0.9220534655019043,2026-08-04,0.915594,0.913177,0.9006237821012701,0.9257302178987299,2026-08-05,0.92772,0.913177,0.8978025107590695,0.9285514892409306,2026-08-06,0.925435,0.913177,0.8954240689961914,0.9309299310038086,2026-08-07,0.930906,0.913177,0.8933286197378103,0.9330253802621897,0.908676,0.913177,0.004928945867011518,0.0
KGS_RUB,2026-08-01,0.908676,test,SET_A,"(0, 1, 0)",2026-08-04,0.915594,0.908676,0.8997995344980958,0.9175524655019043,2026-08-05,0.92772,0.908676,0.8961227821012702,0.9212292178987299,2026-08-06,0.925435,0.908676,0.8933015107590695,0.9240504892409306,2026-08-07,0.930906,0.908676,0.8909230689961914,0.9264289310038086,2026-08-08,0.939583,0.908676,0.8888276197378103,0.9285243802621898,0.915594,0.908676,0.0,0.0
KGS_RUB,2026-08-04,0.915594,test,SET_A,"(0, 1, 0)",2026-08-05,0.92772,0.915594,0.9067175344980958,0.9244704655019043,2026-08-06,0.925435,0.915594,0.9030407821012701,0.9281472178987299,2026-08-07,0.930906,0.915594,0.9002195107590695,0.9309684892409306,2026-08-08,0.939583,0.915594,0.8978410689961914,0.9333469310038086,2026-08-11,0.944608,0.915594,0.8957456197378103,0.9354423802621897,0.925435,0.915594,0.0,0.0
KGS_RUB,2026-08-05,0.92772,test,SET_A,"(0, 1, 0)",2026-08-06,0.925435,0.92772,0.9188435344980957,0.9365964655019042,2026-08-07,0.930906,0.92772,0.9151667821012701,0.9402732178987299,2026-08-08,0.939583,0.92772,0.9123455107590694,0.9430944892409305,2026-08-11,0.944608,0.92772,0.9099670689961914,0.9454729310038086,2026-08-12,0.941958,0.92772,0.9078716197378103,0.9475683802621897,0.925435,0.92772,0.0024630276376492706,0.0
KGS_RUB,2026-08-06,0.925435,test,SET_A,"(0, 1, 0)",2026-08-07,0.930906,0.925435,0.9165585344980958,0.9343114655019042,2026-08-08,0.939583,0.925435,0.9128817821012701,0.9379882178987299,2026-08-11,0.944608,0.925435,0.9100605107590695,0.9408094892409306,2026-08-12,0.941958,0.925435,0.9076820689961914,0.9431879310038086,2026-08-13,0.949087,0.925435,0.9055866197378103,0.9452833802621897,0.930906,0.925435,0.0,0.0
KGS_RUB,2026-08-07,0.930906,test,SET_A,"(0, 1, 0)",2026-08-08,0.939583,0.930906,0.9220295344980958,0.9397824655019043,2026-08-11,0.944608,0.930906,0.9183527821012701,0.9434592178987299,2026-08-12,0.941958,0.930906,0.9155315107590695,0.9462804892409306,2026-08-13,0.949087,0.930906,0.9131530689961914,0.9486589310038086,2026-08-14,0.958328,0.930906,0.9110576197378103,0.9507543802621897,0.939583,0.930906,0.0,0.0
KGS_RUB,2026-08-08,0.939583,test,SET_A,"(0, 1, 0)",2026-08-11,0.944608,0.939583,0.9307065344980957,0.9484594655019042,2026-08-12,0.941958,0.939583,0.9270297821012701,0.9521362178987298,2026-08-13,0.949087,0.939583,0.9242085107590694,0.9549574892409305,2026-08-14,0.958328,0.939583,0.9218300689961914,0.9573359310038085,2026-08-15,0.96678,0.939583,0.9197346197378102,0.9594313802621897,0.941958,0.939583,0.0,0.0
KGS_RUB,2026-08-11,0.944608,test,SET_A,"(0, 1, 0)",2026-08-12,0.941958,0.944608,0.9357315344980958,0.9534844655019042,2026-08-13,0.949087,0.944608,0.9320547821012701,0.9571612178987299,2026-08-14,0.958328,0.944608,0.9292335107590695,0.9599824892409305,2026-08-15,0.96678,0.944608,0.9268550689961914,0.9623609310038086,2026-08-18,0.97214,0.944608,0.9247596197378103,0.9644563802621897,0.941958,0.944608,0.002805396524272546,0.0
KGS_RUB,2026-08-12,0.941958,test,SET_A,"(0, 1, 0)",2026-08-13,0.949087,0.941958,0.9330815344980957,0.9508344655019042,2026-08-14,0.958328,0.941958,0.9294047821012701,0.9545112178987298,2026-08-15,0.96678,0.941958,0.9265835107590694,0.9573324892409305,2026-08-18,0.97214,0.941958,0.9242050689961914,0.9597109310038086,2026-08-19,0.973865,0.941958,0.9221096197378102,0.9618063802621897,0.949087,0.941958,0.0,0.0
KGS_RUB,2026-08-13,0.949087,test,SET_A,"(0, 1, 0)",2026-08-14,0.958328,0.949087,0.9402105344980958,0.9579634655019043,2026-08-15,0.96678,0.949087,0.9365337821012701,0.9616402178987299,2026-08-18,0.97214,0.949087,0.9337125107590695,0.9644614892409306,2026-08-19,0.973865,0.949087,0.9313340689961914,0.9668399310038086,2026-08-20,0.973463,0.949087,0.9292386197378103,0.9689353802621897,0.958328,0.949087,0.0,0.0
KGS_RUB,2026-08-14,0.958328,test,SET_A,"(0, 1, 0)",2026-08-15,0.96678,0.958328,0.9494515344980957,0.9672044655019042,2026-08-18,0.97214,0.958328,0.9457747821012701,0.9708812178987298,2026-08-19,0.973865,0.958328,0.9429535107590694,0.9737024892409305,2026-08-20,0.973463,0.958328,0.9405750689961914,0.9760809310038085,2026-08-21,0.953183,0.958328,0.9384796197378102,0.9781763802621897,0.953183,0.958328,0.005368725530298557,0.0
KGS_RUB,2026-08-15,0.96678,test,SET_A,"(0, 1, 0)",2026-08-18,0.97214,0.96678,0.9579035344980957,0.9756564655019042,2026-08-19,0.973865,0.96678,0.9542267821012701,0.9793332178987298,2026-08-20,0.973463,0.96678,0.9514055107590694,0.9821544892409305,2026-08-21,0.953183,0.96678,0.9490270689961914,0.9845329310038086,2026-08-22,0.948212,0.96678,0.9469316197378103,0.9866283802621897,0.948212,0.96678,0.019206024121309832,0.0
KGS_RUB,2026-08-18,0.97214,test,SET_A,"(0, 1, 0)",2026-08-19,0.973865,0.97214,0.9632635344980958,0.9810164655019042,2026-08-20,0.973463,0.97214,0.9595867821012701,0.9846932178987299,2026-08-21,0.953183,0.97214,0.9567655107590695,0.9875144892409305,2026-08-22,0.948212,0.97214,0.9543870689961914,0.9898929310038086,2026-08-25,0.952405,0.97214,0.9522916197378103,0.9919883802621897,0.948212,0.97214,0.02461373876190667,0.0
KGS_RUB,2026-08-19,0.973865,test,SET_A,"(0, 1, 0)",2026-08-20,0.973463,0.973865,0.9649885344980957,0.9827414655019042,2026-08-21,0.953183,0.973865,0.9613117821012701,0.9864182178987299,2026-08-22,0.948212,0.973865,0.9584905107590694,0.9892394892409305,2026-08-25,0.952405,0.973865,0.9561120689961914,0.9916179310038086,2026-08-26,0.965849,0.973865,0.9540166197378103,0.9937133802621897,0.948212,0.973865,0.0263414333608867,0.0
KGS_RUB,2026-08-20,0.973463,test,SET_A,"(0, 1, 0)",2026-08-21,0.953183,0.973463,0.9645865344980957,0.9823394655019042,2026-08-22,0.948212,0.973463,0.9609097821012701,0.9860162178987298,2026-08-25,0.952405,0.973463,0.9580885107590694,0.9888374892409305,2026-08-26,0.965849,0.973463,0.9557100689961914,0.9912159310038086,2026-08-27,0.963774,0.973463,0.9536146197378103,0.9933113802621897,0.948212,0.973463,0.025939352599944645,0.0
KZT_RUB,2025-07-12,0.150259,test,SET_A,"(0, 1, 0)",2025-07-15,0.150447,0.150259,0.14861647180610021,0.1519015281938998,2025-07-16,0.148707,0.150259,0.14793611435160672,0.15258188564839328,2025-07-17,0.148247,0.150259,0.1474140577153012,0.1531039422846988,2025-07-18,0.148501,0.150259,0.1469739436122004,0.1535440563877996,2025-07-19,0.147,0.150259,0.1465861953034801,0.1539318046965199,0.147,0.150259,0.02168921661930408,0.0
KZT_RUB,2025-07-15,0.150447,test,SET_A,"(0, 1, 0)",2025-07-16,0.148707,0.150447,0.1488044718061002,0.1520895281938998,2025-07-17,0.148247,0.150447,0.14812411435160672,0.15276988564839328,2025-07-18,0.148501,0.150447,0.1476020577153012,0.1532919422846988,2025-07-19,0.147,0.150447,0.1471619436122004,0.1537320563877996,2025-07-22,0.146788,0.150447,0.1467741953034801,0.1541198046965199,0.146788,0.150447,0.024320857178940062,0.0
KZT_RUB,2025-07-16,0.148707,test,SET_A,"(0, 1, 0)",2025-07-17,0.148247,0.148707,0.14706447180610022,0.1503495281938998,2025-07-18,0.148501,0.148707,0.14638411435160673,0.15102988564839329,2025-07-19,0.147,0.148707,0.1458620577153012,0.15155194228469882,2025-07-22,0.146788,0.148707,0.1454219436122004,0.1519920563877996,2025-07-23,0.147492,0.148707,0.1450341953034801,0.1523798046965199,0.146788,0.148707,0.01290457073305227,0.0
KZT_RUB,2025-07-17,0.148247,test,SET_A,"(0, 1, 0)",2025-07-18,0.148501,0.148247,0.1466044718061002,0.14988952819389978,2025-07-19,0.147,0.148247,0.1459241143516067,0.15056988564839327,2025-07-22,0.146788,0.148247,0.14540205771530118,0.1510919422846988,2025-07-23,0.147492,0.148247,0.14496194361220038,0.1515320563877996,2025-07-24,0.147469,0.148247,0.1445741953034801,0.1519198046965199,0.146788,0.148247,0.009841683136926805,0.0
KZT_RUB,2025-07-18,0.148501,test,SET_A,"(0, 1, 0)",2025-07-19,0.147,0.148501,0.1468584718061002,0.15014352819389978,2025-07-22,0.146788,0.148501,0.1461781143516067,0.15082388564839327,2025-07-23,0.147492,0.148501,0.14565605771530118,0.1513459422846988,2025-07-24,0.147469,0.148501,0.1452159436122004,0.1517860563877996,2025-07-25,0.14641,0.148501,0.1448281953034801,0.1521738046965199,0.14641,0.148501,0.014080713261190038,0.0
KZT_RUB,2025-07-19,0.147,test,SET_A,"(0, 1, 0)",2025-07-22,0.146788,0.147,0.1453574718061002,0.14864252819389978,2025-07-23,0.147492,0.147,0.1446771143516067,0.14932288564839327,2025-07-24,0.147469,0.147,0.14415505771530118,0.1498449422846988,2025-07-25,0.14641,0.147,0.14371494361220039,0.1502850563877996,2025-07-26,0.146795,0.147,0.1433271953034801,0.1506728046965199,0.14641,0.147,0.004013605442176731,0.0
KZT_RUB,2025-07-22,0.146788,test,SET_A,"(0, 1, 0)",2025-07-23,0.147492,0.14678799999999997,0.14514547180610018,0.14843052819389976,2025-07-24,0.147469,0.14678799999999997,0.1444651143516067,0.14911088564839325,2025-07-25,0.14641,0.14678799999999997,0.14394305771530116,0.14963294228469878,2025-07-26,0.146795,0.14678799999999997,0.14350294361220037,0.15007305638779958,2025-07-29,0.14605,0.14678799999999997,0.14311519530348008,0.15046080469651987,0.14605,0.14678799999999997,0.005027658936697745,1.8908613521288465e-16
KZT_RUB,2025-07-23,0.147492,test,SET_A,"(0, 1, 0)",2025-07-24,0.147469,0.147492,0.14584947180610022,0.1491345281938998,2025-07-25,0.14641,0.147492,0.14516911435160673,0.1498148856483933,2025-07-26,0.146795,0.147492,0.1446470577153012,0.15033694228469882,2025-07-29,0.14605,0.147492,0.1442069436122004,0.15077705638779962,2025-07-30,0.151851,0.147492,0.1438191953034801,0.1511648046965199,0.14605,0.147492,0.009776801453638155,0.0
KZT_RUB,2025-07-24,0.147469,test,SET_A,"(0, 1, 0)",2025-07-25,0.14641,0.147469,0.1458264718061002,0.14911152819389978,2025-07-26,0.146795,0.147469,0.1451461143516067,0.14979188564839327,2025-07-29,0.14605,0.147469,0.14462405771530118,0.1503139422846988,2025-07-30,0.151851,0.147469,0.14418394361220038,0.1507540563877996,2025-07-31,0.150978,0.147469,0.1437961953034801,0.1511418046965199,0.14605,0.147469,0.009622361309834446,0.0
KZT_RUB,2025-07-25,0.14641,test,SET_A,"(0, 1, 0)",2025-07-26,0.146795,0.14641,0.14476747180610022,0.1480525281938998,2025-07-29,0.14605,0.14641,0.14408711435160673,0.1487328856483933,2025-07-30,0.151851,0.14641,0.1435650577153012,0.14925494228469882,2025-07-31,0.150978,0.14641,0.1431249436122004,0.14969505638779962,2025-08-01,0.147003,0.14641,0.1427371953034801,0.1500828046965199,0.14605,0.14641,0.002458848439314249,0.0
KZT_RUB,2025-07-26,0.146795,test,SET_A,"(0, 1, 0)",2025-07-29,0.14605,0.146795,0.14515247180610022,0.1484375281938998,2025-07-30,0.151851,0.146795,0.14447211435160673,0.1491178856483933,2025-07-31,0.150978,0.146795,0.1439500577153012,0.14963994228469882,2025-08-01,0.147003,0.146795,0.1435099436122004,0.15008005638779962,2025-08-02,0.148543,0.146795,0.1431221953034801,0.1504678046965199,0.14605,0.146795,0.0050751047378997625,0.0
KZT_RUB,2025-07-29,0.14605,test,SET_A,"(0, 1, 0)",2025-07-30,0.151851,0.14605,0.14440747180610022,0.1476925281938998,2025-07-31,0.150978,0.14605,0.14372711435160673,0.1483728856483933,2025-08-01,0.147003,0.14605,0.1432050577153012,0.14889494228469882,2025-08-02,0.148543,0.14605,0.1427649436122004,0.14933505638779962,2025-08-05,0.146664,0.14605,0.14237719530348011,0.1497228046965199,0.146664,0.14605,0.0,0.0
KZT_RUB,2025-07-30,0.151851,test,SET_A,"(0, 1, 0)",2025-07-31,0.150978,0.151851,0.15020847180610022,0.1534935281938998,2025-08-01,0.147003,0.151851,0.14952811435160673,0.1541738856483933,2025-08-02,0.148543,0.151851,0.1490060577153012,0.15469594228469882,2025-08-05,0.146664,0.151851,0.1485659436122004,0.15513605638779962,2025-08-06,0.147741,0.151851,0.14817819530348011,0.1555238046965199,0.146664,0.151851,0.034158484303692595,0.0
KZT_RUB,2025-07-31,0.150978,test,SET_A,"(0, 1, 0)",2025-08-01,0.147003,0.150978,0.1493354718061002,0.1526205281938998,2025-08-02,0.148543,0.150978,0.14865511435160672,0.15330088564839328,2025-08-05,0.146664,0.150978,0.1481330577153012,0.1538229422846988,2025-08-06,0.147741,0.150978,0.1476929436122004,0.1542630563877996,2025-08-07,0.149185,0.150978,0.1473051953034801,0.1546508046965199,0.146664,0.150978,0.02857369947939443,0.0
KZT_RUB,2025-08-01,0.147003,test,SET_A,"(0, 1, 0)",2025-08-02,0.148543,0.147003,0.1453604718061002,0.14864552819389978,2025-08-05,0.146664,0.147003,0.14468011435160671,0.14932588564839328,2025-08-06,0.147741,0.147003,0.14415805771530119,0.1498479422846988,2025-08-07,0.149185,0.147003,0.1437179436122004,0.1502880563877996,2025-08-08,0.147946,0.147003,0.1433301953034801,0.1506758046965199,0.146664,0.147003,0.0023060753862166484,0.0
KZT_RUB,2025-08-02,0.148543,test,SET_A,"(0, 1, 0)",2025-08-05,0.146664,0.148543,0.14690047180610022,0.1501855281938998,2025-08-06,0.147741,0.148543,0.14622011435160673,0.1508658856483933,2025-08-07,0.149185,0.148543,0.1456980577153012,0.15138794228469882,2025-08-08,0.147946,0.148543,0.1452579436122004,0.15182805638779961,2025-08-09,0.14791,0.148543,0.1448701953034801,0.1522158046965199,0.146664,0.148543,0.0126495358246435,0.0
KZT_RUB,2025-08-05,0.146664,test,SET_A,"(0, 1, 0)",2025-08-06,0.147741,0.146664,0.1450214718061002,0.14830652819389978,2025-08-07,0.149185,0.146664,0.1443411143516067,0.14898688564839327,2025-08-08,0.147946,0.146664,0.14381905771530118,0.1495089422846988,2025-08-09,0.14791,0.146664,0.14337894361220038,0.1499490563877996,2025-08-12,0.147672,0.146664,0.1429911953034801,0.1503368046965199,0.147672,0.146664,0.0,0.0
KZT_RUB,2025-08-06,0.147741,test,SET_A,"(0, 1, 0)",2025-08-07,0.149185,0.147741,0.14609847180610022,0.1493835281938998,2025-08-08,0.147946,0.147741,0.14541811435160673,0.1500638856483933,2025-08-09,0.14791,0.147741,0.1448960577153012,0.15058594228469882,2025-08-12,0.147672,0.147741,0.1444559436122004,0.15102605638779962,2025-08-13,0.147185,0.147741,0.1440681953034801,0.1514138046965199,0.147185,0.147741,0.003763342606317819,0.0
KZT_RUB,2025-08-07,0.149185,test,SET_A,"(0, 1, 0)",2025-08-08,0.147946,0.149185,0.14754247180610022,0.1508275281938998,2025-08-09,0.14791,0.149185,0.14686211435160673,0.1515078856483933,2025-08-12,0.147672,0.149185,0.1463400577153012,0.15202994228469882,2025-08-13,0.147185,0.149185,0.1458999436122004,0.15247005638779962,2025-08-14,0.146791,0.149185,0.1455121953034801,0.1528578046965199,0.146791,0.149185,0.016047189730871114,0.0
KZT_RUB,2025-08-08,0.147946,test,SET_A,"(0, 1, 0)",2025-08-09,0.14791,0.147946,0.1463034718061002,0.14958852819389978,2025-08-12,0.147672,0.147946,0.14562311435160671,0.15026888564839327,2025-08-13,0.147185,0.147946,0.14510105771530118,0.1507909422846988,2025-08-14,0.146791,0.147946,0.1446609436122004,0.1512310563877996,2025-08-15,0.148274,0.147946,0.1442731953034801,0.1516188046965199,0.146791,0.147946,0.007806902518486403,0.0
KZT_RUB,2025-08-09,0.14791,test,SET_A,"(0, 1, 0)",2025-08-12,0.147672,0.14791,0.14626747180610022,0.1495525281938998,2025-08-13,0.147185,0.14791,0.14558711435160673,0.1502328856483933,2025-08-14,0.146791,0.14791,0.1450650577153012,0.15075494228469882,2025-08-15,0.148274,0.14791,0.1446249436122004,0.15119505638779962,2025-08-16,0.148732,0.14791,0.14423719530348011,0.1515828046965199,0.146791,0.14791,0.007565411398823668,0.0
KZT_RUB,2025-08-12,0.147672,test,SET_A,"(0, 1, 0)",2025-08-13,0.147185,0.147672,0.1460294718061002,0.1493145281938998,2025-08-14,0.146791,0.147672,0.14534911435160672,0.14999488564839328,2025-08-15,0.148274,0.147672,0.1448270577153012,0.1505169422846988,2025-08-16,0.148732,0.147672,0.1443869436122004,0.1509570563877996,2025-08-19,0.148697,0.147672,0.1439991953034801,0.1513448046965199,0.146791,0.147672,0.005965924481282795,0.0
KZT_RUB,2025-08-13,0.147185,test,SET_A,"(0, 1, 0)",2025-08-14,0.146791,0.147185,0.14554247180610022,0.1488275281938998,2025-08-15,0.148274,0.147185,0.14486211435160673,0.1495078856483933,2025-08-16,0.148732,0.147185,0.1443400577153012,0.15002994228469882,2025-08-19,0.148697,0.147185,0.1438999436122004,0.15047005638779962,2025-08-20,0.14879,0.147185,0.1435121953034801,0.1508578046965199,0.146791,0.147185,0.0026769032170398167,0.0
KZT_RUB,2025-08-14,0.146791,test,SET_A,"(0, 1, 0)",2025-08-15,0.148274,0.146791,0.14514847180610022,0.1484335281938998,2025-08-16,0.148732,0.146791,0.14446811435160672,0.14911388564839329,2025-08-19,0.148697,0.146791,0.1439460577153012,0.14963594228469881,2025-08-20,0.14879,0.146791,0.1435059436122004,0.1500760563877996,2025-08-21,0.148736,0.146791,0.1431181953034801,0.1504638046965199,0.148274,0.146791,0.0,0.0
KZT_RUB,2025-08-15,0.148274,test,SET_A,"(0, 1, 0)",2025-08-16,0.148732,0.148274,0.1466314718061002,0.14991652819389978,2025-08-19,0.148697,0.148274,0.1459511143516067,0.15059688564839327,2025-08-20,0.14879,0.148274,0.14542905771530118,0.1511189422846988,2025-08-21,0.148736,0.148274,0.14498894361220038,0.1515590563877996,2025-08-22,0.149081,0.148274,0.1446011953034801,0.1519468046965199,0.148697,0.148274,0.0,0.0
KZT_RUB,2025-08-16,0.148732,test,SET_A,"(0, 1, 0)",2025-08-19,0.148697,0.148732,0.1470894718061002,0.1503745281938998,2025-08-20,0.14879,0.148732,0.14640911435160672,0.15105488564839328,2025-08-21,0.148736,0.148732,0.1458870577153012,0.1515769422846988,2025-08-22,0.149081,0.148732,0.1454469436122004,0.1520170563877996,2025-08-23,0.150162,0.148732,0.1450591953034801,0.1524048046965199,0.148697,0.148732,0.000235322593658441,0.0
KZT_RUB,2025-08-19,0.148697,test,SET_A,"(0, 1, 0)",2025-08-20,0.14879,0.148697,0.1470544718061002,0.15033952819389979,2025-08-21,0.148736,0.148697,0.14637411435160672,0.15101988564839328,2025-08-22,0.149081,0.148697,0.1458520577153012,0.1515419422846988,2025-08-23,0.150162,0.148697,0.1454119436122004,0.1519820563877996,2025-08-26,0.150155,0.148697,0.1450241953034801,0.1523698046965199,0.148736,0.148697,0.0,0.0
KZT_RUB,2025-08-20,0.14879,test,SET_A,"(0, 1, 0)",2025-08-21,0.148736,0.14879,0.14714747180610022,0.1504325281938998,2025-08-22,0.149081,0.14879,0.14646711435160673,0.15111288564839329,2025-08-23,0.150162,0.14879,0.1459450577153012,0.15163494228469881,2025-08-26,0.150155,0.14879,0.1455049436122004,0.1520750563877996,2025-08-27,0.150239,0.14879,0.1451171953034801,0.1524628046965199,0.148736,0.14879,0.0003629276161032226,0.0
KZT_RUB,2025-08-21,0.148736,test,SET_A,"(0, 1, 0)",2025-08-22,0.149081,0.148736,0.14709347180610022,0.1503785281938998,2025-08-23,0.150162,0.148736,0.14641311435160673,0.1510588856483933,2025-08-26,0.150155,0.148736,0.1458910577153012,0.15158094228469882,2025-08-27,0.150239,0.148736,0.1454509436122004,0.1520210563877996,2025-08-28,0.150677,0.148736,0.1450631953034801,0.1524088046965199,0.149081,0.148736,0.0,0.0
KZT_RUB,2025-08-22,0.149081,test,SET_A,"(0, 1, 0)",2025-08-23,0.150162,0.149081,0.1474384718061002,0.15072352819389978,2025-08-26,0.150155,0.149081,0.1467581143516067,0.15140388564839327,2025-08-27,0.150239,0.149081,0.14623605771530118,0.1519259422846988,2025-08-28,0.150677,0.149081,0.14579594361220038,0.1523660563877996,2025-08-29,0.149344,0.149081,0.1454081953034801,0.1527538046965199,0.149344,0.149081,0.0,0.0
KZT_RUB,2025-08-23,0.150162,test,SET_A,"(0, 1, 0)",2025-08-26,0.150155,0.150162,0.1485194718061002,0.15180452819389978,2025-08-27,0.150239,0.150162,0.1478391143516067,0.15248488564839327,2025-08-28,0.150677,0.150162,0.14731705771530118,0.1530069422846988,2025-08-29,0.149344,0.150162,0.14687694361220038,0.1534470563877996,2025-08-30,0.149382,0.150162,0.1464891953034801,0.1538348046965199,0.149344,0.150162,0.0054474500872390185,0.0
KZT_RUB,2025-08-26,0.150155,test,SET_A,"(0, 1, 0)",2025-08-27,0.150239,0.150155,0.14851247180610022,0.1517975281938998,2025-08-28,0.150677,0.150155,0.14783211435160673,0.1524778856483933,2025-08-29,0.149344,0.150155,0.1473100577153012,0.15299994228469882,2025-08-30,0.149382,0.150155,0.1468699436122004,0.15344005638779962,2025-09-02,0.149341,0.150155,0.1464821953034801,0.1538278046965199,0.149341,0.150155,0.0054210648996038035,0.0
KZT_RUB,2025-08-27,0.150239,test,SET_A,"(0, 1, 0)",2025-08-28,0.150677,0.150239,0.14859647180610022,0.1518815281938998,2025-08-29,0.149344,0.150239,0.14791611435160673,0.1525618856483933,2025-08-30,0.149382,0.150239,0.1473940577153012,0.15308394228469882,2025-09-02,0.149341,0.150239,0.1469539436122004,0.15352405638779962,2025-09-03,0.149654,0.150239,0.1465661953034801,0.1539118046965199,0.149341,0.150239,0.00597714308535074,0.0
KZT_RUB,2025-08-28,0.150677,test,SET_A,"(0, 1, 0)",2025-08-29,0.149344,0.150677,0.14903447180610022,0.1523195281938998,2025-08-30,0.149382,0.150677,0.14835411435160673,0.15299988564839329,2025-09-02,0.149341,0.150677,0.1478320577153012,0.15352194228469881,2025-09-03,0.149654,0.150677,0.1473919436122004,0.1539620563877996,2025-09-04,0.149845,0.150677,0.1470041953034801,0.1543498046965199,0.149341,0.150677,0.00886664852631791,0.0
KZT_RUB,2025-08-29,0.149344,test,SET_A,"(0, 1, 0)",2025-08-30,0.149382,0.149344,0.14770147180610022,0.1509865281938998,2025-09-02,0.149341,0.149344,0.14702111435160672,0.15166688564839328,2025-09-03,0.149654,0.149344,0.1464990577153012,0.1521889422846988,2025-09-04,0.149845,0.149344,0.1460589436122004,0.1526290563877996,2025-09-05,0.150501,0.149344,0.1456711953034801,0.1530168046965199,0.149341,0.149344,2.0087850867815247e-05,0.0
KZT_RUB,2025-08-30,0.149382,test,SET_A,"(0, 1, 0)",2025-09-02,0.149341,0.149382,0.1477394718061002,0.15102452819389978,2025-09-03,0.149654,0.149382,0.1470591143516067,0.15170488564839327,2025-09-04,0.149845,0.149382,0.14653705771530118,0.1522269422846988,2025-09-05,0.150501,0.149382,0.14609694361220038,0.1526670563877996,2025-09-06,0.151015,0.149382,0.1457091953034801,0.15305480469651989,0.149341,0.149382,0.000274464125530422,0.0
KZT_RUB,2025-09-02,0.149341,test,SET_A,"(0, 1, 0)",2025-09-03,0.149654,0.149341,0.1476984718061002,0.1509835281938998,2025-09-04,0.149845,0.149341,0.14701811435160672,0.15166388564839328,2025-09-05,0.150501,0.149341,0.1464960577153012,0.1521859422846988,2025-09-06,0.151015,0.149341,0.1460559436122004,0.1526260563877996,2025-09-09,0.153073,0.149341,0.1456681953034801,0.1530138046965199,0.149654,0.149341,0.0,0.0
KZT_RUB,2025-09-03,0.149654,test,SET_A,"(0, 1, 0)",2025-09-04,0.149845,0.149654,0.14801147180610022,0.1512965281938998,2025-09-05,0.150501,0.149654,0.14733111435160673,0.1519768856483933,2025-09-06,0.151015,0.149654,0.1468090577153012,0.15249894228469882,2025-09-09,0.153073,0.149654,0.1463689436122004,0.15293905638779962,2025-09-10,0.155556,0.149654,0.1459811953034801,0.1533268046965199,0.149845,0.149654,0.0,0.0
KZT_RUB,2025-09-04,0.149845,test,SET_A,"(0, 1, 0)",2025-09-05,0.150501,0.149845,0.14820247180610022,0.1514875281938998,2025-09-06,0.151015,0.149845,0.14752211435160673,0.1521678856483933,2025-09-09,0.153073,0.149845,0.1470000577153012,0.15268994228469882,2025-09-10,0.155556,0.149845,0.1465599436122004,0.1531300563877996,2025-09-11,0.158211,0.149845,0.1461721953034801,0.1535178046965199,0.150501,0.149845,0.0,0.0
KZT_RUB,2025-09-05,0.150501,test,SET_A,"(0, 1, 0)",2025-09-06,0.151015,0.150501,0.1488584718061002,0.15214352819389979,2025-09-09,0.153073,0.150501,0.14817811435160672,0.15282388564839328,2025-09-10,0.155556,0.150501,0.1476560577153012,0.1533459422846988,2025-09-11,0.158211,0.150501,0.1472159436122004,0.1537860563877996,2025-09-12,0.159169,0.150501,0.1468281953034801,0.1541738046965199,0.151015,0.150501,0.0,0.0
KZT_RUB,2025-09-06,0.151015,test,SET_A,"(0, 1, 0)",2025-09-09,0.153073,0.151015,0.14937247180610022,0.1526575281938998,2025-09-10,0.155556,0.151015,0.14869211435160673,0.1533378856483933,2025-09-11,0.158211,0.151015,0.1481700577153012,0.15385994228469882,2025-09-12,0.159169,0.151015,0.1477299436122004,0.15430005638779962,2025-09-13,0.156581,0.151015,0.1473421953034801,0.1546878046965199,0.153073,0.151015,0.0,0.0
KZT_RUB,2025-09-09,0.153073,test,SET_A,"(0, 1, 0)",2025-09-10,0.155556,0.153073,0.1514304718061002,0.15471552819389978,2025-09-11,0.158211,0.153073,0.1507501143516067,0.15539588564839327,2025-09-12,0.159169,0.153073,0.15022805771530118,0.1559179422846988,2025-09-13,0.156581,0.153073,0.14978794361220038,0.1563580563877996,2025-09-16,0.153598,0.153073,0.1494001953034801,0.15674580469651989,0.153598,0.153073,0.0,0.0
KZT_RUB,2025-09-10,0.155556,test,SET_A,"(0, 1, 0)",2025-09-11,0.158211,0.155556,0.1539134718061002,0.1571985281938998,2025-09-12,0.159169,0.155556,0.15323311435160672,0.15787888564839328,2025-09-13,0.156581,0.155556,0.1527110577153012,0.1584009422846988,2025-09-16,0.153598,0.155556,0.1522709436122004,0.1588410563877996,2025-09-17,0.153065,0.155556,0.1518831953034801,0.1592288046965199,0.153065,0.155556,0.016013525675640884,0.0
KZT_RUB,2025-09-11,0.158211,test,SET_A,"(0, 1, 0)",2025-09-12,0.159169,0.158211,0.1565684718061002,0.15985352819389978,2025-09-13,0.156581,0.158211,0.1558881143516067,0.16053388564839327,2025-09-16,0.153598,0.158211,0.15536605771530118,0.1610559422846988,2025-09-17,0.153065,0.158211,0.15492594361220038,0.1614960563877996,2025-09-18,0.153832,0.158211,0.1545381953034801,0.1618838046965199,0.153065,0.158211,0.03252618338800706,0.0
KZT_RUB,2025-09-12,0.159169,test,SET_A,"(0, 1, 0)",2025-09-13,0.156581,0.159169,0.15752647180610022,0.1608115281938998,2025-09-16,0.153598,0.159169,0.15684611435160672,0.16149188564839329,2025-09-17,0.153065,0.159169,0.1563240577153012,0.16201394228469881,2025-09-18,0.153832,0.159169,0.1558839436122004,0.1624540563877996,2025-09-19,0.153736,0.159169,0.1554961953034801,0.1628418046965199,0.153065,0.159169,0.038349176033021494,0.0
KZT_RUB,2025-09-13,0.156581,test,SET_A,"(0, 1, 0)",2025-09-16,0.153598,0.156581,0.1549384718061002,0.1582235281938998,2025-09-17,0.153065,0.156581,0.15425811435160672,0.15890388564839328,2025-09-18,0.153832,0.156581,0.1537360577153012,0.1594259422846988,2025-09-19,0.153736,0.156581,0.1532959436122004,0.1598660563877996,2025-09-20,0.154414,0.156581,0.1529081953034801,0.1602538046965199,0.153065,0.156581,0.022454831684559376,0.0
KZT_RUB,2025-09-16,0.153598,test,SET_A,"(0, 1, 0)",2025-09-17,0.153065,0.153598,0.15195547180610022,0.1552405281938998,2025-09-18,0.153832,0.153598,0.15127511435160673,0.1559208856483933,2025-09-19,0.153736,0.153598,0.1507530577153012,0.15644294228469882,2025-09-20,0.154414,0.153598,0.1503129436122004,0.15688305638779962,2025-09-23,0.155248,0.153598,0.1499251953034801,0.1572708046965199,0.153065,0.153598,0.003470097266891533,0.0
KZT_RUB,2025-09-17,0.153065,test,SET_A,"(0, 1, 0)",2025-09-18,0.153832,0.153065,0.15142247180610022,0.1547075281938998,2025-09-19,0.153736,0.153065,0.15074211435160673,0.1553878856483933,2025-09-20,0.154414,0.153065,0.1502200577153012,0.15590994228469882,2025-09-23,0.155248,0.153065,0.1497799436122004,0.1563500563877996,2025-09-24,0.153594,0.153065,0.1493921953034801,0.1567378046965199,0.153594,0.153065,0.0,0.0
KZT_RUB,2025-09-18,0.153832,test,SET_A,"(0, 1, 0)",2025-09-19,0.153736,0.153832,0.1521894718061002,0.15547452819389979,2025-09-20,0.154414,0.153832,0.15150911435160672,0.15615488564839328,2025-09-23,0.155248,0.153832,0.1509870577153012,0.1566769422846988,2025-09-24,0.153594,0.153832,0.1505469436122004,0.1571170563877996,2025-09-25,0.15411,0.153832,0.1501591953034801,0.1575048046965199,0.153594,0.153832,0.0015471423370949362,0.0
KZT_RUB,2025-09-19,0.153736,test,SET_A,"(0, 1, 0)",2025-09-20,0.154414,0.153736,0.15209347180610022,0.1553785281938998,2025-09-23,0.155248,0.153736,0.15141311435160673,0.1560588856483933,2025-09-24,0.153594,0.153736,0.1508910577153012,0.15658094228469882,2025-09-25,0.15411,0.153736,0.1504509436122004,0.15702105638779962,2025-09-26,0.154029,0.153736,0.1500631953034801,0.1574088046965199,0.153594,0.153736,0.0009236613415205497,0.0
KZT_RUB,2025-09-20,0.154414,test,SET_A,"(0, 1, 0)",2025-09-23,0.155248,0.154414,0.1527714718061002,0.15605652819389979,2025-09-24,0.153594,0.154414,0.15209111435160672,0.15673688564839328,2025-09-25,0.15411,0.154414,0.1515690577153012,0.1572589422846988,2025-09-26,0.154029,0.154414,0.1511289436122004,0.1576990563877996,2025-09-27,0.154356,0.154414,0.1507411953034801,0.1580868046965199,0.153594,0.154414,0.005310399316124104,0.0
KZT_RUB,2025-09-23,0.155248,test,SET_A,"(0, 1, 0)",2025-09-24,0.153594,0.155248,0.1536054718061002,0.1568905281938998,2025-09-25,0.15411,0.155248,0.15292511435160672,0.15757088564839328,2025-09-26,0.154029,0.155248,0.1524030577153012,0.1580929422846988,2025-09-27,0.154356,0.155248,0.1519629436122004,0.1585330563877996,2025-09-30,0.152257,0.155248,0.1515751953034801,0.1589208046965199,0.152257,0.155248,0.01926594867566728,0.0
KZT_RUB,2025-09-24,0.153594,test,SET_A,"(0, 1, 0)",2025-09-25,0.15411,0.153594,0.15195147180610022,0.1552365281938998,2025-09-26,0.154029,0.153594,0.15127111435160673,0.1559168856483933,2025-09-27,0.154356,0.153594,0.1507490577153012,0.15643894228469882,2025-09-30,0.152257,0.153594,0.1503089436122004,0.15687905638779961,2025-10-01,0.150528,0.153594,0.1499211953034801,0.1572668046965199,0.150528,0.153594,0.019961717254580343,0.0
KZT_RUB,2025-09-25,0.15411,test,SET_A,"(0, 1, 0)",2025-09-26,0.154029,0.15411,0.1524674718061002,0.1557525281938998,2025-09-27,0.154356,0.15411,0.15178711435160672,0.15643288564839328,2025-09-30,0.152257,0.15411,0.1512650577153012,0.1569549422846988,2025-10-01,0.150528,0.15411,0.1508249436122004,0.1573950563877996,2025-10-02,0.148429,0.15411,0.1504371953034801,0.1577828046965199,0.148429,0.15411,0.036863279475699125,0.0
KZT_RUB,2025-09-26,0.154029,test,SET_A,"(0, 1, 0)",2025-09-27,0.154356,0.154029,0.1523864718061002,0.1556715281938998,2025-09-30,0.152257,0.154029,0.15170611435160672,0.15635188564839328,2025-10-01,0.150528,0.154029,0.1511840577153012,0.1568739422846988,2025-10-02,0.148429,0.154029,0.1507439436122004,0.1573140563877996,2025-10-03,0.147516,0.154029,0.1503561953034801,0.1577018046965199,0.147516,0.154029,0.042284245174609915,0.0
KZT_RUB,2025-09-27,0.154356,test,SET_A,"(0, 1, 0)",2025-09-30,0.152257,0.154356,0.1527134718061002,0.15599852819389978,2025-10-01,0.150528,0.154356,0.1520331143516067,0.15667888564839327,2025-10-02,0.148429,0.154356,0.15151105771530118,0.1572009422846988,2025-10-03,0.147516,0.154356,0.1510709436122004,0.1576410563877996,2025-10-04,0.149731,0.154356,0.1506831953034801,0.1580288046965199,0.147516,0.154356,0.04431314623338248,0.0
KZT_RUB,2025-09-30,0.152257,test,SET_A,"(0, 1, 0)",2025-10-01,0.150528,0.152257,0.15061447180610021,0.1538995281938998,2025-10-02,0.148429,0.152257,0.14993411435160672,0.15457988564839328,2025-10-03,0.147516,0.152257,0.1494120577153012,0.1551019422846988,2025-10-04,0.149731,0.152257,0.1489719436122004,0.1555420563877996,2025-10-07,0.151579,0.152257,0.1485841953034801,0.1559298046965199,0.147516,0.152257,0.031138141431920997,0.0
KZT_RUB,2025-10-01,0.150528,test,SET_A,"(0, 1, 0)",2025-10-02,0.148429,0.150528,0.1488854718061002,0.15217052819389978,2025-10-03,0.147516,0.150528,0.14820511435160671,0.15285088564839328,2025-10-04,0.149731,0.150528,0.14768305771530119,0.1533729422846988,2025-10-07,0.151579,0.150528,0.1472429436122004,0.1538130563877996,2025-10-08,0.150155,0.150528,0.1468551953034801,0.1542008046965199,0.147516,0.150528,0.020009566326530524,0.0
KZT_RUB,2025-10-02,0.148429,test,SET_A,"(0, 1, 0)",2025-10-03,0.147516,0.148429,0.14678647180610022,0.1500715281938998,2025-10-04,0.149731,0.148429,0.14610611435160673,0.15075188564839329,2025-10-07,0.151579,0.148429,0.1455840577153012,0.15127394228469881,2025-10-08,0.150155,0.148429,0.1451439436122004,0.1517140563877996,2025-10-09,0.15056,0.148429,0.1447561953034801,0.1521018046965199,0.147516,0.148429,0.006151089072890049,0.0
KZT_RUB,2025-10-03,0.147516,test,SET_A,"(0, 1, 0)",2025-10-04,0.149731,0.147516,0.14587347180610022,0.1491585281938998,2025-10-07,0.151579,0.147516,0.14519311435160673,0.1498388856483933,2025-10-08,0.150155,0.147516,0.1446710577153012,0.15036094228469882,2025-10-09,0.15056,0.147516,0.1442309436122004,0.15080105638779961,2025-10-10,0.150743,0.147516,0.1438431953034801,0.1511888046965199,0.149731,0.147516,0.0,0.0
KZT_RUB,2025-10-04,0.149731,test,SET_A,"(0, 1, 0)",2025-10-07,0.151579,0.149731,0.1480884718061002,0.1513735281938998,2025-10-08,0.150155,0.149731,0.14740811435160672,0.15205388564839328,2025-10-09,0.15056,0.149731,0.1468860577153012,0.1525759422846988,2025-10-10,0.150743,0.149731,0.1464459436122004,0.1530160563877996,2025-10-11,0.149924,0.149731,0.1460581953034801,0.1534038046965199,0.149924,0.149731,0.0,0.0
KZT_RUB,2025-10-07,0.151579,test,SET_A,"(0, 1, 0)",2025-10-08,0.150155,0.151579,0.1499364718061002,0.15322152819389978,2025-10-09,0.15056,0.151579,0.1492561143516067,0.15390188564839327,2025-10-10,0.150743,0.151579,0.14873405771530118,0.1544239422846988,2025-10-11,0.149924,0.151579,0.14829394361220039,0.1548640563877996,2025-10-14,0.149992,0.151579,0.1479061953034801,0.1552518046965199,0.149924,0.151579,0.010918398986666952,0.0
KZT_RUB,2025-10-08,0.150155,test,SET_A,"(0, 1, 0)",2025-10-09,0.15056,0.150155,0.14851247180610022,0.1517975281938998,2025-10-10,0.150743,0.150155,0.14783211435160673,0.1524778856483933,2025-10-11,0.149924,0.150155,0.1473100577153012,0.15299994228469882,2025-10-14,0.149992,0.150155,0.1468699436122004,0.15344005638779962,2025-10-15,0.148686,0.150155,0.1464821953034801,0.1538278046965199,0.148686,0.150155,0.009783224001864725,0.0
KZT_RUB,2025-10-09,0.15056,test,SET_A,"(0, 1, 0)",2025-10-10,0.150743,0.15056,0.1489174718061002,0.1522025281938998,2025-10-11,0.149924,0.15056,0.14823711435160672,0.15288288564839328,2025-10-14,0.149992,0.15056,0.1477150577153012,0.1534049422846988,2025-10-15,0.148686,0.15056,0.1472749436122004,0.1538450563877996,2025-10-16,0.146369,0.15056,0.1468871953034801,0.1542328046965199,0.146369,0.15056,0.027836078639744955,0.0
KZT_RUB,2025-10-10,0.150743,test,SET_A,"(0, 1, 0)",2025-10-11,0.149924,0.150743,0.1491004718061002,0.15238552819389978,2025-10-14,0.149992,0.150743,0.1484201143516067,0.15306588564839327,2025-10-15,0.148686,0.150743,0.14789805771530118,0.1535879422846988,2025-10-16,0.146369,0.150743,0.14745794361220038,0.1540280563877996,2025-10-17,0.146571,0.150743,0.1470701953034801,0.1544158046965199,0.146369,0.150743,0.029016272729081877,0.0
KZT_RUB,2025-10-11,0.149924,test,SET_A,"(0, 1, 0)",2025-10-14,0.149992,0.149924,0.1482814718061002,0.1515665281938998,2025-10-15,0.148686,0.149924,0.14760111435160672,0.15224688564839328,2025-10-16,0.146369,0.149924,0.1470790577153012,0.1527689422846988,2025-10-17,0.146571,0.149924,0.1466389436122004,0.1532090563877996,2025-10-18,0.150572,0.149924,0.1462511953034801,0.1535968046965199,0.146369,0.149924,0.0237120140871375,0.0
KZT_RUB,2025-10-14,0.149992,test,SET_A,"(0, 1, 0)",2025-10-15,0.148686,0.149992,0.1483494718061002,0.15163452819389978,2025-10-16,0.146369,0.149992,0.1476691143516067,0.15231488564839327,2025-10-17,0.146571,0.149992,0.14714705771530118,0.1528369422846988,2025-10-18,0.150572,0.149992,0.14670694361220038,0.1532770563877996,2025-10-21,0.151697,0.149992,0.1463191953034801,0.15366480469651989,0.146369,0.149992,0.024154621579817508,0.0
KZT_RUB,2025-10-15,0.148686,test,SET_A,"(0, 1, 0)",2025-10-16,0.146369,0.148686,0.14704347180610022,0.1503285281938998,2025-10-17,0.146571,0.148686,0.14636311435160673,0.1510088856483933,2025-10-18,0.150572,0.148686,0.1458410577153012,0.15153094228469882,2025-10-21,0.151697,0.148686,0.1454009436122004,0.15197105638779962,2025-10-22,0.15117,0.148686,0.1450131953034801,0.1523588046965199,0.146369,0.148686,0.015583175282138286,0.0
KZT_RUB,2025-10-16,0.146369,test,SET_A,"(0, 1, 0)",2025-10-17,0.146571,0.146369,0.1447264718061002,0.1480115281938998,2025-10-18,0.150572,0.146369,0.14404611435160672,0.14869188564839328,2025-10-21,0.151697,0.146369,0.1435240577153012,0.1492139422846988,2025-10-22,0.15117,0.146369,0.1430839436122004,0.1496540563877996,2025-10-23,0.151617,0.146369,0.1426961953034801,0.1500418046965199,0.146571,0.146369,0.0,0.0
KZT_RUB,2025-10-17,0.146571,test,SET_A,"(0, 1, 0)",2025-10-18,0.150572,0.146571,0.14492847180610022,0.1482135281938998,2025-10-21,0.151697,0.146571,0.14424811435160673,0.1488938856483933,2025-10-22,0.15117,0.146571,0.1437260577153012,0.14941594228469882,2025-10-23,0.151617,0.146571,0.1432859436122004,0.1498560563877996,2025-10-24,0.150909,0.146571,0.1428981953034801,0.1502438046965199,0.150572,0.146571,0.0,0.0
KZT_RUB,2025-10-18,0.150572,test,SET_A,"(0, 1, 0)",2025-10-21,0.151697,0.150572,0.14892947180610022,0.1522145281938998,2025-10-22,0.15117,0.150572,0.14824911435160673,0.1528948856483933,2025-10-23,0.151617,0.150572,0.1477270577153012,0.15341694228469882,2025-10-24,0.150909,0.150572,0.1472869436122004,0.15385705638779962,2025-10-25,0.150474,0.150572,0.1468991953034801,0.1542448046965199,0.150474,0.150572,0.0006508514199188079,0.0
KZT_RUB,2025-10-21,0.151697,test,SET_A,"(0, 1, 0)",2025-10-22,0.15117,0.151697,0.1500544718061002,0.1533395281938998,2025-10-23,0.151617,0.151697,0.14937411435160672,0.15401988564839328,2025-10-24,0.150909,0.151697,0.1488520577153012,0.1545419422846988,2025-10-25,0.150474,0.151697,0.1484119436122004,0.1549820563877996,2025-10-28,0.146776,0.151697,0.1480241953034801,0.1553698046965199,0.146776,0.151697,0.03243966591297131,0.0
KZT_RUB,2025-10-22,0.15117,test,SET_A,"(0, 1, 0)",2025-10-23,0.151617,0.15117,0.1495274718061002,0.1528125281938998,2025-10-24,0.150909,0.15117,0.14884711435160672,0.15349288564839328,2025-10-25,0.150474,0.15117,0.1483250577153012,0.1540149422846988,2025-10-28,0.146776,0.15117,0.1478849436122004,0.1544550563877996,2025-10-29,0.148324,0.15117,0.1474971953034801,0.1548428046965199,0.146776,0.15117,0.029066613746113707,0.0
KZT_RUB,2025-10-23,0.151617,test,SET_A,"(0, 1, 0)",2025-10-24,0.150909,0.151617,0.1499744718061002,0.1532595281938998,2025-10-25,0.150474,0.151617,0.14929411435160672,0.15393988564839328,2025-10-28,0.146776,0.151617,0.1487720577153012,0.1544619422846988,2025-10-29,0.148324,0.151617,0.1483319436122004,0.1549020563877996,2025-10-30,0.148315,0.151617,0.1479441953034801,0.1552898046965199,0.146776,0.151617,0.03192913723395142,0.0
KZT_RUB,2025-10-24,0.150909,test,SET_A,"(0, 1, 0)",2025-10-25,0.150474,0.150909,0.1492664718061002,0.15255152819389978,2025-10-28,0.146776,0.150909,0.1485861143516067,0.15323188564839327,2025-10-29,0.148324,0.150909,0.14806405771530118,0.1537539422846988,2025-10-30,0.148315,0.150909,0.14762394361220038,0.1541940563877996,2025-10-31,0.151851,0.150909,0.1472361953034801,0.1545818046965199,0.146776,0.150909,0.02738736589600354,0.0
KZT_RUB,2025-10-25,0.150474,test,SET_A,"(0, 1, 0)",2025-10-28,0.146776,0.150474,0.1488314718061002,0.15211652819389979,2025-10-29,0.148324,0.150474,0.14815111435160672,0.15279688564839328,2025-10-30,0.148315,0.150474,0.1476290577153012,0.1533189422846988,2025-10-31,0.151851,0.150474,0.1471889436122004,0.1537590563877996,2025-11-01,0.152764,0.150474,0.1468011953034801,0.1541468046965199,0.146776,0.150474,0.024575674202852366,0.0
KZT_RUB,2025-10-28,0.146776,test,SET_A,"(0, 1, 0)",2025-10-29,0.148324,0.146776,0.1451334718061002,0.14841852819389978,2025-10-30,0.148315,0.146776,0.1444531143516067,0.14909888564839327,2025-10-31,0.151851,0.146776,0.14393105771530118,0.1496209422846988,2025-11-01,0.152764,0.146776,0.14349094361220038,0.1500610563877996,2025-11-02,0.15248,0.146776,0.1431031953034801,0.1504488046965199,0.148315,0.146776,0.0,0.0
KZT_RUB,2025-10-29,0.148324,test,SET_A,"(0, 1, 0)",2025-10-30,0.148315,0.148324,0.14668147180610022,0.1499665281938998,2025-10-31,0.151851,0.148324,0.14600111435160673,0.1506468856483933,2025-11-01,0.152764,0.148324,0.1454790577153012,0.15116894228469882,2025-11-02,0.15248,0.148324,0.1450389436122004,0.15160905638779962,2025-11-06,0.155388,0.148324,0.1446511953034801,0.1519968046965199,0.148315,0.148324,6.067797524344678e-05,0.0
KZT_RUB,2025-10-30,0.148315,test,SET_A,"(0, 1, 0)",2025-10-31,0.151851,0.148315,0.1466724718061002,0.1499575281938998,2025-11-01,0.152764,0.148315,0.14599211435160672,0.15063788564839328,2025-11-02,0.15248,0.148315,0.1454700577153012,0.1511599422846988,2025-11-06,0.155388,0.148315,0.1450299436122004,0.1516000563877996,2025-11-07,0.155021,0.148315,0.1446421953034801,0.1519878046965199,0.151851,0.148315,0.0,0.0
KZT_RUB,2025-10-31,0.151851,test,SET_A,"(0, 1, 0)",2025-11-01,0.152764,0.151851,0.15020847180610022,0.1534935281938998,2025-11-02,0.15248,0.151851,0.14952811435160673,0.1541738856483933,2025-11-06,0.155388,0.151851,0.1490060577153012,0.15469594228469882,2025-11-07,0.155021,0.151851,0.1485659436122004,0.15513605638779962,2025-11-08,0.15419,0.151851,0.14817819530348011,0.1555238046965199,0.15248,0.151851,0.0,0.0
KZT_RUB,2025-11-01,0.152764,test,SET_A,"(0, 1, 0)",2025-11-02,0.15248,0.152764,0.15112147180610022,0.1544065281938998,2025-11-06,0.155388,0.152764,0.15044111435160673,0.1550868856483933,2025-11-07,0.155021,0.152764,0.1499190577153012,0.15560894228469882,2025-11-08,0.15419,0.152764,0.1494789436122004,0.15604905638779962,2025-11-11,0.154012,0.152764,0.1490911953034801,0.1564368046965199,0.15248,0.152764,0.0018590767458302117,0.0
KZT_RUB,2025-11-02,0.15248,test,SET_A,"(0, 1, 0)",2025-11-06,0.155388,0.15248,0.15083747180610022,0.1541225281938998,2025-11-07,0.155021,0.15248,0.15015711435160672,0.15480288564839328,2025-11-08,0.15419,0.15248,0.1496350577153012,0.1553249422846988,2025-11-11,0.154012,0.15248,0.1491949436122004,0.1557650563877996,2025-11-12,0.155384,0.15248,0.1488071953034801,0.1561528046965199,0.154012,0.15248,0.0,0.0
KZT_RUB,2025-11-06,0.155388,test,SET_A,"(0, 1, 0)",2025-11-07,0.155021,0.155388,0.1537454718061002,0.1570305281938998,2025-11-08,0.15419,0.155388,0.15306511435160672,0.15771088564839328,2025-11-11,0.154012,0.155388,0.1525430577153012,0.1582329422846988,2025-11-12,0.155384,0.155388,0.1521029436122004,0.1586730563877996,2025-11-13,0.154746,0.155388,0.1517151953034801,0.1590608046965199,0.154012,0.155388,0.008855252657862822,0.0
KZT_RUB,2025-11-07,0.155021,test,SET_A,"(0, 1, 0)",2025-11-08,0.15419,0.15502099999999996,0.15337847180610018,0.15666352819389975,2025-11-11,0.154012,0.15502099999999996,0.15269811435160668,0.15734388564839324,2025-11-12,0.155384,0.15502099999999996,0.15217605771530116,0.15786594228469877,2025-11-13,0.154746,0.15502099999999996,0.15173594361220036,0.15830605638779957,2025-11-14,0.153628,0.15502099999999996,0.15134819530348007,0.15869380469651986,0.153628,0.15502099999999996,0.00898587933247757,1.790439722078229e-16
KZT_RUB,2025-11-08,0.15419,test,SET_A,"(0, 1, 0)",2025-11-11,0.154012,0.15419,0.1525474718061002,0.15583252819389978,2025-11-12,0.155384,0.15419,0.1518671143516067,0.15651288564839327,2025-11-13,0.154746,0.15419,0.15134505771530118,0.1570349422846988,2025-11-14,0.153628,0.15419,0.1509049436122004,0.1574750563877996,2025-11-15,0.154729,0.15419,0.1505171953034801,0.1578628046965199,0.153628,0.15419,0.003644853751864628,0.0
KZT_RUB,2025-11-11,0.154012,test,SET_A,"(0, 1, 0)",2025-11-12,0.155384,0.154012,0.15236947180610022,0.1556545281938998,2025-11-13,0.154746,0.154012,0.15168911435160673,0.1563348856483933,2025-11-14,0.153628,0.154012,0.1511670577153012,0.15685694228469882,2025-11-15,0.154729,0.154012,0.1507269436122004,0.15729705638779962,2025-11-18,0.155365,0.154012,0.1503391953034801,0.1576848046965199,0.153628,0.154012,0.002493312209438376,0.0
KZT_RUB,2025-11-12,0.155384,test,SET_A,"(0, 1, 0)",2025-11-13,0.154746,0.15538400000000002,0.15374147180610023,0.1570265281938998,2025-11-14,0.153628,0.15538400000000002,0.15306111435160674,0.1577068856483933,2025-11-15,0.154729,0.15538400000000002,0.1525390577153012,0.15822894228469883,2025-11-18,0.155365,0.15538400000000002,0.15209894361220042,0.15866905638779963,2025-11-19,0.154643,0.15538400000000002,0.15171119530348012,0.15905680469651992,0.153628,0.15538400000000002,0.011301034855583635,0.0
KZT_RUB,2025-11-13,0.154746,test,SET_A,"(0, 1, 0)",2025-11-14,0.153628,0.154746,0.1531034718061002,0.15638852819389978,2025-11-15,0.154729,0.154746,0.15242311435160671,0.15706888564839327,2025-11-18,0.155365,0.154746,0.15190105771530119,0.1575909422846988,2025-11-19,0.154643,0.154746,0.1514609436122004,0.1580310563877996,2025-11-20,0.155361,0.154746,0.1510731953034801,0.1584188046965199,0.153628,0.154746,0.007224742481227352,0.0
KZT_RUB,2025-11-14,0.153628,test,SET_A,"(0, 1, 0)",2025-11-15,0.154729,0.153628,0.1519854718061002,0.15527052819389978,2025-11-18,0.155365,0.153628,0.1513051143516067,0.15595088564839327,2025-11-19,0.154643,0.153628,0.15078305771530118,0.1564729422846988,2025-11-20,0.155361,0.153628,0.15034294361220038,0.1569130563877996,2025-11-21,0.15543,0.153628,0.1499551953034801,0.15730080469651989,0.154643,0.153628,0.0,0.0
KZT_RUB,2025-11-15,0.154729,test,SET_A,"(0, 1, 0)",2025-11-18,0.155365,0.154729,0.15308647180610022,0.1563715281938998,2025-11-19,0.154643,0.154729,0.15240611435160673,0.15705188564839329,2025-11-20,0.155361,0.154729,0.1518840577153012,0.15757394228469881,2025-11-21,0.15543,0.154729,0.1514439436122004,0.1580140563877996,2025-11-22,0.152501,0.154729,0.1510561953034801,0.1584018046965199,0.152501,0.154729,0.014399369219732614,0.0
KZT_RUB,2025-11-18,0.155365,test,SET_A,"(0, 1, 0)",2025-11-19,0.154643,0.155365,0.1537224718061002,0.1570075281938998,2025-11-20,0.155361,0.155365,0.15304211435160672,0.15768788564839328,2025-11-21,0.15543,0.155365,0.1525200577153012,0.1582099422846988,2025-11-22,0.152501,0.155365,0.1520799436122004,0.1586500563877996,2025-11-25,0.152162,0.155365,0.1516921953034801,0.1590378046965199,0.152162,0.155365,0.02061596884755261,0.0
KZT_RUB,2025-11-19,0.154643,test,SET_A,"(0, 1, 0)",2025-11-20,0.155361,0.154643,0.1530004718061002,0.1562855281938998,2025-11-21,0.15543,0.154643,0.15232011435160672,0.15696588564839328,2025-11-22,0.152501,0.154643,0.1517980577153012,0.1574879422846988,2025-11-25,0.152162,0.154643,0.1513579436122004,0.1579280563877996,2025-11-26,0.151855,0.154643,0.1509701953034801,0.1583158046965199,0.151855,0.154643,0.018028620758779982,0.0
KZT_RUB,2025-11-20,0.155361,test,SET_A,"(0, 1, 0)",2025-11-21,0.15543,0.155361,0.1537184718061002,0.1570035281938998,2025-11-22,0.152501,0.155361,0.15303811435160672,0.15768388564839328,2025-11-25,0.152162,0.155361,0.1525160577153012,0.1582059422846988,2025-11-26,0.151855,0.155361,0.1520759436122004,0.1586460563877996,2025-11-27,0.151609,0.155361,0.1516881953034801,0.1590338046965199,0.151609,0.155361,0.02415020500640447,0.0
KZT_RUB,2025-11-21,0.15543,test,SET_A,"(0, 1, 0)",2025-11-22,0.152501,0.15543,0.15378747180610022,0.1570725281938998,2025-11-25,0.152162,0.15543,0.15310711435160673,0.1577528856483933,2025-11-26,0.151855,0.15543,0.1525850577153012,0.15827494228469882,2025-11-27,0.151609,0.15543,0.1521449436122004,0.15871505638779962,2025-11-28,0.150864,0.15543,0.1517571953034801,0.1591028046965199,0.150864,0.15543,0.029376568230071506,0.0
KZT_RUB,2025-11-22,0.152501,test,SET_A,"(0, 1, 0)",2025-11-25,0.152162,0.152501,0.1508584718061002,0.1541435281938998,2025-11-26,0.151855,0.152501,0.15017811435160672,0.15482388564839328,2025-11-27,0.151609,0.152501,0.1496560577153012,0.1553459422846988,2025-11-28,0.150864,0.152501,0.1492159436122004,0.1557860563877996,2025-11-29,0.151353,0.152501,0.1488281953034801,0.1561738046965199,0.150864,0.152501,0.01073435584028957,0.0
KZT_RUB,2025-11-25,0.152162,test,SET_A,"(0, 1, 0)",2025-11-26,0.151855,0.152162,0.1505194718061002,0.15380452819389978,2025-11-27,0.151609,0.152162,0.1498391143516067,0.15448488564839327,2025-11-28,0.150864,0.152162,0.14931705771530118,0.1550069422846988,2025-11-29,0.151353,0.152162,0.14887694361220039,0.1554470563877996,2025-12-02,0.151606,0.152162,0.1484891953034801,0.1558348046965199,0.150864,0.152162,0.008530382092769507,0.0
KZT_RUB,2025-11-26,0.151855,test,SET_A,"(0, 1, 0)",2025-11-27,0.151609,0.151855,0.1502124718061002,0.15349752819389978,2025-11-28,0.150864,0.151855,0.1495321143516067,0.15417788564839327,2025-11-29,0.151353,0.151855,0.14901005771530118,0.1546999422846988,2025-12-02,0.151606,0.151855,0.14856994361220038,0.1551400563877996,2025-12-03,0.150868,0.151855,0.1481821953034801,0.1555278046965199,0.150864,0.151855,0.006525962266635882,0.0
KZT_RUB,2025-11-27,0.151609,test,SET_A,"(0, 1, 0)",2025-11-28,0.150864,0.151609,0.1499664718061002,0.15325152819389978,2025-11-29,0.151353,0.151609,0.1492861143516067,0.15393188564839327,2025-12-02,0.151606,0.151609,0.14876405771530118,0.1544539422846988,2025-12-03,0.150868,0.151609,0.1483239436122004,0.1548940563877996,2025-12-04,0.153396,0.151609,0.1479361953034801,0.1552818046965199,0.150864,0.151609,0.0049139562954705574,0.0
KZT_RUB,2025-11-28,0.150864,test,SET_A,"(0, 1, 0)",2025-11-29,0.151353,0.150864,0.1492214718061002,0.1525065281938998,2025-12-02,0.151606,0.150864,0.14854111435160672,0.15318688564839328,2025-12-03,0.150868,0.150864,0.1480190577153012,0.1537089422846988,2025-12-04,0.153396,0.150864,0.1475789436122004,0.1541490563877996,2025-12-05,0.152753,0.150864,0.1471911953034801,0.1545368046965199,0.150868,0.150864,0.0,0.0
KZT_RUB,2025-11-29,0.151353,test,SET_A,"(0, 1, 0)",2025-12-02,0.151606,0.151353,0.1497104718061002,0.15299552819389978,2025-12-03,0.150868,0.151353,0.1490301143516067,0.15367588564839327,2025-12-04,0.153396,0.151353,0.14850805771530118,0.1541979422846988,2025-12-05,0.152753,0.151353,0.14806794361220038,0.1546380563877996,2025-12-06,0.152294,0.151353,0.1476801953034801,0.1550258046965199,0.150868,0.151353,0.0032044293803227255,0.0
KZT_RUB,2025-12-02,0.151606,test,SET_A,"(0, 1, 0)",2025-12-03,0.150868,0.151606,0.1499634718061002,0.15324852819389978,2025-12-04,0.153396,0.151606,0.1492831143516067,0.15392888564839327,2025-12-05,0.152753,0.151606,0.14876105771530118,0.1544509422846988,2025-12-06,0.152294,0.151606,0.14832094361220038,0.1548910563877996,2025-12-09,0.153171,0.151606,0.1479331953034801,0.1552788046965199,0.150868,0.151606,0.00486788121842136,0.0
KZT_RUB,2025-12-03,0.150868,test,SET_A,"(0, 1, 0)",2025-12-04,0.153396,0.150868,0.1492254718061002,0.1525105281938998,2025-12-05,0.152753,0.150868,0.14854511435160672,0.15319088564839328,2025-12-06,0.152294,0.150868,0.1480230577153012,0.1537129422846988,2025-12-09,0.153171,0.150868,0.1475829436122004,0.1541530563877996,2025-12-10,0.151108,0.150868,0.1471951953034801,0.1545408046965199,0.151108,0.150868,0.0,0.0
KZT_RUB,2025-12-04,0.153396,test,SET_A,"(0, 1, 0)",2025-12-05,0.152753,0.153396,0.15175347180610022,0.1550385281938998,2025-12-06,0.152294,0.153396,0.15107311435160672,0.15571888564839328,2025-12-09,0.153171,0.153396,0.1505510577153012,0.1562409422846988,2025-12-10,0.151108,0.153396,0.1501109436122004,0.1566810563877996,2025-12-11,0.151338,0.153396,0.1497231953034801,0.1570688046965199,0.151108,0.153396,0.01491564317192112,0.0
KZT_RUB,2025-12-05,0.152753,test,SET_A,"(0, 1, 0)",2025-12-06,0.152294,0.152753,0.1511104718061002,0.1543955281938998,2025-12-09,0.153171,0.152753,0.15043011435160672,0.15507588564839328,2025-12-10,0.151108,0.152753,0.1499080577153012,0.1555979422846988,2025-12-11,0.151338,0.152753,0.1494679436122004,0.1560380563877996,2025-12-12,0.15305,0.152753,0.1490801953034801,0.1564258046965199,0.151108,0.152753,0.010769019266397437,0.0
KZT_RUB,2025-12-06,0.152294,test,SET_A,"(0, 1, 0)",2025-12-09,0.153171,0.152294,0.15065147180610022,0.1539365281938998,2025-12-10,0.151108,0.152294,0.14997111435160673,0.1546168856483933,2025-12-11,0.151338,0.152294,0.1494490577153012,0.15513894228469882,2025-12-12,0.15305,0.152294,0.1490089436122004,0.15557905638779962,2025-12-13,0.15332,0.152294,0.1486211953034801,0.1559668046965199,0.151108,0.152294,0.00778756878143604,0.0
KZT_RUB,2025-12-09,0.153171,test,SET_A,"(0, 1, 0)",2025-12-10,0.151108,0.153171,0.1515284718061002,0.1548135281938998,2025-12-11,0.151338,0.153171,0.15084811435160672,0.15549388564839328,2025-12-12,0.15305,0.153171,0.1503260577153012,0.1560159422846988,2025-12-13,0.15332,0.153171,0.1498859436122004,0.1564560563877996,2025-12-16,0.152091,0.153171,0.1494981953034801,0.1568438046965199,0.151108,0.153171,0.013468606981739423,0.0
KZT_RUB,2025-12-10,0.151108,test,SET_A,"(0, 1, 0)",2025-12-11,0.151338,0.151108,0.1494654718061002,0.15275052819389978,2025-12-12,0.15305,0.151108,0.1487851143516067,0.15343088564839327,2025-12-13,0.15332,0.151108,0.14826305771530118,0.1539529422846988,2025-12-16,0.152091,0.151108,0.14782294361220039,0.1543930563877996,2025-12-17,0.152865,0.151108,0.1474351953034801,0.1547808046965199,0.151338,0.151108,0.0,0.0
KZT_RUB,2025-12-11,0.151338,test,SET_A,"(0, 1, 0)",2025-12-12,0.15305,0.151338,0.1496954718061002,0.1529805281938998,2025-12-13,0.15332,0.151338,0.14901511435160672,0.15366088564839328,2025-12-16,0.152091,0.151338,0.1484930577153012,0.1541829422846988,2025-12-17,0.152865,0.151338,0.1480529436122004,0.1546230563877996,2025-12-18,0.154694,0.151338,0.1476651953034801,0.1550108046965199,0.152091,0.151338,0.0,0.0
KZT_RUB,2025-12-12,0.15305,test,SET_A,"(0, 1, 0)",2025-12-13,0.15332,0.15305,0.1514074718061002,0.15469252819389978,2025-12-16,0.152091,0.15305,0.1507271143516067,0.15537288564839327,2025-12-17,0.152865,0.15305,0.15020505771530118,0.1558949422846988,2025-12-18,0.154694,0.15305,0.14976494361220039,0.1563350563877996,2025-12-19,0.155607,0.15305,0.1493771953034801,0.1567228046965199,0.152091,0.15305,0.0062659261679189,0.0
KZT_RUB,2025-12-13,0.15332,test,SET_A,"(0, 1, 0)",2025-12-16,0.152091,0.15332,0.15167747180610022,0.1549625281938998,2025-12-17,0.152865,0.15332,0.15099711435160673,0.1556428856483933,2025-12-18,0.154694,0.15332,0.1504750577153012,0.15616494228469882,2025-12-19,0.155607,0.15332,0.1500349436122004,0.15660505638779962,2025-12-20,0.157184,0.15332,0.1496471953034801,0.1569928046965199,0.152091,0.15332,0.008015914427341559,0.0
KZT_RUB,2025-12-16,0.152091,test,SET_A,"(0, 1, 0)",2025-12-17,0.152865,0.152091,0.15044847180610021,0.1537335281938998,2025-12-18,0.154694,0.152091,0.14976811435160672,0.15441388564839328,2025-12-19,0.155607,0.152091,0.1492460577153012,0.1549359422846988,2025-12-20,0.157184,0.152091,0.1488059436122004,0.1553760563877996,2025-12-23,0.153218,0.152091,0.1484181953034801,0.1557638046965199,0.152865,0.152091,0.0,0.0
KZT_RUB,2025-12-17,0.152865,test,SET_A,"(0, 1, 0)",2025-12-18,0.154694,0.152865,0.1512224718061002,0.1545075281938998,2025-12-19,0.155607,0.152865,0.15054211435160672,0.15518788564839328,2025-12-20,0.157184,0.152865,0.1500200577153012,0.1557099422846988,2025-12-23,0.153218,0.152865,0.1495799436122004,0.1561500563877996,2025-12-24,0.152586,0.152865,0.1491921953034801,0.1565378046965199,0.152586,0.152865,0.0018251398292611224,0.0
KZT_RUB,2025-12-18,0.154694,test,SET_A,"(0, 1, 0)",2025-12-19,0.155607,0.154694,0.1530514718061002,0.1563365281938998,2025-12-20,0.157184,0.154694,0.15237111435160672,0.15701688564839328,2025-12-23,0.153218,0.154694,0.1518490577153012,0.1575389422846988,2025-12-24,0.152586,0.154694,0.1514089436122004,0.1579790563877996,2025-12-25,0.153743,0.154694,0.1510211953034801,0.1583668046965199,0.152586,0.154694,0.01362690214229381,0.0
KZT_RUB,2025-12-19,0.155607,test,SET_A,"(0, 1, 0)",2025-12-20,0.157184,0.155607,0.1539644718061002,0.15724952819389978,2025-12-23,0.153218,0.155607,0.15328411435160672,0.15792988564839328,2025-12-24,0.152586,0.155607,0.15276205771530119,0.1584519422846988,2025-12-25,0.153743,0.155607,0.1523219436122004,0.1588920563877996,2025-12-26,0.152416,0.155607,0.1519341953034801,0.1592798046965199,0.152416,0.155607,0.020506789540316307,0.0
KZT_RUB,2025-12-20,0.157184,test,SET_A,"(0, 1, 0)",2025-12-23,0.153218,0.157184,0.1555414718061002,0.15882652819389978,2025-12-24,0.152586,0.157184,0.1548611143516067,0.15950688564839327,2025-12-25,0.153743,0.157184,0.15433905771530118,0.1600289422846988,2025-12-26,0.152416,0.157184,0.15389894361220038,0.1604690563877996,2025-12-27,0.151503,0.157184,0.1535111953034801,0.1608568046965199,0.151503,0.157184,0.03614235545602601,0.0
KZT_RUB,2025-12-23,0.153218,test,SET_A,"(0, 1, 0)",2025-12-24,0.152586,0.153218,0.1515754718061002,0.15486052819389978,2025-12-25,0.153743,0.153218,0.1508951143516067,0.15554088564839327,2025-12-26,0.152416,0.153218,0.15037305771530118,0.1560629422846988,2025-12-27,0.151503,0.153218,0.1499329436122004,0.1565030563877996,2025-12-30,0.153481,0.153218,0.1495451953034801,0.1568908046965199,0.151503,0.153218,0.011193201843125444,0.0
KZT_RUB,2025-12-24,0.152586,test,SET_A,"(0, 1, 0)",2025-12-25,0.153743,0.152586,0.1509434718061002,0.1542285281938998,2025-12-26,0.152416,0.152586,0.15026311435160672,0.15490888564839328,2025-12-27,0.151503,0.152586,0.1497410577153012,0.1554309422846988,2025-12-30,0.153481,0.152586,0.1493009436122004,0.1558710563877996,2025-12-31,0.154978,0.152586,0.1489131953034801,0.1562588046965199,0.151503,0.152586,0.007097636742558299,0.0
KZT_RUB,2025-12-25,0.153743,test,SET_A,"(0, 1, 0)",2025-12-26,0.152416,0.153743,0.1521004718061002,0.15538552819389978,2025-12-27,0.151503,0.153743,0.1514201143516067,0.15606588564839327,2025-12-30,0.153481,0.153743,0.15089805771530118,0.1565879422846988,2025-12-31,0.154978,0.153743,0.15045794361220038,0.1570280563877996,2026-01-13,0.154511,0.153743,0.1500701953034801,0.1574158046965199,0.151503,0.153743,0.014569769030134655,0.0
KZT_RUB,2025-12-26,0.152416,test,SET_A,"(0, 1, 0)",2025-12-27,0.151503,0.152416,0.1507734718061002,0.15405852819389979,2025-12-30,0.153481,0.152416,0.15009311435160672,0.15473888564839328,2025-12-31,0.154978,0.152416,0.1495710577153012,0.1552609422846988,2026-01-13,0.154511,0.152416,0.1491309436122004,0.1557010563877996,2026-01-14,0.154662,0.152416,0.1487431953034801,0.1560888046965199,0.151503,0.152416,0.005990184757505755,0.0
KZT_RUB,2025-12-27,0.151503,test,SET_A,"(0, 1, 0)",2025-12-30,0.153481,0.151503,0.1498604718061002,0.1531455281938998,2025-12-31,0.154978,0.151503,0.14918011435160672,0.15382588564839328,2026-01-13,0.154511,0.151503,0.1486580577153012,0.1543479422846988,2026-01-14,0.154662,0.151503,0.1482179436122004,0.1547880563877996,2026-01-15,0.154137,0.151503,0.1478301953034801,0.1551758046965199,0.153481,0.151503,0.0,0.0
KZT_RUB,2025-12-30,0.153481,test,SET_A,"(0, 1, 0)",2025-12-31,0.154978,0.153481,0.15183847180610022,0.1551235281938998,2026-01-13,0.154511,0.153481,0.15115811435160673,0.1558038856483933,2026-01-14,0.154662,0.153481,0.1506360577153012,0.15632594228469882,2026-01-15,0.154137,0.153481,0.1501959436122004,0.1567660563877996,2026-01-16,0.153847,0.153481,0.1498081953034801,0.1571538046965199,0.153847,0.153481,0.0,0.0
KZT_RUB,2025-12-31,0.154978,test,SET_A,"(0, 1, 0)",2026-01-13,0.154511,0.154978,0.15333547180610022,0.1566205281938998,2026-01-14,0.154662,0.154978,0.15265511435160672,0.15730088564839328,2026-01-15,0.154137,0.154978,0.1521330577153012,0.15782294228469881,2026-01-16,0.153847,0.154978,0.1516929436122004,0.1582630563877996,2026-01-17,0.15233,0.154978,0.1513051953034801,0.1586508046965199,0.15233,0.154978,0.017086296119449285,0.0
KZT_RUB,2026-01-13,0.154511,test,SET_A,"(0, 1, 0)",2026-01-14,0.154662,0.154511,0.15286847180610022,0.1561535281938998,2026-01-15,0.154137,0.154511,0.15218811435160673,0.1568338856483933,2026-01-16,0.153847,0.154511,0.1516660577153012,0.15735594228469882,2026-01-17,0.15233,0.154511,0.1512259436122004,0.15779605638779962,2026-01-20,0.151825,0.154511,0.1508381953034801,0.1581838046965199,0.151825,0.154511,0.017383875581673935,0.0
KZT_RUB,2026-01-14,0.154662,test,SET_A,"(0, 1, 0)",2026-01-15,0.154137,0.154662,0.1530194718061002,0.15630452819389978,2026-01-16,0.153847,0.154662,0.1523391143516067,0.15698488564839327,2026-01-17,0.15233,0.154662,0.15181705771530118,0.1575069422846988,2026-01-20,0.151825,0.154662,0.1513769436122004,0.1579470563877996,2026-01-21,0.152708,0.154662,0.1509891953034801,0.1583348046965199,0.151825,0.154662,0.01834322587319449,0.0
KZT_RUB,2026-01-15,0.154137,test,SET_A,"(0, 1, 0)",2026-01-16,0.153847,0.154137,0.1524944718061002,0.15577952819389979,2026-01-17,0.15233,0.154137,0.15181411435160672,0.15645988564839328,2026-01-20,0.151825,0.154137,0.1512920577153012,0.1569819422846988,2026-01-21,0.152708,0.154137,0.1508519436122004,0.1574220563877996,2026-01-22,0.152876,0.154137,0.1504641953034801,0.1578098046965199,0.151825,0.154137,0.014999643174578515,0.0
KZT_RUB,2026-01-16,0.153847,test,SET_A,"(0, 1, 0)",2026-01-17,0.15233,0.153847,0.15220447180610022,0.1554895281938998,2026-01-20,0.151825,0.153847,0.15152411435160673,0.1561698856483933,2026-01-21,0.152708,0.153847,0.1510020577153012,0.15669194228469882,2026-01-22,0.152876,0.153847,0.1505619436122004,0.15713205638779962,2026-01-23,0.150066,0.153847,0.1501741953034801,0.1575198046965199,0.150066,0.153847,0.024576364829993477,0.0
KZT_RUB,2026-01-17,0.15233,test,SET_A,"(0, 1, 0)",2026-01-20,0.151825,0.15233,0.1506874718061002,0.15397252819389978,2026-01-21,0.152708,0.15233,0.1500071143516067,0.15465288564839327,2026-01-22,0.152876,0.15233,0.14948505771530118,0.1551749422846988,2026-01-23,0.150066,0.15233,0.1490449436122004,0.1556150563877996,2026-01-24,0.150135,0.15233,0.1486571953034801,0.1560028046965199,0.150066,0.15233,0.014862469638285225,0.0
KZT_RUB,2026-01-20,0.151825,test,SET_A,"(0, 1, 0)",2026-01-21,0.152708,0.151825,0.1501824718061002,0.15346752819389978,2026-01-22,0.152876,0.151825,0.1495021143516067,0.15414788564839327,2026-01-23,0.150066,0.151825,0.14898005771530118,0.1546699422846988,2026-01-24,0.150135,0.151825,0.14853994361220038,0.1551100563877996,2026-01-27,0.151008,0.151825,0.1481521953034801,0.1554978046965199,0.150066,0.151825,0.01158570722871716,0.0
KZT_RUB,2026-01-21,0.152708,test,SET_A,"(0, 1, 0)",2026-01-22,0.152876,0.152708,0.15106547180610022,0.1543505281938998,2026-01-23,0.150066,0.152708,0.15038511435160673,0.1550308856483933,2026-01-24,0.150135,0.152708,0.1498630577153012,0.15555294228469882,2026-01-27,0.151008,0.152708,0.1494229436122004,0.15599305638779962,2026-01-28,0.152558,0.152708,0.1490351953034801,0.1563808046965199,0.150066,0.152708,0.017300992744322532,0.0
KZT_RUB,2026-01-22,0.152876,test,SET_A,"(0, 1, 0)",2026-01-23,0.150066,0.152876,0.15123347180610022,0.1545185281938998,2026-01-24,0.150135,0.152876,0.15055311435160673,0.1551988856483933,2026-01-27,0.151008,0.152876,0.1500310577153012,0.15572094228469882,2026-01-28,0.152558,0.152876,0.1495909436122004,0.15616105638779962,2026-01-29,0.151843,0.152876,0.1492031953034801,0.1565488046965199,0.150066,0.152876,0.018380910018577192,0.0
KZT_RUB,2026-01-23,0.150066,test,SET_A,"(0, 1, 0)",2026-01-24,0.150135,0.150066,0.14842347180610022,0.1517085281938998,2026-01-27,0.151008,0.150066,0.14774311435160672,0.15238888564839329,2026-01-28,0.152558,0.150066,0.1472210577153012,0.15291094228469881,2026-01-29,0.151843,0.150066,0.1467809436122004,0.1533510563877996,2026-01-30,0.150873,0.150066,0.1463931953034801,0.1537388046965199,0.150135,0.150066,0.0,0.0
KZT_RUB,2026-01-24,0.150135,test,SET_A,"(0, 1, 0)",2026-01-27,0.151008,0.150135,0.1484924718061002,0.15177752819389978,2026-01-28,0.152558,0.150135,0.1478121143516067,0.15245788564839327,2026-01-29,0.151843,0.150135,0.14729005771530118,0.1529799422846988,2026-01-30,0.150873,0.150135,0.14684994361220038,0.1534200563877996,2026-01-31,0.150511,0.150135,0.1464621953034801,0.1538078046965199,0.150511,0.150135,0.0,0.0
KZT_RUB,2026-01-27,0.151008,test,SET_A,"(0, 1, 0)",2026-01-28,0.152558,0.151008,0.14936547180610021,0.1526505281938998,2026-01-29,0.151843,0.151008,0.14868511435160672,0.15333088564839328,2026-01-30,0.150873,0.151008,0.1481630577153012,0.1538529422846988,2026-01-31,0.150511,0.151008,0.1477229436122004,0.1542930563877996,2026-02-03,0.153731,0.151008,0.1473351953034801,0.1546808046965199,0.150511,0.151008,0.0032912163593981606,0.0
KZT_RUB,2026-01-28,0.152558,test,SET_A,"(0, 1, 0)",2026-01-29,0.151843,0.152558,0.1509154718061002,0.1542005281938998,2026-01-30,0.150873,0.152558,0.15023511435160672,0.15488088564839328,2026-01-31,0.150511,0.152558,0.1497130577153012,0.1554029422846988,2026-02-03,0.153731,0.152558,0.1492729436122004,0.1558430563877996,2026-02-04,0.152388,0.152558,0.1488851953034801,0.1562308046965199,0.150511,0.152558,0.013417847638275235,0.0
KZT_RUB,2026-01-29,0.151843,test,SET_A,"(0, 1, 0)",2026-01-30,0.150873,0.151843,0.15020047180610022,0.1534855281938998,2026-01-31,0.150511,0.151843,0.14952011435160673,0.15416588564839329,2026-02-03,0.153731,0.151843,0.1489980577153012,0.15468794228469882,2026-02-04,0.152388,0.151843,0.1485579436122004,0.1551280563877996,2026-02-05,0.152769,0.151843,0.1481701953034801,0.1555158046965199,0.150511,0.151843,0.008772218673234853,0.0
KZT_RUB,2026-01-30,0.150873,test,SET_A,"(0, 1, 0)",2026-01-31,0.150511,0.150873,0.14923047180610022,0.1525155281938998,2026-02-03,0.153731,0.150873,0.14855011435160673,0.1531958856483933,2026-02-04,0.152388,0.150873,0.1480280577153012,0.15371794228469882,2026-02-05,0.152769,0.150873,0.1475879436122004,0.1541580563877996,2026-02-06,0.153519,0.150873,0.1472001953034801,0.1545458046965199,0.150511,0.150873,0.0023993690057200505,0.0
KZT_RUB,2026-01-31,0.150511,test,SET_A,"(0, 1, 0)",2026-02-03,0.153731,0.150511,0.14886847180610022,0.1521535281938998,2026-02-04,0.152388,0.150511,0.14818811435160673,0.1528338856483933,2026-02-05,0.152769,0.150511,0.1476660577153012,0.15335594228469882,2026-02-06,0.153519,0.150511,0.1472259436122004,0.1537960563877996,2026-02-07,0.155633,0.150511,0.1468381953034801,0.1541838046965199,0.152388,0.150511,0.0,0.0
KZT_RUB,2026-02-03,0.153731,test,SET_A,"(0, 1, 0)",2026-02-04,0.152388,0.153731,0.15208847180610022,0.1553735281938998,2026-02-05,0.152769,0.153731,0.15140811435160673,0.1560538856483933,2026-02-06,0.153519,0.153731,0.1508860577153012,0.15657594228469882,2026-02-07,0.155633,0.153731,0.1504459436122004,0.1570160563877996,2026-02-10,0.156986,0.153731,0.1500581953034801,0.1574038046965199,0.152388,0.153731,0.008736038925135534,0.0
KZT_RUB,2026-02-04,0.152388,test,SET_A,"(0, 1, 0)",2026-02-05,0.152769,0.152388,0.1507454718061002,0.15403052819389979,2026-02-06,0.153519,0.152388,0.15006511435160672,0.15471088564839328,2026-02-07,0.155633,0.152388,0.1495430577153012,0.1552329422846988,2026-02-10,0.156986,0.152388,0.1491029436122004,0.1556730563877996,2026-02-11,0.156057,0.152388,0.1487151953034801,0.1560608046965199,0.152769,0.152388,0.0,0.0
KZT_RUB,2026-02-05,0.152769,test,SET_A,"(0, 1, 0)",2026-02-06,0.153519,0.152769,0.1511264718061002,0.15441152819389978,2026-02-07,0.155633,0.152769,0.1504461143516067,0.15509188564839327,2026-02-10,0.156986,0.152769,0.14992405771530118,0.1556139422846988,2026-02-11,0.156057,0.152769,0.14948394361220038,0.1560540563877996,2026-02-12,0.157487,0.152769,0.1490961953034801,0.1564418046965199,0.153519,0.152769,0.0,0.0
KZT_RUB,2026-02-06,0.153519,test,SET_A,"(0, 1, 0)",2026-02-07,0.155633,0.153519,0.1518764718061002,0.15516152819389978,2026-02-10,0.156986,0.153519,0.1511961143516067,0.15584188564839327,2026-02-11,0.156057,0.153519,0.15067405771530118,0.1563639422846988,2026-02-12,0.157487,0.153519,0.15023394361220038,0.1568040563877996,2026-02-13,0.15734,0.153519,0.1498461953034801,0.1571918046965199,0.155633,0.153519,0.0,0.0
KZT_RUB,2026-02-07,0.155633,test,SET_A,"(0, 1, 0)",2026-02-10,0.156986,0.155633,0.1539904718061002,0.15727552819389978,2026-02-11,0.156057,0.155633,0.1533101143516067,0.15795588564839327,2026-02-12,0.157487,0.155633,0.15278805771530118,0.1584779422846988,2026-02-13,0.15734,0.155633,0.1523479436122004,0.1589180563877996,2026-02-14,0.156175,0.155633,0.1519601953034801,0.1593058046965199,0.156057,0.155633,0.0,0.0
KZT_RUB,2026-02-10,0.156986,test,SET_A,"(0, 1, 0)",2026-02-11,0.156057,0.156986,0.1553434718061002,0.15862852819389978,2026-02-12,0.157487,0.156986,0.1546631143516067,0.15930888564839327,2026-02-13,0.15734,0.156986,0.15414105771530118,0.1598309422846988,2026-02-14,0.156175,0.156986,0.15370094361220038,0.1602710563877996,2026-02-17,0.154476,0.156986,0.1533131953034801,0.16065880469651989,0.154476,0.156986,0.015988686889276654,0.0
KZT_RUB,2026-02-11,0.156057,test,SET_A,"(0, 1, 0)",2026-02-12,0.157487,0.156057,0.1544144718061002,0.1576995281938998,2026-02-13,0.15734,0.156057,0.15373411435160672,0.15837988564839328,2026-02-14,0.156175,0.156057,0.1532120577153012,0.1589019422846988,2026-02-17,0.154476,0.156057,0.1527719436122004,0.1593420563877996,2026-02-18,0.155983,0.156057,0.1523841953034801,0.1597298046965199,0.154476,0.156057,0.010130913704607926,0.0
KZT_RUB,2026-02-12,0.157487,test,SET_A,"(0, 1, 0)",2026-02-13,0.15734,0.157487,0.1558444718061002,0.15912952819389978,2026-02-14,0.156175,0.157487,0.1551641143516067,0.15980988564839327,2026-02-17,0.154476,0.157487,0.15464205771530118,0.1603319422846988,2026-02-18,0.155983,0.157487,0.15420194361220038,0.1607720563877996,2026-02-19,0.155416,0.157487,0.1538141953034801,0.1611598046965199,0.154476,0.157487,0.019119038396819967,0.0
KZT_RUB,2026-02-13,0.15734,test,SET_A,"(0, 1, 0)",2026-02-14,0.156175,0.15734,0.15569747180610022,0.1589825281938998,2026-02-17,0.154476,0.15734,0.15501711435160673,0.1596628856483933,2026-02-18,0.155983,0.15734,0.1544950577153012,0.16018494228469882,2026-02-19,0.155416,0.15734,0.1540549436122004,0.16062505638779961,2026-02-20,0.156633,0.15734,0.1536671953034801,0.1610128046965199,0.154476,0.15734,0.018202618533113037,0.0
KZT_RUB,2026-02-14,0.156175,test,SET_A,"(0, 1, 0)",2026-02-17,0.154476,0.156175,0.15453247180610022,0.1578175281938998,2026-02-18,0.155983,0.156175,0.15385211435160673,0.1584978856483933,2026-02-19,0.155416,0.156175,0.1533300577153012,0.15901994228469882,2026-02-20,0.156633,0.156175,0.1528899436122004,0.15946005638779961,2026-02-21,0.156902,0.156175,0.1525021953034801,0.1598478046965199,0.154476,0.156175,0.010878821834480589,0.0
KZT_RUB,2026-02-17,0.154476,test,SET_A,"(0, 1, 0)",2026-02-18,0.155983,0.154476,0.1528334718061002,0.1561185281938998,2026-02-19,0.155416,0.154476,0.15215311435160672,0.15679888564839328,2026-02-20,0.156633,0.154476,0.1516310577153012,0.1573209422846988,2026-02-21,0.156902,0.154476,0.1511909436122004,0.1577610563877996,2026-02-25,0.154091,0.154476,0.1508031953034801,0.1581488046965199,0.154091,0.154476,0.0024922965379735136,0.0
KZT_RUB,2026-02-18,0.155983,test,SET_A,"(0, 1, 0)",2026-02-19,0.155416,0.155983,0.15434047180610022,0.1576255281938998,2026-02-20,0.156633,0.155983,0.15366011435160673,0.1583058856483933,2026-02-21,0.156902,0.155983,0.1531380577153012,0.15882794228469882,2026-02-25,0.154091,0.155983,0.1526979436122004,0.15926805638779962,2026-02-26,0.153905,0.155983,0.1523101953034801,0.1596558046965199,0.153905,0.155983,0.013321964573062603,0.0
KZT_RUB,2026-02-19,0.155416,test,SET_A,"(0, 1, 0)",2026-02-20,0.156633,0.155416,0.1537734718061002,0.1570585281938998,2026-02-21,0.156902,0.155416,0.15309311435160672,0.15773888564839328,2026-02-25,0.154091,0.155416,0.1525710577153012,0.1582609422846988,2026-02-26,0.153905,0.155416,0.1521309436122004,0.1587010563877996,2026-02-27,0.153856,0.155416,0.1517431953034801,0.1590888046965199,0.153856,0.155416,0.010037576568693094,0.0
KZT_RUB,2026-02-20,0.156633,test,SET_A,"(0, 1, 0)",2026-02-21,0.156902,0.156633,0.1549904718061002,0.15827552819389978,2026-02-25,0.154091,0.156633,0.15431011435160671,0.15895588564839327,2026-02-26,0.153905,0.156633,0.15378805771530119,0.1594779422846988,2026-02-27,0.153856,0.156633,0.1533479436122004,0.1599180563877996,2026-02-28,0.154008,0.156633,0.1529601953034801,0.1603058046965199,0.153856,0.156633,0.01772934183728845,0.0
KZT_RUB,2026-02-21,0.156902,test,SET_A,"(0, 1, 0)",2026-02-25,0.154091,0.156902,0.15525947180610022,0.1585445281938998,2026-02-26,0.153905,0.156902,0.15457911435160673,0.1592248856483933,2026-02-27,0.153856,0.156902,0.1540570577153012,0.15974694228469882,2026-02-28,0.154008,0.156902,0.1536169436122004,0.16018705638779962,2026-03-03,0.155104,0.156902,0.15322919530348011,0.1605748046965199,0.153856,0.156902,0.019413391798702506,0.0
KZT_RUB,2026-02-25,0.154091,test,SET_A,"(0, 1, 0)",2026-02-26,0.153905,0.15409099999999998,0.1524484718061002,0.15573352819389977,2026-02-27,0.153856,0.15409099999999998,0.1517681143516067,0.15641388564839326,2026-02-28,0.154008,0.15409099999999998,0.15124605771530117,0.1569359422846988,2026-03-03,0.155104,0.15409099999999998,0.15080594361220037,0.15737605638779958,2026-03-04,0.154416,0.15409099999999998,0.15041819530348008,0.15776380469651988,0.153856,0.15409099999999998,0.0015250728465647765,1.8012457324327127e-16
KZT_RUB,2026-02-26,0.153905,test,SET_A,"(0, 1, 0)",2026-02-27,0.153856,0.153905,0.1522624718061002,0.15554752819389978,2026-02-28,0.154008,0.153905,0.1515821143516067,0.15622788564839327,2026-03-03,0.155104,0.153905,0.15106005771530118,0.1567499422846988,2026-03-04,0.154416,0.153905,0.15061994361220038,0.1571900563877996,2026-03-05,0.156198,0.153905,0.1502321953034801,0.15757780469651989,0.153856,0.153905,0.00031837822033068124,0.0
KZT_RUB,2026-02-27,0.153856,test,SET_A,"(0, 1, 0)",2026-02-28,0.154008,0.153856,0.1522134718061002,0.15549852819389978,2026-03-03,0.155104,0.153856,0.1515331143516067,0.15617888564839327,2026-03-04,0.154416,0.153856,0.15101105771530118,0.1567009422846988,2026-03-05,0.156198,0.153856,0.1505709436122004,0.1571410563877996,2026-03-06,0.156433,0.153856,0.1501831953034801,0.1575288046965199,0.154008,0.153856,0.0,0.0
KZT_RUB,2026-02-28,0.154008,test,SET_A,"(0, 1, 0)",2026-03-03,0.155104,0.154008,0.15236547180610022,0.1556505281938998,2026-03-04,0.154416,0.154008,0.15168511435160673,0.1563308856483933,2026-03-05,0.156198,0.154008,0.1511630577153012,0.15685294228469882,2026-03-06,0.156433,0.154008,0.1507229436122004,0.1572930563877996,2026-03-07,0.160431,0.154008,0.1503351953034801,0.1576808046965199,0.154416,0.154008,0.0,0.0
KZT_RUB,2026-03-03,0.155104,test,SET_A,"(0, 1, 0)",2026-03-04,0.154416,0.155104,0.1534614718061002,0.15674652819389978,2026-03-05,0.156198,0.155104,0.1527811143516067,0.15742688564839327,2026-03-06,0.156433,0.155104,0.15225905771530118,0.1579489422846988,2026-03-07,0.160431,0.155104,0.15181894361220039,0.1583890563877996,2026-03-11,0.15944,0.155104,0.1514311953034801,0.1587768046965199,0.154416,0.155104,0.004435733443366994,0.0
KZT_RUB,2026-03-04,0.154416,test,SET_A,"(0, 1, 0)",2026-03-05,0.156198,0.154416,0.1527734718061002,0.1560585281938998,2026-03-06,0.156433,0.154416,0.15209311435160672,0.15673888564839328,2026-03-07,0.160431,0.154416,0.1515710577153012,0.1572609422846988,2026-03-11,0.15944,0.154416,0.1511309436122004,0.1577010563877996,2026-03-12,0.160841,0.154416,0.1507431953034801,0.1580888046965199,0.156198,0.154416,0.0,0.0
KZT_RUB,2026-03-05,0.156198,test,SET_A,"(0, 1, 0)",2026-03-06,0.156433,0.156198,0.15455547180610021,0.1578405281938998,2026-03-07,0.160431,0.156198,0.15387511435160672,0.15852088564839328,2026-03-11,0.15944,0.156198,0.1533530577153012,0.1590429422846988,2026-03-12,0.160841,0.156198,0.1529129436122004,0.1594830563877996,2026-03-13,0.161563,0.156198,0.1525251953034801,0.1598708046965199,0.156433,0.156198,0.0,0.0
KZT_RUB,2026-03-06,0.156433,test,SET_A,"(0, 1, 0)",2026-03-07,0.160431,0.156433,0.1547904718061002,0.15807552819389978,2026-03-11,0.15944,0.156433,0.1541101143516067,0.15875588564839327,2026-03-12,0.160841,0.156433,0.15358805771530118,0.1592779422846988,2026-03-13,0.161563,0.156433,0.15314794361220038,0.1597180563877996,2026-03-14,0.163166,0.156433,0.1527601953034801,0.1601058046965199,0.15944,0.156433,0.0,0.0
KZT_RUB,2026-03-07,0.160431,test,SET_A,"(0, 1, 0)",2026-03-11,0.15944,0.160431,0.1587884718061002,0.16207352819389978,2026-03-12,0.160841,0.160431,0.1581081143516067,0.16275388564839327,2026-03-13,0.161563,0.160431,0.15758605771530118,0.1632759422846988,2026-03-14,0.163166,0.160431,0.15714594361220038,0.1637160563877996,2026-03-17,0.164977,0.160431,0.1567581953034801,0.1641038046965199,0.15944,0.160431,0.006177110408836148,0.0
KZT_RUB,2026-03-11,0.15944,test,SET_A,"(0, 1, 0)",2026-03-12,0.160841,0.15944,0.1577974718061002,0.1610825281938998,2026-03-13,0.161563,0.15944,0.15711711435160672,0.16176288564839328,2026-03-14,0.163166,0.15944,0.1565950577153012,0.1622849422846988,2026-03-17,0.164977,0.15944,0.1561549436122004,0.1627250563877996,2026-03-18,0.16847,0.15944,0.1557671953034801,0.1631128046965199,0.160841,0.15944,0.0,0.0
KZT_RUB,2026-03-12,0.160841,test,SET_A,"(0, 1, 0)",2026-03-13,0.161563,0.160841,0.15919847180610022,0.1624835281938998,2026-03-14,0.163166,0.160841,0.15851811435160673,0.1631638856483933,2026-03-17,0.164977,0.160841,0.1579960577153012,0.16368594228469882,2026-03-18,0.16847,0.160841,0.1575559436122004,0.16412605638779962,2026-03-19,0.173533,0.160841,0.1571681953034801,0.1645138046965199,0.161563,0.160841,0.0,0.0
KZT_RUB,2026-03-13,0.161563,test,SET_A,"(0, 1, 0)",2026-03-14,0.163166,0.161563,0.15992047180610022,0.1632055281938998,2026-03-17,0.164977,0.161563,0.15924011435160673,0.1638858856483933,2026-03-18,0.16847,0.161563,0.1587180577153012,0.16440794228469882,2026-03-19,0.173533,0.161563,0.1582779436122004,0.16484805638779962,2026-03-20,0.175833,0.161563,0.1578901953034801,0.1652358046965199,0.163166,0.161563,0.0,0.0
KZT_RUB,2026-03-14,0.163166,test,SET_A,"(0, 1, 0)",2026-03-17,0.164977,0.163166,0.16152347180610022,0.1648085281938998,2026-03-18,0.16847,0.163166,0.16084311435160673,0.16548888564839329,2026-03-19,0.173533,0.163166,0.1603210577153012,0.16601094228469881,2026-03-20,0.175833,0.163166,0.1598809436122004,0.1664510563877996,2026-03-21,0.174155,0.163166,0.1594931953034801,0.1668388046965199,0.164977,0.163166,0.0,0.0
KZT_RUB,2026-03-17,0.164977,test,SET_A,"(0, 1, 0)",2026-03-18,0.16847,0.164977,0.16333447180610022,0.1666195281938998,2026-03-19,0.173533,0.164977,0.16265411435160673,0.1672998856483933,2026-03-20,0.175833,0.164977,0.1621320577153012,0.16782194228469882,2026-03-21,0.174155,0.164977,0.1616919436122004,0.16826205638779962,2026-03-24,0.169752,0.164977,0.1613041953034801,0.1686498046965199,0.16847,0.164977,0.0,0.0
KZT_RUB,2026-03-18,0.16847,test,SET_A,"(0, 1, 0)",2026-03-19,0.173533,0.16847,0.16682747180610022,0.1701125281938998,2026-03-20,0.175833,0.16847,0.16614711435160673,0.1707928856483933,2026-03-21,0.174155,0.16847,0.1656250577153012,0.17131494228469882,2026-03-24,0.169752,0.16847,0.1651849436122004,0.17175505638779962,2026-03-25,0.167853,0.16847,0.1647971953034801,0.1721428046965199,0.167853,0.16847,0.003662373122811221,0.0
KZT_RUB,2026-03-19,0.173533,test,SET_A,"(0, 1, 0)",2026-03-20,0.175833,0.173533,0.1718904718061002,0.17517552819389978,2026-03-21,0.174155,0.173533,0.1712101143516067,0.17585588564839327,2026-03-24,0.169752,0.173533,0.17068805771530118,0.1763779422846988,2026-03-25,0.167853,0.173533,0.1702479436122004,0.1768180563877996,2026-03-26,0.167353,0.173533,0.1698601953034801,0.1772058046965199,0.167353,0.173533,0.035612822921288693,0.0
KZT_RUB,2026-03-20,0.175833,test,SET_A,"(0, 1, 0)",2026-03-21,0.174155,0.17583300000000002,0.17419047180610023,0.1774755281938998,2026-03-24,0.169752,0.17583300000000002,0.17351011435160674,0.1781558856483933,2026-03-25,0.167853,0.17583300000000002,0.1729880577153012,0.17867794228469883,2026-03-26,0.167353,0.17583300000000002,0.1725479436122004,0.17911805638779962,2026-03-27,0.170281,0.17583300000000002,0.17216019530348012,0.17950580469651992,0.167353,0.17583300000000002,0.04822757957834985,0.0
KZT_RUB,2026-03-21,0.174155,test,SET_A,"(0, 1, 0)",2026-03-24,0.169752,0.174155,0.17251247180610021,0.1757975281938998,2026-03-25,0.167853,0.174155,0.17183211435160672,0.17647788564839328,2026-03-26,0.167353,0.174155,0.1713100577153012,0.1769999422846988,2026-03-27,0.170281,0.174155,0.1708699436122004,0.1774400563877996,2026-03-28,0.168409,0.174155,0.1704821953034801,0.1778278046965199,0.167353,0.174155,0.03905716172375184,0.0
KZT_RUB,2026-03-24,0.169752,test,SET_A,"(0, 1, 0)",2026-03-25,0.167853,0.16975199999999996,0.16810947180610017,0.17139452819389975,2026-03-26,0.167353,0.16975199999999996,0.16742911435160668,0.17207488564839324,2026-03-27,0.170281,0.16975199999999996,0.16690705771530115,0.17259694228469877,2026-03-28,0.168409,0.16975199999999996,0.16646694361220035,0.17303705638779956,2026-03-31,0.168478,0.16975199999999996,0.16607919530348006,0.17342480469651986,0.167353,0.16975199999999996,0.0141323813563315,1.635066191598857e-16
KZT_RUB,2026-03-25,0.167853,test,SET_A,"(0, 1, 0)",2026-03-26,0.167353,0.167853,0.1662104718061002,0.1694955281938998,2026-03-27,0.170281,0.167853,0.16553011435160672,0.17017588564839328,2026-03-28,0.168409,0.167853,0.1650080577153012,0.1706979422846988,2026-03-31,0.168478,0.167853,0.1645679436122004,0.1711380563877996,2026-04-01,0.16873,0.167853,0.1641801953034801,0.1715258046965199,0.167353,0.167853,0.00297879692349854,0.0
KZT_RUB,2026-03-26,0.167353,test,SET_A,"(0, 1, 0)",2026-03-27,0.170281,0.167353,0.1657104718061002,0.1689955281938998,2026-03-28,0.168409,0.167353,0.16503011435160672,0.16967588564839328,2026-03-31,0.168478,0.167353,0.1645080577153012,0.1701979422846988,2026-04-01,0.16873,0.167353,0.1640679436122004,0.1706380563877996,2026-04-02,0.168397,0.167353,0.1636801953034801,0.1710258046965199,0.168397,0.167353,0.0,0.0
KZT_RUB,2026-03-27,0.170281,test,SET_A,"(0, 1, 0)",2026-03-28,0.168409,0.170281,0.1686384718061002,0.17192352819389978,2026-03-31,0.168478,0.170281,0.1679581143516067,0.17260388564839327,2026-04-01,0.16873,0.170281,0.16743605771530118,0.1731259422846988,2026-04-02,0.168397,0.170281,0.16699594361220038,0.1735660563877996,2026-04-03,0.16909,0.170281,0.1666081953034801,0.1739538046965199,0.168397,0.170281,0.01106406469306615,0.0
KZT_RUB,2026-03-28,0.168409,test,SET_A,"(0, 1, 0)",2026-03-31,0.168478,0.168409,0.1667664718061002,0.1700515281938998,2026-04-01,0.16873,0.168409,0.16608611435160672,0.17073188564839328,2026-04-02,0.168397,0.168409,0.1655640577153012,0.1712539422846988,2026-04-03,0.16909,0.168409,0.1651239436122004,0.1716940563877996,2026-04-04,0.168807,0.168409,0.1647361953034801,0.1720818046965199,0.168397,0.168409,7.125509919310727e-05,0.0
KZT_RUB,2026-03-31,0.168478,test,SET_A,"(0, 1, 0)",2026-04-01,0.16873,0.168478,0.1668354718061002,0.17012052819389978,2026-04-02,0.168397,0.168478,0.1661551143516067,0.17080088564839327,2026-04-03,0.16909,0.168478,0.16563305771530118,0.1713229422846988,2026-04-04,0.168807,0.168478,0.16519294361220038,0.1717630563877996,2026-04-07,0.167342,0.168478,0.1648051953034801,0.1721508046965199,0.167342,0.168478,0.006742720117760172,0.0
KZT_RUB,2026-04-01,0.16873,test,SET_A,"(0, 1, 0)",2026-04-02,0.168397,0.16873,0.1670874718061002,0.17037252819389978,2026-04-03,0.16909,0.16873,0.1664071143516067,0.17105288564839327,2026-04-04,0.168807,0.16873,0.16588505771530118,0.1715749422846988,2026-04-07,0.167342,0.16873,0.16544494361220038,0.1720150563877996,2026-04-08,0.168871,0.16873,0.1650571953034801,0.1724028046965199,0.167342,0.16873,0.00822616013749778,0.0
KZT_RUB,2026-04-02,0.168397,test,SET_A,"(0, 1, 0)",2026-04-03,0.16909,0.168397,0.1667544718061002,0.17003952819389978,2026-04-04,0.168807,0.168397,0.1660741143516067,0.17071988564839327,2026-04-07,0.167342,0.168397,0.16555205771530118,0.1712419422846988,2026-04-08,0.168871,0.168397,0.16511194361220038,0.1716820563877996,2026-04-09,0.17009,0.168397,0.1647241953034801,0.1720698046965199,0.167342,0.168397,0.006264957214202156,0.0
KZT_RUB,2026-04-03,0.16909,test,SET_A,"(0, 1, 0)",2026-04-04,0.168807,0.16909,0.1674474718061002,0.17073252819389978,2026-04-07,0.167342,0.16909,0.1667671143516067,0.17141288564839327,2026-04-08,0.168871,0.16909,0.16624505771530118,0.1719349422846988,2026-04-09,0.17009,0.16909,0.16580494361220038,0.1723750563877996,2026-04-10,0.16376,0.16909,0.1654171953034801,0.1727628046965199,0.16376,0.16909,0.031521674847714246,0.0
KZT_RUB,2026-04-04,0.168807,test,SET_A,"(0, 1, 0)",2026-04-07,0.167342,0.168807,0.16716447180610022,0.1704495281938998,2026-04-08,0.168871,0.168807,0.16648411435160673,0.1711298856483933,2026-04-09,0.17009,0.168807,0.1659620577153012,0.17165194228469882,2026-04-10,0.16376,0.168807,0.1655219436122004,0.17209205638779962,2026-04-11,0.160419,0.168807,0.1651341953034801,0.1724798046965199,0.160419,0.168807,0.049689882528568166,0.0
KZT_RUB,2026-04-07,0.167342,test,SET_A,"(0, 1, 0)",2026-04-08,0.168871,0.167342,0.1656994718061002,0.16898452819389978,2026-04-09,0.17009,0.167342,0.1650191143516067,0.16966488564839327,2026-04-10,0.16376,0.167342,0.16449705771530118,0.1701869422846988,2026-04-11,0.160419,0.167342,0.16405694361220038,0.1706270563877996,2026-04-14,0.161158,0.167342,0.1636691953034801,0.1710148046965199,0.160419,0.167342,0.04137036727181452,0.0
KZT_RUB,2026-04-08,0.168871,test,SET_A,"(0, 1, 0)",2026-04-09,0.17009,0.168871,0.1672284718061002,0.17051352819389978,2026-04-10,0.16376,0.168871,0.1665481143516067,0.17119388564839327,2026-04-11,0.160419,0.168871,0.16602605771530118,0.1717159422846988,2026-04-14,0.161158,0.168871,0.1655859436122004,0.1721560563877996,2026-04-15,0.159725,0.168871,0.1651981953034801,0.1725438046965199,0.159725,0.168871,0.054159684019162484,0.0
KZT_RUB,2026-04-09,0.17009,test,SET_A,"(0, 1, 0)",2026-04-10,0.16376,0.17009,0.1684474718061002,0.17173252819389978,2026-04-11,0.160419,0.17009,0.1677671143516067,0.17241288564839327,2026-04-14,0.161158,0.17009,0.16724505771530118,0.1729349422846988,2026-04-15,0.159725,0.17009,0.16680494361220038,0.1733750563877996,2026-04-16,0.157734,0.17009,0.1664171953034801,0.1737628046965199,0.157734,0.17009,0.07264389440884225,0.0
KZT_RUB,2026-04-10,0.16376,test,SET_A,"(0, 1, 0)",2026-04-11,0.160419,0.16376,0.1621174718061002,0.16540252819389978,2026-04-14,0.161158,0.16376,0.1614371143516067,0.16608288564839327,2026-04-15,0.159725,0.16376,0.16091505771530118,0.1666049422846988,2026-04-16,0.157734,0.16376,0.16047494361220038,0.1670450563877996,2026-04-17,0.160492,0.16376,0.1600871953034801,0.1674328046965199,0.157734,0.16376,0.03679775280898862,0.0
KZT_RUB,2026-04-11,0.160419,test,SET_A,"(0, 1, 0)",2026-04-14,0.161158,0.160419,0.15877647180610022,0.1620615281938998,2026-04-15,0.159725,0.160419,0.15809611435160673,0.1627418856483933,2026-04-16,0.157734,0.160419,0.1575740577153012,0.16326394228469882,2026-04-17,0.160492,0.160419,0.1571339436122004,0.1637040563877996,2026-04-18,0.161315,0.160419,0.1567461953034801,0.1640918046965199,0.157734,0.160419,0.016737418884296702,0.0
KZT_RUB,2026-04-14,0.161158,test,SET_A,"(0, 1, 0)",2026-04-15,0.159725,0.161158,0.1595154718061002,0.16280052819389979,2026-04-16,0.157734,0.161158,0.15883511435160672,0.16348088564839328,2026-04-17,0.160492,0.161158,0.1583130577153012,0.1640029422846988,2026-04-18,0.161315,0.161158,0.1578729436122004,0.1644430563877996,2026-04-21,0.160242,0.161158,0.1574851953034801,0.1648308046965199,0.157734,0.161158,0.021246230407426146,0.0
KZT_RUB,2026-04-15,0.159725,test,SET_A,"(0, 1, 0)",2026-04-16,0.157734,0.159725,0.15808247180610022,0.1613675281938998,2026-04-17,0.160492,0.159725,0.15740211435160673,0.1620478856483933,2026-04-18,0.161315,0.159725,0.1568800577153012,0.16256994228469882,2026-04-21,0.160242,0.159725,0.1564399436122004,0.1630100563877996,2026-04-22,0.158874,0.159725,0.1560521953034801,0.1633978046965199,0.157734,0.159725,0.012465174518703976,0.0
KZT_RUB,2026-04-16,0.157734,test,SET_A,"(0, 1, 0)",2026-04-17,0.160492,0.157734,0.15609147180610022,0.1593765281938998,2026-04-18,0.161315,0.157734,0.15541111435160673,0.1600568856483933,2026-04-21,0.160242,0.157734,0.1548890577153012,0.16057894228469882,2026-04-22,0.158874,0.157734,0.1544489436122004,0.16101905638779962,2026-04-23,0.161383,0.157734,0.15406119530348011,0.1614068046965199,0.158874,0.157734,0.0,0.0
KZT_RUB,2026-04-17,0.160492,test,SET_A,"(0, 1, 0)",2026-04-18,0.161315,0.160492,0.1588494718061002,0.16213452819389979,2026-04-21,0.160242,0.160492,0.15816911435160672,0.16281488564839328,2026-04-22,0.158874,0.160492,0.1576470577153012,0.1633369422846988,2026-04-23,0.161383,0.160492,0.1572069436122004,0.1637770563877996,2026-04-24,0.162201,0.160492,0.1568191953034801,0.1641648046965199,0.158874,0.160492,0.010081499389377717,0.0
KZT_RUB,2026-04-18,0.161315,test,SET_A,"(0, 1, 0)",2026-04-21,0.160242,0.161315,0.1596724718061002,0.16295752819389978,2026-04-22,0.158874,0.161315,0.1589921143516067,0.16363788564839327,2026-04-23,0.161383,0.161315,0.15847005771530118,0.1641599422846988,2026-04-24,0.162201,0.161315,0.15802994361220038,0.1646000563877996,2026-04-25,0.163172,0.161315,0.1576421953034801,0.16498780469651989,0.158874,0.161315,0.015131884821622286,0.0
KZT_RUB,2026-04-21,0.160242,test,SET_A,"(0, 1, 0)",2026-04-22,0.158874,0.160242,0.1585994718061002,0.16188452819389978,2026-04-23,0.161383,0.160242,0.15791911435160672,0.16256488564839328,2026-04-24,0.162201,0.160242,0.1573970577153012,0.1630869422846988,2026-04-25,0.163172,0.160242,0.1569569436122004,0.1635270563877996,2026-04-28,0.160926,0.160242,0.1565691953034801,0.1639148046965199,0.158874,0.160242,0.008537087654921982,0.0
KZT_RUB,2026-04-22,0.158874,test,SET_A,"(0, 1, 0)",2026-04-23,0.161383,0.158874,0.1572314718061002,0.16051652819389978,2026-04-24,0.162201,0.158874,0.1565511143516067,0.16119688564839327,2026-04-25,0.163172,0.158874,0.15602905771530118,0.1617189422846988,2026-04-28,0.160926,0.158874,0.15558894361220038,0.1621590563877996,2026-04-29,0.162098,0.158874,0.1552011953034801,0.1625468046965199,0.160926,0.158874,0.0,0.0
KZT_RUB,2026-04-23,0.161383,test,SET_A,"(0, 1, 0)",2026-04-24,0.162201,0.161383,0.1597404718061002,0.1630255281938998,2026-04-25,0.163172,0.161383,0.15906011435160672,0.16370588564839328,2026-04-28,0.160926,0.161383,0.1585380577153012,0.1642279422846988,2026-04-29,0.162098,0.161383,0.1580979436122004,0.1646680563877996,2026-04-30,0.163777,0.161383,0.1577101953034801,0.1650558046965199,0.160926,0.161383,0.002831772863312649,0.0
KZT_RUB,2026-04-24,0.162201,test,SET_A,"(0, 1, 0)",2026-04-25,0.163172,0.162201,0.16055847180610022,0.1638435281938998,2026-04-28,0.160926,0.162201,0.15987811435160673,0.1645238856483933,2026-04-29,0.162098,0.162201,0.1593560577153012,0.16504594228469882,2026-04-30,0.163777,0.162201,0.1589159436122004,0.16548605638779962,2026-05-01,0.162066,0.162201,0.1585281953034801,0.1658738046965199,0.160926,0.162201,0.007860617382136968,0.0
KZT_RUB,2026-04-25,0.163172,test,SET_A,"(0, 1, 0)",2026-04-28,0.160926,0.163172,0.16152947180610022,0.1648145281938998,2026-04-29,0.162098,0.163172,0.16084911435160673,0.1654948856483933,2026-04-30,0.163777,0.163172,0.1603270577153012,0.16601694228469882,2026-05-01,0.162066,0.163172,0.1598869436122004,0.16645705638779962,2026-05-05,0.162966,0.163172,0.1594991953034801,0.1668448046965199,0.160926,0.163172,0.013764616478317344,0.0
KZT_RUB,2026-04-28,0.160926,test,SET_A,"(0, 1, 0)",2026-04-29,0.162098,0.160926,0.15928347180610022,0.1625685281938998,2026-04-30,0.163777,0.160926,0.15860311435160673,0.1632488856483933,2026-05-01,0.162066,0.160926,0.1580810577153012,0.16377094228469882,2026-05-05,0.162966,0.160926,0.1576409436122004,0.16421105638779962,2026-05-06,0.162196,0.160926,0.15725319530348011,0.1645988046965199,0.162066,0.160926,0.0,0.0
KZT_RUB,2026-04-29,0.162098,test,SET_A,"(0, 1, 0)",2026-04-30,0.163777,0.162098,0.1604554718061002,0.16374052819389978,2026-05-01,0.162066,0.162098,0.1597751143516067,0.16442088564839327,2026-05-05,0.162966,0.162098,0.15925305771530118,0.1649429422846988,2026-05-06,0.162196,0.162098,0.15881294361220039,0.1653830563877996,2026-05-07,0.16177,0.162098,0.1584251953034801,0.1657708046965199,0.16177,0.162098,0.0020234672852224886,0.0
KZT_RUB,2026-04-30,0.163777,test,SET_A,"(0, 1, 0)",2026-05-01,0.162066,0.163777,0.16213447180610022,0.1654195281938998,2026-05-05,0.162966,0.163777,0.16145411435160673,0.1660998856483933,2026-05-06,0.162196,0.163777,0.1609320577153012,0.16662194228469882,2026-05-07,0.16177,0.163777,0.1604919436122004,0.1670620563877996,2026-05-08,0.161026,0.163777,0.1601041953034801,0.1674498046965199,0.161026,0.163777,0.016797230380334257,0.0
KZT_RUB,2026-05-01,0.162066,test,SET_A,"(0, 1, 0)",2026-05-05,0.162966,0.162066,0.1604234718061002,0.16370852819389978,2026-05-06,0.162196,0.162066,0.1597431143516067,0.16438888564839327,2026-05-07,0.16177,0.162066,0.15922105771530118,0.1649109422846988,2026-05-08,0.161026,0.162066,0.15878094361220038,0.1653510563877996,2026-05-09,0.160325,0.162066,0.1583931953034801,0.1657388046965199,0.160325,0.162066,0.010742536991102345,0.0
KZT_RUB,2026-05-05,0.162966,test,SET_A,"(0, 1, 0)",2026-05-06,0.162196,0.162966,0.1613234718061002,0.1646085281938998,2026-05-07,0.16177,0.162966,0.16064311435160672,0.16528888564839328,2026-05-08,0.161026,0.162966,0.1601210577153012,0.1658109422846988,2026-05-09,0.160325,0.162966,0.1596809436122004,0.1662510563877996,2026-05-13,0.15997,0.162966,0.1592931953034801,0.1666388046965199,0.15997,0.162966,0.01838420283985616,0.0
KZT_RUB,2026-05-06,0.162196,test,SET_A,"(0, 1, 0)",2026-05-07,0.16177,0.162196,0.16055347180610022,0.1638385281938998,2026-05-08,0.161026,0.162196,0.15987311435160673,0.1645188856483933,2026-05-09,0.160325,0.162196,0.1593510577153012,0.16504094228469882,2026-05-13,0.15997,0.162196,0.1589109436122004,0.1654810563877996,2026-05-14,0.158095,0.162196,0.1585231953034801,0.1658688046965199,0.158095,0.162196,0.025284224025253356,0.0
KZT_RUB,2026-05-07,0.16177,test,SET_A,"(0, 1, 0)",2026-05-08,0.161026,0.16177,0.1601274718061002,0.1634125281938998,2026-05-09,0.160325,0.16177,0.15944711435160672,0.16409288564839328,2026-05-13,0.15997,0.16177,0.1589250577153012,0.1646149422846988,2026-05-14,0.158095,0.16177,0.1584849436122004,0.1650550563877996,2026-05-15,0.156402,0.16177,0.1580971953034801,0.1654428046965199,0.156402,0.16177,0.033182914013723086,0.0
KZT_RUB,2026-05-08,0.161026,test,SET_A,"(0, 1, 0)",2026-05-09,0.160325,0.161026,0.1593834718061002,0.1626685281938998,2026-05-13,0.15997,0.161026,0.15870311435160672,0.16334888564839328,2026-05-14,0.158095,0.161026,0.1581810577153012,0.1638709422846988,2026-05-15,0.156402,0.161026,0.1577409436122004,0.1643110563877996,2026-05-16,0.154264,0.161026,0.1573531953034801,0.1646988046965199,0.154264,0.161026,0.04199321848645554,0.0
KZT_RUB,2026-05-09,0.160325,test,SET_A,"(0, 1, 0)",2026-05-13,0.15997,0.160325,0.1586824718061002,0.16196752819389978,2026-05-14,0.158095,0.160325,0.15800211435160672,0.16264788564839328,2026-05-15,0.156402,0.160325,0.15748005771530119,0.1631699422846988,2026-05-16,0.154264,0.160325,0.1570399436122004,0.1636100563877996,2026-05-19,0.15388,0.160325,0.1566521953034801,0.1639978046965199,0.15388,0.160325,0.040199594573522575,0.0
KZT_RUB,2026-05-13,0.15997,test,SET_A,"(0, 1, 0)",2026-05-14,0.158095,0.15997,0.1583274718061002,0.1616125281938998,2026-05-15,0.156402,0.15997,0.15764711435160672,0.16229288564839328,2026-05-16,0.154264,0.15997,0.1571250577153012,0.1628149422846988,2026-05-19,0.15388,0.15997,0.1566849436122004,0.1632550563877996,2026-05-20,0.152471,0.15997,0.1562971953034801,0.1636428046965199,0.152471,0.15997,0.04687753953866353,0.0
KZT_RUB,2026-05-14,0.158095,test,SET_A,"(0, 1, 0)",2026-05-15,0.156402,0.158095,0.15645247180610022,0.1597375281938998,2026-05-16,0.154264,0.158095,0.15577211435160673,0.1604178856483933,2026-05-19,0.15388,0.158095,0.1552500577153012,0.16093994228469882,2026-05-20,0.152471,0.158095,0.1548099436122004,0.16138005638779962,2026-05-21,0.150342,0.158095,0.15442219530348011,0.1617678046965199,0.150342,0.158095,0.049040134096587557,0.0
KZT_RUB,2026-05-15,0.156402,test,SET_A,"(0, 1, 0)",2026-05-16,0.154264,0.156402,0.15475947180610022,0.1580445281938998,2026-05-19,0.15388,0.156402,0.15407911435160673,0.1587248856483933,2026-05-20,0.152471,0.156402,0.1535570577153012,0.15924694228469882,2026-05-21,0.150342,0.156402,0.1531169436122004,0.15968705638779962,2026-05-22,0.150052,0.156402,0.15272919530348011,0.1600748046965199,0.150052,0.156402,0.040600503829874436,0.0
KZT_RUB,2026-05-16,0.154264,test,SET_A,"(0, 1, 0)",2026-05-19,0.15388,0.154264,0.15262147180610022,0.1559065281938998,2026-05-20,0.152471,0.154264,0.15194111435160673,0.1565868856483933,2026-05-21,0.150342,0.154264,0.1514190577153012,0.15710894228469882,2026-05-22,0.150052,0.154264,0.1509789436122004,0.15754905638779962,2026-05-23,0.151043,0.154264,0.1505911953034801,0.1579368046965199,0.150052,0.154264,0.027303842763055676,0.0
KZT_RUB,2026-05-19,0.15388,test,SET_A,"(0, 1, 0)",2026-05-20,0.152471,0.15388000000000002,0.15223747180610023,0.1555225281938998,2026-05-21,0.150342,0.15388000000000002,0.15155711435160674,0.1562028856483933,2026-05-22,0.150052,0.15388000000000002,0.1510350577153012,0.15672494228469883,2026-05-23,0.151043,0.15388000000000002,0.1505949436122004,0.15716505638779962,2026-05-26,0.151967,0.15388000000000002,0.15020719530348012,0.15755280469651992,0.150052,0.15388000000000002,0.024876527164023905,0.0
KZT_RUB,2026-05-20,0.152471,test,SET_A,"(0, 1, 0)",2026-05-21,0.150342,0.152471,0.1508284718061002,0.15411352819389978,2026-05-22,0.150052,0.152471,0.15014811435160672,0.15479388564839328,2026-05-23,0.151043,0.152471,0.1496260577153012,0.1553159422846988,2026-05-26,0.151967,0.152471,0.1491859436122004,0.1557560563877996,2026-05-27,0.151685,0.152471,0.1487981953034801,0.1561438046965199,0.150052,0.152471,0.015865312092135583,0.0
KZT_RUB,2026-05-21,0.150342,test,SET_A,"(0, 1, 0)",2026-05-22,0.150052,0.150342,0.14869947180610021,0.1519845281938998,2026-05-23,0.151043,0.150342,0.14801911435160672,0.15266488564839328,2026-05-26,0.151967,0.150342,0.1474970577153012,0.1531869422846988,2026-05-27,0.151685,0.150342,0.1470569436122004,0.1536270563877996,2026-05-28,0.14849,0.150342,0.1466691953034801,0.1540148046965199,0.14849,0.150342,0.012318580303574467,0.0
KZT_RUB,2026-05-22,0.150052,test,SET_A,"(0, 1, 0)",2026-05-23,0.151043,0.15005200000000002,0.14840947180610023,0.1516945281938998,2026-05-26,0.151967,0.15005200000000002,0.14772911435160674,0.1523748856483933,2026-05-27,0.151685,0.15005200000000002,0.1472070577153012,0.15289694228469883,2026-05-28,0.14849,0.15005200000000002,0.1467669436122004,0.15333705638779963,2026-05-29,0.149475,0.15005200000000002,0.14637919530348012,0.15372480469651992,0.14849,0.15005200000000002,0.01040972462879522,0.0
KZT_RUB,2026-05-23,0.151043,test,SET_A,"(0, 1, 0)",2026-05-26,0.151967,0.151043,0.14940047180610022,0.1526855281938998,2026-05-27,0.151685,0.151043,0.14872011435160673,0.1533658856483933,2026-05-28,0.14849,0.151043,0.1481980577153012,0.15388794228469882,2026-05-29,0.149475,0.151043,0.1477579436122004,0.15432805638779962,2026-05-30,0.146272,0.151043,0.1473701953034801,0.1547158046965199,0.146272,0.151043,0.031587031507583914,0.0
KZT_RUB,2026-05-26,0.151967,test,SET_A,"(0, 1, 0)",2026-05-27,0.151685,0.151967,0.1503244718061002,0.15360952819389978,2026-05-28,0.14849,0.151967,0.1496441143516067,0.15428988564839327,2026-05-29,0.149475,0.151967,0.14912205771530118,0.1548119422846988,2026-05-30,0.146272,0.151967,0.14868194361220038,0.1552520563877996,2026-06-02,0.147244,0.151967,0.1482941953034801,0.1556398046965199,0.146272,0.151967,0.037475241335289754,0.0
KZT_RUB,2026-05-27,0.151685,test,SET_A,"(0, 1, 0)",2026-05-28,0.14849,0.151685,0.1500424718061002,0.15332752819389978,2026-05-29,0.149475,0.151685,0.1493621143516067,0.15400788564839327,2026-05-30,0.146272,0.151685,0.14884005771530118,0.1545299422846988,2026-06-02,0.147244,0.151685,0.14839994361220038,0.1549700563877996,2026-06-03,0.148396,0.151685,0.1480121953034801,0.15535780469651989,0.146272,0.151685,0.03568579622243448,0.0
KZT_RUB,2026-05-28,0.14849,test,SET_A,"(0, 1, 0)",2026-05-29,0.149475,0.14849,0.14684747180610022,0.1501325281938998,2026-05-30,0.146272,0.14849,0.14616711435160673,0.1508128856483933,2026-06-02,0.147244,0.14849,0.1456450577153012,0.15133494228469882,2026-06-03,0.148396,0.14849,0.1452049436122004,0.15177505638779962,2026-06-04,0.148725,0.14849,0.1448171953034801,0.1521628046965199,0.146272,0.14849,0.014937032796821318,0.0
KZT_RUB,2026-05-29,0.149475,test,SET_A,"(0, 1, 0)",2026-05-30,0.146272,0.149475,0.1478324718061002,0.15111752819389979,2026-06-02,0.147244,0.149475,0.14715211435160672,0.15179788564839328,2026-06-03,0.148396,0.149475,0.1466300577153012,0.1523199422846988,2026-06-04,0.148725,0.149475,0.1461899436122004,0.1527600563877996,2026-06-05,0.151837,0.149475,0.1458021953034801,0.1531478046965199,0.146272,0.149475,0.02142833249707298,0.0
KZT_RUB,2026-05-30,0.146272,test,SET_A,"(0, 1, 0)",2026-06-02,0.147244,0.146272,0.14462947180610022,0.1479145281938998,2026-06-03,0.148396,0.146272,0.14394911435160673,0.1485948856483933,2026-06-04,0.148725,0.146272,0.1434270577153012,0.14911694228469882,2026-06-05,0.151837,0.146272,0.1429869436122004,0.14955705638779962,2026-06-06,0.151376,0.146272,0.14259919530348011,0.1499448046965199,0.147244,0.146272,0.0,0.0
KZT_RUB,2026-06-02,0.147244,test,SET_A,"(0, 1, 0)",2026-06-03,0.148396,0.147244,0.14560147180610022,0.1488865281938998,2026-06-04,0.148725,0.147244,0.14492111435160673,0.1495668856483933,2026-06-05,0.151837,0.147244,0.1443990577153012,0.15008894228469882,2026-06-06,0.151376,0.147244,0.1439589436122004,0.15052905638779962,2026-06-09,0.150304,0.147244,0.14357119530348011,0.1509168046965199,0.148396,0.147244,0.0,0.0
KZT_RUB,2026-06-03,0.148396,test,SET_A,"(0, 1, 0)",2026-06-04,0.148725,0.148396,0.1467534718061002,0.1500385281938998,2026-06-05,0.151837,0.148396,0.14607311435160672,0.15071888564839328,2026-06-06,0.151376,0.148396,0.1455510577153012,0.1512409422846988,2026-06-09,0.150304,0.148396,0.1451109436122004,0.1516810563877996,2026-06-10,0.147968,0.148396,0.1447231953034801,0.1520688046965199,0.147968,0.148396,0.0028841747756004994,0.0
KZT_RUB,2026-06-04,0.148725,test,SET_A,"(0, 1, 0)",2026-06-05,0.151837,0.148725,0.1470824718061002,0.15036752819389979,2026-06-06,0.151376,0.148725,0.14640211435160672,0.15104788564839328,2026-06-09,0.150304,0.148725,0.1458800577153012,0.1515699422846988,2026-06-10,0.147968,0.148725,0.1454399436122004,0.1520100563877996,2026-06-11,0.146446,0.148725,0.1450521953034801,0.1523978046965199,0.146446,0.148725,0.01532358379559592,0.0
KZT_RUB,2026-06-05,0.151837,test,SET_A,"(0, 1, 0)",2026-06-06,0.151376,0.151837,0.1501944718061002,0.1534795281938998,2026-06-09,0.150304,0.151837,0.14951411435160672,0.15415988564839328,2026-06-10,0.147968,0.151837,0.1489920577153012,0.1546819422846988,2026-06-11,0.146446,0.151837,0.1485519436122004,0.1551220563877996,2026-06-12,0.147174,0.151837,0.1481641953034801,0.1555098046965199,0.146446,0.151837,0.03550517989686313,0.0
KZT_RUB,2026-06-06,0.151376,test,SET_A,"(0, 1, 0)",2026-06-09,0.150304,0.151376,0.14973347180610022,0.1530185281938998,2026-06-10,0.147968,0.151376,0.14905311435160673,0.1536988856483933,2026-06-11,0.146446,0.151376,0.1485310577153012,0.15422094228469882,2026-06-12,0.147174,0.151376,0.1480909436122004,0.15466105638779962,2026-06-16,0.148062,0.151376,0.1477031953034801,0.1550488046965199,0.146446,0.151376,0.032567910368882895,0.0
KZT_RUB,2026-06-09,0.150304,test,SET_A,"(0, 1, 0)",2026-06-10,0.147968,0.150304,0.1486614718061002,0.15194652819389978,2026-06-11,0.146446,0.150304,0.1479811143516067,0.15262688564839327,2026-06-12,0.147174,0.150304,0.14745905771530118,0.1531489422846988,2026-06-16,0.148062,0.150304,0.1470189436122004,0.1535890563877996,2026-06-17,0.146812,0.150304,0.1466311953034801,0.1539768046965199,0.146446,0.150304,0.025667979561422187,0.0
KZT_RUB,2026-06-10,0.147968,test,SET_A,"(0, 1, 0)",2026-06-11,0.146446,0.147968,0.1463254718061002,0.14961052819389978,2026-06-12,0.147174,0.147968,0.1456451143516067,0.15029088564839327,2026-06-16,0.148062,0.147968,0.14512305771530118,0.1508129422846988,2026-06-17,0.146812,0.147968,0.14468294361220038,0.1512530563877996,2026-06-18,0.149328,0.147968,0.1442951953034801,0.1516408046965199,0.146446,0.147968,0.0102860077854671,0.0
KZT_RUB,2026-06-11,0.146446,test,SET_A,"(0, 1, 0)",2026-06-12,0.147174,0.146446,0.1448034718061002,0.14808852819389978,2026-06-16,0.148062,0.146446,0.1441231143516067,0.14876888564839327,2026-06-17,0.146812,0.146446,0.14360105771530118,0.1492909422846988,2026-06-18,0.149328,0.146446,0.1431609436122004,0.1497310563877996,2026-06-19,0.149899,0.146446,0.1427731953034801,0.1501188046965199,0.146812,0.146446,0.0,0.0
KZT_RUB,2026-06-12,0.147174,test,SET_A,"(0, 1, 0)",2026-06-16,0.148062,0.14717400000000003,0.14553147180610024,0.14881652819389982,2026-06-17,0.146812,0.14717400000000003,0.14485111435160675,0.1494968856483933,2026-06-18,0.149328,0.14717400000000003,0.14432905771530122,0.15001894228469884,2026-06-19,0.149899,0.14717400000000003,0.14388894361220042,0.15045905638779963,2026-06-20,0.150573,0.14717400000000003,0.14350119530348013,0.15084680469651993,0.146812,0.14717400000000003,0.002459673583649294,0.0
KZT_RUB,2026-06-16,0.148062,test,SET_A,"(0, 1, 0)",2026-06-17,0.146812,0.148062,0.1464194718061002,0.1497045281938998,2026-06-18,0.149328,0.148062,0.14573911435160672,0.15038488564839328,2026-06-19,0.149899,0.148062,0.1452170577153012,0.1509069422846988,2026-06-20,0.150573,0.148062,0.1447769436122004,0.1513470563877996,2026-06-23,0.151043,0.148062,0.1443891953034801,0.1517348046965199,0.146812,0.148062,0.008442409260985271,0.0
KZT_RUB,2026-06-17,0.146812,test,SET_A,"(0, 1, 0)",2026-06-18,0.149328,0.146812,0.1451694718061002,0.1484545281938998,2026-06-19,0.149899,0.146812,0.14448911435160672,0.14913488564839328,2026-06-20,0.150573,0.146812,0.1439670577153012,0.1496569422846988,2026-06-23,0.151043,0.146812,0.1435269436122004,0.1500970563877996,2026-06-24,0.153221,0.146812,0.1431391953034801,0.1504848046965199,0.149328,0.146812,0.0,0.0
KZT_RUB,2026-06-18,0.149328,test,SET_A,"(0, 1, 0)",2026-06-19,0.149899,0.149328,0.1476854718061002,0.15097052819389978,2026-06-20,0.150573,0.149328,0.1470051143516067,0.15165088564839327,2026-06-23,0.151043,0.149328,0.14648305771530118,0.1521729422846988,2026-06-24,0.153221,0.149328,0.14604294361220038,0.1526130563877996,2026-06-25,0.153795,0.149328,0.1456551953034801,0.1530008046965199,0.149899,0.149328,0.0,0.0
KZT_RUB,2026-06-19,0.149899,test,SET_A,"(0, 1, 0)",2026-06-20,0.150573,0.149899,0.14825647180610022,0.1515415281938998,2026-06-23,0.151043,0.149899,0.14757611435160672,0.15222188564839328,2026-06-24,0.153221,0.149899,0.1470540577153012,0.1527439422846988,2026-06-25,0.153795,0.149899,0.1466139436122004,0.1531840563877996,2026-06-26,0.155301,0.149899,0.1462261953034801,0.1535718046965199,0.150573,0.149899,0.0,0.0
KZT_RUB,2026-06-20,0.150573,test,SET_A,"(0, 1, 0)",2026-06-23,0.151043,0.150573,0.14893047180610022,0.1522155281938998,2026-06-24,0.153221,0.150573,0.14825011435160673,0.1528958856483933,2026-06-25,0.153795,0.150573,0.1477280577153012,0.15341794228469882,2026-06-26,0.155301,0.150573,0.1472879436122004,0.15385805638779962,2026-06-27,0.158758,0.150573,0.1469001953034801,0.1542458046965199,0.151043,0.150573,0.0,0.0
KZT_RUB,2026-06-23,0.151043,test,SET_A,"(0, 1, 0)",2026-06-24,0.153221,0.151043,0.14940047180610022,0.1526855281938998,2026-06-25,0.153795,0.151043,0.14872011435160673,0.1533658856483933,2026-06-26,0.155301,0.151043,0.1481980577153012,0.15388794228469882,2026-06-27,0.158758,0.151043,0.1477579436122004,0.15432805638779962,2026-06-30,0.159833,0.151043,0.1473701953034801,0.1547158046965199,0.153221,0.151043,0.0,0.0
KZT_RUB,2026-06-24,0.153221,test,SET_A,"(0, 1, 0)",2026-06-25,0.153795,0.153221,0.1515784718061002,0.15486352819389979,2026-06-26,0.155301,0.153221,0.15089811435160672,0.15554388564839328,2026-06-27,0.158758,0.153221,0.1503760577153012,0.1560659422846988,2026-06-30,0.159833,0.153221,0.1499359436122004,0.1565060563877996,2026-07-01,0.161108,0.153221,0.1495481953034801,0.1568938046965199,0.153795,0.153221,0.0,0.0
KZT_RUB,2026-06-25,0.153795,test,SET_A,"(0, 1, 0)",2026-06-26,0.155301,0.153795,0.1521524718061002,0.15543752819389978,2026-06-27,0.158758,0.153795,0.1514721143516067,0.15611788564839327,2026-06-30,0.159833,0.153795,0.15095005771530118,0.1566399422846988,2026-07-01,0.161108,0.153795,0.15050994361220038,0.1570800563877996,2026-07-02,0.162808,0.153795,0.1501221953034801,0.1574678046965199,0.155301,0.153795,0.0,0.0
KZT_RUB,2026-06-26,0.155301,test,SET_A,"(0, 1, 0)",2026-06-27,0.158758,0.155301,0.1536584718061002,0.15694352819389978,2026-06-30,0.159833,0.155301,0.15297811435160671,0.15762388564839327,2026-07-01,0.161108,0.155301,0.15245605771530119,0.1581459422846988,2026-07-02,0.162808,0.155301,0.1520159436122004,0.1585860563877996,2026-07-03,0.162603,0.155301,0.1516281953034801,0.1589738046965199,0.158758,0.155301,0.0,0.0
KZT_RUB,2026-06-27,0.158758,test,SET_A,"(0, 1, 0)",2026-06-30,0.159833,0.158758,0.15711547180610022,0.1604005281938998,2026-07-01,0.161108,0.158758,0.15643511435160673,0.1610808856483933,2026-07-02,0.162808,0.158758,0.1559130577153012,0.16160294228469882,2026-07-03,0.162603,0.158758,0.1554729436122004,0.16204305638779962,2026-07-04,0.162764,0.158758,0.1550851953034801,0.1624308046965199,0.159833,0.158758,0.0,0.0
KZT_RUB,2026-06-30,0.159833,test,SET_A,"(0, 1, 0)",2026-07-01,0.161108,0.159833,0.1581904718061002,0.1614755281938998,2026-07-02,0.162808,0.159833,0.15751011435160672,0.16215588564839328,2026-07-03,0.162603,0.159833,0.1569880577153012,0.1626779422846988,2026-07-04,0.162764,0.159833,0.1565479436122004,0.1631180563877996,2026-07-07,0.165179,0.159833,0.1561601953034801,0.1635058046965199,0.161108,0.159833,0.0,0.0
KZT_RUB,2026-07-01,0.161108,test,SET_A,"(0, 1, 0)",2026-07-02,0.162808,0.161108,0.1594654718061002,0.1627505281938998,2026-07-03,0.162603,0.161108,0.15878511435160672,0.16343088564839328,2026-07-04,0.162764,0.161108,0.1582630577153012,0.1639529422846988,2026-07-07,0.165179,0.161108,0.1578229436122004,0.1643930563877996,2026-07-08,0.161273,0.161108,0.1574351953034801,0.1647808046965199,0.161273,0.161108,0.0,0.0
KZT_RUB,2026-07-02,0.162808,test,SET_A,"(0, 1, 0)",2026-07-03,0.162603,0.162808,0.16116547180610022,0.1644505281938998,2026-07-04,0.162764,0.162808,0.16048511435160673,0.1651308856483933,2026-07-07,0.165179,0.162808,0.1599630577153012,0.16565294228469882,2026-07-08,0.161273,0.162808,0.1595229436122004,0.16609305638779961,2026-07-09,0.1622,0.162808,0.1591351953034801,0.1664808046965199,0.161273,0.162808,0.009428283622426469,0.0
KZT_RUB,2026-07-03,0.162603,test,SET_A,"(0, 1, 0)",2026-07-04,0.162764,0.162603,0.1609604718061002,0.1642455281938998,2026-07-07,0.165179,0.162603,0.16028011435160672,0.16492588564839328,2026-07-08,0.161273,0.162603,0.1597580577153012,0.1654479422846988,2026-07-09,0.1622,0.162603,0.1593179436122004,0.1658880563877996,2026-07-10,0.162251,0.162603,0.1589301953034801,0.1662758046965199,0.161273,0.162603,0.008179430883809019,0.0
KZT_RUB,2026-07-04,0.162764,test,SET_A,"(0, 1, 0)",2026-07-07,0.165179,0.162764,0.1611214718061002,0.16440652819389978,2026-07-08,0.161273,0.162764,0.1604411143516067,0.16508688564839327,2026-07-09,0.1622,0.162764,0.15991905771530118,0.1656089422846988,2026-07-10,0.162251,0.162764,0.15947894361220039,0.1660490563877996,2026-07-11,0.16402,0.162764,0.1590911953034801,0.1664368046965199,0.161273,0.162764,0.009160502322380824,0.0
KZT_RUB,2026-07-07,0.165179,test,SET_A,"(0, 1, 0)",2026-07-08,0.161273,0.165179,0.1635364718061002,0.16682152819389978,2026-07-09,0.1622,0.165179,0.1628561143516067,0.16750188564839327,2026-07-10,0.162251,0.165179,0.16233405771530118,0.1680239422846988,2026-07-11,0.16402,0.165179,0.16189394361220039,0.1684640563877996,2026-07-14,0.16488,0.165179,0.1615061953034801,0.1688518046965199,0.161273,0.165179,0.023647073780565284,0.0
KZT_RUB,2026-07-08,0.161273,test,SET_A,"(0, 1, 0)",2026-07-09,0.1622,0.161273,0.1596304718061002,0.1629155281938998,2026-07-10,0.162251,0.161273,0.15895011435160672,0.16359588564839328,2026-07-11,0.16402,0.161273,0.1584280577153012,0.1641179422846988,2026-07-14,0.16488,0.161273,0.1579879436122004,0.1645580563877996,2026-07-15,0.162418,0.161273,0.1576001953034801,0.1649458046965199,0.1622,0.161273,0.0,0.0
KZT_RUB,2026-07-09,0.1622,test,SET_A,"(0, 1, 0)",2026-07-10,0.162251,0.1622,0.16055747180610022,0.1638425281938998,2026-07-11,0.16402,0.1622,0.15987711435160673,0.1645228856483933,2026-07-14,0.16488,0.1622,0.1593550577153012,0.16504494228469882,2026-07-15,0.162418,0.1622,0.1589149436122004,0.16548505638779962,2026-07-16,0.166262,0.1622,0.1585271953034801,0.1658728046965199,0.162251,0.1622,0.0,0.0
KZT_RUB,2026-07-10,0.162251,test,SET_A,"(0, 1, 0)",2026-07-11,0.16402,0.162251,0.16060847180610022,0.1638935281938998,2026-07-14,0.16488,0.162251,0.15992811435160673,0.1645738856483933,2026-07-15,0.162418,0.162251,0.1594060577153012,0.16509594228469882,2026-07-16,0.166262,0.162251,0.1589659436122004,0.1655360563877996,2026-07-17,0.166737,0.162251,0.1585781953034801,0.1659238046965199,0.162418,0.162251,0.0,0.0
KZT_RUB,2026-07-11,0.16402,test,SET_A,"(0, 1, 0)",2026-07-14,0.16488,0.16402,0.1623774718061002,0.1656625281938998,2026-07-15,0.162418,0.16402,0.16169711435160672,0.16634288564839328,2026-07-16,0.166262,0.16402,0.1611750577153012,0.1668649422846988,2026-07-17,0.166737,0.16402,0.1607349436122004,0.1673050563877996,2026-07-18,0.165979,0.16402,0.1603471953034801,0.1676928046965199,0.162418,0.16402,0.009767101572978859,0.0
KZT_RUB,2026-07-14,0.16488,test,SET_A,"(0, 1, 0)",2026-07-15,0.162418,0.16488,0.1632374718061002,0.1665225281938998,2026-07-16,0.166262,0.16488,0.16255711435160672,0.16720288564839328,2026-07-17,0.166737,0.16488,0.1620350577153012,0.1677249422846988,2026-07-18,0.165979,0.16488,0.1615949436122004,0.1681650563877996,2026-07-21,0.16669,0.16488,0.1612071953034801,0.1685528046965199,0.162418,0.16488,0.01493207180980102,0.0
KZT_RUB,2026-07-15,0.162418,test,SET_A,"(0, 1, 0)",2026-07-16,0.166262,0.162418,0.16077547180610022,0.1640605281938998,2026-07-17,0.166737,0.162418,0.16009511435160673,0.1647408856483933,2026-07-18,0.165979,0.162418,0.1595730577153012,0.16526294228469882,2026-07-21,0.16669,0.162418,0.1591329436122004,0.1657030563877996,2026-07-22,0.167037,0.162418,0.1587451953034801,0.1660908046965199,0.165979,0.162418,0.0,0.0
KZT_RUB,2026-07-16,0.166262,test,SET_A,"(0, 1, 0)",2026-07-17,0.166737,0.166262,0.1646194718061002,0.16790452819389978,2026-07-18,0.165979,0.166262,0.1639391143516067,0.16858488564839327,2026-07-21,0.16669,0.166262,0.16341705771530118,0.1691069422846988,2026-07-22,0.167037,0.166262,0.1629769436122004,0.1695470563877996,2026-07-23,0.167115,0.166262,0.1625891953034801,0.1699348046965199,0.165979,0.166262,0.001702132778385954,0.0
KZT_RUB,2026-07-17,0.166737,test,SET_A,"(0, 1, 0)",2026-07-18,0.165979,0.16673700000000002,0.16509447180610023,0.1683795281938998,2026-07-21,0.16669,0.16673700000000002,0.16441411435160674,0.1690598856483933,2026-07-22,0.167037,0.16673700000000002,0.16389205771530121,0.16958194228469883,2026-07-23,0.167115,0.16673700000000002,0.16345194361220042,0.17002205638779963,2026-07-24,0.167657,0.16673700000000002,0.16306419530348013,0.17040980469651992,0.165979,0.16673700000000002,0.004546081553584439,0.0
KZT_RUB,2026-07-18,0.165979,test,SET_A,"(0, 1, 0)",2026-07-21,0.16669,0.165979,0.1643364718061002,0.16762152819389978,2026-07-22,0.167037,0.165979,0.1636561143516067,0.16830188564839327,2026-07-23,0.167115,0.165979,0.16313405771530118,0.1688239422846988,2026-07-24,0.167657,0.165979,0.16269394361220038,0.1692640563877996,2026-07-25,0.167542,0.165979,0.1623061953034801,0.1696518046965199,0.16669,0.165979,0.0,0.0
KZT_RUB,2026-07-21,0.16669,test,SET_A,"(0, 1, 0)",2026-07-22,0.167037,0.16669,0.16504747180610022,0.1683325281938998,2026-07-23,0.167115,0.16669,0.16436711435160672,0.16901288564839329,2026-07-24,0.167657,0.16669,0.1638450577153012,0.16953494228469881,2026-07-25,0.167542,0.16669,0.1634049436122004,0.1699750563877996,2026-07-28,0.163878,0.16669,0.1630171953034801,0.1703628046965199,0.163878,0.16669,0.016869638250644962,0.0
KZT_RUB,2026-07-22,0.167037,test,SET_A,"(0, 1, 0)",2026-07-23,0.167115,0.167037,0.1653944718061002,0.16867952819389978,2026-07-24,0.167657,0.167037,0.1647141143516067,0.16935988564839327,2026-07-25,0.167542,0.167037,0.16419205771530118,0.1698819422846988,2026-07-28,0.163878,0.167037,0.16375194361220038,0.1703220563877996,2026-07-29,0.16624,0.167037,0.1633641953034801,0.1707098046965199,0.163878,0.167037,0.018911977585804315,0.0
KZT_RUB,2026-07-23,0.167115,test,SET_A,"(0, 1, 0)",2026-07-24,0.167657,0.167115,0.16547247180610022,0.1687575281938998,2026-07-25,0.167542,0.167115,0.16479211435160673,0.1694378856483933,2026-07-28,0.163878,0.167115,0.1642700577153012,0.16995994228469882,2026-07-29,0.16624,0.167115,0.1638299436122004,0.17040005638779962,2026-07-30,0.166454,0.167115,0.16344219530348011,0.1707878046965199,0.163878,0.167115,0.019369894982497186,0.0
KZT_RUB,2026-07-24,0.167657,test,SET_A,"(0, 1, 0)",2026-07-25,0.167542,0.167657,0.1660144718061002,0.1692995281938998,2026-07-28,0.163878,0.167657,0.16533411435160672,0.16997988564839328,2026-07-29,0.16624,0.167657,0.1648120577153012,0.1705019422846988,2026-07-30,0.166454,0.167657,0.1643719436122004,0.1709420563877996,2026-07-31,0.167356,0.167657,0.1639841953034801,0.1713298046965199,0.163878,0.167657,0.02254006692234744,0.0
KZT_RUB,2026-07-25,0.167542,test,SET_A,"(0, 1, 0)",2026-07-28,0.163878,0.167542,0.1658994718061002,0.16918452819389979,2026-07-29,0.16624,0.167542,0.16521911435160672,0.16986488564839328,2026-07-30,0.166454,0.167542,0.1646970577153012,0.1703869422846988,2026-07-31,0.167356,0.167542,0.1642569436122004,0.1708270563877996,2026-08-01,0.167422,0.167542,0.1638691953034801,0.1712148046965199,0.163878,0.167542,0.02186914325960058,0.0
KZT_RUB,2026-07-28,0.163878,test,SET_A,"(0, 1, 0)",2026-07-29,0.16624,0.163878,0.1622354718061002,0.16552052819389979,2026-07-30,0.166454,0.163878,0.16155511435160672,0.16620088564839328,2026-07-31,0.167356,0.163878,0.1610330577153012,0.1667229422846988,2026-08-01,0.167422,0.163878,0.1605929436122004,0.1671630563877996,2026-08-04,0.169068,0.163878,0.1602051953034801,0.1675508046965199,0.16624,0.163878,0.0,0.0
KZT_RUB,2026-07-29,0.16624,test,SET_A,"(0, 1, 0)",2026-07-30,0.166454,0.16624,0.1645974718061002,0.1678825281938998,2026-07-31,0.167356,0.16624,0.16391711435160672,0.16856288564839328,2026-08-01,0.167422,0.16624,0.1633950577153012,0.1690849422846988,2026-08-04,0.169068,0.16624,0.1629549436122004,0.1695250563877996,2026-08-05,0.170662,0.16624,0.1625671953034801,0.1699128046965199,0.166454,0.16624,0.0,0.0
KZT_RUB,2026-07-30,0.166454,test,SET_A,"(0, 1, 0)",2026-07-31,0.167356,0.166454,0.1648114718061002,0.16809652819389978,2026-08-01,0.167422,0.166454,0.1641311143516067,0.16877688564839327,2026-08-04,0.169068,0.166454,0.16360905771530118,0.1692989422846988,2026-08-05,0.170662,0.166454,0.16316894361220038,0.1697390563877996,2026-08-06,0.171468,0.166454,0.1627811953034801,0.1701268046965199,0.167356,0.166454,0.0,0.0
KZT_RUB,2026-07-31,0.167356,test,SET_A,"(0, 1, 0)",2026-08-01,0.167422,0.167356,0.16571347180610022,0.1689985281938998,2026-08-04,0.169068,0.167356,0.16503311435160672,0.16967888564839329,2026-08-05,0.170662,0.167356,0.1645110577153012,0.17020094228469881,2026-08-06,0.171468,0.167356,0.1640709436122004,0.1706410563877996,2026-08-07,0.173263,0.167356,0.1636831953034801,0.1710288046965199,0.167422,0.167356,0.0,0.0
KZT_RUB,2026-08-01,0.167422,test,SET_A,"(0, 1, 0)",2026-08-04,0.169068,0.167422,0.1657794718061002,0.16906452819389978,2026-08-05,0.170662,0.167422,0.1650991143516067,0.16974488564839327,2026-08-06,0.171468,0.167422,0.16457705771530118,0.1702669422846988,2026-08-07,0.173263,0.167422,0.16413694361220038,0.1707070563877996,2026-08-08,0.175765,0.167422,0.1637491953034801,0.1710948046965199,0.169068,0.167422,0.0,0.0
KZT_RUB,2026-08-04,0.169068,test,SET_A,"(0, 1, 0)",2026-08-05,0.170662,0.169068,0.1674254718061002,0.17071052819389979,2026-08-06,0.171468,0.169068,0.16674511435160672,0.17139088564839328,2026-08-07,0.173263,0.169068,0.1662230577153012,0.1719129422846988,2026-08-08,0.175765,0.169068,0.1657829436122004,0.1723530563877996,2026-08-11,0.175784,0.169068,0.1653951953034801,0.1727408046965199,0.170662,0.169068,0.0,0.0
KZT_RUB,2026-08-05,0.170662,test,SET_A,"(0, 1, 0)",2026-08-06,0.171468,0.170662,0.16901947180610022,0.1723045281938998,2026-08-07,0.173263,0.170662,0.16833911435160673,0.1729848856483933,2026-08-08,0.175765,0.170662,0.1678170577153012,0.17350694228469882,2026-08-11,0.175784,0.170662,0.1673769436122004,0.17394705638779961,2026-08-12,0.176738,0.170662,0.1669891953034801,0.1743348046965199,0.171468,0.170662,0.0,0.0
KZT_RUB,2026-08-06,0.171468,test,SET_A,"(0, 1, 0)",2026-08-07,0.173263,0.171468,0.16982547180610022,0.1731105281938998,2026-08-08,0.175765,0.171468,0.16914511435160673,0.1737908856483933,2026-08-11,0.175784,0.171468,0.1686230577153012,0.17431294228469882,2026-08-12,0.176738,0.171468,0.1681829436122004,0.17475305638779962,2026-08-13,0.178206,0.171468,0.1677951953034801,0.1751408046965199,0.173263,0.171468,0.0,0.0
KZT_RUB,2026-08-07,0.173263,test,SET_A,"(0, 1, 0)",2026-08-08,0.175765,0.173263,0.1716204718061002,0.1749055281938998,2026-08-11,0.175784,0.173263,0.17094011435160672,0.17558588564839328,2026-08-12,0.176738,0.173263,0.1704180577153012,0.1761079422846988,2026-08-13,0.178206,0.173263,0.1699779436122004,0.1765480563877996,2026-08-14,0.180154,0.173263,0.1695901953034801,0.1769358046965199,0.175765,0.173263,0.0,0.0
KZT_RUB,2026-08-08,0.175765,test,SET_A,"(0, 1, 0)",2026-08-11,0.175784,0.175765,0.17412247180610022,0.1774075281938998,2026-08-12,0.176738,0.175765,0.17344211435160672,0.17808788564839328,2026-08-13,0.178206,0.175765,0.1729200577153012,0.1786099422846988,2026-08-14,0.180154,0.175765,0.1724799436122004,0.1790500563877996,2026-08-15,0.181743,0.175765,0.1720921953034801,0.1794378046965199,0.175784,0.175765,0.0,0.0
KZT_RUB,2026-08-11,0.175784,test,SET_A,"(0, 1, 0)",2026-08-12,0.176738,0.175784,0.1741414718061002,0.17742652819389979,2026-08-13,0.178206,0.175784,0.17346111435160672,0.17810688564839328,2026-08-14,0.180154,0.175784,0.1729390577153012,0.1786289422846988,2026-08-15,0.181743,0.175784,0.1724989436122004,0.1790690563877996,2026-08-18,0.183211,0.175784,0.1721111953034801,0.1794568046965199,0.176738,0.175784,0.0,0.0
KZT_RUB,2026-08-12,0.176738,test,SET_A,"(0, 1, 0)",2026-08-13,0.178206,0.176738,0.17509547180610022,0.1783805281938998,2026-08-14,0.180154,0.176738,0.17441511435160673,0.1790608856483933,2026-08-15,0.181743,0.176738,0.1738930577153012,0.17958294228469882,2026-08-18,0.183211,0.176738,0.1734529436122004,0.1800230563877996,2026-08-19,0.184582,0.176738,0.1730651953034801,0.1804108046965199,0.178206,0.176738,0.0,0.0
KZT_RUB,2026-08-13,0.178206,test,SET_A,"(0, 1, 0)",2026-08-14,0.180154,0.17820599999999998,0.1765634718061002,0.17984852819389976,2026-08-15,0.181743,0.17820599999999998,0.1758831143516067,0.18052888564839326,2026-08-18,0.183211,0.17820599999999998,0.17536105771530117,0.18105094228469878,2026-08-19,0.184582,0.17820599999999998,0.17492094361220037,0.18149105638779958,2026-08-20,0.185011,0.17820599999999998,0.17453319530348008,0.18187880469651987,0.180154,0.17820599999999998,0.0,1.5574995014549968e-16
KZT_RUB,2026-08-14,0.180154,test,SET_A,"(0, 1, 0)",2026-08-15,0.181743,0.180154,0.17851147180610022,0.1817965281938998,2026-08-18,0.183211,0.180154,0.17783111435160673,0.1824768856483933,2026-08-19,0.184582,0.180154,0.1773090577153012,0.18299894228469882,2026-08-20,0.185011,0.180154,0.1768689436122004,0.18343905638779961,2026-08-21,0.180336,0.180154,0.1764811953034801,0.1838268046965199,0.180336,0.180154,0.0,0.0
KZT_RUB,2026-08-15,0.181743,test,SET_A,"(0, 1, 0)",2026-08-18,0.183211,0.181743,0.1801004718061002,0.18338552819389978,2026-08-19,0.184582,0.181743,0.1794201143516067,0.18406588564839327,2026-08-20,0.185011,0.181743,0.17889805771530118,0.1845879422846988,2026-08-21,0.180336,0.181743,0.17845794361220038,0.1850280563877996,2026-08-22,0.18096,0.181743,0.1780701953034801,0.1854158046965199,0.180336,0.181743,0.007741701193443443,0.0
KZT_RUB,2026-08-18,0.183211,test,SET_A,"(0, 1, 0)",2026-08-19,0.184582,0.183211,0.18156847180610022,0.1848535281938998,2026-08-20,0.185011,0.183211,0.18088811435160673,0.1855338856483933,2026-08-21,0.180336,0.183211,0.1803660577153012,0.18605594228469882,2026-08-22,0.18096,0.183211,0.1799259436122004,0.18649605638779962,2026-08-25,0.182297,0.183211,0.1795381953034801,0.1868838046965199,0.180336,0.183211,0.015692289218442214,0.0
KZT_RUB,2026-08-19,0.184582,test,SET_A,"(0, 1, 0)",2026-08-20,0.185011,0.184582,0.1829394718061002,0.18622452819389979,2026-08-21,0.180336,0.184582,0.18225911435160672,0.18690488564839328,2026-08-22,0.18096,0.184582,0.1817370577153012,0.1874269422846988,2026-08-25,0.182297,0.184582,0.1812969436122004,0.1878670563877996,2026-08-26,0.184422,0.184582,0.1809091953034801,0.1882548046965199,0.180336,0.184582,0.023003326434863636,0.0
KZT_RUB,2026-08-20,0.185011,test,SET_A,"(0, 1, 0)",2026-08-21,0.180336,0.185011,0.18336847180610022,0.1866535281938998,2026-08-22,0.18096,0.185011,0.18268811435160673,0.1873338856483933,2026-08-25,0.182297,0.185011,0.1821660577153012,0.18785594228469882,2026-08-26,0.184422,0.185011,0.1817259436122004,0.18829605638779962,2026-08-27,0.183829,0.185011,0.1813381953034801,0.1886838046965199,0.180336,0.185011,0.025268767802995563,0.0
TJS_RUB,2025-07-12,8.04004,test,SET_A,"(0, 1, 0)",2025-07-15,8.09028,8.04004,7.958341851350324,8.121738148649674,2025-07-16,8.12439,8.04004,7.924501370158856,8.155578629841143,2025-07-17,8.1244,8.04004,7.898534655654447,8.181545344345551,2025-07-18,8.15759,8.04004,7.876643702700648,8.20343629729935,2025-07-19,8.15674,8.04004,7.857357385983443,8.222722614016556,8.09028,8.04004,0.0,0.0
TJS_RUB,2025-07-15,8.09028,test,SET_A,"(0, 1, 0)",2025-07-16,8.12439,8.09028,8.008581851350325,8.171978148649675,2025-07-17,8.1244,8.09028,7.974741370158856,8.205818629841144,2025-07-18,8.15759,8.09028,7.948774655654447,8.231785344345552,2025-07-19,8.15674,8.09028,7.926883702700649,8.25367629729935,2025-07-22,8.17511,8.09028,7.907597385983443,8.272962614016556,8.12439,8.09028,0.0,0.0
TJS_RUB,2025-07-16,8.12439,test,SET_A,"(0, 1, 0)",2025-07-17,8.1244,8.12439,8.042691851350325,8.206088148649675,2025-07-18,8.15759,8.12439,8.008851370158856,8.239928629841144,2025-07-19,8.15674,8.12439,7.9828846556544475,8.265895344345552,2025-07-22,8.17511,8.12439,7.960993702700649,8.28778629729935,2025-07-23,8.15015,8.12439,7.9417073859834435,8.307072614016556,8.1244,8.12439,0.0,0.0
TJS_RUB,2025-07-17,8.1244,test,SET_A,"(0, 1, 0)",2025-07-18,8.15759,8.1244,8.042701851350325,8.206098148649675,2025-07-19,8.15674,8.1244,8.008861370158856,8.239938629841143,2025-07-22,8.17511,8.1244,7.982894655654447,8.265905344345551,2025-07-23,8.15015,8.1244,7.961003702700649,8.28779629729935,2025-07-24,8.1857,8.1244,7.941717385983443,8.307082614016556,8.15015,8.1244,0.0,0.0
TJS_RUB,2025-07-18,8.15759,test,SET_A,"(0, 1, 0)",2025-07-19,8.15674,8.15759,8.075891851350326,8.239288148649676,2025-07-22,8.17511,8.15759,8.042051370158857,8.273128629841144,2025-07-23,8.15015,8.15759,8.01608465565445,8.299095344345552,2025-07-24,8.1857,8.15759,7.99419370270065,8.320986297299351,2025-07-25,8.22897,8.15759,7.974907385983444,8.340272614016557,8.15015,8.15759,0.0009120340688856364,0.0
TJS_RUB,2025-07-19,8.15674,test,SET_A,"(0, 1, 0)",2025-07-22,8.17511,8.15674,8.075041851350324,8.238438148649674,2025-07-23,8.15015,8.15674,8.041201370158856,8.272278629841143,2025-07-24,8.1857,8.15674,8.015234655654448,8.29824534434555,2025-07-25,8.22897,8.15674,7.993343702700648,8.32013629729935,2025-07-26,8.34026,8.15674,7.974057385983443,8.339422614016556,8.15015,8.15674,0.000807920811500576,0.0
TJS_RUB,2025-07-22,8.17511,test,SET_A,"(0, 1, 0)",2025-07-23,8.15015,8.17511,8.093411851350325,8.256808148649675,2025-07-24,8.1857,8.17511,8.059571370158856,8.290648629841144,2025-07-25,8.22897,8.17511,8.033604655654448,8.316615344345552,2025-07-26,8.34026,8.17511,8.01171370270065,8.33850629729935,2025-07-29,8.33917,8.17511,7.992427385983444,8.357792614016557,8.15015,8.17511,0.003053169926765523,0.0
TJS_RUB,2025-07-23,8.15015,test,SET_A,"(0, 1, 0)",2025-07-24,8.1857,8.15015,8.068451851350325,8.231848148649675,2025-07-25,8.22897,8.15015,8.034611370158856,8.265688629841144,2025-07-26,8.34026,8.15015,8.008644655654448,8.291655344345552,2025-07-29,8.33917,8.15015,7.986753702700649,8.31354629729935,2025-07-30,8.61598,8.15015,7.9674673859834435,8.332832614016557,8.1857,8.15015,0.0,0.0
TJS_RUB,2025-07-24,8.1857,test,SET_A,"(0, 1, 0)",2025-07-25,8.22897,8.1857,8.104001851350326,8.267398148649676,2025-07-26,8.34026,8.1857,8.070161370158857,8.301238629841144,2025-07-29,8.33917,8.1857,8.044194655654449,8.327205344345552,2025-07-30,8.61598,8.1857,8.02230370270065,8.34909629729935,2025-07-31,8.58959,8.1857,8.003017385983444,8.368382614016557,8.22897,8.1857,0.0,0.0
TJS_RUB,2025-07-25,8.22897,test,SET_A,"(0, 1, 0)",2025-07-26,8.34026,8.22897,8.147271851350325,8.310668148649675,2025-07-29,8.33917,8.22897,8.113431370158857,8.344508629841144,2025-07-30,8.61598,8.22897,8.087464655654449,8.370475344345552,2025-07-31,8.58959,8.22897,8.06557370270065,8.39236629729935,2025-08-01,8.43021,8.22897,8.046287385983444,8.411652614016557,8.33917,8.22897,0.0,0.0
TJS_RUB,2025-07-26,8.34026,test,SET_A,"(0, 1, 0)",2025-07-29,8.33917,8.34026,8.258561851350326,8.421958148649676,2025-07-30,8.61598,8.34026,8.224721370158857,8.455798629841144,2025-07-31,8.58959,8.34026,8.198754655654449,8.481765344345552,2025-08-01,8.43021,8.34026,8.17686370270065,8.50365629729935,2025-08-02,8.45425,8.34026,8.157577385983444,8.522942614016557,8.33917,8.34026,0.0001306913693339737,0.0
TJS_RUB,2025-07-29,8.33917,test,SET_A,"(0, 1, 0)",2025-07-30,8.61598,8.33917,8.257471851350324,8.420868148649674,2025-07-31,8.58959,8.33917,8.223631370158856,8.454708629841143,2025-08-01,8.43021,8.33917,8.197664655654448,8.480675344345551,2025-08-02,8.45425,8.33917,8.17577370270065,8.50256629729935,2025-08-05,8.39712,8.33917,8.156487385983443,8.521852614016556,8.39712,8.33917,0.0,0.0
TJS_RUB,2025-07-30,8.61598,test,SET_A,"(0, 1, 0)",2025-07-31,8.58959,8.61598,8.534281851350325,8.697678148649675,2025-08-01,8.43021,8.61598,8.500441370158857,8.731518629841144,2025-08-02,8.45425,8.61598,8.474474655654449,8.757485344345552,2025-08-05,8.39712,8.61598,8.45258370270065,8.77937629729935,2025-08-06,8.46828,8.61598,8.433297385983444,8.798662614016557,8.39712,8.61598,0.025401637422556824,0.0
TJS_RUB,2025-07-31,8.58959,test,SET_A,"(0, 1, 0)",2025-08-01,8.43021,8.58959,8.507891851350324,8.671288148649674,2025-08-02,8.45425,8.58959,8.474051370158856,8.705128629841143,2025-08-05,8.39712,8.58959,8.448084655654448,8.731095344345551,2025-08-06,8.46828,8.58959,8.42619370270065,8.75298629729935,2025-08-07,8.54254,8.58959,8.406907385983443,8.772272614016556,8.39712,8.58959,0.02240735588078129,0.0
TJS_RUB,2025-08-01,8.43021,test,SET_A,"(0, 1, 0)",2025-08-02,8.45425,8.43021,8.348511851350326,8.511908148649676,2025-08-05,8.39712,8.43021,8.314671370158857,8.545748629841144,2025-08-06,8.46828,8.43021,8.288704655654449,8.571715344345552,2025-08-07,8.54254,8.43021,8.26681370270065,8.59360629729935,2025-08-08,8.45661,8.43021,8.247527385983444,8.612892614016557,8.39712,8.43021,0.003925169123900994,0.0
TJS_RUB,2025-08-02,8.45425,test,SET_A,"(0, 1, 0)",2025-08-05,8.39712,8.45425,8.372551851350325,8.535948148649675,2025-08-06,8.46828,8.45425,8.338711370158856,8.569788629841144,2025-08-07,8.54254,8.45425,8.312744655654448,8.595755344345552,2025-08-08,8.45661,8.45425,8.29085370270065,8.61764629729935,2025-08-09,8.50629,8.45425,8.271567385983444,8.636932614016557,8.39712,8.45425,0.006757547978827311,0.0
TJS_RUB,2025-08-05,8.39712,test,SET_A,"(0, 1, 0)",2025-08-06,8.46828,8.39712,8.315421851350324,8.478818148649674,2025-08-07,8.54254,8.39712,8.281581370158856,8.512658629841143,2025-08-08,8.45661,8.39712,8.255614655654448,8.53862534434555,2025-08-09,8.50629,8.39712,8.23372370270065,8.56051629729935,2025-08-12,8.50015,8.39712,8.214437385983443,8.579802614016556,8.45661,8.39712,0.0,0.0
TJS_RUB,2025-08-06,8.46828,test,SET_A,"(0, 1, 0)",2025-08-07,8.54254,8.46828,8.386581851350325,8.549978148649675,2025-08-08,8.45661,8.46828,8.352741370158856,8.583818629841144,2025-08-09,8.50629,8.46828,8.326774655654448,8.609785344345552,2025-08-12,8.50015,8.46828,8.30488370270065,8.63167629729935,2025-08-13,8.53136,8.46828,8.285597385983444,8.650962614016557,8.45661,8.46828,0.001378083861185567,0.0
TJS_RUB,2025-08-07,8.54254,test,SET_A,"(0, 1, 0)",2025-08-08,8.45661,8.54254,8.460841851350326,8.624238148649676,2025-08-09,8.50629,8.54254,8.427001370158857,8.658078629841144,2025-08-12,8.50015,8.54254,8.401034655654449,8.684045344345552,2025-08-13,8.53136,8.54254,8.37914370270065,8.70593629729935,2025-08-14,8.51025,8.54254,8.359857385983444,8.725222614016557,8.45661,8.54254,0.010059069082497847,0.0
TJS_RUB,2025-08-08,8.45661,test,SET_A,"(0, 1, 0)",2025-08-09,8.50629,8.45661,8.374911851350324,8.538308148649675,2025-08-12,8.50015,8.45661,8.341071370158856,8.572148629841143,2025-08-13,8.53136,8.45661,8.315104655654448,8.598115344345551,2025-08-14,8.51025,8.45661,8.29321370270065,8.62000629729935,2025-08-15,8.52795,8.45661,8.273927385983443,8.639292614016556,8.50015,8.45661,0.0,0.0
TJS_RUB,2025-08-09,8.50629,test,SET_A,"(0, 1, 0)",2025-08-12,8.50015,8.50629,8.424591851350325,8.587988148649675,2025-08-13,8.53136,8.50629,8.390751370158856,8.621828629841144,2025-08-14,8.51025,8.50629,8.364784655654448,8.647795344345552,2025-08-15,8.52795,8.50629,8.34289370270065,8.66968629729935,2025-08-16,8.56111,8.50629,8.323607385983443,8.688972614016556,8.50015,8.50629,0.0007218187952680024,0.0
TJS_RUB,2025-08-12,8.50015,test,SET_A,"(0, 1, 0)",2025-08-13,8.53136,8.50015,8.418451851350325,8.581848148649675,2025-08-14,8.51025,8.50015,8.384611370158856,8.615688629841143,2025-08-15,8.52795,8.50015,8.358644655654448,8.641655344345551,2025-08-16,8.56111,8.50015,8.33675370270065,8.66354629729935,2025-08-19,8.59661,8.50015,8.317467385983443,8.682832614016556,8.51025,8.50015,0.0,0.0
TJS_RUB,2025-08-13,8.53136,test,SET_A,"(0, 1, 0)",2025-08-14,8.51025,8.53136,8.449661851350324,8.613058148649674,2025-08-15,8.52795,8.53136,8.415821370158856,8.646898629841143,2025-08-16,8.56111,8.53136,8.389854655654448,8.672865344345551,2025-08-19,8.59661,8.53136,8.36796370270065,8.69475629729935,2025-08-20,8.58817,8.53136,8.348677385983443,8.714042614016556,8.51025,8.53136,0.002474400330076352,0.0
TJS_RUB,2025-08-14,8.51025,test,SET_A,"(0, 1, 0)",2025-08-15,8.52795,8.51025,8.428551851350324,8.591948148649674,2025-08-16,8.56111,8.51025,8.394711370158856,8.625788629841143,2025-08-19,8.59661,8.51025,8.368744655654448,8.65175534434555,2025-08-20,8.58817,8.51025,8.346853702700649,8.67364629729935,2025-08-21,8.55077,8.51025,8.327567385983443,8.692932614016556,8.52795,8.51025,0.0,0.0
TJS_RUB,2025-08-15,8.52795,test,SET_A,"(0, 1, 0)",2025-08-16,8.56111,8.52795,8.446251851350326,8.609648148649676,2025-08-19,8.59661,8.52795,8.412411370158857,8.643488629841144,2025-08-20,8.58817,8.52795,8.386444655654449,8.669455344345552,2025-08-21,8.55077,8.52795,8.36455370270065,8.69134629729935,2025-08-22,8.53067,8.52795,8.345267385983444,8.710632614016557,8.53067,8.52795,0.0,0.0
TJS_RUB,2025-08-16,8.56111,test,SET_A,"(0, 1, 0)",2025-08-19,8.59661,8.56111,8.479411851350324,8.642808148649674,2025-08-20,8.58817,8.56111,8.445571370158856,8.676648629841143,2025-08-21,8.55077,8.56111,8.419604655654448,8.702615344345551,2025-08-22,8.53067,8.56111,8.39771370270065,8.72450629729935,2025-08-23,8.58328,8.56111,8.378427385983443,8.743792614016556,8.53067,8.56111,0.003555613699625246,0.0
TJS_RUB,2025-08-19,8.59661,test,SET_A,"(0, 1, 0)",2025-08-20,8.58817,8.59661,8.514911851350325,8.678308148649675,2025-08-21,8.55077,8.59661,8.481071370158856,8.712148629841144,2025-08-22,8.53067,8.59661,8.455104655654448,8.738115344345552,2025-08-23,8.58328,8.59661,8.43321370270065,8.76000629729935,2025-08-26,8.44427,8.59661,8.413927385983444,8.779292614016557,8.44427,8.59661,0.01772093883519208,0.0
TJS_RUB,2025-08-20,8.58817,test,SET_A,"(0, 1, 0)",2025-08-21,8.55077,8.58817,8.506471851350325,8.669868148649675,2025-08-22,8.53067,8.58817,8.472631370158856,8.703708629841143,2025-08-23,8.58328,8.58817,8.446664655654448,8.729675344345551,2025-08-26,8.44427,8.58817,8.42477370270065,8.75156629729935,2025-08-27,8.38524,8.58817,8.405487385983443,8.770852614016556,8.38524,8.58817,0.023629015261691404,0.0
TJS_RUB,2025-08-21,8.55077,test,SET_A,"(0, 1, 0)",2025-08-22,8.53067,8.55077,8.469071851350325,8.632468148649675,2025-08-23,8.58328,8.55077,8.435231370158856,8.666308629841144,2025-08-26,8.44427,8.55077,8.409264655654448,8.692275344345552,2025-08-27,8.38524,8.55077,8.38737370270065,8.71416629729935,2025-08-28,8.37529,8.55077,8.368087385983443,8.733452614016556,8.37529,8.55077,0.020522128416505216,0.0
TJS_RUB,2025-08-22,8.53067,test,SET_A,"(0, 1, 0)",2025-08-23,8.58328,8.53067,8.448971851350326,8.612368148649676,2025-08-26,8.44427,8.53067,8.415131370158857,8.646208629841144,2025-08-27,8.38524,8.53067,8.389164655654449,8.672175344345552,2025-08-28,8.37529,8.53067,8.36727370270065,8.69406629729935,2025-08-29,8.36678,8.53067,8.347987385983444,8.713352614016557,8.36678,8.53067,0.019211855575236213,0.0
TJS_RUB,2025-08-23,8.58328,test,SET_A,"(0, 1, 0)",2025-08-26,8.44427,8.58328,8.501581851350325,8.664978148649675,2025-08-27,8.38524,8.58328,8.467741370158857,8.698818629841144,2025-08-28,8.37529,8.58328,8.441774655654449,8.724785344345552,2025-08-29,8.36678,8.58328,8.41988370270065,8.74667629729935,2025-08-30,8.40465,8.58328,8.400597385983444,8.765962614016557,8.36678,8.58328,0.025223457699154624,0.0
TJS_RUB,2025-08-26,8.44427,test,SET_A,"(0, 1, 0)",2025-08-27,8.38524,8.44427,8.362571851350324,8.525968148649675,2025-08-28,8.37529,8.44427,8.328731370158856,8.559808629841143,2025-08-29,8.36678,8.44427,8.302764655654448,8.585775344345551,2025-08-30,8.40465,8.44427,8.28087370270065,8.60766629729935,2025-09-02,8.50161,8.44427,8.261587385983443,8.626952614016556,8.36678,8.44427,0.009176636938420867,0.0
TJS_RUB,2025-08-27,8.38524,test,SET_A,"(0, 1, 0)",2025-08-28,8.37529,8.38524,8.303541851350325,8.466938148649675,2025-08-29,8.36678,8.38524,8.269701370158856,8.500778629841143,2025-08-30,8.40465,8.38524,8.243734655654448,8.526745344345551,2025-09-02,8.50161,8.38524,8.22184370270065,8.54863629729935,2025-09-03,8.55824,8.38524,8.202557385983443,8.567922614016556,8.36678,8.38524,0.0022014873754357964,0.0
TJS_RUB,2025-08-28,8.37529,test,SET_A,"(0, 1, 0)",2025-08-29,8.36678,8.37529,8.293591851350325,8.456988148649675,2025-08-30,8.40465,8.37529,8.259751370158856,8.490828629841143,2025-09-02,8.50161,8.37529,8.233784655654448,8.516795344345551,2025-09-03,8.55824,8.37529,8.21189370270065,8.53868629729935,2025-09-04,8.59536,8.37529,8.192607385983443,8.557972614016556,8.36678,8.37529,0.0010160842191732288,0.0
TJS_RUB,2025-08-29,8.36678,test,SET_A,"(0, 1, 0)",2025-08-30,8.40465,8.36678,8.285081851350325,8.448478148649675,2025-09-02,8.50161,8.36678,8.251241370158857,8.482318629841144,2025-09-03,8.55824,8.36678,8.225274655654449,8.508285344345552,2025-09-04,8.59536,8.36678,8.20338370270065,8.53017629729935,2025-09-05,8.5903,8.36678,8.184097385983444,8.549462614016557,8.40465,8.36678,0.0,0.0
TJS_RUB,2025-08-30,8.40465,test,SET_A,"(0, 1, 0)",2025-09-02,8.50161,8.40465,8.322951851350325,8.486348148649675,2025-09-03,8.55824,8.40465,8.289111370158857,8.520188629841144,2025-09-04,8.59536,8.40465,8.263144655654449,8.546155344345552,2025-09-05,8.5903,8.40465,8.24125370270065,8.56804629729935,2025-09-06,8.61755,8.40465,8.221967385983444,8.587332614016557,8.50161,8.40465,0.0,0.0
TJS_RUB,2025-09-02,8.50161,test,SET_A,"(0, 1, 0)",2025-09-03,8.55824,8.50161,8.419911851350324,8.583308148649675,2025-09-04,8.59536,8.50161,8.386071370158856,8.617148629841143,2025-09-05,8.5903,8.50161,8.360104655654448,8.643115344345551,2025-09-06,8.61755,8.50161,8.33821370270065,8.66500629729935,2025-09-09,8.6981,8.50161,8.318927385983443,8.684292614016556,8.55824,8.50161,0.0,0.0
TJS_RUB,2025-09-03,8.55824,test,SET_A,"(0, 1, 0)",2025-09-04,8.59536,8.55824,8.476541851350325,8.639938148649675,2025-09-05,8.5903,8.55824,8.442701370158856,8.673778629841143,2025-09-06,8.61755,8.55824,8.416734655654448,8.699745344345551,2025-09-09,8.6981,8.55824,8.39484370270065,8.72163629729935,2025-09-10,8.79347,8.55824,8.375557385983443,8.740922614016556,8.5903,8.55824,0.0,0.0
TJS_RUB,2025-09-04,8.59536,test,SET_A,"(0, 1, 0)",2025-09-05,8.5903,8.59536,8.513661851350324,8.677058148649675,2025-09-06,8.61755,8.59536,8.479821370158856,8.710898629841143,2025-09-09,8.6981,8.59536,8.453854655654448,8.736865344345551,2025-09-10,8.79347,8.59536,8.43196370270065,8.75875629729935,2025-09-11,8.97079,8.59536,8.412677385983443,8.778042614016556,8.5903,8.59536,0.0005886897116584165,0.0
TJS_RUB,2025-09-05,8.5903,test,SET_A,"(0, 1, 0)",2025-09-06,8.61755,8.5903,8.508601851350324,8.671998148649674,2025-09-09,8.6981,8.5903,8.474761370158856,8.705838629841143,2025-09-10,8.79347,8.5903,8.448794655654448,8.73180534434555,2025-09-11,8.97079,8.5903,8.426903702700649,8.75369629729935,2025-09-12,9.00407,8.5903,8.407617385983443,8.772982614016556,8.61755,8.5903,0.0,0.0
TJS_RUB,2025-09-06,8.61755,test,SET_A,"(0, 1, 0)",2025-09-09,8.6981,8.61755,8.535851851350325,8.699248148649675,2025-09-10,8.79347,8.61755,8.502011370158856,8.733088629841143,2025-09-11,8.97079,8.61755,8.476044655654448,8.759055344345551,2025-09-12,9.00407,8.61755,8.45415370270065,8.78094629729935,2025-09-13,8.86901,8.61755,8.434867385983443,8.800232614016556,8.6981,8.61755,0.0,0.0
TJS_RUB,2025-09-09,8.6981,test,SET_A,"(0, 1, 0)",2025-09-10,8.79347,8.6981,8.616401851350325,8.779798148649675,2025-09-11,8.97079,8.6981,8.582561370158857,8.813638629841144,2025-09-12,9.00407,8.6981,8.556594655654449,8.839605344345552,2025-09-13,8.86901,8.6981,8.53470370270065,8.86149629729935,2025-09-16,8.73089,8.6981,8.515417385983444,8.880782614016557,8.73089,8.6981,0.0,0.0
TJS_RUB,2025-09-10,8.79347,test,SET_A,"(0, 1, 0)",2025-09-11,8.97079,8.79347,8.711771851350324,8.875168148649674,2025-09-12,9.00407,8.79347,8.677931370158856,8.909008629841143,2025-09-13,8.86901,8.79347,8.651964655654448,8.93497534434555,2025-09-16,8.73089,8.79347,8.630073702700649,8.95686629729935,2025-09-17,8.74895,8.79347,8.610787385983443,8.976152614016556,8.73089,8.79347,0.0071166445100738105,0.0
TJS_RUB,2025-09-11,8.97079,test,SET_A,"(0, 1, 0)",2025-09-12,9.00407,8.97079,8.889091851350324,9.052488148649674,2025-09-13,8.86901,8.97079,8.855251370158856,9.086328629841143,2025-09-16,8.73089,8.97079,8.829284655654448,9.11229534434555,2025-09-17,8.74895,8.97079,8.807393702700649,9.13418629729935,2025-09-18,8.76614,8.97079,8.788107385983443,9.153472614016556,8.73089,8.97079,0.02674234933601151,0.0
TJS_RUB,2025-09-12,9.00407,test,SET_A,"(0, 1, 0)",2025-09-13,8.86901,9.00407,8.922371851350325,9.085768148649676,2025-09-16,8.73089,9.00407,8.888531370158857,9.119608629841144,2025-09-17,8.74895,9.00407,8.862564655654449,9.145575344345552,2025-09-18,8.76614,9.00407,8.84067370270065,9.16746629729935,2025-09-19,8.81307,9.00407,8.821387385983444,9.186752614016557,8.73089,9.00407,0.030339613086082177,0.0
TJS_RUB,2025-09-13,8.86901,test,SET_A,"(0, 1, 0)",2025-09-16,8.73089,8.86901,8.787311851350324,8.950708148649674,2025-09-17,8.74895,8.86901,8.753471370158856,8.984548629841143,2025-09-18,8.76614,8.86901,8.727504655654448,9.010515344345551,2025-09-19,8.81307,8.86901,8.70561370270065,9.03240629729935,2025-09-20,8.86177,8.86901,8.686327385983443,9.051692614016556,8.73089,8.86901,0.015573327800960752,0.0
TJS_RUB,2025-09-16,8.73089,test,SET_A,"(0, 1, 0)",2025-09-17,8.74895,8.73089,8.649191851350325,8.812588148649676,2025-09-18,8.76614,8.73089,8.615351370158857,8.846428629841144,2025-09-19,8.81307,8.73089,8.589384655654449,8.872395344345552,2025-09-20,8.86177,8.73089,8.56749370270065,8.89428629729935,2025-09-23,8.91198,8.73089,8.548207385983444,8.913572614016557,8.74895,8.73089,0.0,0.0
TJS_RUB,2025-09-17,8.74895,test,SET_A,"(0, 1, 0)",2025-09-18,8.76614,8.74895,8.667251851350326,8.830648148649676,2025-09-19,8.81307,8.74895,8.633411370158857,8.864488629841144,2025-09-20,8.86177,8.74895,8.607444655654449,8.890455344345552,2025-09-23,8.91198,8.74895,8.58555370270065,8.91234629729935,2025-09-24,8.84403,8.74895,8.566267385983444,8.931632614016557,8.76614,8.74895,0.0,0.0
TJS_RUB,2025-09-18,8.76614,test,SET_A,"(0, 1, 0)",2025-09-19,8.81307,8.76614,8.684441851350325,8.847838148649675,2025-09-20,8.86177,8.76614,8.650601370158856,8.881678629841144,2025-09-23,8.91198,8.76614,8.624634655654448,8.907645344345552,2025-09-24,8.84403,8.76614,8.60274370270065,8.92953629729935,2025-09-25,8.92036,8.76614,8.583457385983444,8.948822614016557,8.81307,8.76614,0.0,0.0
TJS_RUB,2025-09-19,8.81307,test,SET_A,"(0, 1, 0)",2025-09-20,8.86177,8.81307,8.731371851350325,8.894768148649675,2025-09-23,8.91198,8.81307,8.697531370158856,8.928608629841143,2025-09-24,8.84403,8.81307,8.671564655654448,8.954575344345551,2025-09-25,8.92036,8.81307,8.64967370270065,8.97646629729935,2025-09-26,8.89085,8.81307,8.630387385983443,8.995752614016556,8.84403,8.81307,0.0,0.0
TJS_RUB,2025-09-20,8.86177,test,SET_A,"(0, 1, 0)",2025-09-23,8.91198,8.86177,8.780071851350325,8.943468148649675,2025-09-24,8.84403,8.86177,8.746231370158856,8.977308629841144,2025-09-25,8.92036,8.86177,8.720264655654448,9.003275344345552,2025-09-26,8.89085,8.86177,8.69837370270065,9.02516629729935,2025-09-27,8.89137,8.86177,8.679087385983443,9.044452614016556,8.84403,8.86177,0.0020018574167463008,0.0
TJS_RUB,2025-09-23,8.91198,test,SET_A,"(0, 1, 0)",2025-09-24,8.84403,8.91198,8.830281851350325,8.993678148649675,2025-09-25,8.92036,8.91198,8.796441370158856,9.027518629841143,2025-09-26,8.89085,8.91198,8.770474655654448,9.053485344345551,2025-09-27,8.89137,8.91198,8.74858370270065,9.07537629729935,2025-09-30,8.8173,8.91198,8.729297385983443,9.094662614016556,8.8173,8.91198,0.010623901759205061,0.0
TJS_RUB,2025-09-24,8.84403,test,SET_A,"(0, 1, 0)",2025-09-25,8.92036,8.84403,8.762331851350325,8.925728148649675,2025-09-26,8.89085,8.84403,8.728491370158856,8.959568629841144,2025-09-27,8.89137,8.84403,8.702524655654448,8.985535344345552,2025-09-30,8.8173,8.84403,8.68063370270065,9.00742629729935,2025-10-01,8.78972,8.84403,8.661347385983444,9.026712614016557,8.78972,8.84403,0.0061408656460911135,0.0
TJS_RUB,2025-09-25,8.92036,test,SET_A,"(0, 1, 0)",2025-09-26,8.89085,8.920360000000002,8.838661851350327,9.002058148649677,2025-09-27,8.89137,8.920360000000002,8.804821370158859,9.035898629841146,2025-09-30,8.8173,8.920360000000002,8.77885465565445,9.061865344345554,2025-10-01,8.78972,8.920360000000002,8.756963702700652,9.083756297299352,2025-10-02,8.68363,8.920360000000002,8.737677385983446,9.103042614016559,8.68363,8.920360000000002,0.026538166621078035,0.0
TJS_RUB,2025-09-26,8.89085,test,SET_A,"(0, 1, 0)",2025-09-27,8.89137,8.89085,8.809151851350325,8.972548148649675,2025-09-30,8.8173,8.89085,8.775311370158857,9.006388629841144,2025-10-01,8.78972,8.89085,8.749344655654449,9.032355344345552,2025-10-02,8.68363,8.89085,8.72745370270065,9.05424629729935,2025-10-03,8.64128,8.89085,8.708167385983444,9.073532614016557,8.64128,8.89085,0.028070431960948647,0.0
TJS_RUB,2025-09-27,8.89137,test,SET_A,"(0, 1, 0)",2025-09-30,8.8173,8.89137,8.809671851350325,8.973068148649675,2025-10-01,8.78972,8.89137,8.775831370158857,9.006908629841144,2025-10-02,8.68363,8.89137,8.749864655654449,9.032875344345552,2025-10-03,8.64128,8.89137,8.72797370270065,9.05476629729935,2025-10-04,8.79043,8.89137,8.708687385983444,9.074052614016557,8.64128,8.89137,0.02812727397465184,0.0
TJS_RUB,2025-09-30,8.8173,test,SET_A,"(0, 1, 0)",2025-10-01,8.78972,8.8173,8.735601851350324,8.898998148649675,2025-10-02,8.68363,8.8173,8.701761370158856,8.932838629841143,2025-10-03,8.64128,8.8173,8.675794655654448,8.958805344345551,2025-10-04,8.79043,8.8173,8.65390370270065,8.98069629729935,2025-10-07,8.91036,8.8173,8.634617385983443,8.999982614016556,8.64128,8.8173,0.01996302723055804,0.0
TJS_RUB,2025-10-01,8.78972,test,SET_A,"(0, 1, 0)",2025-10-02,8.68363,8.78972,8.708021851350326,8.871418148649676,2025-10-03,8.64128,8.78972,8.674181370158857,8.905258629841144,2025-10-04,8.79043,8.78972,8.64821465565445,8.931225344345552,2025-10-07,8.91036,8.78972,8.62632370270065,8.953116297299351,2025-10-08,8.79602,8.78972,8.607037385983444,8.972402614016557,8.64128,8.78972,0.016887909967553093,0.0
TJS_RUB,2025-10-02,8.68363,test,SET_A,"(0, 1, 0)",2025-10-03,8.64128,8.68363,8.601931851350326,8.765328148649676,2025-10-04,8.79043,8.68363,8.568091370158857,8.799168629841144,2025-10-07,8.91036,8.68363,8.54212465565445,8.825135344345552,2025-10-08,8.79602,8.68363,8.52023370270065,8.847026297299351,2025-10-09,8.75239,8.68363,8.500947385983444,8.866312614016557,8.64128,8.68363,0.004876992686238448,0.0
TJS_RUB,2025-10-03,8.64128,test,SET_A,"(0, 1, 0)",2025-10-04,8.79043,8.64128,8.559581851350325,8.722978148649675,2025-10-07,8.91036,8.64128,8.525741370158856,8.756818629841144,2025-10-08,8.79602,8.64128,8.499774655654448,8.782785344345552,2025-10-09,8.75239,8.64128,8.47788370270065,8.80467629729935,2025-10-10,8.74017,8.64128,8.458597385983444,8.823962614016557,8.74017,8.64128,0.0,0.0
TJS_RUB,2025-10-04,8.79043,test,SET_A,"(0, 1, 0)",2025-10-07,8.91036,8.79043,8.708731851350326,8.872128148649676,2025-10-08,8.79602,8.79043,8.674891370158857,8.905968629841144,2025-10-09,8.75239,8.79043,8.648924655654449,8.931935344345552,2025-10-10,8.74017,8.79043,8.62703370270065,8.95382629729935,2025-10-11,8.73798,8.79043,8.607747385983444,8.973112614016557,8.73798,8.79043,0.005966716076460461,0.0
TJS_RUB,2025-10-07,8.91036,test,SET_A,"(0, 1, 0)",2025-10-08,8.79602,8.91036,8.828661851350326,8.992058148649676,2025-10-09,8.75239,8.91036,8.794821370158857,9.025898629841144,2025-10-10,8.74017,8.91036,8.768854655654449,9.051865344345552,2025-10-11,8.73798,8.91036,8.74696370270065,9.07375629729935,2025-10-14,8.72653,8.91036,8.727677385983444,9.093042614016557,8.72653,8.91036,0.02063104072113813,0.0
TJS_RUB,2025-10-08,8.79602,test,SET_A,"(0, 1, 0)",2025-10-09,8.75239,8.79602,8.714321851350325,8.877718148649675,2025-10-10,8.74017,8.79602,8.680481370158857,8.911558629841144,2025-10-11,8.73798,8.79602,8.654514655654449,8.937525344345552,2025-10-14,8.72653,8.79602,8.63262370270065,8.95941629729935,2025-10-15,8.64383,8.79602,8.613337385983444,8.978702614016557,8.64383,8.79602,0.017302143469432874,0.0
TJS_RUB,2025-10-09,8.75239,test,SET_A,"(0, 1, 0)",2025-10-10,8.74017,8.75239,8.670691851350325,8.834088148649675,2025-10-11,8.73798,8.75239,8.636851370158857,8.867928629841144,2025-10-14,8.72653,8.75239,8.610884655654448,8.893895344345552,2025-10-15,8.64383,8.75239,8.58899370270065,8.91578629729935,2025-10-16,8.52452,8.75239,8.569707385983444,8.935072614016557,8.52452,8.75239,0.026035174392365898,0.0
TJS_RUB,2025-10-10,8.74017,test,SET_A,"(0, 1, 0)",2025-10-11,8.73798,8.74017,8.658471851350326,8.821868148649676,2025-10-14,8.72653,8.74017,8.624631370158857,8.855708629841144,2025-10-15,8.64383,8.74017,8.59866465565445,8.881675344345553,2025-10-16,8.52452,8.74017,8.57677370270065,8.903566297299351,2025-10-17,8.56693,8.74017,8.557487385983444,8.922852614016557,8.52452,8.74017,0.02467343312544265,0.0
TJS_RUB,2025-10-11,8.73798,test,SET_A,"(0, 1, 0)",2025-10-14,8.72653,8.73798,8.656281851350325,8.819678148649675,2025-10-15,8.64383,8.73798,8.622441370158857,8.853518629841144,2025-10-16,8.52452,8.73798,8.596474655654449,8.879485344345552,2025-10-17,8.56693,8.73798,8.57458370270065,8.90137629729935,2025-10-18,8.77945,8.73798,8.555297385983444,8.920662614016557,8.52452,8.73798,0.02442898701988326,0.0
TJS_RUB,2025-10-14,8.72653,test,SET_A,"(0, 1, 0)",2025-10-15,8.64383,8.72653,8.644831851350325,8.808228148649675,2025-10-16,8.52452,8.72653,8.610991370158857,8.842068629841144,2025-10-17,8.56693,8.72653,8.585024655654449,8.868035344345552,2025-10-18,8.77945,8.72653,8.56313370270065,8.88992629729935,2025-10-21,8.82831,8.72653,8.543847385983444,8.909212614016557,8.52452,8.72653,0.023148949238700787,0.0
TJS_RUB,2025-10-15,8.64383,test,SET_A,"(0, 1, 0)",2025-10-16,8.52452,8.64383,8.562131851350324,8.725528148649675,2025-10-17,8.56693,8.64383,8.528291370158856,8.759368629841143,2025-10-18,8.77945,8.64383,8.502324655654448,8.785335344345551,2025-10-21,8.82831,8.64383,8.48043370270065,8.80722629729935,2025-10-22,8.83127,8.64383,8.461147385983443,8.826512614016556,8.52452,8.64383,0.01380290912708819,0.0
TJS_RUB,2025-10-16,8.52452,test,SET_A,"(0, 1, 0)",2025-10-17,8.56693,8.52452,8.442821851350326,8.606218148649676,2025-10-18,8.77945,8.52452,8.408981370158857,8.640058629841144,2025-10-21,8.82831,8.52452,8.38301465565445,8.666025344345552,2025-10-22,8.83127,8.52452,8.36112370270065,8.68791629729935,2025-10-23,8.86464,8.52452,8.341837385983444,8.707202614016557,8.56693,8.52452,0.0,0.0
TJS_RUB,2025-10-17,8.56693,test,SET_A,"(0, 1, 0)",2025-10-18,8.77945,8.56693,8.485231851350324,8.648628148649674,2025-10-21,8.82831,8.56693,8.451391370158856,8.682468629841143,2025-10-22,8.83127,8.56693,8.425424655654448,8.70843534434555,2025-10-23,8.86464,8.56693,8.40353370270065,8.73032629729935,2025-10-24,8.78669,8.56693,8.384247385983443,8.749612614016556,8.77945,8.56693,0.0,0.0
TJS_RUB,2025-10-18,8.77945,test,SET_A,"(0, 1, 0)",2025-10-21,8.82831,8.77945,8.697751851350326,8.861148148649676,2025-10-22,8.83127,8.77945,8.663911370158857,8.894988629841144,2025-10-23,8.86464,8.77945,8.637944655654449,8.920955344345552,2025-10-24,8.78669,8.77945,8.61605370270065,8.94284629729935,2025-10-25,8.75451,8.77945,8.596767385983444,8.962132614016557,8.75451,8.77945,0.002840724646760429,0.0
TJS_RUB,2025-10-21,8.82831,test,SET_A,"(0, 1, 0)",2025-10-22,8.83127,8.82831,8.746611851350325,8.910008148649675,2025-10-23,8.86464,8.82831,8.712771370158856,8.943848629841144,2025-10-24,8.78669,8.82831,8.686804655654448,8.969815344345552,2025-10-25,8.75451,8.82831,8.66491370270065,8.99170629729935,2025-10-28,8.47804,8.82831,8.645627385983444,9.010992614016557,8.47804,8.82831,0.03967577033429955,0.0
TJS_RUB,2025-10-22,8.83127,test,SET_A,"(0, 1, 0)",2025-10-23,8.86464,8.83127,8.749571851350325,8.912968148649675,2025-10-24,8.78669,8.83127,8.715731370158856,8.946808629841144,2025-10-25,8.75451,8.83127,8.689764655654448,8.972775344345552,2025-10-28,8.47804,8.83127,8.66787370270065,8.99466629729935,2025-10-29,8.58676,8.83127,8.648587385983443,9.013952614016556,8.47804,8.83127,0.03999764473286401,0.0
TJS_RUB,2025-10-23,8.86464,test,SET_A,"(0, 1, 0)",2025-10-24,8.78669,8.86464,8.782941851350325,8.946338148649675,2025-10-25,8.75451,8.86464,8.749101370158856,8.980178629841143,2025-10-28,8.47804,8.86464,8.723134655654448,9.006145344345551,2025-10-29,8.58676,8.86464,8.70124370270065,9.02803629729935,2025-10-30,8.54762,8.86464,8.681957385983443,9.047322614016556,8.47804,8.86464,0.04361147209587751,0.0
TJS_RUB,2025-10-24,8.78669,test,SET_A,"(0, 1, 0)",2025-10-25,8.75451,8.78669,8.704991851350325,8.868388148649675,2025-10-28,8.47804,8.78669,8.671151370158857,8.902228629841144,2025-10-29,8.58676,8.78669,8.645184655654448,8.928195344345552,2025-10-30,8.54762,8.78669,8.62329370270065,8.95008629729935,2025-10-31,8.66983,8.78669,8.604007385983444,8.969372614016557,8.47804,8.78669,0.03512699321359922,0.0
TJS_RUB,2025-10-25,8.75451,test,SET_A,"(0, 1, 0)",2025-10-28,8.47804,8.75451,8.672811851350325,8.836208148649675,2025-10-29,8.58676,8.75451,8.638971370158856,8.870048629841143,2025-10-30,8.54762,8.75451,8.613004655654448,8.896015344345551,2025-10-31,8.66983,8.75451,8.59111370270065,8.91790629729935,2025-11-01,8.72375,8.75451,8.571827385983443,8.937192614016556,8.47804,8.75451,0.031580294042727663,0.0
TJS_RUB,2025-10-28,8.47804,test,SET_A,"(0, 1, 0)",2025-10-29,8.58676,8.47804,8.396341851350325,8.559738148649675,2025-10-30,8.54762,8.47804,8.362501370158856,8.593578629841144,2025-10-31,8.66983,8.47804,8.336534655654448,8.619545344345552,2025-11-01,8.72375,8.47804,8.31464370270065,8.64143629729935,2025-11-02,8.72774,8.47804,8.295357385983444,8.660722614016557,8.54762,8.47804,0.0,0.0
TJS_RUB,2025-10-29,8.58676,test,SET_A,"(0, 1, 0)",2025-10-30,8.54762,8.58676,8.505061851350325,8.668458148649675,2025-10-31,8.66983,8.58676,8.471221370158856,8.702298629841144,2025-11-01,8.72375,8.58676,8.445254655654448,8.728265344345552,2025-11-02,8.72774,8.58676,8.42336370270065,8.75015629729935,2025-11-06,8.75461,8.58676,8.404077385983443,8.769442614016556,8.54762,8.58676,0.004558180268226867,0.0
TJS_RUB,2025-10-30,8.54762,test,SET_A,"(0, 1, 0)",2025-10-31,8.66983,8.54762,8.465921851350325,8.629318148649675,2025-11-01,8.72375,8.54762,8.432081370158857,8.663158629841144,2025-11-02,8.72774,8.54762,8.406114655654449,8.689125344345552,2025-11-06,8.75461,8.54762,8.38422370270065,8.71101629729935,2025-11-07,8.77318,8.54762,8.364937385983444,8.730302614016557,8.66983,8.54762,0.0,0.0
TJS_RUB,2025-10-31,8.66983,test,SET_A,"(0, 1, 0)",2025-11-01,8.72375,8.66983,8.588131851350324,8.751528148649674,2025-11-02,8.72774,8.66983,8.554291370158856,8.785368629841143,2025-11-06,8.75461,8.66983,8.528324655654448,8.81133534434555,2025-11-07,8.77318,8.66983,8.50643370270065,8.83322629729935,2025-11-08,8.75692,8.66983,8.487147385983443,8.852512614016556,8.72375,8.66983,0.0,0.0
TJS_RUB,2025-11-01,8.72375,test,SET_A,"(0, 1, 0)",2025-11-02,8.72774,8.72375,8.642051851350326,8.805448148649676,2025-11-06,8.75461,8.72375,8.608211370158857,8.839288629841144,2025-11-07,8.77318,8.72375,8.58224465565445,8.865255344345552,2025-11-08,8.75692,8.72375,8.56035370270065,8.887146297299351,2025-11-11,8.73401,8.72375,8.541067385983444,8.906432614016557,8.72774,8.72375,0.0,0.0
TJS_RUB,2025-11-02,8.72774,test,SET_A,"(0, 1, 0)",2025-11-06,8.75461,8.72774,8.646041851350326,8.809438148649676,2025-11-07,8.77318,8.72774,8.612201370158857,8.843278629841144,2025-11-08,8.75692,8.72774,8.586234655654449,8.869245344345552,2025-11-11,8.73401,8.72774,8.56434370270065,8.89113629729935,2025-11-12,8.76693,8.72774,8.545057385983444,8.910422614016557,8.73401,8.72774,0.0,0.0
TJS_RUB,2025-11-06,8.75461,test,SET_A,"(0, 1, 0)",2025-11-07,8.77318,8.75461,8.672911851350324,8.836308148649675,2025-11-08,8.75692,8.75461,8.639071370158856,8.870148629841143,2025-11-11,8.73401,8.75461,8.613104655654448,8.896115344345551,2025-11-12,8.76693,8.75461,8.59121370270065,8.91800629729935,2025-11-13,8.75928,8.75461,8.571927385983443,8.937292614016556,8.73401,8.75461,0.0023530459951956687,0.0
TJS_RUB,2025-11-07,8.77318,test,SET_A,"(0, 1, 0)",2025-11-08,8.75692,8.77318,8.691481851350325,8.854878148649675,2025-11-11,8.73401,8.77318,8.657641370158856,8.888718629841144,2025-11-12,8.76693,8.77318,8.631674655654448,8.914685344345552,2025-11-13,8.75928,8.77318,8.60978370270065,8.93657629729935,2025-11-14,8.68601,8.77318,8.590497385983443,8.955862614016556,8.68601,8.77318,0.009935963926421253,0.0
TJS_RUB,2025-11-08,8.75692,test,SET_A,"(0, 1, 0)",2025-11-11,8.73401,8.75692,8.675221851350324,8.838618148649674,2025-11-12,8.76693,8.75692,8.641381370158856,8.872458629841143,2025-11-13,8.75928,8.75692,8.615414655654448,8.89842534434555,2025-11-14,8.68601,8.75692,8.593523702700649,8.92031629729935,2025-11-15,8.74276,8.75692,8.574237385983443,8.939602614016556,8.68601,8.75692,0.008097595958396285,0.0
TJS_RUB,2025-11-11,8.73401,test,SET_A,"(0, 1, 0)",2025-11-12,8.76693,8.73401,8.652311851350325,8.815708148649675,2025-11-13,8.75928,8.73401,8.618471370158856,8.849548629841143,2025-11-14,8.68601,8.73401,8.592504655654448,8.875515344345551,2025-11-15,8.74276,8.73401,8.57061370270065,8.89740629729935,2025-11-18,8.74389,8.73401,8.551327385983443,8.916692614016556,8.68601,8.73401,0.005495757389790033,0.0
TJS_RUB,2025-11-12,8.76693,test,SET_A,"(0, 1, 0)",2025-11-13,8.75928,8.76693,8.685231851350325,8.848628148649675,2025-11-14,8.68601,8.76693,8.651391370158857,8.882468629841144,2025-11-15,8.74276,8.76693,8.625424655654449,8.908435344345552,2025-11-18,8.74389,8.76693,8.60353370270065,8.93032629729935,2025-11-19,8.73208,8.76693,8.584247385983444,8.949612614016557,8.68601,8.76693,0.009230140995764854,0.0
TJS_RUB,2025-11-13,8.75928,test,SET_A,"(0, 1, 0)",2025-11-14,8.68601,8.75928,8.677581851350325,8.840978148649675,2025-11-15,8.74276,8.75928,8.643741370158857,8.874818629841144,2025-11-18,8.74389,8.75928,8.617774655654449,8.900785344345552,2025-11-19,8.73208,8.75928,8.59588370270065,8.92267629729935,2025-11-20,8.72043,8.75928,8.576597385983444,8.941962614016557,8.68601,8.75928,0.008364842772465412,0.0
TJS_RUB,2025-11-14,8.68601,test,SET_A,"(0, 1, 0)",2025-11-15,8.74276,8.68601,8.604311851350325,8.767708148649675,2025-11-18,8.74389,8.68601,8.570471370158856,8.801548629841143,2025-11-19,8.73208,8.68601,8.544504655654448,8.827515344345551,2025-11-20,8.72043,8.68601,8.52261370270065,8.84940629729935,2025-11-21,8.69686,8.68601,8.503327385983443,8.868692614016556,8.69686,8.68601,0.0,0.0
TJS_RUB,2025-11-15,8.74276,test,SET_A,"(0, 1, 0)",2025-11-18,8.74389,8.74276,8.661061851350325,8.824458148649676,2025-11-19,8.73208,8.74276,8.627221370158857,8.858298629841144,2025-11-20,8.72043,8.74276,8.601254655654449,8.884265344345552,2025-11-21,8.69686,8.74276,8.57936370270065,8.90615629729935,2025-11-22,8.50559,8.74276,8.560077385983444,8.925442614016557,8.50559,8.74276,0.027127588999354982,0.0
TJS_RUB,2025-11-18,8.74389,test,SET_A,"(0, 1, 0)",2025-11-19,8.73208,8.74389,8.662191851350325,8.825588148649675,2025-11-20,8.72043,8.74389,8.628351370158857,8.859428629841144,2025-11-21,8.69686,8.74389,8.602384655654449,8.885395344345552,2025-11-22,8.50559,8.74389,8.58049370270065,8.90728629729935,2025-11-25,8.49381,8.74389,8.561207385983444,8.926572614016557,8.49381,8.74389,0.02860054277901489,0.0
TJS_RUB,2025-11-19,8.73208,test,SET_A,"(0, 1, 0)",2025-11-20,8.72043,8.73208,8.650381851350325,8.813778148649675,2025-11-21,8.69686,8.73208,8.616541370158856,8.847618629841143,2025-11-22,8.50559,8.73208,8.590574655654448,8.873585344345551,2025-11-25,8.49381,8.73208,8.56868370270065,8.89547629729935,2025-11-26,8.49798,8.73208,8.549397385983443,8.914762614016556,8.49381,8.73208,0.027286740387170067,0.0
TJS_RUB,2025-11-20,8.72043,test,SET_A,"(0, 1, 0)",2025-11-21,8.69686,8.72043,8.638731851350325,8.802128148649675,2025-11-22,8.50559,8.72043,8.604891370158857,8.835968629841144,2025-11-25,8.49381,8.72043,8.578924655654449,8.861935344345552,2025-11-26,8.49798,8.72043,8.55703370270065,8.88382629729935,2025-11-27,8.45844,8.72043,8.537747385983444,8.903112614016557,8.45844,8.72043,0.03004324328043466,0.0
TJS_RUB,2025-11-21,8.69686,test,SET_A,"(0, 1, 0)",2025-11-22,8.50559,8.69686,8.615161851350324,8.778558148649674,2025-11-25,8.49381,8.69686,8.581321370158856,8.812398629841143,2025-11-26,8.49798,8.69686,8.555354655654448,8.83836534434555,2025-11-27,8.45844,8.69686,8.533463702700649,8.86025629729935,2025-11-28,8.42661,8.69686,8.514177385983443,8.879542614016556,8.42661,8.69686,0.031074433761150464,0.0
TJS_RUB,2025-11-22,8.50559,test,SET_A,"(0, 1, 0)",2025-11-25,8.49381,8.50559,8.423891851350325,8.587288148649675,2025-11-26,8.49798,8.50559,8.390051370158856,8.621128629841143,2025-11-27,8.45844,8.50559,8.364084655654448,8.647095344345551,2025-11-28,8.42661,8.50559,8.34219370270065,8.66898629729935,2025-11-29,8.42425,8.50559,8.322907385983443,8.688272614016556,8.42425,8.50559,0.009563122605251263,0.0
TJS_RUB,2025-11-25,8.49381,test,SET_A,"(0, 1, 0)",2025-11-26,8.49798,8.49381,8.412111851350325,8.575508148649675,2025-11-27,8.45844,8.49381,8.378271370158856,8.609348629841143,2025-11-28,8.42661,8.49381,8.352304655654448,8.635315344345551,2025-11-29,8.42425,8.49381,8.33041370270065,8.65720629729935,2025-12-02,8.38244,8.49381,8.311127385983443,8.676492614016556,8.38244,8.49381,0.013111901490614822,0.0
TJS_RUB,2025-11-26,8.49798,test,SET_A,"(0, 1, 0)",2025-11-27,8.45844,8.49798,8.416281851350325,8.579678148649675,2025-11-28,8.42661,8.49798,8.382441370158856,8.613518629841144,2025-11-29,8.42425,8.49798,8.356474655654448,8.639485344345552,2025-12-02,8.38244,8.49798,8.33458370270065,8.66137629729935,2025-12-03,8.35659,8.49798,8.315297385983444,8.680662614016557,8.35659,8.49798,0.016638071635847514,0.0
TJS_RUB,2025-11-27,8.45844,test,SET_A,"(0, 1, 0)",2025-11-28,8.42661,8.45844,8.376741851350324,8.540138148649675,2025-11-29,8.42425,8.45844,8.342901370158856,8.573978629841143,2025-12-02,8.38244,8.45844,8.316934655654448,8.599945344345551,2025-12-03,8.35659,8.45844,8.29504370270065,8.62183629729935,2025-12-04,8.42262,8.45844,8.275757385983443,8.641122614016556,8.35659,8.45844,0.012041227460382635,0.0
TJS_RUB,2025-11-28,8.42661,test,SET_A,"(0, 1, 0)",2025-11-29,8.42425,8.42661,8.344911851350325,8.508308148649675,2025-12-02,8.38244,8.42661,8.311071370158857,8.542148629841144,2025-12-03,8.35659,8.42661,8.285104655654449,8.568115344345552,2025-12-04,8.42262,8.42661,8.26321370270065,8.59000629729935,2025-12-05,8.32072,8.42661,8.243927385983444,8.609292614016557,8.32072,8.42661,0.012566144629928343,0.0
TJS_RUB,2025-11-29,8.42425,test,SET_A,"(0, 1, 0)",2025-12-02,8.38244,8.42425,8.342551851350326,8.505948148649676,2025-12-03,8.35659,8.42425,8.308711370158857,8.539788629841144,2025-12-04,8.42262,8.42425,8.282744655654449,8.565755344345552,2025-12-05,8.32072,8.42425,8.26085370270065,8.58764629729935,2025-12-06,8.22937,8.42425,8.241567385983444,8.606932614016557,8.22937,8.42425,0.02313321660681975,0.0
TJS_RUB,2025-12-02,8.38244,test,SET_A,"(0, 1, 0)",2025-12-03,8.35659,8.38244,8.300741851350326,8.464138148649676,2025-12-04,8.42262,8.38244,8.266901370158857,8.497978629841144,2025-12-05,8.32072,8.38244,8.24093465565445,8.523945344345552,2025-12-06,8.22937,8.38244,8.21904370270065,8.545836297299351,2025-12-09,8.35694,8.38244,8.199757385983444,8.565122614016557,8.22937,8.38244,0.01826079280018722,0.0
TJS_RUB,2025-12-03,8.35659,test,SET_A,"(0, 1, 0)",2025-12-04,8.42262,8.35659,8.274891851350326,8.438288148649676,2025-12-05,8.32072,8.35659,8.241051370158857,8.472128629841144,2025-12-06,8.22937,8.35659,8.215084655654449,8.498095344345552,2025-12-09,8.35694,8.35659,8.19319370270065,8.51998629729935,2025-12-10,8.32251,8.35659,8.173907385983444,8.539272614016557,8.22937,8.35659,0.015223913103311424,0.0
TJS_RUB,2025-12-04,8.42262,test,SET_A,"(0, 1, 0)",2025-12-05,8.32072,8.42262,8.340921851350325,8.504318148649675,2025-12-06,8.22937,8.42262,8.307081370158857,8.538158629841144,2025-12-09,8.35694,8.42262,8.281114655654449,8.564125344345552,2025-12-10,8.32251,8.42262,8.25922370270065,8.58601629729935,2025-12-11,8.43967,8.42262,8.239937385983444,8.605302614016557,8.22937,8.42262,0.022944167016914072,0.0
TJS_RUB,2025-12-05,8.32072,test,SET_A,"(0, 1, 0)",2025-12-06,8.22937,8.32072,8.239021851350325,8.402418148649675,2025-12-09,8.35694,8.32072,8.205181370158856,8.436258629841143,2025-12-10,8.32251,8.32072,8.179214655654448,8.462225344345551,2025-12-11,8.43967,8.32072,8.15732370270065,8.48411629729935,2025-12-12,8.59968,8.32072,8.138037385983443,8.503402614016556,8.22937,8.32072,0.010978617235046999,0.0
TJS_RUB,2025-12-06,8.22937,test,SET_A,"(0, 1, 0)",2025-12-09,8.35694,8.22937,8.147671851350324,8.311068148649674,2025-12-10,8.32251,8.22937,8.113831370158856,8.344908629841143,2025-12-11,8.43967,8.22937,8.087864655654448,8.370875344345551,2025-12-12,8.59968,8.22937,8.06597370270065,8.39276629729935,2025-12-13,8.63136,8.22937,8.046687385983443,8.412052614016556,8.32251,8.22937,0.0,0.0
TJS_RUB,2025-12-09,8.35694,test,SET_A,"(0, 1, 0)",2025-12-10,8.32251,8.35694,8.275241851350325,8.438638148649675,2025-12-11,8.43967,8.35694,8.241401370158856,8.472478629841143,2025-12-12,8.59968,8.35694,8.215434655654448,8.498445344345551,2025-12-13,8.63136,8.35694,8.19354370270065,8.52033629729935,2025-12-16,8.60104,8.35694,8.174257385983443,8.539622614016556,8.32251,8.35694,0.004119929064944873,0.0
TJS_RUB,2025-12-10,8.32251,test,SET_A,"(0, 1, 0)",2025-12-11,8.43967,8.32251,8.240811851350324,8.404208148649674,2025-12-12,8.59968,8.32251,8.206971370158856,8.438048629841143,2025-12-13,8.63136,8.32251,8.181004655654448,8.464015344345551,2025-12-16,8.60104,8.32251,8.15911370270065,8.48590629729935,2025-12-17,8.61536,8.32251,8.139827385983443,8.505192614016556,8.43967,8.32251,0.0,0.0
TJS_RUB,2025-12-11,8.43967,test,SET_A,"(0, 1, 0)",2025-12-12,8.59968,8.43967,8.357971851350324,8.521368148649675,2025-12-13,8.63136,8.43967,8.324131370158856,8.555208629841143,2025-12-16,8.60104,8.43967,8.298164655654448,8.581175344345551,2025-12-17,8.61536,8.43967,8.27627370270065,8.60306629729935,2025-12-18,8.69996,8.43967,8.256987385983443,8.622352614016556,8.59968,8.43967,0.0,0.0
TJS_RUB,2025-12-12,8.59968,test,SET_A,"(0, 1, 0)",2025-12-13,8.63136,8.59968,8.517981851350324,8.681378148649674,2025-12-16,8.60104,8.59968,8.484141370158856,8.715218629841143,2025-12-17,8.61536,8.59968,8.458174655654448,8.741185344345551,2025-12-18,8.69996,8.59968,8.43628370270065,8.76307629729935,2025-12-19,8.66286,8.59968,8.416997385983443,8.782362614016556,8.60104,8.59968,0.0,0.0
TJS_RUB,2025-12-13,8.63136,test,SET_A,"(0, 1, 0)",2025-12-16,8.60104,8.63136,8.549661851350326,8.713058148649676,2025-12-17,8.61536,8.63136,8.515821370158857,8.746898629841144,2025-12-18,8.69996,8.63136,8.48985465565445,8.772865344345552,2025-12-19,8.66286,8.63136,8.46796370270065,8.794756297299351,2025-12-20,8.73643,8.63136,8.448677385983444,8.814042614016557,8.60104,8.63136,0.0035127720312907182,0.0
TJS_RUB,2025-12-16,8.60104,test,SET_A,"(0, 1, 0)",2025-12-17,8.61536,8.60104,8.519341851350324,8.682738148649674,2025-12-18,8.69996,8.60104,8.485501370158856,8.716578629841143,2025-12-19,8.66286,8.60104,8.459534655654448,8.742545344345551,2025-12-20,8.73643,8.60104,8.43764370270065,8.76443629729935,2025-12-23,8.58411,8.60104,8.418357385983443,8.783722614016556,8.58411,8.60104,0.0019683666161299748,0.0
TJS_RUB,2025-12-17,8.61536,test,SET_A,"(0, 1, 0)",2025-12-18,8.69996,8.61536,8.533661851350326,8.697058148649676,2025-12-19,8.66286,8.61536,8.499821370158857,8.730898629841144,2025-12-20,8.73643,8.61536,8.47385465565445,8.756865344345552,2025-12-23,8.58411,8.61536,8.45196370270065,8.778756297299351,2025-12-24,8.50515,8.61536,8.432677385983444,8.798042614016557,8.50515,8.61536,0.012792268692196304,0.0
TJS_RUB,2025-12-18,8.69996,test,SET_A,"(0, 1, 0)",2025-12-19,8.66286,8.69996,8.618261851350326,8.781658148649676,2025-12-20,8.73643,8.69996,8.584421370158857,8.815498629841144,2025-12-23,8.58411,8.69996,8.55845465565445,8.841465344345552,2025-12-24,8.50515,8.69996,8.53656370270065,8.863356297299351,2025-12-25,8.48507,8.69996,8.517277385983444,8.882642614016557,8.48507,8.69996,0.024700113563740574,0.0
TJS_RUB,2025-12-19,8.66286,test,SET_A,"(0, 1, 0)",2025-12-20,8.73643,8.66286,8.581161851350325,8.744558148649675,2025-12-23,8.58411,8.66286,8.547321370158857,8.778398629841144,2025-12-24,8.50515,8.66286,8.521354655654449,8.804365344345552,2025-12-25,8.48507,8.66286,8.49946370270065,8.82625629729935,2025-12-26,8.42066,8.66286,8.480177385983444,8.845542614016557,8.42066,8.66286,0.027958434050648448,0.0
TJS_RUB,2025-12-20,8.73643,test,SET_A,"(0, 1, 0)",2025-12-23,8.58411,8.73643,8.654731851350325,8.818128148649675,2025-12-24,8.50515,8.73643,8.620891370158857,8.851968629841144,2025-12-25,8.48507,8.73643,8.594924655654449,8.877935344345552,2025-12-26,8.42066,8.73643,8.57303370270065,8.89982629729935,2025-12-27,8.40162,8.73643,8.553747385983444,8.919112614016557,8.40162,8.73643,0.03832343417162398,0.0
TJS_RUB,2025-12-23,8.58411,test,SET_A,"(0, 1, 0)",2025-12-24,8.50515,8.58411,8.502411851350326,8.665808148649676,2025-12-25,8.48507,8.58411,8.468571370158857,8.699648629841144,2025-12-26,8.42066,8.58411,8.44260465565445,8.725615344345552,2025-12-27,8.40162,8.58411,8.42071370270065,8.747506297299351,2025-12-30,8.37505,8.58411,8.401427385983444,8.766792614016557,8.37505,8.58411,0.02435430114478972,0.0
TJS_RUB,2025-12-24,8.50515,test,SET_A,"(0, 1, 0)",2025-12-25,8.48507,8.50515,8.423451851350325,8.586848148649675,2025-12-26,8.42066,8.50515,8.389611370158857,8.620688629841144,2025-12-27,8.40162,8.50515,8.363644655654449,8.646655344345552,2025-12-30,8.37505,8.50515,8.34175370270065,8.66854629729935,2025-12-31,8.45593,8.50515,8.322467385983444,8.687832614016557,8.37505,8.50515,0.015296614404213982,0.0
TJS_RUB,2025-12-25,8.48507,test,SET_A,"(0, 1, 0)",2025-12-26,8.42066,8.48507,8.403371851350325,8.566768148649675,2025-12-27,8.40162,8.48507,8.369531370158857,8.600608629841144,2025-12-30,8.37505,8.48507,8.343564655654449,8.626575344345552,2025-12-31,8.45593,8.48507,8.32167370270065,8.64846629729935,2026-01-13,8.43554,8.48507,8.302387385983444,8.667752614016557,8.37505,8.48507,0.012966304343983073,0.0
TJS_RUB,2025-12-26,8.42066,test,SET_A,"(0, 1, 0)",2025-12-27,8.40162,8.42066,8.338961851350325,8.502358148649675,2025-12-30,8.37505,8.42066,8.305121370158856,8.536198629841143,2025-12-31,8.45593,8.42066,8.279154655654448,8.562165344345551,2026-01-13,8.43554,8.42066,8.25726370270065,8.58405629729935,2026-01-14,8.43868,8.42066,8.237977385983443,8.603342614016556,8.37505,8.42066,0.005416440041516928,0.0
TJS_RUB,2025-12-27,8.40162,test,SET_A,"(0, 1, 0)",2025-12-30,8.37505,8.40162,8.319921851350324,8.483318148649674,2025-12-31,8.45593,8.40162,8.286081370158856,8.517158629841143,2026-01-13,8.43554,8.40162,8.260114655654448,8.543125344345551,2026-01-14,8.43868,8.40162,8.23822370270065,8.56501629729935,2026-01-15,8.408,8.40162,8.218937385983443,8.584302614016556,8.37505,8.40162,0.0031624853302100716,0.0
TJS_RUB,2025-12-30,8.37505,test,SET_A,"(0, 1, 0)",2025-12-31,8.45593,8.37505,8.293351851350325,8.456748148649675,2026-01-13,8.43554,8.37505,8.259511370158856,8.490588629841143,2026-01-14,8.43868,8.37505,8.233544655654448,8.516555344345552,2026-01-15,8.408,8.37505,8.21165370270065,8.53844629729935,2026-01-16,8.40492,8.37505,8.192367385983443,8.557732614016556,8.40492,8.37505,0.0,0.0
TJS_RUB,2025-12-31,8.45593,test,SET_A,"(0, 1, 0)",2026-01-13,8.43554,8.45593,8.374231851350325,8.537628148649675,2026-01-14,8.43868,8.45593,8.340391370158857,8.571468629841144,2026-01-15,8.408,8.45593,8.314424655654449,8.597435344345552,2026-01-16,8.40492,8.45593,8.29253370270065,8.61932629729935,2026-01-17,8.34315,8.45593,8.273247385983444,8.638612614016557,8.34315,8.45593,0.013337385716296227,0.0
TJS_RUB,2026-01-13,8.43554,test,SET_A,"(0, 1, 0)",2026-01-14,8.43868,8.43554,8.353841851350325,8.517238148649675,2026-01-15,8.408,8.43554,8.320001370158856,8.551078629841143,2026-01-16,8.40492,8.43554,8.294034655654448,8.577045344345551,2026-01-17,8.34315,8.43554,8.27214370270065,8.59893629729935,2026-01-20,8.33515,8.43554,8.252857385983443,8.618222614016556,8.33515,8.43554,0.011900838594802359,0.0
TJS_RUB,2026-01-14,8.43868,test,SET_A,"(0, 1, 0)",2026-01-15,8.408,8.43868,8.356981851350325,8.520378148649675,2026-01-16,8.40492,8.43868,8.323141370158856,8.554218629841143,2026-01-17,8.34315,8.43868,8.297174655654448,8.580185344345551,2026-01-20,8.33515,8.43868,8.27528370270065,8.60207629729935,2026-01-21,8.34465,8.43868,8.255997385983443,8.621362614016556,8.33515,8.43868,0.0122685064488758,0.0
TJS_RUB,2026-01-15,8.408,test,SET_A,"(0, 1, 0)",2026-01-16,8.40492,8.408,8.326301851350324,8.489698148649675,2026-01-17,8.34315,8.408,8.292461370158856,8.523538629841143,2026-01-20,8.33515,8.408,8.266494655654448,8.549505344345551,2026-01-21,8.34465,8.408,8.24460370270065,8.57139629729935,2026-01-22,8.30068,8.408,8.225317385983443,8.590682614016556,8.30068,8.408,0.01276403425309225,0.0
TJS_RUB,2026-01-16,8.40492,test,SET_A,"(0, 1, 0)",2026-01-17,8.34315,8.40492,8.323221851350326,8.486618148649676,2026-01-20,8.33515,8.40492,8.289381370158857,8.520458629841144,2026-01-21,8.34465,8.40492,8.263414655654449,8.546425344345552,2026-01-22,8.30068,8.40492,8.24152370270065,8.56831629729935,2026-01-23,8.13556,8.40492,8.222237385983444,8.587602614016557,8.13556,8.40492,0.03204789575629521,0.0
TJS_RUB,2026-01-17,8.34315,test,SET_A,"(0, 1, 0)",2026-01-20,8.33515,8.34315,8.261451851350325,8.424848148649675,2026-01-21,8.34465,8.34315,8.227611370158856,8.458688629841143,2026-01-22,8.30068,8.34315,8.201644655654448,8.484655344345551,2026-01-23,8.13556,8.34315,8.17975370270065,8.50654629729935,2026-01-24,8.1155,8.34315,8.160467385983443,8.525832614016556,8.1155,8.34315,0.027285857260147404,0.0
TJS_RUB,2026-01-20,8.33515,test,SET_A,"(0, 1, 0)",2026-01-21,8.34465,8.33515,8.253451851350325,8.416848148649676,2026-01-22,8.30068,8.33515,8.219611370158857,8.450688629841144,2026-01-23,8.13556,8.33515,8.193644655654449,8.476655344345552,2026-01-24,8.1155,8.33515,8.17175370270065,8.49854629729935,2026-01-27,8.12456,8.33515,8.152467385983444,8.517832614016557,8.1155,8.33515,0.026352255208364535,0.0
TJS_RUB,2026-01-21,8.34465,test,SET_A,"(0, 1, 0)",2026-01-22,8.30068,8.34465,8.262951851350325,8.426348148649675,2026-01-23,8.13556,8.34465,8.229111370158856,8.460188629841143,2026-01-24,8.1155,8.34465,8.203144655654448,8.486155344345551,2026-01-27,8.12456,8.34465,8.18125370270065,8.50804629729935,2026-01-28,8.18151,8.34465,8.161967385983443,8.527332614016556,8.1155,8.34465,0.027460708358049632,0.0
TJS_RUB,2026-01-22,8.30068,test,SET_A,"(0, 1, 0)",2026-01-23,8.13556,8.30068,8.218981851350325,8.382378148649675,2026-01-24,8.1155,8.30068,8.185141370158856,8.416218629841143,2026-01-27,8.12456,8.30068,8.159174655654448,8.442185344345551,2026-01-28,8.18151,8.30068,8.13728370270065,8.46407629729935,2026-01-29,8.15524,8.30068,8.117997385983443,8.483362614016556,8.1155,8.30068,0.02230901564691074,0.0
TJS_RUB,2026-01-23,8.13556,test,SET_A,"(0, 1, 0)",2026-01-24,8.1155,8.13556,8.053861851350325,8.217258148649675,2026-01-27,8.12456,8.13556,8.020021370158856,8.251098629841144,2026-01-28,8.18151,8.13556,7.994054655654447,8.277065344345552,2026-01-29,8.15524,8.13556,7.972163702700649,8.29895629729935,2026-01-30,8.10701,8.13556,7.952877385983443,8.318242614016556,8.10701,8.13556,0.0035092851629143153,0.0
TJS_RUB,2026-01-24,8.1155,test,SET_A,"(0, 1, 0)",2026-01-27,8.12456,8.1155,8.033801851350326,8.197198148649676,2026-01-28,8.18151,8.1155,7.999961370158857,8.231038629841144,2026-01-29,8.15524,8.1155,7.973994655654448,8.257005344345552,2026-01-30,8.10701,8.1155,7.95210370270065,8.278896297299351,2026-01-31,8.08152,8.1155,7.932817385983444,8.298182614016557,8.08152,8.1155,0.0041870494732304175,0.0
TJS_RUB,2026-01-27,8.12456,test,SET_A,"(0, 1, 0)",2026-01-28,8.18151,8.12456,8.042861851350326,8.206258148649676,2026-01-29,8.15524,8.12456,8.009021370158857,8.240098629841144,2026-01-30,8.10701,8.12456,7.983054655654448,8.266065344345552,2026-01-31,8.08152,8.12456,7.96116370270065,8.28795629729935,2026-02-03,8.21913,8.12456,7.941877385983444,8.307242614016557,8.08152,8.12456,0.005297517650186754,0.0
TJS_RUB,2026-01-28,8.18151,test,SET_A,"(0, 1, 0)",2026-01-29,8.15524,8.18151,8.099811851350324,8.263208148649674,2026-01-30,8.10701,8.18151,8.065971370158856,8.297048629841143,2026-01-31,8.08152,8.18151,8.040004655654448,8.323015344345551,2026-02-03,8.21913,8.18151,8.01811370270065,8.34490629729935,2026-02-04,8.22419,8.18151,7.998827385983443,8.364192614016556,8.08152,8.18151,0.012221460341672874,0.0
TJS_RUB,2026-01-29,8.15524,test,SET_A,"(0, 1, 0)",2026-01-30,8.10701,8.15524,8.073541851350324,8.236938148649674,2026-01-31,8.08152,8.15524,8.039701370158856,8.270778629841143,2026-02-03,8.21913,8.15524,8.013734655654448,8.29674534434555,2026-02-04,8.22419,8.15524,7.991843702700648,8.31863629729935,2026-02-05,8.21655,8.15524,7.972557385983443,8.337922614016556,8.08152,8.15524,0.009039586817800555,0.0
TJS_RUB,2026-01-30,8.10701,test,SET_A,"(0, 1, 0)",2026-01-31,8.08152,8.10701,8.025311851350326,8.188708148649676,2026-02-03,8.21913,8.10701,7.991471370158857,8.222548629841144,2026-02-04,8.22419,8.10701,7.965504655654448,8.248515344345552,2026-02-05,8.21655,8.10701,7.94361370270065,8.27040629729935,2026-02-06,8.16358,8.10701,7.924327385983444,8.289692614016557,8.08152,8.10701,0.0031441924951370903,0.0
TJS_RUB,2026-01-31,8.08152,test,SET_A,"(0, 1, 0)",2026-02-03,8.21913,8.08152,7.999821851350324,8.163218148649674,2026-02-04,8.22419,8.08152,7.965981370158856,8.197058629841143,2026-02-05,8.21655,8.08152,7.940014655654447,8.223025344345551,2026-02-06,8.16358,8.08152,7.918123702700648,8.24491629729935,2026-02-07,8.21471,8.08152,7.898837385983443,8.264202614016556,8.16358,8.08152,0.0,0.0
TJS_RUB,2026-02-03,8.21913,test,SET_A,"(0, 1, 0)",2026-02-04,8.22419,8.21913,8.137431851350325,8.300828148649675,2026-02-05,8.21655,8.21913,8.103591370158856,8.334668629841143,2026-02-06,8.16358,8.21913,8.077624655654448,8.360635344345551,2026-02-07,8.21471,8.21913,8.05573370270065,8.38252629729935,2026-02-10,8.28278,8.21913,8.036447385983443,8.401812614016556,8.16358,8.21913,0.006758622871277156,0.0
TJS_RUB,2026-02-04,8.22419,test,SET_A,"(0, 1, 0)",2026-02-05,8.21655,8.22419,8.142491851350325,8.305888148649675,2026-02-06,8.16358,8.22419,8.108651370158857,8.339728629841144,2026-02-07,8.21471,8.22419,8.082684655654448,8.365695344345552,2026-02-10,8.28278,8.22419,8.06079370270065,8.38758629729935,2026-02-11,8.21951,8.22419,8.041507385983444,8.406872614016557,8.16358,8.22419,0.007369722732573116,0.0
TJS_RUB,2026-02-05,8.21655,test,SET_A,"(0, 1, 0)",2026-02-06,8.16358,8.21655,8.134851851350325,8.298248148649675,2026-02-07,8.21471,8.21655,8.101011370158856,8.332088629841143,2026-02-10,8.28278,8.21655,8.075044655654448,8.358055344345551,2026-02-11,8.21951,8.21655,8.05315370270065,8.37994629729935,2026-02-12,8.2355,8.21655,8.033867385983443,8.399232614016556,8.16358,8.21655,0.006446744679944768,0.0
TJS_RUB,2026-02-06,8.16358,test,SET_A,"(0, 1, 0)",2026-02-07,8.21471,8.16358,8.081881851350325,8.245278148649675,2026-02-10,8.28278,8.16358,8.048041370158856,8.279118629841143,2026-02-11,8.21951,8.16358,8.022074655654448,8.305085344345551,2026-02-12,8.2355,8.16358,8.00018370270065,8.32697629729935,2026-02-13,8.19066,8.16358,7.980897385983443,8.346262614016556,8.19066,8.16358,0.0,0.0
TJS_RUB,2026-02-07,8.21471,test,SET_A,"(0, 1, 0)",2026-02-10,8.28278,8.21471,8.133011851350325,8.296408148649675,2026-02-11,8.21951,8.21471,8.099171370158857,8.330248629841144,2026-02-12,8.2355,8.21471,8.073204655654449,8.356215344345552,2026-02-13,8.19066,8.21471,8.05131370270065,8.37810629729935,2026-02-14,8.17201,8.21471,8.032027385983444,8.397392614016557,8.17201,8.21471,0.005197992381958701,0.0
TJS_RUB,2026-02-10,8.28278,test,SET_A,"(0, 1, 0)",2026-02-11,8.21951,8.28278,8.201081851350326,8.364478148649676,2026-02-12,8.2355,8.28278,8.167241370158857,8.398318629841144,2026-02-13,8.19066,8.28278,8.141274655654449,8.424285344345552,2026-02-14,8.17201,8.28278,8.11938370270065,8.44617629729935,2026-02-17,8.11121,8.28278,8.100097385983444,8.465462614016557,8.11121,8.28278,0.02071405977220219,0.0
TJS_RUB,2026-02-11,8.21951,test,SET_A,"(0, 1, 0)",2026-02-12,8.2355,8.21951,8.137811851350325,8.301208148649675,2026-02-13,8.19066,8.21951,8.103971370158856,8.335048629841143,2026-02-14,8.17201,8.21951,8.078004655654448,8.361015344345551,2026-02-17,8.11121,8.21951,8.05611370270065,8.38290629729935,2026-02-18,8.11554,8.21951,8.036827385983443,8.402192614016556,8.11121,8.21951,0.013175967910495863,0.0
TJS_RUB,2026-02-12,8.2355,test,SET_A,"(0, 1, 0)",2026-02-13,8.19066,8.2355,8.153801851350325,8.317198148649675,2026-02-14,8.17201,8.2355,8.119961370158856,8.351038629841144,2026-02-17,8.11121,8.2355,8.093994655654448,8.377005344345552,2026-02-18,8.11554,8.2355,8.07210370270065,8.39889629729935,2026-02-19,8.0576,8.2355,8.052817385983444,8.418182614016557,8.0576,8.2355,0.02160160281707234,0.0
TJS_RUB,2026-02-13,8.19066,test,SET_A,"(0, 1, 0)",2026-02-14,8.17201,8.19066,8.108961851350324,8.272358148649674,2026-02-17,8.11121,8.19066,8.075121370158856,8.306198629841143,2026-02-18,8.11554,8.19066,8.049154655654448,8.332165344345551,2026-02-19,8.0576,8.19066,8.02726370270065,8.35405629729935,2026-02-20,8.10316,8.19066,8.007977385983443,8.373342614016556,8.0576,8.19066,0.01624533309891982,0.0
TJS_RUB,2026-02-14,8.17201,test,SET_A,"(0, 1, 0)",2026-02-17,8.11121,8.17201,8.090311851350325,8.253708148649675,2026-02-18,8.11554,8.17201,8.056471370158857,8.287548629841144,2026-02-19,8.0576,8.17201,8.030504655654449,8.313515344345552,2026-02-20,8.10316,8.17201,8.00861370270065,8.33540629729935,2026-02-21,8.11537,8.17201,7.989327385983444,8.354692614016557,8.0576,8.17201,0.0140002276061825,0.0
TJS_RUB,2026-02-17,8.11121,test,SET_A,"(0, 1, 0)",2026-02-18,8.11554,8.11121,8.029511851350325,8.192908148649675,2026-02-19,8.0576,8.11121,7.995671370158856,8.226748629841143,2026-02-20,8.10316,8.11121,7.969704655654447,8.252715344345551,2026-02-21,8.11537,8.11121,7.947813702700649,8.27460629729935,2026-02-25,8.09736,8.11121,7.928527385983443,8.293892614016556,8.0576,8.11121,0.006609371474786012,0.0
TJS_RUB,2026-02-18,8.11554,test,SET_A,"(0, 1, 0)",2026-02-19,8.0576,8.11554,8.033841851350324,8.197238148649674,2026-02-20,8.10316,8.11554,8.000001370158856,8.231078629841143,2026-02-21,8.11537,8.11554,7.974034655654447,8.257045344345551,2026-02-25,8.09736,8.11554,7.952143702700648,8.27893629729935,2026-02-26,8.06827,8.11554,7.932857385983443,8.298222614016556,8.0576,8.11554,0.007139389369037495,0.0
TJS_RUB,2026-02-19,8.0576,test,SET_A,"(0, 1, 0)",2026-02-20,8.10316,8.0576,7.975901851350326,8.139298148649676,2026-02-21,8.11537,8.0576,7.942061370158857,8.173138629841144,2026-02-25,8.09736,8.0576,7.916094655654448,8.199105344345552,2026-02-26,8.06827,8.0576,7.89420370270065,8.22099629729935,2026-02-27,8.12167,8.0576,7.874917385983444,8.240282614016557,8.06827,8.0576,0.0,0.0
TJS_RUB,2026-02-20,8.10316,test,SET_A,"(0, 1, 0)",2026-02-21,8.11537,8.10316,8.021461851350326,8.184858148649676,2026-02-25,8.09736,8.10316,7.987621370158857,8.218698629841144,2026-02-26,8.06827,8.10316,7.961654655654448,8.244665344345552,2026-02-27,8.12167,8.10316,7.93976370270065,8.266556297299351,2026-02-28,8.12474,8.10316,7.920477385983444,8.285842614016557,8.06827,8.10316,0.004305727642055784,0.0
TJS_RUB,2026-02-21,8.11537,test,SET_A,"(0, 1, 0)",2026-02-25,8.09736,8.11537,8.033671851350325,8.197068148649675,2026-02-26,8.06827,8.11537,7.999831370158857,8.230908629841144,2026-02-27,8.12167,8.11537,7.973864655654448,8.256875344345552,2026-02-28,8.12474,8.11537,7.951973702700649,8.27876629729935,2026-03-03,8.09998,8.11537,7.932687385983444,8.298052614016557,8.06827,8.11537,0.00580380192153905,0.0
TJS_RUB,2026-02-25,8.09736,test,SET_A,"(0, 1, 0)",2026-02-26,8.06827,8.09736,8.015661851350325,8.179058148649675,2026-02-27,8.12167,8.09736,7.9818213701588565,8.212898629841144,2026-02-28,8.12474,8.09736,7.955854655654448,8.238865344345552,2026-03-03,8.09998,8.09736,7.933963702700649,8.26075629729935,2026-03-04,8.13285,8.09736,7.914677385983444,8.280042614016557,8.06827,8.09736,0.003592528923007012,0.0
TJS_RUB,2026-02-26,8.06827,test,SET_A,"(0, 1, 0)",2026-02-27,8.12167,8.06827,7.986571851350325,8.149968148649675,2026-02-28,8.12474,8.06827,7.9527313701588564,8.183808629841144,2026-03-03,8.09998,8.06827,7.9267646556544475,8.209775344345552,2026-03-04,8.13285,8.06827,7.904873702700649,8.23166629729935,2026-03-05,8.14047,8.06827,7.8855873859834436,8.250952614016557,8.09998,8.06827,0.0,0.0
TJS_RUB,2026-02-27,8.12167,test,SET_A,"(0, 1, 0)",2026-02-28,8.12474,8.12167,8.039971851350325,8.203368148649675,2026-03-03,8.09998,8.12167,8.006131370158856,8.237208629841144,2026-03-04,8.13285,8.12167,7.980164655654447,8.263175344345552,2026-03-05,8.14047,8.12167,7.958273702700649,8.28506629729935,2026-03-06,8.16614,8.12167,7.9389873859834434,8.304352614016556,8.09998,8.12167,0.0026706330102059727,0.0
TJS_RUB,2026-02-28,8.12474,test,SET_A,"(0, 1, 0)",2026-03-03,8.09998,8.12474,8.043041851350324,8.206438148649674,2026-03-04,8.13285,8.12474,8.009201370158856,8.240278629841143,2026-03-05,8.14047,8.12474,7.983234655654447,8.26624534434555,2026-03-06,8.16614,8.12474,7.961343702700648,8.28813629729935,2026-03-07,8.2664,8.12474,7.942057385983443,8.307422614016556,8.09998,8.12474,0.00304748213481278,0.0
TJS_RUB,2026-03-03,8.09998,test,SET_A,"(0, 1, 0)",2026-03-04,8.13285,8.09998,8.018281851350325,8.181678148649675,2026-03-05,8.14047,8.09998,7.984441370158857,8.215518629841144,2026-03-06,8.16614,8.09998,7.958474655654448,8.241485344345552,2026-03-07,8.2664,8.09998,7.936583702700649,8.26337629729935,2026-03-11,8.20119,8.09998,7.917297385983444,8.282662614016557,8.13285,8.09998,0.0,0.0
TJS_RUB,2026-03-04,8.13285,test,SET_A,"(0, 1, 0)",2026-03-05,8.14047,8.13285,8.051151851350324,8.214548148649675,2026-03-06,8.16614,8.13285,8.017311370158856,8.248388629841143,2026-03-07,8.2664,8.13285,7.991344655654447,8.274355344345551,2026-03-11,8.20119,8.13285,7.9694537027006485,8.29624629729935,2026-03-12,8.23651,8.13285,7.950167385983443,8.315532614016556,8.14047,8.13285,0.0,0.0
TJS_RUB,2026-03-05,8.14047,test,SET_A,"(0, 1, 0)",2026-03-06,8.16614,8.14047,8.058771851350325,8.222168148649676,2026-03-07,8.2664,8.14047,8.024931370158857,8.256008629841144,2026-03-11,8.20119,8.14047,7.998964655654448,8.281975344345552,2026-03-12,8.23651,8.14047,7.9770737027006495,8.30386629729935,2026-03-13,8.22673,8.14047,7.957787385983444,8.323152614016557,8.16614,8.14047,0.0,0.0
TJS_RUB,2026-03-06,8.16614,test,SET_A,"(0, 1, 0)",2026-03-07,8.2664,8.16614,8.084441851350325,8.247838148649675,2026-03-11,8.20119,8.16614,8.050601370158857,8.281678629841144,2026-03-12,8.23651,8.16614,8.024634655654449,8.307645344345552,2026-03-13,8.22673,8.16614,8.00274370270065,8.32953629729935,2026-03-14,8.34542,8.16614,7.983457385983444,8.348822614016557,8.20119,8.16614,0.0,0.0
TJS_RUB,2026-03-07,8.2664,test,SET_A,"(0, 1, 0)",2026-03-11,8.20119,8.2664,8.184701851350326,8.348098148649676,2026-03-12,8.23651,8.2664,8.150861370158857,8.381938629841144,2026-03-13,8.22673,8.2664,8.12489465565445,8.407905344345552,2026-03-14,8.34542,8.2664,8.10300370270065,8.429796297299351,2026-03-17,8.43691,8.2664,8.083717385983444,8.449082614016557,8.20119,8.2664,0.007888560921320094,0.0
TJS_RUB,2026-03-11,8.20119,test,SET_A,"(0, 1, 0)",2026-03-12,8.23651,8.20119,8.119491851350325,8.282888148649675,2026-03-13,8.22673,8.20119,8.085651370158857,8.316728629841144,2026-03-14,8.34542,8.20119,8.059684655654449,8.342695344345552,2026-03-17,8.43691,8.20119,8.03779370270065,8.36458629729935,2026-03-18,8.52327,8.20119,8.018507385983444,8.383872614016557,8.22673,8.20119,0.0,0.0
TJS_RUB,2026-03-12,8.23651,test,SET_A,"(0, 1, 0)",2026-03-13,8.22673,8.236509999999999,8.154811851350324,8.318208148649674,2026-03-14,8.34542,8.236509999999999,8.120971370158856,8.352048629841143,2026-03-17,8.43691,8.236509999999999,8.095004655654447,8.37801534434555,2026-03-18,8.52327,8.236509999999999,8.073113702700649,8.39990629729935,2026-03-19,8.65174,8.236509999999999,8.053827385983443,8.419192614016556,8.22673,8.236509999999999,0.0011873961180161269,2.1566863142280532e-16
TJS_RUB,2026-03-13,8.22673,test,SET_A,"(0, 1, 0)",2026-03-14,8.34542,8.22673,8.145031851350325,8.308428148649675,2026-03-17,8.43691,8.22673,8.111191370158856,8.342268629841143,2026-03-18,8.52327,8.22673,8.085224655654448,8.368235344345551,2026-03-19,8.65174,8.22673,8.06333370270065,8.39012629729935,2026-03-20,8.82992,8.22673,8.044047385983443,8.409412614016556,8.34542,8.22673,0.0,0.0
TJS_RUB,2026-03-14,8.34542,test,SET_A,"(0, 1, 0)",2026-03-17,8.43691,8.34542,8.263721851350326,8.427118148649676,2026-03-18,8.52327,8.34542,8.229881370158857,8.460958629841144,2026-03-19,8.65174,8.34542,8.203914655654449,8.486925344345552,2026-03-20,8.82992,8.34542,8.18202370270065,8.50881629729935,2026-03-21,8.80604,8.34542,8.162737385983444,8.528102614016557,8.43691,8.34542,0.0,0.0
TJS_RUB,2026-03-17,8.43691,test,SET_A,"(0, 1, 0)",2026-03-18,8.52327,8.43691,8.355211851350324,8.518608148649674,2026-03-19,8.65174,8.43691,8.321371370158856,8.552448629841143,2026-03-20,8.82992,8.43691,8.295404655654448,8.57841534434555,2026-03-21,8.80604,8.43691,8.27351370270065,8.60030629729935,2026-03-24,8.80604,8.43691,8.254227385983443,8.619592614016556,8.52327,8.43691,0.0,0.0
TJS_RUB,2026-03-18,8.52327,test,SET_A,"(0, 1, 0)",2026-03-19,8.65174,8.52327,8.441571851350325,8.604968148649675,2026-03-20,8.82992,8.52327,8.407731370158857,8.638808629841144,2026-03-21,8.80604,8.52327,8.381764655654449,8.664775344345552,2026-03-24,8.80604,8.52327,8.35987370270065,8.68666629729935,2026-03-25,8.48757,8.52327,8.340587385983444,8.705952614016557,8.48757,8.52327,0.004188533274201133,0.0
TJS_RUB,2026-03-19,8.65174,test,SET_A,"(0, 1, 0)",2026-03-20,8.82992,8.65174,8.570041851350325,8.733438148649675,2026-03-21,8.80604,8.65174,8.536201370158857,8.767278629841144,2026-03-24,8.80604,8.65174,8.510234655654449,8.793245344345552,2026-03-25,8.48757,8.65174,8.48834370270065,8.81513629729935,2026-03-26,8.46229,8.65174,8.469057385983444,8.834422614016557,8.46229,8.65174,0.021897329323350076,0.0
TJS_RUB,2026-03-20,8.82992,test,SET_A,"(0, 1, 0)",2026-03-21,8.80604,8.82992,8.748221851350324,8.911618148649675,2026-03-24,8.80604,8.82992,8.714381370158856,8.945458629841143,2026-03-25,8.48757,8.82992,8.688414655654448,8.971425344345551,2026-03-26,8.46229,8.82992,8.66652370270065,8.99331629729935,2026-03-27,8.61033,8.82992,8.647237385983443,9.012602614016556,8.46229,8.82992,0.041634578795730896,0.0
TJS_RUB,2026-03-21,8.80604,test,SET_A,"(0, 1, 0)",2026-03-24,8.80604,8.80604,8.724341851350324,8.887738148649674,2026-03-25,8.48757,8.80604,8.690501370158856,8.921578629841143,2026-03-26,8.46229,8.80604,8.664534655654448,8.947545344345551,2026-03-27,8.61033,8.80604,8.64264370270065,8.96943629729935,2026-03-28,8.50685,8.80604,8.623357385983443,8.988722614016556,8.46229,8.80604,0.039035707309982695,0.0
TJS_RUB,2026-03-24,8.80604,test,SET_A,"(0, 1, 0)",2026-03-25,8.48757,8.80604,8.724341851350324,8.887738148649674,2026-03-26,8.46229,8.80604,8.690501370158856,8.921578629841143,2026-03-27,8.61033,8.80604,8.664534655654448,8.947545344345551,2026-03-28,8.50685,8.80604,8.64264370270065,8.96943629729935,2026-03-31,8.46996,8.80604,8.623357385983443,8.988722614016556,8.46229,8.80604,0.039035707309982695,0.0
TJS_RUB,2026-03-25,8.48757,test,SET_A,"(0, 1, 0)",2026-03-26,8.46229,8.48757,8.405871851350325,8.569268148649675,2026-03-27,8.61033,8.48757,8.372031370158856,8.603108629841143,2026-03-28,8.50685,8.48757,8.346064655654448,8.629075344345551,2026-03-31,8.46996,8.48757,8.32417370270065,8.65096629729935,2026-04-01,8.46526,8.48757,8.304887385983443,8.670252614016556,8.46229,8.48757,0.0029784732261413354,0.0
TJS_RUB,2026-03-26,8.46229,test,SET_A,"(0, 1, 0)",2026-03-27,8.61033,8.46229,8.380591851350324,8.543988148649674,2026-03-28,8.50685,8.46229,8.346751370158856,8.577828629841143,2026-03-31,8.46996,8.46229,8.320784655654448,8.603795344345551,2026-04-01,8.46526,8.46229,8.29889370270065,8.62568629729935,2026-04-02,8.42187,8.46229,8.279607385983443,8.644972614016556,8.42187,8.46229,0.004776484852208946,0.0
TJS_RUB,2026-03-27,8.61033,test,SET_A,"(0, 1, 0)",2026-03-28,8.50685,8.61033,8.528631851350324,8.692028148649674,2026-03-31,8.46996,8.61033,8.494791370158856,8.725868629841143,2026-04-01,8.46526,8.61033,8.468824655654448,8.751835344345551,2026-04-02,8.42187,8.61033,8.44693370270065,8.77372629729935,2026-04-03,8.38,8.61033,8.427647385983443,8.793012614016556,8.38,8.61033,0.02675042652256053,0.0
TJS_RUB,2026-03-28,8.50685,test,SET_A,"(0, 1, 0)",2026-03-31,8.46996,8.50685,8.425151851350325,8.588548148649675,2026-04-01,8.46526,8.50685,8.391311370158856,8.622388629841144,2026-04-02,8.42187,8.50685,8.365344655654448,8.648355344345552,2026-04-03,8.38,8.50685,8.34345370270065,8.67024629729935,2026-04-04,8.32786,8.50685,8.324167385983444,8.689532614016557,8.32786,8.50685,0.02104069073746459,0.0
TJS_RUB,2026-03-31,8.46996,test,SET_A,"(0, 1, 0)",2026-04-01,8.46526,8.46996,8.388261851350325,8.551658148649675,2026-04-02,8.42187,8.46996,8.354421370158857,8.585498629841144,2026-04-03,8.38,8.46996,8.328454655654449,8.611465344345552,2026-04-04,8.32786,8.46996,8.30656370270065,8.63335629729935,2026-04-07,8.22213,8.46996,8.287277385983444,8.652642614016557,8.22213,8.46996,0.029259878440984422,0.0
TJS_RUB,2026-04-01,8.46526,test,SET_A,"(0, 1, 0)",2026-04-02,8.42187,8.46526,8.383561851350326,8.546958148649676,2026-04-03,8.38,8.46526,8.349721370158857,8.580798629841144,2026-04-04,8.32786,8.46526,8.323754655654449,8.606765344345552,2026-04-07,8.22213,8.46526,8.30186370270065,8.62865629729935,2026-04-08,8.2443,8.46526,8.282577385983444,8.647942614016557,8.22213,8.46526,0.028720913474600984,0.0
TJS_RUB,2026-04-02,8.42187,test,SET_A,"(0, 1, 0)",2026-04-03,8.38,8.42187,8.340171851350325,8.503568148649675,2026-04-04,8.32786,8.42187,8.306331370158857,8.537408629841144,2026-04-07,8.22213,8.42187,8.280364655654449,8.563375344345552,2026-04-08,8.2443,8.42187,8.25847370270065,8.58526629729935,2026-04-09,8.19769,8.42187,8.239187385983444,8.604552614016557,8.19769,8.42187,0.026618791313568185,0.0
TJS_RUB,2026-04-03,8.38,test,SET_A,"(0, 1, 0)",2026-04-04,8.32786,8.38,8.298301851350326,8.461698148649676,2026-04-07,8.22213,8.38,8.264461370158857,8.495538629841144,2026-04-08,8.2443,8.38,8.23849465565445,8.521505344345552,2026-04-09,8.19769,8.38,8.21660370270065,8.543396297299351,2026-04-10,8.15906,8.38,8.197317385983444,8.562682614016557,8.15906,8.38,0.026365155131264983,0.0
TJS_RUB,2026-04-04,8.32786,test,SET_A,"(0, 1, 0)",2026-04-07,8.22213,8.32786,8.246161851350324,8.409558148649674,2026-04-08,8.2443,8.32786,8.212321370158856,8.443398629841143,2026-04-09,8.19769,8.32786,8.186354655654448,8.469365344345551,2026-04-10,8.15906,8.32786,8.16446370270065,8.49125629729935,2026-04-11,8.08169,8.32786,8.145177385983443,8.510542614016556,8.08169,8.32786,0.02955981488641732,0.0
TJS_RUB,2026-04-07,8.22213,test,SET_A,"(0, 1, 0)",2026-04-08,8.2443,8.22213,8.140431851350325,8.303828148649675,2026-04-09,8.19769,8.22213,8.106591370158856,8.337668629841144,2026-04-10,8.15906,8.22213,8.080624655654448,8.363635344345552,2026-04-11,8.08169,8.22213,8.05873370270065,8.38552629729935,2026-04-14,8.01903,8.22213,8.039447385983443,8.404812614016556,8.01903,8.22213,0.02470162841015639,0.0
TJS_RUB,2026-04-08,8.2443,test,SET_A,"(0, 1, 0)",2026-04-09,8.19769,8.2443,8.162601851350326,8.325998148649676,2026-04-10,8.15906,8.2443,8.128761370158857,8.359838629841144,2026-04-11,8.08169,8.2443,8.10279465565445,8.385805344345552,2026-04-14,8.01903,8.2443,8.08090370270065,8.407696297299351,2026-04-15,7.9843,8.2443,8.061617385983444,8.426982614016557,7.9843,8.2443,0.031536940674162836,0.0
TJS_RUB,2026-04-09,8.19769,test,SET_A,"(0, 1, 0)",2026-04-10,8.15906,8.19769,8.115991851350325,8.279388148649675,2026-04-11,8.08169,8.19769,8.082151370158856,8.313228629841143,2026-04-14,8.01903,8.19769,8.056184655654448,8.339195344345551,2026-04-15,7.9843,8.19769,8.03429370270065,8.36108629729935,2026-04-16,7.93405,8.19769,8.015007385983443,8.380372614016556,7.93405,8.19769,0.0321602792981925,0.0
TJS_RUB,2026-04-10,8.15906,test,SET_A,"(0, 1, 0)",2026-04-11,8.08169,8.15906,8.077361851350325,8.240758148649675,2026-04-14,8.01903,8.15906,8.043521370158857,8.274598629841144,2026-04-15,7.9843,8.15906,8.017554655654449,8.300565344345552,2026-04-16,7.93405,8.15906,7.995663702700649,8.32245629729935,2026-04-17,8.02384,8.15906,7.976377385983444,8.341742614016557,7.93405,8.15906,0.027577931771552135,0.0
TJS_RUB,2026-04-11,8.08169,test,SET_A,"(0, 1, 0)",2026-04-14,8.01903,8.08169,7.999991851350325,8.163388148649675,2026-04-15,7.9843,8.08169,7.966151370158856,8.197228629841144,2026-04-16,7.93405,8.08169,7.9401846556544475,8.223195344345552,2026-04-17,8.02384,8.08169,7.918293702700649,8.24508629729935,2026-04-18,8.03473,8.08169,7.8990073859834435,8.264372614016557,7.93405,8.08169,0.018268456226358594,0.0
TJS_RUB,2026-04-14,8.01903,test,SET_A,"(0, 1, 0)",2026-04-15,7.9843,8.01903,7.937331851350326,8.100728148649676,2026-04-16,7.93405,8.01903,7.903491370158857,8.134568629841144,2026-04-17,8.02384,8.01903,7.877524655654448,8.160535344345552,2026-04-18,8.03473,8.01903,7.85563370270065,8.182426297299351,2026-04-21,7.95519,8.01903,7.836347385983444,8.201712614016557,7.93405,8.01903,0.010597291692386823,0.0
TJS_RUB,2026-04-15,7.9843,test,SET_A,"(0, 1, 0)",2026-04-16,7.93405,7.984300000000001,7.902601851350326,8.065998148649676,2026-04-17,8.02384,7.984300000000001,7.8687613701588575,8.099838629841145,2026-04-18,8.03473,7.984300000000001,7.8427946556544486,8.125805344345553,2026-04-21,7.95519,7.984300000000001,7.82090370270065,8.147696297299351,2026-04-22,7.8915,7.984300000000001,7.801617385983445,8.166982614016558,7.8915,7.984300000000001,0.011622809764162223,0.0
TJS_RUB,2026-04-16,7.93405,test,SET_A,"(0, 1, 0)",2026-04-17,8.02384,7.934049999999999,7.852351851350324,8.015748148649674,2026-04-18,8.03473,7.934049999999999,7.8185113701588556,8.049588629841143,2026-04-21,7.95519,7.934049999999999,7.792544655654447,8.07555534434555,2026-04-22,7.8915,7.934049999999999,7.770653702700648,8.09744629729935,2026-04-23,7.94091,7.934049999999999,7.751367385983443,8.116732614016556,7.8915,7.934049999999999,0.005362960908993554,1.1194515029526222e-16
TJS_RUB,2026-04-17,8.02384,test,SET_A,"(0, 1, 0)",2026-04-18,8.03473,8.02384,7.942141851350325,8.105538148649675,2026-04-21,7.95519,8.02384,7.908301370158856,8.139378629841143,2026-04-22,7.8915,8.02384,7.882334655654447,8.165345344345551,2026-04-23,7.94091,8.02384,7.860443702700649,8.18723629729935,2026-04-24,7.93053,8.02384,7.841157385983443,8.206522614016556,7.8915,8.02384,0.016493349817543735,0.0
TJS_RUB,2026-04-18,8.03473,test,SET_A,"(0, 1, 0)",2026-04-21,7.95519,8.03473,7.953031851350325,8.116428148649675,2026-04-22,7.8915,8.03473,7.919191370158856,8.150268629841143,2026-04-23,7.94091,8.03473,7.893224655654447,8.176235344345551,2026-04-24,7.93053,8.03473,7.871333702700649,8.19812629729935,2026-04-25,8.00866,8.03473,7.852047385983443,8.217412614016556,7.8915,8.03473,0.01782636130896744,0.0
TJS_RUB,2026-04-21,7.95519,test,SET_A,"(0, 1, 0)",2026-04-22,7.8915,7.95519,7.873491851350325,8.036888148649675,2026-04-23,7.94091,7.95519,7.839651370158856,8.070728629841144,2026-04-24,7.93053,7.95519,7.8136846556544475,8.096695344345552,2026-04-25,8.00866,7.95519,7.791793702700649,8.11858629729935,2026-04-28,7.93939,7.95519,7.7725073859834435,8.137872614016556,7.8915,7.95519,0.008006094134772424,0.0
TJS_RUB,2026-04-22,7.8915,test,SET_A,"(0, 1, 0)",2026-04-23,7.94091,7.891499999999999,7.809801851350324,7.973198148649674,2026-04-24,7.93053,7.891499999999999,7.775961370158855,8.007038629841142,2026-04-25,8.00866,7.891499999999999,7.749994655654446,8.03300534434555,2026-04-28,7.93939,7.891499999999999,7.728103702700648,8.054896297299349,2026-04-29,7.92735,7.891499999999999,7.708817385983442,8.074182614016555,7.92735,7.891499999999999,0.0,1.125487448140563e-16
TJS_RUB,2026-04-23,7.94091,test,SET_A,"(0, 1, 0)",2026-04-24,7.93053,7.940910000000001,7.8592118513503255,8.022608148649676,2026-04-25,8.00866,7.940910000000001,7.825371370158857,8.056448629841144,2026-04-28,7.93939,7.940910000000001,7.799404655654448,8.082415344345552,2026-04-29,7.92735,7.940910000000001,7.77751370270065,8.10430629729935,2026-04-30,7.95384,7.940910000000001,7.758227385983444,8.123592614016557,7.92735,7.940910000000001,0.0017076128554535963,0.0
TJS_RUB,2026-04-24,7.93053,test,SET_A,"(0, 1, 0)",2026-04-25,8.00866,7.930530000000001,7.848831851350326,8.012228148649676,2026-04-28,7.93939,7.930530000000001,7.814991370158857,8.046068629841145,2026-04-29,7.92735,7.930530000000001,7.7890246556544485,8.072035344345553,2026-04-30,7.95384,7.930530000000001,7.76713370270065,8.093926297299351,2026-05-01,7.95683,7.930530000000001,7.7478473859834445,8.113212614016557,7.92735,7.930530000000001,0.00040098202768294234,0.0
TJS_RUB,2026-04-25,8.00866,test,SET_A,"(0, 1, 0)",2026-04-28,7.93939,8.00866,7.926961851350326,8.090358148649676,2026-04-29,7.92735,8.00866,7.893121370158857,8.124198629841144,2026-04-30,7.95384,8.00866,7.867154655654448,8.150165344345552,2026-05-01,7.95683,8.00866,7.84526370270065,8.172056297299351,2026-05-05,8.03327,8.00866,7.825977385983444,8.191342614016557,7.92735,8.00866,0.010152759637692335,0.0
TJS_RUB,2026-04-28,7.93939,test,SET_A,"(0, 1, 0)",2026-04-29,7.92735,7.93939,7.857691851350325,8.021088148649676,2026-04-30,7.95384,7.93939,7.823851370158857,8.054928629841145,2026-05-01,7.95683,7.93939,7.797884655654448,8.080895344345553,2026-05-05,8.03327,7.93939,7.775993702700649,8.102786297299351,2026-05-06,8.03438,7.93939,7.756707385983444,8.122072614016558,7.92735,7.93939,0.0015164893020749347,0.0
TJS_RUB,2026-04-29,7.92735,test,SET_A,"(0, 1, 0)",2026-04-30,7.95384,7.92735,7.845651851350325,8.009048148649676,2026-05-01,7.95683,7.92735,7.811811370158856,8.042888629841144,2026-05-05,8.03327,7.92735,7.785844655654447,8.068855344345552,2026-05-06,8.03438,7.92735,7.763953702700649,8.09074629729935,2026-05-07,8.01985,7.92735,7.744667385983443,8.110032614016557,7.95384,7.92735,0.0,0.0
TJS_RUB,2026-04-30,7.95384,test,SET_A,"(0, 1, 0)",2026-05-01,7.95683,7.9538400000000005,7.872141851350325,8.035538148649676,2026-05-05,8.03327,7.9538400000000005,7.838301370158857,8.069378629841145,2026-05-06,8.03438,7.9538400000000005,7.812334655654448,8.095345344345553,2026-05-07,8.01985,7.9538400000000005,7.7904437027006495,8.117236297299351,2026-05-08,7.96058,7.9538400000000005,7.771157385983444,8.136522614016558,7.95683,7.9538400000000005,0.0,0.0
TJS_RUB,2026-05-01,7.95683,test,SET_A,"(0, 1, 0)",2026-05-05,8.03327,7.956830000000001,7.875131851350326,8.038528148649677,2026-05-06,8.03438,7.956830000000001,7.841291370158857,8.072368629841145,2026-05-07,8.01985,7.956830000000001,7.8153246556544484,8.098335344345553,2026-05-08,7.96058,7.956830000000001,7.79343370270065,8.120226297299352,2026-05-09,7.93162,7.956830000000001,7.7741473859834445,8.139512614016558,7.93162,7.956830000000001,0.0031683471935432072,0.0
TJS_RUB,2026-05-05,8.03327,test,SET_A,"(0, 1, 0)",2026-05-06,8.03438,8.03327,7.951571851350325,8.114968148649675,2026-05-07,8.01985,8.03327,7.917731370158856,8.148808629841144,2026-05-08,7.96058,8.03327,7.891764655654447,8.174775344345552,2026-05-09,7.93162,8.03327,7.869873702700649,8.19666629729935,2026-05-13,7.8855,8.03327,7.850587385983443,8.215952614016556,7.8855,8.03327,0.018394750829985738,0.0
TJS_RUB,2026-05-06,8.03438,test,SET_A,"(0, 1, 0)",2026-05-07,8.01985,8.03438,7.9526818513503255,8.116078148649676,2026-05-08,7.96058,8.03438,7.918841370158857,8.149918629841144,2026-05-09,7.93162,8.03438,7.892874655654448,8.175885344345552,2026-05-13,7.8855,8.03438,7.8709837027006495,8.19777629729935,2026-05-14,7.83845,8.03438,7.851697385983444,8.217062614016557,7.83845,8.03438,0.024386449234415176,0.0
TJS_RUB,2026-05-07,8.01985,test,SET_A,"(0, 1, 0)",2026-05-08,7.96058,8.01985,7.938151851350325,8.101548148649675,2026-05-09,7.93162,8.01985,7.904311370158856,8.135388629841144,2026-05-13,7.8855,8.01985,7.878344655654447,8.161355344345552,2026-05-14,7.83845,8.01985,7.856453702700649,8.18324629729935,2026-05-15,7.82063,8.01985,7.837167385983443,8.202532614016556,7.82063,8.01985,0.024840863607174638,0.0
TJS_RUB,2026-05-08,7.96058,test,SET_A,"(0, 1, 0)",2026-05-09,7.93162,7.96058,7.878881851350325,8.042278148649675,2026-05-13,7.8855,7.96058,7.845041370158857,8.076118629841144,2026-05-14,7.83845,7.96058,7.819074655654448,8.102085344345552,2026-05-15,7.82063,7.96058,7.797183702700649,8.12397629729935,2026-05-16,7.82531,7.96058,7.777897385983444,8.143262614016557,7.82063,7.96058,0.017580377309191014,0.0
TJS_RUB,2026-05-09,7.93162,test,SET_A,"(0, 1, 0)",2026-05-13,7.8855,7.931620000000001,7.8499218513503255,8.013318148649676,2026-05-14,7.83845,7.931620000000001,7.816081370158857,8.047158629841144,2026-05-15,7.82063,7.931620000000001,7.790114655654448,8.073125344345552,2026-05-16,7.82531,7.931620000000001,7.7682237027006495,8.09501629729935,2026-05-19,7.74208,7.931620000000001,7.748937385983444,8.114302614016557,7.74208,7.931620000000001,0.02389675753503068,0.0
TJS_RUB,2026-05-13,7.8855,test,SET_A,"(0, 1, 0)",2026-05-14,7.83845,7.8854999999999995,7.8038018513503244,7.967198148649675,2026-05-15,7.82063,7.8854999999999995,7.769961370158856,8.001038629841144,2026-05-16,7.82531,7.8854999999999995,7.743994655654447,8.027005344345552,2026-05-19,7.74208,7.8854999999999995,7.7221037027006485,8.04889629729935,2026-05-20,7.6422,7.8854999999999995,7.702817385983443,8.068182614016557,7.6422,7.8854999999999995,0.03085409929617659,1.1263438205568767e-16
TJS_RUB,2026-05-14,7.83845,test,SET_A,"(0, 1, 0)",2026-05-15,7.82063,7.838450000000001,7.756751851350326,7.920148148649676,2026-05-16,7.82531,7.838450000000001,7.722911370158857,7.953988629841144,2026-05-19,7.74208,7.838450000000001,7.696944655654448,7.979955344345553,2026-05-20,7.6422,7.838450000000001,7.67505370270065,8.001846297299352,2026-05-21,7.61455,7.838450000000001,7.655767385983444,8.021132614016558,7.61455,7.838450000000001,0.028564320752189468,0.0
TJS_RUB,2026-05-15,7.82063,test,SET_A,"(0, 1, 0)",2026-05-16,7.82531,7.82063,7.738931851350325,7.9023281486496755,2026-05-19,7.74208,7.82063,7.705091370158857,7.936168629841144,2026-05-20,7.6422,7.82063,7.679124655654448,7.962135344345553,2026-05-21,7.61455,7.82063,7.657233702700649,7.984026297299351,2026-05-22,7.62119,7.82063,7.637947385983444,8.003312614016558,7.61455,7.82063,0.026350818284460464,0.0
TJS_RUB,2026-05-16,7.82531,test,SET_A,"(0, 1, 0)",2026-05-19,7.74208,7.82531,7.743611851350325,7.907008148649675,2026-05-20,7.6422,7.82531,7.709771370158856,7.940848629841144,2026-05-21,7.61455,7.82531,7.6838046556544475,7.9668153443455525,2026-05-22,7.62119,7.82531,7.661913702700649,7.988706297299351,2026-05-23,7.67396,7.82531,7.6426273859834435,8.007992614016556,7.61455,7.82531,0.0269331183045783,0.0
TJS_RUB,2026-05-19,7.74208,test,SET_A,"(0, 1, 0)",2026-05-20,7.6422,7.74208,7.660381851350325,7.823778148649675,2026-05-21,7.61455,7.74208,7.626541370158856,7.857618629841143,2026-05-22,7.62119,7.74208,7.600574655654447,7.883585344345552,2026-05-23,7.67396,7.74208,7.578683702700649,7.905476297299351,2026-05-26,7.71028,7.74208,7.559397385983443,7.924762614016556,7.61455,7.74208,0.016472317516739592,0.0
TJS_RUB,2026-05-20,7.6422,test,SET_A,"(0, 1, 0)",2026-05-21,7.61455,7.6422,7.560501851350325,7.723898148649675,2026-05-22,7.62119,7.6422,7.526661370158856,7.7577386298411435,2026-05-23,7.67396,7.6422,7.500694655654447,7.783705344345552,2026-05-26,7.71028,7.6422,7.478803702700649,7.805596297299351,2026-05-27,7.74622,7.6422,7.459517385983443,7.824882614016556,7.61455,7.6422,0.0036180680955745083,0.0
TJS_RUB,2026-05-21,7.61455,test,SET_A,"(0, 1, 0)",2026-05-22,7.62119,7.61455,7.532851851350325,7.696248148649675,2026-05-23,7.67396,7.61455,7.499011370158857,7.730088629841144,2026-05-26,7.71028,7.61455,7.473044655654448,7.756055344345553,2026-05-27,7.74622,7.61455,7.451153702700649,7.777946297299351,2026-05-28,7.66334,7.61455,7.431867385983444,7.797232614016557,7.62119,7.61455,0.0,0.0
TJS_RUB,2026-05-22,7.62119,test,SET_A,"(0, 1, 0)",2026-05-23,7.67396,7.62119,7.539491851350325,7.702888148649675,2026-05-26,7.71028,7.62119,7.505651370158857,7.736728629841144,2026-05-27,7.74622,7.62119,7.479684655654448,7.762695344345553,2026-05-28,7.66334,7.62119,7.457793702700649,7.784586297299351,2026-05-29,7.71309,7.62119,7.438507385983444,7.803872614016557,7.66334,7.62119,0.0,0.0
TJS_RUB,2026-05-23,7.67396,test,SET_A,"(0, 1, 0)",2026-05-26,7.71028,7.67396,7.592261851350325,7.755658148649675,2026-05-27,7.74622,7.67396,7.5584213701588565,7.789498629841144,2026-05-28,7.66334,7.67396,7.532454655654448,7.815465344345553,2026-05-29,7.71309,7.67396,7.510563702700649,7.837356297299351,2026-05-30,7.67536,7.67396,7.491277385983444,7.856642614016557,7.66334,7.67396,0.0013839008803799206,0.0
TJS_RUB,2026-05-26,7.71028,test,SET_A,"(0, 1, 0)",2026-05-27,7.74622,7.71028,7.628581851350325,7.791978148649675,2026-05-28,7.66334,7.71028,7.594741370158856,7.825818629841144,2026-05-29,7.71309,7.71028,7.5687746556544475,7.8517853443455525,2026-05-30,7.67536,7.71028,7.546883702700649,7.873676297299351,2026-06-02,7.73849,7.71028,7.5275973859834435,7.8929626140165565,7.66334,7.71028,0.006087976052750381,0.0
TJS_RUB,2026-05-27,7.74622,test,SET_A,"(0, 1, 0)",2026-05-28,7.66334,7.74622,7.664521851350325,7.827918148649675,2026-05-29,7.71309,7.74622,7.6306813701588565,7.861758629841144,2026-05-30,7.67536,7.74622,7.604714655654448,7.887725344345553,2026-06-02,7.73849,7.74622,7.582823702700649,7.909616297299351,2026-06-03,7.84429,7.74622,7.563537385983444,7.928902614016557,7.66334,7.74622,0.0106994121003535,0.0
TJS_RUB,2026-05-28,7.66334,test,SET_A,"(0, 1, 0)",2026-05-29,7.71309,7.66334,7.581641851350325,7.745038148649675,2026-05-30,7.67536,7.66334,7.547801370158856,7.778878629841143,2026-06-02,7.73849,7.66334,7.521834655654447,7.804845344345552,2026-06-03,7.84429,7.66334,7.499943702700649,7.826736297299351,2026-06-04,7.91167,7.66334,7.480657385983443,7.846022614016556,7.67536,7.66334,0.0,0.0
TJS_RUB,2026-05-29,7.71309,test,SET_A,"(0, 1, 0)",2026-05-30,7.67536,7.71309,7.631391851350325,7.794788148649675,2026-06-02,7.73849,7.71309,7.597551370158857,7.828628629841144,2026-06-03,7.84429,7.71309,7.571584655654448,7.854595344345553,2026-06-04,7.91167,7.71309,7.549693702700649,7.876486297299351,2026-06-05,8.00591,7.71309,7.530407385983444,7.895772614016557,7.67536,7.71309,0.004891684136967132,0.0
TJS_RUB,2026-05-30,7.67536,test,SET_A,"(0, 1, 0)",2026-06-02,7.73849,7.675360000000001,7.593661851350326,7.757058148649676,2026-06-03,7.84429,7.675360000000001,7.559821370158858,7.790898629841145,2026-06-04,7.91167,7.675360000000001,7.533854655654449,7.816865344345554,2026-06-05,8.00591,7.675360000000001,7.51196370270065,7.838756297299352,2026-06-06,7.91682,7.675360000000001,7.492677385983445,7.858042614016558,7.73849,7.675360000000001,0.0,0.0
TJS_RUB,2026-06-02,7.73849,test,SET_A,"(0, 1, 0)",2026-06-03,7.84429,7.73849,7.656791851350325,7.820188148649675,2026-06-04,7.91167,7.73849,7.622951370158856,7.854028629841143,2026-06-05,8.00591,7.73849,7.596984655654447,7.879995344345552,2026-06-06,7.91682,7.73849,7.575093702700649,7.901886297299351,2026-06-09,7.83535,7.73849,7.555807385983443,7.921172614016556,7.83535,7.73849,0.0,0.0
TJS_RUB,2026-06-03,7.84429,test,SET_A,"(0, 1, 0)",2026-06-04,7.91167,7.84429,7.762591851350325,7.925988148649675,2026-06-05,8.00591,7.84429,7.728751370158856,7.959828629841144,2026-06-06,7.91682,7.84429,7.7027846556544475,7.9857953443455525,2026-06-09,7.83535,7.84429,7.680893702700649,8.007686297299351,2026-06-10,7.66882,7.84429,7.6616073859834435,8.026972614016557,7.66882,7.84429,0.022369137296045886,0.0
TJS_RUB,2026-06-04,7.91167,test,SET_A,"(0, 1, 0)",2026-06-05,8.00591,7.91167,7.829971851350325,7.993368148649675,2026-06-06,7.91682,7.91167,7.796131370158856,8.027208629841144,2026-06-09,7.83535,7.91167,7.7701646556544475,8.053175344345552,2026-06-10,7.66882,7.91167,7.748273702700649,8.075066297299351,2026-06-11,7.68128,7.91167,7.7289873859834435,8.094352614016557,7.66882,7.91167,0.030695162968121747,0.0
TJS_RUB,2026-06-05,8.00591,test,SET_A,"(0, 1, 0)",2026-06-06,7.91682,8.00591,7.924211851350325,8.087608148649675,2026-06-09,7.83535,8.00591,7.8903713701588565,8.121448629841144,2026-06-10,7.66882,8.00591,7.864404655654448,8.147415344345552,2026-06-11,7.68128,8.00591,7.842513702700649,8.16930629729935,2026-06-12,7.71269,8.00591,7.823227385983444,8.188592614016557,7.66882,8.00591,0.042105144824261066,0.0
TJS_RUB,2026-06-06,7.91682,test,SET_A,"(0, 1, 0)",2026-06-09,7.83535,7.91682,7.835121851350325,7.9985181486496755,2026-06-10,7.66882,7.91682,7.801281370158857,8.032358629841145,2026-06-11,7.68128,7.91682,7.775314655654448,8.058325344345553,2026-06-12,7.71269,7.91682,7.753423702700649,8.080216297299351,2026-06-16,7.77533,7.91682,7.734137385983444,8.099502614016558,7.66882,7.91682,0.031325709059950864,0.0
TJS_RUB,2026-06-09,7.83535,test,SET_A,"(0, 1, 0)",2026-06-10,7.66882,7.83535,7.753651851350325,7.917048148649675,2026-06-11,7.68128,7.83535,7.719811370158856,7.950888629841144,2026-06-12,7.71269,7.83535,7.6938446556544475,7.9768553443455525,2026-06-16,7.77533,7.83535,7.671953702700649,7.998746297299351,2026-06-17,7.7587,7.83535,7.6526673859834435,8.018032614016557,7.66882,7.83535,0.021253677244794406,0.0
TJS_RUB,2026-06-10,7.66882,test,SET_A,"(0, 1, 0)",2026-06-11,7.68128,7.66882,7.587121851350325,7.750518148649675,2026-06-12,7.71269,7.66882,7.553281370158857,7.784358629841144,2026-06-16,7.77533,7.66882,7.527314655654448,7.810325344345553,2026-06-17,7.7587,7.66882,7.505423702700649,7.832216297299351,2026-06-18,7.83373,7.66882,7.486137385983444,7.851502614016557,7.68128,7.66882,0.0,0.0
TJS_RUB,2026-06-11,7.68128,test,SET_A,"(0, 1, 0)",2026-06-12,7.71269,7.68128,7.599581851350325,7.762978148649675,2026-06-16,7.77533,7.68128,7.5657413701588565,7.796818629841144,2026-06-17,7.7587,7.68128,7.539774655654448,7.822785344345553,2026-06-18,7.83373,7.68128,7.517883702700649,7.844676297299351,2026-06-19,7.8785,7.68128,7.498597385983444,7.863962614016557,7.71269,7.68128,0.0,0.0
TJS_RUB,2026-06-12,7.71269,test,SET_A,"(0, 1, 0)",2026-06-16,7.77533,7.71269,7.630991851350325,7.794388148649675,2026-06-17,7.7587,7.71269,7.597151370158857,7.828228629841144,2026-06-18,7.83373,7.71269,7.571184655654448,7.854195344345553,2026-06-19,7.8785,7.71269,7.549293702700649,7.876086297299351,2026-06-20,7.88649,7.71269,7.530007385983444,7.895372614016557,7.7587,7.71269,0.0,0.0
TJS_RUB,2026-06-16,7.77533,test,SET_A,"(0, 1, 0)",2026-06-17,7.7587,7.77533,7.693631851350325,7.857028148649675,2026-06-18,7.83373,7.77533,7.659791370158857,7.890868629841144,2026-06-19,7.8785,7.77533,7.633824655654448,7.916835344345553,2026-06-20,7.88649,7.77533,7.611933702700649,7.938726297299351,2026-06-23,7.93983,7.77533,7.592647385983444,7.958012614016557,7.7587,7.77533,0.002138815973084119,0.0
TJS_RUB,2026-06-17,7.7587,test,SET_A,"(0, 1, 0)",2026-06-18,7.83373,7.758700000000001,7.677001851350326,7.840398148649676,2026-06-19,7.8785,7.758700000000001,7.643161370158857,7.874238629841145,2026-06-20,7.88649,7.758700000000001,7.6171946556544485,7.9002053443455535,2026-06-23,7.93983,7.758700000000001,7.59530370270065,7.922096297299352,2026-06-24,8.03065,7.758700000000001,7.5760173859834445,7.9413826140165575,7.83373,7.758700000000001,0.0,0.0
TJS_RUB,2026-06-18,7.83373,test,SET_A,"(0, 1, 0)",2026-06-19,7.8785,7.83373,7.752031851350325,7.915428148649675,2026-06-20,7.88649,7.83373,7.7181913701588565,7.949268629841144,2026-06-23,7.93983,7.83373,7.692224655654448,7.975235344345553,2026-06-24,8.03065,7.83373,7.670333702700649,7.997126297299351,2026-06-25,8.04287,7.83373,7.651047385983444,8.016412614016557,7.8785,7.83373,0.0,0.0
TJS_RUB,2026-06-19,7.8785,test,SET_A,"(0, 1, 0)",2026-06-20,7.88649,7.8785,7.796801851350325,7.960198148649675,2026-06-23,7.93983,7.8785,7.762961370158856,7.994038629841143,2026-06-24,8.03065,7.8785,7.736994655654447,8.020005344345552,2026-06-25,8.04287,7.8785,7.715103702700649,8.04189629729935,2026-06-26,8.14555,7.8785,7.695817385983443,8.061182614016557,7.88649,7.8785,0.0,0.0
TJS_RUB,2026-06-20,7.88649,test,SET_A,"(0, 1, 0)",2026-06-23,7.93983,7.88649,7.804791851350325,7.968188148649675,2026-06-24,8.03065,7.88649,7.770951370158857,8.002028629841144,2026-06-25,8.04287,7.88649,7.744984655654448,8.027995344345552,2026-06-26,8.14555,7.88649,7.723093702700649,8.04988629729935,2026-06-27,8.31529,7.88649,7.703807385983444,8.069172614016557,7.93983,7.88649,0.0,0.0
TJS_RUB,2026-06-23,7.93983,test,SET_A,"(0, 1, 0)",2026-06-24,8.03065,7.93983,7.858131851350325,8.021528148649676,2026-06-25,8.04287,7.93983,7.824291370158856,8.055368629841144,2026-06-26,8.14555,7.93983,7.798324655654447,8.081335344345552,2026-06-27,8.31529,7.93983,7.776433702700649,8.10322629729935,2026-06-30,8.39004,7.93983,7.757147385983443,8.122512614016557,8.03065,7.93983,0.0,0.0
TJS_RUB,2026-06-24,8.03065,test,SET_A,"(0, 1, 0)",2026-06-25,8.04287,8.03065,7.948951851350325,8.112348148649675,2026-06-26,8.14555,8.03065,7.915111370158856,8.146188629841143,2026-06-27,8.31529,8.03065,7.889144655654447,8.172155344345551,2026-06-30,8.39004,8.03065,7.867253702700649,8.19404629729935,2026-07-01,8.44105,8.03065,7.847967385983443,8.213332614016556,8.04287,8.03065,0.0,0.0
TJS_RUB,2026-06-25,8.04287,test,SET_A,"(0, 1, 0)",2026-06-26,8.14555,8.04287,7.961171851350326,8.124568148649676,2026-06-27,8.31529,8.04287,7.927331370158857,8.158408629841144,2026-06-30,8.39004,8.04287,7.901364655654448,8.184375344345552,2026-07-01,8.44105,8.04287,7.87947370270065,8.20626629729935,2026-07-02,8.43411,8.04287,7.860187385983444,8.225552614016557,8.14555,8.04287,0.0,0.0
TJS_RUB,2026-06-26,8.14555,test,SET_A,"(0, 1, 0)",2026-06-27,8.31529,8.14555,8.063851851350325,8.227248148649675,2026-06-30,8.39004,8.14555,8.030011370158856,8.261088629841144,2026-07-01,8.44105,8.14555,8.004044655654448,8.287055344345552,2026-07-02,8.43411,8.14555,7.982153702700649,8.30894629729935,2026-07-03,8.3962,8.14555,7.962867385983444,8.328232614016557,8.31529,8.14555,0.0,0.0
TJS_RUB,2026-06-27,8.31529,test,SET_A,"(0, 1, 0)",2026-06-30,8.39004,8.31529,8.233591851350324,8.396988148649674,2026-07-01,8.44105,8.31529,8.199751370158856,8.430828629841143,2026-07-02,8.43411,8.31529,8.173784655654448,8.45679534434555,2026-07-03,8.3962,8.31529,8.151893702700649,8.47868629729935,2026-07-04,8.32002,8.31529,8.132607385983443,8.497972614016556,8.32002,8.31529,0.0,0.0
TJS_RUB,2026-06-30,8.39004,test,SET_A,"(0, 1, 0)",2026-07-01,8.44105,8.39004,8.308341851350326,8.471738148649676,2026-07-02,8.43411,8.39004,8.274501370158857,8.505578629841144,2026-07-03,8.3962,8.39004,8.24853465565445,8.531545344345552,2026-07-04,8.32002,8.39004,8.22664370270065,8.553436297299351,2026-07-07,8.4037,8.39004,8.207357385983444,8.572722614016557,8.32002,8.39004,0.008345609794470741,0.0
TJS_RUB,2026-07-01,8.44105,test,SET_A,"(0, 1, 0)",2026-07-02,8.43411,8.44105,8.359351851350326,8.522748148649676,2026-07-03,8.3962,8.44105,8.325511370158857,8.556588629841144,2026-07-04,8.32002,8.44105,8.299544655654449,8.582555344345552,2026-07-07,8.4037,8.44105,8.27765370270065,8.60444629729935,2026-07-08,8.20498,8.44105,8.258367385983444,8.623732614016557,8.20498,8.44105,0.02796689985250647,0.0
TJS_RUB,2026-07-02,8.43411,test,SET_A,"(0, 1, 0)",2026-07-03,8.3962,8.43411,8.352411851350325,8.515808148649676,2026-07-04,8.32002,8.43411,8.318571370158857,8.549648629841144,2026-07-07,8.4037,8.43411,8.292604655654449,8.575615344345552,2026-07-08,8.20498,8.43411,8.27071370270065,8.59750629729935,2026-07-09,8.23828,8.43411,8.251427385983444,8.616792614016557,8.20498,8.43411,0.027167063270457655,0.0
TJS_RUB,2026-07-03,8.3962,test,SET_A,"(0, 1, 0)",2026-07-04,8.32002,8.3962,8.314501851350325,8.477898148649675,2026-07-07,8.4037,8.3962,8.280661370158857,8.511738629841144,2026-07-08,8.20498,8.3962,8.254694655654449,8.537705344345552,2026-07-09,8.23828,8.3962,8.23280370270065,8.55959629729935,2026-07-10,8.21415,8.3962,8.213517385983444,8.578882614016557,8.20498,8.3962,0.022774588504323325,0.0
TJS_RUB,2026-07-04,8.32002,test,SET_A,"(0, 1, 0)",2026-07-07,8.4037,8.32002,8.238321851350324,8.401718148649675,2026-07-08,8.20498,8.32002,8.204481370158856,8.435558629841143,2026-07-09,8.23828,8.32002,8.178514655654448,8.461525344345551,2026-07-10,8.21415,8.32002,8.15662370270065,8.48341629729935,2026-07-11,8.28387,8.32002,8.137337385983443,8.502702614016556,8.20498,8.32002,0.013826889839206961,0.0
TJS_RUB,2026-07-07,8.4037,test,SET_A,"(0, 1, 0)",2026-07-08,8.20498,8.4037,8.322001851350326,8.485398148649676,2026-07-09,8.23828,8.4037,8.288161370158857,8.519238629841144,2026-07-10,8.21415,8.4037,8.262194655654449,8.545205344345552,2026-07-11,8.28387,8.4037,8.24030370270065,8.56709629729935,2026-07-14,8.27918,8.4037,8.221017385983444,8.586382614016557,8.20498,8.4037,0.023646727036900385,0.0
TJS_RUB,2026-07-08,8.20498,test,SET_A,"(0, 1, 0)",2026-07-09,8.23828,8.20498,8.123281851350326,8.286678148649676,2026-07-10,8.21415,8.20498,8.089441370158857,8.320518629841144,2026-07-11,8.28387,8.20498,8.06347465565445,8.346485344345552,2026-07-14,8.27918,8.20498,8.04158370270065,8.368376297299351,2026-07-15,8.37344,8.20498,8.022297385983444,8.387662614016557,8.21415,8.20498,0.0,0.0
TJS_RUB,2026-07-09,8.23828,test,SET_A,"(0, 1, 0)",2026-07-10,8.21415,8.23828,8.156581851350325,8.319978148649675,2026-07-11,8.28387,8.23828,8.122741370158856,8.353818629841143,2026-07-14,8.27918,8.23828,8.096774655654448,8.379785344345551,2026-07-15,8.37344,8.23828,8.07488370270065,8.40167629729935,2026-07-16,8.42376,8.23828,8.055597385983443,8.420962614016556,8.21415,8.23828,0.0029290094534295437,0.0
TJS_RUB,2026-07-10,8.21415,test,SET_A,"(0, 1, 0)",2026-07-11,8.28387,8.21415,8.132451851350325,8.295848148649675,2026-07-14,8.27918,8.21415,8.098611370158856,8.329688629841144,2026-07-15,8.37344,8.21415,8.072644655654448,8.355655344345552,2026-07-16,8.42376,8.21415,8.05075370270065,8.37754629729935,2026-07-17,8.46234,8.21415,8.031467385983444,8.396832614016557,8.27918,8.21415,0.0,0.0
TJS_RUB,2026-07-11,8.28387,test,SET_A,"(0, 1, 0)",2026-07-14,8.27918,8.28387,8.202171851350325,8.365568148649675,2026-07-15,8.37344,8.28387,8.168331370158857,8.399408629841144,2026-07-16,8.42376,8.28387,8.142364655654449,8.425375344345552,2026-07-17,8.46234,8.28387,8.12047370270065,8.44726629729935,2026-07-18,8.47554,8.28387,8.101187385983444,8.466552614016557,8.27918,8.28387,0.0005661605022773273,0.0
TJS_RUB,2026-07-14,8.27918,test,SET_A,"(0, 1, 0)",2026-07-15,8.37344,8.27918,8.197481851350325,8.360878148649675,2026-07-16,8.42376,8.27918,8.163641370158857,8.394718629841144,2026-07-17,8.46234,8.27918,8.137674655654449,8.420685344345552,2026-07-18,8.47554,8.27918,8.11578370270065,8.44257629729935,2026-07-21,8.46228,8.27918,8.096497385983444,8.461862614016557,8.37344,8.27918,0.0,0.0
TJS_RUB,2026-07-15,8.37344,test,SET_A,"(0, 1, 0)",2026-07-16,8.42376,8.37344,8.291741851350325,8.455138148649676,2026-07-17,8.46234,8.37344,8.257901370158857,8.488978629841144,2026-07-18,8.47554,8.37344,8.231934655654449,8.514945344345552,2026-07-21,8.46228,8.37344,8.21004370270065,8.53683629729935,2026-07-22,8.48801,8.37344,8.190757385983444,8.556122614016557,8.42376,8.37344,0.0,0.0
TJS_RUB,2026-07-16,8.42376,test,SET_A,"(0, 1, 0)",2026-07-17,8.46234,8.42376,8.342061851350325,8.505458148649675,2026-07-18,8.47554,8.42376,8.308221370158856,8.539298629841143,2026-07-21,8.46228,8.42376,8.282254655654448,8.565265344345551,2026-07-22,8.48801,8.42376,8.26036370270065,8.58715629729935,2026-07-23,8.48238,8.42376,8.241077385983443,8.606442614016556,8.46228,8.42376,0.0,0.0
TJS_RUB,2026-07-17,8.46234,test,SET_A,"(0, 1, 0)",2026-07-18,8.47554,8.46234,8.380641851350324,8.544038148649674,2026-07-21,8.46228,8.46234,8.346801370158856,8.577878629841143,2026-07-22,8.48801,8.46234,8.320834655654448,8.603845344345551,2026-07-23,8.48238,8.46234,8.29894370270065,8.62573629729935,2026-07-24,8.47648,8.46234,8.279657385983443,8.645022614016556,8.46228,8.46234,7.090237451993763e-06,0.0
TJS_RUB,2026-07-18,8.47554,test,SET_A,"(0, 1, 0)",2026-07-21,8.46228,8.475539999999999,8.393841851350324,8.557238148649674,2026-07-22,8.48801,8.475539999999999,8.360001370158855,8.591078629841142,2026-07-23,8.48238,8.475539999999999,8.334034655654447,8.61704534434555,2026-07-24,8.47648,8.475539999999999,8.312143702700649,8.638936297299349,2026-07-25,8.42301,8.475539999999999,8.292857385983442,8.658222614016555,8.42301,8.475539999999999,0.006197835182183182,2.0958627289827556e-16
TJS_RUB,2026-07-21,8.46228,test,SET_A,"(0, 1, 0)",2026-07-22,8.48801,8.46228,8.380581851350325,8.543978148649675,2026-07-23,8.48238,8.46228,8.346741370158856,8.577818629841143,2026-07-24,8.47648,8.46228,8.320774655654448,8.603785344345551,2026-07-25,8.42301,8.46228,8.29888370270065,8.62567629729935,2026-07-28,8.43101,8.46228,8.279597385983443,8.644962614016556,8.42301,8.46228,0.00464059331527675,0.0
TJS_RUB,2026-07-22,8.48801,test,SET_A,"(0, 1, 0)",2026-07-23,8.48238,8.48801,8.406311851350324,8.569708148649674,2026-07-24,8.47648,8.48801,8.372471370158856,8.603548629841143,2026-07-25,8.42301,8.48801,8.346504655654448,8.62951534434555,2026-07-28,8.43101,8.48801,8.324613702700649,8.65140629729935,2026-07-29,8.51268,8.48801,8.305327385983443,8.670692614016556,8.42301,8.48801,0.007657860912039395,0.0
TJS_RUB,2026-07-23,8.48238,test,SET_A,"(0, 1, 0)",2026-07-24,8.47648,8.48238,8.400681851350324,8.564078148649674,2026-07-25,8.42301,8.48238,8.366841370158856,8.597918629841143,2026-07-28,8.43101,8.48238,8.340874655654448,8.62388534434555,2026-07-29,8.51268,8.48238,8.318983702700649,8.64577629729935,2026-07-30,8.58517,8.48238,8.299697385983443,8.665062614016556,8.42301,8.48238,0.006999214843003907,0.0
TJS_RUB,2026-07-24,8.47648,test,SET_A,"(0, 1, 0)",2026-07-25,8.42301,8.47648,8.394781851350325,8.558178148649676,2026-07-28,8.43101,8.47648,8.360941370158857,8.592018629841144,2026-07-29,8.51268,8.47648,8.334974655654449,8.617985344345552,2026-07-30,8.58517,8.47648,8.31308370270065,8.63987629729935,2026-07-31,8.63089,8.47648,8.293797385983444,8.659162614016557,8.42301,8.47648,0.006308042961229283,0.0
TJS_RUB,2026-07-25,8.42301,test,SET_A,"(0, 1, 0)",2026-07-28,8.43101,8.42301,8.341311851350325,8.504708148649675,2026-07-29,8.51268,8.42301,8.307471370158856,8.538548629841143,2026-07-30,8.58517,8.42301,8.281504655654448,8.564515344345551,2026-07-31,8.63089,8.42301,8.25961370270065,8.58640629729935,2026-08-01,8.59216,8.42301,8.240327385983443,8.605692614016556,8.43101,8.42301,0.0,0.0
TJS_RUB,2026-07-28,8.43101,test,SET_A,"(0, 1, 0)",2026-07-29,8.51268,8.43101,8.349311851350325,8.512708148649676,2026-07-30,8.58517,8.43101,8.315471370158857,8.546548629841144,2026-07-31,8.63089,8.43101,8.289504655654449,8.572515344345552,2026-08-01,8.59216,8.43101,8.26761370270065,8.59440629729935,2026-08-04,8.65757,8.43101,8.248327385983444,8.613692614016557,8.51268,8.43101,0.0,0.0
TJS_RUB,2026-07-29,8.51268,test,SET_A,"(0, 1, 0)",2026-07-30,8.58517,8.51268,8.430981851350325,8.594378148649675,2026-07-31,8.63089,8.51268,8.397141370158856,8.628218629841143,2026-08-01,8.59216,8.51268,8.371174655654448,8.654185344345551,2026-08-04,8.65757,8.51268,8.34928370270065,8.67607629729935,2026-08-05,8.77043,8.51268,8.329997385983443,8.695362614016556,8.58517,8.51268,0.0,0.0
TJS_RUB,2026-07-30,8.58517,test,SET_A,"(0, 1, 0)",2026-07-31,8.63089,8.58517,8.503471851350325,8.666868148649675,2026-08-01,8.59216,8.58517,8.469631370158856,8.700708629841143,2026-08-04,8.65757,8.58517,8.443664655654448,8.726675344345551,2026-08-05,8.77043,8.58517,8.42177370270065,8.74856629729935,2026-08-06,8.76114,8.58517,8.402487385983443,8.767852614016556,8.59216,8.58517,0.0,0.0
TJS_RUB,2026-07-31,8.63089,test,SET_A,"(0, 1, 0)",2026-08-01,8.59216,8.63089,8.549191851350326,8.712588148649676,2026-08-04,8.65757,8.63089,8.515351370158857,8.746428629841144,2026-08-05,8.77043,8.63089,8.48938465565445,8.772395344345552,2026-08-06,8.76114,8.63089,8.46749370270065,8.794286297299351,2026-08-07,8.80312,8.63089,8.448207385983444,8.813572614016557,8.59216,8.63089,0.00448737036389075,0.0
TJS_RUB,2026-08-01,8.59216,test,SET_A,"(0, 1, 0)",2026-08-04,8.65757,8.59216,8.510461851350325,8.673858148649675,2026-08-05,8.77043,8.59216,8.476621370158856,8.707698629841143,2026-08-06,8.76114,8.59216,8.450654655654448,8.733665344345551,2026-08-07,8.80312,8.59216,8.42876370270065,8.75555629729935,2026-08-08,8.88517,8.59216,8.409477385983443,8.774842614016556,8.65757,8.59216,0.0,0.0
TJS_RUB,2026-08-04,8.65757,test,SET_A,"(0, 1, 0)",2026-08-05,8.77043,8.65757,8.575871851350325,8.739268148649675,2026-08-06,8.76114,8.65757,8.542031370158856,8.773108629841143,2026-08-07,8.80312,8.65757,8.516064655654448,8.799075344345551,2026-08-08,8.88517,8.65757,8.49417370270065,8.82096629729935,2026-08-11,8.9271,8.65757,8.474887385983443,8.840252614016556,8.76114,8.65757,0.0,0.0
TJS_RUB,2026-08-05,8.77043,test,SET_A,"(0, 1, 0)",2026-08-06,8.76114,8.77043,8.688731851350324,8.852128148649674,2026-08-07,8.80312,8.77043,8.654891370158856,8.885968629841143,2026-08-08,8.88517,8.77043,8.628924655654448,8.911935344345551,2026-08-11,8.9271,8.77043,8.60703370270065,8.93382629729935,2026-08-12,8.90205,8.77043,8.587747385983443,8.953112614016556,8.76114,8.77043,0.0010592411090448268,0.0
TJS_RUB,2026-08-06,8.76114,test,SET_A,"(0, 1, 0)",2026-08-07,8.80312,8.761139999999997,8.679441851350322,8.842838148649673,2026-08-08,8.88517,8.761139999999997,8.645601370158854,8.876678629841141,2026-08-11,8.9271,8.761139999999997,8.619634655654446,8.902645344345549,2026-08-12,8.90205,8.761139999999997,8.597743702700647,8.924536297299348,2026-08-13,8.96991,8.761139999999997,8.578457385983441,8.943822614016554,8.80312,8.761139999999997,0.0,2.0275407531442832e-16
TJS_RUB,2026-08-07,8.80312,test,SET_A,"(0, 1, 0)",2026-08-08,8.88517,8.80312,8.721421851350325,8.884818148649675,2026-08-11,8.9271,8.80312,8.687581370158856,8.918658629841143,2026-08-12,8.90205,8.80312,8.661614655654448,8.944625344345551,2026-08-13,8.96991,8.80312,8.63972370270065,8.96651629729935,2026-08-14,9.04757,8.80312,8.620437385983443,8.985802614016556,8.88517,8.80312,0.0,0.0
TJS_RUB,2026-08-08,8.88517,test,SET_A,"(0, 1, 0)",2026-08-11,8.9271,8.88517,8.803471851350325,8.966868148649676,2026-08-12,8.90205,8.88517,8.769631370158857,9.000708629841144,2026-08-13,8.96991,8.88517,8.743664655654449,9.026675344345552,2026-08-14,9.04757,8.88517,8.72177370270065,9.04856629729935,2026-08-15,9.12736,8.88517,8.702487385983444,9.067852614016557,8.90205,8.88517,0.0,0.0
TJS_RUB,2026-08-11,8.9271,test,SET_A,"(0, 1, 0)",2026-08-12,8.90205,8.9271,8.845401851350324,9.008798148649674,2026-08-13,8.96991,8.9271,8.811561370158856,9.042638629841143,2026-08-14,9.04757,8.9271,8.785594655654448,9.068605344345551,2026-08-15,9.12736,8.9271,8.76370370270065,9.09049629729935,2026-08-18,9.18143,8.9271,8.744417385983443,9.109782614016556,8.90205,8.9271,0.002806062439089989,0.0
TJS_RUB,2026-08-12,8.90205,test,SET_A,"(0, 1, 0)",2026-08-13,8.96991,8.90205,8.820351851350324,8.983748148649674,2026-08-14,9.04757,8.90205,8.786511370158856,9.017588629841143,2026-08-15,9.12736,8.90205,8.760544655654448,9.04355534434555,2026-08-18,9.18143,8.90205,8.738653702700649,9.06544629729935,2026-08-19,9.19991,8.90205,8.719367385983443,9.084732614016556,8.96991,8.90205,0.0,0.0
TJS_RUB,2026-08-13,8.96991,test,SET_A,"(0, 1, 0)",2026-08-14,9.04757,8.96991,8.888211851350325,9.051608148649676,2026-08-15,9.12736,8.96991,8.854371370158857,9.085448629841144,2026-08-18,9.18143,8.96991,8.828404655654449,9.111415344345552,2026-08-19,9.19991,8.96991,8.80651370270065,9.13330629729935,2026-08-20,9.19611,8.96991,8.787227385983444,9.152592614016557,9.04757,8.96991,0.0,0.0
TJS_RUB,2026-08-14,9.04757,test,SET_A,"(0, 1, 0)",2026-08-15,9.12736,9.04757,8.965871851350325,9.129268148649675,2026-08-18,9.18143,9.04757,8.932031370158857,9.163108629841144,2026-08-19,9.19991,9.04757,8.906064655654449,9.189075344345552,2026-08-20,9.19611,9.04757,8.88417370270065,9.21096629729935,2026-08-21,9.00931,9.04757,8.864887385983444,9.230252614016557,9.00931,9.04757,0.004228759766434642,0.0
TJS_RUB,2026-08-15,9.12736,test,SET_A,"(0, 1, 0)",2026-08-18,9.18143,9.12736,9.045661851350324,9.209058148649675,2026-08-19,9.19991,9.12736,9.011821370158856,9.242898629841143,2026-08-20,9.19611,9.12736,8.985854655654448,9.268865344345551,2026-08-21,9.00931,9.12736,8.96396370270065,9.29075629729935,2026-08-22,8.97026,9.12736,8.944677385983443,9.310042614016556,8.97026,9.12736,0.017211986817655907,0.0
TJS_RUB,2026-08-18,9.18143,test,SET_A,"(0, 1, 0)",2026-08-19,9.19991,9.18143,9.099731851350326,9.263128148649676,2026-08-20,9.19611,9.18143,9.065891370158857,9.296968629841144,2026-08-21,9.00931,9.18143,9.039924655654449,9.322935344345552,2026-08-22,8.97026,9.18143,9.01803370270065,9.34482629729935,2026-08-25,9.00214,9.18143,8.998747385983444,9.364112614016557,8.97026,9.18143,0.022999685234217433,0.0
TJS_RUB,2026-08-19,9.19991,test,SET_A,"(0, 1, 0)",2026-08-20,9.19611,9.19991,9.118211851350324,9.281608148649674,2026-08-21,9.00931,9.19991,9.084371370158856,9.315448629841143,2026-08-22,8.97026,9.19991,9.058404655654448,9.34141534434555,2026-08-25,9.00214,9.19991,9.036513702700649,9.36330629729935,2026-08-26,9.12922,9.19991,9.017227385983443,9.382592614016556,8.97026,9.19991,0.024962200717180874,0.0
TJS_RUB,2026-08-20,9.19611,test,SET_A,"(0, 1, 0)",2026-08-21,9.00931,9.19611,9.114411851350324,9.277808148649674,2026-08-22,8.97026,9.19611,9.080571370158856,9.311648629841143,2026-08-25,9.00214,9.19611,9.054604655654447,9.33761534434555,2026-08-26,9.12922,9.19611,9.032713702700649,9.35950629729935,2026-08-27,9.11265,9.19611,9.013427385983443,9.378792614016556,8.97026,9.19611,0.02455929735507725,0.0
UZS_RUB,2025-07-12,0.00616459,test,SET_A,"(0, 1, 0)",2025-07-15,0.00621259,0.00616459,0.006088167208387082,0.006241012791612918,2025-07-16,0.00613887,0.00616459,0.0060565118516266,0.006272668148373401,2025-07-17,0.00610094,0.00616459,0.006032221842070178,0.006296958157929822,2025-07-18,0.00612819,0.00616459,0.006011744416774165,0.006317435583225835,2025-07-19,0.00618674,0.00616459,0.005993703442923216,0.0063354765570767845,0.00610094,0.00616459,0.0103250986683624,0.0
UZS_RUB,2025-07-15,0.00621259,test,SET_A,"(0, 1, 0)",2025-07-16,0.00613887,0.00621259,0.0061361672083870816,0.006289012791612918,2025-07-17,0.00610094,0.00621259,0.006104511851626599,0.0063206681483734,2025-07-18,0.00612819,0.00621259,0.006080221842070178,0.0063449581579298215,2025-07-19,0.00618674,0.00621259,0.006059744416774164,0.006365435583225835,2025-07-22,0.00622723,0.00621259,0.006041703442923215,0.006383476557076784,0.00610094,0.00621259,0.01797157063318191,0.0
UZS_RUB,2025-07-16,0.00613887,test,SET_A,"(0, 1, 0)",2025-07-17,0.00610094,0.00613887,0.006062447208387082,0.006215292791612918,2025-07-18,0.00612819,0.00613887,0.0060307918516266,0.006246948148373401,2025-07-19,0.00618674,0.00613887,0.006006501842070178,0.006271238157929822,2025-07-22,0.00622723,0.00613887,0.005986024416774165,0.0062917155832258355,2025-07-23,0.00619575,0.00613887,0.005967983442923216,0.006309756557076785,0.00610094,0.00613887,0.006178661545202985,0.0
UZS_RUB,2025-07-17,0.00610094,test,SET_A,"(0, 1, 0)",2025-07-18,0.00612819,0.00610094,0.006024517208387082,0.006177362791612918,2025-07-19,0.00618674,0.00610094,0.0059928618516265995,0.0062090181483734005,2025-07-22,0.00622723,0.00610094,0.005968571842070178,0.006233308157929822,2025-07-23,0.00619575,0.00610094,0.005948094416774165,0.006253785583225835,2025-07-24,0.00617503,0.00610094,0.005930053442923216,0.006271826557076784,0.00612819,0.00610094,0.0,0.0
UZS_RUB,2025-07-18,0.00612819,test,SET_A,"(0, 1, 0)",2025-07-19,0.00618674,0.00612819,0.006051767208387083,0.0062046127916129176,2025-07-22,0.00622723,0.00612819,0.0060201118516266,0.006236268148373401,2025-07-23,0.00619575,0.00612819,0.0059958218420701785,0.006260558157929822,2025-07-24,0.00617503,0.00612819,0.005975344416774165,0.006281035583225836,2025-07-25,0.00617921,0.00612819,0.005957303442923216,0.006299076557076785,0.00617503,0.00612819,0.0,0.0
UZS_RUB,2025-07-19,0.00618674,test,SET_A,"(0, 1, 0)",2025-07-22,0.00622723,0.00618674,0.006110317208387082,0.006263162791612917,2025-07-23,0.00619575,0.00618674,0.006078661851626599,0.0062948181483734,2025-07-24,0.00617503,0.00618674,0.006054371842070178,0.0063191081579298215,2025-07-25,0.00617921,0.00618674,0.006033894416774164,0.006339585583225835,2025-07-26,0.00628702,0.00618674,0.006015853442923215,0.006357626557076784,0.00617503,0.00618674,0.0018927577367078374,0.0
UZS_RUB,2025-07-22,0.00622723,test,SET_A,"(0, 1, 0)",2025-07-23,0.00619575,0.00622723,0.006150807208387083,0.0063036527916129174,2025-07-24,0.00617503,0.00622723,0.0061191518516266,0.006335308148373401,2025-07-25,0.00617921,0.00622723,0.006094861842070178,0.006359598157929822,2025-07-26,0.00628702,0.00622723,0.006074384416774165,0.0063800755832258355,2025-07-29,0.0063249,0.00622723,0.006056343442923216,0.006398116557076785,0.00617503,0.00622723,0.008382539267057827,0.0
UZS_RUB,2025-07-23,0.00619575,test,SET_A,"(0, 1, 0)",2025-07-24,0.00617503,0.00619575,0.006119327208387083,0.006272172791612917,2025-07-25,0.00617921,0.00619575,0.006087671851626599,0.0063038281483734,2025-07-26,0.00628702,0.00619575,0.006063381842070178,0.006328118157929822,2025-07-29,0.0063249,0.00619575,0.006042904416774165,0.006348595583225835,2025-07-30,0.00657004,0.00619575,0.0060248634429232156,0.006366636557076784,0.00617503,0.00619575,0.003344227898156012,0.0
UZS_RUB,2025-07-24,0.00617503,test,SET_A,"(0, 1, 0)",2025-07-25,0.00617921,0.00617503,0.006098607208387083,0.006251452791612917,2025-07-26,0.00628702,0.00617503,0.006066951851626599,0.0062831081483734,2025-07-29,0.0063249,0.00617503,0.006042661842070178,0.006307398157929822,2025-07-30,0.00657004,0.00617503,0.0060221844167741645,0.006327875583225835,2025-07-31,0.00654677,0.00617503,0.0060041434429232154,0.006345916557076784,0.00617921,0.00617503,0.0,0.0
UZS_RUB,2025-07-25,0.00617921,test,SET_A,"(0, 1, 0)",2025-07-26,0.00628702,0.00617921,0.006102787208387082,0.006255632791612918,2025-07-29,0.0063249,0.00617921,0.0060711318516265995,0.006287288148373401,2025-07-30,0.00657004,0.00617921,0.006046841842070178,0.006311578157929822,2025-07-31,0.00654677,0.00617921,0.006026364416774165,0.006332055583225835,2025-08-01,0.00637858,0.00617921,0.006008323442923216,0.006350096557076784,0.00628702,0.00617921,0.0,0.0
UZS_RUB,2025-07-26,0.00628702,test,SET_A,"(0, 1, 0)",2025-07-29,0.0063249,0.00628702,0.006210597208387082,0.006363442791612918,2025-07-30,0.00657004,0.00628702,0.006178941851626599,0.0063950981483734005,2025-07-31,0.00654677,0.00628702,0.006154651842070178,0.006419388157929822,2025-08-01,0.00637858,0.00628702,0.006134174416774165,0.006439865583225835,2025-08-02,0.00632889,0.00628702,0.006116133442923216,0.006457906557076784,0.0063249,0.00628702,0.0,0.0
UZS_RUB,2025-07-29,0.0063249,test,SET_A,"(0, 1, 0)",2025-07-30,0.00657004,0.0063249,0.0062484772083870824,0.006401322791612917,2025-07-31,0.00654677,0.0063249,0.006216821851626599,0.0064329781483734,2025-08-01,0.00637858,0.0063249,0.006192531842070178,0.0064572681579298215,2025-08-02,0.00632889,0.0063249,0.006172054416774164,0.006477745583225835,2025-08-05,0.00626111,0.0063249,0.006154013442923215,0.006495786557076784,0.00626111,0.0063249,0.010085534949169053,0.0
UZS_RUB,2025-07-30,0.00657004,test,SET_A,"(0, 1, 0)",2025-07-31,0.00654677,0.00657004,0.006493617208387082,0.006646462791612918,2025-08-01,0.00637858,0.00657004,0.0064619618516265995,0.006678118148373401,2025-08-02,0.00632889,0.00657004,0.006437671842070178,0.006702408157929822,2025-08-05,0.00626111,0.00657004,0.006417194416774165,0.006722885583225835,2025-08-06,0.00634238,0.00657004,0.006399153442923216,0.006740926557076784,0.00626111,0.00657004,0.047021022703058094,0.0
UZS_RUB,2025-07-31,0.00654677,test,SET_A,"(0, 1, 0)",2025-08-01,0.00637858,0.00654677,0.006470347208387083,0.0066231927916129175,2025-08-02,0.00632889,0.00654677,0.0064386918516266,0.006654848148373401,2025-08-05,0.00626111,0.00654677,0.0064144018420701785,0.006679138157929822,2025-08-06,0.00634238,0.00654677,0.006393924416774165,0.006699615583225836,2025-08-07,0.00640256,0.00654677,0.006375883442923216,0.006717656557076785,0.00626111,0.00654677,0.04363373083215082,0.0
UZS_RUB,2025-08-01,0.00637858,test,SET_A,"(0, 1, 0)",2025-08-02,0.00632889,0.00637858,0.006302157208387083,0.006455002791612917,2025-08-05,0.00626111,0.00637858,0.0062705018516265995,0.0064866581483734006,2025-08-06,0.00634238,0.00637858,0.006246211842070178,0.006510948157929822,2025-08-07,0.00640256,0.00637858,0.006225734416774165,0.006531425583225835,2025-08-08,0.00634926,0.00637858,0.006207693442923216,0.006549466557076784,0.00626111,0.00637858,0.0184163246365178,0.0
UZS_RUB,2025-08-02,0.00632889,test,SET_A,"(0, 1, 0)",2025-08-05,0.00626111,0.00632889,0.006252467208387083,0.006405312791612917,2025-08-06,0.00634238,0.00632889,0.0062208118516266,0.006436968148373401,2025-08-07,0.00640256,0.00632889,0.006196521842070178,0.006461258157929822,2025-08-08,0.00634926,0.00632889,0.006176044416774165,0.0064817355832258354,2025-08-09,0.00633485,0.00632889,0.006158003442923216,0.0064997765570767845,0.00626111,0.00632889,0.010709618906316894,0.0
UZS_RUB,2025-08-05,0.00626111,test,SET_A,"(0, 1, 0)",2025-08-06,0.00634238,0.00626111,0.006184687208387083,0.0063375327916129175,2025-08-07,0.00640256,0.00626111,0.0061530318516266,0.006369188148373401,2025-08-08,0.00634926,0.00626111,0.006128741842070178,0.006393478157929822,2025-08-09,0.00633485,0.00626111,0.006108264416774165,0.0064139555832258355,2025-08-12,0.00628651,0.00626111,0.006090223442923216,0.006431996557076785,0.00628651,0.00626111,0.0,0.0
UZS_RUB,2025-08-06,0.00634238,test,SET_A,"(0, 1, 0)",2025-08-07,0.00640256,0.00634238,0.006265957208387083,0.006418802791612917,2025-08-08,0.00634926,0.00634238,0.006234301851626599,0.0064504581483734,2025-08-09,0.00633485,0.00634238,0.006210011842070178,0.006474748157929822,2025-08-12,0.00628651,0.00634238,0.006189534416774165,0.006495225583225835,2025-08-13,0.00634436,0.00634238,0.006171493442923216,0.006513266557076784,0.00628651,0.00634238,0.008808995992040769,0.0
UZS_RUB,2025-08-07,0.00640256,test,SET_A,"(0, 1, 0)",2025-08-08,0.00634926,0.00640256,0.006326137208387083,0.006478982791612917,2025-08-09,0.00633485,0.00640256,0.006294481851626599,0.0065106381483734,2025-08-12,0.00628651,0.00640256,0.006270191842070178,0.006534928157929822,2025-08-13,0.00634436,0.00640256,0.006249714416774165,0.006555405583225835,2025-08-14,0.00636325,0.00640256,0.0062316734429232155,0.006573446557076784,0.00628651,0.00640256,0.018125562275089883,0.0
UZS_RUB,2025-08-08,0.00634926,test,SET_A,"(0, 1, 0)",2025-08-09,0.00633485,0.00634926,0.006272837208387082,0.006425682791612918,2025-08-12,0.00628651,0.00634926,0.006241181851626599,0.0064573381483734,2025-08-13,0.00634436,0.00634926,0.006216891842070178,0.006481628157929822,2025-08-14,0.00636325,0.00634926,0.006196414416774165,0.006502105583225835,2025-08-15,0.00638237,0.00634926,0.0061783734429232155,0.006520146557076784,0.00628651,0.00634926,0.009883041488299335,0.0
UZS_RUB,2025-08-09,0.00633485,test,SET_A,"(0, 1, 0)",2025-08-12,0.00628651,0.00633485,0.006258427208387082,0.006411272791612918,2025-08-13,0.00634436,0.00633485,0.0062267718516266,0.006442928148373401,2025-08-14,0.00636325,0.00633485,0.0062024818420701785,0.006467218157929822,2025-08-15,0.00638237,0.00633485,0.006182004416774165,0.006487695583225836,2025-08-16,0.00636009,0.00633485,0.006163963442923216,0.006505736557076785,0.00628651,0.00633485,0.007630804202151592,0.0
UZS_RUB,2025-08-12,0.00628651,test,SET_A,"(0, 1, 0)",2025-08-13,0.00634436,0.00628651,0.006210087208387083,0.0063629327916129175,2025-08-14,0.00636325,0.00628651,0.0061784318516266,0.006394588148373401,2025-08-15,0.00638237,0.00628651,0.0061541418420701785,0.006418878157929822,2025-08-16,0.00636009,0.00628651,0.006133664416774165,0.006439355583225836,2025-08-19,0.00640975,0.00628651,0.006115623442923216,0.006457396557076785,0.00634436,0.00628651,0.0,0.0
UZS_RUB,2025-08-13,0.00634436,test,SET_A,"(0, 1, 0)",2025-08-14,0.00636325,0.00634436,0.006267937208387083,0.0064207827916129175,2025-08-15,0.00638237,0.00634436,0.0062362818516266,0.006452438148373401,2025-08-16,0.00636009,0.00634436,0.006211991842070178,0.006476728157929822,2025-08-19,0.00640975,0.00634436,0.006191514416774165,0.0064972055832258355,2025-08-20,0.00642917,0.00634436,0.006173473442923216,0.006515246557076785,0.00636009,0.00634436,0.0,0.0
UZS_RUB,2025-08-14,0.00636325,test,SET_A,"(0, 1, 0)",2025-08-15,0.00638237,0.00636325,0.006286827208387082,0.006439672791612918,2025-08-16,0.00636009,0.00636325,0.0062551718516265994,0.0064713281483734005,2025-08-19,0.00640975,0.00636325,0.006230881842070178,0.006495618157929822,2025-08-20,0.00642917,0.00636325,0.006210404416774165,0.006516095583225835,2025-08-21,0.00639561,0.00636325,0.006192363442923216,0.006534136557076784,0.00636009,0.00636325,0.0004966015793816549,0.0
UZS_RUB,2025-08-15,0.00638237,test,SET_A,"(0, 1, 0)",2025-08-16,0.00636009,0.00638237,0.006305947208387083,0.006458792791612917,2025-08-19,0.00640975,0.00638237,0.0062742918516265995,0.006490448148373401,2025-08-20,0.00642917,0.00638237,0.006250001842070178,0.006514738157929822,2025-08-21,0.00639561,0.00638237,0.006229524416774165,0.006535215583225835,2025-08-22,0.00643767,0.00638237,0.006211483442923216,0.006553256557076784,0.00636009,0.00638237,0.0034908662456110177,0.0
UZS_RUB,2025-08-16,0.00636009,test,SET_A,"(0, 1, 0)",2025-08-19,0.00640975,0.00636009,0.006283667208387082,0.006436512791612918,2025-08-20,0.00642917,0.00636009,0.006252011851626599,0.0064681681483734,2025-08-21,0.00639561,0.00636009,0.006227721842070178,0.0064924581579298216,2025-08-22,0.00643767,0.00636009,0.0062072444167741644,0.006512935583225835,2025-08-23,0.00650485,0.00636009,0.006189203442923215,0.006530976557076784,0.00639561,0.00636009,0.0,0.0
UZS_RUB,2025-08-19,0.00640975,test,SET_A,"(0, 1, 0)",2025-08-20,0.00642917,0.00640975,0.006333327208387082,0.006486172791612918,2025-08-21,0.00639561,0.00640975,0.006301671851626599,0.0065178281483734,2025-08-22,0.00643767,0.00640975,0.006277381842070178,0.0065421181579298215,2025-08-23,0.00650485,0.00640975,0.006256904416774164,0.006562595583225835,2025-08-26,0.00652939,0.00640975,0.006238863442923215,0.006580636557076784,0.00639561,0.00640975,0.0022060142751276247,0.0
UZS_RUB,2025-08-20,0.00642917,test,SET_A,"(0, 1, 0)",2025-08-21,0.00639561,0.00642917,0.0063527472083870825,0.006505592791612917,2025-08-22,0.00643767,0.00642917,0.006321091851626599,0.0065372481483734,2025-08-23,0.00650485,0.00642917,0.006296801842070178,0.006561538157929822,2025-08-26,0.00652939,0.00642917,0.0062763244167741645,0.006582015583225835,2025-08-27,0.00654381,0.00642917,0.006258283442923215,0.006600056557076784,0.00639561,0.00642917,0.005219958408316986,0.0
UZS_RUB,2025-08-21,0.00639561,test,SET_A,"(0, 1, 0)",2025-08-22,0.00643767,0.00639561,0.006319187208387082,0.006472032791612918,2025-08-23,0.00650485,0.00639561,0.0062875318516266,0.006503688148373401,2025-08-26,0.00652939,0.00639561,0.0062632418420701785,0.006527978157929822,2025-08-27,0.00654381,0.00639561,0.006242764416774165,0.006548455583225836,2025-08-28,0.00651108,0.00639561,0.006224723442923216,0.006566496557076785,0.00643767,0.00639561,0.0,0.0
UZS_RUB,2025-08-22,0.00643767,test,SET_A,"(0, 1, 0)",2025-08-23,0.00650485,0.00643767,0.006361247208387082,0.006514092791612918,2025-08-26,0.00652939,0.00643767,0.0063295918516266,0.006545748148373401,2025-08-27,0.00654381,0.00643767,0.0063053018420701785,0.006570038157929822,2025-08-28,0.00651108,0.00643767,0.006284824416774165,0.006590515583225836,2025-08-29,0.00646837,0.00643767,0.006266783442923216,0.006608556557076785,0.00646837,0.00643767,0.0,0.0
UZS_RUB,2025-08-23,0.00650485,test,SET_A,"(0, 1, 0)",2025-08-26,0.00652939,0.00650485,0.006428427208387082,0.0065812727916129184,2025-08-27,0.00654381,0.00650485,0.0063967718516266,0.006612928148373401,2025-08-28,0.00651108,0.00650485,0.0063724818420701785,0.006637218157929822,2025-08-29,0.00646837,0.00650485,0.006352004416774165,0.006657695583225836,2025-08-30,0.0064356,0.00650485,0.006333963442923216,0.006675736557076785,0.0064356,0.00650485,0.01064590267262131,0.0
UZS_RUB,2025-08-26,0.00652939,test,SET_A,"(0, 1, 0)",2025-08-27,0.00654381,0.00652939,0.006452967208387082,0.006605812791612918,2025-08-28,0.00651108,0.00652939,0.0064213118516266,0.006637468148373401,2025-08-29,0.00646837,0.00652939,0.0063970218420701785,0.006661758157929822,2025-08-30,0.0064356,0.00652939,0.006376544416774165,0.006682235583225836,2025-09-02,0.00644317,0.00652939,0.006358503442923216,0.006700276557076785,0.0064356,0.00652939,0.014364282115174726,0.0
UZS_RUB,2025-08-27,0.00654381,test,SET_A,"(0, 1, 0)",2025-08-28,0.00651108,0.006543810000000001,0.006467387208387083,0.006620232791612918,2025-08-29,0.00646837,0.006543810000000001,0.0064357318516266,0.006651888148373401,2025-08-30,0.0064356,0.006543810000000001,0.006411441842070179,0.0066761781579298225,2025-09-02,0.00644317,0.006543810000000001,0.006390964416774165,0.006696655583225836,2025-09-03,0.00646791,0.006543810000000001,0.006372923442923216,0.006714696557076785,0.0064356,0.006543810000000001,0.016536238063146712,0.0
UZS_RUB,2025-08-28,0.00651108,test,SET_A,"(0, 1, 0)",2025-08-29,0.00646837,0.00651108,0.006434657208387082,0.006587502791612918,2025-08-30,0.0064356,0.00651108,0.006403001851626599,0.0066191581483734,2025-09-02,0.00644317,0.00651108,0.006378711842070178,0.006643448157929822,2025-09-03,0.00646791,0.00651108,0.006358234416774165,0.006663925583225835,2025-09-04,0.00650805,0.00651108,0.0063401934429232155,0.006681966557076784,0.0064356,0.00651108,0.011592546858585698,0.0
UZS_RUB,2025-08-29,0.00646837,test,SET_A,"(0, 1, 0)",2025-08-30,0.0064356,0.00646837,0.006391947208387082,0.006544792791612918,2025-09-02,0.00644317,0.00646837,0.0063602918516266,0.006576448148373401,2025-09-03,0.00646791,0.00646837,0.006336001842070178,0.006600738157929822,2025-09-04,0.00650805,0.00646837,0.006315524416774165,0.006621215583225835,2025-09-05,0.00656975,0.00646837,0.006297483442923216,0.0066392565570767845,0.0064356,0.00646837,0.005066191327954422,0.0
UZS_RUB,2025-08-30,0.0064356,test,SET_A,"(0, 1, 0)",2025-09-02,0.00644317,0.0064356,0.0063591772083870825,0.006512022791612917,2025-09-03,0.00646791,0.0064356,0.006327521851626599,0.0065436781483734,2025-09-04,0.00650805,0.0064356,0.006303231842070178,0.0065679681579298215,2025-09-05,0.00656975,0.0064356,0.006282754416774164,0.006588445583225835,2025-09-06,0.00655742,0.0064356,0.006264713442923215,0.006606486557076784,0.00644317,0.0064356,0.0,0.0
UZS_RUB,2025-09-02,0.00644317,test,SET_A,"(0, 1, 0)",2025-09-03,0.00646791,0.00644317,0.006366747208387083,0.006519592791612917,2025-09-04,0.00650805,0.00644317,0.006335091851626599,0.0065512481483734,2025-09-05,0.00656975,0.00644317,0.006310801842070178,0.006575538157929822,2025-09-06,0.00655742,0.00644317,0.006290324416774165,0.006596015583225835,2025-09-09,0.00657624,0.00644317,0.0062722834429232155,0.006614056557076784,0.00646791,0.00644317,0.0,0.0
UZS_RUB,2025-09-03,0.00646791,test,SET_A,"(0, 1, 0)",2025-09-04,0.00650805,0.00646791,0.006391487208387083,0.0065443327916129175,2025-09-05,0.00656975,0.00646791,0.0063598318516266,0.006575988148373401,2025-09-06,0.00655742,0.00646791,0.006335541842070178,0.006600278157929822,2025-09-09,0.00657624,0.00646791,0.006315064416774165,0.0066207555832258356,2025-09-10,0.00669184,0.00646791,0.006297023442923216,0.006638796557076785,0.00650805,0.00646791,0.0,0.0
UZS_RUB,2025-09-04,0.00650805,test,SET_A,"(0, 1, 0)",2025-09-05,0.00656975,0.00650805,0.006431627208387082,0.006584472791612917,2025-09-06,0.00655742,0.00650805,0.006399971851626599,0.0066161281483734,2025-09-09,0.00657624,0.00650805,0.006375681842070178,0.0066404181579298215,2025-09-10,0.00669184,0.00650805,0.006355204416774164,0.006660895583225835,2025-09-11,0.00687334,0.00650805,0.006337163442923215,0.006678936557076784,0.00655742,0.00650805,0.0,0.0
UZS_RUB,2025-09-05,0.00656975,test,SET_A,"(0, 1, 0)",2025-09-06,0.00655742,0.00656975,0.006493327208387082,0.006646172791612918,2025-09-09,0.00657624,0.00656975,0.0064616718516265995,0.006677828148373401,2025-09-10,0.00669184,0.00656975,0.006437381842070178,0.006702118157929822,2025-09-11,0.00687334,0.00656975,0.006416904416774165,0.006722595583225835,2025-09-12,0.00693032,0.00656975,0.006398863442923216,0.006740636557076784,0.00655742,0.00656975,0.001876783743673732,0.0
UZS_RUB,2025-09-06,0.00655742,test,SET_A,"(0, 1, 0)",2025-09-09,0.00657624,0.00655742,0.006480997208387082,0.006633842791612917,2025-09-10,0.00669184,0.00655742,0.006449341851626599,0.0066654981483734,2025-09-11,0.00687334,0.00655742,0.006425051842070178,0.0066897881579298215,2025-09-12,0.00693032,0.00655742,0.006404574416774164,0.006710265583225835,2025-09-13,0.00677894,0.00655742,0.006386533442923215,0.006728306557076784,0.00657624,0.00655742,0.0,0.0
UZS_RUB,2025-09-09,0.00657624,test,SET_A,"(0, 1, 0)",2025-09-10,0.00669184,0.00657624,0.006499817208387082,0.006652662791612918,2025-09-11,0.00687334,0.00657624,0.006468161851626599,0.0066843181483734,2025-09-12,0.00693032,0.00657624,0.006443871842070178,0.006708608157929822,2025-09-13,0.00677894,0.00657624,0.0064233944167741645,0.006729085583225835,2025-09-16,0.00668487,0.00657624,0.006405353442923215,0.006747126557076784,0.00668487,0.00657624,0.0,0.0
UZS_RUB,2025-09-10,0.00669184,test,SET_A,"(0, 1, 0)",2025-09-11,0.00687334,0.00669184,0.006615417208387082,0.006768262791612918,2025-09-12,0.00693032,0.00669184,0.0065837618516266,0.006799918148373401,2025-09-13,0.00677894,0.00669184,0.006559471842070178,0.006824208157929822,2025-09-16,0.00668487,0.00669184,0.006538994416774165,0.006844685583225835,2025-09-17,0.00671029,0.00669184,0.006520953442923216,0.006862726557076784,0.00668487,0.00669184,0.0010415670428462484,0.0
UZS_RUB,2025-09-11,0.00687334,test,SET_A,"(0, 1, 0)",2025-09-12,0.00693032,0.00687334,0.006796917208387083,0.0069497627916129175,2025-09-13,0.00677894,0.00687334,0.0067652618516266,0.006981418148373401,2025-09-16,0.00668487,0.00687334,0.0067409718420701785,0.007005708157929822,2025-09-17,0.00671029,0.00687334,0.006720494416774165,0.007026185583225836,2025-09-18,0.00675601,0.00687334,0.006702453442923216,0.007044226557076785,0.00668487,0.00687334,0.027420438971446266,0.0
UZS_RUB,2025-09-12,0.00693032,test,SET_A,"(0, 1, 0)",2025-09-13,0.00677894,0.00693032,0.006853897208387083,0.007006742791612917,2025-09-16,0.00668487,0.00693032,0.0068222418516266,0.007038398148373401,2025-09-17,0.00671029,0.00693032,0.006797951842070178,0.007062688157929822,2025-09-18,0.00675601,0.00693032,0.006777474416774165,0.0070831655832258355,2025-09-19,0.00678723,0.00693032,0.006759433442923216,0.0071012065570767845,0.00668487,0.00693032,0.03541683500906168,0.0
UZS_RUB,2025-09-13,0.00677894,test,SET_A,"(0, 1, 0)",2025-09-16,0.00668487,0.00677894,0.006702517208387082,0.006855362791612918,2025-09-17,0.00671029,0.00677894,0.006670861851626599,0.0068870181483734,2025-09-18,0.00675601,0.00677894,0.006646571842070178,0.006911308157929822,2025-09-19,0.00678723,0.00677894,0.006626094416774165,0.006931785583225835,2025-09-20,0.00678785,0.00677894,0.0066080534429232155,0.006949826557076784,0.00668487,0.00677894,0.01387680079776483,0.0
UZS_RUB,2025-09-16,0.00668487,test,SET_A,"(0, 1, 0)",2025-09-17,0.00671029,0.00668487,0.006608447208387082,0.006761292791612918,2025-09-18,0.00675601,0.00668487,0.006576791851626599,0.0067929481483734,2025-09-19,0.00678723,0.00668487,0.006552501842070178,0.006817238157929822,2025-09-20,0.00678785,0.00668487,0.006532024416774165,0.006837715583225835,2025-09-23,0.0068032,0.00668487,0.0065139834429232156,0.006855756557076784,0.00671029,0.00668487,0.0,0.0
UZS_RUB,2025-09-17,0.00671029,test,SET_A,"(0, 1, 0)",2025-09-18,0.00675601,0.00671029,0.006633867208387082,0.006786712791612918,2025-09-19,0.00678723,0.00671029,0.006602211851626599,0.0068183681483734,2025-09-20,0.00678785,0.00671029,0.006577921842070178,0.006842658157929822,2025-09-23,0.0068032,0.00671029,0.006557444416774165,0.006863135583225835,2025-09-24,0.00680017,0.00671029,0.0065394034429232155,0.006881176557076784,0.00675601,0.00671029,0.0,0.0
UZS_RUB,2025-09-18,0.00675601,test,SET_A,"(0, 1, 0)",2025-09-19,0.00678723,0.00675601,0.006679587208387083,0.006832432791612917,2025-09-20,0.00678785,0.00675601,0.006647931851626599,0.0068640881483734,2025-09-23,0.0068032,0.00675601,0.006623641842070178,0.006888378157929822,2025-09-24,0.00680017,0.00675601,0.006603164416774165,0.006908855583225835,2025-09-25,0.00690093,0.00675601,0.0065851234429232155,0.006926896557076784,0.00678723,0.00675601,0.0,0.0
UZS_RUB,2025-09-19,0.00678723,test,SET_A,"(0, 1, 0)",2025-09-20,0.00678785,0.00678723,0.006710807208387083,0.006863652791612917,2025-09-23,0.0068032,0.00678723,0.0066791518516265995,0.0068953081483734005,2025-09-24,0.00680017,0.00678723,0.006654861842070178,0.006919598157929822,2025-09-25,0.00690093,0.00678723,0.006634384416774165,0.006940075583225835,2025-09-26,0.00684232,0.00678723,0.006616343442923216,0.006958116557076784,0.00678785,0.00678723,0.0,0.0
UZS_RUB,2025-09-20,0.00678785,test,SET_A,"(0, 1, 0)",2025-09-23,0.0068032,0.00678785,0.006711427208387083,0.006864272791612917,2025-09-24,0.00680017,0.00678785,0.006679771851626599,0.0068959281483734,2025-09-25,0.00690093,0.00678785,0.006655481842070178,0.006920218157929822,2025-09-26,0.00684232,0.00678785,0.0066350044167741646,0.006940695583225835,2025-09-27,0.00685359,0.00678785,0.0066169634429232155,0.006958736557076784,0.00680017,0.00678785,0.0,0.0
UZS_RUB,2025-09-23,0.0068032,test,SET_A,"(0, 1, 0)",2025-09-24,0.00680017,0.0068032,0.006726777208387082,0.006879622791612918,2025-09-25,0.00690093,0.0068032,0.006695121851626599,0.0069112781483734,2025-09-26,0.00684232,0.0068032,0.006670831842070178,0.006935568157929822,2025-09-27,0.00685359,0.0068032,0.0066503544167741645,0.006956045583225835,2025-09-30,0.00682674,0.0068032,0.006632313442923215,0.006974086557076784,0.00680017,0.0068032,0.0004453786453432727,0.0
UZS_RUB,2025-09-24,0.00680017,test,SET_A,"(0, 1, 0)",2025-09-25,0.00690093,0.00680017,0.006723747208387082,0.006876592791612918,2025-09-26,0.00684232,0.00680017,0.0066920918516266,0.006908248148373401,2025-09-27,0.00685359,0.00680017,0.0066678018420701785,0.006932538157929822,2025-09-30,0.00682674,0.00680017,0.006647324416774165,0.006953015583225836,2025-10-01,0.00684538,0.00680017,0.006629283442923216,0.006971056557076785,0.00682674,0.00680017,0.0,0.0
UZS_RUB,2025-09-25,0.00690093,test,SET_A,"(0, 1, 0)",2025-09-26,0.00684232,0.00690093,0.006824507208387082,0.0069773527916129185,2025-09-27,0.00685359,0.00690093,0.0067928518516266,0.007009008148373401,2025-09-30,0.00682674,0.00690093,0.0067685618420701785,0.007033298157929822,2025-10-01,0.00684538,0.00690093,0.006748084416774165,0.007053775583225836,2025-10-02,0.00675326,0.00690093,0.006730043442923216,0.007071816557076785,0.00675326,0.00690093,0.021398565120933088,0.0
UZS_RUB,2025-09-26,0.00684232,test,SET_A,"(0, 1, 0)",2025-09-27,0.00685359,0.00684232,0.006765897208387082,0.006918742791612918,2025-09-30,0.00682674,0.00684232,0.006734241851626599,0.0069503981483734,2025-10-01,0.00684538,0.00684232,0.006709951842070178,0.006974688157929822,2025-10-02,0.00675326,0.00684232,0.006689474416774165,0.006995165583225835,2025-10-03,0.00670373,0.00684232,0.0066714334429232155,0.007013206557076784,0.00670373,0.00684232,0.02025482584854261,0.0
UZS_RUB,2025-09-27,0.00685359,test,SET_A,"(0, 1, 0)",2025-09-30,0.00682674,0.00685359,0.0067771672083870825,0.006930012791612917,2025-10-01,0.00684538,0.00685359,0.006745511851626599,0.0069616681483734,2025-10-02,0.00675326,0.00685359,0.006721221842070178,0.006985958157929822,2025-10-03,0.00670373,0.00685359,0.0067007444167741645,0.007006435583225835,2025-10-04,0.0067685,0.00685359,0.006682703442923215,0.007024476557076784,0.00670373,0.00685359,0.021865912609304018,0.0
UZS_RUB,2025-09-30,0.00682674,test,SET_A,"(0, 1, 0)",2025-10-01,0.00684538,0.00682674,0.006750317208387082,0.0069031627916129185,2025-10-02,0.00675326,0.00682674,0.0067186618516266,0.006934818148373401,2025-10-03,0.00670373,0.00682674,0.0066943718420701785,0.006959108157929822,2025-10-04,0.0067685,0.00682674,0.006673894416774165,0.006979585583225836,2025-10-07,0.00688198,0.00682674,0.006655853442923216,0.006997626557076785,0.00670373,0.00682674,0.018018849406891232,0.0
UZS_RUB,2025-10-01,0.00684538,test,SET_A,"(0, 1, 0)",2025-10-02,0.00675326,0.00684538,0.006768957208387083,0.006921802791612917,2025-10-03,0.00670373,0.00684538,0.006737301851626599,0.0069534581483734,2025-10-04,0.0067685,0.00684538,0.006713011842070178,0.006977748157929822,2025-10-07,0.00688198,0.00684538,0.006692534416774165,0.006998225583225835,2025-10-08,0.0068149,0.00684538,0.0066744934429232156,0.007016266557076784,0.00670373,0.00684538,0.020692788420803538,0.0
UZS_RUB,2025-10-02,0.00675326,test,SET_A,"(0, 1, 0)",2025-10-03,0.00670373,0.00675326,0.006676837208387082,0.006829682791612918,2025-10-04,0.0067685,0.00675326,0.006645181851626599,0.0068613381483734,2025-10-07,0.00688198,0.00675326,0.006620891842070178,0.0068856281579298215,2025-10-08,0.0068149,0.00675326,0.006600414416774164,0.006906105583225835,2025-10-09,0.00677382,0.00675326,0.006582373442923215,0.006924146557076784,0.00670373,0.00675326,0.007334235613614741,0.0
UZS_RUB,2025-10-03,0.00670373,test,SET_A,"(0, 1, 0)",2025-10-04,0.0067685,0.00670373,0.006627307208387083,0.006780152791612917,2025-10-07,0.00688198,0.00670373,0.006595651851626599,0.0068118081483734,2025-10-08,0.0068149,0.00670373,0.006571361842070178,0.006836098157929822,2025-10-09,0.00677382,0.00670373,0.0065508844167741645,0.006856575583225835,2025-10-10,0.00674371,0.00670373,0.0065328434429232154,0.006874616557076784,0.00674371,0.00670373,0.0,0.0
UZS_RUB,2025-10-04,0.0067685,test,SET_A,"(0, 1, 0)",2025-10-07,0.00688198,0.0067685,0.006692077208387083,0.006844922791612917,2025-10-08,0.0068149,0.0067685,0.0066604218516266,0.006876578148373401,2025-10-09,0.00677382,0.0067685,0.006636131842070178,0.006900868157929822,2025-10-10,0.00674371,0.0067685,0.006615654416774165,0.0069213455832258354,2025-10-11,0.00669696,0.0067685,0.006597613442923216,0.0069393865570767845,0.00669696,0.0067685,0.010569550121888179,0.0
UZS_RUB,2025-10-07,0.00688198,test,SET_A,"(0, 1, 0)",2025-10-08,0.0068149,0.00688198,0.006805557208387082,0.006958402791612918,2025-10-09,0.00677382,0.00688198,0.0067739018516266,0.006990058148373401,2025-10-10,0.00674371,0.00688198,0.006749611842070178,0.007014348157929822,2025-10-11,0.00669696,0.00688198,0.006729134416774165,0.0070348255832258354,2025-10-14,0.0066597,0.00688198,0.006711093442923216,0.0070528665570767845,0.0066597,0.00688198,0.03229884422796928,0.0
UZS_RUB,2025-10-08,0.0068149,test,SET_A,"(0, 1, 0)",2025-10-09,0.00677382,0.0068149,0.0067384772083870816,0.006891322791612918,2025-10-10,0.00674371,0.0068149,0.006706821851626599,0.0069229781483734,2025-10-11,0.00669696,0.0068149,0.006682531842070178,0.0069472681579298215,2025-10-14,0.0066597,0.0068149,0.006662054416774164,0.006967745583225835,2025-10-15,0.00658122,0.0068149,0.006644013442923215,0.006985786557076784,0.00658122,0.0068149,0.03428957138035775,0.0
UZS_RUB,2025-10-09,0.00677382,test,SET_A,"(0, 1, 0)",2025-10-10,0.00674371,0.00677382,0.006697397208387083,0.006850242791612917,2025-10-11,0.00669696,0.00677382,0.006665741851626599,0.0068818981483734,2025-10-14,0.0066597,0.00677382,0.006641451842070178,0.006906188157929822,2025-10-15,0.00658122,0.00677382,0.006620974416774165,0.006926665583225835,2025-10-16,0.00647011,0.00677382,0.0066029334429232155,0.006944706557076784,0.00647011,0.00677382,0.04483585332943591,0.0
UZS_RUB,2025-10-10,0.00674371,test,SET_A,"(0, 1, 0)",2025-10-11,0.00669696,0.00674371,0.006667287208387083,0.006820132791612917,2025-10-14,0.0066597,0.00674371,0.0066356318516265994,0.0068517881483734005,2025-10-15,0.00658122,0.00674371,0.006611341842070178,0.006876078157929822,2025-10-16,0.00647011,0.00674371,0.006590864416774165,0.006896555583225835,2025-10-17,0.00646445,0.00674371,0.006572823442923216,0.006914596557076784,0.00646445,0.00674371,0.04141044024728227,0.0
UZS_RUB,2025-10-11,0.00669696,test,SET_A,"(0, 1, 0)",2025-10-14,0.0066597,0.00669696,0.006620537208387083,0.006773382791612917,2025-10-15,0.00658122,0.00669696,0.0065888818516265995,0.006805038148373401,2025-10-16,0.00647011,0.00669696,0.006564591842070178,0.006829328157929822,2025-10-17,0.00646445,0.00669696,0.006544114416774165,0.006849805583225835,2025-10-18,0.00665928,0.00669696,0.006526073442923216,0.006867846557076784,0.00646445,0.00669696,0.03471873805428135,0.0
UZS_RUB,2025-10-14,0.0066597,test,SET_A,"(0, 1, 0)",2025-10-15,0.00658122,0.0066597,0.006583277208387082,0.006736122791612918,2025-10-16,0.00647011,0.0066597,0.0065516218516266,0.006767778148373401,2025-10-17,0.00646445,0.0066597,0.006527331842070178,0.006792068157929822,2025-10-18,0.00665928,0.0066597,0.006506854416774165,0.006812545583225835,2025-10-21,0.00671924,0.0066597,0.006488813442923216,0.0068305865570767845,0.00646445,0.0066597,0.02931813745363907,0.0
UZS_RUB,2025-10-15,0.00658122,test,SET_A,"(0, 1, 0)",2025-10-16,0.00647011,0.00658122,0.0065047972083870816,0.006657642791612918,2025-10-17,0.00646445,0.00658122,0.006473141851626599,0.0066892981483734,2025-10-18,0.00665928,0.00658122,0.006448851842070178,0.0067135881579298215,2025-10-21,0.00671924,0.00658122,0.006428374416774164,0.006734065583225835,2025-10-22,0.00674515,0.00658122,0.006410333442923215,0.006752106557076784,0.00646445,0.00658122,0.017742910888862484,0.0
UZS_RUB,2025-10-16,0.00647011,test,SET_A,"(0, 1, 0)",2025-10-17,0.00646445,0.00647011,0.006393687208387082,0.006546532791612918,2025-10-18,0.00665928,0.00647011,0.0063620318516266,0.006578188148373401,2025-10-21,0.00671924,0.00647011,0.006337741842070178,0.006602478157929822,2025-10-22,0.00674515,0.00647011,0.006317264416774165,0.0066229555832258355,2025-10-23,0.00679833,0.00647011,0.006299223442923216,0.006640996557076785,0.00646445,0.00647011,0.0008747919278034242,0.0
UZS_RUB,2025-10-17,0.00646445,test,SET_A,"(0, 1, 0)",2025-10-18,0.00665928,0.00646445,0.006388027208387083,0.006540872791612917,2025-10-21,0.00671924,0.00646445,0.0063563718516265995,0.006572528148373401,2025-10-22,0.00674515,0.00646445,0.006332081842070178,0.006596818157929822,2025-10-23,0.00679833,0.00646445,0.006311604416774165,0.006617295583225835,2025-10-24,0.00671573,0.00646445,0.006293563442923216,0.006635336557076784,0.00665928,0.00646445,0.0,0.0
UZS_RUB,2025-10-18,0.00665928,test,SET_A,"(0, 1, 0)",2025-10-21,0.00671924,0.00665928,0.006582857208387083,0.006735702791612917,2025-10-22,0.00674515,0.00665928,0.0065512018516265995,0.006767358148373401,2025-10-23,0.00679833,0.00665928,0.006526911842070178,0.006791648157929822,2025-10-24,0.00671573,0.00665928,0.006506434416774165,0.006812125583225835,2025-10-25,0.00667566,0.00665928,0.006488393442923216,0.006830166557076784,0.00667566,0.00665928,0.0,0.0
UZS_RUB,2025-10-21,0.00671924,test,SET_A,"(0, 1, 0)",2025-10-22,0.00674515,0.00671924,0.006642817208387082,0.006795662791612917,2025-10-23,0.00679833,0.00671924,0.006611161851626599,0.0068273181483734,2025-10-24,0.00671573,0.00671924,0.006586871842070178,0.0068516081579298215,2025-10-25,0.00667566,0.00671924,0.006566394416774164,0.006872085583225835,2025-10-28,0.00651832,0.00671924,0.006548353442923215,0.006890126557076784,0.00651832,0.00671924,0.029902191319256255,0.0
UZS_RUB,2025-10-22,0.00674515,test,SET_A,"(0, 1, 0)",2025-10-23,0.00679833,0.00674515,0.006668727208387083,0.006821572791612917,2025-10-24,0.00671573,0.00674515,0.0066370718516265996,0.006853228148373401,2025-10-25,0.00667566,0.00674515,0.006612781842070178,0.006877518157929822,2025-10-28,0.00651832,0.00674515,0.006592304416774165,0.006897995583225835,2025-10-29,0.00662195,0.00674515,0.006574263442923216,0.006916036557076784,0.00651832,0.00674515,0.03362860722148505,0.0
UZS_RUB,2025-10-23,0.00679833,test,SET_A,"(0, 1, 0)",2025-10-24,0.00671573,0.00679833,0.006721907208387083,0.006874752791612917,2025-10-25,0.00667566,0.00679833,0.0066902518516265995,0.0069064081483734005,2025-10-28,0.00651832,0.00679833,0.006665961842070178,0.006930698157929822,2025-10-29,0.00662195,0.00679833,0.006645484416774165,0.006951175583225835,2025-10-30,0.00662016,0.00679833,0.006627443442923216,0.006969216557076784,0.00651832,0.00679833,0.041188056478576325,0.0
UZS_RUB,2025-10-24,0.00671573,test,SET_A,"(0, 1, 0)",2025-10-25,0.00667566,0.00671573,0.0066393072083870824,0.006792152791612917,2025-10-28,0.00651832,0.00671573,0.006607651851626599,0.0068238081483734,2025-10-29,0.00662195,0.00671573,0.006583361842070178,0.0068480981579298215,2025-10-30,0.00662016,0.00671573,0.006562884416774164,0.006868575583225835,2025-10-31,0.00671394,0.00671573,0.006544843442923215,0.006886616557076784,0.00651832,0.00671573,0.029395166273807827,0.0
UZS_RUB,2025-10-25,0.00667566,test,SET_A,"(0, 1, 0)",2025-10-28,0.00651832,0.00667566,0.006599237208387083,0.006752082791612917,2025-10-29,0.00662195,0.00667566,0.006567581851626599,0.0067837381483734005,2025-10-30,0.00662016,0.00667566,0.006543291842070178,0.006808028157929822,2025-10-31,0.00671394,0.00667566,0.006522814416774165,0.006828505583225835,2025-11-01,0.0067533,0.00667566,0.006504773442923216,0.006846546557076784,0.00651832,0.00667566,0.023569205142263048,0.0
UZS_RUB,2025-10-28,0.00651832,test,SET_A,"(0, 1, 0)",2025-10-29,0.00662195,0.00651832,0.006441897208387082,0.006594742791612918,2025-10-30,0.00662016,0.00651832,0.0064102418516266,0.006626398148373401,2025-10-31,0.00671394,0.00651832,0.006385951842070178,0.006650688157929822,2025-11-01,0.0067533,0.00651832,0.006365474416774165,0.006671165583225835,2025-11-02,0.00672637,0.00651832,0.006347433442923216,0.0066892065570767845,0.00662016,0.00651832,0.0,0.0
UZS_RUB,2025-10-29,0.00662195,test,SET_A,"(0, 1, 0)",2025-10-30,0.00662016,0.00662195,0.0065455272083870825,0.006698372791612917,2025-10-31,0.00671394,0.00662195,0.006513871851626599,0.0067300281483734,2025-11-01,0.0067533,0.00662195,0.006489581842070178,0.006754318157929822,2025-11-02,0.00672637,0.00662195,0.0064691044167741645,0.006774795583225835,2025-11-06,0.00679366,0.00662195,0.006451063442923215,0.006792836557076784,0.00662016,0.00662195,0.00027031312528783485,0.0
UZS_RUB,2025-10-30,0.00662016,test,SET_A,"(0, 1, 0)",2025-10-31,0.00671394,0.00662016,0.006543737208387083,0.006696582791612917,2025-11-01,0.0067533,0.00662016,0.006512081851626599,0.0067282381483734005,2025-11-02,0.00672637,0.00662016,0.006487791842070178,0.006752528157929822,2025-11-06,0.00679366,0.00662016,0.006467314416774165,0.006773005583225835,2025-11-07,0.00679799,0.00662016,0.006449273442923216,0.006791046557076784,0.00671394,0.00662016,0.0,0.0
UZS_RUB,2025-10-31,0.00671394,test,SET_A,"(0, 1, 0)",2025-11-01,0.0067533,0.00671394,0.006637517208387083,0.006790362791612917,2025-11-02,0.00672637,0.00671394,0.006605861851626599,0.0068220181483734,2025-11-06,0.00679366,0.00671394,0.006581571842070178,0.006846308157929822,2025-11-07,0.00679799,0.00671394,0.006561094416774165,0.006866785583225835,2025-11-08,0.0067559,0.00671394,0.0065430534429232155,0.006884826557076784,0.00672637,0.00671394,0.0,0.0
UZS_RUB,2025-11-01,0.0067533,test,SET_A,"(0, 1, 0)",2025-11-02,0.00672637,0.0067533,0.006676877208387083,0.0068297227916129175,2025-11-06,0.00679366,0.0067533,0.0066452218516266,0.006861378148373401,2025-11-07,0.00679799,0.0067533,0.006620931842070178,0.006885668157929822,2025-11-08,0.0067559,0.0067533,0.006600454416774165,0.0069061455832258355,2025-11-11,0.00671736,0.0067533,0.006582413442923216,0.006924186557076785,0.00671736,0.0067533,0.005321842654702135,0.0
UZS_RUB,2025-11-02,0.00672637,test,SET_A,"(0, 1, 0)",2025-11-06,0.00679366,0.00672637,0.006649947208387082,0.006802792791612918,2025-11-07,0.00679799,0.00672637,0.006618291851626599,0.0068344481483734,2025-11-08,0.0067559,0.00672637,0.006594001842070178,0.006858738157929822,2025-11-11,0.00671736,0.00672637,0.0065735244167741645,0.006879215583225835,2025-11-12,0.00677125,0.00672637,0.0065554834429232154,0.006897256557076784,0.00671736,0.00672637,0.0013395040712894772,0.0
UZS_RUB,2025-11-06,0.00679366,test,SET_A,"(0, 1, 0)",2025-11-07,0.00679799,0.00679366,0.006717237208387083,0.006870082791612917,2025-11-08,0.0067559,0.00679366,0.0066855818516265994,0.0069017381483734005,2025-11-11,0.00671736,0.00679366,0.006661291842070178,0.006926028157929822,2025-11-12,0.00677125,0.00679366,0.006640814416774165,0.006946505583225835,2025-11-13,0.00677942,0.00679366,0.006622773442923216,0.006964546557076784,0.00671736,0.00679366,0.011231059546694953,0.0
UZS_RUB,2025-11-07,0.00679799,test,SET_A,"(0, 1, 0)",2025-11-08,0.0067559,0.00679799,0.006721567208387083,0.0068744127916129175,2025-11-11,0.00671736,0.00679799,0.0066899118516266,0.006906068148373401,2025-11-12,0.00677125,0.00679799,0.006665621842070178,0.006930358157929822,2025-11-13,0.00677942,0.00679799,0.006645144416774165,0.0069508355832258355,2025-11-14,0.00673226,0.00679799,0.006627103442923216,0.006968876557076785,0.00671736,0.00679799,0.011860858871519366,0.0
UZS_RUB,2025-11-08,0.0067559,test,SET_A,"(0, 1, 0)",2025-11-11,0.00671736,0.0067559,0.0066794772083870815,0.006832322791612918,2025-11-12,0.00677125,0.0067559,0.006647821851626599,0.0068639781483734,2025-11-13,0.00677942,0.0067559,0.006623531842070178,0.0068882681579298215,2025-11-14,0.00673226,0.0067559,0.006603054416774164,0.006908745583225835,2025-11-15,0.00676904,0.0067559,0.006585013442923215,0.006926786557076784,0.00671736,0.0067559,0.005704643348776512,0.0
UZS_RUB,2025-11-11,0.00671736,test,SET_A,"(0, 1, 0)",2025-11-12,0.00677125,0.00671736,0.006640937208387083,0.0067937827916129175,2025-11-13,0.00677942,0.00671736,0.0066092818516266,0.006825438148373401,2025-11-14,0.00673226,0.00671736,0.0065849918420701785,0.006849728157929822,2025-11-15,0.00676904,0.00671736,0.006564514416774165,0.006870205583225836,2025-11-18,0.00673861,0.00671736,0.006546473442923216,0.006888246557076785,0.00673226,0.00671736,0.0,0.0
UZS_RUB,2025-11-12,0.00677125,test,SET_A,"(0, 1, 0)",2025-11-13,0.00677942,0.00677125,0.006694827208387082,0.006847672791612918,2025-11-14,0.00673226,0.00677125,0.0066631718516266,0.006879328148373401,2025-11-15,0.00676904,0.00677125,0.0066388818420701785,0.006903618157929822,2025-11-18,0.00673861,0.00677125,0.006618404416774165,0.006924095583225836,2025-11-19,0.00674898,0.00677125,0.006600363442923216,0.006942136557076785,0.00673226,0.00677125,0.005758168728078277,0.0
UZS_RUB,2025-11-13,0.00677942,test,SET_A,"(0, 1, 0)",2025-11-14,0.00673226,0.00677942,0.006702997208387082,0.0068558427916129185,2025-11-15,0.00676904,0.00677942,0.0066713418516266,0.006887498148373401,2025-11-18,0.00673861,0.00677942,0.0066470518420701785,0.006911788157929822,2025-11-19,0.00674898,0.00677942,0.006626574416774165,0.006932265583225836,2025-11-20,0.0067789,0.00677942,0.006608533442923216,0.006950306557076785,0.00673226,0.00677942,0.006956347298146461,0.0
UZS_RUB,2025-11-14,0.00673226,test,SET_A,"(0, 1, 0)",2025-11-15,0.00676904,0.00673226,0.006655837208387083,0.0068086827916129175,2025-11-18,0.00673861,0.00673226,0.0066241818516266,0.006840338148373401,2025-11-19,0.00674898,0.00673226,0.0065998918420701784,0.006864628157929822,2025-11-20,0.0067789,0.00673226,0.006579414416774165,0.0068851055832258356,2025-11-21,0.00677798,0.00673226,0.006561373442923216,0.006903146557076785,0.00673861,0.00673226,0.0,0.0
UZS_RUB,2025-11-15,0.00676904,test,SET_A,"(0, 1, 0)",2025-11-18,0.00673861,0.00676904,0.0066926172083870816,0.006845462791612918,2025-11-19,0.00674898,0.00676904,0.006660961851626599,0.0068771181483734,2025-11-20,0.0067789,0.00676904,0.006636671842070178,0.0069014081579298215,2025-11-21,0.00677798,0.00676904,0.006616194416774164,0.006921885583225835,2025-11-22,0.00663255,0.00676904,0.006598153442923215,0.006939926557076784,0.00663255,0.00676904,0.020163863708886273,0.0
UZS_RUB,2025-11-18,0.00673861,test,SET_A,"(0, 1, 0)",2025-11-19,0.00674898,0.00673861,0.006662187208387082,0.006815032791612918,2025-11-20,0.0067789,0.00673861,0.006630531851626599,0.0068466881483734005,2025-11-21,0.00677798,0.00673861,0.006606241842070178,0.006870978157929822,2025-11-22,0.00663255,0.00673861,0.006585764416774165,0.006891455583225835,2025-11-25,0.0065924,0.00673861,0.006567723442923216,0.006909496557076784,0.0065924,0.00673861,0.02169735301493927,0.0
UZS_RUB,2025-11-19,0.00674898,test,SET_A,"(0, 1, 0)",2025-11-20,0.0067789,0.00674898,0.006672557208387083,0.006825402791612917,2025-11-21,0.00677798,0.00674898,0.006640901851626599,0.0068570581483734004,2025-11-22,0.00663255,0.00674898,0.006616611842070178,0.006881348157929822,2025-11-25,0.0065924,0.00674898,0.006596134416774165,0.006901825583225835,2025-11-26,0.00658654,0.00674898,0.006578093442923216,0.006919866557076784,0.00658654,0.00674898,0.024068822251658743,0.0
UZS_RUB,2025-11-20,0.0067789,test,SET_A,"(0, 1, 0)",2025-11-21,0.00677798,0.0067789,0.006702477208387082,0.006855322791612918,2025-11-22,0.00663255,0.0067789,0.0066708218516265995,0.006886978148373401,2025-11-25,0.0065924,0.0067789,0.006646531842070178,0.006911268157929822,2025-11-26,0.00658654,0.0067789,0.006626054416774165,0.006931745583225835,2025-11-27,0.00658414,0.0067789,0.006608013442923216,0.006949786557076784,0.00658414,0.0067789,0.02873032497897895,0.0
UZS_RUB,2025-11-21,0.00677798,test,SET_A,"(0, 1, 0)",2025-11-22,0.00663255,0.00677798,0.006701557208387082,0.006854402791612918,2025-11-25,0.0065924,0.00677798,0.0066699018516266,0.006886058148373401,2025-11-26,0.00658654,0.00677798,0.006645611842070178,0.006910348157929822,2025-11-27,0.00658414,0.00677798,0.006625134416774165,0.0069308255832258355,2025-11-28,0.00658584,0.00677798,0.006607093442923216,0.006948866557076785,0.00658414,0.00677798,0.028598490995842517,0.0
UZS_RUB,2025-11-22,0.00663255,test,SET_A,"(0, 1, 0)",2025-11-25,0.0065924,0.00663255,0.006556127208387082,0.006708972791612918,2025-11-26,0.00658654,0.00663255,0.0065244718516265995,0.006740628148373401,2025-11-27,0.00658414,0.00663255,0.006500181842070178,0.006764918157929822,2025-11-28,0.00658584,0.00663255,0.006479704416774165,0.006785395583225835,2025-11-29,0.00657254,0.00663255,0.006461663442923216,0.006803436557076784,0.00657254,0.00663255,0.009047802127386918,0.0
UZS_RUB,2025-11-25,0.0065924,test,SET_A,"(0, 1, 0)",2025-11-26,0.00658654,0.0065924,0.006515977208387083,0.006668822791612917,2025-11-27,0.00658414,0.0065924,0.0064843218516265995,0.0067004781483734005,2025-11-28,0.00658584,0.0065924,0.006460031842070178,0.006724768157929822,2025-11-29,0.00657254,0.0065924,0.006439554416774165,0.006745245583225835,2025-12-02,0.00650725,0.0065924,0.006421513442923216,0.006763286557076784,0.00650725,0.0065924,0.012916388568654812,0.0
UZS_RUB,2025-11-26,0.00658654,test,SET_A,"(0, 1, 0)",2025-11-27,0.00658414,0.00658654,0.006510117208387083,0.006662962791612917,2025-11-28,0.00658584,0.00658654,0.0064784618516265996,0.006694618148373401,2025-11-29,0.00657254,0.00658654,0.006454171842070178,0.006718908157929822,2025-12-02,0.00650725,0.00658654,0.006433694416774165,0.006739385583225835,2025-12-03,0.00651193,0.00658654,0.006415653442923216,0.006757426557076784,0.00650725,0.00658654,0.012038186969182619,0.0
UZS_RUB,2025-11-27,0.00658414,test,SET_A,"(0, 1, 0)",2025-11-28,0.00658584,0.00658414,0.0065077172083870816,0.006660562791612918,2025-11-29,0.00657254,0.00658414,0.006476061851626599,0.0066922181483734,2025-12-02,0.00650725,0.00658414,0.006451771842070178,0.0067165081579298215,2025-12-03,0.00651193,0.00658414,0.006431294416774164,0.006736985583225835,2025-12-04,0.00656141,0.00658414,0.006413253442923215,0.006755026557076784,0.00650725,0.00658414,0.011678062738641585,0.0
UZS_RUB,2025-11-28,0.00658584,test,SET_A,"(0, 1, 0)",2025-11-29,0.00657254,0.00658584,0.006509417208387082,0.006662262791612918,2025-12-02,0.00650725,0.00658584,0.006477761851626599,0.0066939181483734005,2025-12-03,0.00651193,0.00658584,0.006453471842070178,0.006718208157929822,2025-12-04,0.00656141,0.00658584,0.006432994416774165,0.006738685583225835,2025-12-05,0.00646141,0.00658584,0.006414953442923216,0.006756726557076784,0.00646141,0.00658584,0.018893565589203506,0.0
UZS_RUB,2025-11-29,0.00657254,test,SET_A,"(0, 1, 0)",2025-12-02,0.00650725,0.00657254,0.006496117208387083,0.006648962791612917,2025-12-03,0.00651193,0.00657254,0.0064644618516265994,0.0066806181483734005,2025-12-04,0.00656141,0.00657254,0.006440171842070178,0.006704908157929822,2025-12-05,0.00646141,0.00657254,0.006419694416774165,0.006725385583225835,2025-12-06,0.00636063,0.00657254,0.006401653442923216,0.006743426557076784,0.00636063,0.00657254,0.03224172085677684,0.0
UZS_RUB,2025-12-02,0.00650725,test,SET_A,"(0, 1, 0)",2025-12-03,0.00651193,0.00650725,0.006430827208387082,0.006583672791612918,2025-12-04,0.00656141,0.00650725,0.0063991718516265995,0.0066153281483734006,2025-12-05,0.00646141,0.00650725,0.006374881842070178,0.006639618157929822,2025-12-06,0.00636063,0.00650725,0.006354404416774165,0.006660095583225835,2025-12-09,0.00645923,0.00650725,0.006336363442923216,0.006678136557076784,0.00636063,0.00650725,0.022531791463367794,0.0
UZS_RUB,2025-12-03,0.00651193,test,SET_A,"(0, 1, 0)",2025-12-04,0.00656141,0.00651193,0.006435507208387082,0.006588352791612918,2025-12-05,0.00646141,0.00651193,0.0064038518516265994,0.0066200081483734005,2025-12-06,0.00636063,0.00651193,0.006379561842070178,0.006644298157929822,2025-12-09,0.00645923,0.00651193,0.006359084416774165,0.006664775583225835,2025-12-10,0.00640599,0.00651193,0.006341043442923216,0.006682816557076784,0.00636063,0.00651193,0.02323427923825963,0.0
UZS_RUB,2025-12-04,0.00656141,test,SET_A,"(0, 1, 0)",2025-12-05,0.00646141,0.00656141,0.006484987208387083,0.006637832791612917,2025-12-06,0.00636063,0.00656141,0.0064533318516266,0.006669488148373401,2025-12-09,0.00645923,0.00656141,0.006429041842070178,0.006693778157929822,2025-12-10,0.00640599,0.00656141,0.006408564416774165,0.006714255583225835,2025-12-11,0.00648993,0.00656141,0.006390523442923216,0.0067322965570767845,0.00636063,0.00656141,0.030600130154951485,0.0
UZS_RUB,2025-12-05,0.00646141,test,SET_A,"(0, 1, 0)",2025-12-06,0.00636063,0.00646141,0.006384987208387082,0.006537832791612918,2025-12-09,0.00645923,0.00646141,0.006353331851626599,0.0065694881483734004,2025-12-10,0.00640599,0.00646141,0.006329041842070178,0.006593778157929822,2025-12-11,0.00648993,0.00646141,0.006308564416774165,0.006614255583225835,2025-12-12,0.00660015,0.00646141,0.006290523442923216,0.006632296557076784,0.00636063,0.00646141,0.015597214849390454,0.0
UZS_RUB,2025-12-06,0.00636063,test,SET_A,"(0, 1, 0)",2025-12-09,0.00645923,0.00636063,0.006284207208387082,0.006437052791612918,2025-12-10,0.00640599,0.00636063,0.006252551851626599,0.0064687081483734005,2025-12-11,0.00648993,0.00636063,0.006228261842070178,0.006492998157929822,2025-12-12,0.00660015,0.00636063,0.006207784416774165,0.006513475583225835,2025-12-13,0.00661796,0.00636063,0.006189743442923216,0.006531516557076784,0.00640599,0.00636063,0.0,0.0
UZS_RUB,2025-12-09,0.00645923,test,SET_A,"(0, 1, 0)",2025-12-10,0.00640599,0.00645923,0.006382807208387083,0.006535652791612917,2025-12-11,0.00648993,0.00645923,0.006351151851626599,0.0065673081483734,2025-12-12,0.00660015,0.00645923,0.006326861842070178,0.006591598157929822,2025-12-13,0.00661796,0.00645923,0.006306384416774165,0.006612075583225835,2025-12-16,0.0065672,0.00645923,0.0062883434429232155,0.006630116557076784,0.00640599,0.00645923,0.008242468529530539,0.0
UZS_RUB,2025-12-10,0.00640599,test,SET_A,"(0, 1, 0)",2025-12-11,0.00648993,0.00640599,0.006329567208387083,0.0064824127916129175,2025-12-12,0.00660015,0.00640599,0.0062979118516266,0.006514068148373401,2025-12-13,0.00661796,0.00640599,0.006273621842070178,0.006538358157929822,2025-12-16,0.0065672,0.00640599,0.006253144416774165,0.0065588355832258355,2025-12-17,0.00656146,0.00640599,0.006235103442923216,0.006576876557076785,0.00648993,0.00640599,0.0,0.0
UZS_RUB,2025-12-11,0.00648993,test,SET_A,"(0, 1, 0)",2025-12-12,0.00660015,0.00648993,0.0064135072083870825,0.006566352791612917,2025-12-13,0.00661796,0.00648993,0.006381851851626599,0.0065980081483734,2025-12-16,0.0065672,0.00648993,0.006357561842070178,0.0066222981579298216,2025-12-17,0.00656146,0.00648993,0.006337084416774164,0.006642775583225835,2025-12-18,0.00666519,0.00648993,0.006319043442923215,0.006660816557076784,0.00656146,0.00648993,0.0,0.0
UZS_RUB,2025-12-12,0.00660015,test,SET_A,"(0, 1, 0)",2025-12-13,0.00661796,0.00660015,0.006523727208387082,0.006676572791612918,2025-12-16,0.0065672,0.00660015,0.006492071851626599,0.0067082281483734005,2025-12-17,0.00656146,0.00660015,0.006467781842070178,0.006732518157929822,2025-12-18,0.00666519,0.00660015,0.006447304416774165,0.006752995583225835,2025-12-19,0.00665719,0.00660015,0.006429263442923216,0.006771036557076784,0.00656146,0.00660015,0.005861987985121562,0.0
UZS_RUB,2025-12-13,0.00661796,test,SET_A,"(0, 1, 0)",2025-12-16,0.0065672,0.00661796,0.006541537208387082,0.006694382791612918,2025-12-17,0.00656146,0.00661796,0.0065098818516265994,0.0067260381483734005,2025-12-18,0.00666519,0.00661796,0.006485591842070178,0.006750328157929822,2025-12-19,0.00665719,0.00661796,0.006465114416774165,0.006770805583225835,2025-12-20,0.006729,0.00661796,0.006447073442923216,0.006788846557076784,0.00656146,0.00661796,0.008537374054844714,0.0
UZS_RUB,2025-12-16,0.0065672,test,SET_A,"(0, 1, 0)",2025-12-17,0.00656146,0.0065672,0.0064907772083870816,0.006643622791612918,2025-12-18,0.00666519,0.0065672,0.006459121851626599,0.0066752781483734,2025-12-19,0.00665719,0.0065672,0.006434831842070178,0.0066995681579298215,2025-12-20,0.006729,0.0065672,0.006414354416774164,0.006720045583225835,2025-12-23,0.00661168,0.0065672,0.006396313442923215,0.006738086557076784,0.00656146,0.0065672,0.0008740406870507582,0.0
UZS_RUB,2025-12-17,0.00656146,test,SET_A,"(0, 1, 0)",2025-12-18,0.00666519,0.00656146,0.006485037208387083,0.006637882791612917,2025-12-19,0.00665719,0.00656146,0.006453381851626599,0.0066695381483734,2025-12-20,0.006729,0.00656146,0.006429091842070178,0.006693828157929822,2025-12-23,0.00661168,0.00656146,0.006408614416774165,0.006714305583225835,2025-12-24,0.00652032,0.00656146,0.0063905734429232156,0.006732346557076784,0.00652032,0.00656146,0.006269946018111865,0.0
UZS_RUB,2025-12-18,0.00666519,test,SET_A,"(0, 1, 0)",2025-12-19,0.00665719,0.00666519,0.0065887672083870825,0.006741612791612917,2025-12-20,0.006729,0.00666519,0.006557111851626599,0.0067732681483734,2025-12-23,0.00661168,0.00666519,0.006532821842070178,0.0067975581579298215,2025-12-24,0.00652032,0.00666519,0.006512344416774164,0.006818035583225835,2025-12-25,0.00649978,0.00666519,0.006494303442923215,0.006836076557076784,0.00649978,0.00666519,0.02481699696482764,0.0
UZS_RUB,2025-12-19,0.00665719,test,SET_A,"(0, 1, 0)",2025-12-20,0.006729,0.00665719,0.006580767208387083,0.0067336127916129175,2025-12-23,0.00661168,0.00665719,0.0065491118516266,0.006765268148373401,2025-12-24,0.00652032,0.00665719,0.0065248218420701784,0.006789558157929822,2025-12-25,0.00649978,0.00665719,0.006504344416774165,0.0068100355832258356,2025-12-26,0.0064482,0.00665719,0.006486303442923216,0.006828076557076785,0.0064482,0.00665719,0.031393125327653267,0.0
UZS_RUB,2025-12-20,0.006729,test,SET_A,"(0, 1, 0)",2025-12-23,0.00661168,0.006729,0.006652577208387082,0.006805422791612918,2025-12-24,0.00652032,0.006729,0.006620921851626599,0.0068370781483734,2025-12-25,0.00649978,0.006729,0.006596631842070178,0.006861368157929822,2025-12-26,0.0064482,0.006729,0.0065761544167741645,0.006881845583225835,2025-12-27,0.00644358,0.006729,0.006558113442923215,0.006899886557076784,0.00644358,0.006729,0.04241640659830581,0.0
UZS_RUB,2025-12-23,0.00661168,test,SET_A,"(0, 1, 0)",2025-12-24,0.00652032,0.00661168,0.006535257208387083,0.006688102791612917,2025-12-25,0.00649978,0.00661168,0.0065036018516265994,0.0067197581483734005,2025-12-26,0.0064482,0.00661168,0.006479311842070178,0.006744048157929822,2025-12-27,0.00644358,0.00661168,0.006458834416774165,0.006764525583225835,2025-12-30,0.00644029,0.00661168,0.006440793442923216,0.006782566557076784,0.00644029,0.00661168,0.025922307189700584,0.0
UZS_RUB,2025-12-24,0.00652032,test,SET_A,"(0, 1, 0)",2025-12-25,0.00649978,0.00652032,0.006443897208387082,0.006596742791612917,2025-12-26,0.0064482,0.00652032,0.006412241851626599,0.0066283981483734,2025-12-27,0.00644358,0.00652032,0.006387951842070178,0.0066526881579298215,2025-12-30,0.00644029,0.00652032,0.006367474416774164,0.006673165583225835,2025-12-31,0.0065165,0.00652032,0.006349433442923215,0.006691206557076784,0.00644029,0.00652032,0.0122739374754612,0.0
UZS_RUB,2025-12-25,0.00649978,test,SET_A,"(0, 1, 0)",2025-12-26,0.0064482,0.00649978,0.006423357208387083,0.006576202791612917,2025-12-27,0.00644358,0.00649978,0.0063917018516266,0.006607858148373401,2025-12-30,0.00644029,0.00649978,0.006367411842070178,0.006632148157929822,2025-12-31,0.0065165,0.00649978,0.006346934416774165,0.006652625583225835,2026-01-13,0.00651212,0.00649978,0.006328893442923216,0.0066706665570767845,0.00644029,0.00649978,0.009152617473206741,0.0
UZS_RUB,2025-12-26,0.0064482,test,SET_A,"(0, 1, 0)",2025-12-27,0.00644358,0.0064482,0.006371777208387082,0.006524622791612918,2025-12-30,0.00644029,0.0064482,0.0063401218516266,0.006556278148373401,2025-12-31,0.0065165,0.0064482,0.006315831842070178,0.006580568157929822,2026-01-13,0.00651212,0.0064482,0.006295354416774165,0.0066010455832258355,2026-01-14,0.00654486,0.0064482,0.006277313442923216,0.006619086557076785,0.00644029,0.0064482,0.001226698923730632,0.0
UZS_RUB,2025-12-27,0.00644358,test,SET_A,"(0, 1, 0)",2025-12-30,0.00644029,0.00644358,0.006367157208387082,0.006520002791612918,2025-12-31,0.0065165,0.00644358,0.006335501851626599,0.0065516581483734005,2026-01-13,0.00651212,0.00644358,0.006311211842070178,0.006575948157929822,2026-01-14,0.00654486,0.00644358,0.006290734416774165,0.006596425583225835,2026-01-15,0.00654666,0.00644358,0.006272693442923216,0.006614466557076784,0.00644029,0.00644358,0.0005105857302927166,0.0
UZS_RUB,2025-12-30,0.00644029,test,SET_A,"(0, 1, 0)",2025-12-31,0.0065165,0.00644029,0.006363867208387082,0.0065167127916129185,2026-01-13,0.00651212,0.00644029,0.0063322118516266,0.006548368148373401,2026-01-14,0.00654486,0.00644029,0.0063079218420701785,0.006572658157929822,2026-01-15,0.00654666,0.00644029,0.006287444416774165,0.006593135583225836,2026-01-16,0.00656059,0.00644029,0.006269403442923216,0.006611176557076785,0.00651212,0.00644029,0.0,0.0
UZS_RUB,2025-12-31,0.0065165,test,SET_A,"(0, 1, 0)",2026-01-13,0.00651212,0.0065165,0.0064400772083870825,0.006592922791612917,2026-01-14,0.00654486,0.0065165,0.006408421851626599,0.0066245781483734,2026-01-15,0.00654666,0.0065165,0.006384131842070178,0.006648868157929822,2026-01-16,0.00656059,0.0065165,0.0063636544167741645,0.006669345583225835,2026-01-17,0.00650628,0.0065165,0.006345613442923215,0.006687386557076784,0.00650628,0.0065165,0.0015683265556663886,0.0
UZS_RUB,2026-01-13,0.00651212,test,SET_A,"(0, 1, 0)",2026-01-14,0.00654486,0.00651212,0.0064356972083870825,0.006588542791612917,2026-01-15,0.00654666,0.00651212,0.006404041851626599,0.0066201981483734,2026-01-16,0.00656059,0.00651212,0.006379751842070178,0.006644488157929822,2026-01-17,0.00650628,0.00651212,0.0063592744167741645,0.006664965583225835,2026-01-20,0.00645208,0.00651212,0.006341233442923215,0.006683006557076784,0.00645208,0.00651212,0.00921973182312364,0.0
UZS_RUB,2026-01-14,0.00654486,test,SET_A,"(0, 1, 0)",2026-01-15,0.00654666,0.00654486,0.006468437208387082,0.006621282791612917,2026-01-16,0.00656059,0.00654486,0.006436781851626599,0.0066529381483734,2026-01-17,0.00650628,0.00654486,0.006412491842070178,0.0066772281579298215,2026-01-20,0.00645208,0.00654486,0.006392014416774164,0.006697705583225835,2026-01-21,0.00644602,0.00654486,0.006373973442923215,0.006715746557076784,0.00644602,0.00654486,0.01510192731395314,0.0
UZS_RUB,2026-01-15,0.00654666,test,SET_A,"(0, 1, 0)",2026-01-16,0.00656059,0.00654666,0.006470237208387082,0.006623082791612918,2026-01-17,0.00650628,0.00654666,0.0064385818516266,0.006654738148373401,2026-01-20,0.00645208,0.00654666,0.006414291842070178,0.006679028157929822,2026-01-21,0.00644602,0.00654666,0.006393814416774165,0.006699505583225835,2026-01-22,0.00639461,0.00654666,0.006375773442923216,0.0067175465570767845,0.00639461,0.00654666,0.02322558373277365,0.0
UZS_RUB,2026-01-16,0.00656059,test,SET_A,"(0, 1, 0)",2026-01-17,0.00650628,0.00656059,0.006484167208387083,0.006637012791612917,2026-01-20,0.00645208,0.00656059,0.006452511851626599,0.0066686681483734,2026-01-21,0.00644602,0.00656059,0.006428221842070178,0.006692958157929822,2026-01-22,0.00639461,0.00656059,0.006407744416774165,0.006713435583225835,2026-01-23,0.00626503,0.00656059,0.0063897034429232155,0.006731476557076784,0.00626503,0.00656059,0.04505082622142207,0.0
UZS_RUB,2026-01-17,0.00650628,test,SET_A,"(0, 1, 0)",2026-01-20,0.00645208,0.00650628,0.0064298572083870825,0.006582702791612917,2026-01-21,0.00644602,0.00650628,0.006398201851626599,0.0066143581483734,2026-01-22,0.00639461,0.00650628,0.006373911842070178,0.006638648157929822,2026-01-23,0.00626503,0.00650628,0.0063534344167741645,0.006659125583225835,2026-01-24,0.00628257,0.00650628,0.006335393442923215,0.006677166557076784,0.00626503,0.00650628,0.03707956005582288,0.0
UZS_RUB,2026-01-20,0.00645208,test,SET_A,"(0, 1, 0)",2026-01-21,0.00644602,0.00645208,0.006375657208387082,0.006528502791612918,2026-01-22,0.00639461,0.00645208,0.006344001851626599,0.0065601581483734,2026-01-23,0.00626503,0.00645208,0.006319711842070178,0.006584448157929822,2026-01-24,0.00628257,0.00645208,0.006299234416774165,0.006604925583225835,2026-01-27,0.0062828,0.00645208,0.0062811934429232155,0.006622966557076784,0.00626503,0.00645208,0.02899065107686194,0.0
UZS_RUB,2026-01-21,0.00644602,test,SET_A,"(0, 1, 0)",2026-01-22,0.00639461,0.00644602,0.006369597208387083,0.006522442791612917,2026-01-23,0.00626503,0.00644602,0.0063379418516266,0.006554098148373401,2026-01-24,0.00628257,0.00644602,0.006313651842070178,0.006578388157929822,2026-01-27,0.0062828,0.00644602,0.006293174416774165,0.0065988655832258354,2026-01-28,0.00631199,0.00644602,0.006275133442923216,0.0066169065570767845,0.00626503,0.00644602,0.028077790636702925,0.0
UZS_RUB,2026-01-22,0.00639461,test,SET_A,"(0, 1, 0)",2026-01-23,0.00626503,0.00639461,0.006318187208387083,0.006471032791612917,2026-01-24,0.00628257,0.00639461,0.0062865318516266,0.006502688148373401,2026-01-27,0.0062828,0.00639461,0.006262241842070178,0.006526978157929822,2026-01-28,0.00631199,0.00639461,0.006241764416774165,0.0065474555832258355,2026-01-29,0.00626726,0.00639461,0.006223723442923216,0.0065654965570767845,0.00626503,0.00639461,0.020263941037842775,0.0
UZS_RUB,2026-01-23,0.00626503,test,SET_A,"(0, 1, 0)",2026-01-24,0.00628257,0.00626503,0.006188607208387082,0.0063414527916129185,2026-01-27,0.0062828,0.00626503,0.0061569518516266,0.006373108148373401,2026-01-28,0.00631199,0.00626503,0.0061326618420701785,0.006397398157929822,2026-01-29,0.00626726,0.00626503,0.006112184416774165,0.006417875583225836,2026-01-30,0.00623203,0.00626503,0.006094143442923216,0.006435916557076785,0.00623203,0.00626503,0.005267333117319477,0.0
UZS_RUB,2026-01-24,0.00628257,test,SET_A,"(0, 1, 0)",2026-01-27,0.0062828,0.00628257,0.006206147208387082,0.006358992791612918,2026-01-28,0.00631199,0.00628257,0.0061744918516266,0.006390648148373401,2026-01-29,0.00626726,0.00628257,0.0061502018420701784,0.006414938157929822,2026-01-30,0.00623203,0.00628257,0.006129724416774165,0.006435415583225836,2026-01-31,0.00619482,0.00628257,0.006111683442923216,0.006453456557076785,0.00619482,0.00628257,0.013967214054121187,0.0
UZS_RUB,2026-01-27,0.0062828,test,SET_A,"(0, 1, 0)",2026-01-28,0.00631199,0.0062828,0.006206377208387083,0.006359222791612917,2026-01-29,0.00626726,0.0062828,0.006174721851626599,0.0063908781483734,2026-01-30,0.00623203,0.0062828,0.006150431842070178,0.006415168157929822,2026-01-31,0.00619482,0.0062828,0.006129954416774165,0.006435645583225835,2026-02-03,0.00629156,0.0062828,0.0061119134429232155,0.006453686557076784,0.00619482,0.0062828,0.01400331062583556,0.0
UZS_RUB,2026-01-28,0.00631199,test,SET_A,"(0, 1, 0)",2026-01-29,0.00626726,0.00631199,0.006235567208387083,0.006388412791612917,2026-01-30,0.00623203,0.00631199,0.006203911851626599,0.0064200681483734005,2026-01-31,0.00619482,0.00631199,0.006179621842070178,0.006444358157929822,2026-02-03,0.00629156,0.00631199,0.006159144416774165,0.006464835583225835,2026-02-04,0.00627992,0.00631199,0.006141103442923216,0.006482876557076784,0.00619482,0.00631199,0.01856308390856129,0.0
UZS_RUB,2026-01-29,0.00626726,test,SET_A,"(0, 1, 0)",2026-01-30,0.00623203,0.00626726,0.006190837208387083,0.006343682791612917,2026-01-31,0.00619482,0.00626726,0.0061591818516266,0.006375338148373401,2026-02-03,0.00629156,0.00626726,0.006134891842070178,0.006399628157929822,2026-02-04,0.00627992,0.00626726,0.006114414416774165,0.006420105583225835,2026-02-05,0.00627031,0.00626726,0.006096373442923216,0.0064381465570767845,0.00619482,0.00626726,0.011558480101352107,0.0
UZS_RUB,2026-01-30,0.00623203,test,SET_A,"(0, 1, 0)",2026-01-31,0.00619482,0.00623203,0.006155607208387082,0.006308452791612918,2026-02-03,0.00629156,0.00623203,0.0061239518516266,0.006340108148373401,2026-02-04,0.00627992,0.00623203,0.0060996618420701785,0.006364398157929822,2026-02-05,0.00627031,0.00623203,0.006079184416774165,0.006384875583225836,2026-02-06,0.00623416,0.00623203,0.006061143442923216,0.006402916557076785,0.00619482,0.00623203,0.005970767149708874,0.0
UZS_RUB,2026-01-31,0.00619482,test,SET_A,"(0, 1, 0)",2026-02-03,0.00629156,0.00619482,0.006118397208387083,0.006271242791612917,2026-02-04,0.00627992,0.00619482,0.0060867418516266,0.006302898148373401,2026-02-05,0.00627031,0.00619482,0.006062451842070178,0.006327188157929822,2026-02-06,0.00623416,0.00619482,0.006041974416774165,0.006347665583225835,2026-02-07,0.00626294,0.00619482,0.006023933442923216,0.0063657065570767845,0.00623416,0.00619482,0.0,0.0
UZS_RUB,2026-02-03,0.00629156,test,SET_A,"(0, 1, 0)",2026-02-04,0.00627992,0.00629156,0.006215137208387083,0.006367982791612917,2026-02-05,0.00627031,0.00629156,0.006183481851626599,0.0063996381483734,2026-02-06,0.00623416,0.00629156,0.006159191842070178,0.006423928157929822,2026-02-07,0.00626294,0.00629156,0.006138714416774165,0.006444405583225835,2026-02-10,0.0063026,0.00629156,0.0061206734429232156,0.006462446557076784,0.00623416,0.00629156,0.009123333481680217,0.0
UZS_RUB,2026-02-04,0.00627992,test,SET_A,"(0, 1, 0)",2026-02-05,0.00627031,0.00627992,0.006203497208387082,0.006356342791612917,2026-02-06,0.00623416,0.00627992,0.006171841851626599,0.0063879981483734,2026-02-07,0.00626294,0.00627992,0.006147551842070178,0.0064122881579298215,2026-02-10,0.0063026,0.00627992,0.006127074416774164,0.006432765583225835,2026-02-11,0.00627207,0.00627992,0.006109033442923215,0.006450806557076784,0.00623416,0.00627992,0.0072867170282423545,0.0
UZS_RUB,2026-02-05,0.00627031,test,SET_A,"(0, 1, 0)",2026-02-06,0.00623416,0.00627031,0.006193887208387082,0.006346732791612918,2026-02-07,0.00626294,0.00627031,0.0061622318516266,0.006378388148373401,2026-02-10,0.0063026,0.00627031,0.006137941842070178,0.006402678157929822,2026-02-11,0.00627207,0.00627031,0.006117464416774165,0.0064231555832258355,2026-02-12,0.00630446,0.00627031,0.006099423442923216,0.006441196557076785,0.00623416,0.00627031,0.005765265194224913,0.0
UZS_RUB,2026-02-06,0.00623416,test,SET_A,"(0, 1, 0)",2026-02-07,0.00626294,0.00623416,0.006157737208387082,0.006310582791612918,2026-02-10,0.0063026,0.00623416,0.006126081851626599,0.0063422381483734,2026-02-11,0.00627207,0.00623416,0.006101791842070178,0.006366528157929822,2026-02-12,0.00630446,0.00623416,0.006081314416774165,0.006387005583225835,2026-02-13,0.00628793,0.00623416,0.0060632734429232156,0.006405046557076784,0.00626294,0.00623416,0.0,0.0
UZS_RUB,2026-02-07,0.00626294,test,SET_A,"(0, 1, 0)",2026-02-10,0.0063026,0.00626294,0.006186517208387083,0.006339362791612917,2026-02-11,0.00627207,0.00626294,0.006154861851626599,0.0063710181483734,2026-02-12,0.00630446,0.00626294,0.006130571842070178,0.006395308157929822,2026-02-13,0.00628793,0.00626294,0.006110094416774165,0.006415785583225835,2026-02-14,0.00631655,0.00626294,0.0060920534429232155,0.006433826557076784,0.00627207,0.00626294,0.0,0.0
UZS_RUB,2026-02-10,0.0063026,test,SET_A,"(0, 1, 0)",2026-02-11,0.00627207,0.0063026,0.006226177208387083,0.006379022791612917,2026-02-12,0.00630446,0.0063026,0.0061945218516266,0.006410678148373401,2026-02-13,0.00628793,0.0063026,0.006170231842070178,0.006434968157929822,2026-02-14,0.00631655,0.0063026,0.006149754416774165,0.0064554455832258354,2026-02-17,0.00628482,0.0063026,0.006131713442923216,0.0064734865570767845,0.00627207,0.0063026,0.004844032621457806,0.0
UZS_RUB,2026-02-11,0.00627207,test,SET_A,"(0, 1, 0)",2026-02-12,0.00630446,0.00627207,0.006195647208387082,0.006348492791612918,2026-02-13,0.00628793,0.00627207,0.0061639918516266,0.006380148148373401,2026-02-14,0.00631655,0.00627207,0.006139701842070178,0.006404438157929822,2026-02-17,0.00628482,0.00627207,0.006119224416774165,0.0064249155832258355,2026-02-18,0.00632228,0.00627207,0.006101183442923216,0.0064429565570767846,0.00628482,0.00627207,0.0,0.0
UZS_RUB,2026-02-12,0.00630446,test,SET_A,"(0, 1, 0)",2026-02-13,0.00628793,0.00630446,0.006228037208387082,0.006380882791612917,2026-02-14,0.00631655,0.00630446,0.006196381851626599,0.0064125381483734,2026-02-17,0.00628482,0.00630446,0.006172091842070178,0.0064368281579298215,2026-02-18,0.00632228,0.00630446,0.006151614416774164,0.006457305583225835,2026-02-19,0.00627674,0.00630446,0.006133573442923215,0.006475346557076784,0.00627674,0.00630446,0.004396887282970993,0.0
UZS_RUB,2026-02-13,0.00628793,test,SET_A,"(0, 1, 0)",2026-02-14,0.00631655,0.00628793,0.006211507208387082,0.006364352791612918,2026-02-17,0.00628482,0.00628793,0.006179851851626599,0.0063960081483734,2026-02-18,0.00632228,0.00628793,0.006155561842070178,0.006420298157929822,2026-02-19,0.00627674,0.00628793,0.0061350844167741645,0.006440775583225835,2026-02-20,0.0062978,0.00628793,0.006117043442923215,0.006458816557076784,0.00627674,0.00628793,0.0017795999637399693,0.0
UZS_RUB,2026-02-14,0.00631655,test,SET_A,"(0, 1, 0)",2026-02-17,0.00628482,0.00631655,0.006240127208387082,0.006392972791612918,2026-02-18,0.00632228,0.00631655,0.006208471851626599,0.0064246281483734,2026-02-19,0.00627674,0.00631655,0.006184181842070178,0.006448918157929822,2026-02-20,0.0062978,0.00631655,0.0061637044167741645,0.006469395583225835,2026-02-21,0.00628455,0.00631655,0.0061456634429232155,0.006487436557076784,0.00627674,0.00631655,0.006302491075032969,0.0
UZS_RUB,2026-02-17,0.00628482,test,SET_A,"(0, 1, 0)",2026-02-18,0.00632228,0.00628482,0.006208397208387083,0.006361242791612917,2026-02-19,0.00627674,0.00628482,0.0061767418516265995,0.0063928981483734005,2026-02-20,0.0062978,0.00628482,0.006152451842070178,0.006417188157929822,2026-02-21,0.00628455,0.00628482,0.006131974416774165,0.006437665583225835,2026-02-25,0.00628784,0.00628482,0.006113933442923216,0.006455706557076784,0.00627674,0.00628482,0.0012856374566017354,0.0
UZS_RUB,2026-02-18,0.00632228,test,SET_A,"(0, 1, 0)",2026-02-19,0.00627674,0.00632228,0.006245857208387082,0.006398702791612917,2026-02-20,0.0062978,0.00632228,0.006214201851626599,0.0064303581483734,2026-02-21,0.00628455,0.00632228,0.006189911842070178,0.0064546481579298215,2026-02-25,0.00628784,0.00632228,0.006169434416774164,0.006475125583225835,2026-02-26,0.00630034,0.00632228,0.006151393442923215,0.006493166557076784,0.00627674,0.00632228,0.007203097616682478,0.0
UZS_RUB,2026-02-19,0.00627674,test,SET_A,"(0, 1, 0)",2026-02-20,0.0062978,0.00627674,0.006200317208387082,0.006353162791612918,2026-02-21,0.00628455,0.00627674,0.0061686618516266,0.006384818148373401,2026-02-25,0.00628784,0.00627674,0.006144371842070178,0.006409108157929822,2026-02-26,0.00630034,0.00627674,0.006123894416774165,0.0064295855832258355,2026-02-27,0.0063545,0.00627674,0.006105853442923216,0.006447626557076785,0.00628455,0.00627674,0.0,0.0
UZS_RUB,2026-02-20,0.0062978,test,SET_A,"(0, 1, 0)",2026-02-21,0.00628455,0.0062978,0.006221377208387082,0.006374222791612918,2026-02-25,0.00628784,0.0062978,0.0061897218516265996,0.006405878148373401,2026-02-26,0.00630034,0.0062978,0.006165431842070178,0.006430168157929822,2026-02-27,0.0063545,0.0062978,0.006144954416774165,0.006450645583225835,2026-02-28,0.00634838,0.0062978,0.006126913442923216,0.006468686557076784,0.00628455,0.0062978,0.0021039093016609355,0.0
UZS_RUB,2026-02-21,0.00628455,test,SET_A,"(0, 1, 0)",2026-02-25,0.00628784,0.00628455,0.006208127208387083,0.006360972791612917,2026-02-26,0.00630034,0.00628455,0.006176471851626599,0.0063926281483734,2026-02-27,0.0063545,0.00628455,0.006152181842070178,0.006416918157929822,2026-02-28,0.00634838,0.00628455,0.006131704416774165,0.006437395583225835,2026-03-03,0.00633058,0.00628455,0.0061136634429232155,0.006455436557076784,0.00628784,0.00628455,0.0,0.0
UZS_RUB,2026-02-25,0.00628784,test,SET_A,"(0, 1, 0)",2026-02-26,0.00630034,0.00628784,0.006211417208387082,0.006364262791612918,2026-02-27,0.0063545,0.00628784,0.0061797618516266,0.006395918148373401,2026-02-28,0.00634838,0.00628784,0.006155471842070178,0.006420208157929822,2026-03-03,0.00633058,0.00628784,0.006134994416774165,0.0064406855832258355,2026-03-04,0.00635628,0.00628784,0.006116953442923216,0.006458726557076785,0.00630034,0.00628784,0.0,0.0
UZS_RUB,2026-02-26,0.00630034,test,SET_A,"(0, 1, 0)",2026-02-27,0.0063545,0.00630034,0.006223917208387083,0.006376762791612917,2026-02-28,0.00634838,0.00630034,0.006192261851626599,0.0064084181483734,2026-03-03,0.00633058,0.00630034,0.006167971842070178,0.006432708157929822,2026-03-04,0.00635628,0.00630034,0.0061474944167741645,0.006453185583225835,2026-03-05,0.00638769,0.00630034,0.0061294534429232155,0.006471226557076784,0.00633058,0.00630034,0.0,0.0
UZS_RUB,2026-02-27,0.0063545,test,SET_A,"(0, 1, 0)",2026-02-28,0.00634838,0.0063545,0.006278077208387082,0.006430922791612918,2026-03-03,0.00633058,0.0063545,0.006246421851626599,0.0064625781483734004,2026-03-04,0.00635628,0.0063545,0.006222131842070178,0.006486868157929822,2026-03-05,0.00638769,0.0063545,0.006201654416774165,0.006507345583225835,2026-03-06,0.0064219,0.0063545,0.006183613442923216,0.006525386557076784,0.00633058,0.0063545,0.0037642615469352728,0.0
UZS_RUB,2026-02-28,0.00634838,test,SET_A,"(0, 1, 0)",2026-03-03,0.00633058,0.00634838,0.006271957208387082,0.006424802791612918,2026-03-04,0.00635628,0.00634838,0.006240301851626599,0.0064564581483734,2026-03-05,0.00638769,0.00634838,0.006216011842070178,0.006480748157929822,2026-03-06,0.0064219,0.00634838,0.006195534416774165,0.006501225583225835,2026-03-07,0.00649236,0.00634838,0.0061774934429232155,0.006519266557076784,0.00633058,0.00634838,0.002803864923019748,0.0
UZS_RUB,2026-03-03,0.00633058,test,SET_A,"(0, 1, 0)",2026-03-04,0.00635628,0.00633058,0.006254157208387082,0.006407002791612918,2026-03-05,0.00638769,0.00633058,0.006222501851626599,0.0064386581483734,2026-03-06,0.0064219,0.00633058,0.006198211842070178,0.006462948157929822,2026-03-07,0.00649236,0.00633058,0.0061777344167741645,0.006483425583225835,2026-03-11,0.00647629,0.00633058,0.006159693442923215,0.006501466557076784,0.00635628,0.00633058,0.0,0.0
UZS_RUB,2026-03-04,0.00635628,test,SET_A,"(0, 1, 0)",2026-03-05,0.00638769,0.00635628,0.006279857208387082,0.006432702791612918,2026-03-06,0.0064219,0.00635628,0.006248201851626599,0.0064643581483734,2026-03-07,0.00649236,0.00635628,0.006223911842070178,0.006488648157929822,2026-03-11,0.00647629,0.00635628,0.0062034344167741645,0.006509125583225835,2026-03-12,0.00651529,0.00635628,0.006185393442923215,0.006527166557076784,0.00638769,0.00635628,0.0,0.0
UZS_RUB,2026-03-05,0.00638769,test,SET_A,"(0, 1, 0)",2026-03-06,0.0064219,0.00638769,0.0063112672083870825,0.006464112791612917,2026-03-07,0.00649236,0.00638769,0.006279611851626599,0.0064957681483734,2026-03-11,0.00647629,0.00638769,0.006255321842070178,0.006520058157929822,2026-03-12,0.00651529,0.00638769,0.0062348444167741645,0.006540535583225835,2026-03-13,0.00653318,0.00638769,0.006216803442923215,0.006558576557076784,0.0064219,0.00638769,0.0,0.0
UZS_RUB,2026-03-06,0.0064219,test,SET_A,"(0, 1, 0)",2026-03-07,0.00649236,0.0064219,0.006345477208387082,0.006498322791612918,2026-03-11,0.00647629,0.0064219,0.0063138218516266,0.006529978148373401,2026-03-12,0.00651529,0.0064219,0.0062895318420701785,0.006554268157929822,2026-03-13,0.00653318,0.0064219,0.006269054416774165,0.006574745583225836,2026-03-14,0.00664028,0.0064219,0.006251013442923216,0.006592786557076785,0.00647629,0.0064219,0.0,0.0
UZS_RUB,2026-03-07,0.00649236,test,SET_A,"(0, 1, 0)",2026-03-11,0.00647629,0.00649236,0.006415937208387082,0.006568782791612918,2026-03-12,0.00651529,0.00649236,0.006384281851626599,0.0066004381483734005,2026-03-13,0.00653318,0.00649236,0.006359991842070178,0.006624728157929822,2026-03-14,0.00664028,0.00649236,0.006339514416774165,0.006645205583225835,2026-03-17,0.00670335,0.00649236,0.006321473442923216,0.006663246557076784,0.00647629,0.00649236,0.0024752170243178095,0.0
UZS_RUB,2026-03-11,0.00647629,test,SET_A,"(0, 1, 0)",2026-03-12,0.00651529,0.00647629,0.006399867208387082,0.006552712791612918,2026-03-13,0.00653318,0.00647629,0.0063682118516265995,0.0065843681483734005,2026-03-14,0.00664028,0.00647629,0.006343921842070178,0.006608658157929822,2026-03-17,0.00670335,0.00647629,0.006323444416774165,0.006629135583225835,2026-03-18,0.00675326,0.00647629,0.006305403442923216,0.006647176557076784,0.00651529,0.00647629,0.0,0.0
UZS_RUB,2026-03-12,0.00651529,test,SET_A,"(0, 1, 0)",2026-03-13,0.00653318,0.00651529,0.006438867208387083,0.006591712791612917,2026-03-14,0.00664028,0.00651529,0.006407211851626599,0.0066233681483734005,2026-03-17,0.00670335,0.00651529,0.006382921842070178,0.006647658157929822,2026-03-18,0.00675326,0.00651529,0.006362444416774165,0.006668135583225835,2026-03-19,0.00682543,0.00651529,0.006344403442923216,0.006686176557076784,0.00653318,0.00651529,0.0,0.0
UZS_RUB,2026-03-13,0.00653318,test,SET_A,"(0, 1, 0)",2026-03-14,0.00664028,0.00653318,0.006456757208387082,0.0066096027916129185,2026-03-17,0.00670335,0.00653318,0.0064251018516266,0.006641258148373401,2026-03-18,0.00675326,0.00653318,0.0064008118420701785,0.006665548157929822,2026-03-19,0.00682543,0.00653318,0.006380334416774165,0.006686025583225836,2026-03-20,0.00695845,0.00653318,0.006362293442923216,0.006704066557076785,0.00664028,0.00653318,0.0,0.0
UZS_RUB,2026-03-14,0.00664028,test,SET_A,"(0, 1, 0)",2026-03-17,0.00670335,0.00664028,0.006563857208387083,0.006716702791612917,2026-03-18,0.00675326,0.00664028,0.0065322018516266,0.006748358148373401,2026-03-19,0.00682543,0.00664028,0.006507911842070178,0.006772648157929822,2026-03-20,0.00695845,0.00664028,0.006487434416774165,0.006793125583225835,2026-03-21,0.00688958,0.00664028,0.006469393442923216,0.0068111665570767845,0.00670335,0.00664028,0.0,0.0
UZS_RUB,2026-03-17,0.00670335,test,SET_A,"(0, 1, 0)",2026-03-18,0.00675326,0.00670335,0.006626927208387083,0.0067797727916129175,2026-03-19,0.00682543,0.00670335,0.0065952718516266,0.006811428148373401,2026-03-20,0.00695845,0.00670335,0.006570981842070178,0.006835718157929822,2026-03-21,0.00688958,0.00670335,0.006550504416774165,0.0068561955832258355,2026-03-24,0.00671554,0.00670335,0.006532463442923216,0.006874236557076785,0.00671554,0.00670335,0.0,0.0
UZS_RUB,2026-03-18,0.00675326,test,SET_A,"(0, 1, 0)",2026-03-19,0.00682543,0.00675326,0.006676837208387082,0.006829682791612918,2026-03-20,0.00695845,0.00675326,0.006645181851626599,0.0068613381483734,2026-03-21,0.00688958,0.00675326,0.006620891842070178,0.0068856281579298215,2026-03-24,0.00671554,0.00675326,0.006600414416774164,0.006906105583225835,2026-03-25,0.00663827,0.00675326,0.006582373442923215,0.006924146557076784,0.00663827,0.00675326,0.017027331984848758,0.0
UZS_RUB,2026-03-19,0.00682543,test,SET_A,"(0, 1, 0)",2026-03-20,0.00695845,0.00682543,0.006749007208387083,0.0069018527916129176,2026-03-21,0.00688958,0.00682543,0.0067173518516266,0.006933508148373401,2026-03-24,0.00671554,0.00682543,0.0066930618420701785,0.006957798157929822,2026-03-25,0.00663827,0.00682543,0.006672584416774165,0.006978275583225836,2026-03-26,0.00663176,0.00682543,0.006654543442923216,0.006996316557076785,0.00663176,0.00682543,0.02837476906216897,0.0
UZS_RUB,2026-03-20,0.00695845,test,SET_A,"(0, 1, 0)",2026-03-21,0.00688958,0.00695845,0.0068820272083870825,0.007034872791612917,2026-03-24,0.00671554,0.00695845,0.006850371851626599,0.0070665281483734,2026-03-25,0.00663827,0.00695845,0.006826081842070178,0.007090818157929822,2026-03-26,0.00663176,0.00695845,0.0068056044167741645,0.007111295583225835,2026-03-27,0.00674321,0.00695845,0.006787563442923215,0.007129336557076784,0.00663176,0.00695845,0.046948673914449235,0.0
UZS_RUB,2026-03-21,0.00688958,test,SET_A,"(0, 1, 0)",2026-03-24,0.00671554,0.00688958,0.006813157208387082,0.006966002791612918,2026-03-25,0.00663827,0.00688958,0.0067815018516266,0.006997658148373401,2026-03-26,0.00663176,0.00688958,0.006757211842070178,0.007021948157929822,2026-03-27,0.00674321,0.00688958,0.006736734416774165,0.007042425583225835,2026-03-28,0.00665363,0.00688958,0.006718693442923216,0.0070604665570767845,0.00663176,0.00688958,0.03742172962647937,0.0
UZS_RUB,2026-03-24,0.00671554,test,SET_A,"(0, 1, 0)",2026-03-25,0.00663827,0.00671554,0.006639117208387082,0.006791962791612918,2026-03-26,0.00663176,0.00671554,0.006607461851626599,0.0068236181483734,2026-03-27,0.00674321,0.00671554,0.006583171842070178,0.006847908157929822,2026-03-28,0.00665363,0.00671554,0.006562694416774165,0.006868385583225835,2026-03-31,0.00665772,0.00671554,0.006544653442923216,0.006886426557076784,0.00663176,0.00671554,0.012475541803041817,0.0
UZS_RUB,2026-03-25,0.00663827,test,SET_A,"(0, 1, 0)",2026-03-26,0.00663176,0.00663827,0.006561847208387083,0.006714692791612917,2026-03-27,0.00674321,0.00663827,0.006530191851626599,0.0067463481483734005,2026-03-28,0.00665363,0.00663827,0.006505901842070178,0.006770638157929822,2026-03-31,0.00665772,0.00663827,0.006485424416774165,0.006791115583225835,2026-04-01,0.00666303,0.00663827,0.006467383442923216,0.006809156557076784,0.00663176,0.00663827,0.0009806771945099404,0.0
UZS_RUB,2026-03-26,0.00663176,test,SET_A,"(0, 1, 0)",2026-03-27,0.00674321,0.00663176,0.006555337208387083,0.006708182791612918,2026-03-28,0.00665363,0.00663176,0.0065236818516266,0.006739838148373401,2026-03-31,0.00665772,0.00663176,0.0064993918420701785,0.006764128157929822,2026-04-01,0.00666303,0.00663176,0.006478914416774165,0.006784605583225836,2026-04-02,0.00666303,0.00663176,0.006460873442923216,0.006802646557076785,0.00665363,0.00663176,0.0,0.0
UZS_RUB,2026-03-27,0.00674321,test,SET_A,"(0, 1, 0)",2026-03-28,0.00665363,0.00674321,0.006666787208387082,0.006819632791612918,2026-03-31,0.00665772,0.00674321,0.0066351318516266,0.006851288148373401,2026-04-01,0.00666303,0.00674321,0.0066108418420701785,0.006875578157929822,2026-04-02,0.00666303,0.00674321,0.006590364416774165,0.006896055583225836,2026-04-03,0.00661187,0.00674321,0.006572323442923216,0.006914096557076785,0.00661187,0.00674321,0.0194773705698029,0.0
UZS_RUB,2026-03-28,0.00665363,test,SET_A,"(0, 1, 0)",2026-03-31,0.00665772,0.00665363,0.006577207208387082,0.006730052791612918,2026-04-01,0.00666303,0.00665363,0.006545551851626599,0.0067617081483734,2026-04-02,0.00666303,0.00665363,0.006521261842070178,0.006785998157929822,2026-04-03,0.00661187,0.00665363,0.0065007844167741646,0.006806475583225835,2026-04-04,0.00655094,0.00665363,0.0064827434429232155,0.006824516557076784,0.00655094,0.00665363,0.01543368056233964,0.0
UZS_RUB,2026-03-31,0.00665772,test,SET_A,"(0, 1, 0)",2026-04-01,0.00666303,0.00665772,0.006581297208387082,0.006734142791612918,2026-04-02,0.00666303,0.00665772,0.006549641851626599,0.0067657981483734,2026-04-03,0.00661187,0.00665772,0.006525351842070178,0.006790088157929822,2026-04-04,0.00655094,0.00665772,0.0065048744167741646,0.006810565583225835,2026-04-07,0.00646616,0.00665772,0.0064868334429232155,0.006828606557076784,0.00646616,0.00665772,0.028772612846439845,0.0
UZS_RUB,2026-04-01,0.00666303,test,SET_A,"(0, 1, 0)",2026-04-02,0.00666303,0.00666303,0.006586607208387083,0.0067394527916129175,2026-04-03,0.00661187,0.00666303,0.0065549518516266,0.006771108148373401,2026-04-04,0.00655094,0.00666303,0.0065306618420701784,0.006795398157929822,2026-04-07,0.00646616,0.00666303,0.006510184416774165,0.006815875583225836,2026-04-08,0.00645061,0.00666303,0.006492143442923216,0.006833916557076785,0.00645061,0.00666303,0.03188039075315592,0.0
UZS_RUB,2026-04-02,0.00666303,test,SET_A,"(0, 1, 0)",2026-04-03,0.00661187,0.00666303,0.006586607208387083,0.0067394527916129175,2026-04-04,0.00655094,0.00666303,0.0065549518516266,0.006771108148373401,2026-04-07,0.00646616,0.00666303,0.0065306618420701784,0.006795398157929822,2026-04-08,0.00645061,0.00666303,0.006510184416774165,0.006815875583225836,2026-04-09,0.00640338,0.00666303,0.006492143442923216,0.006833916557076785,0.00640338,0.00666303,0.03896875745719292,0.0
UZS_RUB,2026-04-03,0.00661187,test,SET_A,"(0, 1, 0)",2026-04-04,0.00655094,0.00661187,0.006535447208387082,0.006688292791612918,2026-04-07,0.00646616,0.00661187,0.006503791851626599,0.0067199481483734,2026-04-08,0.00645061,0.00661187,0.006479501842070178,0.006744238157929822,2026-04-09,0.00640338,0.00661187,0.0064590244167741645,0.006764715583225835,2026-04-10,0.00638095,0.00661187,0.006440983442923215,0.006782756557076784,0.00638095,0.00661187,0.0349250665847937,0.0
UZS_RUB,2026-04-04,0.00655094,test,SET_A,"(0, 1, 0)",2026-04-07,0.00646616,0.00655094,0.006474517208387083,0.006627362791612917,2026-04-08,0.00645061,0.00655094,0.006442861851626599,0.0066590181483734,2026-04-09,0.00640338,0.00655094,0.006418571842070178,0.006683308157929822,2026-04-10,0.00638095,0.00655094,0.006398094416774165,0.006703785583225835,2026-04-11,0.0063307,0.00655094,0.006380053442923216,0.006721826557076784,0.0063307,0.00655094,0.033619602682973745,0.0
UZS_RUB,2026-04-07,0.00646616,test,SET_A,"(0, 1, 0)",2026-04-08,0.00645061,0.00646616,0.006389737208387083,0.0065425827916129175,2026-04-09,0.00640338,0.00646616,0.0063580818516266,0.006574238148373401,2026-04-10,0.00638095,0.00646616,0.006333791842070178,0.006598528157929822,2026-04-11,0.0063307,0.00646616,0.006313314416774165,0.0066190055832258355,2026-04-14,0.006288,0.00646616,0.006295273442923216,0.006637046557076785,0.006288,0.00646616,0.027552674230145884,0.0
UZS_RUB,2026-04-08,0.00645061,test,SET_A,"(0, 1, 0)",2026-04-09,0.00640338,0.00645061,0.006374187208387082,0.006527032791612918,2026-04-10,0.00638095,0.00645061,0.006342531851626599,0.0065586881483734,2026-04-11,0.0063307,0.00645061,0.006318241842070178,0.006582978157929822,2026-04-14,0.006288,0.00645061,0.006297764416774165,0.006603455583225835,2026-04-15,0.00624749,0.00645061,0.0062797234429232155,0.006621496557076784,0.00624749,0.00645061,0.03148849488653015,0.0
UZS_RUB,2026-04-09,0.00640338,test,SET_A,"(0, 1, 0)",2026-04-10,0.00638095,0.00640338,0.006326957208387083,0.006479802791612917,2026-04-11,0.0063307,0.00640338,0.0062953018516266,0.006511458148373401,2026-04-14,0.006288,0.00640338,0.006271011842070178,0.006535748157929822,2026-04-15,0.00624749,0.00640338,0.006250534416774165,0.006556225583225835,2026-04-16,0.00617161,0.00640338,0.006232493442923216,0.0065742665570767845,0.00617161,0.00640338,0.036194947043592614,0.0
UZS_RUB,2026-04-10,0.00638095,test,SET_A,"(0, 1, 0)",2026-04-11,0.0063307,0.00638095,0.006304527208387083,0.006457372791612917,2026-04-14,0.006288,0.00638095,0.006272871851626599,0.0064890281483734,2026-04-15,0.00624749,0.00638095,0.006248581842070178,0.006513318157929822,2026-04-16,0.00617161,0.00638095,0.006228104416774165,0.006533795583225835,2026-04-17,0.00625439,0.00638095,0.0062100634429232155,0.006551836557076784,0.00617161,0.00638095,0.03280702716680114,0.0
UZS_RUB,2026-04-11,0.0063307,test,SET_A,"(0, 1, 0)",2026-04-14,0.006288,0.0063307,0.006254277208387083,0.006407122791612917,2026-04-15,0.00624749,0.0063307,0.006222621851626599,0.0064387781483734,2026-04-16,0.00617161,0.0063307,0.006198331842070178,0.006463068157929822,2026-04-17,0.00625439,0.0063307,0.006177854416774165,0.006483545583225835,2026-04-18,0.00627066,0.0063307,0.0061598134429232156,0.006501586557076784,0.00617161,0.0063307,0.025129922441436137,0.0
UZS_RUB,2026-04-14,0.006288,test,SET_A,"(0, 1, 0)",2026-04-15,0.00624749,0.006288,0.006211577208387083,0.006364422791612917,2026-04-16,0.00617161,0.006288,0.0061799218516266,0.006396078148373401,2026-04-17,0.00625439,0.006288,0.006155631842070178,0.006420368157929822,2026-04-18,0.00627066,0.006288,0.006135154416774165,0.006440845583225835,2026-04-21,0.00621931,0.006288,0.006117113442923216,0.0064588865570767845,0.00617161,0.006288,0.018509860050890597,0.0
UZS_RUB,2026-04-15,0.00624749,test,SET_A,"(0, 1, 0)",2026-04-16,0.00617161,0.00624749,0.0061710672083870825,0.006323912791612917,2026-04-17,0.00625439,0.00624749,0.006139411851626599,0.0063555681483734,2026-04-18,0.00627066,0.00624749,0.006115121842070178,0.0063798581579298215,2026-04-21,0.00621931,0.00624749,0.006094644416774164,0.006400335583225835,2026-04-22,0.0061846,0.00624749,0.006076603442923215,0.006418376557076784,0.00617161,0.00624749,0.012145677704165917,0.0
UZS_RUB,2026-04-16,0.00617161,test,SET_A,"(0, 1, 0)",2026-04-17,0.00625439,0.00617161,0.006095187208387082,0.006248032791612918,2026-04-18,0.00627066,0.00617161,0.0060635318516266,0.006279688148373401,2026-04-21,0.00621931,0.00617161,0.006039241842070178,0.006303978157929822,2026-04-22,0.0061846,0.00617161,0.006018764416774165,0.006324455583225835,2026-04-23,0.00622791,0.00617161,0.006000723442923216,0.006342496557076784,0.0061846,0.00617161,0.0,0.0
UZS_RUB,2026-04-17,0.00625439,test,SET_A,"(0, 1, 0)",2026-04-18,0.00627066,0.00625439,0.006177967208387083,0.0063308127916129175,2026-04-21,0.00621931,0.00625439,0.0061463118516266,0.006362468148373401,2026-04-22,0.0061846,0.00625439,0.006122021842070178,0.006386758157929822,2026-04-23,0.00622791,0.00625439,0.006101544416774165,0.0064072355832258355,2026-04-24,0.00622796,0.00625439,0.006083503442923216,0.006425276557076785,0.0061846,0.00625439,0.011158562225892553,0.0
UZS_RUB,2026-04-18,0.00627066,test,SET_A,"(0, 1, 0)",2026-04-21,0.00621931,0.00627066,0.006194237208387082,0.006347082791612918,2026-04-22,0.0061846,0.00627066,0.006162581851626599,0.0063787381483734005,2026-04-23,0.00622791,0.00627066,0.006138291842070178,0.006403028157929822,2026-04-24,0.00622796,0.00627066,0.006117814416774165,0.006423505583225835,2026-04-25,0.00628322,0.00627066,0.006099773442923216,0.006441546557076784,0.0061846,0.00627066,0.01372423317481729,0.0
UZS_RUB,2026-04-21,0.00621931,test,SET_A,"(0, 1, 0)",2026-04-22,0.0061846,0.00621931,0.0061428872083870815,0.006295732791612918,2026-04-23,0.00622791,0.00621931,0.006111231851626599,0.0063273881483734,2026-04-24,0.00622796,0.00621931,0.006086941842070178,0.0063516781579298215,2026-04-25,0.00628322,0.00621931,0.006066464416774164,0.006372155583225835,2026-04-28,0.00619633,0.00621931,0.006048423442923215,0.006390196557076784,0.0061846,0.00621931,0.005581004966788829,0.0
UZS_RUB,2026-04-22,0.0061846,test,SET_A,"(0, 1, 0)",2026-04-23,0.00622791,0.0061846,0.006108177208387083,0.006261022791612917,2026-04-24,0.00622796,0.0061846,0.0060765218516266,0.006292678148373401,2026-04-25,0.00628322,0.0061846,0.006052231842070178,0.006316968157929822,2026-04-28,0.00619633,0.0061846,0.006031754416774165,0.006337445583225835,2026-04-29,0.00620945,0.0061846,0.006013713442923216,0.0063554865570767845,0.00619633,0.0061846,0.0,0.0
UZS_RUB,2026-04-23,0.00622791,test,SET_A,"(0, 1, 0)",2026-04-24,0.00622796,0.00622791,0.0061514872083870825,0.006304332791612917,2026-04-25,0.00628322,0.00622791,0.006119831851626599,0.0063359881483734,2026-04-28,0.00619633,0.00622791,0.006095541842070178,0.006360278157929822,2026-04-29,0.00620945,0.00622791,0.0060750644167741645,0.006380755583225835,2026-04-30,0.00625319,0.00622791,0.006057023442923215,0.006398796557076784,0.00619633,0.00622791,0.005070721959694312,0.0
UZS_RUB,2026-04-24,0.00622796,test,SET_A,"(0, 1, 0)",2026-04-25,0.00628322,0.00622796,0.006151537208387082,0.006304382791612918,2026-04-28,0.00619633,0.00622796,0.0061198818516266,0.006336038148373401,2026-04-29,0.00620945,0.00622796,0.006095591842070178,0.006360328157929822,2026-04-30,0.00625319,0.00622796,0.006075114416774165,0.0063808055832258355,2026-05-01,0.00626603,0.00622796,0.006057073442923216,0.006398846557076785,0.00619633,0.00622796,0.005078709561397371,0.0
UZS_RUB,2026-04-25,0.00628322,test,SET_A,"(0, 1, 0)",2026-04-28,0.00619633,0.00628322,0.006206797208387082,0.006359642791612918,2026-04-29,0.00620945,0.00628322,0.006175141851626599,0.0063912981483734005,2026-04-30,0.00625319,0.00628322,0.006150851842070178,0.006415588157929822,2026-05-01,0.00626603,0.00628322,0.006130374416774165,0.006436065583225835,2026-05-05,0.00628996,0.00628322,0.006112333442923216,0.006454106557076784,0.00619633,0.00628322,0.013828896648533723,0.0
UZS_RUB,2026-04-28,0.00619633,test,SET_A,"(0, 1, 0)",2026-04-29,0.00620945,0.00619633,0.006119907208387083,0.006272752791612917,2026-04-30,0.00625319,0.00619633,0.006088251851626599,0.0063044081483734,2026-05-01,0.00626603,0.00619633,0.006063961842070178,0.006328698157929822,2026-05-05,0.00628996,0.00619633,0.006043484416774165,0.006349175583225835,2026-05-06,0.00625932,0.00619633,0.006025443442923216,0.006367216557076784,0.00620945,0.00619633,0.0,0.0
UZS_RUB,2026-04-29,0.00620945,test,SET_A,"(0, 1, 0)",2026-04-30,0.00625319,0.00620945,0.006133027208387083,0.006285872791612917,2026-05-01,0.00626603,0.00620945,0.0061013718516265995,0.006317528148373401,2026-05-05,0.00628996,0.00620945,0.006077081842070178,0.006341818157929822,2026-05-06,0.00625932,0.00620945,0.006056604416774165,0.006362295583225835,2026-05-07,0.00623015,0.00620945,0.006038563442923216,0.006380336557076784,0.00623015,0.00620945,0.0,0.0
UZS_RUB,2026-04-30,0.00625319,test,SET_A,"(0, 1, 0)",2026-05-01,0.00626603,0.00625319,0.006176767208387082,0.006329612791612918,2026-05-05,0.00628996,0.00625319,0.006145111851626599,0.0063612681483734,2026-05-06,0.00625932,0.00625319,0.006120821842070178,0.0063855581579298215,2026-05-07,0.00623015,0.00625319,0.006100344416774164,0.006406035583225835,2026-05-08,0.0061594,0.00625319,0.006082303442923215,0.006424076557076784,0.0061594,0.00625319,0.014998744640735345,0.0
UZS_RUB,2026-05-01,0.00626603,test,SET_A,"(0, 1, 0)",2026-05-05,0.00628996,0.00626603,0.006189607208387082,0.006342452791612918,2026-05-06,0.00625932,0.00626603,0.006157951851626599,0.0063741081483734,2026-05-07,0.00623015,0.00626603,0.006133661842070178,0.006398398157929822,2026-05-08,0.0061594,0.00626603,0.0061131844167741645,0.006418875583225835,2026-05-09,0.00611898,0.00626603,0.006095143442923215,0.006436916557076784,0.00611898,0.00626603,0.023467809761523527,0.0
UZS_RUB,2026-05-05,0.00628996,test,SET_A,"(0, 1, 0)",2026-05-06,0.00625932,0.00628996,0.006213537208387082,0.006366382791612918,2026-05-07,0.00623015,0.00628996,0.006181881851626599,0.0063980381483734,2026-05-08,0.0061594,0.00628996,0.006157591842070178,0.006422328157929822,2026-05-09,0.00611898,0.00628996,0.006137114416774165,0.006442805583225835,2026-05-13,0.00607525,0.00628996,0.0061190734429232155,0.006460846557076784,0.00607525,0.00628996,0.03413535221209672,0.0
UZS_RUB,2026-05-06,0.00625932,test,SET_A,"(0, 1, 0)",2026-05-07,0.00623015,0.00625932,0.006182897208387082,0.006335742791612918,2026-05-08,0.0061594,0.00625932,0.006151241851626599,0.0063673981483734,2026-05-09,0.00611898,0.00625932,0.006126951842070178,0.0063916881579298215,2026-05-13,0.00607525,0.00625932,0.006106474416774164,0.006412165583225835,2026-05-14,0.00607467,0.00625932,0.006088433442923215,0.006430206557076784,0.00607467,0.00625932,0.029500009585705755,0.0
UZS_RUB,2026-05-07,0.00623015,test,SET_A,"(0, 1, 0)",2026-05-08,0.0061594,0.00623015,0.006153727208387083,0.0063065727916129175,2026-05-09,0.00611898,0.00623015,0.0061220718516266,0.006338228148373401,2026-05-13,0.00607525,0.00623015,0.006097781842070178,0.006362518157929822,2026-05-14,0.00607467,0.00623015,0.006077304416774165,0.0063829955832258355,2026-05-15,0.00610742,0.00623015,0.006059263442923216,0.006401036557076785,0.00607467,0.00623015,0.02495606044798285,0.0
UZS_RUB,2026-05-08,0.0061594,test,SET_A,"(0, 1, 0)",2026-05-09,0.00611898,0.0061594,0.006082977208387082,0.006235822791612918,2026-05-13,0.00607525,0.0061594,0.006051321851626599,0.0062674781483734,2026-05-14,0.00607467,0.0061594,0.006027031842070178,0.006291768157929822,2026-05-15,0.00610742,0.0061594,0.0060065544167741645,0.006312245583225835,2026-05-16,0.00610092,0.0061594,0.0059885134429232155,0.006330286557076784,0.00607467,0.0061594,0.013756210020456518,0.0
UZS_RUB,2026-05-09,0.00611898,test,SET_A,"(0, 1, 0)",2026-05-13,0.00607525,0.00611898,0.006042557208387082,0.0061954027916129185,2026-05-14,0.00607467,0.00611898,0.0060109018516266,0.006227058148373401,2026-05-15,0.00610742,0.00611898,0.0059866118420701785,0.006251348157929822,2026-05-16,0.00610092,0.00611898,0.005966134416774165,0.006271825583225836,2026-05-19,0.00601948,0.00611898,0.005948093442923216,0.006289866557076785,0.00601948,0.00611898,0.016260880081320844,0.0
UZS_RUB,2026-05-13,0.00607525,test,SET_A,"(0, 1, 0)",2026-05-14,0.00607467,0.00607525,0.005998827208387082,0.006151672791612918,2026-05-15,0.00610742,0.00607525,0.005967171851626599,0.0061833281483734005,2026-05-16,0.00610092,0.00607525,0.005942881842070178,0.006207618157929822,2026-05-19,0.00601948,0.00607525,0.005922404416774165,0.006228095583225835,2026-05-20,0.00591355,0.00607525,0.005904363442923216,0.006246136557076784,0.00591355,0.00607525,0.026616188634212563,0.0
UZS_RUB,2026-05-14,0.00607467,test,SET_A,"(0, 1, 0)",2026-05-15,0.00610742,0.00607467,0.005998247208387082,0.006151092791612918,2026-05-16,0.00610092,0.00607467,0.005966591851626599,0.0061827481483734004,2026-05-19,0.00601948,0.00607467,0.005942301842070178,0.006207038157929822,2026-05-20,0.00591355,0.00607467,0.005921824416774165,0.006227515583225835,2026-05-21,0.00587528,0.00607467,0.005903783442923216,0.006245556557076784,0.00587528,0.00607467,0.032823182164627845,0.0
UZS_RUB,2026-05-15,0.00610742,test,SET_A,"(0, 1, 0)",2026-05-16,0.00610092,0.00610742,0.006030997208387082,0.006183842791612918,2026-05-19,0.00601948,0.00610742,0.005999341851626599,0.0062154981483734,2026-05-20,0.00591355,0.00610742,0.005975051842070178,0.006239788157929822,2026-05-21,0.00587528,0.00610742,0.0059545744167741645,0.006260265583225835,2026-05-22,0.00588877,0.00610742,0.005936533442923215,0.006278306557076784,0.00587528,0.00610742,0.03800950319447485,0.0
UZS_RUB,2026-05-16,0.00610092,test,SET_A,"(0, 1, 0)",2026-05-19,0.00601948,0.00610092,0.006024497208387082,0.006177342791612918,2026-05-20,0.00591355,0.00610092,0.0059928418516266,0.006208998148373401,2026-05-21,0.00587528,0.00610092,0.005968551842070178,0.006233288157929822,2026-05-22,0.00588877,0.00610092,0.005948074416774165,0.006253765583225835,2026-05-23,0.00594417,0.00610092,0.005930033442923216,0.0062718065570767844,0.00587528,0.00610092,0.03698458593130217,0.0
UZS_RUB,2026-05-19,0.00601948,test,SET_A,"(0, 1, 0)",2026-05-20,0.00591355,0.00601948,0.005943057208387082,0.006095902791612918,2026-05-21,0.00587528,0.00601948,0.005911401851626599,0.0061275581483734,2026-05-22,0.00588877,0.00601948,0.005887111842070178,0.006151848157929822,2026-05-23,0.00594417,0.00601948,0.005866634416774165,0.006172325583225835,2026-05-26,0.00596325,0.00601948,0.0058485934429232155,0.006190366557076784,0.00587528,0.00601948,0.023955557622917546,0.0
UZS_RUB,2026-05-20,0.00591355,test,SET_A,"(0, 1, 0)",2026-05-21,0.00587528,0.00591355,0.005837127208387083,0.005989972791612917,2026-05-22,0.00588877,0.00591355,0.0058054718516265995,0.006021628148373401,2026-05-23,0.00594417,0.00591355,0.005781181842070178,0.006045918157929822,2026-05-26,0.00596325,0.00591355,0.005760704416774165,0.006066395583225835,2026-05-27,0.00597137,0.00591355,0.005742663442923216,0.006084436557076784,0.00587528,0.00591355,0.006471577986150446,0.0
UZS_RUB,2026-05-21,0.00587528,test,SET_A,"(0, 1, 0)",2026-05-22,0.00588877,0.00587528,0.005798857208387083,0.005951702791612917,2026-05-23,0.00594417,0.00587528,0.0057672018516265995,0.005983358148373401,2026-05-26,0.00596325,0.00587528,0.005742911842070178,0.006007648157929822,2026-05-27,0.00597137,0.00587528,0.005722434416774165,0.006028125583225835,2026-05-28,0.00590748,0.00587528,0.005704393442923216,0.006046166557076784,0.00588877,0.00587528,0.0,0.0
UZS_RUB,2026-05-22,0.00588877,test,SET_A,"(0, 1, 0)",2026-05-23,0.00594417,0.00588877,0.005812347208387083,0.005965192791612917,2026-05-26,0.00596325,0.00588877,0.005780691851626599,0.0059968481483734,2026-05-27,0.00597137,0.00588877,0.005756401842070178,0.006021138157929822,2026-05-28,0.00590748,0.00588877,0.0057359244167741645,0.006041615583225835,2026-05-29,0.00594666,0.00588877,0.0057178834429232155,0.006059656557076784,0.00590748,0.00588877,0.0,0.0
UZS_RUB,2026-05-23,0.00594417,test,SET_A,"(0, 1, 0)",2026-05-26,0.00596325,0.00594417,0.005867747208387083,0.0060205927916129175,2026-05-27,0.00597137,0.00594417,0.0058360918516266,0.006052248148373401,2026-05-28,0.00590748,0.00594417,0.0058118018420701785,0.006076538157929822,2026-05-29,0.00594666,0.00594417,0.005791324416774165,0.006097015583225836,2026-05-30,0.00591758,0.00594417,0.005773283442923216,0.006115056557076785,0.00590748,0.00594417,0.006172434503051003,0.0
UZS_RUB,2026-05-26,0.00596325,test,SET_A,"(0, 1, 0)",2026-05-27,0.00597137,0.00596325,0.005886827208387083,0.006039672791612917,2026-05-28,0.00590748,0.00596325,0.005855171851626599,0.0060713281483734,2026-05-29,0.00594666,0.00596325,0.005830881842070178,0.006095618157929822,2026-05-30,0.00591758,0.00596325,0.005810404416774165,0.006116095583225835,2026-06-02,0.0059882,0.00596325,0.0057923634429232155,0.006134136557076784,0.00590748,0.00596325,0.009352282731731878,0.0
UZS_RUB,2026-05-27,0.00597137,test,SET_A,"(0, 1, 0)",2026-05-28,0.00590748,0.00597137,0.005894947208387083,0.006047792791612917,2026-05-29,0.00594666,0.00597137,0.0058632918516266,0.006079448148373401,2026-05-30,0.00591758,0.00597137,0.005839001842070178,0.006103738157929822,2026-06-02,0.0059882,0.00597137,0.005818524416774165,0.006124215583225835,2026-06-03,0.00607976,0.00597137,0.005800483442923216,0.0061422565570767845,0.00590748,0.00597137,0.01069938724279361,0.0
UZS_RUB,2026-05-28,0.00590748,test,SET_A,"(0, 1, 0)",2026-05-29,0.00594666,0.00590748,0.0058310572083870825,0.005983902791612917,2026-05-30,0.00591758,0.00590748,0.005799401851626599,0.0060155581483734,2026-06-02,0.0059882,0.00590748,0.005775111842070178,0.006039848157929822,2026-06-03,0.00607976,0.00590748,0.0057546344167741645,0.006060325583225835,2026-06-04,0.00612694,0.00590748,0.005736593442923215,0.006078366557076784,0.00591758,0.00590748,0.0,0.0
UZS_RUB,2026-05-29,0.00594666,test,SET_A,"(0, 1, 0)",2026-05-30,0.00591758,0.00594666,0.005870237208387082,0.006023082791612918,2026-06-02,0.0059882,0.00594666,0.0058385818516266,0.006054738148373401,2026-06-03,0.00607976,0.00594666,0.005814291842070178,0.006079028157929822,2026-06-04,0.00612694,0.00594666,0.005793814416774165,0.0060995055832258355,2026-06-05,0.00619274,0.00594666,0.005775773442923216,0.006117546557076785,0.00591758,0.00594666,0.004890140011367709,0.0
UZS_RUB,2026-05-30,0.00591758,test,SET_A,"(0, 1, 0)",2026-06-02,0.0059882,0.00591758,0.005841157208387083,0.005994002791612918,2026-06-03,0.00607976,0.00591758,0.0058095018516266,0.006025658148373401,2026-06-04,0.00612694,0.00591758,0.0057852118420701785,0.006049948157929822,2026-06-05,0.00619274,0.00591758,0.005764734416774165,0.006070425583225836,2026-06-06,0.00619274,0.00591758,0.005746693442923216,0.006088466557076785,0.0059882,0.00591758,0.0,0.0
UZS_RUB,2026-06-02,0.0059882,test,SET_A,"(0, 1, 0)",2026-06-03,0.00607976,0.0059882,0.005911777208387082,0.006064622791612918,2026-06-04,0.00612694,0.0059882,0.005880121851626599,0.0060962781483734005,2026-06-05,0.00619274,0.0059882,0.005855831842070178,0.006120568157929822,2026-06-06,0.00619274,0.0059882,0.005835354416774165,0.006141045583225835,2026-06-09,0.00609856,0.0059882,0.005817313442923216,0.006159086557076784,0.00607976,0.0059882,0.0,0.0
UZS_RUB,2026-06-03,0.00607976,test,SET_A,"(0, 1, 0)",2026-06-04,0.00612694,0.00607976,0.006003337208387083,0.006156182791612917,2026-06-05,0.00619274,0.00607976,0.0059716818516265995,0.0061878381483734006,2026-06-06,0.00619274,0.00607976,0.005947391842070178,0.006212128157929822,2026-06-09,0.00609856,0.00607976,0.005926914416774165,0.006232605583225835,2026-06-10,0.00596016,0.00607976,0.005908873442923216,0.006250646557076784,0.00596016,0.00607976,0.01967182915115072,0.0
UZS_RUB,2026-06-04,0.00612694,test,SET_A,"(0, 1, 0)",2026-06-05,0.00619274,0.00612694,0.006050517208387082,0.006203362791612918,2026-06-06,0.00619274,0.00612694,0.0060188618516265995,0.0062350181483734005,2026-06-09,0.00609856,0.00612694,0.005994571842070178,0.006259308157929822,2026-06-10,0.00596016,0.00612694,0.005974094416774165,0.006279785583225835,2026-06-11,0.00595562,0.00612694,0.005956053442923216,0.006297826557076784,0.00595562,0.00612694,0.027961755786738565,0.0
UZS_RUB,2026-06-05,0.00619274,test,SET_A,"(0, 1, 0)",2026-06-06,0.00619274,0.00619274,0.006116317208387083,0.006269162791612918,2026-06-09,0.00609856,0.00619274,0.0060846618516266,0.006300818148373401,2026-06-10,0.00596016,0.00619274,0.0060603718420701785,0.006325108157929822,2026-06-11,0.00595562,0.00619274,0.006039894416774165,0.006345585583225836,2026-06-12,0.00598509,0.00619274,0.006021853442923216,0.006363626557076785,0.00595562,0.00619274,0.03828999764240068,0.0
UZS_RUB,2026-06-06,0.00619274,test,SET_A,"(0, 1, 0)",2026-06-09,0.00609856,0.00619274,0.006116317208387083,0.006269162791612918,2026-06-10,0.00596016,0.00619274,0.0060846618516266,0.006300818148373401,2026-06-11,0.00595562,0.00619274,0.0060603718420701785,0.006325108157929822,2026-06-12,0.00598509,0.00619274,0.006039894416774165,0.006345585583225836,2026-06-16,0.00604777,0.00619274,0.006021853442923216,0.006363626557076785,0.00595562,0.00619274,0.03828999764240068,0.0
UZS_RUB,2026-06-09,0.00609856,test,SET_A,"(0, 1, 0)",2026-06-10,0.00596016,0.00609856,0.006022137208387082,0.006174982791612918,2026-06-11,0.00595562,0.00609856,0.0059904818516266,0.006206638148373401,2026-06-12,0.00598509,0.00609856,0.005966191842070178,0.006230928157929822,2026-06-16,0.00604777,0.00609856,0.005945714416774165,0.0062514055832258355,2026-06-17,0.0060055,0.00609856,0.005927673442923216,0.006269446557076785,0.00595562,0.00609856,0.023438319865673247,0.0
UZS_RUB,2026-06-10,0.00596016,test,SET_A,"(0, 1, 0)",2026-06-11,0.00595562,0.00596016,0.005883737208387082,0.006036582791612918,2026-06-12,0.00598509,0.00596016,0.005852081851626599,0.0060682381483734005,2026-06-16,0.00604777,0.00596016,0.005827791842070178,0.006092528157929822,2026-06-17,0.0060055,0.00596016,0.005807314416774165,0.006113005583225835,2026-06-18,0.00603614,0.00596016,0.005789273442923216,0.006131046557076784,0.00595562,0.00596016,0.000761724517462606,0.0
UZS_RUB,2026-06-11,0.00595562,test,SET_A,"(0, 1, 0)",2026-06-12,0.00598509,0.00595562,0.005879197208387083,0.006032042791612917,2026-06-16,0.00604777,0.00595562,0.0058475418516265995,0.0060636981483734005,2026-06-17,0.0060055,0.00595562,0.005823251842070178,0.006087988157929822,2026-06-18,0.00603614,0.00595562,0.005802774416774165,0.006108465583225835,2026-06-19,0.00606998,0.00595562,0.005784733442923216,0.006126506557076784,0.00598509,0.00595562,0.0,0.0
UZS_RUB,2026-06-12,0.00598509,test,SET_A,"(0, 1, 0)",2026-06-16,0.00604777,0.00598509,0.005908667208387083,0.006061512791612917,2026-06-17,0.0060055,0.00598509,0.0058770118516266,0.006093168148373401,2026-06-18,0.00603614,0.00598509,0.005852721842070178,0.006117458157929822,2026-06-19,0.00606998,0.00598509,0.005832244416774165,0.006137935583225835,2026-06-20,0.00609025,0.00598509,0.005814203442923216,0.0061559765570767845,0.0060055,0.00598509,0.0,0.0
UZS_RUB,2026-06-16,0.00604777,test,SET_A,"(0, 1, 0)",2026-06-17,0.0060055,0.00604777,0.005971347208387082,0.006124192791612918,2026-06-18,0.00603614,0.00604777,0.0059396918516265995,0.006155848148373401,2026-06-19,0.00606998,0.00604777,0.005915401842070178,0.006180138157929822,2026-06-20,0.00609025,0.00604777,0.005894924416774165,0.006200615583225835,2026-06-23,0.00615208,0.00604777,0.005876883442923216,0.006218656557076784,0.0060055,0.00604777,0.00698935310039893,0.0
UZS_RUB,2026-06-17,0.0060055,test,SET_A,"(0, 1, 0)",2026-06-18,0.00603614,0.0060055,0.005929077208387083,0.006081922791612918,2026-06-19,0.00606998,0.0060055,0.0058974218516266,0.006113578148373401,2026-06-20,0.00609025,0.0060055,0.0058731318420701785,0.006137868157929822,2026-06-23,0.00615208,0.0060055,0.005852654416774165,0.006158345583225836,2026-06-24,0.00620952,0.0060055,0.005834613442923216,0.006176386557076785,0.00603614,0.0060055,0.0,0.0
UZS_RUB,2026-06-18,0.00603614,test,SET_A,"(0, 1, 0)",2026-06-19,0.00606998,0.00603614,0.005959717208387082,0.006112562791612918,2026-06-20,0.00609025,0.00603614,0.005928061851626599,0.0061442181483734,2026-06-23,0.00615208,0.00603614,0.005903771842070178,0.006168508157929822,2026-06-24,0.00620952,0.00603614,0.0058832944167741645,0.006188985583225835,2026-06-25,0.00621851,0.00603614,0.005865253442923215,0.006207026557076784,0.00606998,0.00603614,0.0,0.0
UZS_RUB,2026-06-19,0.00606998,test,SET_A,"(0, 1, 0)",2026-06-20,0.00609025,0.00606998,0.005993557208387082,0.006146402791612918,2026-06-23,0.00615208,0.00606998,0.0059619018516265995,0.0061780581483734005,2026-06-24,0.00620952,0.00606998,0.005937611842070178,0.006202348157929822,2026-06-25,0.00621851,0.00606998,0.005917134416774165,0.006222825583225835,2026-06-26,0.0062958,0.00606998,0.005899093442923216,0.006240866557076784,0.00609025,0.00606998,0.0,0.0
UZS_RUB,2026-06-20,0.00609025,test,SET_A,"(0, 1, 0)",2026-06-23,0.00615208,0.00609025,0.006013827208387083,0.006166672791612917,2026-06-24,0.00620952,0.00609025,0.0059821718516266,0.006198328148373401,2026-06-25,0.00621851,0.00609025,0.005957881842070178,0.006222618157929822,2026-06-26,0.0062958,0.00609025,0.005937404416774165,0.006243095583225835,2026-06-27,0.00641679,0.00609025,0.005919363442923216,0.0062611365570767845,0.00615208,0.00609025,0.0,0.0
UZS_RUB,2026-06-23,0.00615208,test,SET_A,"(0, 1, 0)",2026-06-24,0.00620952,0.00615208,0.006075657208387082,0.006228502791612918,2026-06-25,0.00621851,0.00615208,0.006044001851626599,0.0062601581483734,2026-06-26,0.0062958,0.00615208,0.006019711842070178,0.006284448157929822,2026-06-27,0.00641679,0.00615208,0.005999234416774165,0.006304925583225835,2026-06-30,0.00644681,0.00615208,0.0059811934429232156,0.006322966557076784,0.00620952,0.00615208,0.0,0.0
UZS_RUB,2026-06-24,0.00620952,test,SET_A,"(0, 1, 0)",2026-06-25,0.00621851,0.00620952,0.0061330972083870824,0.006285942791612917,2026-06-26,0.0062958,0.00620952,0.006101441851626599,0.0063175981483734,2026-06-27,0.00641679,0.00620952,0.006077151842070178,0.0063418881579298215,2026-06-30,0.00644681,0.00620952,0.006056674416774164,0.006362365583225835,2026-07-01,0.00651743,0.00620952,0.006038633442923215,0.006380406557076784,0.00621851,0.00620952,0.0,0.0
UZS_RUB,2026-06-25,0.00621851,test,SET_A,"(0, 1, 0)",2026-06-26,0.0062958,0.00621851,0.006142087208387083,0.006294932791612917,2026-06-27,0.00641679,0.00621851,0.0061104318516265995,0.0063265881483734005,2026-06-30,0.00644681,0.00621851,0.006086141842070178,0.006350878157929822,2026-07-01,0.00651743,0.00621851,0.006065664416774165,0.006371355583225835,2026-07-02,0.00655804,0.00621851,0.006047623442923216,0.006389396557076784,0.0062958,0.00621851,0.0,0.0
UZS_RUB,2026-06-26,0.0062958,test,SET_A,"(0, 1, 0)",2026-06-27,0.00641679,0.0062958,0.006219377208387082,0.006372222791612918,2026-06-30,0.00644681,0.0062958,0.006187721851626599,0.0064038781483734,2026-07-01,0.00651743,0.0062958,0.006163431842070178,0.006428168157929822,2026-07-02,0.00655804,0.0062958,0.006142954416774165,0.006448645583225835,2026-07-03,0.00654337,0.0062958,0.0061249134429232155,0.006466686557076784,0.00641679,0.0062958,0.0,0.0
UZS_RUB,2026-06-27,0.00641679,test,SET_A,"(0, 1, 0)",2026-06-30,0.00644681,0.00641679,0.006340367208387083,0.0064932127916129175,2026-07-01,0.00651743,0.00641679,0.0063087118516266,0.006524868148373401,2026-07-02,0.00655804,0.00641679,0.0062844218420701784,0.006549158157929822,2026-07-03,0.00654337,0.00641679,0.006263944416774165,0.006569635583225836,2026-07-04,0.00644956,0.00641679,0.006245903442923216,0.006587676557076785,0.00644681,0.00641679,0.0,0.0
UZS_RUB,2026-06-30,0.00644681,test,SET_A,"(0, 1, 0)",2026-07-01,0.00651743,0.00644681,0.006370387208387082,0.006523232791612918,2026-07-02,0.00655804,0.00644681,0.006338731851626599,0.0065548881483734,2026-07-03,0.00654337,0.00644681,0.006314441842070178,0.006579178157929822,2026-07-04,0.00644956,0.00644681,0.006293964416774165,0.006599655583225835,2026-07-07,0.00647477,0.00644681,0.0062759234429232156,0.006617696557076784,0.00644956,0.00644681,0.0,0.0
UZS_RUB,2026-07-01,0.00651743,test,SET_A,"(0, 1, 0)",2026-07-02,0.00655804,0.00651743,0.006441007208387082,0.006593852791612918,2026-07-03,0.00654337,0.00651743,0.0064093518516266,0.006625508148373401,2026-07-04,0.00644956,0.00651743,0.006385061842070178,0.006649798157929822,2026-07-07,0.00647477,0.00651743,0.006364584416774165,0.0066702755832258355,2026-07-08,0.00633257,0.00651743,0.006346543442923216,0.006688316557076785,0.00633257,0.00651743,0.028363941001284282,0.0
UZS_RUB,2026-07-02,0.00655804,test,SET_A,"(0, 1, 0)",2026-07-03,0.00654337,0.00655804,0.006481617208387082,0.006634462791612918,2026-07-04,0.00644956,0.00655804,0.0064499618516266,0.006666118148373401,2026-07-07,0.00647477,0.00655804,0.006425671842070178,0.006690408157929822,2026-07-08,0.00633257,0.00655804,0.006405194416774165,0.0067108855832258354,2026-07-09,0.00636436,0.00655804,0.006387153442923216,0.0067289265570767845,0.00633257,0.00655804,0.03438069911131987,0.0
UZS_RUB,2026-07-03,0.00654337,test,SET_A,"(0, 1, 0)",2026-07-04,0.00644956,0.00654337,0.0064669472083870826,0.006619792791612917,2026-07-07,0.00647477,0.00654337,0.006435291851626599,0.0066514481483734,2026-07-08,0.00633257,0.00654337,0.006411001842070178,0.006675738157929822,2026-07-09,0.00636436,0.00654337,0.0063905244167741645,0.006696215583225835,2026-07-10,0.00632107,0.00654337,0.006372483442923215,0.006714256557076784,0.00632107,0.00654337,0.033973319558576076,0.0
UZS_RUB,2026-07-04,0.00644956,test,SET_A,"(0, 1, 0)",2026-07-07,0.00647477,0.00644956,0.006373137208387083,0.006525982791612917,2026-07-08,0.00633257,0.00644956,0.0063414818516265995,0.0065576381483734006,2026-07-09,0.00636436,0.00644956,0.006317191842070178,0.006581928157929822,2026-07-10,0.00632107,0.00644956,0.006296714416774165,0.006602405583225835,2026-07-11,0.00634853,0.00644956,0.006278673442923216,0.006620446557076784,0.00632107,0.00644956,0.019922289272446523,0.0
UZS_RUB,2026-07-07,0.00647477,test,SET_A,"(0, 1, 0)",2026-07-08,0.00633257,0.00647477,0.006398347208387082,0.006551192791612918,2026-07-09,0.00636436,0.00647477,0.0063666918516266,0.006582848148373401,2026-07-10,0.00632107,0.00647477,0.0063424018420701785,0.006607138157929822,2026-07-11,0.00634853,0.00647477,0.006321924416774165,0.006627615583225836,2026-07-14,0.00633607,0.00647477,0.006303883442923216,0.006645656557076785,0.00632107,0.00647477,0.023738294951017647,0.0
UZS_RUB,2026-07-08,0.00633257,test,SET_A,"(0, 1, 0)",2026-07-09,0.00636436,0.00633257,0.006256147208387082,0.006408992791612918,2026-07-10,0.00632107,0.00633257,0.0062244918516265995,0.006440648148373401,2026-07-11,0.00634853,0.00633257,0.006200201842070178,0.006464938157929822,2026-07-14,0.00633607,0.00633257,0.006179724416774165,0.006485415583225835,2026-07-15,0.00642255,0.00633257,0.006161683442923216,0.006503456557076784,0.00632107,0.00633257,0.0018160083504801725,0.0
UZS_RUB,2026-07-09,0.00636436,test,SET_A,"(0, 1, 0)",2026-07-10,0.00632107,0.00636436,0.006287937208387082,0.006440782791612918,2026-07-11,0.00634853,0.00636436,0.0062562818516266,0.006472438148373401,2026-07-14,0.00633607,0.00636436,0.0062319918420701784,0.006496728157929822,2026-07-15,0.00642255,0.00636436,0.006211514416774165,0.0065172055832258356,2026-07-16,0.00644858,0.00636436,0.006193473442923216,0.006535246557076785,0.00632107,0.00636436,0.006801940807873928,0.0
UZS_RUB,2026-07-10,0.00632107,test,SET_A,"(0, 1, 0)",2026-07-11,0.00634853,0.00632107,0.006244647208387083,0.006397492791612917,2026-07-14,0.00633607,0.00632107,0.006212991851626599,0.0064291481483734,2026-07-15,0.00642255,0.00632107,0.006188701842070178,0.006453438157929822,2026-07-16,0.00644858,0.00632107,0.006168224416774165,0.006473915583225835,2026-07-17,0.00647613,0.00632107,0.0061501834429232155,0.006491956557076784,0.00633607,0.00632107,0.0,0.0
UZS_RUB,2026-07-11,0.00634853,test,SET_A,"(0, 1, 0)",2026-07-14,0.00633607,0.00634853,0.006272107208387083,0.006424952791612917,2026-07-15,0.00642255,0.00634853,0.006240451851626599,0.0064566081483734,2026-07-16,0.00644858,0.00634853,0.006216161842070178,0.006480898157929822,2026-07-17,0.00647613,0.00634853,0.006195684416774165,0.006501375583225835,2026-07-18,0.00651626,0.00634853,0.0061776434429232155,0.006519416557076784,0.00633607,0.00634853,0.0019626590722576294,0.0
UZS_RUB,2026-07-14,0.00633607,test,SET_A,"(0, 1, 0)",2026-07-15,0.00642255,0.00633607,0.006259647208387082,0.006412492791612918,2026-07-16,0.00644858,0.00633607,0.0062279918516265995,0.006444148148373401,2026-07-17,0.00647613,0.00633607,0.006203701842070178,0.006468438157929822,2026-07-18,0.00651626,0.00633607,0.006183224416774165,0.006488915583225835,2026-07-21,0.0065481,0.00633607,0.006165183442923216,0.006506956557076784,0.00642255,0.00633607,0.0,0.0
UZS_RUB,2026-07-15,0.00642255,test,SET_A,"(0, 1, 0)",2026-07-16,0.00644858,0.00642255,0.006346127208387082,0.006498972791612918,2026-07-17,0.00647613,0.00642255,0.006314471851626599,0.0065306281483734005,2026-07-18,0.00651626,0.00642255,0.006290181842070178,0.006554918157929822,2026-07-21,0.0065481,0.00642255,0.006269704416774165,0.006575395583225835,2026-07-22,0.00655351,0.00642255,0.006251663442923216,0.006593436557076784,0.00644858,0.00642255,0.0,0.0
UZS_RUB,2026-07-16,0.00644858,test,SET_A,"(0, 1, 0)",2026-07-17,0.00647613,0.00644858,0.006372157208387082,0.006525002791612918,2026-07-18,0.00651626,0.00644858,0.006340501851626599,0.0065566581483734,2026-07-21,0.0065481,0.00644858,0.006316211842070178,0.006580948157929822,2026-07-22,0.00655351,0.00644858,0.0062957344167741645,0.006601425583225835,2026-07-23,0.00651312,0.00644858,0.0062776934429232155,0.006619466557076784,0.00647613,0.00644858,0.0,0.0
UZS_RUB,2026-07-17,0.00647613,test,SET_A,"(0, 1, 0)",2026-07-18,0.00651626,0.00647613,0.006399707208387083,0.006552552791612917,2026-07-21,0.0065481,0.00647613,0.0063680518516265995,0.006584208148373401,2026-07-22,0.00655351,0.00647613,0.006343761842070178,0.006608498157929822,2026-07-23,0.00651312,0.00647613,0.006323284416774165,0.006628975583225835,2026-07-24,0.00647876,0.00647613,0.006305243442923216,0.006647016557076784,0.00647876,0.00647613,0.0,0.0
UZS_RUB,2026-07-18,0.00651626,test,SET_A,"(0, 1, 0)",2026-07-21,0.0065481,0.00651626,0.006439837208387082,0.006592682791612918,2026-07-22,0.00655351,0.00651626,0.0064081818516266,0.006624338148373401,2026-07-23,0.00651312,0.00651626,0.006383891842070178,0.006648628157929822,2026-07-24,0.00647876,0.00651626,0.006363414416774165,0.0066691055832258355,2026-07-25,0.00649224,0.00651626,0.006345373442923216,0.006687146557076785,0.00647876,0.00651626,0.005754834828567338,0.0
UZS_RUB,2026-07-21,0.0065481,test,SET_A,"(0, 1, 0)",2026-07-22,0.00655351,0.0065481,0.006471677208387082,0.006624522791612918,2026-07-23,0.00651312,0.0065481,0.0064400218516266,0.006656178148373401,2026-07-24,0.00647876,0.0065481,0.006415731842070178,0.006680468157929822,2026-07-25,0.00649224,0.0065481,0.006395254416774165,0.0067009455832258355,2026-07-28,0.00650744,0.0065481,0.006377213442923216,0.006718986557076785,0.00647876,0.0065481,0.010589331256395015,0.0
UZS_RUB,2026-07-22,0.00655351,test,SET_A,"(0, 1, 0)",2026-07-23,0.00651312,0.00655351,0.006477087208387083,0.006629932791612917,2026-07-24,0.00647876,0.00655351,0.0064454318516266,0.006661588148373401,2026-07-25,0.00649224,0.00655351,0.006421141842070178,0.006685878157929822,2026-07-28,0.00650744,0.00655351,0.006400664416774165,0.0067063555832258355,2026-07-29,0.00653077,0.00655351,0.006382623442923216,0.0067243965570767845,0.00647876,0.00655351,0.011406101463185402,0.0
UZS_RUB,2026-07-23,0.00651312,test,SET_A,"(0, 1, 0)",2026-07-24,0.00647876,0.00651312,0.006436697208387082,0.006589542791612918,2026-07-25,0.00649224,0.00651312,0.006405041851626599,0.0066211981483734,2026-07-28,0.00650744,0.00651312,0.006380751842070178,0.006645488157929822,2026-07-29,0.00653077,0.00651312,0.006360274416774165,0.006665965583225835,2026-07-30,0.00659371,0.00651312,0.0063422334429232155,0.006684006557076784,0.00647876,0.00651312,0.005275505441324553,0.0
UZS_RUB,2026-07-24,0.00647876,test,SET_A,"(0, 1, 0)",2026-07-25,0.00649224,0.00647876,0.006402337208387083,0.006555182791612917,2026-07-28,0.00650744,0.00647876,0.0063706818516265995,0.006586838148373401,2026-07-29,0.00653077,0.00647876,0.006346391842070178,0.006611128157929822,2026-07-30,0.00659371,0.00647876,0.006325914416774165,0.006631605583225835,2026-07-31,0.00665123,0.00647876,0.006307873442923216,0.006649646557076784,0.00649224,0.00647876,0.0,0.0
UZS_RUB,2026-07-25,0.00649224,test,SET_A,"(0, 1, 0)",2026-07-28,0.00650744,0.00649224,0.006415817208387083,0.006568662791612917,2026-07-29,0.00653077,0.00649224,0.006384161851626599,0.0066003181483734,2026-07-30,0.00659371,0.00649224,0.006359871842070178,0.006624608157929822,2026-07-31,0.00665123,0.00649224,0.006339394416774165,0.006645085583225835,2026-08-01,0.00664402,0.00649224,0.0063213534429232155,0.006663126557076784,0.00650744,0.00649224,0.0,0.0
UZS_RUB,2026-07-28,0.00650744,test,SET_A,"(0, 1, 0)",2026-07-29,0.00653077,0.00650744,0.006431017208387083,0.006583862791612917,2026-07-30,0.00659371,0.00650744,0.006399361851626599,0.0066155181483734,2026-07-31,0.00665123,0.00650744,0.006375071842070178,0.006639808157929822,2026-08-01,0.00664402,0.00650744,0.0063545944167741645,0.006660285583225835,2026-08-04,0.00667826,0.00650744,0.0063365534429232154,0.006678326557076784,0.00653077,0.00650744,0.0,0.0
UZS_RUB,2026-07-29,0.00653077,test,SET_A,"(0, 1, 0)",2026-07-30,0.00659371,0.00653077,0.006454347208387083,0.006607192791612917,2026-07-31,0.00665123,0.00653077,0.0064226918516265994,0.0066388481483734005,2026-08-01,0.00664402,0.00653077,0.006398401842070178,0.006663138157929822,2026-08-04,0.00667826,0.00653077,0.006377924416774165,0.006683615583225835,2026-08-05,0.00679347,0.00653077,0.006359883442923216,0.006701656557076784,0.00659371,0.00653077,0.0,0.0
UZS_RUB,2026-07-30,0.00659371,test,SET_A,"(0, 1, 0)",2026-07-31,0.00665123,0.00659371,0.006517287208387082,0.006670132791612918,2026-08-01,0.00664402,0.00659371,0.0064856318516265995,0.0067017881483734006,2026-08-04,0.00667826,0.00659371,0.006461341842070178,0.006726078157929822,2026-08-05,0.00679347,0.00659371,0.006440864416774165,0.006746555583225835,2026-08-06,0.00680838,0.00659371,0.006422823442923216,0.006764596557076784,0.00664402,0.00659371,0.0,0.0
UZS_RUB,2026-07-31,0.00665123,test,SET_A,"(0, 1, 0)",2026-08-01,0.00664402,0.00665123,0.006574807208387082,0.006727652791612918,2026-08-04,0.00667826,0.00665123,0.0065431518516266,0.006759308148373401,2026-08-05,0.00679347,0.00665123,0.006518861842070178,0.006783598157929822,2026-08-06,0.00680838,0.00665123,0.006498384416774165,0.006804075583225835,2026-08-07,0.006832,0.00665123,0.006480343442923216,0.0068221165570767845,0.00664402,0.00665123,0.0010840100252134642,0.0
UZS_RUB,2026-08-01,0.00664402,test,SET_A,"(0, 1, 0)",2026-08-04,0.00667826,0.00664402,0.006567597208387082,0.006720442791612918,2026-08-05,0.00679347,0.00664402,0.006535941851626599,0.0067520981483734,2026-08-06,0.00680838,0.00664402,0.006511651842070178,0.0067763881579298215,2026-08-07,0.006832,0.00664402,0.006491174416774164,0.006796865583225835,2026-08-08,0.00687465,0.00664402,0.006473133442923215,0.006814906557076784,0.00667826,0.00664402,0.0,0.0
UZS_RUB,2026-08-04,0.00667826,test,SET_A,"(0, 1, 0)",2026-08-05,0.00679347,0.00667826,0.006601837208387083,0.006754682791612917,2026-08-06,0.00680838,0.00667826,0.0065701818516265996,0.006786338148373401,2026-08-07,0.006832,0.00667826,0.006545891842070178,0.006810628157929822,2026-08-08,0.00687465,0.00667826,0.006525414416774165,0.006831105583225835,2026-08-11,0.00692155,0.00667826,0.006507373442923216,0.006849146557076784,0.00679347,0.00667826,0.0,0.0
UZS_RUB,2026-08-05,0.00679347,test,SET_A,"(0, 1, 0)",2026-08-06,0.00680838,0.00679347,0.006717047208387082,0.006869892791612918,2026-08-07,0.006832,0.00679347,0.0066853918516266,0.006901548148373401,2026-08-08,0.00687465,0.00679347,0.006661101842070178,0.006925838157929822,2026-08-11,0.00692155,0.00679347,0.006640624416774165,0.0069463155832258355,2026-08-12,0.00690213,0.00679347,0.006622583442923216,0.0069643565570767845,0.00680838,0.00679347,0.0,0.0
UZS_RUB,2026-08-06,0.00680838,test,SET_A,"(0, 1, 0)",2026-08-07,0.006832,0.00680838,0.006731957208387082,0.006884802791612918,2026-08-08,0.00687465,0.00680838,0.0067003018516266,0.006916458148373401,2026-08-11,0.00692155,0.00680838,0.006676011842070178,0.006940748157929822,2026-08-12,0.00690213,0.00680838,0.006655534416774165,0.006961225583225835,2026-08-13,0.00698049,0.00680838,0.006637493442923216,0.0069792665570767845,0.006832,0.00680838,0.0,0.0
UZS_RUB,2026-08-07,0.006832,test,SET_A,"(0, 1, 0)",2026-08-08,0.00687465,0.006832,0.006755577208387082,0.0069084227916129184,2026-08-11,0.00692155,0.006832,0.0067239218516266,0.006940078148373401,2026-08-12,0.00690213,0.006832,0.0066996318420701785,0.006964368157929822,2026-08-13,0.00698049,0.006832,0.006679154416774165,0.006984845583225836,2026-08-14,0.00701387,0.006832,0.006661113442923216,0.007002886557076785,0.00687465,0.006832,0.0,0.0
UZS_RUB,2026-08-08,0.00687465,test,SET_A,"(0, 1, 0)",2026-08-11,0.00692155,0.00687465,0.006798227208387082,0.006951072791612918,2026-08-12,0.00690213,0.00687465,0.0067665718516266,0.006982728148373401,2026-08-13,0.00698049,0.00687465,0.0067422818420701785,0.007007018157929822,2026-08-14,0.00701387,0.00687465,0.006721804416774165,0.007027495583225836,2026-08-15,0.00708206,0.00687465,0.006703763442923216,0.007045536557076785,0.00690213,0.00687465,0.0,0.0
UZS_RUB,2026-08-11,0.00692155,test,SET_A,"(0, 1, 0)",2026-08-12,0.00690213,0.00692155,0.006845127208387083,0.0069979727916129175,2026-08-13,0.00698049,0.00692155,0.0068134718516266,0.007029628148373401,2026-08-14,0.00701387,0.00692155,0.006789181842070178,0.007053918157929822,2026-08-15,0.00708206,0.00692155,0.006768704416774165,0.0070743955832258355,2026-08-18,0.0071493,0.00692155,0.006750663442923216,0.007092436557076785,0.00690213,0.00692155,0.002805729930434661,0.0
UZS_RUB,2026-08-12,0.00690213,test,SET_A,"(0, 1, 0)",2026-08-13,0.00698049,0.00690213,0.006825707208387082,0.006978552791612918,2026-08-14,0.00701387,0.00690213,0.0067940518516266,0.007010208148373401,2026-08-15,0.00708206,0.00690213,0.006769761842070178,0.007034498157929822,2026-08-18,0.0071493,0.00690213,0.006749284416774165,0.0070549755832258355,2026-08-19,0.00718242,0.00690213,0.006731243442923216,0.0070730165570767846,0.00698049,0.00690213,0.0,0.0
UZS_RUB,2026-08-13,0.00698049,test,SET_A,"(0, 1, 0)",2026-08-14,0.00701387,0.00698049,0.006904067208387082,0.007056912791612918,2026-08-15,0.00708206,0.00698049,0.006872411851626599,0.0070885681483734,2026-08-18,0.0071493,0.00698049,0.006848121842070178,0.007112858157929822,2026-08-19,0.00718242,0.00698049,0.0068276444167741646,0.007133335583225835,2026-08-20,0.0072019,0.00698049,0.0068096034429232155,0.007151376557076784,0.00701387,0.00698049,0.0,0.0
UZS_RUB,2026-08-14,0.00701387,test,SET_A,"(0, 1, 0)",2026-08-15,0.00708206,0.00701387,0.006937447208387083,0.007090292791612917,2026-08-18,0.0071493,0.00701387,0.0069057918516266,0.007121948148373401,2026-08-19,0.00718242,0.00701387,0.006881501842070178,0.007146238157929822,2026-08-20,0.0072019,0.00701387,0.006861024416774165,0.007166715583225835,2026-08-21,0.00706705,0.00701387,0.006842983442923216,0.0071847565570767845,0.00706705,0.00701387,0.0,0.0
UZS_RUB,2026-08-15,0.00708206,test,SET_A,"(0, 1, 0)",2026-08-18,0.0071493,0.00708206,0.007005637208387082,0.007158482791612918,2026-08-19,0.00718242,0.00708206,0.0069739818516266,0.007190138148373401,2026-08-20,0.0072019,0.00708206,0.006949691842070178,0.007214428157929822,2026-08-21,0.00706705,0.00708206,0.006929214416774165,0.0072349055832258355,2026-08-22,0.00699924,0.00708206,0.006911173442923216,0.007252946557076785,0.00699924,0.00708206,0.011694337523262996,0.0
UZS_RUB,2026-08-18,0.0071493,test,SET_A,"(0, 1, 0)",2026-08-19,0.00718242,0.0071493,0.007072877208387082,0.007225722791612918,2026-08-20,0.0072019,0.0071493,0.007041221851626599,0.0072573781483734005,2026-08-21,0.00706705,0.0071493,0.007016931842070178,0.007281668157929822,2026-08-22,0.00699924,0.0071493,0.006996454416774165,0.007302145583225835,2026-08-25,0.0070264,0.0071493,0.006978413442923216,0.007320186557076784,0.00699924,0.0071493,0.020989467500314662,0.0
UZS_RUB,2026-08-19,0.00718242,test,SET_A,"(0, 1, 0)",2026-08-20,0.0072019,0.00718242,0.007105997208387083,0.007258842791612917,2026-08-21,0.00706705,0.00718242,0.0070743418516266,0.007290498148373401,2026-08-22,0.00699924,0.00718242,0.007050051842070178,0.007314788157929822,2026-08-25,0.0070264,0.00718242,0.007029574416774165,0.007335265583225835,2026-08-26,0.00717098,0.00718242,0.007011533442923216,0.007353306557076784,0.00699924,0.00718242,0.025503938783863905,0.0
UZS_RUB,2026-08-20,0.0072019,test,SET_A,"(0, 1, 0)",2026-08-21,0.00706705,0.0072019,0.007125477208387082,0.007278322791612918,2026-08-22,0.00699924,0.0072019,0.007093821851626599,0.0073099781483734,2026-08-25,0.0070264,0.0072019,0.007069531842070178,0.007334268157929822,2026-08-26,0.00717098,0.0072019,0.007049054416774165,0.007354745583225835,2026-08-27,0.00715557,0.0072019,0.0070310134429232155,0.007372786557076784,0.00699924,0.0072019,0.02813979644260535,0.0
