corridor,date,rate_t,favourability_percentile_90,past_best_5,past_advantage_5,predicted_rate_h1,predicted_rate_h2,predicted_rate_h3,predicted_rate_h4,predicted_rate_h5,predicted_future_best_5,predicted_regret_5,actual_future_best_5,actual_regret_5,partition,favourability_percentile_20,regret_quality,good_day_score,actual_good_day,rate_relative_to_prior_20_range,eligible_a_strict,is_cooldown_a_strict,observations_since_last_signal_a_strict,adaptive_percentile_level_a_strict,adaptive_score_threshold_a_strict,signal_a_strict,effective_favourability_floor_a_strict,effective_regret_ceiling_a_strict,eligible_b_balanced,is_cooldown_b_balanced,observations_since_last_signal_b_balanced,adaptive_percentile_level_b_balanced,adaptive_score_threshold_b_balanced,signal_b_balanced,effective_favourability_floor_b_balanced,effective_regret_ceiling_b_balanced,eligible_c_more_frequent,is_cooldown_c_more_frequent,observations_since_last_signal_c_more_frequent,adaptive_percentile_level_c_more_frequent,adaptive_score_threshold_c_more_frequent,signal_c_more_frequent,effective_favourability_floor_c_more_frequent,effective_regret_ceiling_c_more_frequent
AMD_RUB,2025-07-12,0.202874,0.9888888888888888,0.20301,0.0006699177380424,0.2028527350881482,0.2026864475750495,0.2028471232874214,0.2029938341222967,0.2030314502177598,0.2026864475750495,0.0009244773847338,0.202953,0.0,TEST,0.95,0.90755226152662,0.933020904610648,True,0.022471910112360285,True,False,7.0,0.7,0.9400000000000001,False,0.75,0.0075,True,False,7.0,0.7,0.9400000000000001,False,0.7,0.01,True,False,7.0,0.7,0.9400000000000001,False,0.7,0.01
AMD_RUB,2025-07-15,0.20402,0.8777777777777778,0.202874,-0.005648826365133,0.2041807342416632,0.2042045882531512,0.2042331093063607,0.20424417827821,0.2043068959237113,0.2041807342416632,0.0,0.202953,0.0052298794235859,TEST,0.44999999999999996,1.0,0.6699999999999999,False,0.32192317742357246,False,False,8.0,0.7,0.9400000000000001,False,0.75,0.0075,False,False,8.0,0.7,0.9400000000000001,False,0.7,0.01,False,False,8.0,0.7,0.9400000000000001,False,0.7,0.01
AMD_RUB,2025-07-16,0.202953,0.9666666666666668,0.202874,-0.0003894042607726,0.2027537947497572,0.2027574802900761,0.2030025441380143,0.2031101316523004,0.2031498235626609,0.2027537947497572,0.0009815339031342,0.203038,0.0,TEST,0.85,0.90184660968658,0.8707386438746321,True,0.04311471126208482,True,False,9.0,0.7,0.9351146332274536,False,0.75,0.0075,True,False,9.0,0.7,0.9351146332274536,False,0.7,0.01,True,False,9.0,0.7,0.9351146332274536,False,0.7,0.01
AMD_RUB,2025-07-17,0.203038,0.9444444444444444,0.202874,-0.0008083835286926,0.203038731235095,0.2030111169338869,0.2030445009514525,0.2032301210306902,0.2032291168403553,0.2030111169338869,0.0001324041121026,0.203371,0.0,TEST,0.75,0.98675958878974,0.844703835515896,False,0.06532532009406856,True,False,10.0,0.7,0.9301529114058692,False,0.75,0.0075,True,False,10.0,0.7,0.9301529114058692,False,0.7,0.01,True,False,10.0,0.7,0.9301529114058692,False,0.7,0.01
AMD_RUB,2025-07-18,0.203545,0.8777777777777778,0.202874,-0.003307471632639,0.2036537970454105,0.2036850462745851,0.2037423624555345,0.2037977454078198,0.2038704824533213,0.2036537970454105,0.0,0.203371,0.0008548478223489,TEST,0.44999999999999996,1.0,0.6699999999999999,False,0.19780506924484145,False,False,11.0,0.7,0.9301529114058692,False,0.75,0.0075,False,False,11.0,0.7,0.9301529114058692,False,0.7,0.01,False,False,11.0,0.7,0.9301529114058692,False,0.7,0.01
AMD_RUB,2025-07-19,0.203818,0.8555555555555556,0.202874,-0.0046531344578408,0.2039052690214138,0.2039512088761459,0.2040704096638464,0.2041114165732918,0.2041464469954016,0.2039052690214138,0.0,0.203371,0.0021931330893248,TEST,0.35,1.0,0.61,False,0.26914031878756306,False,False,12.0,0.6,0.891355459576704,False,0.75,0.0075,False,False,12.0,0.6,0.891355459576704,False,0.7,0.01,False,False,12.0,0.6,0.891355459576704,False,0.7,0.01
AMD_RUB,2025-07-22,0.204068,0.8222222222222222,0.202953,-0.0054938828201603,0.2041654242700468,0.2041731286156799,0.2042994855091238,0.204378996314375,0.2043968498633958,0.2041654242700468,0.0,0.203371,0.0034155281572809,TEST,0.30000000000000004,1.0,0.5800000000000001,False,0.33446563888163167,False,False,13.0,0.6,0.891355459576704,False,0.75,0.0075,False,False,13.0,0.6,0.891355459576704,False,0.7,0.01,False,False,13.0,0.6,0.891355459576704,False,0.7,0.01
AMD_RUB,2025-07-23,0.203371,0.9111111111111112,0.202953,-0.0020595901514143,0.2033410394219947,0.2033236495320647,0.203453969660888,0.20355837319282,0.203591503209097,0.2033236495320647,0.000232828023343,0.204344,0.0,TEST,0.65,0.9767171976657,0.78068687906628,False,0.15233864645936782,False,False,14.0,0.6,0.891355459576704,False,0.75,0.0075,False,False,14.0,0.6,0.891355459576704,False,0.7,0.01,False,False,14.0,0.6,0.891355459576704,False,0.7,0.01
AMD_RUB,2025-07-24,0.204344,0.7666666666666666,0.203038,-0.0064322934623075,0.2045829238253245,0.2046350681719246,0.2046081864403714,0.2046926215747313,0.2047783909767262,0.2045829238253245,0.0,0.20551,0.0,TEST,0.19999999999999996,1.0,0.52,False,0.46433900328260375,False,False,15.0,0.6,0.891355459576704,False,0.75,0.0075,False,False,15.0,0.6,0.891355459576704,False,0.7,0.01,False,False,15.0,0.6,0.891355459576704,False,0.7,0.01
AMD_RUB,2025-07-25,0.20551,0.6333333333333333,0.203371,-0.0105177237659253,0.2057625474772339,0.2058924496836915,0.2058931561873641,0.2059956419312525,0.2060148475891906,0.2057625474772339,0.0,0.207201,0.0,TEST,0.0,1.0,0.4,False,0.8122948373619839,False,False,16.0,0.6,0.891355459576704,False,0.75,0.0075,False,False,16.0,0.6,0.891355459576704,False,0.7,0.01,False,False,16.0,0.6,0.891355459576704,False,0.7,0.01
AMD_RUB,2025-07-26,0.207201,0.5111111111111111,0.203371,-0.0188325769160794,0.2074081499182485,0.2075299532180558,0.2076063225230552,0.2077847043247019,0.2076437794661421,0.2074081499182485,0.0,0.207359,0.0,TEST,0.0,1.0,0.4,False,1.6212343864805279,False,False,17.0,0.6,0.891355459576704,False,0.75,0.0075,False,False,17.0,0.6,0.891355459576704,False,0.7,0.01,False,False,17.0,0.6,0.891355459576704,False,0.7,0.01
AMD_RUB,2025-07-29,0.207359,0.5,0.203371,-0.0196094821778915,0.2074633820046831,0.2075803024037244,0.2077174121337905,0.207929042593205,0.207706609466581,0.2074633820046831,0.0,0.207721,0.0,TEST,0.0,1.0,0.4,False,1.0358033084069775,False,False,18.0,0.6,0.8814960632729376,False,0.75,0.0075,False,False,18.0,0.6,0.8814960632729376,False,0.7,0.01,False,False,18.0,0.6,0.8814960632729376,False,0.7,0.01
AMD_RUB,2025-07-30,0.214203,0.1666666666666666,0.203371,-0.0532622645313245,0.2150351057764335,0.2149099199862583,0.2150358355347976,0.2150513012442114,0.2147035140841475,0.2147035140841475,0.0,0.207721,0.0302610140847701,TEST,0.0,1.0,0.4,False,2.497265368628315,False,False,19.0,0.6,0.8759392495977169,False,0.75,0.0075,False,False,19.0,0.6,0.8759392495977169,False,0.7,0.01,False,False,19.0,0.6,0.8759392495977169,False,0.7,0.01
AMD_RUB,2025-07-31,0.2132,0.1999999999999999,0.204344,-0.043338683788122,0.2132977855561397,0.2132720019215505,0.2132550850577924,0.2136476358679287,0.2136264142993674,0.2132550850577924,0.0,0.207721,0.0256988742964353,TEST,0.050000000000000044,1.0,0.43000000000000005,False,0.9121331581252735,False,False,20.0,0.6,0.8551177588593905,False,0.75,0.0075,False,False,20.0,0.6,0.8551177588593905,False,0.7,0.01,False,False,20.0,0.6,0.8551177588593905,False,0.7,0.01
AMD_RUB,2025-08-01,0.209255,0.3333333333333333,0.20551,-0.0182229575203153,0.2087852684641292,0.20886564742592,0.209428330219602,0.209510610350277,0.2096354171292027,0.2087852684641292,0.0022447804634096,0.20692,0.011158634202289,TEST,0.09999999999999998,0.7755219536590401,0.3702087814636161,False,0.5665352606219882,False,False,21.0,0.6,0.8298815342063585,False,0.75,0.0075,False,False,21.0,0.6,0.8298815342063585,False,0.7,0.01,False,False,21.0,0.6,0.8298815342063585,False,0.7,0.01
AMD_RUB,2025-08-02,0.209435,0.3111111111111111,0.207201,-0.010781801246133,0.2096074922767355,0.209665864241976,0.2094998016342123,0.2095196589900588,0.2097206496722568,0.2094998016342123,0.0,0.20692,0.0120084990569867,TEST,0.09999999999999998,1.0,0.46,False,0.582303985983356,False,False,22.0,0.6,0.7964121274397681,False,0.75,0.0075,False,False,22.0,0.6,0.7964121274397681,False,0.7,0.01,False,False,22.0,0.6,0.7964121274397681,False,0.7,0.01
AMD_RUB,2025-08-05,0.207721,0.4111111111111111,0.207359,-0.0017457645918431,0.2075498659672873,0.2076182296632611,0.2077075891949029,0.2077917168956949,0.2079766985626384,0.2075498659672873,0.0008238648606192,0.20692,0.0038561339489025,TEST,0.19999999999999996,0.91761351393808,0.487045405575232,False,0.4278400564921871,False,False,23.0,0.6,0.714274751626512,False,0.75,0.0075,False,False,23.0,0.6,0.714274751626512,False,0.7,0.01,False,False,23.0,0.6,0.714274751626512,False,0.7,0.01
AMD_RUB,2025-08-06,0.208445,0.3666666666666667,0.207721,-0.003485444418234,0.2086249034525766,0.2087227044457183,0.2084954910792363,0.208616739485175,0.2086739845231897,0.2084954910792363,0.0,0.20692,0.0073160785818801,TEST,0.19999999999999996,1.0,0.52,False,0.49174684438167443,False,False,24.0,0.6,0.6699999999999999,False,0.75,0.0075,False,False,24.0,0.6,0.6699999999999999,False,0.7,0.01,False,False,24.0,0.6,0.6699999999999999,False,0.7,0.01
AMD_RUB,2025-08-07,0.209006,0.3222222222222222,0.207721,-0.0061861824273906,0.2091096583467648,0.2091676098091625,0.2090566836958699,0.2092323939706412,0.2092545133119053,0.2090566836958699,0.0,0.20692,0.0099805747203429,TEST,0.19999999999999996,1.0,0.52,False,0.5412657780916229,False,False,25.0,0.6,0.634,False,0.75,0.0075,False,False,25.0,0.6,0.634,False,0.7,0.01,False,False,25.0,0.6,0.634,False,0.7,0.01
AMD_RUB,2025-08-08,0.20692,0.5444444444444445,0.207721,0.0038561339489025,0.2066029884371301,0.2067204230753811,0.2069239092859943,0.2070617057485173,0.2071883021423663,0.2066029884371301,0.00153204892166,0.207538,0.0,TEST,0.44999999999999996,0.846795107834,0.6087180431336,False,0.3571365522111388,False,False,26.0,0.6,0.5920000000000001,False,0.75,0.0075,False,False,26.0,0.6,0.5920000000000001,False,0.7,0.01,False,False,26.0,0.6,0.5920000000000001,False,0.7,0.01
AMD_RUB,2025-08-09,0.207981,0.3777777777777777,0.20692,-0.0051275855403054,0.208180612206165,0.2082797280575237,0.2081356632757302,0.2082274171128666,0.2083778168631217,0.2081356632757302,0.0,0.207538,0.0021300022598218,TEST,0.30000000000000004,1.0,0.5800000000000001,False,0.45079000794421376,False,False,27.0,0.6,0.59148721725344,False,0.75,0.0075,False,False,27.0,0.6,0.59148721725344,False,0.7,0.01,False,False,27.0,0.6,0.59148721725344,False,0.7,0.01
AMD_RUB,2025-08-12,0.207695,0.4222222222222223,0.20692,-0.0037454088536632,0.2076075257189273,0.2076952898953198,0.2077180912159886,0.2078531887724117,0.207942142639914,0.2076075257189273,0.0004211670048518,0.207538,0.0007559161270131,TEST,0.4,0.95788329951482,0.623153319805928,False,0.4215111111111104,False,False,28.0,0.6,0.5800000000000001,False,0.75,0.0075,False,False,28.0,0.6,0.5800000000000001,False,0.7,0.01,False,False,28.0,0.6,0.5800000000000001,False,0.7,0.01
AMD_RUB,2025-08-13,0.208101,0.3444444444444444,0.20692,-0.0057075198144211,0.2082162356187661,0.2083795473888633,0.2083429268868683,0.2084263584576766,0.208512020175896,0.2082162356187661,0.0,0.207538,0.0027054170811289,TEST,0.30000000000000004,1.0,0.5800000000000001,False,0.4576000000000008,False,False,29.0,0.6,0.5800000000000001,False,0.75,0.0075,False,False,29.0,0.6,0.5800000000000001,False,0.7,0.01,False,False,29.0,0.6,0.5800000000000001,False,0.7,0.01
AMD_RUB,2025-08-14,0.207538,0.4555555555555556,0.20692,-0.0029866615116953,0.207482729951496,0.2075219218912626,0.2076199676046364,0.2076947281933069,0.2078071034700484,0.207482729951496,0.0002663129089805,0.207993,0.0,TEST,0.5,0.97336870910195,0.68934748364078,False,0.4030452306314376,False,False,30.0,0.6,0.5800000000000001,False,0.75,0.0075,False,False,30.0,0.6,0.5800000000000001,False,0.7,0.01,False,False,30.0,0.6,0.5800000000000001,False,0.7,0.01
AMD_RUB,2025-08-15,0.207993,0.3444444444444444,0.20692,-0.005185578967717,0.2081119617571164,0.2083486420495192,0.2081798439932779,0.2082807138901702,0.2083617221118531,0.2081119617571164,0.0,0.208881,0.0,TEST,0.35,1.0,0.61,False,0.42669867060561406,False,False,31.0,0.6,0.5800000000000001,False,0.75,0.0075,False,False,31.0,0.6,0.5800000000000001,False,0.7,0.01,False,False,31.0,0.6,0.5800000000000001,False,0.7,0.01
AMD_RUB,2025-08-16,0.208881,0.2666666666666667,0.207538,-0.0064711040869624,0.2090853073602381,0.2092812995941342,0.2091726023661297,0.2091969362558892,0.2093604830262434,0.2090853073602381,0.0,0.209276,0.0,TEST,0.25,1.0,0.55,False,0.5086779911373718,False,False,32.0,0.6,0.5800000000000001,False,0.75,0.0075,False,False,32.0,0.6,0.5800000000000001,False,0.7,0.01,False,False,32.0,0.6,0.5800000000000001,False,0.7,0.01
AMD_RUB,2025-08-19,0.209841,0.1777777777777778,0.207538,-0.0110967630024381,0.2100733112293999,0.2103408530904961,0.2102065858889506,0.2102845845428358,0.2103141666977983,0.2100733112293999,0.0,0.209276,0.0026925148088314,TEST,0.09999999999999998,1.0,0.46,False,0.5973042836041358,False,False,33.0,0.6,0.562,False,0.75,0.0075,False,False,33.0,0.6,0.562,False,0.7,0.01,False,False,33.0,0.6,0.562,False,0.7,0.01
AMD_RUB,2025-08-20,0.209799,0.1888888888888888,0.207538,-0.0108943904248861,0.2097865804278105,0.2100097099676361,0.2099908947932025,0.2101484208465344,0.2101548295233057,0.2097865804278105,5.919748039553923e-05,0.209276,0.0024928622157399,TEST,0.15000000000000002,0.994080251960446,0.48763210078417846,False,0.5934268833087161,False,False,34.0,0.6,0.532,False,0.75,0.0075,False,False,34.0,0.6,0.532,False,0.7,0.01,False,False,34.0,0.6,0.532,False,0.7,0.01
AMD_RUB,2025-08-21,0.209276,0.2111111111111111,0.207538,-0.0083743699948924,0.2092386704373167,0.2093972184281319,0.209432793670897,0.2094988998436337,0.2095972123215747,0.2092386704373167,0.0001783747906271,0.209707,0.0,TEST,0.25,0.98216252093729,0.542865008374916,False,0.5002535754133268,False,False,35.0,0.6,0.52,False,0.75,0.0075,False,False,35.0,0.6,0.52,False,0.7,0.01,False,False,35.0,0.6,0.52,False,0.7,0.01
AMD_RUB,2025-08-22,0.209707,0.1777777777777778,0.207993,-0.0082406619453538,0.2098262729538555,0.2100559675708954,0.2099099640421079,0.2099904310604521,0.210101905123282,0.2098262729538555,0.0,0.209656,0.0002431964598224,TEST,0.19999999999999996,1.0,0.52,False,0.4828022546876801,False,False,36.0,0.6,0.5291460033499664,False,0.75,0.0075,False,False,36.0,0.6,0.5291460033499664,False,0.7,0.01,False,False,36.0,0.6,0.5291460033499664,False,0.7,0.01
AMD_RUB,2025-08-23,0.211044,0.1111111111111111,0.208881,-0.0103551783072658,0.2112486644619599,0.2114628216668572,0.2113725780905048,0.2114640106467328,0.2115413613806178,0.2112486644619599,0.0,0.209656,0.0065768275809783,TEST,0.09999999999999998,1.0,0.46,False,0.5662501716325704,False,False,37.0,0.6,0.5291460033499664,False,0.75,0.0075,False,False,37.0,0.6,0.5291460033499664,False,0.7,0.01,False,False,37.0,0.6,0.5291460033499664,False,0.7,0.01
AMD_RUB,2025-08-26,0.210763,0.1111111111111111,0.209276,-0.007105449263174,0.2108492442544879,0.2110527654171907,0.2111109574371451,0.2111161213594029,0.2111554971848124,0.2108492442544879,0.0,0.209656,0.0052523450510763,TEST,0.15000000000000002,1.0,0.49000000000000005,False,0.5276671701222033,False,False,38.0,0.6,0.5291460033499664,False,0.75,0.0075,False,False,38.0,0.6,0.5291460033499664,False,0.7,0.01,False,False,38.0,0.6,0.5291460033499664,False,0.7,0.01
AMD_RUB,2025-08-27,0.210522,0.1222222222222222,0.209276,-0.0059538599743878,0.2104462768867227,0.2105169589026191,0.2107654872106631,0.2108224090477417,0.210821698914517,0.2104462768867227,0.0003596921617563,0.209656,0.0041135843284786,TEST,0.19999999999999996,0.96403078382437,0.505612313529748,False,0.49457641081971554,False,False,39.0,0.6,0.5291460033499664,False,0.75,0.0075,False,False,39.0,0.6,0.5291460033499664,False,0.7,0.01,False,False,39.0,0.6,0.5291460033499664,False,0.7,0.01
AMD_RUB,2025-08-28,0.210444,0.1222222222222222,0.209276,-0.0055811464286397,0.2105278223897439,0.210632850147223,0.2106500284383622,0.2106978764389332,0.2107384664989253,0.2105278223897439,0.0,0.209656,0.0037444640854573,TEST,0.19999999999999996,1.0,0.52,False,0.5611464968152858,False,False,40.0,0.6,0.5291460033499664,False,0.75,0.0075,False,False,40.0,0.6,0.5291460033499664,False,0.7,0.01,False,False,40.0,0.6,0.5291460033499664,False,0.7,0.01
AMD_RUB,2025-08-29,0.209656,0.1777777777777778,0.209707,0.0002431964598224,0.2096554938662125,0.2096489190711507,0.2097175040805984,0.2098434104403336,0.2099304340697546,0.2096489190711507,3.377403389025678e-05,0.210006,0.0,TEST,0.35,0.9966225966109743,0.6086490386443897,False,0.6634335596508257,False,False,41.0,0.6,0.5291460033499664,False,0.75,0.0075,False,False,41.0,0.6,0.5291460033499664,False,0.7,0.01,False,False,41.0,0.6,0.5291460033499664,False,0.7,0.01
AMD_RUB,2025-08-30,0.210006,0.1222222222222222,0.209656,-0.0016694013049947,0.2101688891691541,0.2103177494416872,0.2102810353053445,0.2103243488126695,0.2104537343036066,0.2101688891691541,0.0,0.210204,0.0,TEST,0.19999999999999996,1.0,0.52,False,0.7483026188166811,False,False,42.0,0.6,0.5457190050249496,False,0.75,0.0075,False,False,42.0,0.6,0.5457190050249496,False,0.7,0.01,False,False,42.0,0.6,0.5457190050249496,False,0.7,0.01
AMD_RUB,2025-09-02,0.210204,0.1222222222222222,0.209656,-0.0026138054718204,0.2103178731431562,0.2103661152344806,0.2105301984602807,0.2105975424909209,0.2106714508492489,0.2103178731431562,0.0,0.210606,0.0,TEST,0.19999999999999996,1.0,0.52,False,0.7963142580019389,False,False,43.0,0.6,0.5457190050249496,False,0.75,0.0075,False,False,43.0,0.6,0.5457190050249496,False,0.7,0.01,False,False,43.0,0.6,0.5457190050249496,False,0.7,0.01
AMD_RUB,2025-09-03,0.210606,0.0888888888888889,0.209656,-0.0045312321135573,0.2106744045537623,0.2109240978352904,0.2110211622136527,0.21107849804382,0.2110917702813206,0.2106744045537623,0.0,0.211287,0.0,TEST,0.09999999999999998,1.0,0.46,False,0.8937924345295781,False,False,44.0,0.6,0.5457190050249496,False,0.75,0.0075,False,False,44.0,0.6,0.5457190050249496,False,0.7,0.01,False,False,44.0,0.6,0.5457190050249496,False,0.7,0.01
AMD_RUB,2025-09-04,0.211287,0.0666666666666666,0.209656,-0.0077794100812759,0.2115209106212779,0.2118731760335829,0.2118734317507241,0.2117905444926161,0.2118538115608307,0.2115209106212779,0.0,0.212682,0.0,TEST,0.0,1.0,0.4,False,1.0589233753637226,False,False,45.0,0.6,0.5457190050249496,False,0.75,0.0075,False,False,45.0,0.6,0.5457190050249496,False,0.7,0.01,False,False,45.0,0.6,0.5457190050249496,False,0.7,0.01
AMD_RUB,2025-09-05,0.212682,0.0333333333333333,0.209656,-0.014433166711184,0.2129854502811642,0.2133084775833616,0.2133298783778129,0.2132874622468967,0.2133435548837774,0.2129854502811642,0.0,0.213067,0.0,TEST,0.0,1.0,0.4,False,1.3194412640256479,False,False,46.0,0.6,0.5457190050249496,False,0.75,0.0075,False,False,46.0,0.6,0.5457190050249496,False,0.7,0.01,False,False,46.0,0.6,0.5457190050249496,False,0.7,0.01
AMD_RUB,2025-09-06,0.213067,0.0222222222222222,0.210006,-0.014575774025504,0.2132692077919177,0.2136302083706314,0.2138025669815833,0.2137973284498748,0.2136940540570011,0.2132692077919177,0.0,0.215267,0.0,TEST,0.0,1.0,0.4,False,1.0748444790046647,False,False,47.0,0.6,0.5291460033499664,False,0.75,0.0075,False,False,47.0,0.6,0.5291460033499664,False,0.7,0.01,False,False,47.0,0.6,0.5291460033499664,False,0.7,0.01
AMD_RUB,2025-09-09,0.215267,0.0,0.210204,-0.0240861258586895,0.2157949104803778,0.2159546590342592,0.2160513437820014,0.216065490227947,0.2159024430669326,0.2157949104803778,0.0,0.21683,0.0,TEST,0.0,1.0,0.4,False,1.3979019714233998,False,False,48.0,0.6,0.52,False,0.75,0.0075,False,False,48.0,0.6,0.52,False,0.7,0.01,False,False,48.0,0.6,0.52,False,0.7,0.01
AMD_RUB,2025-09-10,0.217372,0.0,0.210606,-0.0321263401802418,0.2179673108934108,0.2182359561014128,0.2181772521852236,0.2181710161652267,0.2180048252334281,0.2179673108934108,0.0,0.216214,0.0053272730618479,TEST,0.0,1.0,0.4,False,1.2723508862724837,False,False,49.0,0.6,0.52,False,0.75,0.0075,False,False,49.0,0.6,0.52,False,0.7,0.01,False,False,49.0,0.6,0.52,False,0.7,0.01
AMD_RUB,2025-09-11,0.222022,0.0,0.211287,-0.0508076691893017,0.2227307942850306,0.2228267016962103,0.2228357143403413,0.2227460342732195,0.2227965985678296,0.2227307942850306,0.0,0.216214,0.0261595697723649,TEST,0.0,1.0,0.4,False,1.4728492983526524,False,False,50.0,0.6,0.52,False,0.75,0.0075,False,False,50.0,0.6,0.52,False,0.7,0.01,False,False,50.0,0.6,0.52,False,0.7,0.01
AMD_RUB,2025-09-12,0.223814,0.0,0.212682,-0.0523410537798215,0.2242013203264232,0.2242162685806304,0.2245364676528115,0.2245050717373957,0.2243338575046939,0.2242013203264232,0.0,0.216214,0.0339567676731572,TEST,0.0,1.0,0.4,False,1.1277354052320205,False,False,51.0,0.6,0.5113673881178488,False,0.75,0.0075,False,False,51.0,0.6,0.5113673881178488,False,0.7,0.01,False,False,51.0,0.6,0.5113673881178488,False,0.7,0.01
AMD_RUB,2025-09-13,0.220043,0.0222222222222222,0.213067,-0.0327408749360528,0.2197817729435978,0.2200325098884631,0.2202454983344423,0.2204690109115187,0.220527726228547,0.2197817729435978,0.0011871636743826,0.216214,0.0174011443217916,TEST,0.09999999999999998,0.88128363256174,0.41251345302469605,False,0.7474720417866454,False,False,52.0,0.6,0.49624492541189924,False,0.75,0.0075,False,False,52.0,0.6,0.49624492541189924,False,0.7,0.01,False,False,52.0,0.6,0.49624492541189924,False,0.7,0.01
AMD_RUB,2025-09-16,0.21683,0.0444444444444444,0.215267,-0.0072607506027398,0.2165692768143151,0.2166509639865719,0.2169066538024309,0.2168456339869631,0.2169675870949792,0.2165692768143151,0.0012024313318493,0.216214,0.0028409352949315,TEST,0.19999999999999996,0.87975686681507,0.47190274672602806,False,0.5196037969459343,False,False,53.0,0.6,0.4885792604705071,False,0.75,0.0075,False,False,53.0,0.6,0.4885792604705071,False,0.7,0.01,False,False,53.0,0.6,0.4885792604705071,False,0.7,0.01
AMD_RUB,2025-09-17,0.216214,0.0555555555555555,0.21683,0.0028409352949315,0.2163290090990261,0.216325328543487,0.2164345050026133,0.2162543366014436,0.2164278819879331,0.2162543366014436,0.0,0.216741,0.0,TEST,0.25,1.0,0.55,False,0.4772320814417381,False,False,54.0,0.6,0.4885792604705071,False,0.75,0.0075,False,False,54.0,0.6,0.4885792604705071,False,0.7,0.01,False,False,54.0,0.6,0.4885792604705071,False,0.7,0.01
AMD_RUB,2025-09-18,0.216741,0.0555555555555555,0.216214,-0.0024373999833498,0.2168877441178964,0.2169478151214446,0.2168606590911053,0.2168932699539232,0.2170149714559328,0.2168606590911053,0.0,0.217393,0.0,TEST,0.25,1.0,0.55,False,0.513481909478607,False,False,55.0,0.6,0.49624492541189924,False,0.75,0.0075,False,False,55.0,0.6,0.49624492541189924,False,0.7,0.01,False,False,55.0,0.6,0.49624492541189924,False,0.7,0.01
AMD_RUB,2025-09-19,0.217393,0.0333333333333333,0.216214,-0.0054529308925417,0.2175571246454077,0.2177187949168391,0.2177014185663276,0.2178437394205477,0.2177401956613151,0.2175571246454077,0.0,0.217711,0.0,TEST,0.15000000000000002,1.0,0.49000000000000005,False,0.546475490888543,False,False,56.0,0.6,0.49624492541189924,False,0.75,0.0075,False,False,56.0,0.6,0.49624492541189924,False,0.7,0.01,False,False,56.0,0.6,0.49624492541189924,False,0.7,0.01
AMD_RUB,2025-09-20,0.218337,0.0333333333333333,0.216214,-0.0098189756445004,0.2185227194094061,0.2187365658288462,0.2187422100509999,0.2187859011593129,0.2186700136311064,0.2185227194094061,0.0,0.217711,0.0028671274222876,TEST,0.15000000000000002,1.0,0.49000000000000005,False,0.6131515750812256,False,False,57.0,0.6,0.49000000000000005,False,0.75,0.0075,False,False,57.0,0.6,0.49000000000000005,False,0.7,0.01,False,False,57.0,0.6,0.49000000000000005,False,0.7,0.01
AMD_RUB,2025-09-23,0.219112,0.0333333333333333,0.216214,-0.0134033873847207,0.2193431990568675,0.2197389323585945,0.2197154424187622,0.219675130863552,0.219674905932329,0.2193431990568675,0.0,0.216506,0.0118934608784548,TEST,0.15000000000000002,1.0,0.49000000000000005,False,0.6678909450487349,False,False,58.0,0.6,0.49000000000000005,False,0.75,0.0075,False,False,58.0,0.6,0.49000000000000005,False,0.7,0.01,False,False,58.0,0.6,0.49000000000000005,False,0.7,0.01
AMD_RUB,2025-09-24,0.217711,0.0555555555555555,0.216214,-0.0069236959678836,0.2175479900954977,0.2178521748821953,0.2180356194499957,0.2180672995364923,0.2180952622581184,0.2175479900954977,0.0007487444571119,0.215958,0.0080519587894041,TEST,0.25,0.92512555428881,0.5200502217155241,False,0.5689362904365006,False,False,59.0,0.6,0.49000000000000005,False,0.75,0.0075,False,False,59.0,0.6,0.49000000000000005,False,0.7,0.01,False,False,59.0,0.6,0.49000000000000005,False,0.7,0.01
AMD_RUB,2025-09-25,0.219459,0.0333333333333333,0.216741,-0.0125403130925851,0.219698130802533,0.2199851386946733,0.2199636510300118,0.2199586680401231,0.2198799046636872,0.219698130802533,0.0,0.21293,0.0297504317435146,TEST,0.15000000000000002,1.0,0.49000000000000005,False,0.6924000565051543,False,False,60.0,0.6,0.49000000000000005,False,0.75,0.0075,False,False,60.0,0.6,0.49000000000000005,False,0.7,0.01,False,False,60.0,0.6,0.49000000000000005,False,0.7,0.01
AMD_RUB,2025-09-26,0.218027,0.0666666666666666,0.217393,-0.0029163772522574,0.2177902253521387,0.2180327281967992,0.2181587623476716,0.2182334945254663,0.2183466012857978,0.2177902253521387,0.0010859877348277,0.211323,0.030748485279346,TEST,0.30000000000000004,0.89140122651723,0.536560490606892,False,0.5912558270942214,False,False,61.0,0.6,0.49000000000000005,False,0.75,0.0075,False,False,61.0,0.6,0.49000000000000005,False,0.7,0.01,False,False,61.0,0.6,0.49000000000000005,False,0.7,0.01
AMD_RUB,2025-09-27,0.218473,0.0555555555555555,0.217711,-0.0035000528223195,0.2185385914055295,0.2187538633006833,0.2186693976525022,0.2188242214746383,0.2188220826709065,0.2185385914055295,0.0,0.211323,0.0327271562160998,TEST,0.25,1.0,0.55,False,0.6131952491309381,False,False,62.0,0.6,0.49000000000000005,False,0.75,0.0075,False,False,62.0,0.6,0.49000000000000005,False,0.7,0.01,False,False,62.0,0.6,0.49000000000000005,False,0.7,0.01
AMD_RUB,2025-09-30,0.216506,0.1444444444444445,0.217711,0.0055348604342453,0.2161226996479984,0.2162204235377995,0.2164591670083446,0.2165411949740535,0.2167499587226291,0.2161226996479984,0.0017703913609858,0.211323,0.0239392903660868,TEST,0.65,0.82296086390142,0.719184345560568,False,0.46304188096987486,False,False,63.0,0.6,0.49000000000000005,False,0.75,0.0075,False,False,63.0,0.6,0.49000000000000005,False,0.7,0.01,False,False,63.0,0.6,0.49000000000000005,False,0.7,0.01
AMD_RUB,2025-10-01,0.215958,0.1666666666666666,0.216506,0.0025311076829279,0.2159223931898495,0.2158952621376677,0.2160356919464724,0.2160107617828366,0.2161957176662159,0.2158952621376677,0.0002905095543222,0.211323,0.0214625065985052,TEST,0.75,0.97094904456778,0.8383796178271119,False,0.40520896426408337,True,False,64.0,0.6,0.49000000000000005,True,0.75,0.0075,True,False,64.0,0.6,0.49000000000000005,True,0.7,0.01,True,False,64.0,0.6,0.49000000000000005,True,0.7,0.01
AMD_RUB,2025-10-02,0.21293,0.2222222222222222,0.215958,0.014021244871688,0.2124629810124789,0.2125174125030413,0.2128295209318921,0.2128684135076609,0.2131515316607378,0.2124629810124789,0.0021932982084304,0.211323,0.0075470812003944,TEST,0.9,0.78067017915696,0.8522680716627841,False,0.13115670152470696,True,True,1.0,0.8,0.55,False,0.75,0.0075,True,True,1.0,0.8,0.55,False,0.7,0.01,True,True,1.0,0.8,0.55,False,0.7,0.01
AMD_RUB,2025-10-03,0.211323,0.2444444444444444,0.21293,0.0075470812003944,0.2110933768812068,0.2110444522767638,0.2112549857444492,0.2112216011649879,0.2115266610905637,0.2110444522767638,0.0013181136139284,0.21281,0.0,TEST,1.0,0.86818863860716,0.947275455442864,True,-0.12208048868127908,True,True,2.0,0.8,0.55,False,0.75,0.0075,True,True,2.0,0.8,0.55,False,0.7,0.01,True,True,2.0,0.8,0.55,False,0.7,0.01
AMD_RUB,2025-10-04,0.213964,0.1999999999999999,0.211323,-0.0124974565002388,0.2141209813853118,0.2141014303110769,0.2141157470841937,0.2140173689743284,0.2142115309162662,0.2140173689743284,0.0,0.212161,0.0084266512123534,TEST,0.85,1.0,0.91,False,0.21143223120646676,True,True,3.0,0.8,0.5838368691121139,False,0.75,0.0075,True,True,3.0,0.8,0.5838368691121139,False,0.7,0.01,True,True,3.0,0.8,0.5838368691121139,False,0.7,0.01
AMD_RUB,2025-10-07,0.216948,0.1222222222222222,0.211323,-0.026618020754958,0.2173066950880883,0.2172709816048452,0.2172268397361246,0.2173931770557449,0.2174817506255967,0.2172268397361246,0.0,0.211346,0.0258218559286096,TEST,0.55,1.0,0.73,False,0.4503242334480818,False,False,4.0,0.8,0.7430234000138769,False,0.75,0.0075,False,False,4.0,0.8,0.7430234000138769,False,0.7,0.01,False,False,4.0,0.8,0.7430234000138769,False,0.7,0.01
AMD_RUB,2025-10-08,0.214136,0.2111111111111111,0.211323,-0.0133113764237682,0.2136880064027681,0.213876097189772,0.2140677219867647,0.2143129162391659,0.2143651759864104,0.2136880064027681,0.002092098466544,0.208895,0.0244750999364889,TEST,0.85,0.7907901533456,0.8263160613382401,False,0.2252021455447908,True,False,5.0,0.8,0.7516759235654225,True,0.75,0.0075,True,False,5.0,0.8,0.7516759235654225,True,0.7,0.01,True,False,5.0,0.8,0.7516759235654225,True,0.7,0.01
AMD_RUB,2025-10-09,0.213058,0.2555555555555555,0.211323,-0.0082101806239736,0.2129097978554789,0.2129137678586278,0.2129620712452897,0.2131417322099287,0.2132959036037682,0.2129097978554789,0.0006955953051333,0.206023,0.0330191778764467,TEST,0.9,0.93044046948667,0.9121761877946681,False,0.13890000800576305,True,True,1.0,0.8,0.8287287726360145,False,0.75,0.0075,True,True,1.0,0.8,0.8287287726360145,False,0.7,0.01,True,True,1.0,0.8,0.8287287726360145,False,0.7,0.01
AMD_RUB,2025-10-10,0.21281,0.2777777777777778,0.211323,-0.0070366216644661,0.2128173976986337,0.2127666934947446,0.2127801749663501,0.2128539222669611,0.2130563801641387,0.2127666934947446,0.000203498450521,0.206023,0.031892298294253,TEST,0.95,0.9796501549479,0.96186006197916,False,0.11904571291329662,True,True,2.0,0.8,0.8411573085942463,False,0.75,0.0075,True,True,2.0,0.8,0.8411573085942463,False,0.7,0.01,True,True,2.0,0.8,0.8411573085942463,False,0.7,0.01
AMD_RUB,2025-10-11,0.212161,0.3,0.21281,0.0030496687185753,0.2120319832173519,0.2119670837210741,0.2120726833474551,0.2121837054710107,0.2123436091010924,0.2119670837210741,0.0009140053022275,0.206023,0.0289308591117122,TEST,0.95,0.90859946977725,0.9334397879109,False,0.09610091743119034,True,True,3.0,0.8,0.8638144573302273,False,0.75,0.0075,True,True,3.0,0.8,0.8638144573302273,False,0.7,0.01,True,True,3.0,0.8,0.8638144573302273,False,0.7,0.01
AMD_RUB,2025-10-14,0.211346,0.3111111111111111,0.212161,0.0038414223160712,0.2112337603246473,0.2110595324321928,0.2112518284217061,0.2113482514735976,0.2115143231037138,0.2110595324321928,0.001355443527709,0.206023,0.0251861875786624,TEST,0.95,0.8644556472291001,0.91578225889164,False,0.0028269419862334455,True,False,4.0,0.8,0.9104352375589336,True,0.75,0.0075,True,False,4.0,0.8,0.9104352375589336,True,0.7,0.01,True,False,4.0,0.8,0.9104352375589336,True,0.7,0.01
AMD_RUB,2025-10-15,0.208895,0.5111111111111111,0.211346,0.011597096703983,0.208489351311505,0.2085360561270877,0.2088139391134911,0.2088660714211682,0.2090752785018937,0.208489351311505,0.0019418784006079,0.206023,0.013748533952464,TEST,1.0,0.8058121599392101,0.922324863975684,False,-0.2984267453294027,True,True,1.0,0.8,0.9128974020140626,False,0.75,0.0075,True,True,1.0,0.8,0.9128974020140626,False,0.7,0.01,True,True,1.0,0.8,0.9128974020140626,False,0.7,0.01
AMD_RUB,2025-10-16,0.206023,0.6666666666666667,0.208895,0.013748533952464,0.2056182994796009,0.2056681479789263,0.2058969379462731,0.2059335074344506,0.2062043038340071,0.2056182994796009,0.001964346312786,0.206766,0.0,TEST,1.0,0.8035653687214,0.92142614748856,True,-0.27186671715259264,True,True,2.0,0.8,0.9170907799084488,False,0.75,0.0075,True,True,2.0,0.8,0.9170907799084488,False,0.7,0.01,True,True,2.0,0.8,0.9170907799084488,False,0.7,0.01
AMD_RUB,2025-10-17,0.206766,0.6444444444444444,0.206023,-0.0036063934609242,0.2068852510769836,0.2067746144027387,0.2067698513363388,0.2067177660770262,0.2069717896510213,0.2067177660770262,0.0002332778260149,0.211672,0.0,TEST,0.95,0.97667221739851,0.960668886959404,True,0.0552991961893417,True,True,3.0,0.8,0.9216058907859848,False,0.75,0.0075,True,True,3.0,0.8,0.9216058907859848,False,0.7,0.01,True,True,3.0,0.8,0.9216058907859848,False,0.7,0.01
AMD_RUB,2025-10-18,0.211672,0.3111111111111111,0.206023,-0.0274192687224241,0.2120821694818045,0.2122741811431451,0.2124387173595819,0.212069195262674,0.2120853633247525,0.212069195262674,0.0,0.211386,0.0013511470577119,TEST,0.75,1.0,0.85,False,0.4204376302470972,True,False,4.0,0.8,0.9245478487627272,False,0.75,0.0075,True,False,4.0,0.8,0.9245478487627272,False,0.7,0.01,True,False,4.0,0.8,0.9245478487627272,False,0.7,0.01
AMD_RUB,2025-10-21,0.212418,0.3,0.206023,-0.031040223664348,0.2124953061670681,0.2126865844167496,0.2125803562842256,0.2128263435494234,0.2127947143059542,0.2124953061670681,0.0,0.206388,0.0283874247945089,TEST,0.65,1.0,0.79,False,0.47596010717475407,False,False,5.0,0.8,0.9245478487627272,False,0.75,0.0075,False,False,5.0,0.8,0.9245478487627272,False,0.7,0.01,False,False,5.0,0.8,0.9245478487627272,False,0.7,0.01
AMD_RUB,2025-10-22,0.212657,0.3,0.206023,-0.0322002883173238,0.2128006531143469,0.2129781563410281,0.2129339815449851,0.2131232078722259,0.2130164010134212,0.2128006531143469,0.0,0.206388,0.0294793963988959,TEST,0.6,1.0,0.76,False,0.4937481393271817,False,False,6.0,0.8,0.9245478487627272,False,0.75,0.0075,False,False,6.0,0.8,0.9245478487627272,False,0.7,0.01,False,False,6.0,0.8,0.9245478487627272,False,0.7,0.01
AMD_RUB,2025-10-23,0.213471,0.2333333333333332,0.206023,-0.0361513034952407,0.2136994712651044,0.2139652457479901,0.2138085784162892,0.2138844029489142,0.2138984787666035,0.2136994712651044,0.0,0.206388,0.0331801509338505,TEST,0.4,1.0,0.64,False,0.5543316463233102,False,False,7.0,0.7,0.917475425470716,False,0.75,0.0075,False,False,7.0,0.7,0.917475425470716,False,0.7,0.01,False,False,7.0,0.7,0.917475425470716,False,0.7,0.01
AMD_RUB,2025-10-24,0.212446,0.3222222222222222,0.206766,-0.0274706673244149,0.2122661869256104,0.2124516945054722,0.2125437704338941,0.2126973543988393,0.2126782318719612,0.2122661869256104,0.0008463942573153,0.206388,0.0285154815812018,TEST,0.6,0.9153605742684701,0.726144229707388,False,0.5159036144578305,False,False,8.0,0.7,0.917475425470716,False,0.75,0.0075,False,False,8.0,0.7,0.917475425470716,False,0.7,0.01,False,False,8.0,0.7,0.917475425470716,False,0.7,0.01
AMD_RUB,2025-10-25,0.211386,0.3666666666666667,0.211672,0.0013511470577119,0.2112248850723827,0.2112312391857112,0.2113649988040538,0.2115004220532303,0.2115911707812938,0.2112248850723827,0.0007621835297383,0.206388,0.0236439499304589,TEST,0.75,0.9237816470261699,0.819512658810468,False,0.43076305220883404,True,False,9.0,0.7,0.917475425470716,False,0.75,0.0075,True,False,9.0,0.7,0.917475425470716,False,0.7,0.01,True,False,9.0,0.7,0.917475425470716,False,0.7,0.01
AMD_RUB,2025-10-28,0.206388,0.7222222222222222,0.211386,0.0236439499304589,0.2058689745915906,0.20602596069223,0.2061686687023299,0.2062607962479484,0.2065793816552569,0.2058689745915906,0.0025148041960259,0.207703,0.0,TEST,0.95,0.7485195803974101,0.869407832158964,True,0.03340961098397957,True,False,10.0,0.7,0.917475425470716,False,0.75,0.0075,True,False,10.0,0.7,0.917475425470716,False,0.7,0.01,True,False,10.0,0.7,0.917475425470716,False,0.7,0.01
AMD_RUB,2025-10-29,0.20852,0.6,0.206388,-0.0103300579491056,0.2087934422014415,0.2086820808369591,0.2086678868513243,0.2086410354983267,0.2087727143164517,0.2086410354983267,0.0,0.207703,0.0039180893919049,TEST,0.85,1.0,0.91,True,0.22855835240274613,True,False,11.0,0.7,0.917475425470716,False,0.75,0.0075,True,False,11.0,0.7,0.917475425470716,False,0.7,0.01,True,False,11.0,0.7,0.917475425470716,False,0.7,0.01
AMD_RUB,2025-10-30,0.207703,0.6666666666666667,0.206388,-0.0063714944667326,0.2074938845298054,0.2073789397300219,0.2075088105863665,0.2075774903533419,0.2078873896349153,0.2073789397300219,0.0015602098668681,0.210346,0.0,TEST,0.85,0.84397901331319,0.8475916053252761,True,0.15377574370709277,True,False,12.0,0.6,0.9108704751178672,False,0.75,0.0075,True,False,12.0,0.6,0.9108704751178672,False,0.7,0.01,True,False,12.0,0.6,0.9108704751178672,False,0.7,0.01
AMD_RUB,2025-10-31,0.210346,0.4666666666666667,0.206388,-0.019177471558424,0.2106776643542678,0.2108303942992374,0.2106309719971213,0.210690037692768,0.2106295189581141,0.2106295189581141,0.0,0.211384,0.0,TEST,0.7,1.0,0.8200000000000001,False,0.39569794050343227,False,False,13.0,0.6,0.9108704751178672,False,0.75,0.0075,True,False,13.0,0.6,0.9108704751178672,False,0.7,0.01,True,False,13.0,0.6,0.9108704751178672,False,0.7,0.01
AMD_RUB,2025-11-01,0.211618,0.3666666666666667,0.206388,-0.0253406205787158,0.2117207058518153,0.2118888784505823,0.2118060655179739,0.2119795523172059,0.2119672578476309,0.2117207058518153,0.0,0.211384,0.001105766050147,TEST,0.55,1.0,0.73,False,0.5121281464530887,False,False,14.0,0.6,0.91,False,0.75,0.0075,False,False,14.0,0.6,0.91,False,0.7,0.01,False,False,14.0,0.6,0.91,False,0.7,0.01
AMD_RUB,2025-11-02,0.211384,0.3888888888888888,0.206388,-0.0242068337306432,0.2113345723566971,0.2114674060271497,0.2114921117303134,0.2117052095795051,0.2117061186067134,0.2113345723566971,0.0002338286876154,0.211738,0.0,TEST,0.6,0.97661713123846,0.750646852495384,False,0.49070938215102805,False,False,15.0,0.6,0.8856446992953785,False,0.75,0.0075,False,False,15.0,0.6,0.8856446992953785,False,0.7,0.01,False,False,15.0,0.6,0.8856446992953785,False,0.7,0.01
AMD_RUB,2025-11-06,0.212219,0.3444444444444444,0.207703,-0.0217425843632494,0.2124673024654691,0.2127338653014349,0.2125031934823218,0.2125612520826928,0.2127187515741481,0.2124673024654691,0.0,0.211738,0.0022665265598272,TEST,0.35,1.0,0.61,False,0.7637125600887457,False,False,16.0,0.6,0.8856446992953785,False,0.75,0.0075,False,False,16.0,0.6,0.8856446992953785,False,0.7,0.01,False,False,16.0,0.6,0.8856446992953785,False,0.7,0.01
AMD_RUB,2025-11-07,0.21276,0.3,0.207703,-0.0243472650852419,0.2129381143204231,0.2131903017209866,0.213078921798501,0.2131254439942551,0.2131351809849162,0.2129381143204231,0.0,0.210843,0.0090101522842639,TEST,0.15000000000000002,1.0,0.49000000000000005,False,0.9045381310418916,False,False,17.0,0.6,0.8856446992953785,False,0.75,0.0075,False,False,17.0,0.6,0.8856446992953785,False,0.7,0.01,False,False,17.0,0.6,0.8856446992953785,False,0.7,0.01
AMD_RUB,2025-11-08,0.212333,0.3555555555555555,0.210346,-0.0094463407908873,0.2123167782289557,0.2125220653535091,0.2124527003493871,0.2125775816618148,0.2126698047234927,0.2123167782289557,7.639778576243295e-05,0.210843,0.0070172794619771,TEST,0.30000000000000004,0.9923602214237567,0.5769440885695027,False,0.8472073039742208,False,False,18.0,0.6,0.8577631328635856,False,0.75,0.0075,False,False,18.0,0.6,0.8577631328635856,False,0.7,0.01,False,False,18.0,0.6,0.8577631328635856,False,0.7,0.01
AMD_RUB,2025-11-11,0.211738,0.3888888888888888,0.211384,-0.0016746773644174,0.2117333064060904,0.2118287441740358,0.2117423465495524,0.2118920046977566,0.2119984465448159,0.2117333064060904,2.2166988965683957e-05,0.210843,0.0042269219507127,TEST,0.4,0.9977833011034316,0.6391133204413726,False,0.76732008592911,False,False,19.0,0.6,0.8485549631951657,False,0.75,0.0075,False,False,19.0,0.6,0.8485549631951657,False,0.7,0.01,False,False,19.0,0.6,0.8485549631951657,False,0.7,0.01
AMD_RUB,2025-11-12,0.212685,0.3111111111111111,0.211384,-0.0061546758505848,0.2129673162638539,0.2131549014851917,0.2129377071283127,0.2129919845378287,0.213122509172166,0.2129377071283127,0.0,0.210843,0.0086606953945976,TEST,0.09999999999999998,1.0,0.46,False,0.8944683136412482,False,False,20.0,0.6,0.8310366421301105,False,0.75,0.0075,False,False,20.0,0.6,0.8310366421301105,False,0.7,0.01,False,False,20.0,0.6,0.8310366421301105,False,0.7,0.01
AMD_RUB,2025-11-13,0.212738,0.3111111111111111,0.211738,-0.0047228178220253,0.2127031433774703,0.2129224995775226,0.2128533365673285,0.2129929327842123,0.2130778880190942,0.2127031433774703,0.0001638476554716,0.210843,0.0089076704678995,TEST,0.09999999999999998,0.98361523445284,0.45344609378113604,False,0.9015843179377033,False,False,21.0,0.6,0.8197075952862808,False,0.75,0.0075,False,False,21.0,0.6,0.8197075952862808,False,0.7,0.01,False,False,21.0,0.6,0.8197075952862808,False,0.7,0.01
AMD_RUB,2025-11-14,0.210843,0.5111111111111111,0.211738,0.0042269219507127,0.2105372014349164,0.2106579376735388,0.2108148588470542,0.2109743747545366,0.2110510269784745,0.2105372014349164,0.001450361477894,0.211313,0.0,TEST,0.7,0.8549638522106,0.76198554088424,False,0.6471535982814182,False,False,22.0,0.6,0.8018050635241872,False,0.75,0.0075,True,False,22.0,0.6,0.8018050635241872,False,0.7,0.01,True,False,22.0,0.6,0.8018050635241872,False,0.7,0.01
AMD_RUB,2025-11-15,0.212309,0.3888888888888888,0.210843,-0.0069530408882438,0.2125495990466424,0.2126000294512169,0.2125235104605267,0.212561276972852,0.212733479150938,0.2125235104605267,0.0,0.207082,0.0246197758926847,TEST,0.4,1.0,0.64,False,0.8359452209515749,False,False,23.0,0.6,0.773191324530544,False,0.75,0.0075,False,False,23.0,0.6,0.773191324530544,False,0.7,0.01,False,False,23.0,0.6,0.773191324530544,False,0.7,0.01
AMD_RUB,2025-11-18,0.212539,0.3555555555555555,0.210843,-0.0080438999634799,0.2124642926517973,0.2126464154238445,0.2127414353605033,0.2128097453578548,0.2128961999088626,0.2124642926517973,0.0003514994810491,0.206814,0.0269362328796127,TEST,0.25,0.96485005189509,0.535940020758036,False,0.8684173372864623,False,False,24.0,0.6,0.760794216353696,False,0.75,0.0075,False,False,24.0,0.6,0.760794216353696,False,0.7,0.01,False,False,24.0,0.6,0.760794216353696,False,0.7,0.01
AMD_RUB,2025-11-19,0.21218,0.4222222222222223,0.210843,-0.0063412112330027,0.2121087196858863,0.2121902341690787,0.2123400829155075,0.2124305694958741,0.2125165620333659,0.2121087196858863,0.0003359426624267,0.206814,0.0252898482420586,TEST,0.55,0.96640573375733,0.7165622935029321,False,0.8177325991811399,False,False,25.0,0.6,0.7543881114972304,False,0.75,0.0075,False,False,25.0,0.6,0.7543881114972304,False,0.7,0.01,False,False,25.0,0.6,0.7543881114972304,False,0.7,0.01
AMD_RUB,2025-11-20,0.212192,0.4222222222222223,0.210843,-0.0063981256195367,0.2121694565324773,0.2122663956192377,0.212187287039103,0.2123372258713569,0.2124075487584293,0.2121694565324773,0.000106240892789,0.206219,0.0281490348363745,TEST,0.5,0.9893759107211,0.69575036428844,False,0.8194267965551318,False,False,26.0,0.6,0.7382587409981536,False,0.75,0.0075,False,False,26.0,0.6,0.7382587409981536,False,0.7,0.01,False,False,26.0,0.6,0.7382587409981536,False,0.7,0.01
AMD_RUB,2025-11-21,0.211313,0.5333333333333333,0.210843,-0.0022291468059171,0.2110909665483952,0.2111348478438006,0.2113465433986361,0.2114216721770623,0.2114978341349192,0.2110909665483952,0.001050732570191,0.205344,0.0282471972855432,TEST,0.75,0.8949267429809,0.8079706971923599,False,0.6953268389100675,True,False,27.0,0.6,0.7276865378244328,True,0.75,0.0075,True,False,27.0,0.6,0.7276865378244328,True,0.7,0.01,True,False,27.0,0.6,0.7276865378244328,True,0.7,0.01
AMD_RUB,2025-11-22,0.207082,0.8888888888888888,0.211313,0.0200224311802871,0.2066166503067996,0.2067008068851638,0.2069170616538029,0.207001817719133,0.207264018930382,0.2066166503067996,0.0022471759650785,0.205092,0.0096097198211336,TEST,0.95,0.77528240349215,0.88011296139686,False,0.10891399874450697,True,True,1.0,0.8,0.8196101270483744,False,0.75,0.0075,True,True,1.0,0.8,0.8196101270483744,False,0.7,0.01,True,True,1.0,0.8,0.8196101270483744,False,0.7,0.01
AMD_RUB,2025-11-25,0.206814,0.9111111111111112,0.207082,0.001294173322645,0.206889432312583,0.2066303565115771,0.2067488204592952,0.2066993524089551,0.2069834649971829,0.2066303565115771,0.0008879644918762,0.203842,0.0143704004564488,TEST,0.95,0.91120355081238,0.934481420324952,False,0.0668549905838055,True,True,2.0,0.8,0.8255183210650553,False,0.75,0.0075,True,True,2.0,0.8,0.8255183210650553,False,0.7,0.01,True,True,2.0,0.8,0.8255183210650553,False,0.7,0.01
AMD_RUB,2025-11-26,0.20708,0.9,0.206814,-0.0012861798524277,0.2070783903762856,0.2069788451130206,0.2070173848099844,0.207048433553044,0.2072809119237681,0.2069788451130206,0.000488482166213,0.203187,0.0187994977786361,TEST,0.9,0.9511517833787,0.92046071335148,False,0.10860012554927752,True,True,3.0,0.8,0.8519548506920137,False,0.75,0.0075,True,True,3.0,0.8,0.8519548506920137,False,0.7,0.01,True,True,3.0,0.8,0.8519548506920137,False,0.7,0.01
AMD_RUB,2025-11-27,0.206219,0.9555555555555556,0.206814,0.0028769812488515,0.2061254410349921,0.2059426190142008,0.2061850666369488,0.2062941805682082,0.2063592642522526,0.2059426190142008,0.0013402304627566,0.203187,0.0147028159383956,TEST,1.0,0.86597695372434,0.946390781489736,False,-0.1000672721157053,True,False,4.0,0.8,0.854095876539593,True,0.75,0.0075,True,False,4.0,0.8,0.854095876539593,True,0.7,0.01,True,False,4.0,0.8,0.854095876539593,True,0.7,0.01
AMD_RUB,2025-11-28,0.205344,0.9888888888888888,0.206219,0.0042430619874987,0.2052141079469008,0.2050450542938779,0.2052553304294469,0.2054026869479946,0.2054969365553132,0.2050450542938779,0.0014558287854629,0.201949,0.016533232039894,TEST,1.0,0.85441712145371,0.941766848581484,False,-0.13377159455740956,True,True,1.0,0.8,0.854095876539593,False,0.75,0.0075,True,True,1.0,0.8,0.854095876539593,False,0.7,0.01,True,True,1.0,0.8,0.854095876539593,False,0.7,0.01
AMD_RUB,2025-11-29,0.205092,1.0,0.205344,0.001227208976157,0.205090939602982,0.204959845979591,0.2050621327813543,0.2051719022385807,0.2052872706506155,0.204959845979591,0.0006443645798422,0.199459,0.0274657227000565,TEST,1.0,0.93556354201578,0.974225416806312,False,-0.033980582524272114,True,True,2.0,0.8,0.8881825117877841,False,0.75,0.0075,True,True,2.0,0.8,0.8881825117877841,False,0.7,0.01,True,True,2.0,0.8,0.8881825117877841,False,0.7,0.01
AMD_RUB,2025-12-02,0.203842,1.0,0.205092,0.0060948257367425,0.203587036333638,0.2035569483271997,0.2037754174202022,0.2039025752566202,0.2040080686374591,0.2035569483271997,0.0013983951923563,0.199459,0.0215019475868564,TEST,1.0,0.86016048076437,0.944064192305748,False,-0.16301512780386018,True,True,3.0,0.8,0.9232648547461745,False,0.75,0.0075,True,True,3.0,0.8,0.9232648547461745,False,0.7,0.01,True,True,3.0,0.8,0.9232648547461745,False,0.7,0.01
AMD_RUB,2025-12-03,0.203187,1.0,0.203842,0.0032132730251861,0.2031151541099238,0.2029377098778766,0.2031105257629605,0.2032473806117821,0.2033509728487839,0.2029377098778766,0.0012268999597582,0.199459,0.0183476305078573,TEST,1.0,0.87731000402418,0.950924001609672,False,-0.07344696120206193,True,False,4.0,0.8,0.9359385059762584,True,0.75,0.0075,True,False,4.0,0.8,0.9359385059762584,True,0.7,0.01,True,False,4.0,0.8,0.9359385059762584,True,0.7,0.01
AMD_RUB,2025-12-04,0.204501,0.9777777777777776,0.203187,-0.0064669491650547,0.2046501159137753,0.2045328104438249,0.2045812959364026,0.2046684729477365,0.2047274901486023,0.2045328104438249,0.0,0.199459,0.0246551361607033,TEST,0.9,1.0,0.9400000000000001,False,0.13726104669382452,True,True,1.0,0.8,0.9422263173263368,False,0.75,0.0075,True,True,1.0,0.8,0.9422263173263368,False,0.7,0.01,True,True,1.0,0.8,0.9422263173263368,False,0.7,0.01
AMD_RUB,2025-12-05,0.201949,1.0,0.203187,0.0060929094873196,0.2015683088142049,0.2015822521792615,0.201880804287037,0.2020199172516801,0.2021135264237312,0.2015683088142049,0.0018850857681646,0.199459,0.0123298456541007,TEST,1.0,0.81149142318354,0.9245965692734159,False,-0.12932205160346988,True,True,2.0,0.8,0.9422263173263368,False,0.75,0.0075,True,True,2.0,0.8,0.9422263173263368,False,0.7,0.01,True,True,2.0,0.8,0.9422263173263368,False,0.7,0.01
AMD_RUB,2025-12-06,0.199459,1.0,0.201949,0.0123298456541007,0.1991733430277975,0.199100486326954,0.1993457846398354,0.1994664146113903,0.1996075535120881,0.199100486326954,0.0017974304145011,0.201248,0.0,TEST,1.0,0.82025695854989,0.928102783419956,True,-0.23079062007600218,True,True,3.0,0.8,0.9422263173263368,False,0.75,0.0075,True,True,3.0,0.8,0.9422263173263368,False,0.7,0.01,True,True,3.0,0.8,0.9422263173263368,False,0.7,0.01
AMD_RUB,2025-12-09,0.202525,0.9777777777777776,0.199459,-0.0153715801242361,0.2028078816781679,0.202775258102711,0.2029184357358021,0.2026054591231013,0.2027810974776996,0.2026054591231013,0.0,0.201248,0.0063053943957536,TEST,0.9,1.0,0.9400000000000001,False,0.23089088033737556,True,False,4.0,0.8,0.9422263173263368,False,0.75,0.0075,True,False,4.0,0.8,0.9422263173263368,False,0.7,0.01,True,False,4.0,0.8,0.9422263173263368,False,0.7,0.01
AMD_RUB,2025-12-10,0.201248,0.9888888888888888,0.199459,-0.0089692618533132,0.2009792516178195,0.2009149571736338,0.2011561080459282,0.2012925325385153,0.2014169351885326,0.2009149571736338,0.001654887633001,0.204022,0.0,TEST,0.95,0.8345112366999,0.9038044946799599,True,0.13472400030122833,True,False,5.0,0.8,0.9422263173263368,False,0.75,0.0075,True,False,5.0,0.8,0.9422263173263368,False,0.7,0.01,True,False,5.0,0.8,0.9422263173263368,False,0.7,0.01
AMD_RUB,2025-12-11,0.204022,0.9333333333333332,0.199459,-0.0228768819657173,0.2043705565742504,0.2045971744342415,0.2048239607942224,0.204402832083439,0.2044143022168081,0.2043705565742504,0.0,0.207783,0.0,TEST,0.7,1.0,0.8200000000000001,False,0.3436252729874243,False,False,6.0,0.8,0.9422263173263368,False,0.75,0.0075,True,False,6.0,0.8,0.9422263173263368,False,0.7,0.01,True,False,6.0,0.8,0.9422263173263368,False,0.7,0.01
AMD_RUB,2025-12-12,0.207783,0.7666666666666666,0.199459,-0.0417328874605808,0.2081836089494076,0.2084116576906891,0.2086728494318436,0.2082685186770203,0.2083131298277706,0.2081836089494076,0.0,0.208063,0.0,TEST,0.30000000000000004,1.0,0.5800000000000001,False,0.6363914373088679,False,False,7.0,0.7,0.9400000000000001,False,0.75,0.0075,False,False,7.0,0.7,0.9400000000000001,False,0.7,0.01,False,False,7.0,0.7,0.9400000000000001,False,0.7,0.01
AMD_RUB,2025-12-13,0.208842,0.7111111111111111,0.199459,-0.047042249284314,0.2090626952259163,0.2095679043807254,0.2090584570206619,0.2093328273855728,0.2090559358707538,0.2090559358707538,0.0,0.208063,0.0037300926058934,TEST,0.25,1.0,0.55,False,0.7173547400611618,False,False,8.0,0.7,0.9400000000000001,False,0.75,0.0075,False,False,8.0,0.7,0.9400000000000001,False,0.7,0.01,False,False,8.0,0.7,0.9400000000000001,False,0.7,0.01
AMD_RUB,2025-12-16,0.208146,0.7333333333333334,0.201248,-0.0342761170297343,0.2080928511651723,0.2081647061061968,0.2082944206972058,0.2085607323233201,0.2083950264779129,0.2080928511651723,0.000255344012509,0.207902,0.0011722540908784,TEST,0.25,0.9744655987491,0.53978623949964,False,0.6641437308868497,False,False,9.0,0.7,0.9400000000000001,False,0.75,0.0075,False,False,9.0,0.7,0.9400000000000001,False,0.7,0.01,False,False,9.0,0.7,0.9400000000000001,False,0.7,0.01
AMD_RUB,2025-12-17,0.208063,0.7555555555555555,0.201248,-0.0338636905708379,0.2082270683152215,0.2082483158251411,0.2082805295453053,0.2083584392778268,0.2082814552350912,0.2082270683152215,0.0,0.205963,0.0100930968024107,TEST,0.25,1.0,0.55,False,0.6757244954056393,False,False,10.0,0.7,0.9400000000000001,False,0.75,0.0075,False,False,10.0,0.7,0.9400000000000001,False,0.7,0.01,False,False,10.0,0.7,0.9400000000000001,False,0.7,0.01
AMD_RUB,2025-12-18,0.210658,0.5666666666666667,0.204022,-0.032525904069169,0.2109408390452821,0.2110316240164952,0.2110371914305094,0.2111408551628086,0.2110107864941897,0.2109408390452821,0.0,0.205623,0.0239012997370145,TEST,0.09999999999999998,1.0,0.46,False,0.8795256420325155,False,False,11.0,0.7,0.9400000000000001,False,0.75,0.0075,False,False,11.0,0.7,0.9400000000000001,False,0.7,0.01,False,False,11.0,0.7,0.9400000000000001,False,0.7,0.01
AMD_RUB,2025-12-19,0.209777,0.6666666666666667,0.207783,-0.0095965502471328,0.2097447967950422,0.2098502156632785,0.2099625827666698,0.2101399502621919,0.2100950994883133,0.2097447967950422,0.0001535116097464,0.204148,0.0268332562673696,TEST,0.09999999999999998,0.98464883902536,0.453859535610144,False,0.8704234857432083,False,False,12.0,0.6,0.9306542381819544,False,0.75,0.0075,False,False,12.0,0.6,0.9306542381819544,False,0.7,0.01,False,False,12.0,0.6,0.9306542381819544,False,0.7,0.01
AMD_RUB,2025-12-20,0.211608,0.4666666666666667,0.208063,-0.0170381086497839,0.2118960852896043,0.2120218013640387,0.2119876908533438,0.2121004015446715,0.2120634373768792,0.2118960852896043,0.0,0.203666,0.0375316623190048,TEST,0.0,1.0,0.4,False,1.0848290025895149,False,False,13.0,0.6,0.9306542381819544,False,0.75,0.0075,False,False,13.0,0.6,0.9306542381819544,False,0.7,0.01,False,False,13.0,0.6,0.9306542381819544,False,0.7,0.01
AMD_RUB,2025-12-23,0.207902,0.7888888888888889,0.208063,0.0007738040881848,0.2074688308933727,0.2075498091896887,0.2078979583457254,0.2079358647220363,0.2081039193223682,0.2074688308933727,0.002083525442888,0.203027,0.0234485478735172,TEST,0.30000000000000004,0.7916474557112,0.49665898228448,False,0.6949543172277562,False,False,14.0,0.6,0.9306542381819544,False,0.75,0.0075,False,False,14.0,0.6,0.9306542381819544,False,0.7,0.01,False,False,14.0,0.6,0.9306542381819544,False,0.7,0.01
AMD_RUB,2025-12-24,0.205963,0.8888888888888888,0.207902,0.0093265096054871,0.2057959002932649,0.2057368979971884,0.2058648672056506,0.2058683110260822,0.2061131455010607,0.2057368979971884,0.0010977797119464,0.203027,0.0142549875463068,TEST,0.5,0.89022202880536,0.656088811522144,False,0.5353527039262502,False,False,15.0,0.6,0.9259990549320319,False,0.75,0.0075,False,False,15.0,0.6,0.9259990549320319,False,0.7,0.01,False,False,15.0,0.6,0.9259990549320319,False,0.7,0.01
AMD_RUB,2025-12-25,0.205623,0.8888888888888888,0.205963,0.0016507819365614,0.2055930254860463,0.2054874983716572,0.2055488445729071,0.2054945494024527,0.2057857713567324,0.2054874983716572,0.0006589808938825,0.203027,0.0126250468089658,TEST,0.5,0.93410191061175,0.6736407642447,False,0.5073668614700804,False,False,16.0,0.6,0.9259990549320319,False,0.75,0.0075,False,False,16.0,0.6,0.9259990549320319,False,0.7,0.01,False,False,16.0,0.6,0.9259990549320319,False,0.7,0.01
AMD_RUB,2025-12-26,0.204148,0.9222222222222224,0.205623,0.0071733220505488,0.2037953248432484,0.2037985522555578,0.2039993937673113,0.2040948449179128,0.2043111732744813,0.2037953248432484,0.0017275464699708,0.203027,0.0054911142896329,TEST,0.65,0.82724535300292,0.720898141201168,False,0.3859576919911105,False,False,17.0,0.6,0.9121213245173423,False,0.75,0.0075,False,False,17.0,0.6,0.9121213245173423,False,0.7,0.01,False,False,17.0,0.6,0.9121213245173423,False,0.7,0.01
AMD_RUB,2025-12-27,0.203666,0.9444444444444444,0.204148,0.0023610321923309,0.2035774274892165,0.2034358372064103,0.2036085793805143,0.2036231202280575,0.2038454321257247,0.2034358372064103,0.0011300992487194,0.203027,0.0031374898117506,TEST,0.75,0.88699007512806,0.804796030051224,False,0.34628364474442497,True,False,18.0,0.6,0.853521797871984,False,0.75,0.0075,True,False,18.0,0.6,0.853521797871984,False,0.7,0.01,True,False,18.0,0.6,0.853521797871984,False,0.7,0.01
AMD_RUB,2025-12-30,0.203027,0.9555555555555556,0.203666,0.0031374898117506,0.2029552946155417,0.2027994187166289,0.2029133264369526,0.2030060712781746,0.2031764389686028,0.2027994187166289,0.0011209409751959,0.205126,0.0,TEST,0.8,0.88790590248041,0.835162360992164,False,0.29368672318709504,True,False,19.0,0.6,0.8108776180307344,True,0.75,0.0075,True,False,19.0,0.6,0.8108776180307344,True,0.7,0.01,True,False,19.0,0.6,0.8108776180307344,True,0.7,0.01
AMD_RUB,2025-12-31,0.205126,0.8666666666666667,0.203027,-0.0103385264028921,0.2053215538457582,0.2053032947021192,0.2053726907318536,0.2053263208651855,0.2054824898707683,0.2053032947021192,0.0,0.20483,0.0014430155124167,TEST,0.5,1.0,0.7,False,0.46645814470326846,False,True,1.0,0.8,0.925297812102724,False,0.75,0.0075,False,True,1.0,0.8,0.925297812102724,False,0.7,0.01,False,True,1.0,0.8,0.925297812102724,False,0.7,0.01
AMD_RUB,2026-01-13,0.20672,0.7888888888888889,0.203027,-0.0181896989070417,0.2068127115882173,0.2069716703879551,0.2069509047391991,0.2070841730465679,0.2071137311556657,0.2068127115882173,0.0,0.20483,0.009142801857585,TEST,0.4,1.0,0.64,False,0.5976623590418959,False,True,2.0,0.8,0.9079629095986511,False,0.75,0.0075,False,True,2.0,0.8,0.9079629095986511,False,0.7,0.01,False,True,2.0,0.8,0.9079629095986511,False,0.7,0.01
AMD_RUB,2026-01-14,0.207055,0.7555555555555555,0.203027,-0.019839725750762,0.2071176770613885,0.2073450963318942,0.2073691324630183,0.2075388175869559,0.2075079259750109,0.2071176770613885,0.0,0.20483,0.0107459370698605,TEST,0.4,1.0,0.64,False,0.625236644991357,False,True,3.0,0.8,0.8488907877297233,False,0.75,0.0075,False,True,3.0,0.8,0.8488907877297233,False,0.7,0.01,False,True,3.0,0.8,0.8488907877297233,False,0.7,0.01
AMD_RUB,2026-01-15,0.206587,0.7888888888888889,0.203027,-0.0175346136228185,0.2065277865099884,0.2066364959871462,0.2067603634017785,0.2068626381326649,0.2069496461425945,0.2065277865099884,0.0002866273773838,0.204452,0.0103346289940799,TEST,0.5,0.97133726226162,0.6885349049046481,False,0.5867149559634537,False,False,4.0,0.8,0.8230324721984329,False,0.75,0.0075,False,False,4.0,0.8,0.8230324721984329,False,0.7,0.01,False,False,4.0,0.8,0.8230324721984329,False,0.7,0.01
AMD_RUB,2026-01-16,0.206969,0.7444444444444445,0.203027,-0.0194161367699861,0.2070159663225183,0.2071772857828595,0.2071037672428294,0.2072889945454692,0.207282310682234,0.2070159663225183,0.0,0.200586,0.0308403673980161,TEST,0.44999999999999996,1.0,0.6699999999999999,False,0.5522200772200759,False,False,5.0,0.8,0.8078368240409792,False,0.75,0.0075,False,False,5.0,0.8,0.8078368240409792,False,0.7,0.01,False,False,5.0,0.8,0.8078368240409792,False,0.7,0.01
AMD_RUB,2026-01-17,0.20483,0.8777777777777778,0.205126,0.0014430155124167,0.2044719117414383,0.2044539869333567,0.2047162532366946,0.2048151041800332,0.2050026257699103,0.2044539869333567,0.0018357323958566,0.200292,0.022154957769858,TEST,0.75,0.81642676041434,0.7765707041657359,False,0.3457528957528966,True,False,6.0,0.8,0.7376777189711793,True,0.75,0.0075,True,False,6.0,0.8,0.7376777189711793,True,0.7,0.01,True,False,6.0,0.8,0.7376777189711793,True,0.7,0.01
AMD_RUB,2026-01-20,0.205227,0.8444444444444444,0.20483,-0.0019381926475612,0.2052223072155538,0.2052992233635331,0.205232988188541,0.205296997505295,0.2054695361745027,0.2052223072155538,2.2866311188113768e-05,0.200292,0.0240465435834466,TEST,0.7,0.9977133688811887,0.8190853475524755,False,0.25638037524763846,False,True,1.0,0.8,0.7320326537940817,False,0.75,0.0075,True,True,1.0,0.8,0.7320326537940817,False,0.7,0.01,True,True,1.0,0.8,0.7320326537940817,False,0.7,0.01
AMD_RUB,2026-01-21,0.205229,0.8333333333333334,0.20483,-0.0019479568422593,0.2052525717030603,0.2050660484088068,0.2051756374727754,0.2052695065966611,0.2053882989249384,0.2050660484088068,0.000793998855879,0.200292,0.0240560544562415,TEST,0.7,0.9206001144121,0.78824004576484,False,0.2566134483160456,False,True,2.0,0.8,0.7320326537940817,False,0.75,0.0075,True,True,2.0,0.8,0.7320326537940817,False,0.7,0.01,True,True,2.0,0.8,0.7320326537940817,False,0.7,0.01
AMD_RUB,2026-01-22,0.204452,0.8888888888888888,0.20483,0.00184543279793,0.2043134340603001,0.2041837442815586,0.2044073802058395,0.2045390088132966,0.2046243072006527,0.2041837442815586,0.0013120718723288,0.200292,0.020347074129869,TEST,0.85,0.8687928127671201,0.8575171251068481,False,0.16606456123994703,True,True,3.0,0.8,0.7789045724855568,False,0.75,0.0075,True,True,3.0,0.8,0.7789045724855568,False,0.7,0.01,True,True,3.0,0.8,0.7789045724855568,False,0.7,0.01
AMD_RUB,2026-01-23,0.200586,0.9888888888888888,0.204452,0.0189090837947293,0.2001322378945047,0.2002930130361587,0.2004784421074184,0.2005183280220667,0.2007418039324047,0.2001322378945047,0.0022621823332399,0.200292,0.0014657054829349,TEST,1.0,0.7737817666760101,0.9095127066704041,True,-0.2844656799906809,True,False,4.0,0.8,0.7915512426221168,True,0.75,0.0075,True,False,4.0,0.8,0.7915512426221168,True,0.7,0.01,True,False,4.0,0.8,0.7915512426221168,True,0.7,0.01
AMD_RUB,2026-01-24,0.200292,0.9888888888888888,0.200586,0.0014657054829349,0.2003105530355961,0.2000992196024604,0.2002455416664293,0.2001970123862428,0.2004425788327042,0.2000992196024604,0.0009624967424539,0.200012,0.0013979589798893,TEST,1.0,0.90375032575461,0.961500130301844,True,-0.026673924877516658,True,True,1.0,0.8,0.8076538935514743,False,0.75,0.0075,True,True,1.0,0.8,0.8076538935514743,False,0.7,0.01,True,True,1.0,0.8,0.8076538935514743,False,0.7,0.01
AMD_RUB,2026-01-27,0.200628,0.9666666666666668,0.200292,-0.0016775507758672,0.2006907570575247,0.2005808523852452,0.2005506780432579,0.2006730195919382,0.200900870160994,0.2005506780432579,0.0003853996288757,0.200012,0.0030703590725123,TEST,0.9,0.96146003711243,0.924584014844972,True,0.029692470837752137,True,True,2.0,0.8,0.8223007502404133,False,0.75,0.0075,True,True,2.0,0.8,0.8223007502404133,False,0.7,0.01,True,True,2.0,0.8,0.8223007502404133,False,0.7,0.01
AMD_RUB,2026-01-28,0.202059,0.9333333333333332,0.200292,-0.0088221197052303,0.2021737268238919,0.2020936300523459,0.2021545182023026,0.2023364195393123,0.2023194229960765,0.2020936300523459,0.0,0.200012,0.0101307043982202,TEST,0.85,1.0,0.91,False,0.15615058324496217,True,True,3.0,0.8,0.8396333138151009,False,0.75,0.0075,True,True,3.0,0.8,0.8396333138151009,False,0.7,0.01,True,True,3.0,0.8,0.8396333138151009,False,0.7,0.01
AMD_RUB,2026-01-29,0.201304,0.9444444444444444,0.200292,-0.0050526231701716,0.2012090955079825,0.2011237270513201,0.2012549238811925,0.2014624703921097,0.2014706191973634,0.2011237270513201,0.0008955259144374,0.200012,0.0064181536382785,TEST,0.85,0.9104474085562599,0.874178963422504,False,0.08943089430894428,True,False,4.0,0.8,0.8679162414195594,True,0.75,0.0075,True,False,4.0,0.8,0.8679162414195594,True,0.7,0.01,True,False,4.0,0.8,0.8679162414195594,True,0.7,0.01
AMD_RUB,2026-01-30,0.200541,0.9777777777777776,0.200292,-0.001243184949973,0.2005342725344918,0.2003971104009053,0.2005600525175363,0.2007499230270922,0.2007384655735277,0.2003971104009053,0.0007175071386634,0.200012,0.002637864576321,TEST,0.95,0.92824928613366,0.9412997144534639,True,0.03272010512483561,True,True,1.0,0.8,0.881245712072084,False,0.75,0.0075,True,True,1.0,0.8,0.881245712072084,False,0.7,0.01,True,True,1.0,0.8,0.881245712072084,False,0.7,0.01
AMD_RUB,2026-01-31,0.200012,0.9888888888888888,0.200292,0.0013979589798893,0.1999594779444553,0.1997931841907004,0.1999628678480886,0.2001368633025002,0.2001988797754355,0.1997931841907004,0.0010940134056935,0.202514,0.0,TEST,1.0,0.89059865943065,0.95623946377226,True,-0.041401744787816476,True,True,2.0,0.8,0.9096101653363232,False,0.75,0.0075,True,True,2.0,0.8,0.9096101653363232,False,0.7,0.01,True,True,2.0,0.8,0.9096101653363232,False,0.7,0.01
AMD_RUB,2026-02-03,0.203209,0.8555555555555556,0.200012,-0.0159840409575425,0.2035871258596792,0.203734261970508,0.2037280362531588,0.2035683953470673,0.203603589408985,0.2035683953470673,0.0,0.202514,0.0034201241086762,TEST,0.6,1.0,0.76,False,0.4539258838563124,False,True,3.0,0.8,0.9129168029689945,False,0.75,0.0075,False,True,3.0,0.8,0.9129168029689945,False,0.7,0.01,False,True,3.0,0.8,0.9129168029689945,False,0.7,0.01
AMD_RUB,2026-02-04,0.203419,0.8444444444444444,0.200012,-0.0170339779613222,0.2033648158084123,0.2034917900247409,0.2036340240313699,0.2037911170810975,0.2036999424905709,0.2033648158084123,0.0002663674071137,0.202514,0.0044489452804309,TEST,0.55,0.97336325928863,0.719345303715452,False,0.4837427232713327,False,False,4.0,0.8,0.9129168029689945,False,0.75,0.0075,False,False,4.0,0.8,0.9129168029689945,False,0.7,0.01,False,False,4.0,0.8,0.9129168029689945,False,0.7,0.01
AMD_RUB,2026-02-05,0.203326,0.8444444444444444,0.200012,-0.0165690058596484,0.2033795745432668,0.203359403540896,0.2035310066628664,0.2037194168253613,0.2035933959041385,0.203359403540896,0.0,0.202514,0.0039935866539449,TEST,0.55,1.0,0.73,False,0.4705381229589684,False,False,5.0,0.8,0.9129168029689945,False,0.75,0.0075,False,False,5.0,0.8,0.9129168029689945,False,0.7,0.01,False,False,5.0,0.8,0.9129168029689945,False,0.7,0.01
AMD_RUB,2026-02-06,0.202514,0.8888888888888888,0.200012,-0.0125092494450333,0.2023285937769368,0.2023268978754116,0.202457700045623,0.2026786139910251,0.20270006011368,0.2023268978754116,0.0009238972347017,0.204008,0.0,TEST,0.65,0.90761027652983,0.753044110611932,False,0.35524634388754883,False,False,6.0,0.8,0.9129168029689945,False,0.75,0.0075,False,False,6.0,0.8,0.9129168029689945,False,0.7,0.01,False,False,6.0,0.8,0.9129168029689945,False,0.7,0.01
AMD_RUB,2026-02-07,0.204008,0.7888888888888889,0.200012,-0.0199788012719236,0.2042409172932291,0.2043257136808007,0.2043077773767355,0.2043308242152581,0.2044066770464075,0.2042409172932291,0.0,0.204322,0.0,TEST,0.44999999999999996,1.0,0.6699999999999999,False,0.5673718585829907,False,False,7.0,0.7,0.884779086396874,False,0.75,0.0075,False,False,7.0,0.7,0.884779086396874,False,0.7,0.01,False,False,7.0,0.7,0.884779086396874,False,0.7,0.01
AMD_RUB,2026-02-10,0.20544,0.6666666666666667,0.202514,-0.0144483838154399,0.2056528315955324,0.2058064115088519,0.205803296820313,0.2058372597389848,0.2059180450693236,0.2056528315955324,0.0,0.202876,0.0124805295950156,TEST,0.19999999999999996,1.0,0.52,False,0.7706943064035242,False,False,8.0,0.7,0.884779086396874,False,0.75,0.0075,False,False,8.0,0.7,0.884779086396874,False,0.7,0.01,False,False,8.0,0.7,0.884779086396874,False,0.7,0.01
AMD_RUB,2026-02-11,0.204322,0.7555555555555555,0.202514,-0.0089277778326436,0.2042295083238871,0.2042964305265966,0.204497180307126,0.2046940170243037,0.2046460975953501,0.2042295083238871,0.0004526760511003,0.202876,0.0070770646332749,TEST,0.4,0.95473239488997,0.621892957955988,False,0.6119551327559296,False,False,9.0,0.7,0.884779086396874,False,0.75,0.0075,False,False,9.0,0.7,0.884779086396874,False,0.7,0.01,False,False,9.0,0.7,0.884779086396874,False,0.7,0.01
AMD_RUB,2026-02-12,0.205199,0.6888888888888889,0.202514,-0.0132583426331018,0.2054314868875423,0.2056156511675402,0.2055254316890782,0.2055782269996426,0.2056474785724495,0.2054314868875423,0.0,0.201627,0.0174074922392408,TEST,0.25,1.0,0.55,False,0.7455799913755935,False,False,10.0,0.7,0.884779086396874,False,0.75,0.0075,False,False,10.0,0.7,0.884779086396874,False,0.7,0.01,False,False,10.0,0.7,0.884779086396874,False,0.7,0.01
AMD_RUB,2026-02-13,0.204434,0.7444444444444445,0.202514,-0.0094808260169667,0.2043638791915255,0.2043696433844934,0.2044923106189736,0.2046727490395863,0.2046629901992667,0.2043638791915255,0.0003429997381771,0.201627,0.0137305927585431,TEST,0.35,0.96570002618229,0.596280010472916,False,0.6356188012074191,False,False,11.0,0.7,0.884779086396874,False,0.75,0.0075,False,False,11.0,0.7,0.884779086396874,False,0.7,0.01,False,False,11.0,0.7,0.884779086396874,False,0.7,0.01
AMD_RUB,2026-02-14,0.204792,0.7111111111111111,0.204008,-0.0038429865495471,0.2048292000720233,0.2050817407692745,0.2049662512107753,0.2050621620327211,0.2051667892716897,0.2048292000720233,0.0,0.201627,0.0154547052619242,TEST,0.25,1.0,0.55,False,0.8806190125276331,False,False,12.0,0.6,0.8344580585742246,False,0.75,0.0075,False,False,12.0,0.6,0.8344580585742246,False,0.7,0.01,False,False,12.0,0.6,0.8344580585742246,False,0.7,0.01
AMD_RUB,2026-02-17,0.202876,0.8666666666666667,0.204322,0.0070770646332749,0.2025787894392993,0.2025841980345656,0.2028095353415039,0.2029052574005346,0.2030469789859704,0.2025787894392993,0.0014649863005022,0.201627,0.0061564699619472,TEST,0.6,0.85350136994978,0.701400547979912,False,0.5276344878408248,False,False,13.0,0.6,0.8344580585742246,False,0.75,0.0075,False,False,13.0,0.6,0.8344580585742246,False,0.7,0.01,False,False,13.0,0.6,0.8344580585742246,False,0.7,0.01
AMD_RUB,2026-02-18,0.203643,0.8,0.202876,-0.0037806344762317,0.203695176230084,0.2037736119736051,0.2037324629647353,0.2037717439460772,0.2038915154478138,0.203695176230084,0.0,0.201627,0.0098996773765854,TEST,0.4,1.0,0.64,False,0.6689388356669095,False,False,14.0,0.6,0.8159508775016432,False,0.75,0.0075,False,False,14.0,0.6,0.8159508775016432,False,0.7,0.01,False,False,14.0,0.6,0.8159508775016432,False,0.7,0.01
AMD_RUB,2026-02-19,0.201627,0.9111111111111112,0.202876,0.0061564699619472,0.2013006660944756,0.2012741711525004,0.2015104629713113,0.2016102426523842,0.2017969263589792,0.2012741711525004,0.0017499087299796,0.202822,0.0,TEST,0.7,0.82500912700204,0.750003650800816,False,0.2975313190862197,False,False,15.0,0.6,0.7990068500427393,False,0.75,0.0075,True,False,15.0,0.6,0.7990068500427393,False,0.7,0.01,True,False,15.0,0.6,0.7990068500427393,False,0.7,0.01
AMD_RUB,2026-02-20,0.203323,0.8111111111111111,0.201627,-0.0084115718628953,0.2034791193549273,0.2034733721581882,0.2034771273007886,0.2035204450095634,0.2035030704200603,0.2034733721581882,0.0,0.202822,0.0024640596489329,TEST,0.44999999999999996,1.0,0.6699999999999999,False,0.6099852616064846,False,False,16.0,0.6,0.7558264663671592,False,0.75,0.0075,False,False,16.0,0.6,0.7558264663671592,False,0.7,0.01,False,False,16.0,0.6,0.7558264663671592,False,0.7,0.01
AMD_RUB,2026-02-21,0.203683,0.7555555555555555,0.201627,-0.0101970470224722,0.2036798626069731,0.2037583333856066,0.2038548665838483,0.2038800279454996,0.2038930384790638,0.2036798626069731,1.540331312334838e-05,0.202822,0.0042271569055836,TEST,0.30000000000000004,0.9984596686876651,0.5793838674750661,False,0.6763080324244651,False,False,17.0,0.6,0.7512198347252624,False,0.75,0.0075,False,False,17.0,0.6,0.7512198347252624,False,0.7,0.01,False,False,17.0,0.6,0.7512198347252624,False,0.7,0.01
AMD_RUB,2026-02-25,0.202822,0.8555555555555556,0.201627,-0.0059267855991509,0.2028322716503983,0.2027521702152005,0.202941478817987,0.2030730870671405,0.2030815273970125,0.2027521702152005,0.0003442909782937,0.202875,0.0,TEST,0.65,0.96557090217063,0.7762283608682521,False,0.517686072218128,False,False,18.0,0.6,0.7380014603203264,False,0.75,0.0075,False,False,18.0,0.6,0.7380014603203264,False,0.7,0.01,False,False,18.0,0.6,0.7380014603203264,False,0.7,0.01
AMD_RUB,2026-02-26,0.202875,0.8444444444444444,0.201627,-0.0061896472198663,0.2028683041048957,0.2028763151503256,0.2029305476862799,0.2030811345867009,0.2030821531664755,0.2028683041048957,3.300502824052862e-05,0.204545,0.0,TEST,0.65,0.9966994971759472,0.7886797988703789,False,0.5274502579218857,False,False,19.0,0.6,0.7380014603203264,False,0.75,0.0075,False,False,19.0,0.6,0.7380014603203264,False,0.7,0.01,False,False,19.0,0.6,0.7380014603203264,False,0.7,0.01
AMD_RUB,2026-02-27,0.204545,0.6333333333333333,0.201627,-0.0144722680990145,0.2047931278582888,0.2049095348737716,0.2049116782041943,0.2049441624167168,0.2050639052877468,0.2047931278582888,0.0,0.204769,0.0,TEST,0.15000000000000002,1.0,0.49000000000000005,False,0.8351142225497413,False,False,20.0,0.6,0.7380014603203264,False,0.75,0.0075,False,False,20.0,0.6,0.7380014603203264,False,0.7,0.01,False,False,20.0,0.6,0.7380014603203264,False,0.7,0.01
AMD_RUB,2026-02-28,0.20497,0.6,0.202822,-0.0105905670982438,0.2050481066435951,0.2052729132848794,0.2053614038123543,0.2053768833674016,0.2053693466384552,0.2050481066435951,0.0,0.204769,0.0009806313118993,TEST,0.09999999999999998,1.0,0.46,False,0.9134119380987479,False,False,21.0,0.6,0.7236071822292712,False,0.75,0.0075,False,False,21.0,0.6,0.7236071822292712,False,0.7,0.01,False,False,21.0,0.6,0.7236071822292712,False,0.7,0.01
AMD_RUB,2026-03-03,0.204769,0.6222222222222222,0.202822,-0.0095995503446371,0.2047154117638543,0.2047295468139435,0.2049538767666314,0.2050932065495738,0.2051037060482239,0.2047154117638543,0.0002617009222377,0.205866,0.0,TEST,0.19999999999999996,0.97382990777623,0.509531963110492,False,0.8763817243920408,False,False,22.0,0.6,0.708578450274128,False,0.75,0.0075,False,False,22.0,0.6,0.708578450274128,False,0.7,0.01,False,False,22.0,0.6,0.708578450274128,False,0.7,0.01
AMD_RUB,2026-03-04,0.205866,0.4888888888888889,0.202822,-0.0150082338207886,0.20600756381792,0.2061756016729303,0.2061699581066565,0.2062654673275778,0.2062603634339601,0.20600756381792,0.0,0.205899,0.0,TEST,0.0,1.0,0.4,False,1.111723052714393,False,False,23.0,0.6,0.6825602191919647,False,0.75,0.0075,False,False,23.0,0.6,0.6825602191919647,False,0.7,0.01,False,False,23.0,0.6,0.6825602191919647,False,0.7,0.01
AMD_RUB,2026-03-05,0.205899,0.4777777777777777,0.202875,-0.01490573012939,0.2059894779110113,0.2061262898111258,0.2061804466373615,0.2062349851558112,0.2061736501987377,0.2059894779110113,0.0,0.207076,0.0,TEST,0.0,1.0,0.4,False,1.0077848549186141,False,False,24.0,0.6,0.6699999999999999,False,0.75,0.0075,False,False,24.0,0.6,0.6699999999999999,False,0.7,0.01,False,False,24.0,0.6,0.6699999999999999,False,0.7,0.01
AMD_RUB,2026-03-06,0.207076,0.3666666666666667,0.204545,-0.0123738052751228,0.2073342209652097,0.2075675910493635,0.2074725625340953,0.2075429134814875,0.2075285809037498,0.2073342209652097,0.0,0.208631,0.0,TEST,0.0,1.0,0.4,False,1.275514981273411,False,False,25.0,0.6,0.652,False,0.75,0.0075,False,False,25.0,0.6,0.652,False,0.7,0.01,False,False,25.0,0.6,0.652,False,0.7,0.01
AMD_RUB,2026-03-07,0.209774,0.2666666666666667,0.204769,-0.0244421763059837,0.2101554481758865,0.2102013638673043,0.2101756028152229,0.2103178596832684,0.2102814122050432,0.2101554481758865,0.0,0.208631,0.0054487210045095,TEST,0.0,1.0,0.4,False,1.4951367223343683,False,False,26.0,0.6,0.6291357747735928,False,0.75,0.0075,False,False,26.0,0.6,0.6291357747735928,False,0.7,0.01,False,False,26.0,0.6,0.6291357747735928,False,0.7,0.01
AMD_RUB,2026-03-11,0.208631,0.2777777777777778,0.204769,-0.0188602767020398,0.2085403876134473,0.2087594549777114,0.2088773447468012,0.2091156796441542,0.208994547631448,0.2085403876134473,0.0004343189006078,0.209483,0.0,TEST,0.050000000000000044,0.95656810993922,0.41262724397568806,False,0.8597029581441047,False,False,27.0,0.6,0.6065251894661448,False,0.75,0.0075,False,False,27.0,0.6,0.6065251894661448,False,0.7,0.01,False,False,27.0,0.6,0.6065251894661448,False,0.7,0.01
AMD_RUB,2026-03-12,0.209579,0.2555555555555555,0.205866,-0.0180360040026036,0.209883940255643,0.2100774867038132,0.210019524479145,0.210115030286702,0.2100698342706232,0.209883940255643,0.0,0.209483,0.0004580611607078,TEST,0.050000000000000044,1.0,0.43000000000000005,False,0.9760648091321957,False,False,28.0,0.6,0.586142324674206,False,0.75,0.0075,False,False,28.0,0.6,0.586142324674206,False,0.7,0.01,False,False,28.0,0.6,0.586142324674206,False,0.7,0.01
AMD_RUB,2026-03-13,0.209483,0.2555555555555555,0.205899,-0.0174065925526593,0.2095093202140943,0.2096724307527985,0.2097033020283148,0.2098562876926451,0.2098132608331351,0.2095093202140943,0.0,0.212495,0.0,TEST,0.09999999999999998,1.0,0.46,False,0.9642813305511249,False,False,29.0,0.6,0.586142324674206,False,0.75,0.0075,False,False,29.0,0.6,0.586142324674206,False,0.7,0.01,False,False,29.0,0.6,0.586142324674206,False,0.7,0.01
AMD_RUB,2026-03-14,0.212495,0.0444444444444444,0.207076,-0.0261691359694024,0.2129709783147638,0.2129664026104997,0.213076892372238,0.2130995175187362,0.2129529086725024,0.2129529086725024,0.0,0.214758,0.0,TEST,0.0,1.0,0.4,False,1.3339879710322824,False,False,30.0,0.6,0.5617535469900264,False,0.75,0.0075,False,False,30.0,0.6,0.5617535469900264,False,0.7,0.01,False,False,30.0,0.6,0.5617535469900264,False,0.7,0.01
AMD_RUB,2026-03-17,0.214758,0.0,0.208631,-0.0293676395166585,0.2151590793663572,0.2153081694448099,0.2154718277833715,0.2154583456974898,0.215270427476921,0.2151590793663572,0.0,0.21696,0.0,TEST,0.0,1.0,0.4,False,1.2082259845417755,False,False,31.0,0.6,0.5617535469900264,False,0.75,0.0075,False,False,31.0,0.6,0.5617535469900264,False,0.7,0.01,False,False,31.0,0.6,0.5617535469900264,False,0.7,0.01
AMD_RUB,2026-03-18,0.217004,0.0,0.208631,-0.0401330578868911,0.2175049054220288,0.2176378097780593,0.2176469166232865,0.2176806414149167,0.217560763423762,0.2175049054220288,0.0,0.214567,0.0112302077381061,TEST,0.0,1.0,0.4,False,1.1710456172416417,False,False,32.0,0.6,0.5257191778662952,False,0.75,0.0075,False,False,32.0,0.6,0.5257191778662952,False,0.7,0.01,False,False,32.0,0.6,0.5257191778662952,False,0.7,0.01
AMD_RUB,2026-03-19,0.220265,0.0,0.209483,-0.0514695703231287,0.2208813331799456,0.221045168433188,0.2210216009931124,0.2208309295445446,0.2207675594781829,0.2207675594781829,0.0,0.213996,0.0284611717703675,TEST,0.0,1.0,0.4,False,1.2120699746374446,False,False,33.0,0.6,0.4978127852441968,False,0.75,0.0075,False,False,33.0,0.6,0.4978127852441968,False,0.7,0.01,False,False,33.0,0.6,0.4978127852441968,False,0.7,0.01
AMD_RUB,2026-03-20,0.224736,0.0,0.209483,-0.0728125909978374,0.225490742838838,0.2255320467737759,0.2254198994035721,0.2252199176571651,0.2251513457847451,0.2251513457847451,0.0,0.213996,0.047789406236651,TEST,0.0,1.0,0.4,False,1.2398862538899027,False,False,34.0,0.6,0.47200000000000003,False,0.75,0.0075,False,False,34.0,0.6,0.47200000000000003,False,0.7,0.01,False,False,34.0,0.6,0.47200000000000003,False,0.7,0.01
AMD_RUB,2026-03-21,0.222512,0.011111111111111,0.212495,-0.0471399327042989,0.2225070648852246,0.2225446603506845,0.222787517145661,0.2232306220721125,0.2227971663105989,0.2225070648852246,2.2179094949463848e-05,0.213996,0.0382720931904796,TEST,0.050000000000000044,0.9977820905050536,0.4291128362020215,False,0.9037604396555453,False,False,35.0,0.6,0.46,False,0.75,0.0075,False,False,35.0,0.6,0.46,False,0.7,0.01,False,False,35.0,0.6,0.46,False,0.7,0.01
AMD_RUB,2026-03-24,0.21696,0.0444444444444444,0.214758,-0.0102534015030871,0.2166517382015321,0.2164814660394882,0.2170274399054055,0.2170184088024419,0.2171029104143704,0.2164814660394882,0.0022056321926243,0.213996,0.0136615044247787,TEST,0.19999999999999996,0.77943678073757,0.43177471229502795,False,0.6451583462626628,False,False,36.0,0.6,0.44200000000000006,False,0.75,0.0075,False,False,36.0,0.6,0.44200000000000006,False,0.7,0.01,False,False,36.0,0.6,0.44200000000000006,False,0.7,0.01
AMD_RUB,2026-03-25,0.214567,0.0666666666666666,0.21696,0.0110296828908553,0.2143275201910151,0.21431942189008,0.2143532168361686,0.2144727191109449,0.2146854077794057,0.21431942189008,0.0011538498926676,0.213996,0.002661173433007,TEST,0.30000000000000004,0.88461501073324,0.5338460042932961,False,0.5359587478324364,False,False,37.0,0.6,0.4307098849180112,False,0.75,0.0075,False,False,37.0,0.6,0.4307098849180112,False,0.7,0.01,False,False,37.0,0.6,0.4307098849180112,False,0.7,0.01
AMD_RUB,2026-03-26,0.213996,0.0777777777777777,0.214567,0.002661173433007,0.2140535062929459,0.2139508637051879,0.2137983771483357,0.2139490354767925,0.2141251904820161,0.2137983771483357,0.0009234885309272,0.213725,0.0012663788108188,TEST,0.35,0.90765114690728,0.573060458762912,False,0.5099023455325361,False,False,38.0,0.6,0.4307098849180112,False,0.75,0.0075,False,False,38.0,0.6,0.4307098849180112,False,0.7,0.01,False,False,38.0,0.6,0.4307098849180112,False,0.7,0.01
AMD_RUB,2026-03-27,0.217647,0.0333333333333333,0.213996,-0.0170610665619918,0.2180702519436716,0.2181943485052278,0.2178812321970992,0.2179208960271365,0.217902304570894,0.2178812321970992,0.0,0.213108,0.0208548705013164,TEST,0.15000000000000002,1.0,0.49000000000000005,False,0.675723891862221,False,False,39.0,0.6,0.4307098849180112,False,0.75,0.0075,False,False,39.0,0.6,0.4307098849180112,False,0.7,0.01,False,False,39.0,0.6,0.4307098849180112,False,0.7,0.01
AMD_RUB,2026-03-28,0.215134,0.0666666666666666,0.213996,-0.005317856408531,0.2147570763511492,0.2149419650945391,0.214990974460715,0.215304763233221,0.2152879514137501,0.2147570763511492,0.0017520412805543,0.211495,0.0169150389989495,TEST,0.30000000000000004,0.82479587194457,0.509918348777828,False,0.5244415828834627,False,False,40.0,0.6,0.4307098849180112,False,0.75,0.0075,False,False,40.0,0.6,0.4307098849180112,False,0.7,0.01,False,False,40.0,0.6,0.4307098849180112,False,0.7,0.01
AMD_RUB,2026-03-31,0.21533,0.0666666666666666,0.213996,-0.0062337613787173,0.215482097673919,0.2156775868326221,0.2155026926413778,0.2155739816568555,0.2156042806985905,0.215482097673919,0.0,0.209037,0.0292249106023312,TEST,0.30000000000000004,1.0,0.5800000000000001,False,0.5289227224921117,False,False,41.0,0.6,0.4307098849180112,False,0.75,0.0075,False,False,41.0,0.6,0.4307098849180112,False,0.7,0.01,False,False,41.0,0.6,0.4307098849180112,False,0.7,0.01
AMD_RUB,2026-04-01,0.215427,0.0666666666666666,0.213996,-0.0066870408792688,0.2154941799030012,0.2155950399651939,0.215482621808785,0.215591622230433,0.2156813137715686,0.215482621808785,0.0,0.209037,0.0296620200810483,TEST,0.30000000000000004,1.0,0.5800000000000001,False,0.5337807382180603,False,False,42.0,0.6,0.4307098849180112,False,0.75,0.0075,False,False,42.0,0.6,0.4307098849180112,False,0.7,0.01,False,False,42.0,0.6,0.4307098849180112,False,0.7,0.01
AMD_RUB,2026-04-02,0.213725,0.1333333333333333,0.213996,0.0012663788108188,0.2134635780187292,0.2135457045186092,0.2136436009618152,0.2138143334200949,0.2140049269186859,0.2134635780187292,0.0012231698737667,0.208079,0.0264171248099193,TEST,0.6,0.87768301262333,0.711073205049332,False,0.41648118706942266,False,False,43.0,0.6,0.4307098849180112,False,0.75,0.0075,False,False,43.0,0.6,0.4307098849180112,False,0.7,0.01,False,False,43.0,0.6,0.4307098849180112,False,0.7,0.01
AMD_RUB,2026-04-03,0.213108,0.1444444444444445,0.213725,0.0028868873552462,0.2129811691723881,0.2129766921837418,0.2130624602925481,0.2131280594249171,0.2133218602352077,0.2129766921837418,0.0006161562037004,0.206979,0.0287600653189931,TEST,0.65,0.93838437962996,0.7653537518519841,False,0.38270425226946947,False,False,44.0,0.6,0.4430648273770168,False,0.75,0.0075,False,False,44.0,0.6,0.4430648273770168,False,0.7,0.01,False,False,44.0,0.6,0.4430648273770168,False,0.7,0.01
AMD_RUB,2026-04-04,0.211495,0.2222222222222222,0.213108,0.00756893218462,0.21116643157007,0.2111478608122223,0.2113297143659831,0.21141628973982,0.2117066764248565,0.2111478608122223,0.0016413588395833,0.204861,0.0313671718007518,TEST,0.75,0.83586411604167,0.784345646416668,False,0.25022650056625045,True,False,45.0,0.6,0.47200000000000003,True,0.75,0.0075,True,False,45.0,0.6,0.47200000000000003,True,0.7,0.01,True,False,45.0,0.6,0.47200000000000003,True,0.7,0.01
AMD_RUB,2026-04-07,0.209037,0.2888888888888888,0.211495,0.0116220241613276,0.2085818857509038,0.2086509387198556,0.208864317601409,0.2089595174108754,0.2092544813965418,0.2085818857509038,0.0021771947028334,0.203227,0.0277941225716022,TEST,0.95,0.78228052971666,0.8829122118866639,False,0.02520956224774854,True,True,1.0,0.8,0.5800000000000001,False,0.75,0.0075,True,True,1.0,0.8,0.5800000000000001,False,0.7,0.01,True,True,1.0,0.8,0.5800000000000001,False,0.7,0.01
AMD_RUB,2026-04-08,0.209179,0.2777777777777778,0.209037,-0.0006793055774815,0.2092468704534424,0.2090987323493599,0.2090854226015251,0.2090976462941896,0.2093770369553927,0.2090854226015251,0.0004473556068004,0.202173,0.0334928458401656,TEST,0.9,0.95526443931996,0.922105775727984,False,0.03402669978267579,True,True,2.0,0.8,0.6062146410098666,False,0.75,0.0075,True,True,2.0,0.8,0.6062146410098666,False,0.7,0.01,True,True,2.0,0.8,0.6062146410098666,False,0.7,0.01
AMD_RUB,2026-04-09,0.208079,0.3222222222222222,0.209037,0.0045829207269527,0.2078244660097215,0.2078454368182461,0.2078815434002167,0.2080554393359645,0.2082585742856246,0.2078244660097215,0.0012232565048779,0.200904,0.0344820957424823,TEST,1.0,0.87767434951221,0.951069739804884,False,-0.061022995095229945,True,True,3.0,0.8,0.7219293144098625,False,0.75,0.0075,True,True,3.0,0.8,0.7219293144098625,False,0.7,0.01,True,True,3.0,0.8,0.7219293144098625,False,0.7,0.01
AMD_RUB,2026-04-10,0.206979,0.4,0.208079,0.0052864537026801,0.2067179952205956,0.2067416505008429,0.2068277053796452,0.2069611007081042,0.2071331616387156,0.2067179952205956,0.0012610205837518,0.200904,0.0293508037047236,TEST,1.0,0.87389794162482,0.9495591766499281,False,-0.06603830221528424,True,False,4.0,0.8,0.7691521307649208,True,0.75,0.0075,True,False,4.0,0.8,0.7691521307649208,True,0.7,0.01,True,False,4.0,0.8,0.7691521307649208,True,0.7,0.01
AMD_RUB,2026-04-11,0.204861,0.5888888888888889,0.206979,0.0102329221805111,0.2044570555374193,0.2045151035098888,0.2046788314330711,0.2047164372425988,0.2050412812537363,0.2044570555374193,0.0019717977681485,0.200904,0.0193155358999516,TEST,1.0,0.80282022318515,0.92112808927406,False,-0.11927690488258204,True,True,1.0,0.8,0.8040589595106673,False,0.75,0.0075,True,True,1.0,0.8,0.8040589595106673,False,0.7,0.01,True,True,1.0,0.8,0.8040589595106673,False,0.7,0.01
AMD_RUB,2026-04-14,0.203227,0.7888888888888889,0.204861,0.0079761399192623,0.2029604130239827,0.2029045814347486,0.2030477793464478,0.2030937137158374,0.2033866061009232,0.2029045814347486,0.0015864947337282,0.200904,0.0114305677887288,TEST,1.0,0.84135052662718,0.936540210650872,False,-0.08221383647798723,True,True,2.0,0.8,0.8905553873641432,False,0.75,0.0075,True,True,2.0,0.8,0.8905553873641432,False,0.7,0.01,True,True,2.0,0.8,0.8905553873641432,False,0.7,0.01
AMD_RUB,2026-04-15,0.202173,0.8777777777777778,0.203227,0.0051863187470168,0.2020252266558158,0.2019216271286,0.2019695233860699,0.2020349998043336,0.20233959277276,0.2019216271286,0.0012433553016474,0.200192,0.0097985388751217,TEST,1.0,0.87566446983526,0.950265787934104,False,-0.0490027430377981,True,True,3.0,0.8,0.9213236265648448,False,0.75,0.0075,True,True,3.0,0.8,0.9213236265648448,False,0.7,0.01,True,True,3.0,0.8,0.9213236265648448,False,0.7,0.01
AMD_RUB,2026-04-16,0.200904,0.9333333333333332,0.202173,0.0062768025403985,0.200645283391215,0.2005736202586882,0.2007561412640133,0.2007988504084916,0.2010577167136619,0.2005736202586882,0.0016444657214978,0.200192,0.0035439812049535,TEST,1.0,0.83555342785022,0.934221371140088,True,-0.056242520941363845,True,False,4.0,0.8,0.9249926627125616,True,0.75,0.0075,True,False,4.0,0.8,0.9249926627125616,True,0.7,0.01,True,False,4.0,0.8,0.9249926627125616,True,0.7,0.01
AMD_RUB,2026-04-17,0.203352,0.7333333333333334,0.200904,-0.0121849241428742,0.2035602106978895,0.2035368237462519,0.2034713621625435,0.2034810947798341,0.2036356091744917,0.2034713621625435,0.0,0.200192,0.0155395570242731,TEST,0.85,1.0,0.91,False,0.10271903323262867,True,True,1.0,0.8,0.9346851390422448,False,0.75,0.0075,True,True,1.0,0.8,0.9346851390422448,False,0.7,0.01,True,True,1.0,0.8,0.9346851390422448,False,0.7,0.01
AMD_RUB,2026-04-18,0.203455,0.7111111111111111,0.200904,-0.0126976068171863,0.2033737303740809,0.203368407186775,0.2034962757846498,0.2036166183371397,0.2036504113278831,0.203368407186775,0.0004256116252978,0.200192,0.0160379445086136,TEST,0.8,0.95743883747022,0.862975534988088,False,0.11805812661977041,True,True,2.0,0.8,0.9346851390422448,False,0.75,0.0075,True,True,2.0,0.8,0.9346851390422448,False,0.7,0.01,True,True,2.0,0.8,0.9346851390422448,False,0.7,0.01
AMD_RUB,2026-04-21,0.201789,0.8888888888888888,0.200904,-0.0044050889977302,0.2014671617888712,0.2014289612850096,0.2017734810252099,0.2018828341345781,0.2018831336347904,0.2014289612850096,0.0017842336053521,0.200192,0.0079142074146756,TEST,0.95,0.82157663946479,0.8986306557859159,False,0.05285791076867924,True,True,3.0,0.8,0.9346851390422448,False,0.75,0.0075,True,True,3.0,0.8,0.9346851390422448,False,0.7,0.01,True,True,3.0,0.8,0.9346851390422448,False,0.7,0.01
AMD_RUB,2026-04-22,0.200192,0.9777777777777776,0.200904,0.0035439812049535,0.1999632449024496,0.1998434763587086,0.2000476932414324,0.2001271052967254,0.200341099437438,0.1998434763587086,0.0017409468974354,0.201117,0.0,TEST,1.0,0.82590531025646,0.930362124102584,True,-0.04252523442632683,True,False,4.0,0.8,0.9346851390422448,False,0.75,0.0075,True,False,4.0,0.8,0.9346851390422448,False,0.7,0.01,True,False,4.0,0.8,0.9346851390422448,False,0.7,0.01
AMD_RUB,2026-04-23,0.201406,0.8888888888888888,0.200192,-0.0060641783887467,0.2015583834255974,0.201499184170663,0.2014310194775764,0.201523502384321,0.2016423844296055,0.2014310194775764,0.0,0.201117,0.0014349125646704,TEST,0.9,1.0,0.9400000000000001,True,0.0695502721283296,True,False,5.0,0.8,0.9346851390422448,True,0.75,0.0075,True,False,5.0,0.8,0.9346851390422448,True,0.7,0.01,True,False,5.0,0.8,0.9346851390422448,True,0.7,0.01
AMD_RUB,2026-04-24,0.201261,0.9,0.200192,-0.0053398737212275,0.2010959019522109,0.200980551805034,0.2012536926546624,0.2013318284439286,0.2013625072194486,0.200980551805034,0.0013934552395446,0.201117,0.0007154888428458,TEST,0.9,0.86065447604554,0.8842617904182161,True,0.06124319679174946,True,True,1.0,0.8,0.9372321685206976,False,0.75,0.0075,True,True,1.0,0.8,0.9372321685206976,False,0.7,0.01,True,True,1.0,0.8,0.9372321685206976,False,0.7,0.01
AMD_RUB,2026-04-25,0.203123,0.7555555555555555,0.200192,-0.0146409446930945,0.2033218225382937,0.203246316073326,0.2033728858875178,0.2033952502376192,0.2034436232007672,0.203246316073326,0.0,0.201117,0.0098757895462355,TEST,0.7,1.0,0.8200000000000001,False,0.19238595339678302,False,True,2.0,0.8,0.9372321685206976,False,0.75,0.0075,True,True,2.0,0.8,0.9372321685206976,False,0.7,0.01,True,True,2.0,0.8,0.9372321685206976,False,0.7,0.01
AMD_RUB,2026-04-28,0.201335,0.8888888888888888,0.200192,-0.0057095188618924,0.2010383310560344,0.2010368402227806,0.2013118201776731,0.2014290610780503,0.2015119674879925,0.2010368402227806,0.0014809137865715,0.201117,0.0010827724936051,TEST,0.85,0.85190862134285,0.85076344853714,True,0.07502461437479341,True,True,3.0,0.8,0.9372321685206976,False,0.75,0.0075,True,True,3.0,0.8,0.9372321685206976,False,0.7,0.01,True,True,3.0,0.8,0.9372321685206976,False,0.7,0.01
AMD_RUB,2026-04-29,0.201117,0.9222222222222224,0.200192,-0.0046205642583119,0.2011617212292904,0.2010659685325214,0.2011691138936986,0.2012919375935332,0.2013268782700235,0.2010659685325214,0.0002537401983849,0.201731,0.0,TEST,0.9,0.97462598016151,0.9298503920646041,True,0.06071545782736997,True,False,4.0,0.8,0.9372321685206976,False,0.75,0.0075,True,False,4.0,0.8,0.9372321685206976,False,0.7,0.01,True,False,4.0,0.8,0.9372321685206976,False,0.7,0.01
AMD_RUB,2026-04-30,0.201731,0.8555555555555556,0.201117,-0.0030529492782808,0.2018062796922569,0.2018554414160119,0.2018087022450404,0.2019100148334785,0.2020942845676698,0.2018062796922569,0.0,0.201741,0.0,TEST,0.7,1.0,0.8200000000000001,False,0.1137220128574585,False,False,5.0,0.8,0.9372321685206976,False,0.75,0.0075,True,False,5.0,0.8,0.9372321685206976,False,0.7,0.01,True,False,5.0,0.8,0.9372321685206976,False,0.7,0.01
AMD_RUB,2026-05-01,0.201741,0.8444444444444444,0.201117,-0.00310267157923,0.2017838241559088,0.2017042396694687,0.2018864896180132,0.2019671719028548,0.201999144168782,0.2017042396694687,0.000182215467016,0.20134,0.0019876970967726,TEST,0.65,0.9817784532984,0.78271138131936,False,0.11992877051718774,False,False,6.0,0.8,0.9372321685206976,False,0.75,0.0075,False,False,6.0,0.8,0.9372321685206976,False,0.7,0.01,False,False,6.0,0.8,0.9372321685206976,False,0.7,0.01
AMD_RUB,2026-05-05,0.20346,0.6555555555555556,0.201117,-0.0116499351123973,0.2036418049389093,0.2037057448185208,0.2037049563496118,0.2038232880989528,0.203849753143585,0.2036418049389093,0.0,0.200173,0.0161555096824929,TEST,0.30000000000000004,1.0,0.5800000000000001,False,0.2891267805007519,False,False,7.0,0.7,0.9315198982138352,False,0.75,0.0075,False,False,7.0,0.7,0.9315198982138352,False,0.7,0.01,False,False,7.0,0.7,0.9315198982138352,False,0.7,0.01
AMD_RUB,2026-05-06,0.203393,0.6777777777777778,0.201117,-0.0113167956960376,0.203399795847298,0.2034847144572587,0.2036099555848102,0.2037252931454245,0.2037156240062795,0.203399795847298,0.0,0.198958,0.0218050768708854,TEST,0.35,1.0,0.61,False,0.35618115055079375,False,False,8.0,0.7,0.9315198982138352,False,0.75,0.0075,False,False,8.0,0.7,0.9315198982138352,False,0.7,0.01,False,False,8.0,0.7,0.9315198982138352,False,0.7,0.01
AMD_RUB,2026-05-07,0.20331,0.7111111111111111,0.201117,-0.0109041005981592,0.2033132047914002,0.2032979703679387,0.2034599556658693,0.2036133403520215,0.203564437776435,0.2032979703679387,5.916891476704998e-05,0.198326,0.0245142885249126,TEST,0.4,0.994083108523295,0.6376332434093179,False,0.34694558807165726,False,False,9.0,0.7,0.9315198982138352,False,0.75,0.0075,False,False,9.0,0.7,0.9315198982138352,False,0.7,0.01,False,False,9.0,0.7,0.9315198982138352,False,0.7,0.01
AMD_RUB,2026-05-08,0.202071,0.8111111111111111,0.201731,-0.001685412752626,0.2018609492261021,0.2018905664162401,0.2020326145490703,0.2021981284857841,0.2022789343730519,0.2018609492261021,0.0010394899510464,0.198326,0.018533089854556,TEST,0.55,0.89605100489536,0.6884204019581441,False,0.23824014200583202,False,False,10.0,0.7,0.9315198982138352,False,0.75,0.0075,False,False,10.0,0.7,0.9315198982138352,False,0.7,0.01,False,False,10.0,0.7,0.9315198982138352,False,0.7,0.01
AMD_RUB,2026-05-09,0.20134,0.8777777777777778,0.201741,0.0019876970967726,0.2013314144885414,0.2012066576144533,0.2012504743624477,0.2014257856302545,0.2015453138930577,0.2012066576144533,0.0006622746873283,0.196581,0.0236366345485248,TEST,0.75,0.93377253126717,0.823509012506868,False,0.16914689848239053,True,False,11.0,0.7,0.930003911675998,False,0.75,0.0075,True,False,11.0,0.7,0.930003911675998,False,0.7,0.01,True,False,11.0,0.7,0.930003911675998,False,0.7,0.01
AMD_RUB,2026-05-13,0.200173,0.9888888888888888,0.20134,0.0057961656898778,0.1998738986185412,0.1997337153936294,0.2001162254345284,0.2002424662453789,0.2002604287990663,0.1997337153936294,0.0021945247679286,0.193619,0.0327416784481422,TEST,1.0,0.78054752320714,0.912219009282856,False,-0.004069393874495414,True,False,12.0,0.6,0.9031783934715496,True,0.75,0.0075,True,False,12.0,0.6,0.9031783934715496,True,0.7,0.01,True,False,12.0,0.6,0.9031783934715496,True,0.7,0.01
AMD_RUB,2026-05-14,0.198958,1.0,0.200173,0.0060697496665384,0.1987044260759406,0.1985377601933585,0.1989040456932974,0.1990219160721359,0.1990040362558911,0.1985377601933585,0.0021122036140365,0.192869,0.0306044491802289,TEST,1.0,0.78877963859635,0.91551185543854,False,-0.36963796775174607,True,True,1.0,0.8,0.9311339735100848,False,0.75,0.0075,True,True,1.0,0.8,0.9311339735100848,False,0.7,0.01,True,True,1.0,0.8,0.9311339735100848,False,0.7,0.01
AMD_RUB,2026-05-15,0.198326,1.0,0.198958,0.003176549824586,0.1983144587277297,0.1981183140571143,0.1982637041341275,0.1983499974665573,0.1984860499993007,0.1981183140571143,0.001047194734355,0.192438,0.0296884926837631,TEST,1.0,0.8952805265645,0.9581122106258,False,-0.14038205242114457,True,True,2.0,0.8,0.9299527384722001,False,0.75,0.0075,True,True,2.0,0.8,0.9299527384722001,False,0.7,0.01,True,True,2.0,0.8,0.9299527384722001,False,0.7,0.01
AMD_RUB,2026-05-16,0.198592,0.9888888888888888,0.198326,-0.00134122606214,0.1985171121387153,0.198530327658025,0.1984923067374612,0.1987085065111474,0.1988215167993366,0.1984923067374612,0.000502000395478,0.192438,0.0309881566226232,TEST,0.95,0.9497999604522,0.94991998418088,False,0.05181145305804217,True,True,3.0,0.8,0.9299527384722001,False,0.75,0.0075,True,True,3.0,0.8,0.9299527384722001,False,0.7,0.01,True,True,3.0,0.8,0.9299527384722001,False,0.7,0.01
AMD_RUB,2026-05-19,0.196581,1.0,0.198326,0.0087986446557687,0.1962567497198575,0.196219756454099,0.1965248112577843,0.1965707356456683,0.1967411531520508,0.196219756454099,0.0018376320493893,0.192438,0.0210752819448472,TEST,1.0,0.81623679506107,0.9264947180244281,False,-0.33989092325671927,True,False,4.0,0.8,0.9299527384722001,False,0.75,0.0075,True,False,4.0,0.8,0.9299527384722001,False,0.7,0.01,True,False,4.0,0.8,0.9299527384722001,False,0.7,0.01
AMD_RUB,2026-05-20,0.193619,1.0,0.196581,0.0150675802849715,0.193253479200034,0.1933253553858468,0.1935459780749739,0.1936822312481506,0.1937800328111389,0.193253479200034,0.0018878353878804,0.192438,0.0060996079930172,TEST,1.0,0.81121646121196,0.924486584484784,False,-0.4305858409652557,True,False,5.0,0.8,0.9299527384722001,False,0.75,0.0075,True,False,5.0,0.8,0.9299527384722001,False,0.7,0.01,True,False,5.0,0.8,0.9299527384722001,False,0.7,0.01
AMD_RUB,2026-05-21,0.192869,1.0,0.193619,0.0038735867864207,0.1927745339373086,0.192698203137991,0.1928462070243584,0.1929048859061391,0.1930179707642411,0.192698203137991,0.0008855589130913,0.192438,0.0022346774235362,TEST,1.0,0.91144410869087,0.964577643476348,True,-0.07621176709683991,True,False,6.0,0.8,0.9299527384722001,True,0.75,0.0075,True,False,6.0,0.8,0.9299527384722001,True,0.7,0.01,True,False,6.0,0.8,0.9299527384722001,True,0.7,0.01
AMD_RUB,2026-05-22,0.192438,1.0,0.192869,0.0022346774235362,0.1924794645681122,0.1922465375483565,0.1924083317303209,0.1924508770647601,0.1925932983560674,0.1922465375483565,0.0009949305835827,0.19264,0.0,TEST,1.0,0.90050694164173,0.960202776656692,True,-0.04069492965725759,True,True,1.0,0.8,0.9322896992820672,False,0.75,0.0075,True,True,1.0,0.8,0.9322896992820672,False,0.7,0.01,True,True,1.0,0.8,0.9322896992820672,False,0.7,0.01
AMD_RUB,2026-05-23,0.193518,0.9777777777777776,0.192438,-0.005612197175194,0.1936178407637311,0.193582987500301,0.1935860466133933,0.1936603170978938,0.1937170421998158,0.193582987500301,0.0,0.19264,0.0045370456495002,TEST,0.9,1.0,0.9400000000000001,True,0.09798584648884025,True,True,2.0,0.8,0.9419839968361761,False,0.75,0.0075,True,True,2.0,0.8,0.9419839968361761,False,0.7,0.01,True,True,2.0,0.8,0.9419839968361761,False,0.7,0.01
AMD_RUB,2026-05-26,0.194413,0.9555555555555556,0.192438,-0.0102630457601929,0.1946161200109989,0.1946720349465208,0.1946737572196554,0.1948717384013516,0.194820219382424,0.1946161200109989,0.0,0.19264,0.0091197605098424,TEST,0.8,1.0,0.88,False,0.17918708038468553,True,True,3.0,0.8,0.9419839968361761,False,0.75,0.0075,True,True,3.0,0.8,0.9419839968361761,False,0.7,0.01,True,True,3.0,0.8,0.9419839968361761,False,0.7,0.01
AMD_RUB,2026-05-27,0.194888,0.9444444444444444,0.192438,-0.0127313732215051,0.1947627886797312,0.1948191190216818,0.1950859264589279,0.1952672923377096,0.1951765490134931,0.1947627886797312,0.0006424783479167,0.19264,0.0115348302614835,TEST,0.75,0.93575216520833,0.824300866083332,False,0.22228270731264804,True,False,4.0,0.8,0.9419839968361761,False,0.75,0.0075,True,False,4.0,0.8,0.9419839968361761,False,0.7,0.01,True,False,4.0,0.8,0.9419839968361761,False,0.7,0.01
AMD_RUB,2026-05-28,0.19264,0.9888888888888888,0.192438,-0.0010496887309159,0.1923399648398085,0.1923476323425226,0.1926486859868808,0.1927332924099082,0.1928425134123114,0.1923399648398085,0.001557491487705,0.192901,0.0,TEST,0.95,0.8442508512294999,0.9077003404917999,True,0.01832698239883938,True,False,5.0,0.8,0.9419839968361761,False,0.75,0.0075,True,False,5.0,0.8,0.9419839968361761,False,0.7,0.01,True,False,5.0,0.8,0.9419839968361761,False,0.7,0.01
AMD_RUB,2026-05-29,0.193918,0.9444444444444444,0.192438,-0.0076907887215623,0.1940788009880042,0.1940033623327263,0.1939910239972353,0.1941202846268293,0.1942389677497579,0.1939910239972353,0.0,0.192901,0.0052444847822276,TEST,0.75,1.0,0.85,False,0.1342769007439674,True,False,6.0,0.8,0.9419839968361761,False,0.75,0.0075,True,False,6.0,0.8,0.9419839968361761,False,0.7,0.01,True,False,6.0,0.8,0.9419839968361761,False,0.7,0.01
AMD_RUB,2026-05-30,0.192901,0.9666666666666668,0.19264,-0.0013548588039866,0.1926843983642165,0.1926258353167216,0.1928304968688362,0.1929923221043473,0.1931064815470307,0.1926258353167216,0.001426455452685,0.194253,0.0,TEST,0.85,0.8573544547315,0.8529417818926,True,0.04200689530030766,True,False,7.0,0.7,0.9250890245466773,False,0.75,0.0075,True,False,7.0,0.7,0.9250890245466773,False,0.7,0.01,True,False,7.0,0.7,0.9250890245466773,False,0.7,0.01
AMD_RUB,2026-06-02,0.194253,0.9222222222222224,0.19264,-0.0083731312292358,0.1945282045544096,0.1945765004370465,0.1945553625707741,0.1947022063804718,0.1946713381806742,0.1945282045544096,0.0,0.19689,0.0,TEST,0.65,1.0,0.79,False,0.16467065868263567,False,False,8.0,0.7,0.9250890245466773,False,0.75,0.0075,False,False,8.0,0.7,0.9250890245466773,False,0.7,0.01,False,False,8.0,0.7,0.9250890245466773,False,0.7,0.01
AMD_RUB,2026-06-03,0.19689,0.8777777777777778,0.19264,-0.0220618770764119,0.1970565725485666,0.1971675857017385,0.1973566903902127,0.1973178873312084,0.197226112495362,0.1970565725485666,0.0,0.194685,0.0111991467316776,TEST,0.44999999999999996,1.0,0.6699999999999999,False,0.40391943385955453,False,False,9.0,0.7,0.9250890245466773,False,0.75,0.0075,False,False,9.0,0.7,0.9250890245466773,False,0.7,0.01,False,False,9.0,0.7,0.9250890245466773,False,0.7,0.01
AMD_RUB,2026-06-04,0.199022,0.8333333333333334,0.19264,-0.0331291528239202,0.1992747568875718,0.1993386544759859,0.1993679097765397,0.1994636243341624,0.1994131662489861,0.1992747568875718,0.0,0.194685,0.0217915607319794,TEST,0.25,1.0,0.55,False,0.6010041077133739,False,False,10.0,0.7,0.9250890245466773,False,0.75,0.0075,False,False,10.0,0.7,0.9250890245466773,False,0.7,0.01,False,False,10.0,0.7,0.9250890245466773,False,0.7,0.01
AMD_RUB,2026-06-05,0.201567,0.6777777777777778,0.192901,-0.0449245986283119,0.2019614962354277,0.2022410980063847,0.2023096148974333,0.2020322025392145,0.201936616410772,0.201936616410772,0.0,0.194685,0.0341424935629344,TEST,0.09999999999999998,1.0,0.46,False,0.8396799116997796,False,False,11.0,0.7,0.9250890245466773,False,0.75,0.0075,False,False,11.0,0.7,0.9250890245466773,False,0.7,0.01,False,False,11.0,0.7,0.9250890245466773,False,0.7,0.01
AMD_RUB,2026-06-06,0.199351,0.8222222222222222,0.192901,-0.0334368406591983,0.1991067687765782,0.1992695466658353,0.199510533369178,0.199647127460375,0.1995558648197811,0.1991067687765782,0.001225131669376,0.194685,0.023405952315263,TEST,0.19999999999999996,0.8774868330624,0.47099473322496,False,0.717637288487491,False,False,12.0,0.6,0.9135361477451296,False,0.75,0.0075,False,False,12.0,0.6,0.9135361477451296,False,0.7,0.01,False,False,12.0,0.6,0.9135361477451296,False,0.7,0.01
AMD_RUB,2026-06-09,0.198802,0.8444444444444444,0.194253,-0.0234179137516537,0.1988621309221224,0.1988748252840837,0.1988910560213774,0.199018882794748,0.1989870430710807,0.1988621309221224,0.0,0.194685,0.0207090471926842,TEST,0.30000000000000004,1.0,0.5800000000000001,False,0.6971190710921251,False,False,13.0,0.6,0.9135361477451296,False,0.75,0.0075,False,False,13.0,0.6,0.9135361477451296,False,0.7,0.01,False,False,13.0,0.6,0.9135361477451296,False,0.7,0.01
AMD_RUB,2026-06-10,0.194685,0.9,0.19689,0.0111991467316776,0.1942512648633677,0.1943839960350206,0.194569130514942,0.1946420825361959,0.1948030930717084,0.1942512648633677,0.0022278816376829,0.194846,0.0,TEST,0.55,0.77721183623171,0.640884734492684,False,0.2461386789352612,False,False,14.0,0.6,0.9135361477451296,False,0.75,0.0075,False,False,14.0,0.6,0.9135361477451296,False,0.7,0.01,False,False,14.0,0.6,0.9135361477451296,False,0.7,0.01
AMD_RUB,2026-06-11,0.194846,0.8888888888888888,0.194685,-0.0008269769114209,0.1949510324762325,0.194804892874727,0.1948187884500593,0.19482553491611,0.1950310144324563,0.194804892874727,0.0002109723847192,0.195179,0.0,TEST,0.5,0.97890276152808,0.691561104611232,False,0.26377478365647866,False,False,15.0,0.6,0.9108249464704959,False,0.75,0.0075,False,False,15.0,0.6,0.9108249464704959,False,0.7,0.01,False,False,15.0,0.6,0.9108249464704959,False,0.7,0.01
AMD_RUB,2026-06-12,0.195179,0.8666666666666667,0.194685,-0.0025374322623725,0.1951619013293099,0.1950951024830247,0.1951258125524341,0.1951495685081157,0.1953779011173057,0.1950951024830247,0.0004298490973685,0.195918,0.0,TEST,0.4,0.95701509026315,0.6228060361052601,False,0.3002519443531596,False,False,16.0,0.6,0.89108013619672,False,0.75,0.0075,False,False,16.0,0.6,0.89108013619672,False,0.7,0.01,False,False,16.0,0.6,0.89108013619672,False,0.7,0.01
AMD_RUB,2026-06-16,0.196846,0.8444444444444444,0.194685,-0.011099982022241,0.1969896077153712,0.1970622697562891,0.1970102215634378,0.1971425434577871,0.1971393575741533,0.1969896077153712,0.0,0.195918,0.0047143452241853,TEST,0.30000000000000004,1.0,0.5800000000000001,False,0.48285682988279066,False,False,17.0,0.6,0.86376506913556,False,0.75,0.0075,False,False,17.0,0.6,0.86376506913556,False,0.7,0.01,False,False,17.0,0.6,0.86376506913556,False,0.7,0.01
AMD_RUB,2026-06-17,0.195918,0.8555555555555556,0.194685,-0.0063333076508206,0.1957172308935433,0.1957694880675676,0.1958980818912375,0.1960574273095117,0.196105093713783,0.1957172308935433,0.0010247609022995,0.197652,0.0,TEST,0.35,0.89752390977005,0.56900956390802,False,0.3812027604337837,False,False,18.0,0.6,0.85117671275704,False,0.75,0.0075,False,False,18.0,0.6,0.85117671275704,False,0.7,0.01,False,False,18.0,0.6,0.85117671275704,False,0.7,0.01
AMD_RUB,2026-06-18,0.197652,0.8111111111111111,0.194685,-0.0152400030819015,0.19790438404296,0.1980133700425939,0.1979979238785174,0.1981044450402205,0.1980520407908597,0.19790438404296,0.0,0.199243,0.0,TEST,0.19999999999999996,1.0,0.52,False,0.5711468945119944,False,False,19.0,0.6,0.8345805196499991,False,0.75,0.0075,False,False,19.0,0.6,0.8345805196499991,False,0.7,0.01,False,False,19.0,0.6,0.8345805196499991,False,0.7,0.01
AMD_RUB,2026-06-19,0.199243,0.7444444444444445,0.194846,-0.0225665397288115,0.1994215376781151,0.1995991409707455,0.1996181174156048,0.1997041868251853,0.1996725191822859,0.1994215376781151,0.0,0.199481,0.0,TEST,0.09999999999999998,1.0,0.46,False,0.7454266622850265,False,False,20.0,0.6,0.8037203464333328,False,0.75,0.0075,False,False,20.0,0.6,0.8037203464333328,False,0.7,0.01,False,False,20.0,0.6,0.8037203464333328,False,0.7,0.01
AMD_RUB,2026-06-20,0.199481,0.7222222222222222,0.195179,-0.0220413056732537,0.1994389705019622,0.1995759732195767,0.1996866273951461,0.1999152630047153,0.1998520215238339,0.1994389705019622,0.0002106942417463,0.20041,0.0,TEST,0.050000000000000044,0.97893057582537,0.42157223033014807,False,0.7714974257859563,False,False,21.0,0.6,0.7309366627667393,False,0.75,0.0075,False,False,21.0,0.6,0.7309366627667393,False,0.7,0.01,False,False,21.0,0.6,0.7309366627667393,False,0.7,0.01
AMD_RUB,2026-06-23,0.20041,0.6888888888888889,0.195918,-0.022927959656591,0.2006280351607343,0.2007987670192001,0.2007513159856079,0.2008317944321176,0.2008137110252607,0.2006280351607343,0.0,0.202728,0.0,TEST,0.050000000000000044,1.0,0.43000000000000005,False,0.8703931892013003,False,False,22.0,0.6,0.6786244418444928,False,0.75,0.0075,False,False,22.0,0.6,0.6786244418444928,False,0.7,0.01,False,False,22.0,0.6,0.6786244418444928,False,0.7,0.01
AMD_RUB,2026-06-24,0.202728,0.5333333333333333,0.195918,-0.0347594401739502,0.2030527300136204,0.2032302301520621,0.2031564361670344,0.2032376805841222,0.20314882617466,0.2030527300136204,0.0,0.203228,0.0,TEST,0.0,1.0,0.4,False,1.13005488966058,False,False,23.0,0.6,0.6525308406956104,False,0.75,0.0075,False,False,23.0,0.6,0.6525308406956104,False,0.7,0.01,False,False,23.0,0.6,0.6525308406956104,False,0.7,0.01
AMD_RUB,2026-06-25,0.203228,0.4666666666666667,0.197652,-0.0282111994819177,0.2032217658211555,0.2034730434244935,0.2034870324097557,0.203709566315177,0.2035812248023766,0.2032217658211555,3.067578701994128e-05,0.205384,0.0,TEST,0.0,0.9969324212980059,0.39877296851920235,False,1.049563838223632,False,False,24.0,0.6,0.6300375154602297,False,0.75,0.0075,False,False,24.0,0.6,0.6300375154602297,False,0.7,0.01,False,False,24.0,0.6,0.6300375154602297,False,0.7,0.01
AMD_RUB,2026-06-26,0.205384,0.3,0.199243,-0.0308216599830358,0.205700540287848,0.2058911085493776,0.2056334284018121,0.2058704837260543,0.2058135094899702,0.2056334284018121,0.0,0.209337,0.0,TEST,0.0,1.0,0.4,False,1.2036267472610522,False,False,25.0,0.6,0.5971224144421041,False,0.75,0.0075,False,False,25.0,0.6,0.5971224144421041,False,0.7,0.01,False,False,25.0,0.6,0.5971224144421041,False,0.7,0.01
AMD_RUB,2026-06-27,0.209337,0.2111111111111111,0.199481,-0.0494082143161504,0.2098287950050157,0.2099868227299623,0.2099225939252792,0.2098070657951806,0.209840123152957,0.2098070657951806,0.0,0.209974,0.0,TEST,0.0,1.0,0.4,False,1.3166706721140733,False,False,26.0,0.6,0.5800000000000001,False,0.75,0.0075,False,False,26.0,0.6,0.5800000000000001,False,0.7,0.01,False,False,26.0,0.6,0.5800000000000001,False,0.7,0.01
AMD_RUB,2026-06-30,0.211253,0.1777777777777778,0.20041,-0.0541040866224239,0.2115933308285718,0.2120818485980734,0.2115424821743675,0.2116232370510345,0.2115546423736244,0.2115424821743675,0.0,0.209974,0.0060543518908607,TEST,0.0,1.0,0.4,False,1.1165733755171574,False,False,27.0,0.6,0.573405738344812,False,0.75,0.0075,False,False,27.0,0.6,0.573405738344812,False,0.7,0.01,False,False,27.0,0.6,0.573405738344812,False,0.7,0.01
AMD_RUB,2026-07-01,0.212753,0.1555555555555555,0.202728,-0.0494504952448601,0.2130314885088311,0.2133232206055196,0.2129998071765745,0.2131034942902051,0.2131910744390078,0.2129998071765745,0.0,0.207162,0.0262793004093948,TEST,0.0,1.0,0.4,False,1.0882352941176472,False,False,28.0,0.6,0.5576038255632081,False,0.75,0.0075,False,False,28.0,0.6,0.5576038255632081,False,0.7,0.01,False,False,28.0,0.6,0.5576038255632081,False,0.7,0.01
AMD_RUB,2026-07-02,0.212648,0.1666666666666666,0.203228,-0.0463518806463676,0.2126826749942479,0.2129744516220388,0.2128194642949817,0.2130920577766043,0.2130360365695098,0.2126826749942479,0.0,0.207162,0.0257985026898912,TEST,0.050000000000000044,1.0,0.43000000000000005,False,0.9941886207659955,False,False,29.0,0.6,0.532,False,0.75,0.0075,False,False,29.0,0.6,0.532,False,0.7,0.01,False,False,29.0,0.6,0.532,False,0.7,0.01
AMD_RUB,2026-07-03,0.211649,0.1888888888888888,0.205384,-0.0305038367156155,0.2114959771927676,0.2118044894077329,0.2116872742616982,0.2119979008369516,0.2119635471742088,0.2114959771927676,0.0007230027414842,0.206826,0.022787728739564,TEST,0.09999999999999998,0.92769972585158,0.43107989034063204,False,0.9388974983396062,False,False,30.0,0.6,0.49059683993497605,False,0.75,0.0075,False,False,30.0,0.6,0.49059683993497605,False,0.7,0.01,False,False,30.0,0.6,0.49059683993497605,False,0.7,0.01
AMD_RUB,2026-07-04,0.209974,0.2222222222222222,0.209337,-0.0030429403306629,0.2096826246768054,0.2097705479674274,0.2099666885975302,0.2100358018975044,0.2102009810141844,0.2096826246768054,0.001387673346198,0.206826,0.0149923323840093,TEST,0.19999999999999996,0.8612326653802,0.46449306615207997,False,0.8461921629400042,False,False,31.0,0.6,0.464397893289984,False,0.75,0.0075,False,False,31.0,0.6,0.464397893289984,False,0.7,0.01,False,False,31.0,0.6,0.464397893289984,False,0.7,0.01
AMD_RUB,2026-07-07,0.212179,0.1888888888888888,0.209974,-0.0105013001609723,0.2124753622925843,0.2125746820854233,0.2124020209259119,0.2125099159312608,0.2125717078789463,0.2124020209259119,0.0,0.206826,0.0252286984103044,TEST,0.09999999999999998,1.0,0.46,False,0.9682311268541072,False,False,32.0,0.6,0.46709373298123197,False,0.75,0.0075,False,False,32.0,0.6,0.46709373298123197,False,0.7,0.01,False,False,32.0,0.6,0.46709373298123197,False,0.7,0.01
AMD_RUB,2026-07-08,0.207162,0.3333333333333333,0.209974,0.0133921342642421,0.2067437883704891,0.2067019306492892,0.2069059182213285,0.2070165625803489,0.2073246208719579,0.2067019306492892,0.0022208192173796,0.206826,0.0016219190778231,TEST,0.35,0.77791807826204,0.521167231304816,False,0.6905578924064654,False,False,33.0,0.6,0.461797226460832,False,0.75,0.0075,False,False,33.0,0.6,0.461797226460832,False,0.7,0.01,False,False,33.0,0.6,0.461797226460832,False,0.7,0.01
AMD_RUB,2026-07-09,0.208017,0.3333333333333333,0.207162,-0.0041272047962463,0.208245672478979,0.2083216536664695,0.2080403887294116,0.2081936575619094,0.2081937382029998,0.2080403887294116,0.0,0.206826,0.0057254935894662,TEST,0.35,1.0,0.61,False,0.7378791233119333,False,False,34.0,0.6,0.461797226460832,False,0.75,0.0075,False,False,34.0,0.6,0.461797226460832,False,0.7,0.01,False,False,34.0,0.6,0.461797226460832,False,0.7,0.01
AMD_RUB,2026-07-10,0.206826,0.3777777777777777,0.207162,0.0016219190778231,0.2064877695842639,0.2065311745723588,0.2067200253674207,0.2068085067197822,0.2069883571140632,0.2064877695842639,0.0016353379929801,0.20868,0.0,TEST,0.44999999999999996,0.8364662007019901,0.6045864802807961,False,0.6690121181660811,False,False,35.0,0.6,0.461797226460832,False,0.75,0.0075,False,False,35.0,0.6,0.461797226460832,False,0.7,0.01,False,False,35.0,0.6,0.461797226460832,False,0.7,0.01
AMD_RUB,2026-07-11,0.20868,0.3111111111111111,0.206826,-0.0089640567433494,0.2090332292080112,0.2090704256702393,0.2089802279581804,0.208983847208653,0.2089271249966995,0.2089271249966995,0.0,0.208954,0.0,TEST,0.35,1.0,0.61,False,0.7682371685444411,False,False,36.0,0.6,0.461797226460832,False,0.75,0.0075,False,False,36.0,0.6,0.461797226460832,False,0.7,0.01,False,False,36.0,0.6,0.461797226460832,False,0.7,0.01
AMD_RUB,2026-07-14,0.208954,0.3111111111111111,0.206826,-0.0102888418283967,0.2088906885949592,0.2091096087342952,0.2089867245054305,0.2092221782086767,0.2092230923912246,0.2088906885949592,0.0003029920702201,0.211297,0.0,TEST,0.35,0.96970079297799,0.5978803171911959,False,0.7743391743391744,False,False,37.0,0.6,0.461797226460832,False,0.75,0.0075,False,False,37.0,0.6,0.461797226460832,False,0.7,0.01,False,False,37.0,0.6,0.461797226460832,False,0.7,0.01
AMD_RUB,2026-07-15,0.211297,0.2222222222222222,0.206826,-0.0216172048001702,0.2116335421439856,0.2117925594255782,0.2117614343215768,0.2117860359601779,0.2118303112392709,0.2116335421439856,0.0,0.212272,0.0,TEST,0.19999999999999996,1.0,0.52,False,0.9135135135135144,False,False,38.0,0.6,0.461797226460832,False,0.75,0.0075,False,False,38.0,0.6,0.461797226460832,False,0.7,0.01,False,False,38.0,0.6,0.461797226460832,False,0.7,0.01
AMD_RUB,2026-07-16,0.212272,0.1888888888888888,0.206826,-0.0263313123108312,0.2124491042382746,0.2127243101527845,0.2127586688895434,0.2128131611415347,0.2128169236037349,0.2124491042382746,0.0,0.213651,0.0,TEST,0.09999999999999998,1.0,0.46,False,0.9681478047811397,False,False,39.0,0.6,0.461797226460832,False,0.75,0.0075,False,False,39.0,0.6,0.461797226460832,False,0.7,0.01,False,False,39.0,0.6,0.461797226460832,False,0.7,0.01
AMD_RUB,2026-07-17,0.213651,0.1444444444444445,0.206826,-0.0329987525746279,0.213889376517994,0.214144522935897,0.2140003207311497,0.2141849746761465,0.2141367384344961,0.213889376517994,0.0,0.213708,0.0,TEST,0.0,1.0,0.4,False,1.0664692820133241,False,False,40.0,0.6,0.46,False,0.75,0.0075,False,False,40.0,0.6,0.46,False,0.7,0.01,False,False,40.0,0.6,0.46,False,0.7,0.01
AMD_RUB,2026-07-18,0.213708,0.1444444444444445,0.20868,-0.0240943070730305,0.2138412622827928,0.2140646967398782,0.2140479361133256,0.2142275090351761,0.214115918332556,0.2138412622827928,0.0,0.213275,0.0020261291107493,TEST,0.0,1.0,0.4,False,1.0040225829216656,False,False,41.0,0.6,0.46,False,0.75,0.0075,False,False,41.0,0.6,0.46,False,0.7,0.01,False,False,41.0,0.6,0.46,False,0.7,0.01
AMD_RUB,2026-07-21,0.214019,0.1222222222222222,0.208954,-0.0242397848330253,0.2141283169934889,0.2144035154768946,0.2143014986983626,0.2145245858683781,0.2144666572499184,0.2141283169934889,0.0,0.212743,0.0059620874782145,TEST,0.0,1.0,0.4,False,1.0233869754850338,False,False,42.0,0.6,0.46,False,0.75,0.0075,False,False,42.0,0.6,0.46,False,0.7,0.01,False,False,42.0,0.6,0.46,False,0.7,0.01
AMD_RUB,2026-07-22,0.21423,0.1222222222222222,0.211297,-0.0138809353658593,0.2144492335968181,0.2146246995047752,0.2146190140478146,0.2147044583883233,0.2146434812316447,0.2144492335968181,0.0,0.212743,0.006941138029221,TEST,0.0,1.0,0.4,False,1.018687450181562,False,False,43.0,0.6,0.46,False,0.75,0.0075,False,False,43.0,0.6,0.46,False,0.7,0.01,False,False,43.0,0.6,0.46,False,0.7,0.01
AMD_RUB,2026-07-23,0.213894,0.1555555555555555,0.212272,-0.0076411396698576,0.2138882296824109,0.2141299829612395,0.2141066280296912,0.2142175592435197,0.214257847748949,0.2138882296824109,2.6977463552553845e-05,0.212743,0.0053811701122986,TEST,0.09999999999999998,0.9973022536447446,0.4589209014578978,False,0.9694600981639699,False,False,44.0,0.6,0.46,False,0.75,0.0075,False,False,44.0,0.6,0.46,False,0.7,0.01,False,False,44.0,0.6,0.46,False,0.7,0.01
AMD_RUB,2026-07-24,0.21425,0.1222222222222222,0.213651,-0.002803637708225,0.2143278169271724,0.2147193428873415,0.2144668684668928,0.2146069771586821,0.2147012581584625,0.2143278169271724,0.0,0.212743,0.0070338389731622,TEST,0.0,1.0,0.4,False,1.0022609088853711,False,False,45.0,0.6,0.46,False,0.75,0.0075,False,False,45.0,0.6,0.46,False,0.7,0.01,False,False,45.0,0.6,0.46,False,0.7,0.01
AMD_RUB,2026-07-25,0.213275,0.1999999999999999,0.213708,0.0020261291107493,0.2130070876009525,0.2131717351653678,0.2133114115649465,0.2133489540034575,0.2135124680400125,0.2130070876009525,0.0012561828580353,0.212743,0.0024944320712695,TEST,0.30000000000000004,0.87438171419647,0.529752685678588,False,0.868669181034482,False,False,46.0,0.6,0.46,False,0.75,0.0075,False,False,46.0,0.6,0.46,False,0.7,0.01,False,False,46.0,0.6,0.46,False,0.7,0.01
AMD_RUB,2026-07-28,0.212743,0.2222222222222222,0.213275,0.0024944320712695,0.2127586090254837,0.2128258414881093,0.2127718343425019,0.2127909919131204,0.212974335914409,0.2127586090254837,0.0,0.214705,0.0,TEST,0.4,1.0,0.64,False,0.7970096982758605,False,False,47.0,0.6,0.461797226460832,False,0.75,0.0075,False,False,47.0,0.6,0.461797226460832,False,0.7,0.01,False,False,47.0,0.6,0.461797226460832,False,0.7,0.01
AMD_RUB,2026-07-29,0.214705,0.0777777777777777,0.212743,-0.0092223950964309,0.215005000251735,0.2151921305341837,0.2152055219413441,0.2150965125769831,0.2152517415796338,0.215005000251735,0.0,0.216704,0.0,TEST,0.0,1.0,0.4,False,1.0612877155172429,False,False,48.0,0.6,0.486695839691248,False,0.75,0.0075,False,False,48.0,0.6,0.486695839691248,False,0.7,0.01,False,False,48.0,0.6,0.486695839691248,False,0.7,0.01
AMD_RUB,2026-07-30,0.216704,0.0333333333333333,0.212743,-0.0186187089586967,0.2170218238805597,0.2173387539013941,0.2173829147944419,0.2172978345836197,0.217319981274265,0.2170218238805597,0.0,0.216995,0.0,TEST,0.0,1.0,0.4,False,1.253712400050768,False,False,49.0,0.6,0.486695839691248,False,0.75,0.0075,False,False,49.0,0.6,0.486695839691248,False,0.7,0.01,False,False,49.0,0.6,0.486695839691248,False,0.7,0.01
AMD_RUB,2026-07-31,0.217814,0.0,0.212743,-0.0238362719337417,0.2182049342605653,0.2184385093058047,0.2185702192011701,0.2184984365805125,0.2184093866335751,0.2182049342605653,0.0,0.216995,0.0037600888831756,TEST,0.0,1.0,0.4,False,1.1123709252885199,False,False,50.0,0.6,0.486695839691248,False,0.75,0.0075,False,False,50.0,0.6,0.486695839691248,False,0.7,0.01,False,False,50.0,0.6,0.486695839691248,False,0.7,0.01
AMD_RUB,2026-08-01,0.216995,0.0222222222222222,0.212743,-0.0199865565494517,0.2170407082311625,0.2173264789885108,0.2174469737806539,0.2175603693766612,0.2174091924428332,0.2170407082311625,0.0,0.218779,0.0,TEST,0.050000000000000044,1.0,0.43000000000000005,False,0.9254641427011272,False,False,51.0,0.6,0.486695839691248,False,0.75,0.0075,False,False,51.0,0.6,0.486695839691248,False,0.7,0.01,False,False,51.0,0.6,0.486695839691248,False,0.7,0.01
AMD_RUB,2026-08-04,0.218779,0.0,0.212743,-0.0283722613670015,0.219272746134561,0.2194484912152728,0.2194543671028349,0.219459518272781,0.2193675908553763,0.219272746134561,0.0,0.221034,0.0,TEST,0.0,1.0,0.4,False,1.087823079723334,False,False,52.0,0.6,0.48400000000000004,False,0.75,0.0075,False,False,52.0,0.6,0.48400000000000004,False,0.7,0.01,False,False,52.0,0.6,0.48400000000000004,False,0.7,0.01
AMD_RUB,2026-08-05,0.221054,0.0,0.214705,-0.0295708064553689,0.2216187832228731,0.2218679379930853,0.2219377582619792,0.2218545523276735,0.2217065256157132,0.2216187832228731,0.0,0.221034,9.047563038891966e-05,TEST,0.0,1.0,0.4,False,1.1903287877520288,False,False,53.0,0.6,0.48400000000000004,False,0.75,0.0075,False,False,53.0,0.6,0.48400000000000004,False,0.7,0.01,False,False,53.0,0.6,0.48400000000000004,False,0.7,0.01
AMD_RUB,2026-08-06,0.221034,0.011111111111111,0.216704,-0.0199811724748966,0.2212567106924668,0.2213124302647205,0.2215665281151906,0.2217729944130686,0.221537709513232,0.2212567106924668,0.0,0.222274,0.0,TEST,0.050000000000000044,1.0,0.43000000000000005,False,0.9985943210570711,False,False,54.0,0.6,0.4593525408747387,False,0.75,0.0075,False,False,54.0,0.6,0.4593525408747387,False,0.7,0.01,False,False,54.0,0.6,0.4593525408747387,False,0.7,0.01
AMD_RUB,2026-08-07,0.222274,0.0,0.216995,-0.0243277494873154,0.222755281937538,0.2229622419228814,0.2231582543115668,0.2230817533618528,0.2229301269133652,0.222755281937538,0.0,0.224394,0.0,TEST,0.0,1.0,0.4,False,1.0857464155186956,False,False,55.0,0.6,0.4415683605831592,False,0.75,0.0075,False,False,55.0,0.6,0.4415683605831592,False,0.7,0.01,False,False,55.0,0.6,0.4415683605831592,False,0.7,0.01
AMD_RUB,2026-08-08,0.224394,0.0,0.216995,-0.0340975598516095,0.2249041159817234,0.2251677643222435,0.225324430624117,0.225226345023668,0.2250375203684652,0.2249041159817234,0.0,0.225023,0.0,TEST,0.0,1.0,0.4,False,1.1559511549212897,False,False,56.0,0.6,0.43000000000000005,False,0.75,0.0075,False,False,56.0,0.6,0.43000000000000005,False,0.7,0.01,False,False,56.0,0.6,0.43000000000000005,False,0.7,0.01
AMD_RUB,2026-08-11,0.225773,0.0,0.218779,-0.0319683333409513,0.2262345798124011,0.2264924835697321,0.2266486517716152,0.2266104601505771,0.2264080860723017,0.2262345798124011,0.0,0.225023,0.0033219206902508,TEST,0.0,1.0,0.4,False,1.08931347150259,False,False,57.0,0.6,0.41200000000000003,False,0.75,0.0075,False,False,57.0,0.6,0.41200000000000003,False,0.7,0.01,False,False,57.0,0.6,0.41200000000000003,False,0.7,0.01
AMD_RUB,2026-08-12,0.225023,0.011111111111111,0.221034,-0.0180469972945338,0.2252028062597584,0.2253061858113446,0.2256999388104774,0.2257870093586333,0.2255113224081281,0.2252028062597584,0.0,0.226825,0.0,TEST,0.050000000000000044,1.0,0.43000000000000005,False,0.9481901077645758,False,False,58.0,0.6,0.4,False,0.75,0.0075,False,False,58.0,0.6,0.4,False,0.7,0.01,False,False,58.0,0.6,0.4,False,0.7,0.01
AMD_RUB,2026-08-13,0.226825,0.0,0.221034,-0.0261995892034709,0.2273328973178551,0.2275413285189791,0.227744015775043,0.2276182392386786,0.2274945609343606,0.2273328973178551,0.0,0.229065,0.0,TEST,0.0,1.0,0.4,False,1.0779201540626617,False,False,59.0,0.6,0.4,False,0.75,0.0075,False,False,59.0,0.6,0.4,False,0.7,0.01,False,False,59.0,0.6,0.4,False,0.7,0.01
AMD_RUB,2026-08-14,0.229065,0.0,0.222274,-0.0305523812951581,0.2295904213568396,0.229813952090711,0.2299875994379981,0.2299070766629999,0.2297411731530004,0.2295904213568396,0.0,0.228207,0.0037456617117411,TEST,0.0,1.0,0.4,False,1.1590683141599198,False,False,60.0,0.6,0.4,False,0.75,0.0075,False,False,60.0,0.6,0.4,False,0.7,0.01,False,False,60.0,0.6,0.4,False,0.7,0.01
AMD_RUB,2026-08-15,0.231111,0.0,0.224394,-0.0299339554533543,0.2316535674434881,0.2317176492971753,0.2319376053335193,0.2319242091637474,0.2317595152674304,0.2316535674434881,0.0,0.227082,0.0174331814582603,TEST,0.0,1.0,0.4,False,1.1253522852591606,False,False,61.0,0.6,0.4,False,0.75,0.0075,False,False,61.0,0.6,0.4,False,0.7,0.01,False,False,61.0,0.6,0.4,False,0.7,0.01
AMD_RUB,2026-08-18,0.232595,0.0,0.225023,-0.0336498935664354,0.2330858773471672,0.2333066195410023,0.2335183690672606,0.23343793467217,0.2332916252222391,0.2330858773471672,0.0,0.227082,0.0237021432103011,TEST,0.0,1.0,0.4,False,1.0807926829268284,False,False,62.0,0.6,0.4,False,0.75,0.0075,False,False,62.0,0.6,0.4,False,0.7,0.01,False,False,62.0,0.6,0.4,False,0.7,0.01
AMD_RUB,2026-08-19,0.233168,0.0,0.225023,-0.0361962999337844,0.2335364755650187,0.2337656479056364,0.2340159496854315,0.2340208221686841,0.2337551846918935,0.2335364755650187,0.0,0.227082,0.0261013518150002,TEST,0.0,1.0,0.4,False,1.028863590570219,False,False,63.0,0.6,0.4,False,0.75,0.0075,False,False,63.0,0.6,0.4,False,0.7,0.01,False,False,63.0,0.6,0.4,False,0.7,0.01
AMD_RUB,2026-08-20,0.233257,0.0,0.226825,-0.0283566626253719,0.2335238669147255,0.2337396045390426,0.2339019518944499,0.2340295021074713,0.233747641341107,0.2335238669147255,0.0,0.227082,0.026472946149526,TEST,0.0,1.0,0.4,False,1.004357405140759,False,False,64.0,0.6,0.4,False,0.75,0.0075,False,False,64.0,0.6,0.4,False,0.7,0.01,False,False,64.0,0.6,0.4,False,0.7,0.01
KGS_RUB,2025-07-12,0.890629,1.0,0.890828,0.0002233876797765,0.8902932019877424,0.8905373457149666,0.8903465605642417,0.8905902768332338,0.8905843626660841,0.8902932019877424,0.0003770346712913,0.891463,0.0,TEST,1.0,0.96229653287087,0.984918613148348,True,-0.5198096617357917,True,True,2.0,0.8,0.9484379981426913,False,0.75,0.0075,True,True,2.0,0.8,0.9484379981426913,False,0.7,0.01,True,True,2.0,0.8,0.9484379981426913,False,0.7,0.01
KGS_RUB,2025-07-15,0.896264,0.9333333333333332,0.890629,-0.0063269891279084,0.8972109591938634,0.896355457441863,0.8965952034972862,0.8962250318321786,0.8961526819306862,0.8961526819306862,0.0001242023213179,0.891463,0.0053566806208884,TEST,0.7,0.98757976786821,0.815031907147284,False,0.38354206370813576,False,True,3.0,0.8,0.97,False,0.75,0.0075,True,True,3.0,0.8,0.97,False,0.7,0.01,True,True,3.0,0.8,0.97,False,0.7,0.01
KGS_RUB,2025-07-16,0.891463,0.9777777777777776,0.890629,-0.0009364168469699,0.8902090371865276,0.8912687062327735,0.8912945620240718,0.891424240572208,0.8914430096943105,0.8902090371865276,0.0014066347268169,0.891464,0.0,TEST,0.9,0.85933652731831,0.8837346109273241,True,0.05676558671385783,True,False,4.0,0.8,0.9472149224342336,False,0.75,0.0075,True,False,4.0,0.8,0.9472149224342336,False,0.7,0.01,True,False,4.0,0.8,0.9472149224342336,False,0.7,0.01
KGS_RUB,2025-07-17,0.891464,0.9666666666666668,0.890629,-0.0009375396489447,0.891257603355451,0.8913594101330801,0.8913042978375516,0.8914252405287296,0.8914612437538469,0.891257603355451,0.0002315254957564,0.892947,0.0,TEST,0.85,0.97684745042436,0.9007389801697441,True,0.05683365096651429,True,False,5.0,0.8,0.9472149224342336,False,0.75,0.0075,True,False,5.0,0.8,0.9472149224342336,False,0.7,0.01,True,False,5.0,0.8,0.9472149224342336,False,0.7,0.01
KGS_RUB,2025-07-18,0.894061,0.9333333333333332,0.890629,-0.003853456377459,0.8944808616025386,0.8940680463687298,0.8943646205832141,0.8940221276151998,0.894065550335919,0.8940221276151998,4.347844811501599e-05,0.892947,0.0012459999932889,TEST,0.7,0.9956521551884984,0.8182608620753993,False,0.23359651511026283,False,False,6.0,0.8,0.9472149224342336,False,0.75,0.0075,True,False,6.0,0.8,0.9472149224342336,False,0.7,0.01,True,False,6.0,0.8,0.9472149224342336,False,0.7,0.01
KGS_RUB,2025-07-19,0.895516,0.9222222222222224,0.890629,-0.0054871332507699,0.8955586557742172,0.8955230578360307,0.8957315454383655,0.8954770643540578,0.8955371811860118,0.8954770643540578,4.347844811499831e-05,0.892947,0.0028687371303247,TEST,0.65,0.9956521551885001,0.7882608620754001,False,0.33263000272256754,False,False,7.0,0.7,0.9153397767179893,False,0.75,0.0075,False,False,7.0,0.7,0.9153397767179893,False,0.7,0.01,False,False,7.0,0.7,0.9153397767179893,False,0.7,0.01
KGS_RUB,2025-07-22,0.895682,0.9,0.891463,-0.004732669779901,0.8955351279432544,0.8956348314468755,0.8956841921202864,0.8956430571366354,0.8957031851123256,0.8955351279432544,0.0001639779037041,0.892947,0.0030535390908826,TEST,0.55,0.98360220962959,0.723440883851836,False,0.3439286686632154,False,False,8.0,0.7,0.9153397767179893,False,0.75,0.0075,False,False,8.0,0.7,0.9153397767179893,False,0.7,0.01,False,False,8.0,0.7,0.9153397767179893,False,0.7,0.01
KGS_RUB,2025-07-23,0.892947,0.9555555555555556,0.891463,-0.0016646792968413,0.8925752510784012,0.8928551071704854,0.892845682928769,0.8929081760501911,0.8928858594070532,0.8925752510784012,0.0004163168940585,0.897866,0.0,TEST,0.8,0.95836831059415,0.8633473242376599,False,0.15976290578262067,True,False,9.0,0.7,0.9153397767179893,False,0.75,0.0075,True,False,9.0,0.7,0.9153397767179893,False,0.7,0.01,True,False,9.0,0.7,0.9153397767179893,False,0.7,0.01
KGS_RUB,2025-07-24,0.897866,0.7777777777777778,0.891464,-0.0071814453528129,0.8987590794276417,0.8981407519828672,0.8982180661925684,0.8979620730459075,0.8979532899554646,0.8979532899554646,0.0,0.90332,0.0,TEST,0.30000000000000004,1.0,0.5800000000000001,False,0.5664527238572357,False,False,10.0,0.7,0.9153397767179893,False,0.75,0.0075,False,False,10.0,0.7,0.9153397767179893,False,0.7,0.01,False,False,10.0,0.7,0.9153397767179893,False,0.7,0.01
KGS_RUB,2025-07-25,0.90332,0.6333333333333333,0.892947,-0.0116165909062911,0.9050418879640764,0.9036314233229958,0.9040398827106398,0.903416656632314,0.9036223547113792,0.903416656632314,0.0,0.911257,0.0,TEST,0.0,1.0,0.4,False,0.9933469004383217,False,False,11.0,0.7,0.9153397767179893,False,0.75,0.0075,False,False,11.0,0.7,0.9153397767179893,False,0.7,0.01,False,False,11.0,0.7,0.9153397767179893,False,0.7,0.01
KGS_RUB,2025-07-26,0.911257,0.5333333333333333,0.892947,-0.0205051363630763,0.9122217213295648,0.9114855718997796,0.911832630726092,0.9111184798806928,0.9115160478833524,0.9111184798806928,0.0001520099371605,0.911549,0.0,TEST,0.0,0.98479900628395,0.39391960251358005,False,1.6254038294854596,False,False,12.0,0.6,0.890536358624292,False,0.75,0.0075,False,False,12.0,0.6,0.890536358624292,False,0.7,0.01,False,False,12.0,0.6,0.890536358624292,False,0.7,0.01
KGS_RUB,2025-07-29,0.911549,0.5111111111111111,0.892947,-0.0208321434530828,0.9121874626866529,0.9117127645461626,0.9118657500690952,0.9117202138025218,0.9117972967085572,0.9117127645461626,0.0,0.911076,0.0005188969545247,TEST,0.0,1.0,0.4,False,1.0141555167733212,False,False,13.0,0.6,0.8715022389135256,False,0.75,0.0075,False,False,13.0,0.6,0.8715022389135256,False,0.7,0.01,False,False,13.0,0.6,0.8715022389135256,False,0.7,0.01
KGS_RUB,2025-07-30,0.94163,0.2777777777777778,0.892947,-0.054519473160221,0.949859998454796,0.941984291353686,0.9420083188027156,0.9414868628828712,0.941203988803708,0.941203988803708,0.0004524188867091,0.911076,0.0324479891252402,TEST,0.0,0.95475811132909,0.38190324453163604,False,2.4379063097514266,False,False,14.0,0.6,0.8715022389135256,False,0.75,0.0075,False,False,14.0,0.6,0.8715022389135256,False,0.7,0.01,False,False,14.0,0.6,0.8715022389135256,False,0.7,0.01
KGS_RUB,2025-07-31,0.935788,0.3333333333333333,0.897866,-0.042235701095709,0.934462791907564,0.9354618023063452,0.9357474314381966,0.9359637665488462,0.9356919302839832,0.934462791907564,0.0014161413615433,0.911076,0.0264076906307838,TEST,0.050000000000000044,0.8583858638456701,0.3733543455382681,False,0.885453226407325,False,False,15.0,0.6,0.8715022389135256,False,0.75,0.0075,False,False,15.0,0.6,0.8715022389135256,False,0.7,0.01,False,False,15.0,0.6,0.8715022389135256,False,0.7,0.01
KGS_RUB,2025-08-01,0.918425,0.4444444444444444,0.90332,-0.0167216490280299,0.9150638041703572,0.9183104768326534,0.9182574623162028,0.9184852978687956,0.9179207555651828,0.9150638041703572,0.0036597390419935,0.907772,0.0115992051610093,TEST,0.09999999999999998,0.6340260958006501,0.31361043832026003,False,0.5450089213936994,False,False,16.0,0.6,0.8373389296950641,False,0.75,0.0075,False,False,16.0,0.6,0.8373389296950641,False,0.7,0.01,False,False,16.0,0.6,0.8373389296950641,False,0.7,0.01
KGS_RUB,2025-08-02,0.918569,0.4333333333333333,0.911257,-0.0080240810221485,0.9195781577233408,0.9186219437187628,0.9186974335493652,0.9186032949258106,0.9185332366910762,0.9185332366910762,3.893372073708335e-05,0.907772,0.0117541523826734,TEST,0.09999999999999998,0.9961066279262917,0.4584426511705167,False,0.5478323954432263,False,False,17.0,0.6,0.8189565172452395,False,0.75,0.0075,False,False,17.0,0.6,0.8189565172452395,False,0.7,0.01,False,False,17.0,0.6,0.8189565172452395,False,0.7,0.01
KGS_RUB,2025-08-05,0.911076,0.5333333333333333,0.911549,0.0005188969545247,0.9102562623625756,0.9110538776272772,0.9109695045949296,0.911110015173414,0.9110092039275864,0.9102562623625756,0.0008997467142415,0.907772,0.0036264812156175,TEST,0.30000000000000004,0.91002532857585,0.54401013143034,False,0.40091370757436146,False,False,18.0,0.6,0.8163234891185301,False,0.75,0.0075,False,False,18.0,0.6,0.8163234891185301,False,0.7,0.01,False,False,18.0,0.6,0.8163234891185301,False,0.7,0.01
KGS_RUB,2025-08-06,0.915369,0.4666666666666667,0.911076,-0.0047120108531011,0.9163478726802012,0.9154130221026812,0.9156953213392932,0.9154031754532804,0.915141617540394,0.915141617540394,0.0002484052437934,0.907772,0.0082993852752277,TEST,0.19999999999999996,0.97515947562066,0.510063790248264,False,0.48508852767592797,False,False,19.0,0.6,0.7989692801041537,False,0.75,0.0075,False,False,19.0,0.6,0.7989692801041537,False,0.7,0.01,False,False,19.0,0.6,0.7989692801041537,False,0.7,0.01
KGS_RUB,2025-08-07,0.916997,0.4555555555555556,0.911076,-0.006498908982346,0.9170493012703153,0.9170008384683446,0.917256837183356,0.91703123623493,0.9168240184236036,0.9168240184236036,0.000188639195544,0.907772,0.0100600111014539,TEST,0.19999999999999996,0.9811360804456,0.5124544321782399,False,0.5170094704025404,False,False,20.0,0.6,0.7713043448301601,False,0.75,0.0075,False,False,20.0,0.6,0.7713043448301601,False,0.7,0.01,False,False,20.0,0.6,0.7713043448301601,False,0.7,0.01
KGS_RUB,2025-08-08,0.907772,0.5666666666666667,0.911076,0.0036264812156175,0.9062564817569496,0.907645519803289,0.9076817675465568,0.9078058918180268,0.9078094565688324,0.9062564817569496,0.0016694921665907,0.911235,0.0,TEST,0.44999999999999996,0.83305078334093,0.603220313336372,False,0.336130664104626,False,False,21.0,0.6,0.7380645303111016,False,0.75,0.0075,False,False,21.0,0.6,0.7380645303111016,False,0.7,0.01,False,False,21.0,0.6,0.7380645303111016,False,0.7,0.01
KGS_RUB,2025-08-09,0.912288,0.4555555555555556,0.907772,-0.0049748174651784,0.9136659729208622,0.9124528386838048,0.912712485044277,0.912322060423635,0.9122577761433368,0.9122577761433368,3.312973168909459e-05,0.911235,0.0011542407660738,TEST,0.30000000000000004,0.9966870268310906,0.5786748107324363,False,0.42467794749122567,False,False,22.0,0.6,0.6513085415425577,False,0.75,0.0075,False,False,22.0,0.6,0.6513085415425577,False,0.7,0.01,False,False,22.0,0.6,0.6513085415425577,False,0.7,0.01
KGS_RUB,2025-08-12,0.911235,0.5111111111111111,0.907772,-0.0038148345619825,0.9108898064258464,0.9112128737665044,0.9112987752596552,0.9112690211097054,0.9112548604212884,0.9108898064258464,0.0003788194858117,0.911313,0.0,TEST,0.44999999999999996,0.96211805141883,0.654847220567532,False,0.39412362708553483,False,False,23.0,0.6,0.5892881253345489,False,0.75,0.0075,False,False,23.0,0.6,0.5892881253345489,False,0.7,0.01,False,False,23.0,0.6,0.5892881253345489,False,0.7,0.01
KGS_RUB,2025-08-13,0.914384,0.4333333333333333,0.907772,-0.0072837672895836,0.914939081774387,0.9144655049927164,0.9147903834994964,0.914418138678142,0.9143787922764572,0.9143787922764572,5.695335376311047e-06,0.911313,0.0033585452063902,TEST,0.30000000000000004,0.9994304664623689,0.5797721865849476,False,0.4568939741264175,False,False,24.0,0.6,0.5892881253345489,False,0.75,0.0075,False,False,24.0,0.6,0.5892881253345489,False,0.7,0.01,False,False,24.0,0.6,0.5892881253345489,False,0.7,0.01
KGS_RUB,2025-08-14,0.911313,0.4888888888888889,0.907772,-0.0039007592214785,0.9111646096707284,0.9112908718725404,0.9113339658992368,0.9113470240218484,0.9113302464646243,0.9111646096707284,0.0001628313535213,0.912868,0.0,TEST,0.44999999999999996,0.98371686464787,0.663486745859148,False,0.3956663875931912,False,False,25.0,0.6,0.5798633119509685,False,0.75,0.0075,False,False,25.0,0.6,0.5798633119509685,False,0.7,0.01,False,False,25.0,0.6,0.5798633119509685,False,0.7,0.01
KGS_RUB,2025-08-15,0.912868,0.4222222222222223,0.907772,-0.0056137444204051,0.9135824791687198,0.9130217688525788,0.9131629285817744,0.912902082078031,0.912891686000024,0.912891686000024,0.0,0.915211,0.0,TEST,0.35,1.0,0.61,False,0.40919828276811204,False,False,26.0,0.6,0.5798633119509685,False,0.75,0.0075,False,False,26.0,0.6,0.5798633119509685,False,0.7,0.01,False,False,26.0,0.6,0.5798633119509685,False,0.7,0.01
KGS_RUB,2025-08-16,0.915211,0.4,0.911235,-0.0043633091354041,0.915965628577868,0.9154066649129764,0.915588733355262,0.9152451695543242,0.9152347467933676,0.9152347467933676,0.0,0.916084,0.0,TEST,0.30000000000000004,1.0,0.5800000000000001,False,0.4573259659429367,False,False,27.0,0.6,0.5798633119509685,False,0.75,0.0075,False,False,27.0,0.6,0.5798633119509685,False,0.7,0.01,False,False,27.0,0.6,0.5798633119509685,False,0.7,0.01
KGS_RUB,2025-08-19,0.919675,0.3,0.911235,-0.0092621552069444,0.9209073930420304,0.9201074199228688,0.9201998372208364,0.9198477400872956,0.919766520380925,0.919766520380925,0.0,0.916084,0.0039046402261668,TEST,0.09999999999999998,1.0,0.46,False,0.549021218905984,False,False,28.0,0.6,0.5798633119509685,False,0.75,0.0075,False,False,28.0,0.6,0.5798633119509685,False,0.7,0.01,False,False,28.0,0.6,0.5798633119509685,False,0.7,0.01
KGS_RUB,2025-08-20,0.918772,0.3111111111111111,0.911313,-0.008184893664416,0.9187195694551364,0.9189593478215272,0.9189084103240384,0.9188796939494732,0.9187958391899091,0.9187195694551364,5.706589323966217e-05,0.916084,0.0029256442294715,TEST,0.15000000000000002,0.9942934106760338,0.48771736427041357,False,0.5304726495902066,False,False,29.0,0.6,0.5791137610734408,False,0.75,0.0075,False,False,29.0,0.6,0.5791137610734408,False,0.7,0.01,False,False,29.0,0.6,0.5791137610734408,False,0.7,0.01
KGS_RUB,2025-08-21,0.916084,0.3777777777777777,0.911313,-0.0052353033480263,0.915855552643975,0.9161322988197982,0.9161393899402368,0.916044170089337,0.9160746384104588,0.915855552643975,0.0002493738085426,0.917743,0.0,TEST,0.35,0.97506261914574,0.600025047658296,False,0.4162782195411752,False,False,30.0,0.6,0.5578760031511786,False,0.75,0.0075,False,False,30.0,0.6,0.5578760031511786,False,0.7,0.01,False,False,30.0,0.6,0.5578760031511786,False,0.7,0.01
KGS_RUB,2025-08-22,0.917743,0.3444444444444444,0.912868,-0.0053403120714056,0.9185497842824256,0.9179297016396796,0.9179875060819416,0.9177030979585916,0.9178040099518638,0.9177030979585916,4.3478448114948624e-05,0.91913,0.0,TEST,0.30000000000000004,0.9956521551885051,0.5782608620754021,False,0.3764813364656743,False,False,31.0,0.6,0.5578760031511786,False,0.75,0.0075,False,False,31.0,0.6,0.5578760031511786,False,0.7,0.01,False,False,31.0,0.6,0.5578760031511786,False,0.7,0.01
KGS_RUB,2025-08-23,0.923621,0.2333333333333332,0.915211,-0.0091891378053804,0.9243491889982268,0.9238130341826656,0.9243043975501688,0.9236554835430676,0.9237706589701778,0.9236554835430676,0.0,0.91913,0.0048623840298131,TEST,0.09999999999999998,1.0,0.46,False,0.4681020733652321,False,False,32.0,0.6,0.5784264415382158,False,0.75,0.0075,False,False,32.0,0.6,0.5784264415382158,False,0.7,0.01,False,False,32.0,0.6,0.5784264415382158,False,0.7,0.01
KGS_RUB,2025-08-26,0.923471,0.2444444444444444,0.916084,-0.0080636710170683,0.9242505445778072,0.9235660975685104,0.9237683012296888,0.9235054779427928,0.9235615661488108,0.9235054779427928,0.0,0.91913,0.0047007431743931,TEST,0.15000000000000002,1.0,0.49000000000000005,False,0.46367180577707023,False,False,33.0,0.6,0.5784264415382158,False,0.75,0.0075,False,False,33.0,0.6,0.5784264415382158,False,0.7,0.01,False,False,33.0,0.6,0.5784264415382158,False,0.7,0.01
KGS_RUB,2025-08-27,0.921887,0.2444444444444444,0.916084,-0.0063345719388178,0.9204906502478996,0.9218042922948424,0.9219803882144002,0.9219475251614124,0.9217581187397764,0.9204906502478996,0.0015146647605405,0.91913,0.0029906051392415,TEST,0.19999999999999996,0.84853352394595,0.45941340957838006,False,0.41688818004607514,False,False,34.0,0.6,0.5784264415382158,False,0.75,0.0075,False,False,34.0,0.6,0.5784264415382158,False,0.7,0.01,False,False,34.0,0.6,0.5784264415382158,False,0.7,0.01
KGS_RUB,2025-08-28,0.920917,0.2555555555555555,0.916084,-0.00527571707398,0.9210663668336893,0.9209655536307064,0.9210469352689888,0.9208769599579972,0.9209782209538406,0.9208769599579972,4.347844811503488e-05,0.91913,0.0019404571747508,TEST,0.19999999999999996,0.9956521551884965,0.5182608620753986,False,0.46919617361507693,False,False,35.0,0.6,0.5784264415382158,False,0.75,0.0075,False,False,35.0,0.6,0.5784264415382158,False,0.7,0.01,False,False,35.0,0.6,0.5784264415382158,False,0.7,0.01
KGS_RUB,2025-08-29,0.91913,0.2777777777777778,0.917743,-0.0015113163489125,0.919262352064156,0.9191784594144654,0.9193443140604184,0.919090037653984,0.9191375681709658,0.919090037653984,4.34784481150633e-05,0.919217,0.0,TEST,0.25,0.9956521551884937,0.5482608620753975,False,0.716638273708119,False,False,36.0,0.6,0.5784264415382158,False,0.75,0.0075,False,False,36.0,0.6,0.5784264415382158,False,0.7,0.01,False,False,36.0,0.6,0.5784264415382158,False,0.7,0.01
KGS_RUB,2025-08-30,0.919217,0.2666666666666667,0.91913,-9.465472784040148e-05,0.9202557164978822,0.919302140692646,0.91946027095617,0.919177033871359,0.919224568887329,0.919177033871359,4.347844811506874e-05,0.92033,0.0,TEST,0.25,0.9956521551884931,0.5482608620753973,False,0.7221275790270633,False,False,37.0,0.6,0.5784264415382158,False,0.75,0.0075,False,False,37.0,0.6,0.5784264415382158,False,0.7,0.01,False,False,37.0,0.6,0.5784264415382158,False,0.7,0.01
KGS_RUB,2025-09-02,0.92033,0.2333333333333332,0.91913,-0.0013055824529718,0.92074512070593,0.9205267593149116,0.9209606210251756,0.9202899854798464,0.9204039553674612,0.9202899854798464,4.347844811487618e-05,0.922325,0.0,TEST,0.19999999999999996,0.9956521551885124,0.5182608620754049,False,0.7923528298315323,False,False,38.0,0.6,0.5784264415382158,False,0.75,0.0075,False,False,38.0,0.6,0.5784264415382158,False,0.7,0.01,False,False,38.0,0.6,0.5784264415382158,False,0.7,0.01
KGS_RUB,2025-09-03,0.922325,0.1888888888888888,0.91913,-0.0034761132810374,0.9221565103722956,0.9224220340352676,0.9229057074224432,0.9223594351566928,0.9224234367040852,0.9221565103722956,0.0001826792374752,0.924652,0.0,TEST,0.09999999999999998,0.98173207625248,0.452692830500992,False,0.9182282793867074,False,False,39.0,0.6,0.5784264415382158,False,0.75,0.0075,False,False,39.0,0.6,0.5784264415382158,False,0.7,0.01,False,False,39.0,0.6,0.5784264415382158,False,0.7,0.01
KGS_RUB,2025-09-04,0.924652,0.1444444444444445,0.91913,-0.0060078552544254,0.9256172279164874,0.9248965428248396,0.9253011654408568,0.924760383174246,0.925033365562406,0.924760383174246,0.0,0.929648,0.0,TEST,0.0,1.0,0.4,False,1.0650514228027008,False,False,40.0,0.6,0.5784264415382158,False,0.75,0.0075,False,False,40.0,0.6,0.5784264415382158,False,0.7,0.01,False,False,40.0,0.6,0.5784264415382158,False,0.7,0.01
KGS_RUB,2025-09-05,0.929648,0.0999999999999999,0.91913,-0.0114434302002981,0.9312663035931928,0.930085109105342,0.93062231175892,0.929822613289123,0.9300998440013232,0.929822613289123,0.0,0.932597,0.0,TEST,0.0,1.0,0.4,False,1.2959715639810425,False,False,41.0,0.6,0.5784264415382158,False,0.75,0.0075,False,False,41.0,0.6,0.5784264415382158,False,0.7,0.01,False,False,41.0,0.6,0.5784264415382158,False,0.7,0.01
KGS_RUB,2025-09-06,0.932597,0.0777777777777777,0.919217,-0.0145558665690474,0.9340370637989408,0.9329396848594664,0.9335744024398844,0.9327721671918792,0.9330502773265816,0.9327721671918792,0.0,0.941563,0.0,TEST,0.0,1.0,0.4,False,1.1601585836094053,False,False,42.0,0.6,0.5602608620753993,False,0.75,0.0075,False,False,42.0,0.6,0.5602608620753993,False,0.7,0.01,False,False,42.0,0.6,0.5602608620753993,False,0.7,0.01
KGS_RUB,2025-09-09,0.941563,0.0333333333333333,0.92033,-0.0230710723327502,0.9440907461294784,0.942057396782336,0.942770787590801,0.941739851251599,0.94218049650793,0.941739851251599,0.0,0.949935,0.0,TEST,0.0,1.0,0.4,False,1.4197172549386776,False,False,43.0,0.6,0.5482608620753974,False,0.75,0.0075,False,False,43.0,0.6,0.5482608620753974,False,0.7,0.01,False,False,43.0,0.6,0.5482608620753974,False,0.7,0.01
KGS_RUB,2025-09-10,0.951887,0.0,0.922325,-0.0320516087062587,0.9546190211850708,0.95238681771793,0.9531106058376791,0.9520657903808144,0.9525515414879112,0.9520657903808144,0.0,0.947252,0.004869275449712,TEST,0.0,1.0,0.4,False,1.3412892561983472,False,False,44.0,0.6,0.5302608620754019,False,0.75,0.0075,False,False,44.0,0.6,0.5302608620754019,False,0.7,0.01,False,False,44.0,0.6,0.5302608620754019,False,0.7,0.01
KGS_RUB,2025-09-11,0.971082,0.0,0.924652,-0.0502134857221959,0.9755135057779108,0.9715918966465168,0.9721068917115316,0.9712643957261544,0.971513002209806,0.9712643957261544,0.0,0.947252,0.0245396372293998,TEST,0.0,1.0,0.4,False,1.4730862128456639,False,False,45.0,0.6,0.5182608620754011,False,0.75,0.0075,False,False,45.0,0.6,0.5182608620754011,False,0.7,0.01,False,False,45.0,0.6,0.5182608620754011,False,0.7,0.01
KGS_RUB,2025-09-12,0.979585,0.0,0.929648,-0.0537160301533483,0.980309414607163,0.9799535720460272,0.9802428986586338,0.9794360933457064,0.9796533552336578,0.9794360933457064,0.0001520099371608,0.947252,0.033006834526866,TEST,0.0,0.98479900628392,0.39391960251356806,False,1.1460645205620648,False,False,46.0,0.6,0.5013043448301595,False,0.75,0.0075,False,False,46.0,0.6,0.5013043448301595,False,0.7,0.01,False,False,46.0,0.6,0.5013043448301595,False,0.7,0.01
KGS_RUB,2025-09-13,0.964892,0.0222222222222222,0.932597,-0.0346291056051005,0.9630338316185616,0.9648257864661108,0.9650179933289276,0.9650732330750652,0.9647400983116656,0.9630338316185616,0.0019257786171285,0.947252,0.0182818387964663,TEST,0.09999999999999998,0.80742213828715,0.38296885531486,False,0.7717556777581002,False,False,47.0,0.6,0.48863041856224815,False,0.75,0.0075,False,False,47.0,0.6,0.48863041856224815,False,0.7,0.01,False,False,47.0,0.6,0.48863041856224815,False,0.7,0.01
KGS_RUB,2025-09-16,0.949935,0.0444444444444444,0.941563,-0.00889159833171,0.9468185236158306,0.9499663117711664,0.9498553102375538,0.9501134237418926,0.9499816603185524,0.9468185236158306,0.0032807259277417,0.947252,0.0028244037749951,TEST,0.19999999999999996,0.67192740722583,0.388770962890332,False,0.533078219240641,False,False,48.0,0.6,0.47108694570816545,False,0.75,0.0075,False,False,48.0,0.6,0.47108694570816545,False,0.7,0.01,False,False,48.0,0.6,0.47108694570816545,False,0.7,0.01
KGS_RUB,2025-09-17,0.947252,0.0555555555555555,0.949935,0.0028244037749951,0.9474863743838692,0.9473019420944492,0.9473861551036854,0.947287365810368,0.947315170726028,0.947287365810368,0.0,0.949099,0.0,TEST,0.25,1.0,0.55,False,0.49082691611155665,False,False,49.0,0.6,0.47108694570816545,False,0.75,0.0075,False,False,49.0,0.6,0.47108694570816545,False,0.7,0.01,False,False,49.0,0.6,0.47108694570816545,False,0.7,0.01
KGS_RUB,2025-09-18,0.949099,0.0555555555555555,0.947252,-0.0019498507261003,0.9501028740054982,0.9491662320007724,0.9494711312657876,0.9491344347684192,0.9489884014851544,0.9489884014851544,0.0001165300088248,0.951086,0.0,TEST,0.25,0.98834699911752,0.545338799647008,False,0.519913072235083,False,False,50.0,0.6,0.47200000000000003,False,0.75,0.0075,False,False,50.0,0.6,0.47200000000000003,False,0.7,0.01,False,False,50.0,0.6,0.47200000000000003,False,0.7,0.01
KGS_RUB,2025-09-19,0.951086,0.0444444444444444,0.947252,-0.0040474973924573,0.9515070285248284,0.9511632213608746,0.9515213079060522,0.9511215089533932,0.9506337586022088,0.9506337586022088,0.0004755000050376,0.953123,0.0,TEST,0.19999999999999996,0.95244999949624,0.500979999798496,False,0.5391643219818243,False,False,51.0,0.6,0.47200000000000003,False,0.75,0.0075,False,False,51.0,0.6,0.47200000000000003,False,0.7,0.01,False,False,51.0,0.6,0.47200000000000003,False,0.7,0.01
KGS_RUB,2025-09-20,0.955865,0.0333333333333333,0.947252,-0.0090926173816471,0.9565446790340444,0.9561117828839087,0.956555103878769,0.95590068737815,0.9560121050308186,0.95590068737815,0.0,0.953123,0.0028686059223843,TEST,0.15000000000000002,1.0,0.49000000000000005,False,0.6076420478041509,False,False,52.0,0.6,0.47200000000000003,False,0.75,0.0075,False,False,52.0,0.6,0.47200000000000003,False,0.7,0.01,False,False,52.0,0.6,0.47200000000000003,False,0.7,0.01
KGS_RUB,2025-09-23,0.960762,0.0333333333333333,0.947252,-0.0142623082347675,0.9616802484244956,0.961157684524032,0.9615519554699676,0.9609424573482482,0.9609176771137792,0.9609176771137792,0.0,0.948121,0.0131572647544345,TEST,0.15000000000000002,1.0,0.49000000000000005,False,0.6886444462823584,False,False,53.0,0.6,0.49000000000000005,False,0.75,0.0075,False,False,53.0,0.6,0.49000000000000005,False,0.7,0.01,False,False,53.0,0.6,0.49000000000000005,False,0.7,0.01
KGS_RUB,2025-09-24,0.953123,0.0555555555555555,0.947252,-0.0061979283231917,0.9523488220015788,0.9532100041125308,0.953201343841337,0.9533020225353775,0.9532163540141037,0.9523488220015788,0.0008122540306143,0.945072,0.0084469685444586,TEST,0.25,0.91877459693857,0.517509838775428,False,0.5622859978496407,False,False,54.0,0.6,0.49000000000000005,False,0.75,0.0075,False,False,54.0,0.6,0.49000000000000005,False,0.7,0.01,False,False,54.0,0.6,0.49000000000000005,False,0.7,0.01
KGS_RUB,2025-09-25,0.960451,0.0444444444444444,0.949099,-0.0119608175754057,0.961534394517108,0.9606789251954888,0.9610692327113596,0.9602372053706996,0.9605832263419236,0.9602372053706996,0.0002225981640921,0.931923,0.0297027125798193,TEST,0.19999999999999996,0.97774018359079,0.511096073436316,False,0.683500124059218,False,False,55.0,0.6,0.4943919999193984,False,0.75,0.0075,False,False,55.0,0.6,0.4943919999193984,False,0.7,0.01,False,False,55.0,0.6,0.4943919999193984,False,0.7,0.01
KGS_RUB,2025-09-26,0.956054,0.0555555555555555,0.951086,-0.005223502396208,0.9553727237324832,0.9559944048583234,0.9561188741432366,0.9560896944344964,0.9561436715220016,0.9553727237324832,0.0007125918279896,0.926341,0.0310787884366364,TEST,0.25,0.92874081720104,0.521496326880416,False,0.6107683400876674,False,False,56.0,0.6,0.4943919999193984,False,0.75,0.0075,False,False,56.0,0.6,0.4943919999193984,False,0.7,0.01,False,False,56.0,0.6,0.4943919999193984,False,0.7,0.01
KGS_RUB,2025-09-27,0.95611,0.0555555555555555,0.953123,-0.0031339082154139,0.956070079803167,0.956122735097004,0.9561898915631484,0.9561456965252656,0.956226614258078,0.956070079803167,4.175272388424495e-05,0.926341,0.0311355387978371,TEST,0.25,0.9958247276115755,0.5483298910446303,False,0.611135038430957,False,False,57.0,0.6,0.4943919999193984,False,0.75,0.0075,False,False,57.0,0.6,0.4943919999193984,False,0.7,0.01,False,False,57.0,0.6,0.4943919999193984,False,0.7,0.01
KGS_RUB,2025-09-30,0.948121,0.1444444444444445,0.953123,0.0052480110122198,0.9464147409974288,0.948061899357859,0.9479259397056878,0.9481563982546268,0.9481875366838318,0.9464147409974288,0.0017996215700012,0.926341,0.0229717514958534,TEST,0.65,0.82003784299988,0.718015137199952,False,0.4690068348662557,False,False,58.0,0.6,0.4943919999193984,False,0.75,0.0075,False,False,58.0,0.6,0.4943919999193984,False,0.7,0.01,False,False,58.0,0.6,0.4943919999193984,False,0.7,0.01
KGS_RUB,2025-10-01,0.945072,0.1666666666666666,0.948121,0.0032158342658795,0.9447122149459662,0.9450130894157291,0.9449254549476478,0.9451072844197068,0.945119924436912,0.9447122149459662,0.0003806959195,0.926341,0.0198196539522915,TEST,0.75,0.96193040805,0.83477216322,False,0.39725812085225354,True,False,59.0,0.6,0.4943919999193984,True,0.75,0.0075,True,False,59.0,0.6,0.4943919999193984,True,0.7,0.01,True,False,59.0,0.6,0.4943919999193984,True,0.7,0.01
KGS_RUB,2025-10-02,0.931923,0.2222222222222222,0.945072,0.0139132256589974,0.9300097268115431,0.9316681080605628,0.9316454569730808,0.9318824814341972,0.931920629575798,0.9300097268115431,0.0020530378458915,0.926341,0.0059897652488456,TEST,0.9,0.79469621541085,0.85787848616434,False,0.13236124005606675,True,True,1.0,0.8,0.5459370179265325,False,0.75,0.0075,True,True,1.0,0.8,0.5459370179265325,False,0.7,0.01,True,True,1.0,0.8,0.5459370179265325,False,0.7,0.01
KGS_RUB,2025-10-03,0.926341,0.2444444444444444,0.931923,0.0059897652488456,0.9256247434750672,0.9260876348034436,0.9260996302425692,0.9263007241308946,0.9264241303047792,0.9256247434750672,0.0007732104321548,0.930966,0.0,TEST,1.0,0.9226789567845199,0.969071582713808,True,-0.06622344153633697,True,True,2.0,0.8,0.5486639128357043,False,0.75,0.0075,True,True,2.0,0.8,0.5486639128357043,False,0.7,0.01,True,True,2.0,0.8,0.5486639128357043,False,0.7,0.01
KGS_RUB,2025-10-04,0.936611,0.1999999999999999,0.926341,-0.0110866300854652,0.9381140672370932,0.93669925964678,0.937027314259563,0.9365702776072324,0.9365460916198646,0.9365460916198646,6.930132161099731e-05,0.928414,0.0087517656743301,TEST,0.85,0.9930698678389003,0.9072279471355602,False,0.19288558335211456,True,True,3.0,0.8,0.5836030274399906,False,0.75,0.0075,True,True,3.0,0.8,0.5836030274399906,False,0.7,0.01,True,True,3.0,0.8,0.5836030274399906,False,0.7,0.01
KGS_RUB,2025-10-07,0.949114,0.1333333333333333,0.926341,-0.0245838195653652,0.9509829807630896,0.9493949017143548,0.9498225864463616,0.9491494353284464,0.9490107673638865,0.9490107673638865,0.0001087673726375,0.924583,0.0258462102550378,TEST,0.6,0.98912326273625,0.7556493050945,False,0.4277101645255806,False,False,4.0,0.8,0.7413665424039617,False,0.75,0.0075,False,False,4.0,0.8,0.7413665424039617,False,0.7,0.01,False,False,4.0,0.8,0.7413665424039617,False,0.7,0.01
KGS_RUB,2025-10-08,0.936934,0.2111111111111111,0.926341,-0.0114353137775398,0.9349387098960328,0.9367257983987552,0.9366644211455456,0.9368932635636938,0.9369250989848764,0.9349387098960328,0.0021295951518113,0.914338,0.0241169602127791,TEST,0.85,0.78704048481887,0.824816193927548,False,0.19895199459094096,True,False,5.0,0.8,0.7714738767196001,True,0.75,0.0075,True,False,5.0,0.8,0.7714738767196001,True,0.7,0.01,True,False,5.0,0.8,0.7714738767196001,True,0.7,0.01
KGS_RUB,2025-10-09,0.932508,0.2555555555555555,0.926341,-0.0066573756316518,0.932027759296837,0.932376554115506,0.9323921821894764,0.9324674559993053,0.93262442078831,0.932027759296837,0.0005149990168052,0.901532,0.0332179455833086,TEST,0.9,0.94850009831948,0.9194000393277921,False,0.11582525730598801,True,True,1.0,0.8,0.8268073877860385,False,0.75,0.0075,True,True,1.0,0.8,0.8268073877860385,False,0.7,0.01,True,True,1.0,0.8,0.8268073877860385,False,0.7,0.01
KGS_RUB,2025-10-10,0.930966,0.2777777777777778,0.926341,-0.0049927618447202,0.9309847843292944,0.93094187779206,0.9308960800174992,0.930925523043072,0.9310510371045138,0.9308960800174992,7.51047648364401e-05,0.901532,0.031616621874483,TEST,0.95,0.992489523516356,0.9669958094065424,False,0.08686424761475442,True,True,2.0,0.8,0.839393427808868,False,0.75,0.0075,True,True,2.0,0.8,0.839393427808868,False,0.7,0.01,True,True,2.0,0.8,0.839393427808868,False,0.7,0.01
KGS_RUB,2025-10-11,0.928414,0.3,0.930966,0.0027412386703703,0.9276527523683104,0.9282831312038003,0.928153208260038,0.9283736340000716,0.9285299096648588,0.9276527523683104,0.0008199441538899,0.901532,0.0289547550984797,TEST,0.95,0.91800558461101,0.9372022338444039,False,0.05377292417836091,True,True,3.0,0.8,0.8677483783585841,False,0.75,0.0075,True,True,3.0,0.8,0.8677483783585841,False,0.7,0.01,True,True,3.0,0.8,0.8677483783585841,False,0.7,0.01
KGS_RUB,2025-10-14,0.924583,0.3333333333333333,0.928414,0.0041263918898249,0.9235678499079002,0.9243301156371924,0.9243252568421808,0.9245428005660064,0.92459050937886,0.9235678499079002,0.0010979545287982,0.901532,0.0249312392721908,TEST,1.0,0.89020454712018,0.956081818848072,False,-0.051073472589405436,True,False,4.0,0.8,0.9096623655740066,True,0.75,0.0075,True,False,4.0,0.8,0.9096623655740066,True,0.7,0.01,True,False,4.0,0.8,0.9096623655740066,True,0.7,0.01
KGS_RUB,2025-10-15,0.914338,0.5444444444444445,0.924583,0.0110806709619364,0.9122044137627028,0.9139870676769064,0.9140067304004428,0.9142982460027074,0.9142761052982232,0.9122044137627028,0.0023334765013563,0.901532,0.0140057615455116,TEST,1.0,0.76665234986437,0.906660939945748,False,-0.28317532270101636,True,True,1.0,0.8,0.9229604782311145,False,0.75,0.0075,True,True,1.0,0.8,0.9229604782311145,False,0.7,0.01,True,True,1.0,0.8,0.9229604782311145,False,0.7,0.01
KGS_RUB,2025-10-16,0.901532,0.6777777777777778,0.914338,0.0140057615455116,0.8997126833731517,0.9012160207825224,0.9012480090725122,0.901492802787714,0.9014334878692112,0.8997126833731517,0.0020180277869762,0.904333,0.0,TEST,1.0,0.79819722130238,0.919278888520952,True,-0.2758486989488191,True,True,2.0,0.8,0.9229604782311145,False,0.75,0.0075,True,True,2.0,0.8,0.9229604782311145,False,0.7,0.01,True,True,2.0,0.8,0.9229604782311145,False,0.7,0.01
KGS_RUB,2025-10-17,0.904333,0.6444444444444444,0.901532,-0.0031069335309229,0.9053117508026968,0.9042563145018104,0.9044213593897348,0.9042936810045809,0.9042862858638628,0.9042563145018104,8.4797854539889e-05,0.926054,0.0,TEST,0.95,0.9915202145460111,0.9666080858184044,True,0.04729022454837166,True,True,3.0,0.8,0.9229604782311145,False,0.75,0.0075,True,True,3.0,0.8,0.9229604782311145,False,0.7,0.01,True,True,3.0,0.8,0.9229604782311145,False,0.7,0.01
KGS_RUB,2025-10-18,0.926054,0.3222222222222222,0.901532,-0.02720036559989,0.929274660470428,0.9263471070785584,0.9266336933527654,0.926088574379526,0.9261735695151352,0.926088574379526,0.0,0.925915,0.0001500992382733,TEST,0.8,1.0,0.88,False,0.41401316900219554,True,False,4.0,0.8,0.9409781508451376,False,0.75,0.0075,True,False,4.0,0.8,0.9409781508451376,False,0.7,0.01,True,False,4.0,0.8,0.9409781508451376,False,0.7,0.01
KGS_RUB,2025-10-21,0.93034,0.2888888888888888,0.901532,-0.0319544952369965,0.9304869338420348,0.9304792354728556,0.9307030872607656,0.930374734398046,0.9302279186401802,0.9302279186401802,0.0001204735471115,0.9032,0.0291721306189134,TEST,0.65,0.98795264528885,0.7851810581155401,False,0.4863751477291903,False,False,5.0,0.8,0.9409781508451376,False,0.75,0.0075,False,False,5.0,0.8,0.9409781508451376,False,0.7,0.01,False,False,5.0,0.8,0.9409781508451376,False,0.7,0.01
KGS_RUB,2025-10-22,0.930217,0.3,0.901532,-0.0318180608120399,0.9306947472235468,0.930506765341908,0.9303660152255648,0.930391720162866,0.93026426470069,0.93026426470069,0.0,0.9032,0.0290437607568986,TEST,0.65,1.0,0.79,False,0.4868548346034375,False,False,6.0,0.8,0.9409781508451376,False,0.75,0.0075,False,False,6.0,0.8,0.9409781508451376,False,0.7,0.01,False,False,6.0,0.8,0.9409781508451376,False,0.7,0.01
KGS_RUB,2025-10-23,0.933732,0.2444444444444444,0.901532,-0.0357169795414916,0.9349162156199692,0.93411236948135,0.9343581653940964,0.9339073803758836,0.9337722835129268,0.9337722835129268,0.0,0.9032,0.0326988900455376,TEST,0.4,1.0,0.64,False,0.5465130093857665,False,False,7.0,0.7,0.9193152337630041,False,0.75,0.0075,False,False,7.0,0.7,0.9193152337630041,False,0.7,0.01,False,False,7.0,0.7,0.9193152337630041,False,0.7,0.01
KGS_RUB,2025-10-24,0.92932,0.3333333333333333,0.904333,-0.0276303087468885,0.9283563948306808,0.9294048312986436,0.9291998244453952,0.9294945516817632,0.9293606933292492,0.9283563948306808,0.0010368927488047,0.9032,0.0281065725476693,TEST,0.65,0.89631072511953,0.7485242900478121,False,0.5091428780827445,False,False,8.0,0.7,0.9193152337630041,False,0.75,0.0075,False,False,8.0,0.7,0.9193152337630041,False,0.7,0.01,False,False,8.0,0.7,0.9193152337630041,False,0.7,0.01
KGS_RUB,2025-10-25,0.925915,0.3777777777777777,0.926054,0.0001500992382733,0.9253689768921108,0.9258572835576178,0.9258765373510536,0.9259495691899378,0.9258641574397816,0.9253689768921108,0.0005897119151209,0.9032,0.0245324894833759,TEST,0.8,0.94102880848791,0.856411523395164,False,0.4467551027886701,True,False,9.0,0.7,0.9193152337630041,False,0.75,0.0075,True,False,9.0,0.7,0.9193152337630041,False,0.7,0.01,True,False,9.0,0.7,0.9193152337630041,False,0.7,0.01
KGS_RUB,2025-10-28,0.9032,0.7333333333333334,0.925915,0.0245324894833759,0.9005934060309263,0.903153288090088,0.9030368324754398,0.9031607302656623,0.9032243016611032,0.9005934060309263,0.0028859543501701,0.908765,0.0,TEST,0.95,0.71140456498299,0.854561825993196,True,0.035055273002395915,True,False,10.0,0.7,0.9193152337630041,False,0.75,0.0075,True,False,10.0,0.7,0.9193152337630041,False,0.7,0.01,True,False,10.0,0.7,0.9193152337630041,False,0.7,0.01
KGS_RUB,2025-10-29,0.91272,0.6333333333333333,0.9032,-0.0105403011514614,0.916813269175862,0.9128849167406372,0.9130352378481174,0.9126803163508364,0.912658670710172,0.912658670710172,6.719398044081239e-05,0.908765,0.004333201858182,TEST,0.85,0.9932806019559187,0.9073122407823675,True,0.2351309318649904,True,False,11.0,0.7,0.9193152337630041,False,0.75,0.0075,True,False,11.0,0.7,0.9193152337630041,False,0.7,0.01,True,False,11.0,0.7,0.9193152337630041,False,0.7,0.01
KGS_RUB,2025-10-30,0.908765,0.7111111111111111,0.9032,-0.006161426040744,0.9076334680915756,0.9084464856781888,0.9084708096136604,0.9087254883080988,0.9088961493245984,0.9076334680915756,0.001245131478902,0.920568,0.0,TEST,0.85,0.8754868521098,0.8601947408439201,True,0.1520112647639873,True,False,12.0,0.6,0.9072616645942831,False,0.75,0.0075,True,False,12.0,0.6,0.9072616645942831,False,0.7,0.01,True,False,12.0,0.6,0.9072616645942831,False,0.7,0.01
KGS_RUB,2025-10-31,0.920568,0.4666666666666667,0.9032,-0.019229406554473,0.9231654481625524,0.9207923787124376,0.9210301337636077,0.9206023695588068,0.9204827794834722,0.9204827794834722,9.25738419408642e-05,0.924941,0.0,TEST,0.7,0.9907426158059136,0.8162970463223654,False,0.4000672523223078,False,False,13.0,0.6,0.9072616645942831,False,0.75,0.0075,True,False,13.0,0.6,0.9072616645942831,False,0.7,0.01,True,False,13.0,0.6,0.9072616645942831,False,0.7,0.01
KGS_RUB,2025-11-01,0.925965,0.3777777777777777,0.9032,-0.0252048272807794,0.9262404995726,0.9262040633751614,0.9263951427008682,0.925999571056696,0.9260419870858276,0.925999571056696,0.0,0.924941,0.0011058733321454,TEST,0.55,1.0,0.73,False,0.5134924971627933,False,False,14.0,0.6,0.906887742821673,False,0.75,0.0075,False,False,14.0,0.6,0.906887742821673,False,0.7,0.01,False,False,14.0,0.6,0.906887742821673,False,0.7,0.01
KGS_RUB,2025-11-02,0.924941,0.4,0.9032,-0.0240710806023029,0.9245543016761048,0.9250687234751968,0.924945249582148,0.9251147291859442,0.9247984247099358,0.9245543016761048,0.0004180789087036,0.926395,0.0,TEST,0.6,0.95819210912964,0.743276843651856,False,0.4919717540246313,False,False,15.0,0.6,0.8906643759782992,False,0.75,0.0075,False,False,15.0,0.6,0.8906643759782992,False,0.7,0.01,False,False,15.0,0.6,0.8906643759782992,False,0.7,0.01
KGS_RUB,2025-11-06,0.928399,0.3555555555555555,0.908765,-0.0216051454446418,0.9298848531275398,0.9287305258641072,0.9289420284699498,0.9285733786928044,0.9285543035950484,0.9285543035950484,0.0,0.926395,0.0021585546731523,TEST,0.4,1.0,0.64,False,0.7589119258798921,False,False,16.0,0.6,0.8906643759782992,False,0.75,0.0075,False,False,16.0,0.6,0.8906643759782992,False,0.7,0.01,False,False,16.0,0.6,0.8906643759782992,False,0.7,0.01
KGS_RUB,2025-11-07,0.930549,0.3,0.908765,-0.0239709936012059,0.9311789078198752,0.9308441549607216,0.9309845309708472,0.930723782521535,0.930636200881682,0.930636200881682,0.0,0.921681,0.0095298581804934,TEST,0.15000000000000002,1.0,0.49000000000000005,False,0.9011490683229799,False,False,17.0,0.6,0.8906643759782992,False,0.75,0.0075,False,False,17.0,0.6,0.8906643759782992,False,0.7,0.01,False,False,17.0,0.6,0.8906643759782992,False,0.7,0.01
KGS_RUB,2025-11-08,0.928824,0.3555555555555555,0.920568,-0.0089683760460932,0.928823911124096,0.9289777642359964,0.92893096581265,0.9289328721956324,0.9289110392335356,0.928823911124096,9.568648524334552e-08,0.921681,0.0076903697578874,TEST,0.30000000000000004,0.9999904313514757,0.5799961725405903,False,0.8475776397515521,False,False,18.0,0.6,0.8681168445063521,False,0.75,0.0075,False,False,18.0,0.6,0.8681168445063521,False,0.7,0.01,False,False,18.0,0.6,0.8681168445063521,False,0.7,0.01
KGS_RUB,2025-11-11,0.926395,0.3888888888888888,0.924941,-0.0015719921594998,0.9264442316283524,0.9264438424480363,0.926512313681666,0.9264295871108172,0.9264151908343944,0.9264151908343944,0.0,0.921681,0.0050885421445495,TEST,0.4,1.0,0.64,False,0.772142857142856,False,False,19.0,0.6,0.8579248103746665,False,0.75,0.0075,False,False,19.0,0.6,0.8579248103746665,False,0.7,0.01,False,False,19.0,0.6,0.8579248103746665,False,0.7,0.01
KGS_RUB,2025-11-12,0.930317,0.3222222222222222,0.924941,-0.005812262619994,0.9317893715167572,0.9306492107707124,0.930825444710618,0.9304917389455976,0.9304687614632428,0.9304687614632428,0.0,0.921681,0.0092828573486241,TEST,0.15000000000000002,1.0,0.49000000000000005,False,0.8939440993788802,False,False,20.0,0.6,0.8553017049539832,False,0.75,0.0075,False,False,20.0,0.6,0.8553017049539832,False,0.7,0.01,False,False,20.0,0.6,0.8553017049539832,False,0.7,0.01
KGS_RUB,2025-11-13,0.929505,0.3555555555555555,0.926395,-0.0033570992934979,0.9293253112655416,0.9295540064169844,0.9296492334047436,0.9295397032231826,0.9295921030494124,0.9293253112655416,0.0001933165872785,0.921681,0.0084173834460277,TEST,0.25,0.98066834127215,0.54226733650886,False,0.8687267080745348,False,False,21.0,0.6,0.8316029581906976,False,0.75,0.0075,False,False,21.0,0.6,0.8316029581906976,False,0.7,0.01,False,False,21.0,0.6,0.8316029581906976,False,0.7,0.01
KGS_RUB,2025-11-14,0.921681,0.5444444444444445,0.926395,0.0050885421445495,0.9204170514186144,0.9215525818573552,0.9215371864184086,0.9217154111128462,0.9216586201990224,0.9204170514186144,0.0013713514560738,0.92318,0.0,TEST,0.7,0.8628648543926201,0.7651459417570481,False,0.6257453416149058,False,False,22.0,0.6,0.8005188185289462,False,0.75,0.0075,True,False,22.0,0.6,0.8005188185289462,False,0.7,0.01,True,False,22.0,0.6,0.8005188185289462,False,0.7,0.01
KGS_RUB,2025-11-15,0.927703,0.4111111111111111,0.921681,-0.0065337139422425,0.9296846197846076,0.9279870202743216,0.9283249281169812,0.927737635945214,0.9279489140864828,0.927737635945214,0.0,0.903655,0.0259220892893523,TEST,0.44999999999999996,1.0,0.6699999999999999,False,0.802535045198482,False,False,23.0,0.6,0.787108634869324,False,0.75,0.0075,False,False,23.0,0.6,0.787108634869324,False,0.7,0.01,False,False,23.0,0.6,0.787108634869324,False,0.7,0.01
KGS_RUB,2025-11-18,0.927732,0.4111111111111111,0.921681,-0.0065651781907189,0.927074145661569,0.9277268085996542,0.927791860994394,0.9277666370279338,0.927654621650719,0.927074145661569,0.0007090995442983,0.902461,0.0272395476279788,TEST,0.44999999999999996,0.92909004557017,0.641636018228068,False,0.8034848683348617,False,False,24.0,0.6,0.7731599883004449,False,0.75,0.0075,False,False,24.0,0.6,0.7731599883004449,False,0.7,0.01,False,False,24.0,0.6,0.7731599883004449,False,0.7,0.01
KGS_RUB,2025-11-19,0.926882,0.4333333333333333,0.921681,-0.005642950218134,0.9265622206336486,0.9268984416261056,0.9269226001049664,0.926916605293043,0.9269060496184268,0.9265622206336486,0.0003450054768043,0.902461,0.0263474746515738,TEST,0.55,0.96549945231957,0.716199780927828,False,0.7756452246822998,False,False,25.0,0.6,0.7551729507315065,False,0.75,0.0075,False,False,25.0,0.6,0.7551729507315065,False,0.7,0.01,False,False,25.0,0.6,0.7551729507315065,False,0.7,0.01
KGS_RUB,2025-11-20,0.925612,0.5,0.921681,-0.0042650331296837,0.9252315412589724,0.9255895246701034,0.9255873030876638,0.9256465578773824,0.9256631834011384,0.9252315412589724,0.0004110347975475,0.898732,0.0290402458049377,TEST,0.7,0.95889652024525,0.8035586080981,False,0.7340495218131792,False,False,26.0,0.6,0.7453758222102385,False,0.75,0.0075,True,False,26.0,0.6,0.7453758222102385,True,0.7,0.01,True,False,26.0,0.6,0.7453758222102385,True,0.7,0.01
KGS_RUB,2025-11-21,0.92318,0.5666666666666667,0.921681,-0.0016263761540055,0.9216290395091468,0.9230260971975848,0.9230518513544836,0.9232406100514626,0.92291827395466,0.9216290395091468,0.001680019596236,0.8948,0.0307415671916635,TEST,0.75,0.8319980403764,0.7827992161505599,False,0.6543953884449101,True,False,27.0,0.6,0.7453758222102385,True,0.75,0.0075,True,True,1.0,0.8,0.8239500022565316,False,0.7,0.01,True,True,1.0,0.8,0.8239500022565316,False,0.7,0.01
KGS_RUB,2025-11-22,0.903655,0.9111111111111112,0.92318,0.0211497216144197,0.9009954043195406,0.9036082645582912,0.9034795459596392,0.9036157104829686,0.9036707340451284,0.9009954043195406,0.0029431538368728,0.89455,0.010075747934776,TEST,0.95,0.70568461631272,0.8522738465250879,False,0.016636805733298617,True,True,1.0,0.8,0.8239500022565316,False,0.75,0.0075,True,True,2.0,0.8,0.8239500022565316,False,0.7,0.01,True,True,2.0,0.8,0.8239500022565316,False,0.7,0.01
KGS_RUB,2025-11-25,0.902461,0.9444444444444444,0.903655,0.0013213007176411,0.9032635866533452,0.9022485002750776,0.902176694515666,0.9024217623962356,0.9025599977044176,0.902176694515666,0.0003150335408776,0.888539,0.0154267054199571,TEST,1.0,0.9684966459122399,0.9873986583648959,False,-0.02702109766353601,True,True,2.0,0.8,0.8527314424187095,False,0.75,0.0075,True,True,3.0,0.8,0.8527314424187095,False,0.7,0.01,True,True,3.0,0.8,0.8527314424187095,False,0.7,0.01
KGS_RUB,2025-11-26,0.902933,0.9444444444444444,0.902461,-0.0005230142909222,0.9031079749991286,0.902756405713475,0.902665972279892,0.9028937418744082,0.9030320494816316,0.902665972279892,0.0002957337035062,0.885799,0.0189759373065332,TEST,0.95,0.97042662964938,0.9581706518597519,False,0.016804329250926658,True,True,3.0,0.8,0.8527314424187095,False,0.75,0.0075,True,False,4.0,0.8,0.8527314424187095,True,0.7,0.01,True,False,4.0,0.8,0.8527314424187095,True,0.7,0.01
KGS_RUB,2025-11-27,0.898732,0.9777777777777776,0.902461,0.0041320345145108,0.8977368803122731,0.8985203783312753,0.8984817390681467,0.8986929245273687,0.8988391225462447,0.8977368803122731,0.0011072485320728,0.885799,0.0143902742975658,TEST,1.0,0.88927514679272,0.955710058717088,False,-0.13276132156080825,True,False,4.0,0.8,0.8538580253888544,True,0.75,0.0075,True,True,1.0,0.8,0.8538580253888544,False,0.7,0.01,True,True,1.0,0.8,0.8538580253888544,False,0.7,0.01
KGS_RUB,2025-11-28,0.8948,1.0,0.898732,0.0043750528522406,0.8934558563894593,0.8944863802906619,0.8944578688385849,0.8947610954846267,0.8949066538794432,0.8934558563894593,0.0015021721172783,0.880169,0.0163511399195351,TEST,1.0,0.84978278827217,0.939913115308868,False,-0.1235817330357965,True,True,1.0,0.8,0.8538580253888544,False,0.75,0.0075,True,True,2.0,0.8,0.8538580253888544,False,0.7,0.01,True,True,2.0,0.8,0.8538580253888544,False,0.7,0.01
KGS_RUB,2025-11-29,0.89455,1.0,0.8948,0.0002793920429147,0.8945144731111964,0.8944579422063769,0.8943796871337175,0.8945111063542387,0.8945708160370106,0.8943796871337175,0.0001903894318735,0.87014,0.0272874629702084,TEST,1.0,0.98096105681265,0.99238442272506,False,-0.006993202607068283,True,True,2.0,0.8,0.869801700281844,False,0.75,0.0075,True,True,3.0,0.8,0.869801700281844,False,0.7,0.01,True,True,3.0,0.8,0.869801700281844,False,0.7,0.01
KGS_RUB,2025-12-02,0.888539,1.0,0.89455,0.0067195796769325,0.8870061297409257,0.8883453435166264,0.8882043097104099,0.8885003677031903,0.8885462166327769,0.8870061297409257,0.0017251581068183,0.87014,0.0207070258030316,TEST,1.0,0.82748418931817,0.930993675727268,False,-0.166976860468346,True,True,3.0,0.8,0.943072503990512,False,0.75,0.0075,True,False,4.0,0.8,0.943072503990512,False,0.7,0.01,True,False,4.0,0.8,0.943072503990512,False,0.7,0.01
KGS_RUB,2025-12-03,0.885799,1.0,0.888539,0.003083713826855,0.8852043897232584,0.8856059406978019,0.8854587557147902,0.8857604868341381,0.8858061943787466,0.8852043897232584,0.0006712699796924,0.87014,0.0176778253305772,TEST,1.0,0.9328730020307601,0.973149200812304,False,-0.06522256605570019,True,False,4.0,0.8,0.943072503990512,True,0.75,0.0075,True,False,5.0,0.8,0.943072503990512,True,0.7,0.01,True,False,5.0,0.8,0.943072503990512,True,0.7,0.01
KGS_RUB,2025-12-04,0.891431,0.9777777777777776,0.885799,-0.0063581015557705,0.8924936158312663,0.8915219642681814,0.8917105090539943,0.8913922419635183,0.8913584527665805,0.8913584527665805,8.138289269660671e-05,0.87014,0.0238840695466053,TEST,0.9,0.9918617107303394,0.9367446842921359,False,0.1258547486033514,True,True,1.0,0.8,0.9562021773456209,False,0.75,0.0075,True,True,1.0,0.8,0.9562021773456209,False,0.7,0.01,True,True,1.0,0.8,0.9562021773456209,False,0.7,0.01
KGS_RUB,2025-12-05,0.880169,1.0,0.885799,0.0063558437072067,0.8778178914249462,0.8802401735018279,0.8798374624788577,0.880130731617801,0.8801843251171816,0.8778178914249462,0.0026712012977664,0.87014,0.0113944026658516,TEST,1.0,0.7328798702233601,0.893151948089344,False,-0.12581005586592245,True,True,2.0,0.8,0.9562021773456209,False,0.75,0.0075,True,True,2.0,0.8,0.9562021773456209,False,0.7,0.01,True,True,2.0,0.8,0.9562021773456209,False,0.7,0.01
KGS_RUB,2025-12-06,0.87014,1.0,0.880169,0.0113944026658516,0.8682877566662204,0.8698350234087132,0.8698075202631903,0.8701021676631572,0.8701250313714114,0.8682877566662204,0.0021286727811382,0.878312,0.0,TEST,1.0,0.78713272188618,0.914853088754472,True,-0.1999880354151703,True,True,3.0,0.8,0.9562021773456209,False,0.75,0.0075,True,True,3.0,0.8,0.9562021773456209,False,0.7,0.01,True,True,3.0,0.8,0.9562021773456209,False,0.7,0.01
KGS_RUB,2025-12-09,0.883628,0.9777777777777776,0.87014,-0.0155009538694922,0.8867868937974566,0.8837175793487927,0.8837041608166682,0.8836609903977862,0.8836002328918469,0.8836002328918469,3.1423979494888634e-05,0.878312,0.0060161063252861,TEST,0.9,0.9968576020505111,0.9387430408202044,False,0.22413879056782426,True,False,4.0,0.8,0.9562021773456209,False,0.75,0.0075,True,False,4.0,0.8,0.9562021773456209,False,0.7,0.01,True,False,4.0,0.8,0.9562021773456209,False,0.7,0.01
KGS_RUB,2025-12-10,0.878312,0.9888888888888888,0.87014,-0.0093915921575837,0.8770415572877108,0.8784840943054507,0.8781127942671009,0.8782738123572792,0.8784191333857355,0.8770415572877108,0.0014464594725896,0.890792,0.0,TEST,0.95,0.85535405274104,0.9121416210964159,True,0.13579939179420655,True,False,5.0,0.8,0.9562021773456209,False,0.75,0.0075,True,False,5.0,0.8,0.9562021773456209,False,0.7,0.01,True,False,5.0,0.8,0.9562021773456209,False,0.7,0.01
KGS_RUB,2025-12-11,0.890792,0.9333333333333332,0.87014,-0.0237341117521318,0.8941212936784539,0.8910091211274015,0.8912451989061918,0.8908252578669134,0.8909070165838345,0.8908252578669134,0.0,0.907259,0.0,TEST,0.7,1.0,0.8200000000000001,False,0.3478817485050114,False,False,6.0,0.8,0.9562021773456209,False,0.75,0.0075,True,False,6.0,0.8,0.9562021773456209,False,0.7,0.01,True,False,6.0,0.8,0.9562021773456209,False,0.7,0.01
KGS_RUB,2025-12-12,0.907259,0.8111111111111111,0.87014,-0.0426586526306111,0.9091267299061206,0.9076215773998196,0.9078238447157936,0.907429408023334,0.9074541772661208,0.907429408023334,0.0,0.908293,0.0,TEST,0.30000000000000004,1.0,0.5800000000000001,False,0.6445165995277127,False,False,7.0,0.7,0.9390940631668035,False,0.75,0.0075,False,False,7.0,0.7,0.9390940631668035,False,0.7,0.01,False,False,7.0,0.7,0.9390940631668035,False,0.7,0.01
KGS_RUB,2025-12-13,0.911716,0.7555555555555555,0.87014,-0.0477808168800422,0.9123416551442346,0.9120803585973286,0.9122813302787988,0.9118872451696836,0.9117210903739568,0.9117210903739568,0.0,0.908293,0.0037544586252736,TEST,0.25,1.0,0.55,False,0.7219058202528122,False,False,8.0,0.7,0.9390940631668035,False,0.75,0.0075,False,False,8.0,0.7,0.9390940631668035,False,0.7,0.01,False,False,8.0,0.7,0.9390940631668035,False,0.7,0.01
KGS_RUB,2025-12-16,0.908513,0.8,0.878312,-0.0343852753918881,0.9077424782739254,0.908621525446452,0.9083418367394324,0.9086836435587888,0.9084197303856136,0.9077424782739254,0.0008481130441442,0.906971,0.001697278960235,TEST,0.25,0.91518869558558,0.516075478234232,False,0.6662904570079179,False,False,9.0,0.7,0.9390940631668035,False,0.75,0.0075,False,False,9.0,0.7,0.9390940631668035,False,0.7,0.01,False,False,9.0,0.7,0.9390940631668035,False,0.7,0.01
KGS_RUB,2025-12-17,0.908293,0.8,0.878312,-0.0341347949248103,0.9083439881311036,0.9084561795887304,0.9083177822856257,0.9084636022367792,0.9082614075381962,0.9082614075381962,3.4782236353073425e-05,0.898628,0.0106408394647982,TEST,0.25,0.9965217763646926,0.5486087105458771,False,0.6723943463395724,False,False,10.0,0.7,0.9390940631668035,False,0.75,0.0075,False,False,10.0,0.7,0.9390940631668035,False,0.7,0.01,False,False,10.0,0.7,0.9390940631668035,False,0.7,0.01
KGS_RUB,2025-12-18,0.919162,0.6444444444444444,0.890792,-0.0318480632964822,0.9202503098358992,0.9194426562012264,0.9194448220314352,0.9193346437318822,0.9187073087704728,0.9187073087704728,0.0004946801864385,0.896933,0.0241839849776209,TEST,0.09999999999999998,0.95053198135615,0.44021279254246004,False,0.8837251225843676,False,False,11.0,0.7,0.9390940631668035,False,0.75,0.0075,False,False,11.0,0.7,0.9390940631668035,False,0.7,0.01,False,False,11.0,0.7,0.9390940631668035,False,0.7,0.01
KGS_RUB,2025-12-19,0.915153,0.7111111111111111,0.907259,-0.0087009332505932,0.9146245082538292,0.9153174120236148,0.915099202108032,0.9153248907321704,0.9151766299336038,0.9146245082538292,0.0005774900439279,0.890616,0.026811910139616,TEST,0.09999999999999998,0.94225099560721,0.436900398242884,False,0.8486613876319756,False,False,12.0,0.6,0.9332940791532152,False,0.75,0.0075,False,False,12.0,0.6,0.9332940791532152,False,0.7,0.01,False,False,12.0,0.6,0.9332940791532152,False,0.7,0.01
KGS_RUB,2025-12-20,0.923065,0.5555555555555556,0.908293,-0.0162634744515261,0.924914320414064,0.9234200714749686,0.9236364162332136,0.9232383768218984,0.9232245416077668,0.9232245416077668,0.0,0.888674,0.0372573979080563,TEST,0.0,1.0,0.4,False,1.0796173146750436,False,False,13.0,0.6,0.9332940791532152,False,0.75,0.0075,False,False,13.0,0.6,0.9332940791532152,False,0.7,0.01,False,False,13.0,0.6,0.9332940791532152,False,0.7,0.01
KGS_RUB,2025-12-23,0.906971,0.8111111111111111,0.908293,0.0014554774725777,0.9042324497453936,0.906654073061537,0.9070051273037272,0.9070048619125588,0.9067590539304224,0.9042324497453936,0.0030194463269568,0.886,0.0231220182343205,TEST,0.35,0.6980553673043199,0.48922214692172794,False,0.695909305621161,False,False,14.0,0.6,0.9332940791532152,False,0.75,0.0075,False,False,14.0,0.6,0.9332940791532152,False,0.7,0.01,False,False,14.0,0.6,0.9332940791532152,False,0.7,0.01
KGS_RUB,2025-12-24,0.898628,0.8888888888888888,0.906971,0.0091987505664458,0.8975226678513667,0.8985027938400721,0.8983561750840641,0.8986615504252716,0.8985486187769688,0.8975226678513667,0.0012300219319154,0.886,0.0140525334176099,TEST,0.5,0.87699780680846,0.650799122723384,False,0.5382711384034002,False,False,15.0,0.6,0.9213093235435904,False,0.75,0.0075,False,False,15.0,0.6,0.9213093235435904,False,0.7,0.01,False,False,15.0,0.6,0.9213093235435904,False,0.7,0.01
KGS_RUB,2025-12-25,0.896933,0.8888888888888888,0.898628,0.0018862087537891,0.8969367581616952,0.8967923166558615,0.8967118995445008,0.8969664871421658,0.8969913117336242,0.8967118995445008,0.0002465072145847,0.886,0.0121893162588509,TEST,0.5,0.97534927854153,0.690139711416612,False,0.5062446858762392,False,False,16.0,0.6,0.9132262081596384,False,0.75,0.0075,False,False,16.0,0.6,0.9132262081596384,False,0.7,0.01,False,False,16.0,0.6,0.9132262081596384,False,0.7,0.01
KGS_RUB,2025-12-26,0.890616,0.9333333333333332,0.896933,0.0070428894911883,0.8888131832404704,0.8903738567832041,0.8903572190435611,0.8906492512959241,0.8906739010505283,0.8888131832404704,0.0020242357643805,0.886,0.0051829295678496,TEST,0.7,0.79757642356195,0.7390305694247801,False,0.38688710439300783,False,False,17.0,0.6,0.9007478172921728,False,0.75,0.0075,True,False,17.0,0.6,0.9007478172921728,False,0.7,0.01,True,False,17.0,0.6,0.9007478172921728,False,0.7,0.01
KGS_RUB,2025-12-27,0.888674,0.9333333333333332,0.890616,0.0021805132627305,0.8880163035186253,0.8883805750836354,0.888420888443307,0.8887071787910323,0.8885195101940038,0.8880163035186253,0.0007400874576894,0.886,0.0030089774202913,TEST,0.7,0.92599125423106,0.7903965016924239,False,0.35019367028814247,False,False,18.0,0.6,0.8492607792357376,False,0.75,0.0075,True,False,18.0,0.6,0.8492607792357376,False,0.7,0.01,True,False,18.0,0.6,0.8492607792357376,False,0.7,0.01
KGS_RUB,2025-12-30,0.886,0.9444444444444444,0.888674,0.0030089774202913,0.8856032978218193,0.8858610314896356,0.8857961666696444,0.8860330789567993,0.8859676090116784,0.8856032978218193,0.0004477451221,0.894861,0.0,TEST,0.75,0.95522548779,0.832090195116,False,0.29966934341048623,True,False,19.0,0.6,0.8022379010154543,True,0.75,0.0075,True,False,19.0,0.6,0.8022379010154543,True,0.7,0.01,True,False,19.0,0.6,0.8022379010154543,True,0.7,0.01
KGS_RUB,2025-12-31,0.894861,0.8555555555555556,0.886,-0.0100011286681715,0.8965164295577135,0.8950676670836256,0.8953146857471717,0.8948944097837025,0.8948231793229208,0.8948231793229208,4.2264303706662535e-05,0.890031,0.0053974863135168,TEST,0.5,0.9957735696293337,0.6983094278517334,False,0.4670949456778459,False,True,1.0,0.8,0.9126839146280271,False,0.75,0.0075,False,True,1.0,0.8,0.9126839146280271,False,0.7,0.01,False,True,1.0,0.8,0.9126839146280271,False,0.7,0.01
KGS_RUB,2026-01-13,0.900987,0.8111111111111111,0.886,-0.0169153498871331,0.901763167713423,0.9011591275881868,0.9015098218657386,0.9010206384989274,0.9009921440377784,0.9009921440377784,0.0,0.889178,0.0131067373891076,TEST,0.4,1.0,0.64,False,0.582843646669815,False,True,2.0,0.8,0.8969498826907584,False,0.75,0.0075,False,True,2.0,0.8,0.8969498826907584,False,0.7,0.01,False,True,2.0,0.8,0.8969498826907584,False,0.7,0.01
KGS_RUB,2026-01-14,0.901699,0.7888888888888889,0.886,-0.0177189616252821,0.901959554556434,0.9020104114709756,0.9019882240784118,0.9018683637034542,0.9017223962002564,0.9017223962002564,0.0,0.889178,0.0138860085239087,TEST,0.4,1.0,0.64,False,0.5962966461974493,False,True,3.0,0.8,0.8443025457106689,False,0.75,0.0075,False,True,3.0,0.8,0.8443025457106689,False,0.7,0.01,False,True,3.0,0.8,0.8443025457106689,False,0.7,0.01
KGS_RUB,2026-01-15,0.898486,0.8333333333333334,0.886,-0.0140925507900677,0.8979060853252715,0.8986022605929584,0.8983857508884417,0.8986547602142864,0.8984403935739863,0.8979060853252715,0.0006454354043674,0.886403,0.0134481783800748,TEST,0.55,0.93545645956326,0.704182583825304,False,0.5355880963627772,False,False,4.0,0.8,0.8224180390232001,False,0.75,0.0075,False,False,4.0,0.8,0.8224180390232001,False,0.7,0.01,False,False,4.0,0.8,0.8224180390232001,False,0.7,0.01
KGS_RUB,2026-01-16,0.897987,0.8333333333333334,0.886,-0.0135293453724604,0.8979366585237595,0.8981031960242997,0.8978874462708216,0.8981556664884554,0.8979376909833809,0.8978874462708216,0.0001108632187084,0.869505,0.0317176083840857,TEST,0.6,0.98891367812916,0.755565471251664,False,0.4396353317096056,False,False,5.0,0.8,0.7963172013539391,False,0.75,0.0075,False,False,5.0,0.8,0.7963172013539391,False,0.7,0.01,False,False,5.0,0.8,0.7963172013539391,False,0.7,0.01
KGS_RUB,2026-01-17,0.890031,0.9111111111111112,0.894861,0.0053974863135168,0.8880868699470458,0.88983701833622,0.889858784304603,0.8899923028333457,0.8900491563038885,0.8880868699470458,0.0021843397060936,0.86821,0.0245171235608647,TEST,0.85,0.78156602939064,0.8226264117562561,False,0.2618595401425608,True,False,6.0,0.8,0.762531677339816,True,0.75,0.0075,True,False,6.0,0.8,0.762531677339816,True,0.7,0.01,True,False,6.0,0.8,0.762531677339816,True,0.7,0.01
KGS_RUB,2026-01-20,0.889178,0.9111111111111112,0.890031,0.0009583935840436,0.8891680610922403,0.8890864950368139,0.8889024991343061,0.889139339920462,0.8891852218226767,0.8889024991343061,0.000309837699194,0.86821,0.0235813301723614,TEST,0.9,0.9690162300806,0.92760649203224,False,0.08574126534466513,True,True,1.0,0.8,0.762531677339816,False,0.75,0.0075,True,True,1.0,0.8,0.762531677339816,False,0.7,0.01,True,True,1.0,0.8,0.762531677339816,False,0.7,0.01
KGS_RUB,2026-01-21,0.889934,0.9,0.889178,-0.000850223464818,0.8904020755228641,0.8899765205521083,0.889826306285223,0.8898953070507551,0.8899412279628397,0.889826306285223,0.0001210131479155,0.86821,0.0244107990030721,TEST,0.85,0.98789868520845,0.90515947408338,False,0.10613786591123679,True,True,2.0,0.8,0.762531677339816,False,0.75,0.0075,True,True,2.0,0.8,0.762531677339816,False,0.7,0.01,True,True,2.0,0.8,0.762531677339816,False,0.7,0.01
KGS_RUB,2026-01-22,0.886403,0.9333333333333332,0.889178,0.0031208599403043,0.8853347951482735,0.8862098090564041,0.8861679048398134,0.8863644605731555,0.8864101992843796,0.8853347951482735,0.0012051006728615,0.86821,0.0205245243980446,TEST,0.95,0.87948993271385,0.92179597308554,False,0.01087279104276385,True,True,3.0,0.8,0.7968424837051904,False,0.75,0.0075,True,True,3.0,0.8,0.7968424837051904,False,0.7,0.01,True,True,3.0,0.8,0.7968424837051904,False,0.7,0.01
KGS_RUB,2026-01-23,0.869505,1.0,0.886403,0.019063563638661,0.8656492931913053,0.8691712750431552,0.8691702734617199,0.8694671952719717,0.8695427097297376,0.8656492931913053,0.004434369910115,0.86821,0.0014893531377047,TEST,1.0,0.5565630089885,0.8226252035954,True,-0.4450290031026583,True,False,4.0,0.8,0.8245191684282048,False,0.75,0.0075,True,False,4.0,0.8,0.8245191684282048,False,0.7,0.01,True,False,4.0,0.8,0.8245191684282048,False,0.7,0.01
KGS_RUB,2026-01-24,0.86821,1.0,0.869505,0.0014893531377047,0.8686465327828812,0.8680055652530416,0.8678824282693963,0.8681722515765621,0.8683052404557675,0.8678824282693963,0.0003772955052391,0.866011,0.0025327973646929,TEST,1.0,0.96227044947609,0.984908179790436,True,-0.024178491411499886,True,False,5.0,0.8,0.8245191684282048,True,0.75,0.0075,True,False,5.0,0.8,0.8245191684282048,True,0.7,0.01,True,False,5.0,0.8,0.8245191684282048,True,0.7,0.01
KGS_RUB,2026-01-27,0.869184,0.9888888888888888,0.86821,-0.0011218484007324,0.8698610205324565,0.8691102950615995,0.8691292436040987,0.8691462092285536,0.8689445620622351,0.8689445620622351,0.0002754743964049,0.866011,0.0036505504012959,TEST,0.95,0.97245256035951,0.9589810241438039,True,0.017755901923250744,True,True,1.0,0.8,0.8467040509094761,False,0.75,0.0075,True,True,1.0,0.8,0.8467040509094761,False,0.7,0.01,True,True,1.0,0.8,0.8467040509094761,False,0.7,0.01
KGS_RUB,2026-01-28,0.875389,0.9555555555555556,0.86821,-0.0082687368263437,0.876021645609934,0.8754873923320566,0.8755872688605385,0.875350939444783,0.8753262722751741,0.8753262722751741,7.165697173011158e-05,0.866011,0.0107129516135112,TEST,0.85,0.9928343028269888,0.9071337211307955,False,0.13087229969920586,True,True,2.0,0.8,0.908486773883812,False,0.75,0.0075,True,True,2.0,0.8,0.908486773883812,False,0.7,0.01,True,True,2.0,0.8,0.908486773883812,False,0.7,0.01
KGS_RUB,2026-01-29,0.872112,0.9555555555555556,0.86821,-0.0044943043733658,0.8714558232557491,0.8720660726941007,0.8720047295583219,0.8720740819236575,0.8721709657880918,0.8714558232557491,0.0007523996278584,0.866011,0.0069956611077476,TEST,0.85,0.92476003721416,0.879904014885664,False,0.07113298696563598,True,True,3.0,0.8,0.9100661715217444,False,0.75,0.0075,True,True,3.0,0.8,0.9100661715217444,False,0.7,0.01,True,True,3.0,0.8,0.9100661715217444,False,0.7,0.01
KGS_RUB,2026-01-30,0.869355,0.9777777777777776,0.86821,-0.0013188053581506,0.8686804547086953,0.8692990992573695,0.8692282670021448,0.8694480223249625,0.8693461057623869,0.8686804547086953,0.00077591466237,0.866011,0.003846529898603,TEST,0.9,0.922408533763,0.9089634135052,True,0.02954000154794648,True,False,4.0,0.8,0.9100661715217444,False,0.75,0.0075,True,False,4.0,0.8,0.9100661715217444,False,0.7,0.01,True,False,4.0,0.8,0.9100661715217444,False,0.7,0.01
KGS_RUB,2026-01-31,0.866011,1.0,0.86821,0.0025327973646929,0.8652452502057152,0.865822253479225,0.8658051775989586,0.8659733471856694,0.8660021399743378,0.8652452502057152,0.000884226406229,0.875384,0.0,TEST,1.0,0.9115773593771,0.96463094375084,True,-0.06566335214548248,True,False,5.0,0.8,0.9115299254212681,True,0.75,0.0075,True,False,5.0,0.8,0.9115299254212681,True,0.7,0.01,True,False,5.0,0.8,0.9115299254212681,True,0.7,0.01
KGS_RUB,2026-02-03,0.880758,0.8888888888888888,0.866011,-0.0170286520610016,0.8827826159729887,0.8810269299541101,0.8810730583180897,0.8809234304116196,0.8805823773321482,0.8805823773321482,0.0001993994580257,0.875384,0.0061015625177403,TEST,0.65,0.98006005419743,0.782024021678972,False,0.4132201300156928,False,True,1.0,0.8,0.92295807687488,False,0.75,0.0075,False,True,1.0,0.8,0.92295807687488,False,0.7,0.01,False,True,1.0,0.8,0.92295807687488,False,0.7,0.01
KGS_RUB,2026-02-04,0.880294,0.8888888888888888,0.866011,-0.016492862099904,0.8799858203196984,0.8803168610678741,0.8803243706295593,0.8803268659223439,0.8803362013938923,0.8799858203196984,0.0003500872212029,0.875384,0.0055776820016948,TEST,0.65,0.96499127787971,0.7759965111518841,False,0.4002185608607942,False,True,2.0,0.8,0.92295807687488,False,0.75,0.0075,False,True,2.0,0.8,0.92295807687488,False,0.7,0.01,False,True,2.0,0.8,0.92295807687488,False,0.7,0.01
KGS_RUB,2026-02-05,0.879476,0.9,0.866011,-0.015548301349521,0.87966614523046,0.8794988398245697,0.879546475822954,0.8795088353821784,0.879520686530029,0.8794988398245697,0.0,0.875384,0.0046527705133511,TEST,0.65,1.0,0.79,False,0.3772976911006512,False,True,3.0,0.8,0.92295807687488,False,0.75,0.0075,False,True,3.0,0.8,0.92295807687488,False,0.7,0.01,False,True,3.0,0.8,0.92295807687488,False,0.7,0.01
KGS_RUB,2026-02-06,0.875384,0.9222222222222224,0.866011,-0.0108231881581181,0.8742320094749525,0.8751932106401166,0.8751977821889267,0.8753459396621753,0.8754639600852209,0.8742320094749525,0.0013159830714835,0.881121,0.0,TEST,0.7,0.86840169285165,0.76736067714066,False,0.2626373010535772,False,False,4.0,0.8,0.92295807687488,False,0.75,0.0075,True,False,4.0,0.8,0.92295807687488,False,0.7,0.01,True,False,4.0,0.8,0.92295807687488,False,0.7,0.01
KGS_RUB,2026-02-07,0.881121,0.8444444444444444,0.866011,-0.0174478153279809,0.8826486907290856,0.8814156436110488,0.8816110635175236,0.8812864985929355,0.8811975089079048,0.8811975089079048,0.0,0.882653,0.0,TEST,0.44999999999999996,1.0,0.6699999999999999,False,0.42339161622954624,False,False,5.0,0.8,0.92295807687488,False,0.75,0.0075,False,False,5.0,0.8,0.92295807687488,False,0.7,0.01,False,False,5.0,0.8,0.92295807687488,False,0.7,0.01
KGS_RUB,2026-02-10,0.887938,0.7888888888888889,0.875384,-0.0143411348619576,0.8889056765993956,0.8882441203145888,0.8885876187222255,0.888104779011752,0.8882372439586264,0.888104779011752,0.0,0.876159,0.0132655658390563,TEST,0.35,1.0,0.61,False,0.6144082044384667,False,False,6.0,0.8,0.92295807687488,False,0.75,0.0075,False,False,6.0,0.8,0.92295807687488,False,0.7,0.01,False,False,6.0,0.8,0.92295807687488,False,0.7,0.01
KGS_RUB,2026-02-11,0.882894,0.8333333333333334,0.875384,-0.008579092146989,0.88225619062252,0.883006034612363,0.8829170924133227,0.8829974885062084,0.8829143741719572,0.88225619062252,0.0007224076474411,0.876159,0.0076283223127577,TEST,0.4,0.92775923525589,0.611103694102356,False,0.473072181125307,False,False,7.0,0.7,0.9076826288431169,False,0.75,0.0075,False,False,7.0,0.7,0.9076826288431169,False,0.7,0.01,False,False,7.0,0.7,0.9076826288431169,False,0.7,0.01
KGS_RUB,2026-02-12,0.885818,0.8,0.875384,-0.0119193405408368,0.8870044119703231,0.8861106626377248,0.8862807044817241,0.885984380817841,0.8859661805990299,0.8859661805990299,0.0,0.870811,0.0169414033130959,TEST,0.35,1.0,0.61,False,0.6099153194765204,False,False,8.0,0.7,0.9076826288431169,False,0.75,0.0075,False,False,8.0,0.7,0.9076826288431169,False,0.7,0.01,False,False,8.0,0.7,0.9076826288431169,False,0.7,0.01
KGS_RUB,2026-02-13,0.882653,0.8333333333333334,0.875384,-0.0083037843963334,0.8818742091196838,0.882665648117941,0.8824601522715314,0.8828187863443844,0.8826697040783354,0.8818742091196838,0.0008823296134677,0.870811,0.0134163708728118,TEST,0.4,0.9117670386532299,0.604706815461292,False,0.5204528396297237,False,False,9.0,0.7,0.9076826288431169,False,0.75,0.0075,False,False,9.0,0.7,0.9076826288431169,False,0.7,0.01,False,False,9.0,0.7,0.9076826288431169,False,0.7,0.01
KGS_RUB,2026-02-14,0.882726,0.8222222222222222,0.881121,-0.0018215432386697,0.8830083862010978,0.8827397840013287,0.8828030111037862,0.8827589567214669,0.8827452390659294,0.8827397840013287,0.0,0.870811,0.0134979597292931,TEST,0.35,1.0,0.61,False,0.6958784346378021,False,False,10.0,0.7,0.9076826288431169,False,0.75,0.0075,False,False,10.0,0.7,0.9076826288431169,False,0.7,0.01,False,False,10.0,0.7,0.9076826288431169,False,0.7,0.01
KGS_RUB,2026-02-17,0.876159,0.9,0.882653,0.0073573646721871,0.8746166759543739,0.8760369244538605,0.8758939717051756,0.876120905966378,0.876196444319152,0.8746166759543739,0.0017603243767696,0.870811,0.006103914928683,TEST,0.6,0.82396756232304,0.689587024929216,False,0.42419429001379566,False,False,11.0,0.7,0.9076826288431169,False,0.75,0.0075,False,False,11.0,0.7,0.9076826288431169,False,0.7,0.01,False,False,11.0,0.7,0.9076826288431169,False,0.7,0.01
KGS_RUB,2026-02-18,0.877517,0.8888888888888888,0.876159,-0.0015499469845084,0.8778488265003742,0.8776279351002846,0.8776580808940349,0.8774788469226454,0.8776047354762863,0.8774788469226454,4.347844811502503e-05,0.870811,0.0076420171916897,TEST,0.55,0.9956521551884975,0.728260862075399,False,0.48095974585127294,False,False,12.0,0.6,0.8455367281115057,False,0.75,0.0075,False,False,12.0,0.6,0.8455367281115057,False,0.7,0.01,False,False,12.0,0.6,0.8455367281115057,False,0.7,0.01
KGS_RUB,2026-02-19,0.870811,0.9333333333333332,0.876159,0.006103914928683,0.8689863853610369,0.8706212073224214,0.8705099301213032,0.8707731384891185,0.8708482157622133,0.8689863853610369,0.0020953049961049,0.874417,0.0,TEST,0.75,0.79046950038951,0.766187800155804,False,0.21890819537556527,True,False,13.0,0.6,0.80305008143816,False,0.75,0.0075,True,False,13.0,0.6,0.80305008143816,False,0.7,0.01,True,False,13.0,0.6,0.80305008143816,False,0.7,0.01
KGS_RUB,2026-02-20,0.876392,0.8777777777777778,0.870811,-0.00640896819172,0.8769452906725068,0.8764808457865154,0.8763422655393758,0.8763538958358995,0.8761756529635994,0.8761756529635994,0.000246861035245,0.874417,0.0022535577686696,TEST,0.5,0.9753138964755,0.6901255585902,False,0.4734345783736927,False,False,14.0,0.6,0.7852144130073833,False,0.75,0.0075,False,False,14.0,0.6,0.7852144130073833,False,0.7,0.01,False,False,14.0,0.6,0.7852144130073833,False,0.7,0.01
KGS_RUB,2026-02-21,0.877666,0.8555555555555556,0.870811,-0.0078719722190003,0.877381705032927,0.8777419339439699,0.8778433416307171,0.8776278404443566,0.8777537503735314,0.877381705032927,0.0003239215909844,0.874417,0.0037018638069606,TEST,0.44999999999999996,0.96760784090156,0.657043136360624,False,0.5315364618962902,False,False,15.0,0.6,0.7784075153627192,False,0.75,0.0075,False,False,15.0,0.6,0.7784075153627192,False,0.7,0.01,False,False,15.0,0.6,0.7784075153627192,False,0.7,0.01
KGS_RUB,2026-02-25,0.87632,0.8777777777777778,0.870811,-0.0063262866454373,0.8761636580187581,0.8763427578638494,0.8762931003958847,0.8762818989663478,0.876243828201056,0.8761636580187581,0.0001784074096698,0.874417,0.0021715811575679,TEST,0.6,0.98215925903302,0.752863703613208,False,0.470150955443061,False,False,16.0,0.6,0.7708150107451497,False,0.75,0.0075,False,False,16.0,0.6,0.7708150107451497,False,0.7,0.01,False,False,16.0,0.6,0.7708150107451497,False,0.7,0.01
KGS_RUB,2026-02-26,0.874417,0.9111111111111112,0.870811,-0.0041409674429927,0.8740394115696464,0.8743270140856,0.8743766051593698,0.8743789817058346,0.8744080539738417,0.8740394115696464,0.0004318173484202,0.881896,0.0,TEST,0.8,0.95681826515798,0.8627273060631919,False,0.38336297715145773,True,False,17.0,0.6,0.7666569509497464,True,0.75,0.0075,True,False,17.0,0.6,0.7666569509497464,True,0.7,0.01,True,False,17.0,0.6,0.7666569509497464,True,0.7,0.01
KGS_RUB,2026-02-27,0.881896,0.7555555555555555,0.870811,-0.0127295130631101,0.8835273215054157,0.8822352351714006,0.8824340282345969,0.8820616441591057,0.8821334339278308,0.8820616441591057,0.0,0.882534,0.0,TEST,0.25,1.0,0.55,False,0.7244493090710091,False,True,1.0,0.8,0.8045454612126385,False,0.75,0.0075,False,True,1.0,0.8,0.8045454612126385,False,0.7,0.01,False,True,1.0,0.8,0.8045454612126385,False,0.7,0.01
KGS_RUB,2026-02-28,0.883632,0.7,0.874417,-0.010538450190241,0.8837660388995697,0.8838886751776336,0.8839922520354944,0.8837979702273271,0.8836549274194879,0.8836549274194879,0.0,0.882534,0.0012425987288825,TEST,0.09999999999999998,1.0,0.46,False,0.8036211063985029,False,True,2.0,0.8,0.7836192173431776,False,0.75,0.0075,False,True,2.0,0.8,0.7836192173431776,False,0.7,0.01,False,True,2.0,0.8,0.7836192173431776,False,0.7,0.01
KGS_RUB,2026-03-03,0.882534,0.7444444444444445,0.874417,-0.0092827563965476,0.881728019649972,0.8824591238357424,0.8825917842586951,0.8825661198500447,0.8824321407854271,0.881728019649972,0.0009132569963627,0.887476,0.0,TEST,0.30000000000000004,0.90867430036373,0.543469720145492,False,0.7535458567063458,False,True,3.0,0.8,0.7772020132573016,False,0.75,0.0075,False,True,3.0,0.8,0.7772020132573016,False,0.7,0.01,False,True,3.0,0.8,0.7772020132573016,False,0.7,0.01
KGS_RUB,2026-03-04,0.887476,0.6333333333333333,0.874417,-0.0149345220872879,0.8882244307955557,0.8875412220924784,0.8878672279335961,0.8872784494717243,0.8877282875317569,0.8872784494717243,0.000222598164092,0.889662,0.0,TEST,0.050000000000000044,0.9777401835908,0.42109607343632005,False,0.973025048169559,False,False,4.0,0.8,0.7690878439429049,False,0.75,0.0075,False,False,4.0,0.8,0.7690878439429049,False,0.7,0.01,False,False,4.0,0.8,0.7690878439429049,False,0.7,0.01
KGS_RUB,2026-03-05,0.889662,0.5777777777777777,0.874417,-0.0174344734834752,0.8903094782108292,0.8898757081718998,0.890103566524468,0.8898291028260455,0.8899647474653756,0.8898291028260455,0.0,0.894178,0.0,TEST,0.0,1.0,0.4,False,1.1006597769603519,False,False,5.0,0.8,0.7664223755527753,False,0.75,0.0075,False,False,5.0,0.8,0.7664223755527753,False,0.7,0.01,False,False,5.0,0.8,0.7664223755527753,False,0.7,0.01
KGS_RUB,2026-03-06,0.894178,0.5111111111111111,0.881896,-0.0139268122318278,0.895466068182614,0.8944390865305618,0.8948687458242756,0.8942828111613675,0.8945480869376042,0.8942828111613675,0.0,0.900396,0.0,TEST,0.0,1.0,0.4,False,1.2395628879104603,False,False,6.0,0.8,0.7555285229217272,False,0.75,0.0075,False,False,6.0,0.8,0.7555285229217272,False,0.7,0.01,False,False,6.0,0.8,0.7555285229217272,False,0.7,0.01
KGS_RUB,2026-03-07,0.905089,0.3444444444444444,0.882534,-0.0255570890186666,0.9071344619630248,0.9055642449802378,0.9057340023215088,0.9052590004380572,0.9053940240166196,0.9052590004380572,0.0,0.900396,0.0051851254407025,TEST,0.0,1.0,0.4,False,1.4669405571960454,False,False,7.0,0.7,0.6897485850275111,False,0.75,0.0075,False,False,7.0,0.7,0.6897485850275111,False,0.7,0.01,False,False,7.0,0.7,0.6897485850275111,False,0.7,0.01
KGS_RUB,2026-03-11,0.900396,0.4111111111111111,0.882534,-0.0202394468655031,0.9002328062918654,0.9006270609607991,0.900547313723835,0.9005651189644608,0.900419248896848,0.9002328062918654,0.0001812465938704,0.904141,0.0,TEST,0.050000000000000044,0.98187534061296,0.42275013624518404,False,0.8630900285897645,False,False,8.0,0.7,0.6758761074787647,False,0.75,0.0075,False,False,8.0,0.7,0.6758761074787647,False,0.7,0.01,False,False,8.0,0.7,0.6758761074787647,False,0.7,0.01
KGS_RUB,2026-03-12,0.904151,0.3333333333333333,0.887476,-0.0187892404977712,0.9058471831411912,0.9045193192253584,0.904679111768504,0.9043208242560344,0.9043022473632208,0.9043022473632208,0.0,0.904141,1.1060099474607133e-05,TEST,0.050000000000000044,1.0,0.43000000000000005,False,0.9726355096563395,False,False,9.0,0.7,0.6668063029312015,False,0.75,0.0075,False,False,9.0,0.7,0.6668063029312015,False,0.7,0.01,False,False,9.0,0.7,0.6668063029312015,False,0.7,0.01
KGS_RUB,2026-03-13,0.904141,0.3333333333333333,0.889662,-0.0162747200622259,0.903831541142169,0.9042748405413614,0.904237666503427,0.9043108223777612,0.9041778961159482,0.903831541142169,0.0003422683606107,0.917389,0.0,TEST,0.09999999999999998,0.96577316393893,0.446309265575572,False,0.972343777349902,False,False,10.0,0.7,0.6668063029312015,False,0.75,0.0075,False,False,10.0,0.7,0.6668063029312015,False,0.7,0.01,False,False,10.0,0.7,0.6668063029312015,False,0.7,0.01
KGS_RUB,2026-03-14,0.917389,0.2111111111111111,0.894178,-0.0259579188931062,0.919315619150932,0.917834538123209,0.9180228436061584,0.91756131071405,0.917026846389574,0.917026846389574,0.0003947655906338,0.926835,0.0,TEST,0.0,0.96052344093662,0.384209376374648,False,1.358830736915805,False,False,11.0,0.7,0.6668063029312015,False,0.75,0.0075,False,False,11.0,0.7,0.6668063029312015,False,0.7,0.01,False,False,11.0,0.7,0.6668063029312015,False,0.7,0.01
KGS_RUB,2026-03-17,0.926835,0.0888888888888889,0.900396,-0.0293637466181546,0.9283556520705358,0.927290755243528,0.9278017560515812,0.9270090849308816,0.9268138898968018,0.9268138898968018,2.2776549437778125e-05,0.936264,0.0,TEST,0.0,0.9977223450562221,0.3990889380224889,False,1.2027996049637157,False,False,12.0,0.6,0.6068240892767752,False,0.75,0.0075,False,False,12.0,0.6,0.6068240892767752,False,0.7,0.01,False,False,12.0,0.6,0.6068240892767752,False,0.7,0.01
KGS_RUB,2026-03-18,0.936653,0.0,0.900396,-0.0402678377069644,0.938465091232655,0.9371448186349348,0.9376415549276798,0.9368289290194748,0.937036238195096,0.9368289290194748,0.0,0.925807,0.0115795283845777,TEST,0.0,1.0,0.4,False,1.1752463230044268,False,False,13.0,0.6,0.5740000000000001,False,0.75,0.0075,False,False,13.0,0.6,0.5740000000000001,False,0.7,0.01,False,False,13.0,0.6,0.5740000000000001,False,0.7,0.01
KGS_RUB,2026-03-19,0.950553,0.0,0.904141,-0.0513327014259944,0.9530873191505372,0.95105211725996,0.9512942833496708,0.950731539819174,0.9509821334101446,0.950731539819174,0.0,0.923041,0.0289431520388657,TEST,0.0,1.0,0.4,False,1.2111114486194228,False,False,14.0,0.6,0.5460818320872952,False,0.75,0.0075,False,False,14.0,0.6,0.5460818320872952,False,0.7,0.01,False,False,14.0,0.6,0.5460818320872952,False,0.7,0.01
KGS_RUB,2026-03-20,0.970154,0.0,0.904141,-0.073011842179483,0.9709515805002166,0.9706634093714072,0.9703932554697888,0.9703362214224048,0.9705845903289856,0.9703362214224048,0.0,0.923041,0.0485623931870609,TEST,0.0,1.0,0.4,False,1.2458052218404352,False,False,15.0,0.6,0.49338788805819683,False,0.75,0.0075,False,False,15.0,0.6,0.49338788805819683,False,0.7,0.01,False,False,15.0,0.6,0.49338788805819683,False,0.7,0.01
KGS_RUB,2026-03-21,0.960551,0.011111111111111,0.917389,-0.0470487437717261,0.9596569261999364,0.9605377836622004,0.9600603347278202,0.9607314177166846,0.9605216585766094,0.9596569261999364,0.0009307926388746,0.923041,0.039050503304874,TEST,0.050000000000000044,0.90692073611254,0.39276829444501604,False,0.903334910361073,False,False,16.0,0.6,0.4517855593453432,False,0.75,0.0075,False,False,16.0,0.6,0.4517855593453432,False,0.7,0.01,False,False,16.0,0.6,0.4517855593453432,False,0.7,0.01
KGS_RUB,2026-03-24,0.936264,0.0444444444444444,0.926835,-0.0101733318228163,0.9351004850013253,0.9363494651691484,0.9356996616287924,0.9364398559546488,0.936112718771699,0.9351004850013253,0.00124272106871,0.923041,0.0141231532986422,TEST,0.19999999999999996,0.875727893129,0.4702911572516,False,0.6460093798635848,False,False,17.0,0.6,0.43652370623022885,False,0.75,0.0075,False,False,17.0,0.6,0.43652370623022885,False,0.7,0.01,False,False,17.0,0.6,0.43652370623022885,False,0.7,0.01
KGS_RUB,2026-03-25,0.925807,0.1666666666666666,0.936264,0.01116885835619,0.9238539422406876,0.925749290289743,0.9257450642824736,0.92584156515774,0.925581657332515,0.9238539422406876,0.0021095733336563,0.923041,0.0029876637355302,TEST,0.30000000000000004,0.78904266663437,0.49561706665374805,False,0.53678306193008,False,False,18.0,0.6,0.43652370623022885,False,0.75,0.0075,False,False,18.0,0.6,0.43652370623022885,False,0.7,0.01,False,False,18.0,0.6,0.43652370623022885,False,0.7,0.01
KGS_RUB,2026-03-26,0.923041,0.2111111111111111,0.925807,0.0029876637355302,0.9232886744595604,0.9229672907270646,0.92316355703736,0.9230754618886716,0.9228517132356956,0.9228517132356956,0.0002050686419177,0.921937,0.0011960465461447,TEST,0.35,0.97949313580823,0.601797254323292,False,0.5078914108442923,False,False,19.0,0.6,0.43652370623022885,False,0.75,0.0075,False,False,19.0,0.6,0.43652370623022885,False,0.7,0.01,False,False,19.0,0.6,0.43652370623022885,False,0.7,0.01
KGS_RUB,2026-03-27,0.939181,0.0333333333333333,0.923041,-0.0174856804843989,0.9411770693477391,0.9393439880635174,0.9398522926809332,0.9392160644782458,0.9387691363907862,0.9387691363907862,0.0004385348609201,0.918631,0.0218807663272575,TEST,0.15000000000000002,0.95614651390799,0.472458605563196,False,0.676478268589992,False,False,20.0,0.6,0.43652370623022885,False,0.75,0.0075,False,False,20.0,0.6,0.43652370623022885,False,0.7,0.01,False,False,20.0,0.6,0.43652370623022885,False,0.7,0.01
KGS_RUB,2026-03-28,0.927894,0.0999999999999999,0.923041,-0.0052576212757613,0.9247300476151418,0.927464123523696,0.92762044866044,0.9279286430762308,0.9277143847359898,0.9247300476151418,0.0034098209330572,0.911713,0.0174384143016335,TEST,0.30000000000000004,0.6590179066942801,0.44360716267771205,False,0.521176550567654,False,False,21.0,0.6,0.43652370623022885,False,0.75,0.0075,False,False,21.0,0.6,0.43652370623022885,False,0.7,0.01,False,False,21.0,0.6,0.43652370623022885,False,0.7,0.01
KGS_RUB,2026-03-31,0.929623,0.0777777777777777,0.923041,-0.0071307775060912,0.9305029896724832,0.9298121184551488,0.9299733241476972,0.929657707628732,0.9296888547991295,0.929657707628732,0.0,0.90026,0.0315859224653435,TEST,0.30000000000000004,1.0,0.5800000000000001,False,0.5374229627938825,False,False,22.0,0.6,0.4354428650710849,False,0.75,0.0075,False,False,22.0,0.6,0.4354428650710849,False,0.7,0.01,False,False,22.0,0.6,0.4354428650710849,False,0.7,0.01
KGS_RUB,2026-04-01,0.929107,0.0999999999999999,0.923041,-0.0065717557508279,0.928931109539405,0.9291559854331768,0.9292743964956354,0.9291416883637866,0.9291378335894052,0.928931109539405,0.0001893113070883,0.90026,0.0310480924156206,TEST,0.35,0.98106886929117,0.602427547716468,False,0.5315338963706918,False,False,23.0,0.6,0.4354428650710849,False,0.75,0.0075,False,False,23.0,0.6,0.4354428650710849,False,0.7,0.01,False,False,23.0,0.6,0.4354428650710849,False,0.7,0.01
KGS_RUB,2026-04-02,0.921937,0.2111111111111111,0.923041,0.0011960465461447,0.920744008802324,0.921879531524232,0.921908364225188,0.9219714206706486,0.9220438656223398,0.920744008802324,0.0012940051193042,0.895418,0.0287644383509935,TEST,0.6,0.87059948806958,0.708239795227832,False,0.41680979220590725,False,False,24.0,0.6,0.4354428650710849,False,0.75,0.0075,False,False,24.0,0.6,0.4354428650710849,False,0.7,0.01,False,False,24.0,0.6,0.4354428650710849,False,0.7,0.01
KGS_RUB,2026-04-03,0.918631,0.2333333333333332,0.921937,0.0035859283226511,0.917589513077306,0.9183984010820144,0.9184809319908244,0.9186652972405908,0.9186473271779482,0.917589513077306,0.0011337380544462,0.890085,0.0310745010782348,TEST,0.65,0.88662619455538,0.7446504778221521,False,0.3598991204094819,False,False,25.0,0.6,0.444688003836856,False,0.75,0.0075,False,False,25.0,0.6,0.444688003836856,False,0.7,0.01,False,False,25.0,0.6,0.444688003836856,False,0.7,0.01
KGS_RUB,2026-04-04,0.911713,0.2666666666666667,0.918631,0.0075307713325589,0.910510411796124,0.9116561688320918,0.9114960098366848,0.9116733601336336,0.9117204048498928,0.910510411796124,0.0013190425099521,0.880188,0.0345777673456449,TEST,0.75,0.86809574900479,0.7972382996019161,False,0.2307965673370536,True,False,26.0,0.6,0.4559020222459832,True,0.75,0.0075,True,False,26.0,0.6,0.4559020222459832,True,0.7,0.01,True,False,26.0,0.6,0.4559020222459832,True,0.7,0.01
KGS_RUB,2026-04-07,0.90026,0.4111111111111111,0.911713,0.01256206722949,0.8984910919249621,0.9000137682647623,0.9000090372900448,0.9002208580922999,0.9001616268630908,0.8984910919249621,0.001964885783038,0.871914,0.0314864594672649,TEST,1.0,0.8035114216962,0.92140456867848,False,-0.0019495971788185587,True,True,1.0,0.8,0.6019233130019273,False,0.75,0.0075,True,True,1.0,0.8,0.6019233130019273,False,0.7,0.01,True,True,1.0,0.8,0.6019233130019273,False,0.7,0.01
KGS_RUB,2026-04-08,0.90051,0.3888888888888888,0.90026,-0.00027769755404,0.9010821822321928,0.9004032112447339,0.9003122245256977,0.900470847222688,0.9005258637784378,0.9003122245256977,0.0002196260722283,0.867389,0.0367802689587012,TEST,0.9,0.97803739277717,0.9312149571108681,False,0.0035768449366195016,True,True,2.0,0.8,0.6235899972187409,False,0.75,0.0075,True,True,2.0,0.8,0.6235899972187409,False,0.7,0.01,True,True,2.0,0.8,0.6235899972187409,False,0.7,0.01
KGS_RUB,2026-04-09,0.895418,0.4666666666666667,0.90026,0.0053784462266455,0.8944160221356199,0.8952071586686954,0.8952040601242407,0.8953790686149458,0.895425272503388,0.8944160221356199,0.001119005720658,0.860316,0.0392018029568314,TEST,1.0,0.8880994279342,0.95523977117368,False,-0.06927633273242197,True,True,3.0,0.8,0.7155219317466961,False,0.75,0.0075,True,True,3.0,0.8,0.7155219317466961,False,0.7,0.01,True,True,3.0,0.8,0.7155219317466961,False,0.7,0.01
KGS_RUB,2026-04-10,0.890085,0.5444444444444445,0.895418,0.0059558775901311,0.8883608335745717,0.8897730328576372,0.8897627450521249,0.8900463004855096,0.8901006801270733,0.8883608335745717,0.0019370806444646,0.860316,0.0334451204098485,TEST,1.0,0.8062919355535401,0.922516774221416,False,-0.07135784628559247,True,False,4.0,0.8,0.755168042178105,True,0.75,0.0075,True,False,4.0,0.8,0.755168042178105,True,0.7,0.01,True,False,4.0,0.8,0.755168042178105,True,0.7,0.01
KGS_RUB,2026-04-11,0.880188,0.7888888888888889,0.890085,0.0111191627765888,0.878188826307077,0.8798795016710741,0.8798711177812072,0.8801497307917105,0.8800918201690291,0.878188826307077,0.0022713030544872,0.860316,0.0225769949147227,TEST,1.0,0.77286969455128,0.909147877820512,False,-0.12360588991994469,True,True,1.0,0.8,0.8220715534172289,False,0.75,0.0075,True,True,1.0,0.8,0.8220715534172289,False,0.7,0.01,True,True,1.0,0.8,0.8220715534172289,False,0.7,0.01
KGS_RUB,2026-04-14,0.871914,0.9222222222222224,0.880188,0.00940026448895,0.8706209259221525,0.8716084016369603,0.8715563685325706,0.8718760905323902,0.8720485042408983,0.8706209259221525,0.0014830293788693,0.860316,0.0133017705874661,TEST,1.0,0.85169706211307,0.940678824845228,False,-0.09196807682902434,True,True,2.0,0.8,0.9115992159921056,False,0.75,0.0075,True,True,2.0,0.8,0.9115992159921056,False,0.7,0.01,True,True,2.0,0.8,0.9115992159921056,False,0.7,0.01
KGS_RUB,2026-04-15,0.867389,0.9888888888888888,0.871914,0.0051897320148546,0.8671175880651105,0.8671847585713945,0.8669917938196855,0.8673512872723679,0.8675228061999332,0.8669917938196855,0.0004579331537689,0.852956,0.0166395930776156,TEST,1.0,0.95420668462311,0.981682673849244,False,-0.04606066775244301,True,True,3.0,0.8,0.9216270097870671,False,0.75,0.0075,True,True,3.0,0.8,0.9216270097870671,False,0.7,0.01,True,True,3.0,0.8,0.9216270097870671,False,0.7,0.01
KGS_RUB,2026-04-16,0.860316,1.0,0.867389,0.0081543575028043,0.8587790770106682,0.8603660624192848,0.8600314685652942,0.8602785947954315,0.8604487150963428,0.8587790770106682,0.0017864633336259,0.852956,0.0085549960712109,TEST,1.0,0.8213536666374099,0.928541466654964,False,-0.06882693524059744,True,False,4.0,0.8,0.9242564107993064,True,0.75,0.0075,True,False,4.0,0.8,0.9242564107993064,True,0.7,0.01,True,False,4.0,0.8,0.9242564107993064,True,0.7,0.01
KGS_RUB,2026-04-17,0.870053,0.9222222222222224,0.860316,-0.0113179343404051,0.8719871478165189,0.8700948427568599,0.8703707702316602,0.8700151714457821,0.8699945376757355,0.8699945376757355,6.719398044076624e-05,0.852956,0.0196505270368585,TEST,0.9,0.9932806019559234,0.9373122407823694,False,0.088648737231195,True,True,1.0,0.8,0.9290761647461447,False,0.75,0.0075,True,True,1.0,0.8,0.9290761647461447,False,0.7,0.01,True,True,1.0,0.8,0.9290761647461447,False,0.7,0.01
KGS_RUB,2026-04-18,0.86968,0.9222222222222224,0.860316,-0.0108843727188614,0.8691206949406185,0.8695905015684332,0.8696148979860425,0.8696421876632433,0.8697388013541697,0.8691206949406185,0.0006431159269863,0.852956,0.0192300616318645,TEST,0.9,0.93568840730137,0.914275362920548,False,0.09342046191450125,True,True,2.0,0.8,0.9324344138451683,False,0.75,0.0075,True,True,2.0,0.8,0.9324344138451683,False,0.7,0.01,True,True,2.0,0.8,0.9324344138451683,False,0.7,0.01
KGS_RUB,2026-04-21,0.860343,0.9888888888888888,0.860316,-3.1383817109061376e-05,0.8580673030273971,0.8601554888160508,0.8600251506415281,0.8603055936215134,0.8603579799155519,0.8580673030273971,0.0026451043044493,0.852956,0.0085861104234008,TEST,0.95,0.73548956955507,0.864195827822028,False,0.0003423571926710102,True,True,3.0,0.8,0.9324344138451683,False,0.75,0.0075,True,True,3.0,0.8,0.9324344138451683,False,0.7,0.01,True,True,3.0,0.8,0.9324344138451683,False,0.7,0.01
KGS_RUB,2026-04-22,0.852956,1.0,0.860316,0.0085549960712109,0.8515592763723996,0.8527700988077819,0.8525943204281905,0.8529189147968096,0.8530495671302907,0.8515592763723996,0.0016375095873649,0.854341,0.0,TEST,1.0,0.83624904126351,0.934499616505404,True,-0.09332403474291404,True,False,4.0,0.8,0.9324344138451683,True,0.75,0.0075,True,False,4.0,0.8,0.9324344138451683,True,0.7,0.01,True,False,4.0,0.8,0.9324344138451683,True,0.7,0.01
KGS_RUB,2026-04-23,0.857849,0.9888888888888888,0.852956,-0.0057365209928764,0.8586041281686975,0.8579365374611104,0.8580138398786237,0.8578117020567629,0.8579048135189078,0.8578117020567629,4.347844811503624e-05,0.854341,0.0040892977668563,TEST,0.95,0.9956521551884964,0.9682608620753985,True,0.05674688315453668,True,True,1.0,0.8,0.9350621413607971,False,0.75,0.0075,True,True,1.0,0.8,0.9350621413607971,False,0.7,0.01,True,True,1.0,0.8,0.9350621413607971,False,0.7,0.01
KGS_RUB,2026-04-24,0.856085,0.9888888888888888,0.852956,-0.0036684190040282,0.8549595255202861,0.8558698892740777,0.8557563881180519,0.8560477787527454,0.8561356803804454,0.8549595255202861,0.0013146760890728,0.854341,0.0020371808874118,TEST,0.95,0.8685323910927201,0.917412956437088,True,0.03628877935633445,True,True,2.0,0.8,0.9379855575949412,False,0.75,0.0075,True,True,2.0,0.8,0.9379855575949412,False,0.7,0.01,True,True,2.0,0.8,0.9379855575949412,False,0.7,0.01
KGS_RUB,2026-04-25,0.864125,0.9444444444444444,0.852956,-0.013094462082452,0.8657565457640009,0.8643245686409823,0.8644588024242371,0.8640874291860227,0.864013756444089,0.864013756444089,0.0001287354907115,0.854341,0.0113224359901634,TEST,0.75,0.98712645092885,0.84485058037154,False,0.14568197529575952,True,True,3.0,0.8,0.9379855575949412,False,0.75,0.0075,True,True,3.0,0.8,0.9379855575949412,False,0.7,0.01,True,True,3.0,0.8,0.9379855575949412,False,0.7,0.01
KGS_RUB,2026-04-28,0.855627,0.9888888888888888,0.852956,-0.0031314628187151,0.8538808656129586,0.8556961889510407,0.855430008217165,0.8555897986658747,0.8557313663498128,0.8538808656129586,0.0020407658793392,0.854341,0.0015029913735775,TEST,0.95,0.79592341206608,0.8883693648264319,True,0.0348389789609608,True,False,4.0,0.8,0.9379855575949412,False,0.75,0.0075,True,False,4.0,0.8,0.9379855575949412,False,0.7,0.01,True,False,4.0,0.8,0.9379855575949412,False,0.7,0.01
KGS_RUB,2026-04-29,0.854341,0.9888888888888888,0.852956,-0.0016237648835344,0.854194237958908,0.8542530800989753,0.8542567596798634,0.854303854579159,0.854419037957248,0.854194237958908,0.000171783914259,0.855651,0.0,TEST,0.95,0.9828216085741,0.96312864342964,True,0.01818754842352655,True,False,5.0,0.8,0.9379855575949412,True,0.75,0.0075,True,False,5.0,0.8,0.9379855575949412,True,0.7,0.01,True,False,5.0,0.8,0.9379855575949412,True,0.7,0.01
KGS_RUB,2026-04-30,0.85647,0.9555555555555556,0.854341,-0.0024919791980016,0.8569821991698933,0.8565109216607795,0.8564406123780566,0.8564327620135429,0.8564612375868449,0.8564327620135429,4.34784481149958e-05,0.853586,0.0033673100050206,TEST,0.8,0.9956521551885004,0.8782608620754002,False,0.050941563618966214,True,True,1.0,0.8,0.9435910141109184,False,0.75,0.0075,True,True,1.0,0.8,0.9435910141109184,False,0.7,0.01,True,True,1.0,0.8,0.9435910141109184,False,0.7,0.01
KGS_RUB,2026-05-01,0.855651,0.9666666666666668,0.854341,-0.0015333455844914,0.8556087789355389,0.8555629452873833,0.855560681539019,0.855613797622392,0.8556422459659083,0.855560681539019,0.0001055552567355,0.849873,0.006752753166887,TEST,0.85,0.98944447432645,0.9057777897305801,False,0.04103540159878197,True,True,2.0,0.8,0.9435910141109184,False,0.75,0.0075,True,True,2.0,0.8,0.9435910141109184,False,0.7,0.01,True,True,2.0,0.8,0.9435910141109184,False,0.7,0.01
KGS_RUB,2026-05-05,0.862942,0.9,0.854341,-0.0100674086810769,0.8636356415802867,0.8630995507317903,0.8628499581990721,0.8629289157761484,0.8627539282531516,0.8627539282531516,0.0002179425116038,0.843771,0.0222158615526882,TEST,0.55,0.97820574883962,0.7212822995358481,False,0.16995421822080686,False,True,3.0,0.8,0.9435910141109184,False,0.75,0.0075,False,True,3.0,0.8,0.9435910141109184,False,0.7,0.01,False,True,3.0,0.8,0.9435910141109184,False,0.7,0.01
KGS_RUB,2026-05-06,0.861866,0.9,0.854341,-0.0088079584147313,0.8616136910672949,0.8618745298193138,0.8619086387438493,0.8618973676375965,0.8617886111121527,0.8616136910672949,0.000292747286359,0.838674,0.0269090554680193,TEST,0.55,0.9707252713641,0.7182901085456401,False,0.18736594187660294,False,False,4.0,0.8,0.9435910141109184,False,0.75,0.0075,False,False,4.0,0.8,0.9435910141109184,False,0.7,0.01,False,False,4.0,0.8,0.9435910141109184,False,0.7,0.01
KGS_RUB,2026-05-07,0.860492,0.9,0.854341,-0.0071997012902342,0.8601446487817989,0.8604034471019504,0.860388701099514,0.8604545871432246,0.8604172040081056,0.8601446487817989,0.0004036658309445,0.836346,0.0280606908605774,TEST,0.55,0.95963341690555,0.71385336676222,False,0.15847247339866236,False,False,5.0,0.8,0.9435910141109184,False,0.75,0.0075,False,False,5.0,0.8,0.9435910141109184,False,0.7,0.01,False,False,5.0,0.8,0.9435910141109184,False,0.7,0.01
KGS_RUB,2026-05-08,0.853586,0.9888888888888888,0.855651,0.0024133671321603,0.8522369678124413,0.8533999614997012,0.8533771318395386,0.8535488874053873,0.8535772670926064,0.8522369678124413,0.0015804291396047,0.836221,0.0203435857664019,TEST,0.95,0.84195708603953,0.906782834415812,False,0.014836795252223362,True,False,6.0,0.8,0.9435910141109184,False,0.75,0.0075,True,False,6.0,0.8,0.9435910141109184,False,0.7,0.01,True,False,6.0,0.8,0.9435910141109184,False,0.7,0.01
KGS_RUB,2026-05-09,0.849873,1.0,0.853586,0.0043498839015634,0.8495639534051764,0.8497855398991226,0.8496989000984644,0.8498360488408652,0.8498927764102872,0.8495639534051764,0.0003636385610833,0.827326,0.0265298462240828,TEST,1.0,0.96363614389167,0.9854544575566679,False,-0.08303482453069193,True,False,7.0,0.7,0.930328911610096,True,0.75,0.0075,True,False,7.0,0.7,0.930328911610096,True,0.7,0.01,True,False,7.0,0.7,0.930328911610096,True,0.7,0.01
KGS_RUB,2026-05-13,0.843771,1.0,0.849873,0.0071798962903868,0.8419869252713709,0.843447152016881,0.8434483800265999,0.8437343141463556,0.8437917437833968,0.8419869252713709,0.0021144063124108,0.815238,0.0338160472450463,TEST,1.0,0.78855936875892,0.915423747503568,False,-0.20128649183572306,True,True,1.0,0.8,0.9451687885621104,False,0.75,0.0075,True,True,1.0,0.8,0.9451687885621104,False,0.7,0.01,True,True,1.0,0.8,0.9451687885621104,False,0.7,0.01
KGS_RUB,2026-05-14,0.838674,1.0,0.843771,0.0060407385416185,0.8368375073325653,0.8383311611198951,0.8384358798511299,0.8386375357560056,0.838460994163323,0.8368375073325653,0.0021897574831635,0.811331,0.0326026560976017,TEST,1.0,0.78102425168365,0.91240970067346,False,-0.18111075578296673,True,True,2.0,0.8,0.9451687885621104,False,0.75,0.0075,True,True,2.0,0.8,0.9451687885621104,False,0.7,0.01,True,True,2.0,0.8,0.9451687885621104,False,0.7,0.01
KGS_RUB,2026-05-15,0.836346,1.0,0.838674,0.0027758103863956,0.8363524910561344,0.8361490681714335,0.8360657538533679,0.8363096369738329,0.8363527927259877,0.8360657538533679,0.0003350839803527,0.809493,0.032107524876068,TEST,1.0,0.96649160196473,0.986596640785892,False,-0.07418974473373917,True,True,3.0,0.8,0.9424755213118235,False,0.75,0.0075,True,True,3.0,0.8,0.9424755213118235,False,0.7,0.01,True,True,3.0,0.8,0.9424755213118235,False,0.7,0.01
KGS_RUB,2026-05-16,0.836221,1.0,0.836346,0.0001494596733888,0.835085283361911,0.8359050216142709,0.8360453940245258,0.8362083209291546,0.8360086171745494,0.835085283361911,0.0013581536915348,0.809493,0.0319628423586587,TEST,1.0,0.86418463084652,0.945673852338608,False,-0.003708428516333165,True,False,4.0,0.8,0.9424755213118235,True,0.75,0.0075,True,False,4.0,0.8,0.9424755213118235,True,0.7,0.01,True,False,4.0,0.8,0.9424755213118235,True,0.7,0.01
KGS_RUB,2026-05-19,0.827326,1.0,0.836221,0.0106371401818418,0.8252538283673692,0.8270360293477337,0.8270096678528734,0.8272900291494348,0.827256376675195,0.8252538283673692,0.0025046615634355,0.809493,0.0215549855800494,TEST,1.0,0.74953384365645,0.89981353746258,False,-0.2629167651927168,True,True,1.0,0.8,0.9491648105568145,False,0.75,0.0075,True,True,1.0,0.8,0.9491648105568145,False,0.7,0.01,True,True,1.0,0.8,0.9491648105568145,False,0.7,0.01
KGS_RUB,2026-05-20,0.815238,1.0,0.827326,0.0146109272523769,0.8129081401637802,0.8149522660878393,0.8152651236396847,0.8152025547169156,0.8152681390521382,0.8129081401637802,0.0028578891516585,0.809493,0.0070470218512875,TEST,1.0,0.71421108483415,0.88568443393366,False,-0.2854039760117105,True,True,2.0,0.8,0.9491648105568145,False,0.75,0.0075,True,True,2.0,0.8,0.9491648105568145,False,0.7,0.01,True,True,2.0,0.8,0.9491648105568145,False,0.7,0.01
KGS_RUB,2026-05-21,0.811331,1.0,0.815238,0.0047924655131384,0.8109796096007545,0.8110466354577592,0.8113258496761105,0.8112957245872124,0.8113184996763856,0.8109796096007545,0.0004331036275521,0.809493,0.0022654132530373,TEST,1.0,0.95668963724479,0.982675854897916,True,-0.07991899687033348,True,True,3.0,0.8,0.9491648105568145,False,0.75,0.0075,True,True,3.0,0.8,0.9491648105568145,False,0.7,0.01,True,True,3.0,0.8,0.9491648105568145,False,0.7,0.01
KGS_RUB,2026-05-22,0.809493,1.0,0.811331,0.0022654132530373,0.8093515273713194,0.8093023911650181,0.8092219589146555,0.8094578045006,0.809507260383115,0.8092219589146555,0.0003348282015341,0.810763,0.0,TEST,1.0,0.96651717984659,0.986606871938636,True,-0.03481456226086309,True,False,4.0,0.8,0.9641550871587917,True,0.75,0.0075,True,False,4.0,0.8,0.9641550871587917,True,0.7,0.01,True,False,4.0,0.8,0.9641550871587917,True,0.7,0.01
KGS_RUB,2026-05-23,0.814282,0.9777777777777776,0.809493,-0.0059160486872646,0.8143449683319193,0.8142177501108169,0.8142813492300621,0.8142696535758297,0.8140018404437428,0.8140018404437428,0.000344057164787,0.810763,0.0043215986599236,TEST,0.9,0.9655942835213001,0.92623771340852,True,0.08765924732757233,True,True,1.0,0.8,0.971143860639902,False,0.75,0.0075,True,True,1.0,0.8,0.971143860639902,False,0.7,0.01,True,True,1.0,0.8,0.971143860639902,False,0.7,0.01
KGS_RUB,2026-05-26,0.818136,0.9555555555555556,0.809493,-0.0106770534149152,0.819312946950844,0.8182279571858676,0.8185211399075993,0.8181004287163729,0.8181996498044884,0.8181004287163729,4.347844811507902e-05,0.810763,0.0090119491135947,TEST,0.8,0.9956521551884921,0.8782608620753969,False,0.15820398301361754,True,True,2.0,0.8,0.9670380857232952,False,0.75,0.0075,True,True,2.0,0.8,0.9670380857232952,False,0.7,0.01,True,True,2.0,0.8,0.9670380857232952,False,0.7,0.01
KGS_RUB,2026-05-27,0.819531,0.9444444444444444,0.809493,-0.012400354295837,0.8182678657016978,0.8195095810679075,0.8196922885400801,0.8192823618567999,0.8191805770868761,0.8182678657016978,0.001541289223107,0.810763,0.0106988021197489,TEST,0.75,0.8458710776893,0.7883484310757201,False,0.1837384682969686,True,True,3.0,0.8,0.9670380857232952,False,0.75,0.0075,True,True,3.0,0.8,0.9670380857232952,False,0.7,0.01,True,True,3.0,0.8,0.9670380857232952,False,0.7,0.01
KGS_RUB,2026-05-28,0.810763,0.9888888888888888,0.809493,-0.001568883239262,0.8090806183866358,0.8105862947440355,0.8106451149662138,0.810727749282971,0.8106495050012636,0.8090806183866358,0.0020750596825017,0.812149,0.0,TEST,0.95,0.79249403174983,0.8869976126999319,True,0.02376096839978286,True,False,4.0,0.8,0.9670380857232952,False,0.75,0.0075,True,False,4.0,0.8,0.9670380857232952,False,0.7,0.01,True,False,4.0,0.8,0.9670380857232952,False,0.7,0.01
KGS_RUB,2026-05-29,0.816141,0.9444444444444444,0.809493,-0.0082125478540271,0.8175759204027546,0.8162242814528526,0.8164711582967207,0.816105515455877,0.816303909086658,0.816105515455877,4.347844811503706e-05,0.812149,0.0048913116728604,TEST,0.75,0.9956521551884963,0.8482608620753984,False,0.12438025033209212,True,False,5.0,0.8,0.9670380857232952,False,0.75,0.0075,True,False,5.0,0.8,0.9670380857232952,False,0.7,0.01,True,False,5.0,0.8,0.9670380857232952,False,0.7,0.01
KGS_RUB,2026-05-30,0.812149,0.9666666666666668,0.810763,-0.001709500803564,0.8110202575209542,0.8119719926662585,0.8119620181966702,0.8121136890218419,0.8122208528213424,0.8110202575209542,0.0013898219157393,0.818218,0.0,TEST,0.85,0.86101780842607,0.854407123370428,True,0.04969222997623891,True,False,6.0,0.8,0.9530742528504696,False,0.75,0.0075,True,False,6.0,0.8,0.9530742528504696,False,0.7,0.01,True,False,6.0,0.8,0.9530742528504696,False,0.7,0.01
KGS_RUB,2026-06-02,0.818218,0.9111111111111112,0.810763,-0.0091950422009884,0.8201424106648596,0.8183426151891766,0.818623573879456,0.8181824251511403,0.8182940513589777,0.8181824251511403,4.347844811498028e-05,0.829728,0.0,TEST,0.6,0.9956521551885019,0.7582608620754008,False,0.16323972384890245,False,False,7.0,0.7,0.9186679372750536,False,0.75,0.0075,False,False,7.0,0.7,0.9186679372750536,False,0.7,0.01,False,False,7.0,0.7,0.9186679372750536,False,0.7,0.01
KGS_RUB,2026-06-03,0.829728,0.8777777777777778,0.810763,-0.0233915459881617,0.8308396909845698,0.8299361218638216,0.8299273524058426,0.8296018730988596,0.8295517450869282,0.8295517450869282,0.0002124249309072,0.820264,0.0114061475567897,TEST,0.44999999999999996,0.97875750690928,0.661503002763712,False,0.37858519336189667,False,False,8.0,0.7,0.9186679372750536,False,0.75,0.0075,False,False,8.0,0.7,0.9186679372750536,False,0.7,0.01,False,False,8.0,0.7,0.9186679372750536,False,0.7,0.01
KGS_RUB,2026-06-04,0.838692,0.8333333333333334,0.810763,-0.034447797938485,0.8392931598317391,0.8389782466638003,0.8391633121274632,0.8388495292677239,0.8388816906902125,0.8388495292677239,0.0,0.820264,0.0219723092625183,TEST,0.25,1.0,0.55,False,0.5575200962327912,False,False,9.0,0.7,0.9186679372750536,False,0.75,0.0075,False,False,9.0,0.7,0.9186679372750536,False,0.7,0.01,False,False,9.0,0.7,0.9186679372750536,False,0.7,0.01
KGS_RUB,2026-06-05,0.849578,0.8111111111111111,0.812149,-0.046086370850669,0.8512707151356016,0.8499175257387184,0.8501415174834683,0.8497375739558913,0.8497607684392179,0.8497375739558913,0.0,0.820264,0.0345041891386077,TEST,0.15000000000000002,1.0,0.49000000000000005,False,0.7859958038392915,False,False,10.0,0.7,0.9186679372750536,False,0.75,0.0075,False,False,10.0,0.7,0.9186679372750536,False,0.7,0.01,False,False,10.0,0.7,0.9186679372750536,False,0.7,0.01
KGS_RUB,2026-06-06,0.840125,0.8222222222222222,0.812149,-0.0344468810526147,0.8381900575584342,0.8400027080687724,0.8399924067334039,0.8402827984242686,0.8399321619651177,0.8381900575584342,0.0023031601744571,0.820264,0.0236405296830828,TEST,0.19999999999999996,0.76968398255429,0.427873593021716,False,0.6947134465788228,False,False,11.0,0.7,0.9186679372750536,False,0.75,0.0075,False,False,11.0,0.7,0.9186679372750536,False,0.7,0.01,False,False,11.0,0.7,0.9186679372750536,False,0.7,0.01
KGS_RUB,2026-06-09,0.837789,0.8444444444444444,0.818218,-0.0239190533574182,0.837380352467059,0.8378010052320467,0.8376535672540746,0.8379463596596572,0.8377563817570375,0.837380352467059,0.0004877690360472,0.820264,0.0209181548098626,TEST,0.30000000000000004,0.95122309639528,0.5604892385581121,False,0.7007429420505202,False,False,12.0,0.6,0.904852002746932,False,0.75,0.0075,False,False,12.0,0.6,0.904852002746932,False,0.7,0.01,False,False,12.0,0.6,0.904852002746932,False,0.7,0.01
KGS_RUB,2026-06-10,0.820264,0.8888888888888888,0.829728,0.0114061475567897,0.8185656020508718,0.8201223762781229,0.8208228062090491,0.8202283361942354,0.8202917859664519,0.8185656020508718,0.0020705503949072,0.820926,0.0,TEST,0.5,0.79294496050928,0.617177984203712,False,0.26870400399151717,False,False,13.0,0.6,0.8921239826049912,False,0.75,0.0075,False,False,13.0,0.6,0.8921239826049912,False,0.7,0.01,False,False,13.0,0.6,0.8921239826049912,False,0.7,0.01
KGS_RUB,2026-06-11,0.820926,0.8777777777777778,0.820264,-0.0008070572401081,0.8218289869317962,0.8209209361944902,0.8209718021438137,0.8208903074115028,0.8210160535197606,0.8208903074115028,4.347844811496652e-05,0.822272,0.0,TEST,0.44999999999999996,0.9956521551885034,0.6682608620754014,False,0.28521890981664005,False,False,14.0,0.6,0.8862097054401687,False,0.75,0.0075,False,False,14.0,0.6,0.8862097054401687,False,0.7,0.01,False,False,14.0,0.6,0.8862097054401687,False,0.7,0.01
KGS_RUB,2026-06-12,0.822272,0.8666666666666667,0.820264,-0.0024479923536812,0.8219553187573823,0.8222341225398863,0.8222925280949089,0.8223026996613604,0.8222526417883524,0.8219553187573823,0.0003851295466922,0.824915,0.0,TEST,0.4,0.96148704533078,0.624594818132312,False,0.3187975551952095,False,False,15.0,0.6,0.8812302908187022,False,0.75,0.0075,False,False,15.0,0.6,0.8812302908187022,False,0.7,0.01,False,False,15.0,0.6,0.8812302908187022,False,0.7,0.01
KGS_RUB,2026-06-16,0.828488,0.8444444444444444,0.820264,-0.0100260403967503,0.8292773739551184,0.8286462771352769,0.8288896451175208,0.8285189317367503,0.8283307640648686,0.8283307640648686,0.0001897866174662,0.824915,0.0043126756211315,TEST,0.30000000000000004,0.98102133825338,0.572408535301352,False,0.4738680304353241,False,False,16.0,0.6,0.8639486188524156,False,0.75,0.0075,False,False,16.0,0.6,0.8639486188524156,False,0.7,0.01,False,False,16.0,0.6,0.8639486188524156,False,0.7,0.01
KGS_RUB,2026-06-17,0.824915,0.8555555555555556,0.820264,-0.0056701257156232,0.8239343481597807,0.8248415126619466,0.824768335380377,0.8249457983382033,0.8248741065320121,0.8239343481597807,0.0011887913787714,0.83188,0.0,TEST,0.35,0.88112086212286,0.562448344849144,False,0.38473244355743846,False,False,17.0,0.6,0.8507193665934103,False,0.75,0.0075,False,False,17.0,0.6,0.8507193665934103,False,0.7,0.01,False,False,17.0,0.6,0.8507193665934103,False,0.7,0.01
KGS_RUB,2026-06-18,0.83188,0.8111111111111111,0.820264,-0.0141612944125305,0.8336825252047487,0.8321999957300914,0.8324811661953556,0.832036249788044,0.8321603518537353,0.832036249788044,0.0,0.838869,0.0,TEST,0.19999999999999996,1.0,0.52,False,0.5584882125483327,False,False,18.0,0.6,0.8123134034755914,False,0.75,0.0075,False,False,18.0,0.6,0.8123134034755914,False,0.7,0.01,False,False,18.0,0.6,0.8123134034755914,False,0.7,0.01
KGS_RUB,2026-06-19,0.838869,0.7444444444444445,0.820926,-0.0218570248719128,0.8398900729026543,0.8391582035729732,0.8394340944436557,0.839026562513159,0.8391517072164147,0.839026562513159,0.0,0.839783,0.0,TEST,0.09999999999999998,1.0,0.46,False,0.7328427092428572,False,False,19.0,0.6,0.7702958896755285,False,0.75,0.0075,False,False,19.0,0.6,0.7702958896755285,False,0.7,0.01,False,False,19.0,0.6,0.7702958896755285,False,0.7,0.01
KGS_RUB,2026-06-20,0.839783,0.7333333333333334,0.822272,-0.0212958728985055,0.8389408073361784,0.8398514302697616,0.8399321231631048,0.8396553446389413,0.8395815632018256,0.8389408073361784,0.0010028693886653,0.843511,0.0,TEST,0.09999999999999998,0.89971306113347,0.41988522445338805,False,0.7556442559560909,False,False,20.0,0.6,0.7042608620754012,False,0.75,0.0075,False,False,20.0,0.6,0.7042608620754012,False,0.7,0.01,False,False,20.0,0.6,0.7042608620754012,False,0.7,0.01
KGS_RUB,2026-06-23,0.843511,0.7111111111111111,0.824915,-0.0225429286653777,0.8444588992374459,0.8438018039217593,0.844042766014406,0.8436694344075621,0.8436813685186163,0.8436694344075621,0.0,0.853288,0.0,TEST,0.050000000000000044,1.0,0.43000000000000005,False,0.8436944480226707,False,False,21.0,0.6,0.6642061464883877,False,0.75,0.0075,False,False,21.0,0.6,0.6642061464883877,False,0.7,0.01,False,False,21.0,0.6,0.6642061464883877,False,0.7,0.01
KGS_RUB,2026-06-24,0.853288,0.6555555555555556,0.824915,-0.0343950588848549,0.8545921674988995,0.8536290084048075,0.8537505929172867,0.8534482707952356,0.8535755665631704,0.8534482707952356,0.0,0.855046,0.0,TEST,0.0,1.0,0.4,False,1.095581605049594,False,False,22.0,0.6,0.639358091984872,False,0.75,0.0075,False,False,22.0,0.6,0.639358091984872,False,0.7,0.01,False,False,22.0,0.6,0.639358091984872,False,0.7,0.01
KGS_RUB,2026-06-25,0.855046,0.6222222222222222,0.83188,-0.0278477665047843,0.8546976440586044,0.855291419393401,0.8551698787109278,0.8552066009956579,0.8548409021014575,0.8546976440586044,0.0004074119303471,0.864891,0.0,TEST,0.0,0.95925880696529,0.383703522786116,False,1.0413403880070529,False,False,23.0,0.6,0.620144717775152,False,0.75,0.0075,False,False,23.0,0.6,0.620144717775152,False,0.7,0.01,False,False,23.0,0.6,0.620144717775152,False,0.7,0.01
KGS_RUB,2026-06-26,0.864891,0.4888888888888889,0.838869,-0.031020338098082,0.8662481094298194,0.8651861884163684,0.8651672405733346,0.8650534501555888,0.8646748385000371,0.8646748385000371,0.0002499291817845,0.881202,0.0,TEST,0.0,0.97500708182155,0.39000283272862,False,1.2223200776821805,False,False,24.0,0.6,0.5903163148622961,False,0.75,0.0075,False,False,24.0,0.6,0.5903163148622961,False,0.7,0.01,False,False,24.0,0.6,0.5903163148622961,False,0.7,0.01
KGS_RUB,2026-06-27,0.881202,0.3444444444444444,0.839783,-0.0493210746109412,0.8833288209632923,0.8816647023718943,0.8816692386275574,0.8813675138069481,0.881536245589401,0.8813675138069481,0.0,0.883115,0.0,TEST,0.0,1.0,0.4,False,1.3092601721588124,False,False,25.0,0.6,0.5664324210300272,False,0.75,0.0075,False,False,25.0,0.6,0.5664324210300272,False,0.7,0.01,False,False,25.0,0.6,0.5664324210300272,False,0.7,0.01
KGS_RUB,2026-06-30,0.889124,0.2888888888888888,0.843511,-0.0540751691442079,0.8905860245528372,0.8895908620630777,0.8893037809791188,0.8892910017749494,0.8893632678298575,0.8892910017749494,0.0,0.883115,0.0067583374197525,TEST,0.0,1.0,0.4,False,1.1147234732741516,False,False,26.0,0.6,0.5612728810745248,False,0.75,0.0075,False,False,26.0,0.6,0.5612728810745248,False,0.7,0.01,False,False,26.0,0.6,0.5612728810745248,False,0.7,0.01
KGS_RUB,2026-07-01,0.895021,0.2555555555555555,0.853288,-0.0489084576368118,0.8959563136666081,0.8954909584653634,0.895327024753895,0.8951891093926346,0.895170720086885,0.895170720086885,0.0,0.870507,0.0273893014800769,TEST,0.0,1.0,0.4,False,1.0831664457168635,False,False,27.0,0.6,0.5541956954232449,False,0.75,0.0075,False,False,27.0,0.6,0.5541956954232449,False,0.7,0.01,False,False,27.0,0.6,0.5541956954232449,False,0.7,0.01
KGS_RUB,2026-07-02,0.894971,0.2666666666666667,0.855046,-0.0466933942735244,0.8948758681377704,0.8952006687892299,0.8947092977640456,0.8951391000012688,0.8950548669003778,0.8947092977640456,0.0002924142077836,0.870507,0.0273349639262053,TEST,0.050000000000000044,0.97075857922164,0.418303431688656,False,0.9993311663121849,False,False,28.0,0.6,0.532,False,0.75,0.0075,False,False,28.0,0.6,0.532,False,0.7,0.01,False,False,28.0,0.6,0.532,False,0.7,0.01
KGS_RUB,2026-07-03,0.89113,0.2888888888888888,0.864891,-0.0303379269757692,0.8899861297895245,0.8912113451934319,0.8908825414770719,0.8912973785565462,0.8910990045057187,0.8899861297895245,0.0012836176657451,0.868287,0.0256337459181039,TEST,0.09999999999999998,0.87163823342549,0.408655293370196,False,0.9479513624142224,False,False,29.0,0.6,0.502,False,0.75,0.0075,False,False,29.0,0.6,0.502,False,0.7,0.01,False,False,29.0,0.6,0.502,False,0.7,0.01
KGS_RUB,2026-07-04,0.883115,0.3555555555555555,0.881202,-0.0021708983865219,0.8806333698138736,0.8830599514739318,0.882972541082038,0.8831479712448463,0.8830806170472113,0.8806333698138736,0.0028100872322702,0.868287,0.0167905652151757,TEST,0.19999999999999996,0.71899127677298,0.407596510709192,False,0.8407373222574478,False,False,30.0,0.6,0.47200000000000003,False,0.75,0.0075,False,False,30.0,0.6,0.47200000000000003,False,0.7,0.01,False,False,30.0,0.6,0.47200000000000003,False,0.7,0.01
KGS_RUB,2026-07-07,0.891589,0.2888888888888888,0.883115,-0.0095955792846911,0.8937684281823887,0.8918619638174741,0.891984701573173,0.8916222876230403,0.8917393991418833,0.8916222876230403,0.0,0.868287,0.0261353605753322,TEST,0.09999999999999998,1.0,0.46,False,0.9540912556683656,False,False,31.0,0.6,0.44200000000000006,False,0.75,0.0075,False,False,31.0,0.6,0.44200000000000006,False,0.7,0.01,False,False,31.0,0.6,0.44200000000000006,False,0.7,0.01
KGS_RUB,2026-07-08,0.870507,0.4444444444444444,0.883115,0.0142767363253935,0.8679326270066698,0.8698326730172299,0.8703458498715374,0.8705395005230774,0.8703366503910446,0.8679326270066698,0.0029573260103941,0.868287,0.0025502379647722,TEST,0.35,0.70426739896059,0.49170695958423605,False,0.6720842195379705,False,False,32.0,0.6,0.46,False,0.75,0.0075,False,False,32.0,0.6,0.46,False,0.7,0.01,False,False,32.0,0.6,0.46,False,0.7,0.01
KGS_RUB,2026-07-09,0.873672,0.4222222222222223,0.870507,-0.0036358122335604,0.8754660445717244,0.8737033233979418,0.8739050881386985,0.8737046186888767,0.8734549752938444,0.8734549752938444,0.0002484052437935,0.868287,0.006163640359311,TEST,0.35,0.97515947562065,0.60006379024826,False,0.7144213919766715,False,False,33.0,0.6,0.46,False,0.75,0.0075,False,False,33.0,0.6,0.46,False,0.7,0.01,False,False,33.0,0.6,0.46,False,0.7,0.01
KGS_RUB,2026-07-10,0.868287,0.4666666666666667,0.870507,0.0025502379647722,0.8666200295865104,0.8680509276553734,0.8679820528311752,0.8683194176390095,0.868227250810712,0.8666200295865104,0.001919838041442,0.876173,0.0,TEST,0.44999999999999996,0.8080161958558,0.59320647834232,False,0.6391929279978412,False,False,34.0,0.6,0.46,False,0.75,0.0075,False,False,34.0,0.6,0.46,False,0.7,0.01,False,False,34.0,0.6,0.46,False,0.7,0.01
KGS_RUB,2026-07-11,0.876681,0.4,0.868287,-0.0096673104630151,0.878894827800607,0.8769934686729349,0.8772334549106235,0.8767137310303903,0.8766752300134542,0.8766752300134542,6.581626094199986e-06,0.876173,0.0005794582065769,TEST,0.35,0.99934183739058,0.609736734956232,False,0.7479003147809602,False,False,35.0,0.6,0.46,False,0.75,0.0075,False,False,35.0,0.6,0.46,False,0.7,0.01,False,False,35.0,0.6,0.46,False,0.7,0.01
KGS_RUB,2026-07-14,0.876173,0.4,0.868287,-0.0090822504540548,0.875641362922349,0.8762191945867835,0.8760456773771396,0.8762057120641261,0.8761163454634509,0.875641362922349,0.0006067718106481,0.886122,0.0,TEST,0.4,0.93932281893519,0.6157291275740759,False,0.7311499728981831,False,False,36.0,0.6,0.46,False,0.75,0.0075,False,False,36.0,0.6,0.46,False,0.7,0.01,False,False,36.0,0.6,0.46,False,0.7,0.01
KGS_RUB,2026-07-15,0.886122,0.3444444444444444,0.868287,-0.0205404434248122,0.8881753128033533,0.8866226586731837,0.8867178411870277,0.8862884379173452,0.8862751564175411,0.8862751564175411,0.0,0.891444,0.0,TEST,0.25,1.0,0.55,False,0.8730636464781903,False,False,37.0,0.6,0.46,False,0.75,0.0075,False,False,37.0,0.6,0.46,False,0.7,0.01,False,False,37.0,0.6,0.46,False,0.7,0.01
KGS_RUB,2026-07-16,0.891444,0.3,0.868287,-0.0266697532037217,0.8926884572598583,0.8919120802508517,0.892060485993829,0.8916114375343236,0.8915980762665621,0.8915980762665621,0.0,0.895551,0.0,TEST,0.15000000000000002,1.0,0.49000000000000005,False,0.9433490125275187,False,False,38.0,0.6,0.46,False,0.75,0.0075,False,False,38.0,0.6,0.46,False,0.7,0.01,False,False,38.0,0.6,0.46,False,0.7,0.01
KGS_RUB,2026-07-17,0.895576,0.2444444444444444,0.868287,-0.0314285483947128,0.8965068067718938,0.8960462498852836,0.896145908684059,0.8957442136367954,0.8957904151742988,0.8957442136367954,0.0,0.895551,2.791499548899564e-05,TEST,0.0,1.0,0.4,False,1.0098838865935333,False,False,39.0,0.6,0.46,False,0.75,0.0075,False,False,39.0,0.6,0.46,False,0.7,0.01,False,False,39.0,0.6,0.46,False,0.7,0.01
KGS_RUB,2026-07-18,0.896497,0.2333333333333332,0.876173,-0.0231963322311917,0.8975261950784289,0.8968264198334939,0.897122014292299,0.8966653866257538,0.8966456738260222,0.8966456738260222,0.0,0.89229,0.0046927095126921,TEST,0.0,1.0,0.4,False,1.0165074471707911,False,False,40.0,0.6,0.44200000000000006,False,0.75,0.0075,False,False,40.0,0.6,0.44200000000000006,False,0.7,0.01,False,False,40.0,0.6,0.44200000000000006,False,0.7,0.01
KGS_RUB,2026-07-21,0.895551,0.2444444444444444,0.876173,-0.0221166367829184,0.8955062945463186,0.8957808176296926,0.8956970313902466,0.8957192089411125,0.895699516942687,0.8955062945463186,4.991949501636869e-05,0.892135,0.003814411462887,TEST,0.09999999999999998,0.9950080504983632,0.4580032201993453,False,0.9821462273053259,False,False,41.0,0.6,0.44200000000000006,False,0.75,0.0075,False,False,41.0,0.6,0.44200000000000006,False,0.7,0.01,False,False,41.0,0.6,0.44200000000000006,False,0.7,0.01
KGS_RUB,2026-07-22,0.898273,0.2111111111111111,0.886122,-0.0137125587673029,0.8996266715556573,0.8986389247354925,0.8989867392757444,0.8984417202070679,0.8984880608791023,0.8984417202070679,0.0,0.892135,0.00683311198266,TEST,0.0,1.0,0.4,False,1.0411025480802611,False,False,42.0,0.6,0.4588019321196072,False,0.75,0.0075,False,False,42.0,0.6,0.4588019321196072,False,0.7,0.01,False,False,42.0,0.6,0.4588019321196072,False,0.7,0.01
KGS_RUB,2026-07-23,0.897377,0.2111111111111111,0.891444,-0.0066554937831203,0.8971410349101109,0.8975148826699214,0.8975577912576408,0.8974821861324641,0.8975258197640086,0.8971410349101109,0.0002629497857523,0.892135,0.0058414690815565,TEST,0.050000000000000044,0.97370502142477,0.419482008569908,False,0.9792722141254306,False,False,43.0,0.6,0.4588019321196072,False,0.75,0.0075,False,False,43.0,0.6,0.4588019321196072,False,0.7,0.01,False,False,43.0,0.6,0.4588019321196072,False,0.7,0.01
KGS_RUB,2026-07-24,0.896568,0.2111111111111111,0.895551,-0.0011356137171417,0.8967422687464564,0.8966152698751085,0.8967978434373717,0.8966014735148303,0.8967166856005644,0.8966014735148303,0.0,0.892135,0.0049444102399372,TEST,0.09999999999999998,1.0,0.46,False,0.948924570127615,False,False,44.0,0.6,0.4588019321196072,False,0.75,0.0075,False,False,44.0,0.6,0.4588019321196072,False,0.7,0.01,False,False,44.0,0.6,0.4588019321196072,False,0.7,0.01
KGS_RUB,2026-07-25,0.89229,0.2777777777777778,0.895551,0.0036413336593895,0.8913321605938912,0.8922343795549555,0.892229050702741,0.8923233137949915,0.892339340800467,0.8913321605938912,0.0010734619979029,0.892135,0.0001737103408084,TEST,0.4,0.89265380020971,0.597061520083884,False,0.8004735543253528,False,False,45.0,0.6,0.46,False,0.75,0.0075,False,False,45.0,0.6,0.46,False,0.7,0.01,False,False,45.0,0.6,0.46,False,0.7,0.01
KGS_RUB,2026-07-28,0.892135,0.2777777777777778,0.89229,0.0001737103408084,0.8922187815988336,0.8921820361534539,0.8922026193742673,0.8921683080080408,0.8921843322294596,0.8921683080080408,0.0,0.89992,0.0,TEST,0.44999999999999996,1.0,0.6699999999999999,False,0.795304475421864,False,False,46.0,0.6,0.47200000000000003,False,0.75,0.0075,False,False,46.0,0.6,0.47200000000000003,False,0.7,0.01,False,False,46.0,0.6,0.47200000000000003,False,0.7,0.01
KGS_RUB,2026-07-29,0.89992,0.1555555555555555,0.892135,-0.0087262577973065,0.901628069995854,0.900195514389053,0.900759111916016,0.8999535986623057,0.900288208628522,0.8999535986623057,0.0,0.907456,0.0,TEST,0.0,1.0,0.4,False,1.0549256319615843,False,False,47.0,0.6,0.49068278383369446,False,0.75,0.0075,False,False,47.0,0.6,0.49068278383369446,False,0.7,0.01,False,False,47.0,0.6,0.49068278383369446,False,0.7,0.01
KGS_RUB,2026-07-30,0.907456,0.1222222222222222,0.892135,-0.0171734098538898,0.9090976145001068,0.9079324878468158,0.9083759623501416,0.9076264450253152,0.9078272920361854,0.9076264450253152,0.0,0.908676,0.0,TEST,0.0,1.0,0.4,False,1.238232225840103,False,False,48.0,0.6,0.49068278383369446,False,0.75,0.0075,False,False,48.0,0.6,0.49068278383369446,False,0.7,0.01,False,False,48.0,0.6,0.49068278383369446,False,0.7,0.01
KGS_RUB,2026-07-31,0.913177,0.0999999999999999,0.892135,-0.0235861164509855,0.9147583218187268,0.9136564918348566,0.9140398726068883,0.913348519585393,0.9135506328237708,0.913348519585393,0.0,0.908676,0.0049289458670115,TEST,0.0,1.0,0.4,False,1.1460593836962898,False,False,49.0,0.6,0.49068278383369446,False,0.75,0.0075,False,False,49.0,0.6,0.49068278383369446,False,0.7,0.01,False,False,49.0,0.6,0.49068278383369446,False,0.7,0.01
KGS_RUB,2026-08-01,0.908676,0.1111111111111111,0.892135,-0.0185409158927741,0.9086090587203268,0.9089091857867152,0.9088755124479738,0.9088466741746416,0.9087650006348807,0.9086090587203268,7.366903018591451e-05,0.915594,0.0,TEST,0.050000000000000044,0.9926330969814086,0.42705323879256346,False,0.8997326798841617,False,False,50.0,0.6,0.49068278383369446,False,0.75,0.0075,False,False,50.0,0.6,0.49068278383369446,False,0.7,0.01,False,False,50.0,0.6,0.49068278383369446,False,0.7,0.01
KGS_RUB,2026-08-04,0.915594,0.0777777777777777,0.892135,-0.0262953476772013,0.9175003025144728,0.9160610484705454,0.916406756014232,0.9157659735640168,0.9159686217564038,0.9157659735640168,0.0,0.925435,0.0,TEST,0.0,1.0,0.4,False,1.0538427266651815,False,False,51.0,0.6,0.49068278383369446,False,0.75,0.0075,False,False,51.0,0.6,0.49068278383369446,False,0.7,0.01,False,False,51.0,0.6,0.49068278383369446,False,0.7,0.01
KGS_RUB,2026-08-05,0.92772,0.0444444444444444,0.89992,-0.0308916348119832,0.9299157008532332,0.9281562025833516,0.928661787088949,0.9278942511580568,0.9281388253019656,0.9278942511580568,0.0,0.925435,0.0024630276376492,TEST,0.0,1.0,0.4,False,1.2563257023273506,False,False,52.0,0.6,0.49068278383369446,False,0.75,0.0075,False,False,52.0,0.6,0.49068278383369446,False,0.7,0.01,False,False,52.0,0.6,0.49068278383369446,False,0.7,0.01
KGS_RUB,2026-08-06,0.925435,0.0444444444444444,0.907456,-0.0198125308554904,0.9257036168879286,0.9257232757347892,0.9255668829591632,0.9256088219726384,0.9254067312457585,0.9254067312457585,3.054645030883429e-05,0.930906,0.0,TEST,0.050000000000000044,0.9969453549691166,0.4287781419876467,False,0.9615533457843288,False,False,53.0,0.6,0.47200000000000003,False,0.75,0.0075,False,False,53.0,0.6,0.47200000000000003,False,0.7,0.01,False,False,53.0,0.6,0.47200000000000003,False,0.7,0.01
KGS_RUB,2026-08-07,0.930906,0.0,0.908676,-0.0244641654451091,0.9331851443032024,0.9314319616202044,0.9319004638546552,0.9310808495758872,0.9311340479822144,0.9310808495758872,0.0,0.939583,0.0,TEST,0.0,1.0,0.4,False,1.0536065822018075,False,False,54.0,0.6,0.4588019321196072,False,0.75,0.0075,False,False,54.0,0.6,0.4588019321196072,False,0.7,0.01,False,False,54.0,0.6,0.4588019321196072,False,0.7,0.01
KGS_RUB,2026-08-08,0.939583,0.0,0.908676,-0.034013223635267,0.9415913526827604,0.94002478042068,0.9405377584254028,0.9397594793535122,0.9399674370253048,0.9397594793535122,0.0,0.941958,0.0,TEST,0.0,1.0,0.4,False,1.1585332431988002,False,False,55.0,0.6,0.4404681732723261,False,0.75,0.0075,False,False,55.0,0.6,0.4404681732723261,False,0.7,0.01,False,False,55.0,0.6,0.4404681732723261,False,0.7,0.01
KGS_RUB,2026-08-11,0.944608,0.0,0.915594,-0.0316887179251939,0.9461461201585956,0.9451039956537892,0.9455051456974805,0.9447854231857776,0.944866929157614,0.9447854231857776,0.0,0.941958,0.0028053965242725,TEST,0.0,1.0,0.4,False,1.07924617568207,False,False,56.0,0.6,0.42774320007059674,False,0.75,0.0075,False,False,56.0,0.6,0.42774320007059674,False,0.7,0.01,False,False,56.0,0.6,0.42774320007059674,False,0.7,0.01
KGS_RUB,2026-08-12,0.941958,0.011111111111111,0.925435,-0.0178543063532284,0.94221264731683,0.9420913251129982,0.9419878912664136,0.9421349254433888,0.9420502604537052,0.9419878912664136,0.0,0.949087,0.0,TEST,0.050000000000000044,1.0,0.43000000000000005,False,0.9546900112847513,False,False,57.0,0.6,0.4225105006589702,False,0.75,0.0075,False,False,57.0,0.6,0.4225105006589702,False,0.7,0.01,False,False,57.0,0.6,0.4225105006589702,False,0.7,0.01
KGS_RUB,2026-08-13,0.949087,0.0,0.925435,-0.0255577106982121,0.9512567578852116,0.9495711333951125,0.95005449744115,0.9492652644643282,0.949475325654078,0.9492652644643282,0.0,0.958328,0.0,TEST,0.0,1.0,0.4,False,1.0842487397487024,False,False,58.0,0.6,0.4225105006589702,False,0.75,0.0075,False,False,58.0,0.6,0.4225105006589702,False,0.7,0.01,False,False,58.0,0.6,0.4225105006589702,False,0.7,0.01
KGS_RUB,2026-08-14,0.958328,0.0,0.930906,-0.0294573243700222,0.9604911669334218,0.958778594090133,0.9593230586235152,0.95850800017656,0.9587201066745424,0.95850800017656,0.0,0.953183,0.0053687255302985,TEST,0.0,1.0,0.4,False,1.162259446551481,False,False,59.0,0.6,0.40779280342796326,False,0.75,0.0075,False,False,59.0,0.6,0.40779280342796326,False,0.7,0.01,False,False,59.0,0.6,0.40779280342796326,False,0.7,0.01
KGS_RUB,2026-08-15,0.96678,0.0,0.939583,-0.0289458195816655,0.9685033025709152,0.9672876377483256,0.967596001499191,0.9669615876930387,0.96717556487008,0.9669615876930387,0.0,0.948212,0.0192060241213098,TEST,0.0,1.0,0.4,False,1.1276872176816284,False,False,60.0,0.6,0.40779280342796326,False,0.75,0.0075,False,False,60.0,0.6,0.40779280342796326,False,0.7,0.01,False,False,60.0,0.6,0.40779280342796326,False,0.7,0.01
KGS_RUB,2026-08-18,0.97214,0.0,0.941958,-0.0320417683166341,0.9739428611040172,0.9726504521821482,0.9729331689314892,0.9723225944474552,0.9725377579519638,0.9723225944474552,0.0,0.948212,0.0246137387619066,TEST,0.0,1.0,0.4,False,1.0718065510081054,False,False,61.0,0.6,0.40779280342796326,False,0.75,0.0075,False,False,61.0,0.6,0.40779280342796326,False,0.7,0.01,False,False,61.0,0.6,0.40779280342796326,False,0.7,0.01
KGS_RUB,2026-08-19,0.973865,0.0,0.941958,-0.0338730601576715,0.9748506330681008,0.9742228488786304,0.9743546804411638,0.9740479184495764,0.9740265044284356,0.9740265044284356,0.0,0.948212,0.0263414333608867,TEST,0.0,1.0,0.4,False,1.0215611524279729,False,False,62.0,0.6,0.4,False,0.75,0.0075,False,False,62.0,0.6,0.4,False,0.7,0.01,False,False,62.0,0.6,0.4,False,0.7,0.01
KGS_RUB,2026-08-20,0.973463,0.011111111111111,0.949087,-0.0256836306892834,0.9737944553641288,0.9737128115230216,0.9734664453797148,0.973645842942995,0.97362443776131,0.9734664453797148,0.0,0.948212,0.0259393525999446,TEST,0.050000000000000044,1.0,0.43000000000000005,False,0.9950813654716748,False,False,63.0,0.6,0.4,False,0.75,0.0075,False,False,63.0,0.6,0.4,False,0.7,0.01,False,False,63.0,0.6,0.4,False,0.7,0.01
KZT_RUB,2025-07-12,0.150259,0.9666666666666668,0.150111,-0.0009859370732325,0.150294910206555,0.1502378802191727,0.1502291773235692,0.1502123975488858,0.1502277671903836,0.1502123975488858,0.000310147486102,0.147,0.021689216619304,TEST,0.85,0.9689852513898,0.89759410055592,False,0.08994145822246002,True,False,4.0,0.8,0.9726780369955208,False,0.75,0.0075,True,False,4.0,0.8,0.9726780369955208,False,0.7,0.01,True,False,4.0,0.8,0.9726780369955208,False,0.7,0.01
KZT_RUB,2025-07-15,0.150447,0.9555555555555556,0.150111,-0.0022383436257169,0.1504343110152614,0.1504225750544409,0.1504103169950065,0.1503975065485868,0.1503830784811857,0.1503830784811857,0.0004248773243354,0.146788,0.02432085717894,TEST,0.8,0.95751226756646,0.863004907026584,False,0.12329253148838049,True,False,5.0,0.8,0.9726780369955208,False,0.75,0.0075,True,False,5.0,0.8,0.9726780369955208,False,0.7,0.01,True,False,5.0,0.8,0.9726780369955208,False,0.7,0.01
KZT_RUB,2025-07-16,0.148707,1.0,0.150111,0.0093530787217458,0.1485409565059778,0.1486828575419965,0.1486707412535739,0.1486616798335244,0.14864381776773,0.1485409565059778,0.0011165815598607,0.146788,0.0129045707330522,TEST,1.0,0.88834184401393,0.955336737605572,False,-0.18538229554727512,True,False,6.0,0.8,0.9700996128655432,False,0.75,0.0075,True,False,6.0,0.8,0.9700996128655432,False,0.7,0.01,True,False,6.0,0.8,0.9700996128655432,False,0.7,0.01
KZT_RUB,2025-07-17,0.148247,1.0,0.148707,0.0030933311814508,0.1482278969435883,0.1482229322226146,0.1482108534138848,0.1482018200238085,0.1481840132112992,0.1481840132112992,0.0004248773243356,0.146788,0.0098416831369268,TEST,1.0,0.95751226756644,0.9830049070265761,False,-0.06884166417240592,True,False,7.0,0.7,0.9538967161720248,True,0.75,0.0075,True,False,7.0,0.7,0.9538967161720248,True,0.7,0.01,True,False,7.0,0.7,0.9538967161720248,True,0.7,0.01
KZT_RUB,2025-07-18,0.148501,0.9888888888888888,0.148247,-0.0017133567627001,0.1485505530523564,0.1484768909859255,0.148464791481887,0.1484595003946583,0.1484446462766078,0.1484446462766078,0.0003794837973629,0.14641,0.01408071326119,TEST,0.95,0.96205162026371,0.954820648105484,False,0.035564267712126,True,True,1.0,0.8,0.9830819626167816,False,0.75,0.0075,True,True,1.0,0.8,0.9830819626167816,False,0.7,0.01,True,True,1.0,0.8,0.9830819626167816,False,0.7,0.01
KZT_RUB,2025-07-19,0.147,1.0,0.148247,0.0084116373349882,0.1468545810004974,0.1469761346720295,0.1469641574658581,0.1469568178573589,0.1469612058627113,0.1468545810004974,0.0009892448945755,0.14641,0.0040136054421767,TEST,1.0,0.9010755105424499,0.96043020421698,True,-0.17460095211425322,True,True,2.0,0.8,0.9830819626167816,False,0.75,0.0075,True,True,2.0,0.8,0.9830819626167816,False,0.7,0.01,True,True,2.0,0.8,0.9830819626167816,False,0.7,0.01
KZT_RUB,2025-07-22,0.146788,1.0,0.147,0.0014421768707482,0.1467929927880141,0.1467641690900535,0.1467522091571318,0.1467432646708183,0.1467256331073154,0.1467256331073154,0.0004248773243357,0.14605,0.0050276589366977,TEST,1.0,0.95751226756643,0.9830049070265721,False,-0.02527118846107877,True,True,3.0,0.8,0.9830819626167816,False,0.75,0.0075,True,True,3.0,0.8,0.9830819626167816,False,0.7,0.01,True,True,3.0,0.8,0.9830819626167816,False,0.7,0.01
KZT_RUB,2025-07-23,0.147492,0.9777777777777776,0.146788,-0.0047960323732185,0.1476516522129891,0.1474680547962379,0.1474560375030908,0.1474543856057447,0.1474360291757593,0.1474360291757593,0.0003794837973633,0.14605,0.0097768014536381,TEST,0.9,0.96205162026367,0.924820648105468,False,0.08185094756423793,True,False,4.0,0.8,0.9830819626167816,False,0.75,0.0075,True,False,4.0,0.8,0.9830819626167816,False,0.7,0.01,True,False,4.0,0.8,0.9830819626167816,False,0.7,0.01
KZT_RUB,2025-07-24,0.147469,0.9777777777777776,0.146788,-0.0046393438155706,0.1474570763949744,0.1474450585302688,0.1474330431111063,0.147427788794014,0.1474063437658576,0.1474063437658576,0.0004248773243352,0.14605,0.0096223613098344,TEST,0.9,0.95751226756648,0.923004907026592,False,0.07917683990233547,True,False,5.0,0.8,0.9830819626167816,False,0.75,0.0075,True,False,5.0,0.8,0.9830819626167816,False,0.7,0.01,True,False,5.0,0.8,0.9830819626167816,False,0.7,0.01
KZT_RUB,2025-07-25,0.14641,1.0,0.146788,0.002575142382211,0.1463622604291833,0.1463862304580397,0.1463743013236482,0.1463669911734416,0.1463713615670719,0.1463622604291833,0.0003260676922117,0.14605,0.0024588484393142,TEST,1.0,0.96739323077883,0.986957292311532,True,-0.04394837809556907,True,False,6.0,0.8,0.9830819626167816,True,0.75,0.0075,True,False,6.0,0.8,0.9830819626167816,True,0.7,0.01,True,False,6.0,0.8,0.9830819626167816,True,0.7,0.01
KZT_RUB,2025-07-26,0.146795,0.9777777777777776,0.14641,-0.0026296018031554,0.1469433169692766,0.1467711679536093,0.1467592074503445,0.1467575633593368,0.1467392936759661,0.1467392936759661,0.0003794837973629,0.14605,0.0050751047378997,TEST,0.9,0.96205162026371,0.9248206481054841,False,0.05350938151494059,True,True,1.0,0.8,0.9841036064443895,False,0.75,0.0075,True,True,1.0,0.8,0.9841036064443895,False,0.7,0.01,True,True,1.0,0.8,0.9841036064443895,False,0.7,0.01
KZT_RUB,2025-07-29,0.14605,1.0,0.14641,0.0024588484393142,0.1459892869598942,0.1460262889037409,0.1460143891012828,0.1460054895847959,0.1459879466667808,0.1459879466667808,0.0004248773243355,0.146664,0.0,TEST,1.0,0.95751226756645,0.98300490702658,True,-0.050034746351633116,True,True,2.0,0.8,0.9841036064443895,False,0.75,0.0075,True,True,2.0,0.8,0.9841036064443895,False,0.7,0.01,True,True,2.0,0.8,0.9841036064443895,False,0.7,0.01
KZT_RUB,2025-07-30,0.151851,0.7,0.14605,-0.0397192742211571,0.1525355561789965,0.1518296564542663,0.1518208981093545,0.1518219013984431,0.1517899005530261,0.1517899005530261,0.0004023644689459,0.146664,0.0341584843036925,TEST,0.050000000000000044,0.95976355310541,0.413905421242164,False,0.9547399605003296,False,True,3.0,0.8,0.9841036064443895,False,0.75,0.0075,False,True,3.0,0.8,0.9841036064443895,False,0.7,0.01,False,True,3.0,0.8,0.9841036064443895,False,0.7,0.01
KZT_RUB,2025-07-31,0.150978,0.7666666666666666,0.14605,-0.0337418692228687,0.1507594590495709,0.1509567791595197,0.1509480711668288,0.1509317719778927,0.1509143945408365,0.1507594590495709,0.0014475019567692,0.146664,0.0285736994793944,TEST,0.25,0.8552498043230801,0.492099921729232,False,0.8495087053956193,False,False,4.0,0.8,0.9841036064443895,False,0.75,0.0075,False,False,4.0,0.8,0.9841036064443895,False,0.7,0.01,False,False,4.0,0.8,0.9841036064443895,False,0.7,0.01
KZT_RUB,2025-08-01,0.147003,0.9444444444444444,0.14605,-0.0065251626155424,0.1464701813271458,0.1469823378690065,0.1469738235586331,0.146928257941773,0.1469555117881984,0.1464701813271458,0.0036245428518751,0.146664,0.0023060753862166,TEST,0.75,0.63754571481249,0.705018285924996,False,0.16428202034131728,True,False,5.0,0.8,0.9830819626167848,False,0.75,0.0075,True,False,5.0,0.8,0.9830819626167848,False,0.7,0.01,True,False,5.0,0.8,0.9830819626167848,False,0.7,0.01
KZT_RUB,2025-08-02,0.148543,0.8888888888888888,0.14605,-0.0170694967476891,0.1487013544505399,0.1485221214130041,0.148513553864366,0.148514535297291,0.1484811951788156,0.1484811951788156,0.0004160736028247,0.146664,0.0126495358246435,TEST,0.5,0.95839263971753,0.683357055887012,False,0.4297534907774513,False,False,6.0,0.8,0.9830049070265768,False,0.75,0.0075,False,False,6.0,0.8,0.9830049070265768,False,0.7,0.01,False,False,6.0,0.8,0.9830049070265768,False,0.7,0.01
KZT_RUB,2025-08-05,0.146664,0.9777777777777776,0.14605,-0.004204039712427,0.1462105889588538,0.1466433855174382,0.1466348908417064,0.1466236677388597,0.1466302567449738,0.1462105889588538,0.003091495125908,0.147672,0.0,TEST,0.9,0.6908504874092001,0.8163401949636802,True,0.10584382003102492,True,False,7.0,0.7,0.9568647775889945,False,0.75,0.0075,True,False,7.0,0.7,0.9568647775889945,False,0.7,0.01,True,False,7.0,0.7,0.9568647775889945,False,0.7,0.01
KZT_RUB,2025-08-06,0.147741,0.9,0.146664,-0.0073433153330062,0.1478412571045363,0.1477202341387924,0.147711677083978,0.1476951785002558,0.147679528869845,0.147679528869845,0.0004160736028252,0.147185,0.0037633426063178,TEST,0.55,0.95839263971748,0.713357055886992,False,0.2915014652646092,False,False,8.0,0.7,0.9549754749555104,False,0.75,0.0075,False,False,8.0,0.7,0.9549754749555104,False,0.7,0.01,False,False,8.0,0.7,0.9549754749555104,False,0.7,0.01
KZT_RUB,2025-08-07,0.149185,0.8444444444444444,0.146664,-0.0171889488899799,0.1492421583510625,0.1491640311761511,0.149155426598732,0.1491387306472859,0.1491371883277284,0.1491371883277284,0.0003204857879251,0.146791,0.0160471897308711,TEST,0.30000000000000004,0.96795142120749,0.567180568482996,False,0.5404240648164107,False,False,9.0,0.7,0.9549754749555104,False,0.75,0.0075,False,False,9.0,0.7,0.9549754749555104,False,0.7,0.01,False,False,9.0,0.7,0.9549754749555104,False,0.7,0.01
KZT_RUB,2025-08-08,0.147946,0.8888888888888888,0.146664,-0.0087410680194185,0.1476771826859395,0.147925205324844,0.1479166363965737,0.1479078509900928,0.1478985854096196,0.1476771826859395,0.0018169961611703,0.146791,0.0078069025184864,TEST,0.5,0.81830038388297,0.627320153553188,False,0.3268401999655199,False,False,10.0,0.7,0.9549754749555104,False,0.75,0.0075,False,False,10.0,0.7,0.9549754749555104,False,0.7,0.01,False,False,10.0,0.7,0.9549754749555104,False,0.7,0.01
KZT_RUB,2025-08-09,0.14791,0.8888888888888888,0.146664,-0.008495609011073,0.1479035690532166,0.1478892103848544,0.1478806435416789,0.1478700789516631,0.147862596947108,0.147862596947108,0.0003204857879252,0.146791,0.0075654113988236,TEST,0.5,0.96795142120748,0.687180568482992,False,0.3206343733838994,False,False,11.0,0.7,0.9549754749555104,False,0.75,0.0075,False,False,11.0,0.7,0.9549754749555104,False,0.7,0.01,False,False,11.0,0.7,0.9549754749555104,False,0.7,0.01
KZT_RUB,2025-08-12,0.147672,0.9,0.146664,-0.006872852233677,0.1475693250964146,0.1476512438371457,0.1476426907787628,0.147626784243528,0.1476246732227255,0.1475693250964146,0.0006952902621038,0.146791,0.0059659244812827,TEST,0.55,0.93047097378962,0.702188389515848,False,0.27960696431649446,False,False,12.0,0.6,0.9248206481054745,False,0.75,0.0075,False,False,12.0,0.6,0.9248206481054745,False,0.7,0.01,False,False,12.0,0.6,0.9248206481054745,False,0.7,0.01
KZT_RUB,2025-08-13,0.147185,0.9222222222222224,0.147672,0.0032978492876102,0.1470695764511406,0.1471643122878426,0.1471557874361572,0.1471434514907514,0.1471374529944694,0.1470695764511406,0.0007842072823956,0.146791,0.0026769032170398,TEST,0.65,0.92157927176044,0.7586317087041761,False,0.19565592139286278,False,False,13.0,0.6,0.9248206481054745,False,0.75,0.0075,False,False,13.0,0.6,0.9248206481054745,False,0.7,0.01,False,False,13.0,0.6,0.9248206481054745,False,0.7,0.01
KZT_RUB,2025-08-14,0.146791,0.9555555555555556,0.147185,0.0026769032170398,0.1466843514069685,0.1467703676668458,0.1467618656353633,0.1467495627120894,0.1467435802732015,0.1466843514069685,0.0007265335955985,0.148274,0.0,TEST,0.8,0.92734664044015,0.85093865617606,False,0.12773659713842295,True,False,14.0,0.6,0.9237312034581424,False,0.75,0.0075,True,False,14.0,0.6,0.9237312034581424,False,0.7,0.01,True,False,14.0,0.6,0.9237312034581424,False,0.7,0.01
KZT_RUB,2025-08-15,0.148274,0.8222222222222222,0.146791,-0.0101027992179355,0.1482185232677568,0.1482531592225266,0.1482446071890631,0.1482376030858913,0.1482123071026147,0.1482123071026147,0.000416073602825,0.148697,0.0,TEST,0.25,0.9583926397175,0.533357055887,False,0.38338217548698084,False,False,15.0,0.6,0.8797651565162729,False,0.75,0.0075,False,False,15.0,0.6,0.8797651565162729,False,0.7,0.01,False,False,15.0,0.6,0.8797651565162729,False,0.7,0.01
KZT_RUB,2025-08-16,0.148732,0.7777777777777778,0.146791,-0.0132228815118092,0.1487836183387291,0.1487110948479492,0.1487025163983149,0.1486954906603368,0.1486843335077903,0.1486843335077903,0.0003204857879252,0.148697,0.0002353225936584,TEST,0.15000000000000002,0.96795142120748,0.47718056848299206,False,0.4623340803309756,False,False,16.0,0.6,0.8301795794486321,False,0.75,0.0075,False,False,16.0,0.6,0.8301795794486321,False,0.7,0.01,False,False,16.0,0.6,0.8301795794486321,False,0.7,0.01
KZT_RUB,2025-08-19,0.148697,0.7888888888888889,0.146791,-0.0129844472753778,0.1487311023808701,0.1486760997674038,0.1486675233364725,0.1486648728790474,0.1486493447247928,0.1486493447247928,0.0003204857879257,0.148736,0.0,TEST,0.19999999999999996,0.96795142120743,0.507180568482972,False,0.4563006378210623,False,False,17.0,0.6,0.7817151032079778,False,0.75,0.0075,False,False,17.0,0.6,0.7817151032079778,False,0.7,0.01,False,False,17.0,0.6,0.7817151032079778,False,0.7,0.01
KZT_RUB,2025-08-20,0.14879,0.7555555555555555,0.146791,-0.0136180011036099,0.1488771577981297,0.1487690866957102,0.1487605049007965,0.148761487965666,0.1487423149196146,0.1487423149196146,0.0003204857879253,0.148736,0.0003629276161032,TEST,0.15000000000000002,0.96795142120747,0.47718056848298807,False,0.47233235649025895,False,False,18.0,0.6,0.7314669170138657,False,0.75,0.0075,False,False,18.0,0.6,0.7314669170138657,False,0.7,0.01,False,False,18.0,0.6,0.7314669170138657,False,0.7,0.01
KZT_RUB,2025-08-21,0.148736,0.7555555555555555,0.146791,-0.01325013113883,0.1487189709665166,0.1487150942857258,0.1487065156053826,0.1487074983134706,0.1486883322258471,0.1486883322258471,0.0003204857879256,0.149081,0.0,TEST,0.19999999999999996,0.96795142120744,0.507180568482976,False,0.46302361661782343,False,False,19.0,0.6,0.7083537939097945,False,0.75,0.0075,False,False,19.0,0.6,0.7083537939097945,False,0.7,0.01,False,False,19.0,0.6,0.7083537939097945,False,0.7,0.01
KZT_RUB,2025-08-22,0.149081,0.7333333333333334,0.148274,-0.0054426264887977,0.1491755097121674,0.149060045793959,0.1490514472149717,0.1490444049910824,0.1490332216582503,0.1490332216582503,0.0003204857879252,0.149344,0.0,TEST,0.15000000000000002,0.96795142120748,0.47718056848299206,False,0.5224961213583826,False,False,20.0,0.6,0.7033203480795073,False,0.75,0.0075,False,False,20.0,0.6,0.7033203480795073,False,0.7,0.01,False,False,20.0,0.6,0.7033203480795073,False,0.7,0.01
KZT_RUB,2025-08-23,0.150162,0.6777777777777778,0.148697,-0.0098522498772671,0.1503285762282497,0.1501408938530898,0.1501322329250178,0.1501332250547774,0.1501138752131135,0.1501138752131135,0.0003204857879255,0.149344,0.005447450087239,TEST,0.09999999999999998,0.96795142120745,0.44718056848298005,False,0.7088433028788099,False,False,21.0,0.6,0.6931836968961345,False,0.75,0.0075,False,False,21.0,0.6,0.6931836968961345,False,0.7,0.01,False,False,21.0,0.6,0.6931836968961345,False,0.7,0.01
KZT_RUB,2025-08-26,0.150155,0.6777777777777778,0.148697,-0.0098051742805841,0.1501980809461682,0.1501338948369807,0.1501252343126494,0.1501225578670273,0.1501068774565141,0.1501068774565141,0.0003204857879251,0.149341,0.0054210648996038,TEST,0.15000000000000002,0.96795142120749,0.47718056848299606,False,0.7076366143768311,False,False,22.0,0.6,0.6848864609254041,False,0.75,0.0075,False,False,22.0,0.6,0.6848864609254041,False,0.7,0.01,False,False,22.0,0.6,0.6848864609254041,False,0.7,0.01
KZT_RUB,2025-08-27,0.150239,0.6555555555555556,0.148736,-0.0101051527538726,0.1502940728137117,0.1502178830302897,0.1502092176610711,0.1502102102995745,0.1501908505357079,0.1501908505357079,0.0003204857879252,0.149341,0.0059771430853507,TEST,0.09999999999999998,0.96795142120748,0.44718056848299204,False,0.6892230576441113,False,False,23.0,0.6,0.6497349144867176,False,0.75,0.0075,False,False,23.0,0.6,0.6497349144867176,False,0.7,0.01,False,False,23.0,0.6,0.6497349144867176,False,0.7,0.01
KZT_RUB,2025-08-28,0.150677,0.5888888888888889,0.148736,-0.013049967728055,0.1507324325043107,0.1506558214668292,0.1506471308349843,0.1506481263673812,0.1506287101629328,0.1506287101629328,0.0003204857879251,0.149341,0.0088666485263179,TEST,0.050000000000000044,0.96795142120749,0.41718056848299606,False,0.9302271673620781,False,False,24.0,0.6,0.6497349144867176,False,0.75,0.0075,False,False,24.0,0.6,0.6497349144867176,False,0.7,0.01,False,False,24.0,0.6,0.6497349144867176,False,0.7,0.01
KZT_RUB,2025-08-29,0.149344,0.7111111111111111,0.149081,-0.0017641416411213,0.1492263810866345,0.1493230088277716,0.1493143950796731,0.1493029307450517,0.1492751777962788,0.1492263810866345,0.0007875703969728,0.149341,2.0087850867815247e-05,TEST,0.19999999999999996,0.92124296030272,0.488497184121088,False,0.6678295539496647,False,False,25.0,0.6,0.6497349144867176,False,0.75,0.0075,False,False,25.0,0.6,0.6497349144867176,False,0.7,0.01,False,False,25.0,0.6,0.6497349144867176,False,0.7,0.01
KZT_RUB,2025-08-30,0.149382,0.7,0.149344,-0.0002544461109919,0.1495099433428381,0.1493610034866495,0.1493523875468162,0.1493416816574764,0.1493341251920281,0.1493341251920281,0.0003204857879255,0.149341,0.0002744641255304,TEST,0.19999999999999996,0.96795142120745,0.50718056848298,False,0.6772987789683496,False,False,26.0,0.6,0.5912364025110729,False,0.75,0.0075,False,False,26.0,0.6,0.5912364025110729,False,0.7,0.01,False,False,26.0,0.6,0.5912364025110729,False,0.7,0.01
KZT_RUB,2025-09-02,0.149341,0.7111111111111111,0.149344,2.0087850867815247e-05,0.1493132161273099,0.1493200092494392,0.1493113956743723,0.149300692723415,0.1492931383319454,0.1492931383319454,0.0003204857879255,0.149654,0.0,TEST,0.30000000000000004,0.96795142120745,0.56718056848298,False,0.6670819835534517,False,False,27.0,0.6,0.5468864609253984,False,0.75,0.0075,False,False,27.0,0.6,0.5468864609253984,False,0.7,0.01,False,False,27.0,0.6,0.5468864609253984,False,0.7,0.01
KZT_RUB,2025-09-03,0.149654,0.6777777777777778,0.149341,-0.0020958745421552,0.1497797783326763,0.1496329652554594,0.1496243336274199,0.1496172643364041,0.1496060380198938,0.1496060380198938,0.0003204857879255,0.149845,0.0,TEST,0.19999999999999996,0.96795142120745,0.50718056848298,False,0.7367472979927957,False,False,28.0,0.6,0.5468864609253921,False,0.75,0.0075,False,False,28.0,0.6,0.5468864609253921,False,0.7,0.01,False,False,28.0,0.6,0.5468864609253921,False,0.7,0.01
KZT_RUB,2025-09-04,0.149845,0.6555555555555556,0.149341,-0.0033748267388058,0.149882955736042,0.1498206727886412,0.1498104620005049,0.1498031248047998,0.1497866107118033,0.1497866107118033,0.0003896645747052,0.150501,0.0,TEST,0.19999999999999996,0.96103354252948,0.504413417011792,False,0.7858980957282554,False,False,29.0,0.6,0.517651163444588,False,0.75,0.0075,False,False,29.0,0.6,0.517651163444588,False,0.7,0.01,False,False,29.0,0.6,0.517651163444588,False,0.7,0.01
KZT_RUB,2025-09-05,0.150501,0.5444444444444445,0.149341,-0.0077674583670927,0.1506234211448759,0.1504765662875858,0.1504663107980779,0.1504510611489403,0.1504423550918423,0.1504423550918423,0.000389664574705,0.151015,0.0,TEST,0.050000000000000044,0.9610335425295,0.41441341701180007,False,0.9547092125578978,False,False,30.0,0.6,0.50718056848298,False,0.75,0.0075,False,False,30.0,0.6,0.50718056848298,False,0.7,0.01,False,False,30.0,0.6,0.50718056848298,False,0.7,0.01
KZT_RUB,2025-09-06,0.151015,0.4666666666666667,0.149341,-0.0112092459538908,0.1511349142963598,0.1509904828401125,0.1509801923254446,0.1509648905947949,0.1509561548042509,0.1509561548042509,0.0003896645747052,0.153073,0.0,TEST,0.0,0.96103354252948,0.38441341701179205,False,1.0869788986103976,False,False,31.0,0.6,0.5071805684829775,False,0.75,0.0075,False,False,31.0,0.6,0.5071805684829775,False,0.7,0.01,False,False,31.0,0.6,0.5071805684829775,False,0.7,0.01
KZT_RUB,2025-09-09,0.153073,0.3555555555555555,0.149341,-0.024989788470681,0.1534458144262275,0.1530514846950228,0.153042655868537,0.1530436672314563,0.1530085119391532,0.1530085119391532,0.00042128958632,0.153598,0.0,TEST,0.0,0.957871041368,0.38314841654720005,False,1.487215909090903,False,False,32.0,0.6,0.5071805684829735,False,0.75,0.0075,False,False,32.0,0.6,0.5071805684829735,False,0.7,0.01,False,False,32.0,0.6,0.5071805684829735,False,0.7,0.01
KZT_RUB,2025-09-10,0.155556,0.1999999999999999,0.149654,-0.0394376361473798,0.1559626330814898,0.1555341356948578,0.1555251636558123,0.1555261914240684,0.1554904658771103,0.1554904658771103,0.0004212895863207,0.153065,0.0160135256756408,TEST,0.0,0.95787104136793,0.383148416547172,False,1.3952562878064343,False,False,33.0,0.6,0.505520277600264,False,0.75,0.0075,False,False,33.0,0.6,0.505520277600264,False,0.7,0.01,False,False,33.0,0.6,0.505520277600264,False,0.7,0.01
KZT_RUB,2025-09-11,0.158211,0.0444444444444444,0.149845,-0.0558310253929058,0.1586694336739441,0.1581887625190873,0.1581796373469986,0.1581768173067847,0.1581443473532587,0.1581443473532587,0.0004212895863201,0.153065,0.032526183388007,TEST,0.0,0.95787104136799,0.383148416547196,False,1.3029092983456922,False,False,34.0,0.6,0.4948636772773696,False,0.75,0.0075,False,False,34.0,0.6,0.4948636772773696,False,0.7,0.01,False,False,34.0,0.6,0.4948636772773696,False,0.7,0.01
KZT_RUB,2025-09-12,0.159169,0.0,0.150501,-0.057594301698992,0.1596005919450603,0.1591466278665871,0.1591374474397129,0.1591384990792868,0.159101943757835,0.159101943757835,0.0004212895863201,0.153065,0.0383491760330214,TEST,0.0,0.95787104136799,0.383148416547196,False,1.0964073664083742,False,False,35.0,0.6,0.48170721473823286,False,0.75,0.0075,False,False,35.0,0.6,0.48170721473823286,False,0.7,0.01,False,False,35.0,0.6,0.48170721473823286,False,0.7,0.01
KZT_RUB,2025-09-13,0.156581,0.1333333333333333,0.151015,-0.0368572658345196,0.1563261255968802,0.1565589916251159,0.1565499604669105,0.1565330563927885,0.1565150340552844,0.1563261255968802,0.001627747958691,0.153065,0.0224548316845593,TEST,0.09999999999999998,0.8372252041309001,0.39489008165236006,False,0.7528647822765465,False,False,36.0,0.6,0.47718056848299367,False,0.75,0.0075,False,False,36.0,0.6,0.47718056848299367,False,0.7,0.01,False,False,36.0,0.6,0.47718056848299367,False,0.7,0.01
KZT_RUB,2025-09-16,0.153598,0.3111111111111111,0.153073,-0.0034297361389665,0.1532871849117062,0.1535764109032038,0.1535675517961728,0.153519904786572,0.1535487740239463,0.1532871849117062,0.002023562079544,0.153065,0.0034700972668915,TEST,0.19999999999999996,0.7976437920456,0.43905751681824,False,0.46800993124522655,False,False,37.0,0.6,0.47718056848299367,False,0.75,0.0075,False,False,37.0,0.6,0.47718056848299367,False,0.7,0.01,False,False,37.0,0.6,0.47718056848299367,False,0.7,0.01
KZT_RUB,2025-09-17,0.153065,0.3555555555555555,0.153598,0.0034700972668915,0.1529914365107356,0.1530434858194696,0.1530346574544016,0.1530217916393101,0.1530159448428712,0.1529914365107356,0.0004806029416548,0.153594,0.0,TEST,0.30000000000000004,0.95193970583452,0.560775882333808,False,0.41493338445317746,False,False,38.0,0.6,0.4771805684829897,False,0.75,0.0075,False,False,38.0,0.6,0.4771805684829897,False,0.7,0.01,False,False,38.0,0.6,0.4771805684829897,False,0.7,0.01
KZT_RUB,2025-09-18,0.153832,0.2777777777777778,0.153065,-0.0050109430634043,0.153974703980753,0.1538103780131359,0.1538015054096332,0.153784289391918,0.1537826990302719,0.1537826990302719,0.0003204857879251,0.153594,0.0015471423370949,TEST,0.19999999999999996,0.96795142120749,0.507180568482996,False,0.4884501102271629,False,False,39.0,0.6,0.47718056848299367,False,0.75,0.0075,False,False,39.0,0.6,0.47718056848299367,False,0.7,0.01,False,False,39.0,0.6,0.47718056848299367,False,0.7,0.01
KZT_RUB,2025-09-19,0.153736,0.2777777777777778,0.153065,-0.0043837585339561,0.1536715315968642,0.1537143915064971,0.1537055244400084,0.1536868935439241,0.1536867297969075,0.1536715315968642,0.0004193448713106,0.153594,0.0009236613415205,TEST,0.25,0.95806551286894,0.533226205147576,False,0.46143933386201563,False,False,40.0,0.6,0.47718056848299367,False,0.75,0.0075,False,False,40.0,0.6,0.47718056848299367,False,0.7,0.01,False,False,40.0,0.6,0.47718056848299367,False,0.7,0.01
KZT_RUB,2025-09-20,0.154414,0.2333333333333332,0.153065,-0.0088132492731845,0.1545924693194256,0.1543922962096336,0.1543833900379837,0.1543661088860811,0.1543645125075433,0.1543645125075433,0.0003204857879253,0.153594,0.0053103993161241,TEST,0.19999999999999996,0.96795142120747,0.507180568482988,False,0.5161782661782655,False,False,41.0,0.6,0.48170721473823286,False,0.75,0.0075,False,False,41.0,0.6,0.48170721473823286,False,0.7,0.01,False,False,41.0,0.6,0.48170721473823286,False,0.7,0.01
KZT_RUB,2025-09-23,0.155248,0.1666666666666666,0.153065,-0.0142619148727664,0.1554004497694853,0.1552261789860583,0.1552172247115993,0.1552182504448801,0.1551982452223962,0.1551982452223962,0.0003204857879251,0.152257,0.0192659486756672,TEST,0.19999999999999996,0.96795142120749,0.507180568482996,False,0.6010378510378503,False,False,42.0,0.6,0.4948636772773696,False,0.75,0.0075,False,False,42.0,0.6,0.4948636772773696,False,0.7,0.01,False,False,42.0,0.6,0.4948636772773696,False,0.7,0.01
KZT_RUB,2025-09-24,0.153594,0.3,0.153065,-0.0034560480841472,0.15345394674412,0.1535724114654272,0.1535635525891051,0.1535506423091379,0.1535447753058894,0.15345394674412,0.0009118406700783,0.150528,0.0199617172545803,TEST,0.44999999999999996,0.90881593299217,0.633526373196868,False,0.4327431827431833,False,False,43.0,0.6,0.5055202776002672,False,0.75,0.0075,False,False,43.0,0.6,0.5055202776002672,False,0.7,0.01,False,False,43.0,0.6,0.5055202776002672,False,0.7,0.01
KZT_RUB,2025-09-25,0.15411,0.2444444444444444,0.153594,-0.003359506230712,0.1543163017256833,0.1540883389386108,0.1540794503008384,0.1540721705192192,0.1540606099352228,0.1540606099352228,0.0003204857879254,0.148429,0.0368632794756991,TEST,0.30000000000000004,0.96795142120746,0.567180568482984,False,0.4852462352462346,False,False,44.0,0.6,0.50718056848298,False,0.75,0.0075,False,False,44.0,0.6,0.50718056848298,False,0.7,0.01,False,False,44.0,0.6,0.50718056848298,False,0.7,0.01
KZT_RUB,2025-09-26,0.154029,0.2444444444444444,0.153594,-0.0028321418805421,0.1540032091984122,0.1540073503236342,0.1539984663577175,0.1539911904023413,0.1539796358945716,0.1539796358945716,0.0003204857879257,0.147516,0.0422842451746099,TEST,0.35,0.96795142120743,0.5971805684829721,False,0.4770044770044766,False,False,45.0,0.6,0.5071805684829832,False,0.75,0.0075,False,False,45.0,0.6,0.5071805684829832,False,0.7,0.01,False,False,45.0,0.6,0.5071805684829832,False,0.7,0.01
KZT_RUB,2025-09-27,0.154356,0.2111111111111111,0.153594,-0.004961131294191,0.1544866825540762,0.1543343043618727,0.154325401535502,0.154318110133441,0.154306531095719,0.154306531095719,0.0003204857879251,0.147516,0.0443131462333824,TEST,0.30000000000000004,0.96795142120749,0.567180568482996,False,0.5102767602767593,False,False,46.0,0.6,0.5071805684829912,False,0.75,0.0075,False,False,46.0,0.6,0.5071805684829912,False,0.7,0.01,False,False,46.0,0.6,0.5071805684829912,False,0.7,0.01
KZT_RUB,2025-09-30,0.152257,0.3555555555555555,0.153594,0.0087047671132987,0.1519525202008321,0.1522355993885929,0.1522268176267261,0.1522064800959837,0.1522082037953878,0.1519525202008321,0.0019997753743203,0.147516,0.0311381414319209,TEST,0.75,0.8000224625679699,0.770008985027188,False,0.2967032967032968,True,False,47.0,0.6,0.507180568482996,True,0.75,0.0075,True,False,47.0,0.6,0.507180568482996,True,0.7,0.01,True,False,47.0,0.6,0.507180568482996,True,0.7,0.01
KZT_RUB,2025-10-01,0.150528,0.5333333333333333,0.152257,0.0113557997333456,0.1503880389518553,0.1505068424096502,0.1504981239337559,0.1504780537898962,0.1504793730635016,0.1503880389518553,0.0009298007556381,0.147516,0.0200095663265305,TEST,0.85,0.9070199244361901,0.8728079697744761,False,0.0918549658434037,True,True,1.0,0.8,0.5671805684829865,False,0.75,0.0075,True,True,1.0,0.8,0.5671805684829865,False,0.7,0.01,True,True,1.0,0.8,0.5671805684829865,False,0.7,0.01
KZT_RUB,2025-10-02,0.148429,0.8111111111111111,0.150528,0.0139442495748298,0.1481272506024109,0.1484081374363705,0.14839954053308,0.1483811266446286,0.1483810511296402,0.1481272506024109,0.0020329544603084,0.147516,0.00615108907289,TEST,1.0,0.79670455396916,0.918681821587664,False,-0.15186615186615193,True,True,2.0,0.8,0.5731805684829913,False,0.75,0.0075,True,True,2.0,0.8,0.5731805684829913,False,0.7,0.01,True,True,2.0,0.8,0.5731805684829913,False,0.7,0.01
KZT_RUB,2025-10-03,0.147516,0.8777777777777778,0.148429,0.00615108907289,0.1474408580636892,0.1474952657638576,0.147486721740885,0.1474670531919001,0.1474683460674128,0.1474408580636892,0.000509381601391,0.149731,0.0,TEST,1.0,0.9490618398609,0.97962473594436,True,-0.08500931098696436,True,True,3.0,0.8,0.6044497294257513,False,0.75,0.0075,True,True,3.0,0.8,0.6044497294257513,False,0.7,0.01,True,True,3.0,0.8,0.6044497294257513,False,0.7,0.01
KZT_RUB,2025-10-04,0.149731,0.6444444444444444,0.147516,-0.0150153203720274,0.1498978591000306,0.1497099544326593,0.1497013183634731,0.1496845613067585,0.1496687008833754,0.1496687008833754,0.0004160736028251,0.149924,0.0,TEST,0.9,0.95839263971749,0.9233570558869961,True,0.19007980777482153,True,False,4.0,0.8,0.6608228955629322,True,0.75,0.0075,True,False,4.0,0.8,0.6608228955629322,True,0.7,0.01,True,False,4.0,0.8,0.6608228955629322,True,0.7,0.01
KZT_RUB,2025-10-07,0.151579,0.3555555555555555,0.147516,-0.0275427750210145,0.1517461498431215,0.1515576946854563,0.1515489520287508,0.1515417918054164,0.151530421084752,0.151530421084752,0.0003204857879256,0.149924,0.0109183989866669,TEST,0.8,0.96795142120744,0.8671805684829761,False,0.34866557967905126,True,True,1.0,0.8,0.7905687819766457,False,0.75,0.0075,True,True,1.0,0.8,0.7905687819766457,False,0.7,0.01,True,True,1.0,0.8,0.7905687819766457,False,0.7,0.01
KZT_RUB,2025-10-08,0.150155,0.5777777777777777,0.147516,-0.0178895848585916,0.1499386140411735,0.1501338948369807,0.1501252343126494,0.150106569951453,0.1501068774565141,0.1499386140411735,0.0014410839387732,0.148686,0.0097832240018647,TEST,0.85,0.85589160612268,0.852356642449072,False,0.2264652879086933,True,True,2.0,0.8,0.868306048741276,False,0.75,0.0075,True,True,2.0,0.8,0.868306048741276,False,0.7,0.01,True,True,2.0,0.8,0.868306048741276,False,0.7,0.01
KZT_RUB,2025-10-09,0.15056,0.4777777777777777,0.147516,-0.0206350497573144,0.1506816580323821,0.1505388379118632,0.1505301540282541,0.1505311487876246,0.15051174765977,0.15051174765977,0.0003204857879251,0.146369,0.0278360786397449,TEST,0.75,0.96795142120749,0.837180568482996,False,0.2612202866214702,True,True,3.0,0.8,0.868306048741276,False,0.75,0.0075,True,True,3.0,0.8,0.868306048741276,False,0.7,0.01,True,True,3.0,0.8,0.868306048741276,False,0.7,0.01
KZT_RUB,2025-10-10,0.150743,0.4444444444444444,0.147516,-0.0218755931559965,0.1507334652095831,0.1507218121901434,0.1507131177516014,0.1507141137200644,0.1506946890108707,0.1506946890108707,0.0003204857879256,0.146369,0.0290162727290818,TEST,0.7,0.96795142120744,0.807180568482976,False,0.27692439715094663,False,False,4.0,0.8,0.868306048741276,False,0.75,0.0075,True,False,4.0,0.8,0.868306048741276,False,0.7,0.01,True,False,4.0,0.8,0.868306048741276,False,0.7,0.01
KZT_RUB,2025-10-11,0.149924,0.6111111111111112,0.149731,-0.0012889782343001,0.1497600453082064,0.1499029273053811,0.1498942801044897,0.1498742542011878,0.1498759514887311,0.1497600453082064,0.0010935853618739,0.146369,0.0237120140871375,TEST,0.85,0.89064146381261,0.866256585525044,False,0.26563706563706524,True,False,5.0,0.8,0.868306048741276,False,0.75,0.0075,True,False,5.0,0.8,0.868306048741276,False,0.7,0.01,True,False,5.0,0.8,0.868306048741276,False,0.7,0.01
KZT_RUB,2025-10-14,0.149992,0.6,0.149924,-0.0004535631386568,0.1500573297933434,0.1499709177475836,0.1499622666246406,0.1499454803582646,0.1499439296956975,0.1499439296956975,0.0003204857879252,0.146369,0.0241546215798175,TEST,0.8,0.96795142120748,0.8671805684829921,False,0.32022762545266187,True,False,6.0,0.8,0.868306048741276,False,0.75,0.0075,True,False,6.0,0.8,0.868306048741276,False,0.7,0.01,True,False,6.0,0.8,0.868306048741276,False,0.7,0.01
KZT_RUB,2025-10-15,0.148686,0.7666666666666666,0.149924,0.0082575171420185,0.1484329597040778,0.1486651013135181,0.1486564895249683,0.1486380437534664,0.1486379681077262,0.1484329597040778,0.0017018434548122,0.146369,0.0155831752821382,TEST,0.9,0.82981565451878,0.8719262618075121,False,0.15131919296430496,True,False,7.0,0.7,0.8665337804124237,True,0.75,0.0075,True,False,7.0,0.7,0.8665337804124237,True,0.7,0.01,True,False,7.0,0.7,0.8665337804124237,True,0.7,0.01
KZT_RUB,2025-10-16,0.146369,0.9888888888888888,0.148686,0.0155831752821382,0.1460394362330877,0.1463484269814127,0.1463399493918734,0.14632043377427,0.1463217165971226,0.1460394362330877,0.0022515953986997,0.146571,0.0,TEST,1.0,0.77484046013003,0.909936184052012,True,-0.1483445421624432,True,True,1.0,0.8,0.8721026034009048,False,0.75,0.0075,True,True,1.0,0.8,0.8721026034009048,False,0.7,0.01,True,True,1.0,0.8,0.8721026034009048,False,0.7,0.01
KZT_RUB,2025-10-17,0.146571,0.9666666666666668,0.146369,-0.001380073649475,0.1466624754318755,0.1465503985891319,0.1465419092998946,0.1465241821930225,0.1465405337774224,0.1465241821930225,0.0003194206696926,0.150572,0.0,TEST,0.95,0.96805793303074,0.957223173212296,True,0.02275030971956389,True,True,2.0,0.8,0.8802336126299833,False,0.75,0.0075,True,True,2.0,0.8,0.8802336126299833,False,0.7,0.01,True,True,2.0,0.8,0.8802336126299833,False,0.7,0.01
KZT_RUB,2025-10-18,0.150572,0.4111111111111111,0.146369,-0.0287150967759567,0.1507214194122265,0.150550836225193,0.1505421516494572,0.1505350389943539,0.1505237438139405,0.1505237438139405,0.0003204857879253,0.150474,0.0006508514199188,TEST,0.44999999999999996,0.96795142120747,0.657180568482988,False,0.47336411758081015,False,True,3.0,0.8,0.9116853115591425,False,0.75,0.0075,False,True,3.0,0.8,0.9116853115591425,False,0.7,0.01,False,True,3.0,0.8,0.9116853115591425,False,0.7,0.01
KZT_RUB,2025-10-21,0.151697,0.2444444444444444,0.146369,-0.0364011505168444,0.1520038037035407,0.1516756780998666,0.151666928637248,0.1516679309088489,0.1516483832674291,0.1516483832674291,0.0003204857879252,0.146776,0.0324396659129713,TEST,0.30000000000000004,0.96795142120748,0.567180568482992,False,0.600067575177385,False,False,4.0,0.8,0.9116853115591425,False,0.75,0.0075,False,False,4.0,0.8,0.9116853115591425,False,0.7,0.01,False,False,4.0,0.8,0.9116853115591425,False,0.7,0.01
KZT_RUB,2025-10-22,0.15117,0.3,0.146369,-0.0328006613422241,0.1512533203674098,0.1511487521727973,0.1511400331060784,0.1511237131893259,0.1511215521634393,0.1511215521634393,0.0003204857879254,0.146776,0.0290666137461137,TEST,0.35,0.96795142120746,0.5971805684829841,False,0.6011017904094157,False,False,5.0,0.8,0.9116853115591425,False,0.75,0.0075,False,False,5.0,0.8,0.9116853115591425,False,0.7,0.01,False,False,5.0,0.8,0.9116853115591425,False,0.7,0.01
KZT_RUB,2025-10-23,0.151617,0.2333333333333332,0.146369,-0.0358545866952701,0.1517733548887976,0.1515956893443342,0.151586944495894,0.1515842419907767,0.1515531253367909,0.1515531253367909,0.00042128958632,0.146776,0.0319291372339514,TEST,0.25,0.957871041368,0.5331484165472,False,0.6570677350694888,False,False,6.0,0.8,0.9116853115591425,False,0.75,0.0075,False,False,6.0,0.8,0.9116853115591425,False,0.7,0.01,False,False,6.0,0.8,0.9116853115591425,False,0.7,0.01
KZT_RUB,2025-10-24,0.150909,0.3333333333333333,0.146571,-0.0295965777677711,0.15083082631741,0.150887788857873,0.1508790848449109,0.1508664797232166,0.150845423609818,0.15083082631741,0.0005180186906678,0.146776,0.0273873658960035,TEST,0.35,0.94819813093322,0.589279252373288,False,0.5684236884938014,False,False,7.0,0.7,0.8721907741976013,False,0.75,0.0075,False,False,7.0,0.7,0.8721907741976013,False,0.7,0.01,False,False,7.0,0.7,0.8721907741976013,False,0.7,0.01
KZT_RUB,2025-10-25,0.150474,0.4444444444444444,0.150572,0.0006508514199188,0.1504234208260444,0.1504528499996659,0.1504441710762985,0.1504351991259191,0.1504257752215477,0.1504234208260444,0.0003361323149221,0.146776,0.0245756742028523,TEST,0.55,0.96638676850779,0.716554707403116,False,0.5139601853011144,False,False,8.0,0.7,0.8721907741976013,False,0.75,0.0075,False,False,8.0,0.7,0.8721907741976013,False,0.7,0.01,False,False,8.0,0.7,0.8721907741976013,False,0.7,0.01
KZT_RUB,2025-10-28,0.146776,0.9444444444444444,0.150474,0.0245756742028523,0.1462766238786038,0.1467553697751835,0.1467468686124904,0.1467168807234522,0.1467285851188385,0.1462766238786038,0.0034023009306439,0.148315,0.0,TEST,0.9,0.65976990693561,0.803907962774244,True,0.0691236413043462,True,False,9.0,0.7,0.8721907741976013,False,0.75,0.0075,True,False,9.0,0.7,0.8721907741976013,False,0.7,0.01,True,False,9.0,0.7,0.8721907741976013,False,0.7,0.01
KZT_RUB,2025-10-29,0.148324,0.7666666666666666,0.146776,-0.0105466833814794,0.1483392453212018,0.1483031521947343,0.1482945972774094,0.1482779976842714,0.1482622862989346,0.1482622862989346,0.000416073602825,0.148315,6.067797524344678e-05,TEST,0.8,0.9583926397175,0.8633570558870001,False,0.3669294294294318,True,False,10.0,0.7,0.8721907741976013,False,0.75,0.0075,True,False,10.0,0.7,0.8721907741976013,False,0.7,0.01,True,False,10.0,0.7,0.8721907741976013,False,0.7,0.01
KZT_RUB,2025-10-30,0.148315,0.7666666666666666,0.146776,-0.0104853654548428,0.1481641744037795,0.1482941534597369,0.1482855990615071,0.1482690004755988,0.1482674671503638,0.1481641744037795,0.0010169274599366,0.151851,0.0,TEST,0.8,0.89830725400634,0.8393229016025361,False,0.3652402402402409,True,False,11.0,0.7,0.8686042764803481,False,0.75,0.0075,True,False,11.0,0.7,0.8686042764803481,False,0.7,0.01,True,False,11.0,0.7,0.8686042764803481,False,0.7,0.01
KZT_RUB,2025-10-31,0.151851,0.1888888888888888,0.146776,-0.0345764975200306,0.1519163243633173,0.1518296564542663,0.1518208981093545,0.1518039037940879,0.1518023339126177,0.1518023339126177,0.0003204857879258,0.15248,0.0,TEST,0.0,0.9679514212074201,0.38718056848296806,False,1.0289039039039067,False,False,12.0,0.6,0.8645168677422177,False,0.75,0.0075,False,False,12.0,0.6,0.8645168677422177,False,0.7,0.01,False,False,12.0,0.6,0.8645168677422177,False,0.7,0.01
KZT_RUB,2025-11-01,0.152764,0.1666666666666666,0.146776,-0.0407968605221563,0.1529183900652061,0.1527425281267792,0.1527337171225572,0.1527347264438941,0.1527150413090934,0.1527150413090934,0.0003204857879251,0.15248,0.0018590767458302,TEST,0.0,0.96795142120749,0.38718056848299603,False,1.1665450565487039,False,False,13.0,0.6,0.8567568078242432,False,0.75,0.0075,False,False,13.0,0.6,0.8567568078242432,False,0.7,0.01,False,False,13.0,0.6,0.8567568078242432,False,0.7,0.01
KZT_RUB,2025-11-02,0.15248,0.1777777777777778,0.146776,-0.0388619392816265,0.1525665664311733,0.1524585680446393,0.1524497734207504,0.1524370370766228,0.1524157617638779,0.1524157617638779,0.0004212895863202,0.154012,0.0,TEST,0.050000000000000044,0.95787104136798,0.41314841654719203,False,0.9555903049257223,False,False,14.0,0.6,0.8445363979411504,False,0.75,0.0075,False,False,14.0,0.6,0.8445363979411504,False,0.7,0.01,False,False,14.0,0.6,0.8445363979411504,False,0.7,0.01
KZT_RUB,2025-11-06,0.155388,0.0444444444444444,0.148315,-0.0476890402184539,0.1554853953622203,0.1553661593082399,0.1553571969589688,0.1553582236172384,0.1553225366537609,0.1553225366537609,0.0004212895863201,0.154012,0.0088552526578628,TEST,0.0,0.95787104136799,0.383148416547196,False,1.410320562939794,False,False,15.0,0.6,0.838037501730812,False,0.75,0.0075,False,False,15.0,0.6,0.838037501730812,False,0.7,0.01,False,False,15.0,0.6,0.838037501730812,False,0.7,0.01
KZT_RUB,2025-11-07,0.155021,0.0666666666666666,0.148315,-0.0452145770825606,0.1549718399819187,0.1549992108922352,0.1549902697105073,0.154973534049894,0.154955691267039,0.154955691267039,0.0004212895863204,0.153628,0.0089858793324775,TEST,0.050000000000000044,0.95787104136796,0.41314841654718404,False,0.9593081272868382,False,False,16.0,0.6,0.819180568482984,False,0.75,0.0075,False,False,16.0,0.6,0.819180568482984,False,0.7,0.01,False,False,16.0,0.6,0.819180568482984,False,0.7,0.01
KZT_RUB,2025-11-08,0.15419,0.0999999999999999,0.151851,-0.0154032571402228,0.1541298142298009,0.1541683276941431,0.1541594344421925,0.1541427884941599,0.1541405842963598,0.1541298142298009,0.0003903351073291,0.153628,0.0036448537518646,TEST,0.09999999999999998,0.96096648926709,0.44438659570683603,False,0.8671693092360567,False,False,17.0,0.6,0.8052170050577369,False,0.75,0.0075,False,False,17.0,0.6,0.8052170050577369,False,0.7,0.01,False,False,17.0,0.6,0.8052170050577369,False,0.7,0.01
KZT_RUB,2025-11-11,0.154012,0.1333333333333333,0.15248,-0.0100472193074501,0.1539945929492114,0.1539903527130836,0.1539814697276798,0.153982487294631,0.15396264134283,0.15396264134283,0.0003204857879256,0.153628,0.0024933122094383,TEST,0.15000000000000002,0.96795142120744,0.4771805684829761,False,0.8474331965849885,False,False,18.0,0.6,0.7514960095515673,False,0.75,0.0075,False,False,18.0,0.6,0.7514960095515673,False,0.7,0.01,False,False,18.0,0.6,0.7514960095515673,False,0.7,0.01
KZT_RUB,2025-11-12,0.155384,0.0555555555555555,0.15248,-0.0190451206715634,0.1556521479524745,0.1553621598704632,0.1553531977519011,0.1553542243837425,0.155334201636329,0.155334201636329,0.0003204857879253,0.153628,0.0113010348555836,TEST,0.050000000000000044,0.96795142120747,0.41718056848298807,False,0.9995564918505373,False,False,19.0,0.6,0.6809302240510392,False,0.75,0.0075,False,False,19.0,0.6,0.6809302240510392,False,0.7,0.01,False,False,19.0,0.6,0.6809302240510392,False,0.7,0.01
KZT_RUB,2025-11-13,0.154746,0.0888888888888889,0.154012,-0.0047658624003323,0.1546410774188052,0.1547242495450928,0.1547153242246028,0.1547023171137535,0.1546964061062617,0.1546410774188052,0.0006780309745957,0.153628,0.0072247424812273,TEST,0.15000000000000002,0.93219690254043,0.46287876101617204,False,0.928816942011309,False,False,20.0,0.6,0.6211805684829856,False,0.75,0.0075,False,False,20.0,0.6,0.6211805684829856,False,0.7,0.01,False,False,20.0,0.6,0.6211805684829856,False,0.7,0.01
KZT_RUB,2025-11-14,0.153628,0.1888888888888888,0.154012,0.0024933122094383,0.153483094631807,0.1536064066865284,0.1535975458491805,0.1535846327113575,0.1535787644093726,0.153483094631807,0.0009432223825928,0.154643,0.0,TEST,0.30000000000000004,0.90567776174072,0.542271104696288,False,0.8048564142366103,False,False,21.0,0.6,0.5924397788171665,False,0.75,0.0075,False,False,21.0,0.6,0.5924397788171665,False,0.7,0.01,False,False,21.0,0.6,0.5924397788171665,False,0.7,0.01
KZT_RUB,2025-11-15,0.154729,0.0999999999999999,0.153628,-0.00716666232718,0.1549488589750034,0.1547072519345422,0.1546983275945651,0.1546872384971393,0.1546794115545201,0.1546794115545201,0.0003204857879252,0.152501,0.0143993692197326,TEST,0.19999999999999996,0.96795142120748,0.507180568482992,False,0.9252580242712948,False,False,22.0,0.6,0.5760200420391104,False,0.75,0.0075,False,False,22.0,0.6,0.5760200420391104,False,0.7,0.01,False,False,22.0,0.6,0.5760200420391104,False,0.7,0.01
KZT_RUB,2025-11-18,0.155365,0.0666666666666666,0.153628,-0.0113065326633166,0.1554491086903284,0.1553431625410243,0.1553342015183295,0.1553352280246367,0.155315207725559,0.155315207725559,0.0003204857879251,0.152162,0.0206159688475526,TEST,0.09999999999999998,0.96795142120749,0.44718056848299603,False,0.9973293079424065,False,False,23.0,0.6,0.5522348902109696,False,0.75,0.0075,False,False,23.0,0.6,0.5522348902109696,False,0.7,0.01,False,False,23.0,0.6,0.5522348902109696,False,0.7,0.01
KZT_RUB,2025-11-19,0.154643,0.1222222222222222,0.153628,-0.0066068685395892,0.154560075360356,0.154621264022345,0.1546123446426096,0.1545993461893825,0.1545934391162979,0.154560075360356,0.0005362327402081,0.151855,0.0180286207587799,TEST,0.30000000000000004,0.94637672597919,0.558550690391676,False,0.9134928007431496,False,False,24.0,0.6,0.5367974918068352,False,0.75,0.0075,False,False,24.0,0.6,0.5367974918068352,False,0.7,0.01,False,False,24.0,0.6,0.5367974918068352,False,0.7,0.01
KZT_RUB,2025-11-20,0.155361,0.0777777777777777,0.153628,-0.0112804957429636,0.1555352877635678,0.1553391631032477,0.1553302023112618,0.1553228634354449,0.1553112090075021,0.1553112090075021,0.0003204857879256,0.151609,0.0241502050064044,TEST,0.15000000000000002,0.96795142120744,0.4771805684829761,False,0.9968648397584766,False,False,25.0,0.6,0.5367974918068352,False,0.75,0.0075,False,False,25.0,0.6,0.5367974918068352,False,0.7,0.01,False,False,25.0,0.6,0.5367974918068352,False,0.7,0.01
KZT_RUB,2025-11-21,0.15543,0.0444444444444444,0.153628,-0.0117296326190539,0.1553912674080092,0.1554081534048944,0.1553991886331797,0.1554002155689459,0.1553801868939828,0.1553801868939828,0.0003204857879251,0.150864,0.0293765682300715,TEST,0.0,0.96795142120749,0.38718056848299603,False,1.0048769159312603,False,False,26.0,0.6,0.5175677077086752,False,0.75,0.0075,False,False,26.0,0.6,0.5175677077086752,False,0.7,0.01,False,False,26.0,0.6,0.5175677077086752,False,0.7,0.01
KZT_RUB,2025-11-22,0.152501,0.3111111111111111,0.154643,0.0138512574122333,0.1519871135575977,0.1524795650929666,0.1524707692578558,0.1524378191350545,0.1524521255968556,0.1519871135575977,0.0033697250667359,0.150864,0.0107343558402895,TEST,0.65,0.66302749332641,0.655210997330564,False,0.6615437947769809,False,False,27.0,0.6,0.48918056848298247,False,0.75,0.0075,False,False,27.0,0.6,0.48918056848298247,False,0.7,0.01,False,False,27.0,0.6,0.48918056848298247,False,0.7,0.01
KZT_RUB,2025-11-25,0.152162,0.3444444444444444,0.152501,0.002222936243041,0.1521277951984115,0.1521406127413983,0.1521318364588682,0.1521115116176272,0.1521132342415377,0.1521115116176272,0.00033180677418,0.150864,0.0085303820927695,TEST,0.75,0.966819322582,0.8367277290327999,False,0.6223711578460813,True,False,28.0,0.6,0.48918056848298247,True,0.75,0.0075,True,False,28.0,0.6,0.48918056848298247,True,0.7,0.01,True,False,28.0,0.6,0.48918056848298247,True,0.7,0.01
KZT_RUB,2025-11-26,0.151855,0.3555555555555555,0.152162,0.0020175865196304,0.1517434161118821,0.1518336558920429,0.1518248973164222,0.1518046134823069,0.1518063326306746,0.1517434161118821,0.0007348054928575,0.150864,0.0065259622666358,TEST,0.8,0.92651945071425,0.8506077802856999,False,0.586896232955857,True,True,1.0,0.8,0.6849503904193002,False,0.75,0.0075,True,True,1.0,0.8,0.6849503904193002,False,0.7,0.01,True,True,1.0,0.8,0.6849503904193002,False,0.7,0.01
KZT_RUB,2025-11-27,0.151609,0.4111111111111111,0.151855,0.0016199664153303,0.1515291303111316,0.151587690468781,0.1515789460817586,0.1515586951067733,0.1515604114701784,0.1515291303111316,0.0005268136381638,0.150864,0.0049139562954705,TEST,0.9,0.94731863618362,0.918927454473448,True,0.4629655657062525,True,True,2.0,0.8,0.6915143436710114,False,0.75,0.0075,True,True,2.0,0.8,0.6915143436710114,False,0.7,0.01,True,True,2.0,0.8,0.6915143436710114,False,0.7,0.01
KZT_RUB,2025-11-28,0.150864,0.4777777777777777,0.151609,0.0049139562954705,0.1507190767068342,0.1508427951828861,0.150834057246108,0.1508153412750558,0.1508152645212327,0.1507190767068342,0.0009606221044502,0.150868,0.0,TEST,0.95,0.90393778955498,0.931575115821992,True,0.35825720309205794,True,True,3.0,0.8,0.6915143436710114,False,0.75,0.0075,True,True,3.0,0.8,0.6915143436710114,False,0.7,0.01,True,True,3.0,0.8,0.6915143436710114,False,0.7,0.01
KZT_RUB,2025-11-29,0.151353,0.4333333333333333,0.150864,-0.0032413299395481,0.151470731297261,0.1513317264510775,0.1513229601917634,0.1513158472817817,0.1513215397917338,0.1513158472817817,0.0002454706429226,0.150868,0.0032044293803227,TEST,0.95,0.97545293570774,0.960181174283096,True,0.10709592641261233,True,False,4.0,0.8,0.6915143436710114,True,0.75,0.0075,True,False,4.0,0.8,0.6915143436710114,True,0.7,0.01,True,False,4.0,0.8,0.6915143436710114,True,0.7,0.01
KZT_RUB,2025-12-02,0.151606,0.4222222222222223,0.150864,-0.0049183370452857,0.1515993747023055,0.1515846908904485,0.1515759099775523,0.151558979780222,0.151557024823722,0.151557024823722,0.0003230424671714,0.150868,0.0048678812184213,TEST,0.9,0.9676957532828601,0.9270783013131441,True,0.16250547525185946,True,True,1.0,0.8,0.83950373928338,False,0.75,0.0075,True,True,1.0,0.8,0.83950373928338,False,0.7,0.01,True,True,1.0,0.8,0.83950373928338,False,0.7,0.01
KZT_RUB,2025-12-03,0.150868,0.5,0.150864,-2.6513946335799134e-05,0.1507379843782981,0.1508467946206627,0.1508380564522075,0.150817940975593,0.1508192632290628,0.1507379843782981,0.0008617839548605,0.151108,0.0,TEST,0.95,0.91382160451395,0.9355286418055799,True,0.0008760402978545746,True,True,2.0,0.8,0.8642717151232496,False,0.75,0.0075,True,True,2.0,0.8,0.8642717151232496,False,0.7,0.01,True,True,2.0,0.8,0.8642717151232496,False,0.7,0.01
KZT_RUB,2025-12-04,0.153396,0.2777777777777778,0.150864,-0.0167833280305441,0.1533307972182652,0.1533744392954846,0.1533655918392539,0.1533566836328853,0.1533321759736211,0.1533307972182652,0.0004250618121385,0.151108,0.0149156431719211,TEST,0.6,0.95749381878615,0.74299752751446,False,0.5545335085413926,False,True,3.0,0.8,0.9205576238413873,False,0.75,0.0075,False,True,3.0,0.8,0.9205576238413873,False,0.7,0.01,False,True,3.0,0.8,0.9205576238413873,False,0.7,0.01
KZT_RUB,2025-12-05,0.152753,0.3222222222222222,0.150864,-0.0125212111570686,0.152592704676617,0.1527315296728934,0.1527226823265639,0.1527000809326547,0.152704044834437,0.152592704676617,0.0010493759427506,0.151108,0.0107690192663974,TEST,0.6,0.89506240572494,0.718024962289976,False,0.4137100306614095,False,False,4.0,0.8,0.9205576238413873,False,0.75,0.0075,False,False,4.0,0.8,0.9205576238413873,False,0.7,0.01,False,False,4.0,0.8,0.9205576238413873,False,0.7,0.01
KZT_RUB,2025-12-06,0.152294,0.3555555555555555,0.150868,-0.0094519712596442,0.1519898928036044,0.1522725941880267,0.1522637734266544,0.152244880051857,0.1522448025705046,0.1519898928036044,0.0019968429248402,0.151108,0.007787568781436,TEST,0.65,0.80031570751598,0.710126283006392,False,0.3131844064827004,False,False,5.0,0.8,0.9205576238413873,False,0.75,0.0075,False,False,5.0,0.8,0.9205576238413873,False,0.7,0.01,False,False,5.0,0.8,0.9205576238413873,False,0.7,0.01
KZT_RUB,2025-12-09,0.153171,0.2888888888888888,0.150868,-0.0152649998674337,0.153293571941265,0.1531494709205499,0.1531406364416957,0.1531303208425088,0.1531072695901817,0.1531072695901817,0.0004160736028249,0.151108,0.0134686069817394,TEST,0.5,0.95839263971751,0.683357055887004,False,0.5052562417871214,False,False,6.0,0.8,0.9205576238413873,False,0.75,0.0075,False,False,6.0,0.8,0.9205576238413873,False,0.7,0.01,False,False,6.0,0.8,0.9205576238413873,False,0.7,0.01
KZT_RUB,2025-12-10,0.151108,0.5,0.150868,-0.0015907946019035,0.1508774612626788,0.1510867608872597,0.1510780088181733,0.1510589628602693,0.1510732343057567,0.1508774612626788,0.0015256554075308,0.151338,0.0,TEST,0.9,0.8474344592469201,0.8789737836987681,True,0.05343845816907434,True,False,7.0,0.7,0.8408917444086699,True,0.75,0.0075,True,False,7.0,0.7,0.8408917444086699,True,0.7,0.01,True,False,7.0,0.7,0.8408917444086699,True,0.7,0.01
KZT_RUB,2025-12-11,0.151338,0.4888888888888889,0.151108,-0.0015220901606798,0.1515680277216334,0.1513167285594152,0.1513079631688905,0.1513472150910077,0.1514101431017221,0.1513079631688905,0.0001984751424592,0.152091,0.0,TEST,0.85,0.98015248575408,0.902060994301632,True,0.10381077529566375,True,True,1.0,0.8,0.9205576238413873,False,0.75,0.0075,True,True,1.0,0.8,0.9205576238413873,False,0.7,0.01,True,True,1.0,0.8,0.9205576238413873,False,0.7,0.01
KZT_RUB,2025-12-12,0.15305,0.3222222222222222,0.151108,-0.0128517351827831,0.1532723250083019,0.1530284879278072,0.1530196604278977,0.153008691660821,0.153000949650158,0.153000949650158,0.0003204857879254,0.152091,0.0062659261679189,TEST,0.4,0.96795142120746,0.6271805684829841,False,0.4787560227770448,False,True,2.0,0.8,0.9205576238413873,False,0.75,0.0075,False,True,2.0,0.8,0.9205576238413873,False,0.7,0.01,False,True,2.0,0.8,0.9205576238413873,False,0.7,0.01
KZT_RUB,2025-12-13,0.15332,0.2888888888888888,0.151108,-0.0146385366757552,0.1535636737904806,0.1532984499777289,0.1532896069049676,0.1532786187875666,0.1532708631189953,0.1532708631189953,0.0003204857879253,0.152091,0.0080159144273415,TEST,0.30000000000000004,0.96795142120747,0.567180568482988,False,0.5378887428821739,False,True,3.0,0.8,0.9205576238413873,False,0.75,0.0075,False,True,3.0,0.8,0.9205576238413873,False,0.7,0.01,False,True,3.0,0.8,0.9205576238413873,False,0.7,0.01
KZT_RUB,2025-12-16,0.152091,0.4222222222222223,0.151108,-0.0065052809910793,0.1520216610421818,0.1520696227208633,0.1520608137171083,0.152048066587491,0.1520418681481254,0.1520216610421818,0.0004559044112946,0.152865,0.0,TEST,0.6,0.95440955887054,0.741763823548216,False,0.2687253613666233,False,False,4.0,0.8,0.9205576238413873,False,0.75,0.0075,False,False,4.0,0.8,0.9205576238413873,False,0.7,0.01,False,False,4.0,0.8,0.9205576238413873,False,0.7,0.01
KZT_RUB,2025-12-17,0.152865,0.3444444444444444,0.151108,-0.0116274452709321,0.1530717866875951,0.1528435139306387,0.1528346971010166,0.1528357070896668,0.1528013969087041,0.1528013969087041,0.0004160736028254,0.152586,0.0018251398292611,TEST,0.35,0.95839263971746,0.5933570558869841,False,0.43823915900131327,False,False,5.0,0.8,0.9205576238413873,False,0.75,0.0075,False,False,5.0,0.8,0.9205576238413873,False,0.7,0.01,False,False,5.0,0.8,0.9205576238413873,False,0.7,0.01
KZT_RUB,2025-12-18,0.154694,0.1444444444444445,0.151338,-0.0221755276269013,0.1549699128318699,0.1546722568539968,0.1546633345327227,0.1546643566056908,0.1546288290287338,0.1546288290287338,0.0004212895863201,0.152586,0.0136269021422938,TEST,0.09999999999999998,0.95787104136799,0.443148416547196,False,0.8388085851949163,False,False,6.0,0.8,0.9205576238413873,False,0.75,0.0075,False,False,6.0,0.8,0.9205576238413873,False,0.7,0.01,False,False,6.0,0.8,0.9205576238413873,False,0.7,0.01
KZT_RUB,2025-12-19,0.155607,0.0333333333333333,0.152091,-0.0231177387222123,0.1558658450182284,0.1555851285265097,0.1555761535459254,0.1555771816511418,0.1555571301679983,0.1555571301679983,0.0003204857879253,0.152416,0.0205067895403163,TEST,0.0,0.96795142120747,0.38718056848298804,False,1.0387647831800224,False,False,7.0,0.7,0.8858999468796273,False,0.75,0.0075,False,False,7.0,0.7,0.8858999468796273,False,0.7,0.01,False,False,7.0,0.7,0.8858999468796273,False,0.7,0.01
KZT_RUB,2025-12-20,0.157184,0.0222222222222222,0.152091,-0.0334865310899394,0.1575733146776305,0.1571619068699409,0.1571528409323664,0.1571538794569207,0.1571177800176638,0.1571177800176638,0.0004212895863204,0.151503,0.036142355456026,TEST,0.0,0.95787104136796,0.383148416547184,False,1.3324899852414076,False,False,8.0,0.7,0.8858999468796273,False,0.75,0.0075,False,False,8.0,0.7,0.8858999468796273,False,0.7,0.01,False,False,8.0,0.7,0.8858999468796273,False,0.7,0.01
KZT_RUB,2025-12-23,0.153218,0.3333333333333333,0.152091,-0.0074100374118125,0.1526460471300575,0.1531964643144251,0.1531876271247412,0.1531364364838497,0.1531688958085456,0.1526460471300575,0.0037329352291668,0.151503,0.0111932018431254,TEST,0.25,0.62670647708332,0.400682590833328,False,0.3724683544303794,False,False,9.0,0.7,0.8858999468796273,False,0.75,0.0075,False,False,9.0,0.7,0.8858999468796273,False,0.7,0.01,False,False,9.0,0.7,0.8858999468796273,False,0.7,0.01
KZT_RUB,2025-12-24,0.152586,0.4222222222222223,0.152865,0.0018251398292611,0.1525097241487293,0.1525645531457197,0.1525557154719127,0.152536785872015,0.1525370983555636,0.1525097241487293,0.0004998876126951,0.151503,0.0070976367425582,TEST,0.5,0.95001123873049,0.680004495492196,False,0.2724683544303803,False,False,10.0,0.7,0.8858999468796273,False,0.75,0.0075,False,False,10.0,0.7,0.8858999468796273,False,0.7,0.01,False,False,10.0,0.7,0.8858999468796273,False,0.7,0.01
KZT_RUB,2025-12-25,0.153743,0.2666666666666667,0.152586,-0.0075826091515603,0.153769388241936,0.1537213905226061,0.1537125230523769,0.1536953169950442,0.153693727553507,0.153693727553507,0.0003204857879252,0.151503,0.0145697690301346,TEST,0.15000000000000002,0.96795142120748,0.47718056848299206,False,0.4555379746835437,False,False,11.0,0.7,0.8858999468796273,False,0.75,0.0075,False,False,11.0,0.7,0.8858999468796273,False,0.7,0.01,False,False,11.0,0.7,0.8858999468796273,False,0.7,0.01
KZT_RUB,2025-12-26,0.152416,0.4666666666666667,0.152586,0.0011141258044643,0.1520858269011437,0.1523945770402134,0.152385749212687,0.1523654273387066,0.1523671528381475,0.1520858269011437,0.0021662627208186,0.151503,0.0059901847575057,TEST,0.6,0.78337372791814,0.673349491167256,False,0.2455696202531645,False,False,12.0,0.6,0.7275205067932721,False,0.75,0.0075,False,False,12.0,0.6,0.7275205067932721,False,0.7,0.01,False,False,12.0,0.6,0.7275205067932721,False,0.7,0.01
KZT_RUB,2025-12-27,0.151503,0.6,0.152416,0.0059901847575057,0.1513147926012899,0.1514817053677006,0.151472930420492,0.1514527302782914,0.1514540580970961,0.1513147926012899,0.0012422684614171,0.153481,0.0,TEST,0.8,0.87577315385829,0.8303092615433161,False,0.10053831538948668,True,False,13.0,0.6,0.7132857547198256,True,0.75,0.0075,True,False,13.0,0.6,0.7132857547198256,True,0.7,0.01,True,False,13.0,0.6,0.7132857547198256,True,0.7,0.01
KZT_RUB,2025-12-30,0.153481,0.3222222222222222,0.151503,-0.0130558470789357,0.1532636212205478,0.1534594273482377,0.1534505749894425,0.1534333982536856,0.1534171406073648,0.1532636212205478,0.0014163237107669,0.153847,0.0,TEST,0.19999999999999996,0.85836762892331,0.463347051569324,False,0.4137112096263472,False,True,1.0,0.8,0.8400421659744065,False,0.75,0.0075,False,True,1.0,0.8,0.8400421659744065,False,0.7,0.01,False,True,1.0,0.8,0.8400421659744065,False,0.7,0.01
KZT_RUB,2025-12-31,0.154978,0.1444444444444445,0.151503,-0.0229368395345307,0.1551112256744496,0.1549562169361366,0.1549472782345295,0.1549483021839034,0.1549283317535589,0.1549283317535589,0.0003204857879253,0.15233,0.0170862961194492,TEST,0.09999999999999998,0.96795142120747,0.44718056848298804,False,0.6507283090563664,False,True,2.0,0.8,0.7604598743202313,False,0.75,0.0075,False,True,2.0,0.8,0.7604598743202313,False,0.7,0.01,False,True,2.0,0.8,0.7604598743202313,False,0.7,0.01
KZT_RUB,2026-01-13,0.154511,0.1999999999999999,0.151503,-0.0198543923222643,0.1545548241170579,0.1544892825757166,0.1544803708093755,0.1544673834513537,0.1544614814204219,0.1544614814204219,0.0003204857879251,0.151825,0.0173838755816739,TEST,0.19999999999999996,0.96795142120749,0.507180568482996,False,0.5600724160632025,False,True,3.0,0.8,0.7420105643414648,False,0.75,0.0075,False,True,3.0,0.8,0.7420105643414648,False,0.7,0.01,False,True,3.0,0.8,0.7420105643414648,False,0.7,0.01
KZT_RUB,2026-01-14,0.154662,0.1888888888888888,0.151503,-0.0208510722559949,0.1548481933604404,0.1546402613517839,0.1546313408761811,0.1546323627377231,0.1546124330270679,0.1546124330270679,0.0003204857879252,0.151825,0.0183432258731944,TEST,0.19999999999999996,0.96795142120748,0.507180568482992,False,0.5849242922975646,False,False,4.0,0.8,0.722772734541624,False,0.75,0.0075,False,False,4.0,0.8,0.722772734541624,False,0.7,0.01,False,False,4.0,0.8,0.722772734541624,False,0.7,0.01
KZT_RUB,2026-01-15,0.154137,0.2555555555555555,0.151503,-0.0173857943407061,0.154116524731238,0.1541153351436029,0.1541064449485454,0.1540935701985796,0.1540876012821065,0.1540876012821065,0.0003204857879256,0.151825,0.0149996431745785,TEST,0.30000000000000004,0.96795142120744,0.567180568482976,False,0.49851876234364795,False,False,5.0,0.8,0.7164537911147568,False,0.75,0.0075,False,False,5.0,0.8,0.7164537911147568,False,0.7,0.01,False,False,5.0,0.8,0.7164537911147568,False,0.7,0.01
KZT_RUB,2026-01-16,0.153847,0.3,0.153481,-0.0023846599904874,0.1538407578652237,0.1538253759047982,0.1538165024361371,0.1538073293720196,0.1537976942229851,0.1537976942229851,0.0003204857879251,0.150066,0.0245763648299934,TEST,0.35,0.96795142120749,0.597180568482996,False,0.4507899934167248,False,False,6.0,0.8,0.6950384094192464,False,0.75,0.0075,False,False,6.0,0.8,0.6950384094192464,False,0.7,0.01,False,False,6.0,0.8,0.6950384094192464,False,0.7,0.01
KZT_RUB,2026-01-17,0.15233,0.5444444444444445,0.153847,0.0098604457675483,0.1521322828739194,0.1523085891280162,0.1522997662815492,0.1522808684406436,0.1522807909409758,0.1521322828739194,0.0012979526428189,0.150066,0.0148624696382852,TEST,0.8,0.87020473571811,0.828081894287244,False,0.2011191573403557,True,False,7.0,0.7,0.6410312452882656,True,0.75,0.0075,True,False,7.0,0.7,0.6410312452882656,True,0.7,0.01,True,False,7.0,0.7,0.6410312452882656,True,0.7,0.01
KZT_RUB,2026-01-20,0.151825,0.6222222222222222,0.15233,0.0033151710103066,0.1517654540890514,0.1518036601087183,0.1517948665114961,0.1517746234365101,0.1517759540774217,0.1517654540890514,0.0003922009612948,0.150066,0.0115857072287171,TEST,0.9,0.96077990387052,0.924311961548208,False,0.08330482381115092,True,True,1.0,0.8,0.6923563611034,False,0.75,0.0075,True,True,1.0,0.8,0.6923563611034,False,0.7,0.01,True,True,1.0,0.8,0.6923563611034,False,0.7,0.01
KZT_RUB,2026-01-21,0.152708,0.5,0.151825,-0.0058159064712664,0.1528385426572274,0.1526865359979065,0.1526776912579454,0.1526606379976924,0.1526762581416694,0.1526606379976924,0.0003101474861017,0.150066,0.0173009927443225,TEST,0.7,0.96898525138983,0.807594100555932,False,0.2121105439183266,False,True,2.0,0.8,0.6923563611034,False,0.75,0.0075,True,True,2.0,0.8,0.6923563611034,False,0.7,0.01,True,True,2.0,0.8,0.6923563611034,False,0.7,0.01
KZT_RUB,2026-01-22,0.152876,0.4666666666666667,0.151825,-0.0069224436028323,0.1528477641729833,0.1528545123845244,0.1528456579141214,0.1528285858929147,0.1528266145597887,0.1528266145597887,0.0003230424671715,0.150066,0.0183809100185771,TEST,0.6,0.96769575328285,0.74707830131314,False,0.24168280232353725,False,True,3.0,0.8,0.7549298789497593,False,0.75,0.0075,False,True,3.0,0.8,0.7549298789497593,False,0.7,0.01,False,True,3.0,0.8,0.7549298789497593,False,0.7,0.01
KZT_RUB,2026-01-23,0.150066,0.8777777777777778,0.151825,0.0115857072287171,0.1495562869374803,0.150044907346451,0.1500362156292717,0.1500038279507747,0.1500175223091215,0.1495562869374803,0.0033965925827283,0.150135,0.0,TEST,1.0,0.66034074172717,0.864136296690868,True,-0.2529484245731378,True,False,4.0,0.8,0.7591814611616985,True,0.75,0.0075,True,False,4.0,0.8,0.7591814611616985,True,0.7,0.01,True,False,4.0,0.8,0.7591814611616985,True,0.7,0.01
KZT_RUB,2026-01-24,0.150135,0.8666666666666667,0.150066,-0.0004597976890167,0.1501831638753362,0.1501138976480976,0.1501052019344869,0.1500884360071741,0.150103792965002,0.1500884360071741,0.0003101474861018,0.150511,0.0,TEST,0.95,0.96898525138982,0.957594100555928,True,0.009693734194996612,True,True,1.0,0.8,0.8116916593021943,False,0.75,0.0075,True,True,1.0,0.8,0.8116916593021943,False,0.7,0.01,True,True,1.0,0.8,0.8116916593021943,False,0.7,0.01
KZT_RUB,2026-01-27,0.151008,0.7555555555555555,0.150066,-0.0062772380152732,0.1510260777636003,0.1509867749428443,0.1509780286656875,0.150959764923511,0.1509592180031174,0.1509592180031174,0.0003230424671712,0.150511,0.0032912163593981,TEST,0.9,0.96769575328288,0.927078301313152,True,0.13234054509693738,True,True,2.0,0.8,0.8285273677384584,False,0.75,0.0075,True,True,2.0,0.8,0.8285273677384584,False,0.7,0.01,True,True,2.0,0.8,0.8285273677384584,False,0.7,0.01
KZT_RUB,2026-01-28,0.152558,0.5111111111111111,0.150066,-0.0166060266815933,0.1527233364956692,0.1525365570812833,0.1525277579585706,0.1525106845198153,0.1525091073291657,0.1525091073291657,0.0003204857879252,0.150511,0.0134178476382752,TEST,0.65,0.96795142120748,0.777180568482992,False,0.35009834223096364,False,True,3.0,0.8,0.8370746685728265,False,0.75,0.0075,False,True,3.0,0.8,0.8370746685728265,False,0.7,0.01,False,True,3.0,0.8,0.8370746685728265,False,0.7,0.01
KZT_RUB,2026-01-29,0.151843,0.6222222222222222,0.150066,-0.0118414564258393,0.1516837779683128,0.1518216575787131,0.1518128629389436,0.1517926174639882,0.1517943364765041,0.1516837779683128,0.0010485964561237,0.150511,0.0087722186732348,TEST,0.75,0.89514035438763,0.808056141755052,False,0.24964877774655864,True,False,4.0,0.8,0.8370746685728265,False,0.75,0.0075,True,False,4.0,0.8,0.8370746685728265,False,0.7,0.01,True,False,4.0,0.8,0.8370746685728265,False,0.7,0.01
KZT_RUB,2026-01-30,0.150873,0.7666666666666666,0.150066,-0.0053776338411099,0.1507729346986323,0.1508517939178835,0.1508430554598318,0.150830410413861,0.1508242616138505,0.1507729346986323,0.0006632419410213,0.150511,0.00239936900572,TEST,0.9,0.93367580589787,0.913470322359148,True,0.16429153094462587,True,False,5.0,0.8,0.8370746685728265,True,0.75,0.0075,True,False,5.0,0.8,0.8370746685728265,True,0.7,0.01,True,False,5.0,0.8,0.8370746685728265,True,0.7,0.01
KZT_RUB,2026-01-31,0.150511,0.8333333333333334,0.150135,-0.002504412695241,0.1504825939850605,0.1504898447990996,0.1504811273078334,0.1504721895851856,0.1504623785552236,0.1504623785552236,0.0003230424671712,0.152388,0.0,TEST,0.9,0.96769575328288,0.927078301313152,True,0.0905944625407168,True,True,1.0,0.8,0.874003101824524,False,0.75,0.0075,True,True,1.0,0.8,0.874003101824524,False,0.7,0.01,True,True,1.0,0.8,0.874003101824524,False,0.7,0.01
KZT_RUB,2026-02-03,0.153731,0.3,0.150511,-0.0213937851718479,0.1539390772182232,0.1537093922092763,0.1537005254311738,0.1537015411415404,0.1536670365889641,0.1536670365889641,0.000416073602825,0.152388,0.0087360389251355,TEST,0.30000000000000004,0.9583926397175,0.563357055887,False,0.7461319218241046,False,True,2.0,0.8,0.9156386501969601,False,0.75,0.0075,False,True,2.0,0.8,0.9156386501969601,False,0.7,0.01,False,True,2.0,0.8,0.9156386501969601,False,0.7,0.01
KZT_RUB,2026-02-04,0.152388,0.5111111111111111,0.150511,-0.0124708493066951,0.1521256243990784,0.1523665809757771,0.1523577916581933,0.152344982748056,0.1523391618117496,0.1521256243990784,0.0017217602496364,0.152769,0.0,TEST,0.55,0.8278239750363601,0.6611295900145441,False,0.47271986970683855,False,True,3.0,0.8,0.9156386501969601,False,0.75,0.0075,False,True,3.0,0.8,0.9156386501969601,False,0.7,0.01,False,True,3.0,0.8,0.9156386501969601,False,0.7,0.01
KZT_RUB,2026-02-05,0.152769,0.4111111111111111,0.150511,-0.0150022257509416,0.1529564705022419,0.1527475274239999,0.1527387161313918,0.1527314996953513,0.1527200397066644,0.1527200397066644,0.0003204857879255,0.153519,0.0,TEST,0.4,0.96795142120745,0.6271805684829801,False,0.5502850162866416,False,False,4.0,0.8,0.9156386501969601,False,0.75,0.0075,False,False,4.0,0.8,0.9156386501969601,False,0.7,0.01,False,False,4.0,0.8,0.9156386501969601,False,0.7,0.01
KZT_RUB,2026-02-06,0.153519,0.3111111111111111,0.150511,-0.0199852502474901,0.1533787435419269,0.1534974220071156,0.1534885674565856,0.1534895817662549,0.1534697993423235,0.1533787435419269,0.000913609768648,0.155633,0.0,TEST,0.30000000000000004,0.9086390231352,0.54345560925408,False,0.7029723127035798,False,False,5.0,0.8,0.9156386501969601,False,0.75,0.0075,False,False,5.0,0.8,0.9156386501969601,False,0.7,0.01,False,False,5.0,0.8,0.9156386501969601,False,0.7,0.01
KZT_RUB,2026-02-07,0.155633,0.011111111111111,0.150511,-0.0340307352950946,0.1559700659355595,0.1556111248720577,0.1556021483918655,0.1556031766688655,0.1555674334378122,0.1555674334378122,0.0004212895863202,0.156057,0.0,TEST,0.0,0.95787104136798,0.383148416547192,False,1.133346905537457,False,False,6.0,0.8,0.9156386501969601,False,0.75,0.0075,False,False,6.0,0.8,0.9156386501969601,False,0.7,0.01,False,False,6.0,0.8,0.9156386501969601,False,0.7,0.01
KZT_RUB,2026-02-10,0.156986,0.011111111111111,0.152388,-0.030172979499698,0.1572782736200949,0.1569639346999983,0.1569548801825152,0.1569559173988711,0.1569356882180967,0.1569356882180967,0.0003204857879256,0.154476,0.0159886868892766,TEST,0.0,0.96795142120744,0.38718056848297605,False,1.243039338961738,False,False,7.0,0.7,0.8388982150083312,False,0.75,0.0075,False,False,7.0,0.7,0.8388982150083312,False,0.7,0.01,False,False,7.0,0.7,0.8388982150083312,False,0.7,0.01
KZT_RUB,2026-02-11,0.156057,0.0222222222222222,0.152388,-0.0240766989526734,0.1560294721423326,0.1560350652763791,0.1560260643410418,0.1560092168365855,0.1559912548110276,0.1559912548110276,0.0004212895863203,0.154476,0.0101309137046079,TEST,0.050000000000000044,0.95787104136797,0.41314841654718804,False,0.865751445086707,False,False,8.0,0.7,0.8388982150083312,False,0.75,0.0075,False,False,8.0,0.7,0.8388982150083312,False,0.7,0.01,False,False,8.0,0.7,0.8388982150083312,False,0.7,0.01
KZT_RUB,2026-02-12,0.157487,0.0,0.152769,-0.0308832289273347,0.157855250774965,0.1574648642815196,0.1574557808677447,0.1574568213942391,0.1574206523669191,0.1574206523669191,0.0004212895863206,0.154476,0.0191190383968199,TEST,0.0,0.95787104136794,0.383148416547176,False,1.0723988439306362,False,False,9.0,0.7,0.8388982150083312,False,0.75,0.0075,False,False,9.0,0.7,0.8388982150083312,False,0.7,0.01,False,False,9.0,0.7,0.8388982150083312,False,0.7,0.01
KZT_RUB,2026-02-13,0.15734,0.011111111111111,0.153519,-0.0248894273672966,0.1573357306177783,0.157317884943229,0.1573088100080067,0.1573098495632629,0.1572737142964884,0.1572737142964884,0.0004212895863201,0.154476,0.018202618533113,TEST,0.050000000000000044,0.95787104136799,0.41314841654719603,False,0.9801913488748173,False,False,10.0,0.7,0.8388982150083312,False,0.75,0.0075,False,False,10.0,0.7,0.8388982150083312,False,0.7,0.01,False,False,10.0,0.7,0.8388982150083312,False,0.7,0.01
KZT_RUB,2026-02-14,0.156175,0.0444444444444444,0.155633,-0.0034825519009465,0.1560956764965874,0.1561530486907893,0.1561440409495389,0.1561309137246873,0.1561249481320707,0.1560956764965874,0.0005079142206666,0.154476,0.0108788218344805,TEST,0.15000000000000002,0.94920857793334,0.46968343117333605,False,0.8232044198895051,False,False,11.0,0.7,0.8388982150083312,False,0.75,0.0075,False,False,11.0,0.7,0.8388982150083312,False,0.7,0.01,False,False,11.0,0.7,0.8388982150083312,False,0.7,0.01
KZT_RUB,2026-02-17,0.154476,0.2333333333333332,0.156057,0.0101309137046079,0.1542969996997048,0.1544542874951712,0.154445377747533,0.1544247438167517,0.1544264926374244,0.1542969996997048,0.0011587579966803,0.154091,0.0024922965379735,TEST,0.30000000000000004,0.88412420033197,0.533649680132788,False,0.5942595337555595,False,False,12.0,0.6,0.7893459813121679,False,0.75,0.0075,False,False,12.0,0.6,0.7893459813121679,False,0.7,0.01,False,False,12.0,0.6,0.7893459813121679,False,0.7,0.01
KZT_RUB,2026-02-18,0.155983,0.0666666666666666,0.154476,-0.0097555607343536,0.1558738640992364,0.1559610756775117,0.1559520790102893,0.1559346222646754,0.155933009665342,0.1558738640992364,0.0006996653530424,0.153905,0.0133219645730626,TEST,0.25,0.93003346469576,0.522013385878304,False,0.7973318959708959,False,False,13.0,0.6,0.7591192081810808,False,0.75,0.0075,False,False,13.0,0.6,0.7591192081810808,False,0.7,0.01,False,False,13.0,0.6,0.7591192081810808,False,0.7,0.01
KZT_RUB,2026-02-19,0.155416,0.1111111111111111,0.154476,-0.0060850876511561,0.1552192316490565,0.1553941553726762,0.1553851914084427,0.1553658731016284,0.1553661913807838,0.1552192316490565,0.001266075249289,0.153856,0.010037576568693,TEST,0.35,0.8733924750711,0.55935699002844,False,0.7209270987737509,False,False,14.0,0.6,0.6955090745339825,False,0.75,0.0075,False,False,14.0,0.6,0.6955090745339825,False,0.7,0.01,False,False,14.0,0.6,0.6955090745339825,False,0.7,0.01
KZT_RUB,2026-02-20,0.156633,0.0444444444444444,0.154476,-0.0139633341101529,0.1568294991942798,0.1566109843162119,0.1566019501587907,0.1565844206688094,0.1565828013495799,0.1565828013495799,0.0003204857879253,0.153856,0.0177293418372884,TEST,0.15000000000000002,0.96795142120747,0.47718056848298807,False,0.8849211696536861,False,False,15.0,0.6,0.6407601770956057,False,0.75,0.0075,False,False,15.0,0.6,0.6407601770956057,False,0.7,0.01,False,False,15.0,0.6,0.6407601770956057,False,0.7,0.01
KZT_RUB,2026-02-21,0.156902,0.0444444444444444,0.154476,-0.0157047049379839,0.1568939826899622,0.1568799465066894,0.1568708968340935,0.1568533372391357,0.1568517151389029,0.1568517151389029,0.0003204857879257,0.153856,0.0194133917987025,TEST,0.15000000000000002,0.96795142120743,0.4771805684829721,False,0.9204298150163256,False,False,16.0,0.6,0.5888864609253921,False,0.75,0.0075,False,False,16.0,0.6,0.5888864609253921,False,0.7,0.01,False,False,16.0,0.6,0.5888864609253921,False,0.7,0.01
KZT_RUB,2026-02-25,0.154091,0.3111111111111111,0.154476,0.0024922965379735,0.1538231809302403,0.1540693416091718,0.1540604540672669,0.1540137771908821,0.1540199902360082,0.1538231809302403,0.0017380578343946,0.153856,0.0015250728465647,TEST,0.55,0.82619421656054,0.6604776866242161,False,0.5131880733944967,False,False,17.0,0.6,0.560957016371864,False,0.75,0.0075,False,False,17.0,0.6,0.560957016371864,False,0.7,0.01,False,False,17.0,0.6,0.560957016371864,False,0.7,0.01
KZT_RUB,2026-02-26,0.153905,0.3333333333333333,0.154091,0.0012070789338768,0.1539456539689479,0.1538833677525591,0.1538744909386188,0.153867220840701,0.1538556756348093,0.1538556756348093,0.0003204857879254,0.153856,0.0003183782203306,TEST,0.6,0.96795142120746,0.747180568482984,False,0.4865252293577966,False,False,18.0,0.6,0.560957016371864,False,0.75,0.0075,False,False,18.0,0.6,0.560957016371864,False,0.7,0.01,False,False,18.0,0.6,0.560957016371864,False,0.7,0.01
KZT_RUB,2026-02-27,0.153856,0.3444444444444444,0.153905,0.0003183782203306,0.1538811879340036,0.1538343746397956,0.1538255006520394,0.1538653684140274,0.153785098531071,0.153785098531071,0.0004608300549149,0.154008,0.0,TEST,0.65,0.95391699450851,0.771566797803404,False,0.47950114678899014,False,False,19.0,0.6,0.560957016371864,False,0.75,0.0075,False,False,19.0,0.6,0.560957016371864,False,0.7,0.01,False,False,19.0,0.6,0.560957016371864,False,0.7,0.01
KZT_RUB,2026-02-28,0.154008,0.3333333333333333,0.153856,-0.0009879367720466,0.1541022214153753,0.153986353275307,0.1539774705206121,0.1539701955572248,0.1539586426247732,0.1539586426247732,0.0003204857879252,0.154416,0.0,TEST,0.6,0.96795142120748,0.747180568482992,False,0.5012901376146802,False,False,20.0,0.6,0.560957016371864,False,0.75,0.0075,False,False,20.0,0.6,0.560957016371864,False,0.7,0.01,False,False,20.0,0.6,0.560957016371864,False,0.7,0.01
KZT_RUB,2026-03-03,0.155104,0.1888888888888888,0.153856,-0.0081114808652246,0.1550903934635248,0.1550821992261001,0.1550732532571621,0.1550659265214001,0.1550542913723496,0.1550542913723496,0.0003204857879254,0.154416,0.0044357334433669,TEST,0.5,0.96795142120746,0.687180568482984,False,0.6584002293577979,False,False,21.0,0.6,0.560957016371864,False,0.75,0.0075,False,False,21.0,0.6,0.560957016371864,False,0.7,0.01,False,False,21.0,0.6,0.560957016371864,False,0.7,0.01
KZT_RUB,2026-03-04,0.154416,0.3,0.153856,-0.0036397670549085,0.1543255180674191,0.1543942959285219,0.1543853896415175,0.1543724102686813,0.1543665118665717,0.1543255180674191,0.0005859621579428,0.156198,0.0,TEST,0.6,0.94140378420572,0.7365615136822881,False,0.3977250441263003,False,False,22.0,0.6,0.560957016371864,False,0.75,0.0075,False,False,22.0,0.6,0.560957016371864,False,0.7,0.01,False,False,22.0,0.6,0.560957016371864,False,0.7,0.01
KZT_RUB,2026-03-05,0.156198,0.0666666666666666,0.153856,-0.0152220257903494,0.1563612547294758,0.1561760454580048,0.1561670363901782,0.1561680684001687,0.1561479407608976,0.1561479407608976,0.0003204857879255,0.156433,0.0,TEST,0.25,0.96795142120745,0.53718056848298,False,0.7472053343792927,False,False,23.0,0.6,0.5864864214102561,False,0.75,0.0075,False,False,23.0,0.6,0.5864864214102561,False,0.7,0.01,False,False,23.0,0.6,0.5864864214102561,False,0.7,0.01
KZT_RUB,2026-03-06,0.156433,0.0666666666666666,0.153856,-0.0167494280366056,0.156523869914442,0.1564110124273811,0.1564019898054056,0.1563992014572454,0.1563828654467375,0.1563828654467375,0.0003204857879251,0.15944,0.0,TEST,0.25,0.96795142120749,0.537180568482996,False,0.7766002543450616,False,False,24.0,0.6,0.549816161563824,False,0.75,0.0075,False,False,24.0,0.6,0.549816161563824,False,0.7,0.01,False,False,24.0,0.6,0.549816161563824,False,0.7,0.01
KZT_RUB,2026-03-07,0.160431,0.0,0.154008,-0.0417056256817826,0.1609472791032136,0.1604084504851097,0.1603991972695725,0.1604002572472596,0.160363412090377,0.160363412090377,0.0004212895863205,0.15944,0.0061771104088361,TEST,0.0,0.95787104136795,0.38314841654718,False,1.7419354838709684,False,False,25.0,0.6,0.5396905847914296,False,0.75,0.0075,False,False,25.0,0.6,0.5396905847914296,False,0.7,0.01,False,False,25.0,0.6,0.5396905847914296,False,0.7,0.01
KZT_RUB,2026-03-11,0.15944,0.011111111111111,0.154416,-0.0325354885504092,0.1592820358792157,0.1594175897759529,0.1594083937185496,0.1593911809942853,0.1593728295883571,0.1592820358792157,0.0009907433566502,0.160841,0.0,TEST,0.050000000000000044,0.90092566433498,0.39037026573399203,False,0.8492775665399251,False,False,26.0,0.6,0.5371805684829865,False,0.75,0.0075,False,False,26.0,0.6,0.5371805684829865,False,0.7,0.01,False,False,26.0,0.6,0.5371805684829865,False,0.7,0.01
KZT_RUB,2026-03-12,0.160841,0.0,0.154416,-0.041608382551031,0.1612854501180954,0.160818392857213,0.1608091159940118,0.1608101786805947,0.1607732393616467,0.1607732393616467,0.0004212895863201,0.161563,0.0,TEST,0.0,0.95787104136799,0.383148416547196,False,1.0623574144486725,False,False,27.0,0.6,0.5371805684829865,False,0.75,0.0075,False,False,27.0,0.6,0.5371805684829865,False,0.7,0.01,False,False,27.0,0.6,0.5371805684829865,False,0.7,0.01
KZT_RUB,2026-03-13,0.161563,0.0,0.156198,-0.0343474308249786,0.1617234282740335,0.1615402913758923,0.1615309728697318,0.161532040326614,0.1614949351905653,0.1614949351905653,0.0004212895863206,0.163166,0.0,TEST,0.0,0.95787104136794,0.383148416547176,False,1.1033643521832497,False,False,28.0,0.6,0.5371805684829865,False,0.75,0.0075,False,False,28.0,0.6,0.5371805684829865,False,0.7,0.01,False,False,28.0,0.6,0.5371805684829865,False,0.7,0.01
KZT_RUB,2026-03-14,0.163166,0.0,0.156433,-0.0430407906260189,0.1635494207561597,0.1631430660648716,0.1631336551021128,0.1631307467412432,0.1630972598633585,0.1630972598633585,0.0004212895863201,0.164977,0.0,TEST,0.0,0.95787104136799,0.383148416547196,False,1.207992733878291,False,False,29.0,0.6,0.5371805684829865,False,0.75,0.0075,False,False,29.0,0.6,0.5371805684829865,False,0.7,0.01,False,False,29.0,0.6,0.5371805684829865,False,0.7,0.01
KZT_RUB,2026-03-17,0.164977,0.0,0.15944,-0.0347277972905169,0.1654747996179223,0.164953811518235,0.1649442961020143,0.1649453861154088,0.1649074969079176,0.1649074969079176,0.0004212895863206,0.16847,0.0,TEST,0.0,0.95787104136794,0.383148416547176,False,1.19452201933405,False,False,30.0,0.6,0.5371805684829865,False,0.75,0.0075,False,False,30.0,0.6,0.5371805684829865,False,0.7,0.01,False,False,30.0,0.6,0.5371805684829865,False,0.7,0.01
KZT_RUB,2026-03-18,0.16847,0.0,0.15944,-0.0566357250376317,0.1693646186247789,0.1684463205566657,0.1684366036738839,0.1684377167657487,0.1683990253433926,0.1683990253433926,0.0004212895863204,0.167853,0.0036623731228112,TEST,0.0,0.95787104136796,0.383148416547184,False,1.314090459491052,False,False,31.0,0.6,0.5371805684829865,False,0.75,0.0075,False,False,31.0,0.6,0.5371805684829865,False,0.7,0.01,False,False,31.0,0.6,0.5371805684829865,False,0.7,0.01
KZT_RUB,2026-03-19,0.173533,0.0,0.160841,-0.0789102281134784,0.1744603999734012,0.1735086089224186,0.1734986000198261,0.1734997465632496,0.1734598923542171,0.1734598923542171,0.0004212895863201,0.167353,0.0356128229212886,TEST,0.0,0.95787104136799,0.383148416547196,False,1.3464486109210332,False,False,32.0,0.6,0.5371805684829865,False,0.75,0.0075,False,False,32.0,0.6,0.5371805684829865,False,0.7,0.01,False,False,32.0,0.6,0.5371805684829865,False,0.7,0.01
KZT_RUB,2026-03-20,0.175833,0.0,0.161563,-0.0883246782988677,0.1756511357616929,0.1758082856439734,0.175798144083754,0.1757950099392828,0.1757589233881685,0.1756511357616929,0.0010343009463928,0.167353,0.0482275795783498,TEST,0.0,0.89656990536072,0.35862796214428805,False,1.116887736951771,False,False,33.0,0.6,0.5371805684829865,False,0.75,0.0075,False,False,33.0,0.6,0.5371805684829865,False,0.7,0.01,False,False,33.0,0.6,0.5371805684829865,False,0.7,0.01
KZT_RUB,2026-03-21,0.174155,0.011111111111111,0.163166,-0.0673485897797335,0.1739589446880387,0.1741305214966826,0.1741204767188535,0.1741016754017798,0.1740816303120944,0.1739589446880387,0.0011257518415278,0.167353,0.0390571617237518,TEST,0.050000000000000044,0.88742481584722,0.38496992633888805,False,0.9236474496064073,False,False,34.0,0.6,0.5371805684829865,False,0.75,0.0075,False,False,34.0,0.6,0.5371805684829865,False,0.7,0.01,False,False,34.0,0.6,0.5371805684829865,False,0.7,0.01
KZT_RUB,2026-03-24,0.169752,0.0333333333333333,0.164977,-0.0289434284779088,0.1691213379561752,0.1697281403640714,0.169718349539082,0.1697763706476559,0.1696804852501429,0.1691213379561752,0.0037151965445165,0.167353,0.0141323813563315,TEST,0.15000000000000002,0.6284803455483501,0.34139213821934006,False,0.7233016335259588,False,False,35.0,0.6,0.5011805684829849,False,0.75,0.0075,False,False,35.0,0.6,0.5011805684829849,False,0.7,0.01,False,False,35.0,0.6,0.5011805684829849,False,0.7,0.01
KZT_RUB,2026-03-25,0.167853,0.0555555555555555,0.16847,0.0036623731228112,0.1674018971235147,0.1678294072796226,0.1678197259836911,0.1677988617499333,0.1677992054990394,0.1674018971235147,0.0026874877213115,0.167353,0.0029787969234985,TEST,0.25,0.7312512278688501,0.4425004911475401,False,0.6368931155298727,False,False,36.0,0.6,0.5011805684829753,False,0.75,0.0075,False,False,36.0,0.6,0.5011805684829753,False,0.7,0.01,False,False,36.0,0.6,0.5011805684829753,False,0.7,0.01
KZT_RUB,2026-03-26,0.167353,0.0666666666666666,0.167853,0.0029787969234985,0.1671574998151023,0.1673294775575454,0.1673198251002285,0.1672990230167861,0.1672993657419333,0.1671574998151023,0.0011681905009034,0.168397,0.0,TEST,0.30000000000000004,0.88318094990966,0.533272379963864,False,0.6141420576056792,False,False,37.0,0.6,0.4803725220817161,False,0.75,0.0075,False,False,37.0,0.6,0.4803725220817161,False,0.7,0.01,False,False,37.0,0.6,0.4803725220817161,False,0.7,0.01
KZT_RUB,2026-03-27,0.170281,0.0333333333333333,0.167353,-0.0174959516710186,0.1704337342070107,0.170257066010029,0.1702472446737854,0.1702281877759191,0.1702264273595463,0.1702264273595463,0.0003204857879252,0.168397,0.0110640646930661,TEST,0.15000000000000002,0.96795142120748,0.47718056848299206,False,0.7473722528097555,False,False,38.0,0.6,0.4788092466740697,False,0.75,0.0075,False,False,38.0,0.6,0.4788092466740697,False,0.7,0.01,False,False,38.0,0.6,0.4788092466740697,False,0.7,0.01
KZT_RUB,2026-03-28,0.168409,0.0666666666666666,0.167353,-0.0063100153567608,0.1679284155204319,0.1683853291305723,0.1683756157661015,0.1683546824211931,0.1683550273089413,0.1679284155204319,0.0028536745635216,0.168397,7.125509919310727e-05,TEST,0.30000000000000004,0.71463254364784,0.465853017459136,False,0.6621922919415758,False,False,39.0,0.6,0.4563725220817209,False,0.75,0.0075,False,False,39.0,0.6,0.4563725220817209,False,0.7,0.01,False,False,39.0,0.6,0.4563725220817209,False,0.7,0.01
KZT_RUB,2026-03-31,0.168478,0.0555555555555555,0.167353,-0.0067223174965491,0.1685209839269075,0.1684543194322189,0.1684446020880193,0.1684257469718365,0.1684240051954219,0.1684240051954219,0.0003204857879254,0.167342,0.0067427201177601,TEST,0.25,0.96795142120746,0.537180568482984,False,0.663001145475372,False,False,40.0,0.6,0.45184150167217846,False,0.75,0.0075,False,False,40.0,0.6,0.45184150167217846,False,0.7,0.01,False,False,40.0,0.6,0.45184150167217846,False,0.7,0.01
KZT_RUB,2026-04-01,0.16873,0.0555555555555555,0.167353,-0.0082281166157761,0.1686857855481878,0.1687062840121458,0.1686965521332845,0.1686885817384197,0.1686759244330033,0.1686759244330033,0.0003204857879255,0.167342,0.0082261601374977,TEST,0.25,0.96795142120745,0.53718056848298,False,0.6683475743568194,False,False,41.0,0.6,0.45184150167217846,False,0.75,0.0075,False,False,41.0,0.6,0.45184150167217846,False,0.7,0.01,False,False,41.0,0.6,0.45184150167217846,False,0.7,0.01
KZT_RUB,2026-04-02,0.168397,0.0999999999999999,0.167353,-0.0062383106367976,0.1683243076056311,0.1683733308172424,0.1683636181448984,0.1683535775430134,0.1683430311547707,0.1683243076056311,0.0004316727398284,0.167342,0.0062649572142021,TEST,0.44999999999999996,0.95683272601716,0.652733090406864,False,0.652799178222907,False,False,42.0,0.6,0.45184150167217846,False,0.75,0.0075,False,False,42.0,0.6,0.45184150167217846,False,0.7,0.01,False,False,42.0,0.6,0.45184150167217846,False,0.7,0.01
KZT_RUB,2026-04-03,0.16909,0.0555555555555555,0.168397,-0.0041152752127413,0.168901750968111,0.1690662334120413,0.1690564807693775,0.169037557161575,0.1690358090581197,0.168901750968111,0.0011133067117451,0.16376,0.0315216748477142,TEST,0.25,0.88866932882549,0.505467731530196,False,0.6565826330532211,False,False,43.0,0.6,0.45184150167217846,False,0.75,0.0075,False,False,43.0,0.6,0.45184150167217846,False,0.7,0.01,False,False,43.0,0.6,0.45184150167217846,False,0.7,0.01
KZT_RUB,2026-04-04,0.168807,0.0666666666666666,0.168397,-0.0024347227088369,0.1686962361702753,0.1687832731893457,0.1687735368693377,0.1687525540527783,0.1687528997555977,0.1686962361702753,0.0006561566150972,0.160419,0.0496898825285681,TEST,0.30000000000000004,0.93438433849028,0.5537537353961121,False,0.637835051546393,False,False,44.0,0.6,0.45184150167217846,False,0.75,0.0075,False,False,44.0,0.6,0.45184150167217846,False,0.7,0.01,False,False,44.0,0.6,0.45184150167217846,False,0.7,0.01
KZT_RUB,2026-04-07,0.167342,0.1555555555555555,0.168397,0.0062649572142021,0.1670475736336147,0.1673184791036597,0.1673088272807923,0.1672880265646568,0.167288369267277,0.1670475736336147,0.001759428992036,0.160419,0.0413703672718145,TEST,0.7,0.8240571007964,0.7496228403185601,False,0.48203501494540335,False,False,45.0,0.6,0.45184150167217846,False,0.75,0.0075,True,False,45.0,0.6,0.45184150167217846,True,0.7,0.01,True,False,45.0,0.6,0.45184150167217846,True,0.7,0.01
KZT_RUB,2026-04-08,0.168871,0.0666666666666666,0.167342,-0.0091369769693203,0.1688982298294691,0.1688472641937716,0.1688375241824209,0.1688186250838745,0.1688168792445072,0.1688168792445072,0.0003204857879256,0.159725,0.0541596840191624,TEST,0.30000000000000004,0.96795142120744,0.567180568482976,False,0.5753065332763985,False,False,46.0,0.6,0.47038403786867844,False,0.75,0.0075,False,True,1.0,0.8,0.5371805684829808,False,0.7,0.01,False,True,1.0,0.8,0.5371805684829808,False,0.7,0.01
KZT_RUB,2026-04-09,0.17009,0.0444444444444444,0.167342,-0.0164214602430949,0.1700042426846672,0.1700660928561956,0.1700562825363027,0.1700464048548688,0.1700354885723318,0.1700042426846672,0.0005041878730835,0.157734,0.0726438944088422,TEST,0.19999999999999996,0.94958121269165,0.49983248507666,False,0.6169290288153677,False,False,47.0,0.6,0.48849543370187365,False,0.75,0.0075,False,True,2.0,0.8,0.5404952018656096,False,0.7,0.01,False,True,2.0,0.8,0.5404952018656096,False,0.7,0.01
KZT_RUB,2026-04-10,0.16376,0.1999999999999999,0.167342,0.0214052658627242,0.1632670044436708,0.1637369825746992,0.1637274977106709,0.1636952334724991,0.1637223234369506,0.1632670044436708,0.0030104760401148,0.157734,0.0367977528089886,TEST,0.9,0.69895239598852,0.8195809583954081,False,0.15395935529081853,True,False,48.0,0.6,0.5020865836580743,True,0.75,0.0075,True,True,3.0,0.8,0.5404952018656096,False,0.7,0.01,True,True,3.0,0.8,0.5404952018656096,False,0.7,0.01
KZT_RUB,2026-04-11,0.160419,0.2555555555555555,0.16376,0.0204018075232045,0.1601529956985552,0.1603964521717799,0.1603871608161219,0.1603944248747934,0.160382092106938,0.1601529956985552,0.0016581845133357,0.157734,0.0167374188842967,TEST,1.0,0.83418154866643,0.933672619466572,False,-0.21686271413910183,True,True,1.0,0.8,0.5564391020134849,False,0.75,0.0075,True,False,4.0,0.8,0.5564391020134849,True,0.7,0.01,True,False,4.0,0.8,0.5564391020134849,True,0.7,0.01
KZT_RUB,2026-04-14,0.161158,0.2333333333333332,0.160419,-0.0046066862404078,0.1607929482199223,0.1611353483010099,0.1611260141429916,0.161081753844141,0.1611245017261385,0.1607929482199223,0.002265179389653,0.157734,0.0212462304074261,TEST,0.95,0.7734820610347,0.87939282441388,False,0.04794342805241926,True,True,2.0,0.8,0.5842910728677537,False,0.75,0.0075,True,True,1.0,0.8,0.5842910728677537,False,0.7,0.01,True,True,1.0,0.8,0.5842910728677537,False,0.7,0.01
KZT_RUB,2026-04-15,0.159725,0.2777777777777778,0.160419,0.0043261708401124,0.1593807902577201,0.1597025497175368,0.1596932985578707,0.1596754493405701,0.1596734020419311,0.1593807902577201,0.002155014820973,0.157734,0.0124651745187039,TEST,1.0,0.7844985179027,0.91379940716108,False,-0.045024004152069606,True,True,3.0,0.8,0.6721110403892033,False,0.75,0.0075,True,True,2.0,0.8,0.6721110403892033,False,0.7,0.01,True,True,2.0,0.8,0.6721110403892033,False,0.7,0.01
KZT_RUB,2026-04-16,0.157734,0.3,0.159725,0.0124651745187039,0.1574264396315131,0.1577118295642257,0.1577026937218794,0.1576514000850751,0.1576830452194832,0.1574264396315131,0.0019498672986605,0.158874,0.0,TEST,1.0,0.80501327013395,0.9220053080535799,True,-0.12360317854482213,True,False,4.0,0.8,0.7636144639339297,True,0.75,0.0075,True,True,3.0,0.8,0.7636144639339297,False,0.7,0.01,True,True,3.0,0.8,0.7636144639339297,False,0.7,0.01
KZT_RUB,2026-04-17,0.160492,0.2555555555555555,0.157734,-0.0174851331989297,0.1607371184920857,0.1604694419112031,0.1604601851773549,0.1604422238096605,0.1604252235153354,0.1604252235153354,0.000416073602825,0.158874,0.0100814993893777,TEST,0.85,0.9583926397175,0.8933570558870001,False,0.15238410961931523,True,True,1.0,0.8,0.8315433315991025,False,0.75,0.0075,True,False,4.0,0.8,0.8315433315991025,True,0.7,0.01,True,False,4.0,0.8,0.8315433315991025,True,0.7,0.01
KZT_RUB,2026-04-18,0.161315,0.2333333333333332,0.157734,-0.0227027780947669,0.1613567531440424,0.1612923262337421,0.1612830220315343,0.1612649685582795,0.1612633008351208,0.1612633008351208,0.0003204857879253,0.158874,0.0151318848216222,TEST,0.75,0.96795142120747,0.837180568482988,False,0.21807441690518087,True,True,2.0,0.8,0.8821856707085041,False,0.75,0.0075,True,True,1.0,0.8,0.8821856707085041,False,0.7,0.01,True,True,1.0,0.8,0.8821856707085041,False,0.7,0.01
KZT_RUB,2026-04-21,0.160242,0.3,0.157734,-0.0159001863897446,0.1600061572237946,0.1602194770501646,0.1602102347356236,0.1601903165539658,0.1601906447163713,0.1600061572237946,0.0014717912669923,0.158874,0.0085370876549219,TEST,0.9,0.85282087330077,0.8811283493203081,False,0.19988841954251912,True,True,3.0,0.8,0.8821856707085041,False,0.75,0.0075,True,True,2.0,0.8,0.8821856707085041,False,0.7,0.01,True,True,2.0,0.8,0.8821856707085041,False,0.7,0.01
KZT_RUB,2026-04-22,0.158874,0.3333333333333333,0.157734,-0.0072273574498838,0.1586481375130931,0.1588516693305616,0.158842467460217,0.1588227577800749,0.1588226769510706,0.1586481375130931,0.0014216453724769,0.160926,0.0,TEST,0.95,0.8578354627523099,0.9131341851009239,True,0.09085837251932546,True,False,4.0,0.8,0.8835740906336466,True,0.75,0.0075,True,True,3.0,0.8,0.8835740906336466,False,0.7,0.01,True,True,3.0,0.8,0.8835740906336466,False,0.7,0.01
KZT_RUB,2026-04-23,0.161383,0.2333333333333332,0.157734,-0.0231338836268653,0.1612111149085915,0.1613603166759446,0.1613510085516852,0.1613520748192961,0.1613180652149081,0.1612111149085915,0.0010650755743077,0.160926,0.0028317728633126,TEST,0.6,0.89349244256923,0.717396977027692,False,0.29082649238861824,False,True,1.0,0.8,0.8973124817297848,False,0.75,0.0075,False,False,4.0,0.8,0.8973124817297848,False,0.7,0.01,False,False,4.0,0.8,0.8973124817297848,False,0.7,0.01
KZT_RUB,2026-04-24,0.162201,0.2222222222222222,0.158874,-0.0209411231541978,0.1621251625059272,0.1621782017012628,0.16216884639703,0.162159426855574,0.1621490168847127,0.1621251625059272,0.0004675525679422,0.160926,0.0078606173821369,TEST,0.55,0.95324474320578,0.7112978972823121,False,0.3560213596875753,False,True,2.0,0.8,0.8973124817297848,False,0.75,0.0075,False,False,5.0,0.8,0.8973124817297848,False,0.7,0.01,False,False,5.0,0.8,0.8973124817297848,False,0.7,0.01
KZT_RUB,2026-04-25,0.163172,0.2111111111111111,0.158874,-0.0270528846759068,0.1632848947234638,0.1631490652215365,0.1631396539127144,0.1631286647767127,0.1631197056930126,0.1631197056930126,0.0003204857879257,0.160926,0.0137646164783173,TEST,0.5,0.96795142120743,0.687180568482972,False,0.4401100679831667,False,True,3.0,0.8,0.8973124817297848,False,0.75,0.0075,False,False,6.0,0.8,0.8973124817297848,False,0.7,0.01,False,False,6.0,0.8,0.8973124817297848,False,0.7,0.01
KZT_RUB,2026-04-28,0.160926,0.2888888888888888,0.158874,-0.0129158956153934,0.1606409871117382,0.1609033809099661,0.1608940991442004,0.1608726036630583,0.1608744255040923,0.1606409871117382,0.0017710804236843,0.162066,0.0,TEST,0.7,0.82289195763157,0.749156783052628,False,0.2583360310780193,False,False,4.0,0.8,0.8973124817297848,False,0.75,0.0075,True,False,7.0,0.7,0.8799134818858084,False,0.7,0.01,True,False,7.0,0.7,0.8799134818858084,False,0.7,0.01
KZT_RUB,2026-04-29,0.162098,0.2444444444444444,0.158874,-0.0202928106549844,0.1620751688070786,0.1620752161785149,0.1620658668150367,0.1620669378066975,0.1620460498947488,0.1620460498947488,0.0003204857879257,0.16177,0.0020234672852224,TEST,0.5,0.96795142120743,0.687180568482972,False,0.3531887342181925,False,False,5.0,0.8,0.8973124817297848,False,0.75,0.0075,False,False,8.0,0.7,0.8799134818858084,False,0.7,0.01,False,False,8.0,0.7,0.8799134818858084,False,0.7,0.01
KZT_RUB,2026-04-30,0.163777,0.1999999999999999,0.160926,-0.0177162173918446,0.1637785040436376,0.1637539801852499,0.1637445339817041,0.1637456160666233,0.163724511799111,0.163724511799111,0.0003204857879251,0.161026,0.0167972303803342,TEST,0.30000000000000004,0.96795142120749,0.567180568482996,False,0.4890741340239563,False,False,6.0,0.8,0.8973124817297848,False,0.75,0.0075,False,False,9.0,0.7,0.8799134818858084,False,0.7,0.01,False,False,9.0,0.7,0.8799134818858084,False,0.7,0.01
KZT_RUB,2026-05-01,0.162066,0.2666666666666667,0.160926,-0.0070840013422316,0.1618539058226945,0.1620432206763019,0.1620338731584951,0.1620214322244453,0.1619913151163202,0.1618539058226945,0.0013086901466408,0.160325,0.0107425369911023,TEST,0.5,0.86913098533592,0.647652394134368,False,0.3505988993201669,False,False,7.0,0.7,0.8799134818858084,False,0.75,0.0075,False,False,10.0,0.7,0.8799134818858084,False,0.7,0.01,False,False,10.0,0.7,0.8799134818858084,False,0.7,0.01
KZT_RUB,2026-05-05,0.162966,0.2444444444444444,0.160926,-0.0126766339808358,0.1631912609756532,0.1629430941760407,0.1629336947487278,0.1629259966312055,0.162913771713085,0.162913771713085,0.0003204857879251,0.15997,0.0183842028398561,TEST,0.35,0.96795142120749,0.597180568482996,False,0.4234380058271282,False,False,8.0,0.7,0.8799134818858084,False,0.75,0.0075,False,False,11.0,0.7,0.8799134818858084,False,0.7,0.01,False,False,11.0,0.7,0.8799134818858084,False,0.7,0.01
KZT_RUB,2026-05-06,0.162196,0.2666666666666667,0.160926,-0.0078918260566968,0.1621078361371162,0.162173202404042,0.1621638473881954,0.1621463371333988,0.1621440184871417,0.1621078361371162,0.0005435637308182,0.158095,0.0252842240252533,TEST,0.4,0.94564362691818,0.618257450767272,False,0.3611201035933961,False,False,9.0,0.7,0.8799134818858084,False,0.75,0.0075,False,False,12.0,0.6,0.8266208024304401,False,0.7,0.01,False,False,12.0,0.6,0.8266208024304401,False,0.7,0.01
KZT_RUB,2026-05-07,0.16177,0.3,0.162066,0.0018264163982574,0.1617400467699054,0.1617472622808323,0.1617379318354853,0.1617282863657505,0.1617181550140873,0.1617181550140873,0.0003204857879254,0.156402,0.033182914013723,TEST,0.5,0.96795142120746,0.687180568482984,False,0.3266429265134341,False,False,10.0,0.7,0.8799134818858084,False,0.75,0.0075,False,False,13.0,0.6,0.8266208024304401,False,0.7,0.01,False,False,13.0,0.6,0.8266208024304401,False,0.7,0.01
KZT_RUB,2026-05-08,0.161026,0.3555555555555555,0.16177,0.0045991222105458,0.1608994111139563,0.1610033668543815,0.160994079320893,0.1609844782118522,0.1609743934555135,0.1608994111139563,0.0007861394187503,0.154264,0.0419932184864555,TEST,0.65,0.92138605812497,0.758554423249988,False,0.2664292651343473,False,False,11.0,0.7,0.8799134818858084,False,0.75,0.0075,False,False,14.0,0.6,0.8266208024304401,False,0.7,0.01,False,False,14.0,0.6,0.8266208024304401,False,0.7,0.01
KZT_RUB,2026-05-09,0.160325,0.4222222222222223,0.161026,0.0043533342441593,0.1602287588027385,0.1603024653840294,0.1602932182822784,0.1602797422308979,0.1602736181160509,0.1602287588027385,0.0006002881475844,0.15388,0.0401995945735225,TEST,0.8,0.93997118524156,0.8559884740966239,False,0.42876054939599295,True,False,12.0,0.6,0.8266208024304401,True,0.75,0.0075,True,False,15.0,0.6,0.8266208024304401,True,0.7,0.01,True,False,15.0,0.6,0.8266208024304401,True,0.7,0.01
KZT_RUB,2026-05-13,0.15997,0.4444444444444444,0.160325,0.0022142523000155,0.1598983817001406,0.1599475152813546,0.15993828865502,0.1599184042831337,0.1599187318885056,0.1598983817001406,0.0004476983175558,0.152471,0.0468775395386635,TEST,0.85,0.95523016824442,0.892092067297768,False,0.3700148932649331,True,True,1.0,0.8,0.8973124817297848,False,0.75,0.0075,True,True,1.0,0.8,0.8973124817297848,False,0.7,0.01,True,True,1.0,0.8,0.8973124817297848,False,0.7,0.01
KZT_RUB,2026-05-14,0.158095,0.4888888888888889,0.15997,0.0117209476776894,0.1578152328005163,0.1580727788235654,0.1580636220723529,0.158042543008036,0.1580439286011526,0.1578152328005163,0.0017696144690453,0.150342,0.0490401340965875,TEST,0.95,0.82303855309547,0.899215421238188,False,0.05973854046003651,True,True,2.0,0.8,0.8923450650156144,False,0.75,0.0075,True,True,2.0,0.8,0.8923450650156144,False,0.7,0.01,True,True,2.0,0.8,0.8923450650156144,False,0.7,0.01
KZT_RUB,2026-05-15,0.156402,0.5777777777777777,0.158095,0.0107087510673961,0.1562662726600665,0.1563800167846123,0.1563709580907691,0.1563512448663992,0.1563660163054833,0.1562662726600665,0.000867810769258,0.150052,0.0406005038298744,TEST,1.0,0.9132189230742,0.9652875692296801,False,-0.22042032103259995,True,True,3.0,0.8,0.8945287289572377,False,0.75,0.0075,True,True,3.0,0.8,0.8945287289572377,False,0.7,0.01,True,True,3.0,0.8,0.8945287289572377,False,0.7,0.01
KZT_RUB,2026-05-16,0.154264,0.7222222222222222,0.156402,0.0136699019194128,0.154020718598983,0.1542423172930105,0.1542333824306237,0.1542128141597879,0.1542141661768443,0.154020718598983,0.0015770458500817,0.150052,0.0273038427630556,TEST,1.0,0.84229541499183,0.936918165996732,False,-0.2898983050847462,True,False,4.0,0.8,0.8945287289572377,True,0.75,0.0075,True,False,4.0,0.8,0.8945287289572377,True,0.7,0.01,True,False,4.0,0.8,0.8945287289572377,True,0.7,0.01
KZT_RUB,2026-05-19,0.15388,0.7777777777777778,0.154264,0.0024892392262616,0.1537230640104147,0.1538583712664553,0.1538494586450784,0.1538303685134001,0.1538302902251517,0.1537230640104147,0.0010198595632005,0.150052,0.0248765271640239,TEST,1.0,0.89801404367995,0.95920561747198,False,-0.04036581520025476,True,True,1.0,0.8,0.8945287289572377,False,0.75,0.0075,True,True,1.0,0.8,0.8945287289572377,False,0.7,0.01,True,True,1.0,0.8,0.8945287289572377,False,0.7,0.01
KZT_RUB,2026-05-20,0.152471,0.8888888888888888,0.15388,0.0091564855731738,0.1523410533159123,0.1524495693096419,0.1524407382965541,0.1523969755567551,0.1524217453919879,0.1523410533159123,0.0008522714751506,0.150052,0.0158653120921355,TEST,1.0,0.91477285248494,0.965909140993976,False,-0.1423663736485795,True,True,2.0,0.8,0.9019991740107351,False,0.75,0.0075,True,True,2.0,0.8,0.9019991740107351,False,0.7,0.01,True,True,2.0,0.8,0.9019991740107351,False,0.7,0.01
KZT_RUB,2026-05-21,0.150342,0.9777777777777776,0.152471,0.0139633110558728,0.150146593701157,0.1503208685530375,0.1503121608501324,0.1502953601800594,0.1502934331494005,0.150146593701157,0.0012997452398066,0.14849,0.0123185803035744,TEST,1.0,0.87002547601934,0.948010190407736,False,-0.18830709357862993,True,True,3.0,0.8,0.9178909812800856,False,0.75,0.0075,True,True,3.0,0.8,0.9178909812800856,False,0.7,0.01,True,True,3.0,0.8,0.9178909812800856,False,0.7,0.01
KZT_RUB,2026-05-22,0.150052,1.0,0.150342,0.0019289353607109,0.1501006397633545,0.1500309093142328,0.1500222184079237,0.1500054501452573,0.150003526831716,0.150003526831716,0.0003230424671713,0.14849,0.0104097246287952,TEST,1.0,0.96769575328287,0.987078301313148,False,-0.021585411239301258,True,False,4.0,0.8,0.9391365708789329,True,0.75,0.0075,True,False,4.0,0.8,0.9391365708789329,True,0.7,0.01,True,False,4.0,0.8,0.9391365708789329,True,0.7,0.01
KZT_RUB,2026-05-23,0.151043,0.9222222222222224,0.150052,-0.006604377149255,0.1512278819961722,0.1510217700233897,0.1510130217190576,0.1509715393953796,0.1510116042282799,0.1509715393953796,0.0004731143093053,0.146272,0.0315870315075839,TEST,0.9,0.95268856906947,0.921075427627788,False,0.07220400728597585,True,True,1.0,0.8,0.9502492758205848,False,0.75,0.0075,True,True,1.0,0.8,0.9502492758205848,False,0.7,0.01,True,True,1.0,0.8,0.9502492758205848,False,0.7,0.01
KZT_RUB,2026-05-26,0.151967,0.8888888888888888,0.150052,-0.0127622424226268,0.1520976651231034,0.1519456401497882,0.1519368383280259,0.1519259839635412,0.1519182967362663,0.1519182967362663,0.0003204857879255,0.146272,0.0374752413352897,TEST,0.85,0.96795142120745,0.8971805684829801,False,0.13952641165755905,True,True,2.0,0.8,0.9502492758205848,False,0.75,0.0075,True,True,2.0,0.8,0.9502492758205848,False,0.7,0.01,True,True,2.0,0.8,0.9502492758205848,False,0.7,0.01
KZT_RUB,2026-05-27,0.151685,0.9111111111111112,0.150052,-0.0108828939301042,0.1516036265019963,0.1516636797865367,0.1516548942980161,0.1516458868602884,0.1516363871132585,0.1516036265019963,0.0005364637110043,0.146272,0.0356857962224344,TEST,0.85,0.94635362889957,0.888541451559828,False,0.11897996357012705,True,True,3.0,0.8,0.9502492758205848,False,0.75,0.0075,True,True,3.0,0.8,0.9502492758205848,False,0.7,0.01,True,True,3.0,0.8,0.9502492758205848,False,0.7,0.01
KZT_RUB,2026-05-28,0.14849,1.0,0.150052,0.0104097246287952,0.1481629946203308,0.1484691288624639,0.1484605284260963,0.1484451580230936,0.1484558366338104,0.1481629946203308,0.0022022047253633,0.146272,0.0149370327968213,TEST,1.0,0.7797795274636701,0.911911810985468,False,-0.11380692167577255,True,False,4.0,0.8,0.9502492758205848,False,0.75,0.0075,True,False,4.0,0.8,0.9502492758205848,False,0.7,0.01,True,False,4.0,0.8,0.9502492758205848,False,0.7,0.01
KZT_RUB,2026-05-29,0.149475,0.9888888888888888,0.14849,-0.006633443329517,0.1495828264869237,0.1494539904149558,0.1494453329280809,0.1494383082756491,0.1494439301524873,0.1494383082756491,0.0002454706429228,0.146272,0.0214283324970729,TEST,0.95,0.97545293570772,0.9601811742830879,False,0.06443383266827933,True,False,5.0,0.8,0.9502492758205848,True,0.75,0.0075,True,False,5.0,0.8,0.9502492758205848,True,0.7,0.01,True,False,5.0,0.8,0.9502492758205848,True,0.7,0.01
KZT_RUB,2026-05-30,0.146272,1.0,0.14849,0.0149370327968213,0.1458899873659968,0.1462514406153298,0.1462429686439622,0.1462278278291733,0.1462383469331316,0.1458899873659968,0.0026116593333189,0.147244,0.0,TEST,1.0,0.73883406666811,0.895533626667244,True,-0.14509059985608677,True,True,1.0,0.8,0.9594007288342016,False,0.75,0.0075,True,True,1.0,0.8,0.9594007288342016,False,0.7,0.01,True,True,1.0,0.8,0.9594007288342016,False,0.7,0.01
KZT_RUB,2026-06-02,0.147244,0.9888888888888888,0.146272,-0.0066451542332093,0.1474836644726712,0.1472233039950477,0.1472147757261238,0.1473311507075043,0.1473141914844254,0.1472147757261238,0.0001984751424589,0.148396,0.0,TEST,0.95,0.98015248575411,0.9620609943016439,True,0.05822451180064703,True,True,2.0,0.8,0.9594007288342016,False,0.75,0.0075,True,True,2.0,0.8,0.9594007288342016,False,0.7,0.01,True,True,2.0,0.8,0.9594007288342016,False,0.7,0.01
KZT_RUB,2026-06-03,0.148396,0.9777777777777776,0.146272,-0.0145208925836796,0.1485968652900167,0.1483751420747134,0.148366583004628,0.1483595731384728,0.148348441191015,0.148348441191015,0.0003204857879255,0.147968,0.0028841747756004,TEST,0.9,0.96795142120745,0.9271805684829801,True,0.127231340601413,True,True,3.0,0.8,0.9605571382867991,False,0.75,0.0075,True,True,3.0,0.8,0.9605571382867991,False,0.7,0.01,True,True,3.0,0.8,0.9605571382867991,False,0.7,0.01
KZT_RUB,2026-06-04,0.148725,0.9555555555555556,0.146272,-0.0167701268868955,0.1489202654696545,0.1487040958318401,0.1486955177859464,0.1486848589823953,0.1486773357511908,0.1486773357511908,0.0003204857879253,0.146446,0.0153235837955959,TEST,0.8,0.96795142120747,0.8671805684829881,False,0.15404420999748705,True,False,4.0,0.8,0.9605571382867991,False,0.75,0.0075,True,False,4.0,0.8,0.9605571382867991,False,0.7,0.01,True,False,4.0,0.8,0.9605571382867991,False,0.7,0.01
KZT_RUB,2026-06-05,0.151837,0.8444444444444444,0.146272,-0.0380455589586522,0.1524422640702547,0.1518156584220482,0.1518069008846175,0.1518079040812072,0.1517883383994188,0.1517883383994188,0.0003204857879252,0.146446,0.0355051798968631,TEST,0.5,0.96795142120748,0.687180568482992,False,0.35907859078590737,False,False,5.0,0.8,0.9605571382867991,False,0.75,0.0075,False,False,5.0,0.8,0.9605571382867991,False,0.7,0.01,False,False,5.0,0.8,0.9605571382867991,False,0.7,0.01
KZT_RUB,2026-06-06,0.151376,0.8666666666666667,0.146272,-0.0348938963027783,0.1514338989260249,0.151354723218293,0.151345992270065,0.151333348140811,0.1513122268675812,0.1513122268675812,0.0004212895863202,0.146446,0.0325679103688828,TEST,0.55,0.95787104136798,0.713148416547192,False,0.3459400840450048,False,False,6.0,0.8,0.9605571382867991,False,0.75,0.0075,False,False,6.0,0.8,0.9605571382867991,False,0.7,0.01,False,False,6.0,0.8,0.9605571382867991,False,0.7,0.01
KZT_RUB,2026-06-09,0.150304,0.9222222222222224,0.147244,-0.0207818315177527,0.1501734448865813,0.1502828738941597,0.1502742047759212,0.1502579783502576,0.1502558297041316,0.1501734448865813,0.000868607045845,0.146446,0.0256679795614221,TEST,0.65,0.9131392954155,0.7552557181662001,False,0.2869138262292738,False,False,7.0,0.7,0.9513688185270092,False,0.75,0.0075,False,False,7.0,0.7,0.9513688185270092,False,0.7,0.01,False,False,7.0,0.7,0.9513688185270092,False,0.7,0.01
KZT_RUB,2026-06-10,0.147968,0.9777777777777776,0.148396,0.0028841747756004,0.1477014673388389,0.1479472022326154,0.1479386320301206,0.1479202753326669,0.1479205783589322,0.1477014673388389,0.0018012858264022,0.146446,0.0102860077854671,TEST,0.9,0.81987141735978,0.867948566943912,False,0.12381369542998809,True,False,8.0,0.7,0.9513688185270092,False,0.75,0.0075,True,False,8.0,0.7,0.9513688185270092,False,0.7,0.01,True,False,8.0,0.7,0.9513688185270092,False,0.7,0.01
KZT_RUB,2026-06-11,0.146446,0.9888888888888888,0.147968,0.0102860077854671,0.1462770756811432,0.1464254161586126,0.1464169341092874,0.1463984757592914,0.146412306900633,0.1462770756811432,0.0011534922009258,0.146812,0.0,TEST,0.95,0.88465077990742,0.923860311962968,True,0.014717076884037868,True,False,9.0,0.7,0.9513688185270092,False,0.75,0.0075,True,False,9.0,0.7,0.9513688185270092,False,0.7,0.01,True,False,9.0,0.7,0.9513688185270092,False,0.7,0.01
KZT_RUB,2026-06-12,0.147174,0.9777777777777776,0.146446,-0.0049711156330661,0.1472938593742291,0.1471533138339569,0.1471447896193837,0.1471283543538804,0.1471434084379473,0.1471283543538804,0.0003101474861022,0.146812,0.0024596735836492,TEST,0.9,0.96898525138978,0.9275941005559121,True,0.08904244817373999,True,False,10.0,0.7,0.9513688185270092,False,0.75,0.0075,True,False,10.0,0.7,0.9513688185270092,False,0.7,0.01,True,False,10.0,0.7,0.9513688185270092,False,0.7,0.01
KZT_RUB,2026-06-16,0.148062,0.9444444444444444,0.146446,-0.0110347841525204,0.1480196603346003,0.1480411890203659,0.1480326133734572,0.1480147059368039,0.1480145482332682,0.1480145482332682,0.0003204857879252,0.146812,0.0084424092609852,TEST,0.75,0.96795142120748,0.837180568482992,False,0.22397397397397226,True,False,11.0,0.7,0.9402457733200332,False,0.75,0.0075,True,False,11.0,0.7,0.9402457733200332,False,0.7,0.01,True,False,11.0,0.7,0.9402457733200332,False,0.7,0.01
KZT_RUB,2026-06-17,0.146812,0.9777777777777776,0.146446,-0.0024992147276129,0.1465515330421322,0.1467913647151731,0.1467828614673853,0.1467632867838691,0.1467645734893096,0.1465515330421322,0.0017741530519834,0.149328,0.0,TEST,0.9,0.82258469480166,0.8690338779206641,True,0.0709779179810708,True,False,12.0,0.6,0.9251884145709729,False,0.75,0.0075,True,False,12.0,0.6,0.9251884145709729,False,0.7,0.01,True,False,12.0,0.6,0.9251884145709729,False,0.7,0.01
KZT_RUB,2026-06-18,0.149328,0.8888888888888888,0.146446,-0.0196796088660666,0.1493292194045922,0.1493070110766651,0.1492983982514023,0.1492993848708715,0.1492658685610373,0.1492658685610373,0.0004160736028252,0.149899,0.0,TEST,0.5,0.95839263971748,0.683357055886992,False,0.4929827391514735,False,False,13.0,0.6,0.92218938136186,False,0.75,0.0075,False,False,13.0,0.6,0.92218938136186,False,0.7,0.01,False,False,13.0,0.6,0.92218938136186,False,0.7,0.01
KZT_RUB,2026-06-19,0.149899,0.8666666666666667,0.146446,-0.0235786569793644,0.1499448189358503,0.1498779308192772,0.1498692850603165,0.1498666131777798,0.1498358491123002,0.1498358491123002,0.0004212895863202,0.150573,0.0,TEST,0.4,0.95787104136798,0.623148416547192,False,0.6368744512730475,False,False,14.0,0.6,0.9155772576423961,False,0.75,0.0075,False,False,14.0,0.6,0.9155772576423961,False,0.7,0.01,False,False,14.0,0.6,0.9155772576423961,False,0.7,0.01
KZT_RUB,2026-06-20,0.150573,0.8222222222222222,0.146812,-0.0256177969103344,0.1507896442974972,0.1505518360846372,0.1505431514512241,0.1505441462964865,0.150509565163119,0.150509565163119,0.0004212895863203,0.151043,0.0,TEST,0.25,0.95787104136797,0.533148416547188,False,0.7552238805970177,False,False,15.0,0.6,0.9030730654839753,False,0.75,0.0075,False,False,15.0,0.6,0.9030730654839753,False,0.7,0.01,False,False,15.0,0.6,0.9030730654839753,False,0.7,0.01
KZT_RUB,2026-06-23,0.151043,0.8,0.146812,-0.0288191700950876,0.151101879176563,0.1510217700233897,0.151013058281679,0.1510103660078546,0.1509945928651344,0.1509945928651344,0.0003204857879254,0.153221,0.0,TEST,0.19999999999999996,0.96795142120746,0.507180568482984,False,0.837752414398598,False,False,16.0,0.6,0.8961924033935385,False,0.75,0.0075,False,False,16.0,0.6,0.8961924033935385,False,0.7,0.01,False,False,16.0,0.6,0.8961924033935385,False,0.7,0.01
KZT_RUB,2026-06-24,0.153221,0.7333333333333334,0.146812,-0.0436544696618804,0.1535397923932439,0.1531994638927576,0.1531906265300419,0.1531916388708065,0.1531564495882944,0.1531564495882944,0.0004212895863203,0.153795,0.0,TEST,0.0,0.95787104136797,0.383148416547188,False,1.2201931518876226,False,False,17.0,0.6,0.8913383216027944,False,0.75,0.0075,False,False,17.0,0.6,0.8913383216027944,False,0.7,0.01,False,False,17.0,0.6,0.8913383216027944,False,0.7,0.01
KZT_RUB,2026-06-25,0.153795,0.7222222222222222,0.149328,-0.0299140147862423,0.1539431341120348,0.1537733832137021,0.153764512744257,0.1537655288774756,0.1537302077680719,0.1537302077680719,0.00042128958632,0.155301,0.0,TEST,0.0,0.957871041368,0.38314841654720005,False,1.0826018132105328,False,False,18.0,0.6,0.8768369073763297,False,0.75,0.0075,False,False,18.0,0.6,0.8768369073763297,False,0.7,0.01,False,False,18.0,0.6,0.8768369073763297,False,0.7,0.01
KZT_RUB,2026-06-26,0.155301,0.6111111111111112,0.149899,-0.0360375986497574,0.1556839520725905,0.1552791715365984,0.1552702142052463,0.1552712402887014,0.1552355733059549,0.1552355733059549,0.0004212895863201,0.158758,0.0,TEST,0.0,0.95787104136799,0.383148416547196,False,1.2001860959723532,False,False,19.0,0.6,0.8683826913346129,False,0.75,0.0075,False,False,19.0,0.6,0.8683826913346129,False,0.7,0.01,False,False,19.0,0.6,0.8683826913346129,False,0.7,0.01
KZT_RUB,2026-06-27,0.158758,0.4888888888888889,0.150573,-0.0543590152284938,0.1590872161639124,0.1587356856350397,0.1587265289135067,0.1587275778375778,0.158691116907855,0.158691116907855,0.00042128958632,0.159833,0.0,TEST,0.0,0.957871041368,0.38314841654720005,False,1.3828773950603637,False,False,20.0,0.6,0.8674877678673576,False,0.75,0.0075,False,False,20.0,0.6,0.8674877678673576,False,0.7,0.01,False,False,20.0,0.6,0.8674877678673576,False,0.7,0.01
KZT_RUB,2026-06-30,0.159833,0.4555555555555556,0.151043,-0.0581953483445111,0.1601475375610585,0.1598105345375055,0.1598013158129512,0.1597984668613138,0.1597656640215496,0.1597656640215496,0.0004212895863207,0.161108,0.0,TEST,0.0,0.95787104136793,0.383148416547172,False,1.0860964279993588,False,False,21.0,0.6,0.8491805684829905,False,0.75,0.0075,False,False,21.0,0.6,0.8491805684829905,False,0.7,0.01,False,False,21.0,0.6,0.8491805684829905,False,0.7,0.01
KZT_RUB,2026-07-01,0.161108,0.3555555555555555,0.153221,-0.0514746673106167,0.1613689109859639,0.1610853553288022,0.1610760630657808,0.1610771275164494,0.1610401268773271,0.1610401268773271,0.0004212895863203,0.161273,0.0,TEST,0.0,0.95787104136797,0.383148416547188,False,1.0952416523492938,False,False,22.0,0.6,0.7880256582929169,False,0.75,0.0075,False,False,22.0,0.6,0.7880256582929169,False,0.7,0.01,False,False,22.0,0.6,0.7880256582929169,False,0.7,0.01
KZT_RUB,2026-07-02,0.162808,0.2555555555555555,0.153795,-0.058603985825287,0.1634883027159631,0.1627851163838644,0.1627757260695536,0.162776801752229,0.1627394106850304,0.1627394106850304,0.0004212895863201,0.161273,0.0094282836224264,TEST,0.0,0.95787104136799,0.383148416547196,False,1.1159459828127136,False,False,23.0,0.6,0.7299913371947953,False,0.75,0.0075,False,False,23.0,0.6,0.7299913371947953,False,0.7,0.01,False,False,23.0,0.6,0.7299913371947953,False,0.7,0.01
KZT_RUB,2026-07-03,0.162603,0.2666666666666667,0.155301,-0.0470183707767496,0.1625810198432414,0.1625801451978127,0.1625707667073339,0.1625718410355614,0.1625344970493955,0.1625344970493955,0.0004212895863207,0.161273,0.008179430883809,TEST,0.050000000000000044,0.95787104136793,0.41314841654717205,False,0.9874709693191535,False,False,24.0,0.6,0.697567707708672,False,0.75,0.0075,False,False,24.0,0.6,0.697567707708672,False,0.7,0.01,False,False,24.0,0.6,0.697567707708672,False,0.7,0.01
KZT_RUB,2026-07-04,0.162764,0.2666666666666667,0.158758,-0.0252333740661886,0.1626208613520071,0.1627411225683216,0.1627317347918089,0.1627328101837735,0.1626954292217722,0.1626208613520071,0.0008794244918587,0.161273,0.0091605023223808,TEST,0.050000000000000044,0.91205755081413,0.39482302032565203,False,0.9973108421953296,False,False,25.0,0.6,0.6848864609253921,False,0.75,0.0075,False,False,25.0,0.6,0.6848864609253921,False,0.7,0.01,False,False,25.0,0.6,0.6848864609253921,False,0.7,0.01
KZT_RUB,2026-07-07,0.165179,0.1888888888888888,0.159833,-0.0334474107349545,0.1654804860713663,0.1651557831259541,0.1651462560589332,0.1651473474069544,0.1651094118074212,0.1651094118074212,0.0004212895863202,0.161273,0.0236470737805652,TEST,0.0,0.95787104136798,0.383148416547192,False,1.144908935337977,False,False,26.0,0.6,0.6472318722831121,False,0.75,0.0075,False,False,26.0,0.6,0.6472318722831121,False,0.7,0.01,False,False,26.0,0.6,0.6472318722831121,False,0.7,0.01
KZT_RUB,2026-07-08,0.161273,0.3888888888888888,0.161108,-0.0010241577078729,0.1605395608932899,0.1612503321370876,0.1612410303573234,0.1612061849126737,0.1612213142955239,0.1605395608932899,0.0045478108964928,0.1622,0.0,TEST,0.19999999999999996,0.5452189103507199,0.33808756414028796,False,0.7914909517962957,False,False,27.0,0.6,0.5691484165471896,False,0.75,0.0075,False,False,27.0,0.6,0.5691484165471896,False,0.7,0.01,False,False,27.0,0.6,0.5691484165471896,False,0.7,0.01
KZT_RUB,2026-07-09,0.1622,0.3111111111111111,0.161273,-0.005748017337062,0.1621795287266734,0.1621772018418186,0.1621678465952631,0.1621496940777543,0.1621480172051985,0.1621480172051985,0.0003204857879254,0.162251,0.0,TEST,0.19999999999999996,0.96795142120746,0.507180568482984,False,0.8409758180750557,False,False,28.0,0.6,0.5175677077086656,False,0.75,0.0075,False,False,28.0,0.6,0.5175677077086656,False,0.7,0.01,False,False,28.0,0.6,0.5175677077086656,False,0.7,0.01
KZT_RUB,2026-07-10,0.162251,0.3,0.161273,-0.0060642513005897,0.1620708262117462,0.1622281946734705,0.1622188364853763,0.1622006782602325,0.1621990008604233,0.1620708262117462,0.0011104633453957,0.162418,0.0,TEST,0.19999999999999996,0.88895366546043,0.47558146618417196,False,0.8436982864463788,False,False,29.0,0.6,0.507180568482984,False,0.75,0.0075,False,False,29.0,0.6,0.507180568482984,False,0.7,0.01,False,False,29.0,0.6,0.507180568482984,False,0.7,0.01
KZT_RUB,2026-07-11,0.16402,0.2111111111111111,0.161273,-0.0170332293688342,0.1641214735196108,0.1639969460301793,0.1639874858110669,0.163977960634344,0.1639674339210645,0.1639674339210645,0.0003204857879252,0.162418,0.0097671015729788,TEST,0.050000000000000044,0.96795142120748,0.41718056848299206,False,0.9368976969564984,False,False,30.0,0.6,0.48822110710369676,False,0.75,0.0075,False,False,30.0,0.6,0.48822110710369676,False,0.7,0.01,False,False,30.0,0.6,0.48822110710369676,False,0.7,0.01
KZT_RUB,2026-07-14,0.16488,0.2111111111111111,0.161273,-0.0223658020871441,0.1648830310730376,0.164856825152152,0.1648473153306225,0.1648288628824915,0.1648271583032869,0.1648271583032869,0.0003204857879251,0.162418,0.014932071809801,TEST,0.050000000000000044,0.96795142120749,0.41718056848299606,False,0.9837208036151798,False,False,31.0,0.6,0.440540927563464,False,0.75,0.0075,False,False,31.0,0.6,0.440540927563464,False,0.7,0.01,False,False,31.0,0.6,0.440540927563464,False,0.7,0.01
KZT_RUB,2026-07-15,0.162418,0.3222222222222222,0.161273,-0.0070997625144941,0.162193183745766,0.1623951712006442,0.1623858033804528,0.1623434003560072,0.1623431529041409,0.162193183745766,0.0013841831215383,0.165979,0.0,TEST,0.30000000000000004,0.86158168784617,0.524632675138468,False,0.8496760494364901,False,False,32.0,0.6,0.4171805684829937,False,0.75,0.0075,False,False,32.0,0.6,0.4171805684829937,False,0.7,0.01,False,False,32.0,0.6,0.4171805684829937,False,0.7,0.01
KZT_RUB,2026-07-16,0.166262,0.1888888888888888,0.1622,-0.0250431565967939,0.1663418092926447,0.1662386309039731,0.1662290413725131,0.1662301398759833,0.1661919555507992,0.1661919555507992,0.0004212895863204,0.165979,0.0017021327783859,TEST,0.0,0.95787104136796,0.383148416547184,False,1.068323765062141,False,False,33.0,0.6,0.4171805684829937,False,0.75,0.0075,False,False,33.0,0.6,0.4171805684829937,False,0.7,0.01,False,False,33.0,0.6,0.4171805684829937,False,0.7,0.01
KZT_RUB,2026-07-17,0.166737,0.1888888888888888,0.162251,-0.0276485198858558,0.1667997708599527,0.1667135641399464,0.1667039472118026,0.1667050488536276,0.1666667554382457,0.1666667554382457,0.0004212895863204,0.165979,0.0045460815535844,TEST,0.0,0.95787104136796,0.383148416547184,False,1.0290289066797045,False,False,34.0,0.6,0.41476127732150003,False,0.75,0.0075,False,False,34.0,0.6,0.41476127732150003,False,0.7,0.01,False,False,34.0,0.6,0.41476127732150003,False,0.7,0.01
KZT_RUB,2026-07-18,0.165979,0.2111111111111111,0.162418,-0.0219249098006377,0.1659980990617165,0.1659556706812775,0.1659460974724733,0.1659281788149177,0.1659258060894059,0.1659258060894059,0.0003204857879254,0.16669,0.0,TEST,0.09999999999999998,0.96795142120746,0.44718056848298404,False,0.9531056669141296,False,False,35.0,0.6,0.40215317881426005,False,0.75,0.0075,False,False,35.0,0.6,0.40215317881426005,False,0.7,0.01,False,False,35.0,0.6,0.40215317881426005,False,0.7,0.01
KZT_RUB,2026-07-21,0.16669,0.1999999999999999,0.162418,-0.0263025034171089,0.1669206935159298,0.1666665707460712,0.1666569565287571,0.1666580578600502,0.1666365782240107,0.1666365782240107,0.0003204857879254,0.163878,0.0168696382506449,TEST,0.050000000000000044,0.96795142120746,0.41718056848298407,False,0.9970052249267242,False,False,36.0,0.6,0.40215317881426005,False,0.75,0.0075,False,False,36.0,0.6,0.40215317881426005,False,0.7,0.01,False,False,36.0,0.6,0.40215317881426005,False,0.7,0.01
KZT_RUB,2026-07-22,0.167037,0.1888888888888888,0.162418,-0.0284389661244442,0.1670695513468214,0.1670135219731927,0.1670038877418801,0.1670009103821693,0.1669666290513698,0.1669666290513698,0.0004212895863203,0.163878,0.0189119775858043,TEST,0.0,0.95787104136797,0.383148416547188,False,1.0221959159514646,False,False,37.0,0.6,0.40215317881426005,False,0.75,0.0075,False,False,37.0,0.6,0.40215317881426005,False,0.7,0.01,False,False,37.0,0.6,0.40215317881426005,False,0.7,0.01
KZT_RUB,2026-07-23,0.167115,0.1888888888888888,0.165979,-0.0068442393314818,0.1671552528017674,0.1670915110098367,0.1670818722797003,0.167073978173508,0.1670614420175508,0.1670614420175508,0.0003204857879257,0.163878,0.0193698949824971,TEST,0.0,0.96795142120743,0.38718056848297205,False,1.0058903488898976,False,False,38.0,0.6,0.40215317881426005,False,0.75,0.0075,False,False,38.0,0.6,0.40215317881426005,False,0.7,0.01,False,False,38.0,0.6,0.40215317881426005,False,0.7,0.01
KZT_RUB,2026-07-24,0.167657,0.1666666666666666,0.165979,-0.010109712674495,0.1677676898505234,0.1676334348285683,0.1676237648373738,0.1676158451284195,0.1676032683142538,0.1676032683142538,0.0003204857879254,0.163878,0.0225400669223474,TEST,0.0,0.96795142120746,0.38718056848298404,False,1.0458777721347543,False,False,39.0,0.6,0.40215317881426005,False,0.75,0.0075,False,False,39.0,0.6,0.40215317881426005,False,0.7,0.01,False,False,39.0,0.6,0.40215317881426005,False,0.7,0.01
KZT_RUB,2026-07-25,0.167542,0.1777777777777778,0.165979,-0.0094168539393538,0.1674923330681673,0.1675184509924906,0.1675087876341774,0.1674990579234195,0.1674883051701194,0.1674883051701194,0.0003204857879254,0.163878,0.0218691432596005,TEST,0.050000000000000044,0.96795142120746,0.41718056848298407,False,0.9870771996853575,False,False,40.0,0.6,0.40215317881426005,False,0.75,0.0075,False,False,40.0,0.6,0.40215317881426005,False,0.7,0.01,False,False,40.0,0.6,0.40215317881426005,False,0.7,0.01
KZT_RUB,2026-07-28,0.163878,0.3,0.16669,0.0168696382506449,0.1635534228720355,0.1638549659891094,0.1638455139601635,0.1638131868038972,0.1638024800922607,0.1635534228720355,0.0019806022038619,0.16624,0.0,TEST,0.55,0.80193977961381,0.6507759118455241,False,0.5169989775051117,False,False,41.0,0.6,0.41476127732149687,False,0.75,0.0075,False,False,41.0,0.6,0.41476127732149687,False,0.7,0.01,False,False,41.0,0.6,0.41476127732149687,False,0.7,0.01
KZT_RUB,2026-07-29,0.16624,0.2444444444444444,0.163878,-0.0144131610100196,0.1664179229865232,0.1662166339962018,0.1662070457336408,0.1661991929603205,0.1661867224426153,0.1661867224426153,0.0003204857879253,0.166454,0.0,TEST,0.35,0.96795142120747,0.5971805684829881,False,0.7836310887158342,False,False,42.0,0.6,0.41718056848298407,False,0.75,0.0075,False,False,42.0,0.6,0.41718056848298407,False,0.7,0.01,False,False,42.0,0.6,0.41718056848298407,False,0.7,0.01
KZT_RUB,2026-07-30,0.166454,0.2222222222222222,0.163878,-0.0157190104834083,0.1665059849395898,0.1664306039172507,0.1664210033117628,0.1664090739085939,0.1664006538586566,0.1664006538586566,0.0003204857879257,0.167356,0.0,TEST,0.30000000000000004,0.96795142120743,0.567180568482972,False,0.8115601503759383,False,False,43.0,0.6,0.4171805684829873,False,0.75,0.0075,False,False,43.0,0.6,0.4171805684829873,False,0.7,0.01,False,False,43.0,0.6,0.4171805684829873,False,0.7,0.01
KZT_RUB,2026-07-31,0.167356,0.1444444444444445,0.163878,-0.0212231049927385,0.1675927686799904,0.1673324771358779,0.1673228245055293,0.1673108304579442,0.167302364780476,0.167302364780476,0.0003204857879251,0.167422,0.0,TEST,0.09999999999999998,0.96795142120749,0.44718056848299603,False,0.9528508771929831,False,False,44.0,0.6,0.4171805684829937,False,0.75,0.0075,False,False,44.0,0.6,0.4171805684829937,False,0.7,0.01,False,False,44.0,0.6,0.4171805684829937,False,0.7,0.01
KZT_RUB,2026-08-01,0.167422,0.1333333333333333,0.163878,-0.0216258436153723,0.1674646296993553,0.167398467859192,0.1673888114221463,0.1673809028140206,0.1673683436284139,0.1673683436284139,0.0003204857879256,0.169068,0.0,TEST,0.09999999999999998,0.96795142120744,0.44718056848297605,False,0.9631892230576421,False,False,45.0,0.6,0.42918056848299124,False,0.75,0.0075,False,False,45.0,0.6,0.42918056848299124,False,0.7,0.01,False,False,45.0,0.6,0.42918056848299124,False,0.7,0.01
KZT_RUB,2026-08-04,0.169068,0.0333333333333333,0.163878,-0.0316699007798484,0.1693991295298118,0.1690442365042699,0.1690344851305052,0.1690356021733935,0.16899677341222,0.16899677341222,0.0004212895863202,0.170662,0.0,TEST,0.0,0.95787104136798,0.383148416547192,False,1.2210213032581447,False,False,46.0,0.6,0.44718056848297927,False,0.75,0.0075,False,False,46.0,0.6,0.44718056848297927,False,0.7,0.01,False,False,46.0,0.6,0.44718056848297927,False,0.7,0.01
KZT_RUB,2026-08-05,0.170662,0.0,0.16624,-0.0266000962463908,0.1709906550942165,0.1706380124582518,0.1706281691469839,0.1706251271732717,0.1705901018766194,0.1705901018766194,0.0004212895863203,0.171468,0.0,TEST,0.0,0.95787104136797,0.383148416547188,False,1.2044900577293154,False,False,47.0,0.6,0.44718056848297927,False,0.75,0.0075,False,False,47.0,0.6,0.44718056848297927,False,0.7,0.01,False,False,47.0,0.6,0.44718056848297927,False,0.7,0.01
KZT_RUB,2026-08-06,0.171468,0.0,0.166454,-0.0301224362286278,0.1719068946053266,0.1714438991702402,0.1714340093711256,0.1714351422709645,0.1713957623172128,0.1713957623172128,0.0004212895863205,0.173263,0.0,TEST,0.0,0.95787104136795,0.38314841654718,False,1.0952493500354528,False,False,48.0,0.6,0.44718056848297927,False,0.75,0.0075,False,False,48.0,0.6,0.44718056848297927,False,0.7,0.01,False,False,48.0,0.6,0.44718056848297927,False,0.7,0.01
KZT_RUB,2026-08-07,0.173263,0.0,0.167356,-0.035296015679151,0.1737815273768668,0.173238646872497,0.1732286535427563,0.1732297983022729,0.1731900061024054,0.1731900061024054,0.0004212895863202,0.175765,0.0,TEST,0.0,0.95787104136798,0.383148416547192,False,1.1947488336769003,False,False,49.0,0.6,0.4291805684829881,False,0.75,0.0075,False,False,49.0,0.6,0.4291805684829881,False,0.7,0.01,False,False,49.0,0.6,0.4291805684829881,False,0.7,0.01
KZT_RUB,2026-08-08,0.175765,0.0,0.167422,-0.0498321606479436,0.1763363402989934,0.1757402952017709,0.1757301575636031,0.1757313188539907,0.1756909520358604,0.1756909520358604,0.0004212895863203,0.175784,0.0,TEST,0.0,0.95787104136797,0.383148416547188,False,1.2307053941908719,False,False,50.0,0.6,0.4171805684829937,False,0.75,0.0075,False,False,50.0,0.6,0.4171805684829937,False,0.7,0.01,False,False,50.0,0.6,0.4171805684829937,False,0.7,0.01
KZT_RUB,2026-08-11,0.175784,0.0,0.169068,-0.0397236614853195,0.1761421617158496,0.1757592925312099,0.1757491537971746,0.1757460205261065,0.1757099440313582,0.1757099440313582,0.0004212895863206,0.176738,0.0,TEST,0.0,0.95787104136794,0.383148416547176,False,1.001423540870607,False,False,51.0,0.6,0.41718056848298884,False,0.75,0.0075,False,False,51.0,0.6,0.41718056848298884,False,0.7,0.01,False,False,51.0,0.6,0.41718056848298884,False,0.7,0.01
KZT_RUB,2026-08-12,0.176738,0.0,0.170662,-0.0356025360068439,0.1771698256315128,0.176713158440933,0.1767029646828213,0.176704132401881,0.1766635421210929,0.1766635421210929,0.0004212895863205,0.178206,0.0,TEST,0.0,0.95787104136795,0.38314841654718,False,1.0713751309292243,False,False,52.0,0.6,0.41718056848298407,False,0.75,0.0075,False,False,52.0,0.6,0.41718056848298407,False,0.7,0.01,False,False,52.0,0.6,0.41718056848298407,False,0.7,0.01
KZT_RUB,2026-08-13,0.178206,0.0,0.171468,-0.0392959619287563,0.1786571163252949,0.1781809521049515,0.1781706736766674,0.1781718510948953,0.1781309236679802,0.1781309236679802,0.0004212895863203,0.180154,0.0,TEST,0.0,0.95787104136797,0.383148416547188,False,1.1141524105754275,False,False,53.0,0.6,0.39918056848298406,False,0.75,0.0075,False,False,53.0,0.6,0.39918056848298406,False,0.7,0.01,False,False,53.0,0.6,0.39918056848298406,False,0.7,0.01
KZT_RUB,2026-08-14,0.180154,0.0,0.173263,-0.0397719074470602,0.1806162965446443,0.1801286783021639,0.1801182875186377,0.1801194778074238,0.1800781029958661,0.1800781029958661,0.00042128958632,0.180336,0.0,TEST,0.0,0.957871041368,0.38314841654720005,False,1.1359575656058072,False,False,54.0,0.6,0.39918056848298406,False,0.75,0.0075,False,False,54.0,0.6,0.39918056848298406,False,0.7,0.01,False,False,54.0,0.6,0.39918056848298406,False,0.7,0.01
KZT_RUB,2026-08-15,0.181743,0.0,0.175765,-0.0340113219355388,0.1822304932298332,0.181717454958925,0.1817069725262818,0.1817081733136906,0.1816664335667134,0.1816664335667134,0.0004212895863202,0.180336,0.0077417011934434,TEST,0.0,0.95787104136798,0.383148416547192,False,1.0976284099287281,False,False,55.0,0.6,0.39918056848298406,False,0.75,0.0075,False,False,55.0,0.6,0.39918056848298406,False,0.7,0.01,False,False,55.0,0.6,0.39918056848298406,False,0.7,0.01
KZT_RUB,2026-08-18,0.183211,0.0,0.175784,-0.0422507167887863,0.183622248637238,0.1831852486229435,0.1831746815201279,0.183175892006705,0.1831338151136007,0.1831338151136007,0.0004212895863202,0.180336,0.0156922892184422,TEST,0.0,0.95787104136798,0.383148416547192,False,1.0821718443884705,False,False,56.0,0.6,0.38718056848297683,False,0.75,0.0075,False,False,56.0,0.6,0.38718056848297683,False,0.7,0.01,False,False,56.0,0.6,0.38718056848297683,False,0.7,0.01
KZT_RUB,2026-08-19,0.184582,0.0,0.176738,-0.0443820796885785,0.1851122342207528,0.1845560559208789,0.1845454097425823,0.1845466292874424,0.1845042375255778,0.1845042375255778,0.0004212895863204,0.180336,0.0230033264348636,TEST,0.0,0.95787104136796,0.383148416547184,False,1.0709150157761331,False,False,57.0,0.6,0.38476127732150883,False,0.75,0.0075,False,False,57.0,0.6,0.38476127732150883,False,0.7,0.01,False,False,57.0,0.6,0.38476127732150883,False,0.7,0.01
KZT_RUB,2026-08-20,0.185011,0.0,0.178206,-0.0381861441253381,0.1851679860958189,0.1849849956224211,0.1849743247005932,0.1849755470798832,0.1849330567923453,0.1849330567923453,0.0004212895863202,0.180336,0.0252687678029955,TEST,0.0,0.95787104136798,0.383148416547192,False,1.0207206336939727,False,False,58.0,0.6,0.38476127732150883,False,0.75,0.0075,False,False,58.0,0.6,0.38476127732150883,False,0.7,0.01,False,False,58.0,0.6,0.38476127732150883,False,0.7,0.01
TJS_RUB,2025-07-12,8.04004,0.1444444444444445,8.05948,0.0024120662871551,8.041206942485799,8.042515258568567,8.043790158123194,8.048700134438585,8.044964647520974,8.041206942485799,0.0,8.09028,0.0,TEST,0.30000000000000004,1.0,0.5800000000000001,False,1.1173751268463148,False,False,10.0,0.7,0.7,False,0.75,0.0075,False,False,10.0,0.7,0.7,False,0.7,0.01,False,False,10.0,0.7,0.7,False,0.7,0.01
TJS_RUB,2025-07-15,8.09028,0.0777777777777777,8.04004,-0.0062487251307208,8.099748072757988,8.09629333046343,8.101106200236597,8.106050923012788,8.097905079693858,8.09629333046343,0.0,8.12439,0.0,TEST,0.09999999999999998,1.0,0.46,False,1.1689875546585964,False,False,11.0,0.7,0.7,False,0.75,0.0075,False,False,11.0,0.7,0.7,False,0.7,0.01,False,False,11.0,0.7,0.7,False,0.7,0.01
TJS_RUB,2025-07-16,8.12439,0.0555555555555555,8.04004,-0.0104912413371078,8.127826202290729,8.13014024393735,8.133502636034025,8.13868210710066,8.132357881035714,8.127826202290729,0.0,8.1244,0.0,TEST,0.0,1.0,0.4,False,1.098146975887668,False,False,12.0,0.6,0.61,False,0.75,0.0075,False,False,12.0,0.6,0.61,False,0.7,0.01,False,False,12.0,0.6,0.61,False,0.7,0.01
TJS_RUB,2025-07-17,8.1244,0.0444444444444444,8.04004,-0.0104924851120143,8.129777459341815,8.127978837542079,8.131396338373078,8.136313219728496,8.132367890843074,8.127978837542079,0.0,8.15015,0.0,TEST,0.0,1.0,0.4,False,1.0000262020175543,False,False,13.0,0.6,0.61,False,0.75,0.0075,False,False,13.0,0.6,0.61,False,0.7,0.01,False,False,13.0,0.6,0.61,False,0.7,0.01
TJS_RUB,2025-07-18,8.15759,0.0222222222222222,8.04004,-0.014620574026995,8.164978382817996,8.165449215421472,8.16941319146675,8.17401067816829,8.165590441467993,8.164978382817996,0.0,8.15015,0.0009120340688856,TEST,0.0,1.0,0.4,False,1.0869622176806615,False,False,14.0,0.6,0.61,False,0.75,0.0075,False,False,14.0,0.6,0.61,False,0.7,0.01,False,False,14.0,0.6,0.61,False,0.7,0.01
TJS_RUB,2025-07-19,8.15674,0.0222222222222222,8.04004,-0.0145148531599345,8.161310829205613,8.161722430695981,8.16354139824383,8.167801476432865,8.16442771816823,8.161310829205613,0.0,8.15015,0.0008079208115005,TEST,0.050000000000000044,1.0,0.43000000000000005,False,0.9979510666505929,False,False,15.0,0.6,0.61,False,0.75,0.0075,False,False,15.0,0.6,0.61,False,0.7,0.01,False,False,15.0,0.6,0.61,False,0.7,0.01
TJS_RUB,2025-07-22,8.17511,0.0,8.09028,-0.0104854220125879,8.18513999021728,8.182109066465644,8.186354646330813,8.191308506361882,8.18312762396117,8.182109066465644,0.0,8.15015,0.0030531699267655,TEST,0.0,1.0,0.4,False,1.0422321320959367,False,False,16.0,0.6,0.61,False,0.75,0.0075,False,False,16.0,0.6,0.61,False,0.7,0.01,False,False,16.0,0.6,0.61,False,0.7,0.01
TJS_RUB,2025-07-23,8.15015,0.0333333333333333,8.12439,-0.0031706995848303,8.153532768908883,8.15493049852676,8.155300304718507,8.159780108895426,8.15783150710073,8.153532768908883,0.0,8.1857,0.0,TEST,0.15000000000000002,1.0,0.49000000000000005,False,0.9422716654717023,False,False,17.0,0.6,0.61,False,0.75,0.0075,False,False,17.0,0.6,0.61,False,0.7,0.01,False,False,17.0,0.6,0.61,False,0.7,0.01
TJS_RUB,2025-07-24,8.1857,0.0,8.1244,-0.0075451725665896,8.196876809009519,8.193705037451261,8.197375805963869,8.20265355437926,8.193415012935278,8.193415012935278,0.0,8.22897,0.0,TEST,0.0,1.0,0.4,False,1.0244929111640506,False,False,18.0,0.6,0.61,False,0.75,0.0075,False,False,18.0,0.6,0.61,False,0.7,0.01,False,False,18.0,0.6,0.61,False,0.7,0.01
TJS_RUB,2025-07-25,8.22897,0.0,8.15015,-0.009670987650534,8.236330332189931,8.236583752409176,8.243123747251667,8.249741854955223,8.237040446397387,8.236330332189931,0.0,8.33917,0.0,TEST,0.0,1.0,0.4,False,1.0976837637709944,False,False,19.0,0.6,0.61,False,0.75,0.0075,False,False,19.0,0.6,0.61,False,0.7,0.01,False,False,19.0,0.6,0.61,False,0.7,0.01
TJS_RUB,2025-07-26,8.34026,0.0,8.15015,-0.0233259510561156,8.347638076759964,8.347953564873265,8.352340102730503,8.355900586279612,8.348439592497028,8.347638076759964,0.0,8.33917,0.0001306913693339,TEST,0.0,1.0,0.4,False,1.228883450219033,False,False,20.0,0.6,0.61,False,0.75,0.0075,False,False,20.0,0.6,0.61,False,0.7,0.01,False,False,20.0,0.6,0.61,False,0.7,0.01
TJS_RUB,2025-07-29,8.33917,0.011111111111111,8.15015,-0.0231922111862971,8.343963917791966,8.344004120207211,8.346047517354174,8.350881856768144,8.347348523494883,8.343963917791966,0.0,8.39712,0.0,TEST,0.050000000000000044,1.0,0.43000000000000005,False,0.9980705915672436,False,False,21.0,0.6,0.61,False,0.75,0.0075,False,False,21.0,0.6,0.61,False,0.7,0.01,False,False,21.0,0.6,0.61,False,0.7,0.01
TJS_RUB,2025-07-30,8.61598,0.0,8.15015,-0.0571560032637436,8.649626146393024,8.624804997715405,8.625909854744565,8.633021455673404,8.621586760629873,8.621586760629873,0.0,8.39712,0.0254016374225568,TEST,0.0,1.0,0.4,False,1.5144509749043744,False,False,22.0,0.6,0.5920000000000001,False,0.75,0.0075,False,False,22.0,0.6,0.5920000000000001,False,0.7,0.01,False,False,22.0,0.6,0.5920000000000001,False,0.7,0.01
TJS_RUB,2025-07-31,8.58959,0.011111111111111,8.1857,-0.0493409238061495,8.59890380345635,8.594572211365687,8.594493821194577,8.597793959216267,8.595179587607994,8.594493821194577,0.0,8.39712,0.0224073558807812,TEST,0.050000000000000044,1.0,0.43000000000000005,False,0.9634137888009302,False,False,23.0,0.6,0.5260000000000001,False,0.75,0.0075,False,False,23.0,0.6,0.5260000000000001,False,0.7,0.01,False,False,23.0,0.6,0.5260000000000001,False,0.7,0.01
TJS_RUB,2025-08-01,8.43021,0.0222222222222222,8.22897,-0.0244550654577669,8.419862089576586,8.428251874725026,8.451143859988854,8.436698307005686,8.435695872707406,8.419862089576586,0.0012274795554813,8.39712,0.0039251691239009,TEST,0.09999999999999998,0.87725204445187,0.410900817780748,False,0.7424547004755243,False,False,24.0,0.6,0.47200000000000003,False,0.75,0.0075,False,False,24.0,0.6,0.47200000000000003,False,0.7,0.01,False,False,24.0,0.6,0.47200000000000003,False,0.7,0.01
TJS_RUB,2025-08-02,8.45425,0.0222222222222222,8.33917,-0.0137999345258581,8.460365462159622,8.461426757057202,8.462716879196506,8.469919730897093,8.459428357483818,8.459428357483818,0.0,8.39712,0.0067575479788273,TEST,0.09999999999999998,1.0,0.46,False,0.7757829504651257,False,False,25.0,0.6,0.44200000000000006,False,0.75,0.0075,False,False,25.0,0.6,0.44200000000000006,False,0.7,0.01,False,False,25.0,0.6,0.44200000000000006,False,0.7,0.01
TJS_RUB,2025-08-05,8.39712,0.0444444444444444,8.33917,-0.0069491328273677,8.395875908222042,8.401076009155616,8.401034086272627,8.403372479283519,8.40226336448467,8.395875908222042,0.0001481569607148,8.45661,0.0,TEST,0.19999999999999996,0.98518430392852,0.514073721571408,False,0.6965798339132954,False,False,26.0,0.6,0.44200000000000006,False,0.75,0.0075,False,False,26.0,0.6,0.44200000000000006,False,0.7,0.01,False,False,26.0,0.6,0.44200000000000006,False,0.7,0.01
TJS_RUB,2025-08-06,8.46828,0.0222222222222222,8.39712,-0.0084743340573912,8.47570241361867,8.475011229996621,8.480828091915939,8.48307197746624,8.473790646369505,8.473790646369505,0.0,8.45661,0.0013780838611855,TEST,0.09999999999999998,1.0,0.46,False,0.7952336720688744,False,False,27.0,0.6,0.44200000000000006,False,0.75,0.0075,False,False,27.0,0.6,0.44200000000000006,False,0.7,0.01,False,False,27.0,0.6,0.44200000000000006,False,0.7,0.01
TJS_RUB,2025-08-07,8.54254,0.0222222222222222,8.39712,-0.017317842307839,8.546001235933984,8.549430021339388,8.551424082384955,8.556089179504157,8.548098970302984,8.546001235933984,0.0,8.45661,0.0100590690824978,TEST,0.09999999999999998,1.0,0.46,False,0.8974258697990144,False,False,28.0,0.6,0.44200000000000006,False,0.75,0.0075,False,False,28.0,0.6,0.44200000000000006,False,0.7,0.01,False,False,28.0,0.6,0.44200000000000006,False,0.7,0.01
TJS_RUB,2025-08-08,8.45661,0.0444444444444444,8.39712,-0.0070845718532068,8.452850097493345,8.459792477413233,8.463043725256203,8.465722192346279,8.462113052236678,8.452850097493345,0.0004446110801674,8.50015,0.0,TEST,0.19999999999999996,0.95553889198326,0.502215556793304,False,0.7690390272886674,False,False,29.0,0.6,0.44200000000000006,False,0.75,0.0075,False,False,29.0,0.6,0.44200000000000006,False,0.7,0.01,False,False,29.0,0.6,0.44200000000000006,False,0.7,0.01
TJS_RUB,2025-08-09,8.50629,0.0333333333333333,8.39712,-0.0130008860180634,8.516559832508676,8.514130688716687,8.518769921661338,8.52175804505639,8.51182538098722,8.51182538098722,0.0,8.50015,0.000721818795268,TEST,0.15000000000000002,1.0,0.49000000000000005,False,0.8095461332777715,False,False,30.0,0.6,0.44200000000000006,False,0.75,0.0075,False,False,30.0,0.6,0.44200000000000006,False,0.7,0.01,False,False,30.0,0.6,0.44200000000000006,False,0.7,0.01
TJS_RUB,2025-08-12,8.50015,0.0444444444444444,8.39712,-0.0122696829389124,8.503455036469198,8.504673706856474,8.504667249252787,8.509434472258494,8.505356471936135,8.503455036469198,0.0,8.51025,0.0,TEST,0.19999999999999996,1.0,0.52,False,0.7796652082937023,False,False,31.0,0.6,0.44200000000000006,False,0.75,0.0075,False,False,31.0,0.6,0.44200000000000006,False,0.7,0.01,False,False,31.0,0.6,0.44200000000000006,False,0.7,0.01
TJS_RUB,2025-08-13,8.53136,0.0333333333333333,8.45661,-0.0088392393642369,8.539484802633071,8.53935359638014,8.542425268354034,8.54670785759757,8.536911695032632,8.536911695032632,0.0,8.51025,0.0024744003300763,TEST,0.15000000000000002,1.0,0.49000000000000005,False,0.8278646839846194,False,False,32.0,0.6,0.44200000000000006,False,0.75,0.0075,False,False,32.0,0.6,0.44200000000000006,False,0.7,0.01,False,False,32.0,0.6,0.44200000000000006,False,0.7,0.01
TJS_RUB,2025-08-14,8.51025,0.0444444444444444,8.45661,-0.0063429672173601,8.511265949853339,8.513230792615369,8.514591604128501,8.519107747372589,8.515462658340676,8.511265949853339,0.0,8.52795,0.0,TEST,0.19999999999999996,1.0,0.52,False,0.7849180194474937,False,False,33.0,0.6,0.46,False,0.75,0.0075,False,False,33.0,0.6,0.46,False,0.7,0.01,False,False,33.0,0.6,0.46,False,0.7,0.01
TJS_RUB,2025-08-15,8.52795,0.0444444444444444,8.45661,-0.0084360044982565,8.536642399938302,8.534461830076419,8.537512765934663,8.543856736893831,8.533173499861507,8.533173499861507,0.0,8.53067,0.0,TEST,0.19999999999999996,1.0,0.52,False,0.811025481398794,False,False,34.0,0.6,0.46,False,0.75,0.0075,False,False,34.0,0.6,0.46,False,0.7,0.01,False,False,34.0,0.6,0.46,False,0.7,0.01
TJS_RUB,2025-08-16,8.56111,0.0222222222222222,8.50015,-0.007171638147562,8.568435211131828,8.569091223974903,8.572751454030412,8.576769989790382,8.566353810868886,8.566353810868886,0.0,8.53067,0.0035556136996252,TEST,0.09999999999999998,1.0,0.46,False,0.8822102483738681,False,False,35.0,0.6,0.47200000000000003,False,0.75,0.0075,False,False,35.0,0.6,0.47200000000000003,False,0.7,0.01,False,False,35.0,0.6,0.47200000000000003,False,0.7,0.01
TJS_RUB,2025-08-19,8.59661,0.011111111111111,8.50015,-0.0113480350346759,8.604468216593078,8.604662641563236,8.609207860769013,8.61305482581506,8.602204155801006,8.602204155801006,0.0,8.44427,0.017720938835192,TEST,0.050000000000000044,1.0,0.43000000000000005,False,0.9584183071077425,False,False,36.0,0.6,0.47200000000000003,False,0.75,0.0075,False,False,36.0,0.6,0.47200000000000003,False,0.7,0.01,False,False,36.0,0.6,0.47200000000000003,False,0.7,0.01
TJS_RUB,2025-08-20,8.58817,0.0333333333333333,8.51025,-0.0091560177433096,8.592530809815786,8.5930529656017,8.595701147083773,8.599839863713186,8.593758663557557,8.592530809815786,0.0,8.38524,0.0236290152616914,TEST,0.15000000000000002,1.0,0.49000000000000005,False,0.9403001094819987,False,False,37.0,0.6,0.47200000000000003,False,0.75,0.0075,False,False,37.0,0.6,0.47200000000000003,False,0.7,0.01,False,False,37.0,0.6,0.47200000000000003,False,0.7,0.01
TJS_RUB,2025-08-21,8.55077,0.0555555555555555,8.51025,-0.0047613172350989,8.552761436840678,8.554994266577596,8.555761708540706,8.561095572504358,8.556185123085726,8.552761436840678,0.0,8.37529,0.0205221284165052,TEST,0.25,1.0,0.55,False,0.848447522543459,False,False,38.0,0.6,0.47200000000000003,False,0.75,0.0075,False,False,38.0,0.6,0.47200000000000003,False,0.7,0.01,False,False,38.0,0.6,0.47200000000000003,False,0.7,0.01
TJS_RUB,2025-08-22,8.53067,0.0888888888888889,8.52795,-0.0003189512133631,8.531902091352801,8.533657944906455,8.5349578506072,8.542042997049629,8.536072393942735,8.531902091352801,0.0,8.36678,0.0192118555752362,TEST,0.4,1.0,0.64,False,0.7795664194723657,False,False,39.0,0.6,0.49000000000000005,False,0.75,0.0075,False,False,39.0,0.6,0.49000000000000005,False,0.7,0.01,False,False,39.0,0.6,0.49000000000000005,False,0.7,0.01
TJS_RUB,2025-08-23,8.58328,0.0444444444444444,8.53067,-0.0061671592032043,8.593470716164605,8.590795159812888,8.594657542364619,8.599467434676793,8.588537390333112,8.588537390333112,0.0,8.36678,0.0252234576991546,TEST,0.19999999999999996,1.0,0.52,False,0.8818684296087568,False,False,40.0,0.6,0.49000000000000005,False,0.75,0.0075,False,False,40.0,0.6,0.49000000000000005,False,0.7,0.01,False,False,40.0,0.6,0.49000000000000005,False,0.7,0.01
TJS_RUB,2025-08-26,8.44427,0.1888888888888888,8.53067,0.010128161094029,8.441464571641015,8.446414233414787,8.454675450845809,8.448999701223826,8.450749080103854,8.441464571641015,0.0003322286424977,8.36678,0.0091766369384208,TEST,0.85,0.9667771357502299,0.896710854300092,False,0.37968281492720557,True,False,41.0,0.6,0.49488622271732163,True,0.75,0.0075,True,False,41.0,0.6,0.49488622271732163,True,0.7,0.01,True,False,41.0,0.6,0.49488622271732163,True,0.7,0.01
TJS_RUB,2025-08-27,8.38524,0.2222222222222222,8.44427,0.0069905391466639,8.382977871293164,8.387537160045818,8.389038056097162,8.391414386213158,8.391673787840753,8.382977871293164,0.000269775069865,8.36678,0.0022014873754357,TEST,1.0,0.9730224930135,0.9892089972054,True,-0.0542812757013598,True,True,1.0,0.8,0.52,False,0.75,0.0075,True,True,1.0,0.8,0.52,False,0.7,0.01,True,True,1.0,0.8,0.52,False,0.7,0.01
TJS_RUB,2025-08-28,8.37529,0.2333333333333332,8.38524,0.0011866088507901,8.373502680275614,8.377315042045211,8.378262944874372,8.381207611151867,8.381716153451158,8.373502680275614,0.0002134039208655,8.36678,0.0010160842191732,TEST,1.0,0.97865960791345,0.9914638431653799,True,-0.04707385153995307,True,True,2.0,0.8,0.526,False,0.75,0.0075,True,True,2.0,0.8,0.526,False,0.7,0.01,True,True,2.0,0.8,0.526,False,0.7,0.01
TJS_RUB,2025-08-29,8.36678,0.2444444444444444,8.37529,0.0010160842191732,8.364777316025258,8.368904556563228,8.36947666348684,8.372040614300667,8.373199623938048,8.364777316025258,0.0002393613761498,8.40465,0.0,TEST,1.0,0.97606386238502,0.990425544954008,True,-0.03845111151273873,True,True,3.0,0.8,0.5680000000000002,False,0.75,0.0075,True,True,3.0,0.8,0.5680000000000002,False,0.7,0.01,True,True,3.0,0.8,0.5680000000000002,False,0.7,0.01
TJS_RUB,2025-08-30,8.40465,0.2111111111111111,8.36678,-0.0045262335091875,8.413004818619576,8.41043734487562,8.413456895780577,8.415809839069839,8.411098680655032,8.41043734487562,0.0,8.50161,0.0,TEST,0.8,1.0,0.88,False,0.16477396336422526,True,False,4.0,0.8,0.6913421708600187,True,0.75,0.0075,True,False,4.0,0.8,0.6913421708600187,True,0.7,0.01,True,False,4.0,0.8,0.6913421708600187,True,0.7,0.01
TJS_RUB,2025-09-02,8.50161,0.1444444444444445,8.36678,-0.0161149211524623,8.504385474546543,8.508110951948163,8.510234044349824,8.518888848065664,8.508193696342088,8.504385474546543,0.0,8.55824,0.0,TEST,0.55,1.0,0.73,False,0.586651002915195,False,True,1.0,0.8,0.8833421708600184,False,0.75,0.0075,False,True,1.0,0.8,0.8833421708600184,False,0.7,0.01,False,True,1.0,0.8,0.8833421708600184,False,0.7,0.01
TJS_RUB,2025-09-03,8.55824,0.0666666666666666,8.36678,-0.0228833553649073,8.563480444242943,8.565609104352383,8.569359779965975,8.57367786908277,8.563720870067424,8.563480444242943,0.0,8.5903,0.0,TEST,0.19999999999999996,1.0,0.52,False,0.8330505155984836,False,True,2.0,0.8,0.8833421708600184,False,0.75,0.0075,False,True,2.0,0.8,0.8833421708600184,False,0.7,0.01,False,True,2.0,0.8,0.8833421708600184,False,0.7,0.01
TJS_RUB,2025-09-04,8.59536,0.0222222222222222,8.36678,-0.0273199486540818,8.60498412270533,8.60364097340821,8.60734176608233,8.612080211146905,8.600953342376325,8.600953342376325,0.0,8.5903,0.0005886897116584,TEST,0.050000000000000044,1.0,0.43000000000000005,False,0.9945611974067762,False,True,3.0,0.8,0.8833421708600184,False,0.75,0.0075,False,True,3.0,0.8,0.8833421708600184,False,0.7,0.01,False,True,3.0,0.8,0.8833421708600184,False,0.7,0.01
TJS_RUB,2025-09-05,8.5903,0.0333333333333333,8.36678,-0.0267151759697277,8.597889974599582,8.595338670023793,8.598457381215233,8.601115779021182,8.595890049633214,8.595338670023793,0.0,8.61755,0.0,TEST,0.09999999999999998,1.0,0.46,False,0.972544924509416,False,False,4.0,0.8,0.8833421708600184,False,0.75,0.0075,False,False,4.0,0.8,0.8833421708600184,False,0.7,0.01,False,False,4.0,0.8,0.8833421708600184,False,0.7,0.01
TJS_RUB,2025-09-06,8.61755,0.0,8.40465,-0.0253312154581094,8.629106920181624,8.625857611294586,8.629663916041856,8.634932324561127,8.62315778229127,8.62315778229127,0.0,8.6981,0.0,TEST,0.0,1.0,0.4,False,1.0911108210416374,False,False,5.0,0.8,0.8833421708600184,False,0.75,0.0075,False,False,5.0,0.8,0.8833421708600184,False,0.7,0.01,False,False,5.0,0.8,0.8833421708600184,False,0.7,0.01
TJS_RUB,2025-09-09,8.6981,0.0,8.50161,-0.0231120928859358,8.709412722527114,8.706479955557645,8.713993204376012,8.716766748920044,8.703760199377747,8.703760199377747,0.0,8.73089,0.0,TEST,0.0,1.0,0.4,False,1.321210671132914,False,False,6.0,0.8,0.8833421708600184,False,0.75,0.0075,False,False,6.0,0.8,0.8833421708600184,False,0.7,0.01,False,False,6.0,0.8,0.8833421708600184,False,0.7,0.01
TJS_RUB,2025-09-10,8.79347,0.0,8.55824,-0.0274857914711435,8.80443929806664,8.801562320870433,8.809262513908502,8.810290929550348,8.799192260427247,8.799192260427247,0.0,8.73089,0.0071166445100738,TEST,0.0,1.0,0.4,False,1.2878486055776865,False,False,7.0,0.7,0.6669999999999999,False,0.75,0.0075,False,False,7.0,0.7,0.6669999999999999,False,0.7,0.01,False,False,7.0,0.7,0.6669999999999999,False,0.7,0.01
TJS_RUB,2025-09-11,8.97079,0.0,8.5903,-0.0442929816188026,8.988956409570381,8.979886640948362,8.985042476236993,8.98521870854379,8.976627649598866,8.976627649598866,0.0,8.73089,0.0267423493360115,TEST,0.0,1.0,0.4,False,1.4155710234596555,False,False,8.0,0.7,0.6669999999999999,False,0.75,0.0075,False,False,8.0,0.7,0.6669999999999999,False,0.7,0.01,False,False,8.0,0.7,0.6669999999999999,False,0.7,0.01
TJS_RUB,2025-09-12,9.00407,0.0,8.5903,-0.0481671187269363,9.018812320802674,9.01297946950794,9.015617613408104,9.01787171902273,9.009929306217588,9.009929306217588,0.0,8.73089,0.0303396130860821,TEST,0.0,1.0,0.4,False,1.0550984255227585,False,False,9.0,0.7,0.6669999999999999,False,0.75,0.0075,False,False,9.0,0.7,0.6669999999999999,False,0.7,0.01,False,False,9.0,0.7,0.6669999999999999,False,0.7,0.01
TJS_RUB,2025-09-13,8.86901,0.0222222222222222,8.61755,-0.0291799873513933,8.863863586331533,8.872064879926427,8.874219557023983,8.87573136770619,8.874781417307599,8.863863586331533,0.000580269237318,8.73089,0.0155733278009607,TEST,0.09999999999999998,0.9419730762682,0.43678923050728,False,0.7880713646848357,False,False,10.0,0.7,0.6669999999999999,False,0.75,0.0075,False,False,10.0,0.7,0.6669999999999999,False,0.7,0.01,False,False,10.0,0.7,0.6669999999999999,False,0.7,0.01
TJS_RUB,2025-09-16,8.73089,0.0444444444444444,8.6981,-0.0037697888044515,8.721693009338795,8.734311888850588,8.73275928101384,8.739749428979671,8.7362378037167,8.721693009338795,0.0010533852403598,8.74895,0.0,TEST,0.19999999999999996,0.89466147596402,0.477864590385608,False,0.5713411476721745,False,False,11.0,0.7,0.6669999999999999,False,0.75,0.0075,False,False,11.0,0.7,0.6669999999999999,False,0.7,0.01,False,False,11.0,0.7,0.6669999999999999,False,0.7,0.01
TJS_RUB,2025-09-17,8.74895,0.0444444444444444,8.73089,-0.0020685176425313,8.7548839935848,8.75436875832599,8.758601752831844,8.763717144137237,8.75237914403846,8.75237914403846,0.0,8.76614,0.0,TEST,0.19999999999999996,1.0,0.52,False,0.5996798945535003,False,False,12.0,0.6,0.532,False,0.75,0.0075,False,False,12.0,0.6,0.532,False,0.7,0.01,False,False,12.0,0.6,0.532,False,0.7,0.01
TJS_RUB,2025-09-18,8.76614,0.0444444444444444,8.73089,-0.0040373890863359,8.767179295250031,8.770685887369714,8.772190088393746,8.77740324807812,8.77150939488106,8.767179295250031,0.0,8.81307,0.0,TEST,0.19999999999999996,1.0,0.52,False,0.6266534858541631,False,False,13.0,0.6,0.532,False,0.75,0.0075,False,False,13.0,0.6,0.532,False,0.7,0.01,False,False,13.0,0.6,0.532,False,0.7,0.01
TJS_RUB,2025-09-19,8.81307,0.0333333333333333,8.73089,-0.0094125570245415,8.817919281878776,8.819947477869679,8.823969201858862,8.827353620294208,8.818805014926253,8.817919281878776,0.0,8.84403,0.0,TEST,0.15000000000000002,1.0,0.49000000000000005,False,0.7002934299926239,False,False,14.0,0.6,0.52,False,0.75,0.0075,False,False,14.0,0.6,0.52,False,0.7,0.01,False,False,14.0,0.6,0.52,False,0.7,0.01
TJS_RUB,2025-09-20,8.86177,0.0333333333333333,8.73089,-0.0149904534360184,8.865660354620818,8.868685482012646,8.87415915307834,8.876734969585186,8.867536705951844,8.865660354620818,0.0,8.84403,0.0020018574167463,TEST,0.15000000000000002,1.0,0.49000000000000005,False,0.7767107596227769,False,False,15.0,0.6,0.52,False,0.75,0.0075,False,False,15.0,0.6,0.52,False,0.7,0.01,False,False,15.0,0.6,0.52,False,0.7,0.01
TJS_RUB,2025-09-23,8.91198,0.0222222222222222,8.73089,-0.0207412989970093,8.918693421178281,8.920200954296297,8.924439348916877,8.928881231627196,8.917779379594451,8.917779379594451,0.0,8.8173,0.010623901759205,TEST,0.09999999999999998,1.0,0.46,False,0.8554974972147678,False,False,16.0,0.6,0.52,False,0.75,0.0075,False,False,16.0,0.6,0.52,False,0.7,0.01,False,False,16.0,0.6,0.52,False,0.7,0.01
TJS_RUB,2025-09-24,8.84403,0.0555555555555555,8.74895,-0.0108675898250646,8.844216526214446,8.847358275244686,8.848998307341493,8.851158911971263,8.849447103697857,8.844216526214446,0.0,8.78972,0.0061408656460911,TEST,0.25,1.0,0.55,False,0.7488741389320398,False,False,17.0,0.6,0.502,False,0.75,0.0075,False,False,17.0,0.6,0.502,False,0.7,0.01,False,False,17.0,0.6,0.502,False,0.7,0.01
TJS_RUB,2025-09-25,8.92036,0.0222222222222222,8.76614,-0.0175926918803487,8.930150039580946,8.928718076251096,8.933217872977222,8.936993634327479,8.926164832793516,8.926164832793516,0.0,8.68363,0.026538166621078,TEST,0.09999999999999998,1.0,0.46,False,0.8686469268307992,False,False,18.0,0.6,0.502,False,0.75,0.0075,False,False,18.0,0.6,0.502,False,0.7,0.01,False,False,18.0,0.6,0.502,False,0.7,0.01
TJS_RUB,2025-09-26,8.89085,0.0444444444444444,8.81307,-0.0088255284480891,8.892602294798293,8.894535215642021,8.895255003062886,8.899791446271012,8.896295781664254,8.892602294798293,0.0,8.64128,0.0280704319609486,TEST,0.19999999999999996,1.0,0.52,False,0.8223414771924868,False,False,19.0,0.6,0.49000000000000005,False,0.75,0.0075,False,False,19.0,0.6,0.49000000000000005,False,0.7,0.01,False,False,19.0,0.6,0.49000000000000005,False,0.7,0.01
TJS_RUB,2025-09-27,8.89137,0.0444444444444444,8.84403,-0.0053527633895407,8.897903981602685,8.894781281626859,8.897240922366674,8.901984350046236,8.897155967848303,8.894781281626859,0.0,8.64128,0.0281272739746518,TEST,0.19999999999999996,1.0,0.52,False,0.811984918754796,False,False,20.0,0.6,0.49000000000000005,False,0.75,0.0075,False,False,20.0,0.6,0.49000000000000005,False,0.7,0.01,False,False,20.0,0.6,0.49000000000000005,False,0.7,0.01
TJS_RUB,2025-09-30,8.8173,0.0999999999999999,8.84403,0.0030223778074023,8.813293495254259,8.818760659508984,8.821094915550178,8.824351573791056,8.822883914054964,8.813293495254259,0.0004543913381353,8.64128,0.019963027230558,TEST,0.44999999999999996,0.95456086618647,0.651824346474588,False,0.6282888190104673,False,False,21.0,0.6,0.49000000000000005,False,0.75,0.0075,False,False,21.0,0.6,0.49000000000000005,False,0.7,0.01,False,False,21.0,0.6,0.49000000000000005,False,0.7,0.01
TJS_RUB,2025-10-01,8.78972,0.1333333333333333,8.8173,0.0031279416601452,8.791292704501982,8.79189931038287,8.793046091248788,8.799535574340428,8.795286447897567,8.791292704501982,0.0,8.64128,0.016887909967553,TEST,0.6,1.0,0.76,False,0.5192113585895988,False,False,22.0,0.6,0.49000000000000005,False,0.75,0.0075,False,False,22.0,0.6,0.49000000000000005,False,0.7,0.01,False,False,22.0,0.6,0.49000000000000005,False,0.7,0.01
TJS_RUB,2025-10-02,8.68363,0.1888888888888888,8.78972,0.0120697815174999,8.676930740740843,8.685103636711677,8.68509363880476,8.690986136345261,8.690292735128347,8.676930740740843,0.0007714814264492,8.64128,0.0048769926862384,TEST,0.85,0.92285185735508,0.879140742942032,True,0.22556009377190564,True,False,23.0,0.6,0.49000000000000005,True,0.75,0.0075,True,False,23.0,0.6,0.49000000000000005,True,0.7,0.01,True,False,23.0,0.6,0.49000000000000005,True,0.7,0.01
TJS_RUB,2025-10-03,8.64128,0.1999999999999999,8.68363,0.0048769926862384,8.639746440291963,8.643449402567192,8.643051864963208,8.646819004013466,8.647910241017854,8.639746440291963,0.0001774690448679,8.74017,0.0,TEST,0.9,0.98225309551321,0.9329012382052841,True,0.12320854581047624,True,True,1.0,0.8,0.526,False,0.75,0.0075,True,True,1.0,0.8,0.526,False,0.7,0.01,True,True,1.0,0.8,0.526,False,0.7,0.01
TJS_RUB,2025-10-04,8.79043,0.1333333333333333,8.64128,-0.0172601744186047,8.799150264987999,8.796618259850057,8.797856221280137,8.806604663667052,8.79599689753396,8.79599689753396,0.0,8.73798,0.0059667160764604,TEST,0.6,1.0,0.76,False,0.44727310359101896,False,True,2.0,0.8,0.5703648692949177,False,0.75,0.0075,False,True,2.0,0.8,0.5703648692949177,False,0.7,0.01,False,True,2.0,0.8,0.5703648692949177,False,0.7,0.01
TJS_RUB,2025-10-07,8.91036,0.0444444444444444,8.64128,-0.031138905347356,8.918196052231647,8.918032298586779,8.92412155545689,8.92509858125681,8.916158325396065,8.916158325396065,0.0,8.72653,0.0206310407211381,TEST,0.19999999999999996,1.0,0.52,False,0.7416962981339077,False,True,3.0,0.8,0.6734594771796705,False,0.75,0.0075,False,True,3.0,0.8,0.6734594771796705,False,0.7,0.01,False,True,3.0,0.8,0.6734594771796705,False,0.7,0.01
TJS_RUB,2025-10-08,8.79602,0.1333333333333333,8.64128,-0.0179070693230632,8.78842333582442,8.79876234549917,8.801076523341234,8.806295655235292,8.801653149190777,8.78842333582442,0.0008636478970693,8.64383,0.0173021434694328,TEST,0.6,0.91363521029307,0.725454084117228,False,0.42652774332258375,False,False,4.0,0.8,0.6734594771796705,False,0.75,0.0075,False,False,4.0,0.8,0.6734594771796705,False,0.7,0.01,False,False,4.0,0.8,0.6734594771796705,False,0.7,0.01
TJS_RUB,2025-10-09,8.75239,0.1888888888888888,8.64128,-0.012858048807584,8.75296955622064,8.754863681669299,8.7564823706417,8.761298025291515,8.759105492980469,8.75296955622064,0.0,8.52452,0.0260351743923658,TEST,0.8,1.0,0.88,False,0.30626533256153676,True,False,5.0,0.8,0.7323632672937824,True,0.75,0.0075,True,False,5.0,0.8,0.7323632672937824,True,0.7,0.01,True,False,5.0,0.8,0.7323632672937824,True,0.7,0.01
TJS_RUB,2025-10-10,8.74017,0.2111111111111111,8.64128,-0.0114439064583025,8.740005151353165,8.744267172862981,8.743369358554867,8.749750285523302,8.74687611687586,8.740005151353165,1.886103437761404e-05,8.52452,0.0246734331254426,TEST,0.85,0.9981138965622386,0.9092455586248955,False,0.27258193445244,True,True,1.0,0.8,0.76,False,0.75,0.0075,True,True,1.0,0.8,0.76,False,0.7,0.01,True,True,1.0,0.8,0.76,False,0.7,0.01
TJS_RUB,2025-10-11,8.73798,0.2222222222222222,8.74017,0.000250567208647,8.738234271289862,8.73970569022455,8.74061916071657,8.7464865394351,8.744684436542872,8.738234271289862,0.0,8.52452,0.0244289870198832,TEST,0.85,1.0,0.91,False,0.3464956284936222,True,True,2.0,0.8,0.7838281485884065,False,0.75,0.0075,True,True,2.0,0.8,0.7838281485884065,False,0.7,0.01,True,True,2.0,0.8,0.7838281485884065,False,0.7,0.01
TJS_RUB,2025-10-14,8.72653,0.2444444444444444,8.73798,0.0013103715046269,8.726639159149183,8.728253428929253,8.728365980648608,8.734442760963328,8.733225651240273,8.726639159149183,0.0,8.52452,0.0231489492387007,TEST,0.9,1.0,0.9400000000000001,False,0.3054679661745741,True,True,3.0,0.8,0.8793125943536256,False,0.75,0.0075,True,True,3.0,0.8,0.8793125943536256,False,0.7,0.01,True,True,3.0,0.8,0.8793125943536256,False,0.7,0.01
TJS_RUB,2025-10-15,8.64383,0.2777777777777778,8.72653,0.0094768481859342,8.636430394001705,8.645428294232465,8.645409046420903,8.649256249121956,8.650462197569961,8.636430394001705,0.0008560564007268,8.52452,0.0138029091270881,TEST,0.95,0.91439435992732,0.9357577439709279,False,0.00913716497061553,True,False,4.0,0.8,0.8858491117249792,True,0.75,0.0075,True,False,4.0,0.8,0.8858491117249792,True,0.7,0.01,True,False,4.0,0.8,0.8858491117249792,True,0.7,0.01
TJS_RUB,2025-10-16,8.52452,0.4666666666666667,8.64383,0.0138029091270881,8.51086228133429,8.525441408437914,8.52604039847918,8.52592911897918,8.530081209717455,8.51086228133429,0.0016021686459425,8.56693,0.0,TEST,1.0,0.83978313540575,0.9359132541623,True,-0.41837465959581166,True,True,1.0,0.8,0.9093964468999164,False,0.75,0.0075,True,True,1.0,0.8,0.9093964468999164,False,0.7,0.01,True,True,1.0,0.8,0.9093964468999164,False,0.7,0.01
TJS_RUB,2025-10-17,8.56693,0.3888888888888888,8.52452,-0.0049750601793413,8.573314798065166,8.571503480189758,8.573663756366562,8.575970773891651,8.573503194096602,8.571503480189758,0.0,8.77945,0.0,TEST,0.95,1.0,0.97,True,0.10713924818107956,True,True,2.0,0.8,0.9145802476410568,False,0.75,0.0075,True,True,2.0,0.8,0.9145802476410568,False,0.7,0.01,True,True,2.0,0.8,0.9145802476410568,False,0.7,0.01
TJS_RUB,2025-10-18,8.77945,0.1777777777777778,8.52452,-0.0299054961452374,8.791688238393023,8.787098527553393,8.795235140781877,8.79559886486953,8.785072537427492,8.785072537427492,0.0,8.75451,0.0028407246467604,TEST,0.55,1.0,0.73,False,0.6440228375101053,False,True,3.0,0.8,0.9334725393584129,False,0.75,0.0075,False,True,3.0,0.8,0.9334725393584129,False,0.7,0.01,False,True,3.0,0.8,0.9334725393584129,False,0.7,0.01
TJS_RUB,2025-10-21,8.82831,0.1111111111111111,8.52452,-0.0356371971676996,8.835266148065307,8.8359116491294,8.839719594587564,8.841307286771787,8.833963828360147,8.833963828360147,0.0,8.47804,0.0396757703342995,TEST,0.30000000000000004,1.0,0.5800000000000001,False,0.7674565481002413,False,False,4.0,0.8,0.9334725393584129,False,0.75,0.0075,False,False,4.0,0.8,0.9334725393584129,False,0.7,0.01,False,False,4.0,0.8,0.9334725393584129,False,0.7,0.01
TJS_RUB,2025-10-22,8.83127,0.1111111111111111,8.52452,-0.0359844307949302,8.840165400411065,8.835847265972426,8.83963527508121,8.84154468534352,8.837016858389616,8.835847265972426,0.0,8.47804,0.039997644732864,TEST,0.25,1.0,0.55,False,0.7749343168957139,False,False,5.0,0.8,0.9334725393584129,False,0.75,0.0075,False,False,5.0,0.8,0.9334725393584129,False,0.7,0.01,False,False,5.0,0.8,0.9334725393584129,False,0.7,0.01
TJS_RUB,2025-10-23,8.86464,0.0888888888888889,8.52452,-0.0398990207073241,8.874323837095934,8.872399349869323,8.877881106534504,8.879999757784235,8.870408573574913,8.870408573574913,0.0,8.47804,0.0436114720958775,TEST,0.19999999999999996,1.0,0.52,False,0.8592360549717034,False,False,6.0,0.8,0.9334725393584129,False,0.75,0.0075,False,False,6.0,0.8,0.9334725393584129,False,0.7,0.01,False,False,6.0,0.8,0.9334725393584129,False,0.7,0.01
TJS_RUB,2025-10-24,8.78669,0.2111111111111111,8.56693,-0.0256521297594355,8.78721036374657,8.79027032533885,8.790134404444998,8.79576285705653,8.792254529026756,8.78721036374657,0.0,8.47804,0.0351269932135992,TEST,0.5,1.0,0.7,False,0.6794785403275954,False,False,7.0,0.7,0.9094718910374269,False,0.75,0.0075,False,False,7.0,0.7,0.9094718910374269,False,0.7,0.01,False,False,7.0,0.7,0.9094718910374269,False,0.7,0.01
TJS_RUB,2025-10-25,8.75451,0.2444444444444444,8.77945,0.0028407246467604,8.756485291606738,8.757264204479574,8.758715656686967,8.764977753085965,8.760054149732156,8.756485291606738,0.0,8.47804,0.0315802940427276,TEST,0.55,1.0,0.73,False,0.5960760937176007,False,False,8.0,0.7,0.9094718910374269,False,0.75,0.0075,False,False,8.0,0.7,0.9094718910374269,False,0.7,0.01,False,False,8.0,0.7,0.9094718910374269,False,0.7,0.01
TJS_RUB,2025-10-28,8.47804,0.6,8.75451,0.0315802940427276,8.462691314925642,8.48310232954297,8.500140246423221,8.488452150404266,8.48353829049752,8.462691314925642,0.0018104048900875,8.54762,0.0,TEST,1.0,0.81895951099125,0.9275838043965,True,-0.12046444121916014,True,False,9.0,0.7,0.9094718910374269,True,0.75,0.0075,True,False,9.0,0.7,0.9094718910374269,True,0.7,0.01,True,False,9.0,0.7,0.9094718910374269,True,0.7,0.01
TJS_RUB,2025-10-29,8.58676,0.4444444444444444,8.47804,-0.0128237186896971,8.593257364369176,8.591843001729355,8.602641408758151,8.602662902998809,8.593348409166522,8.591843001729355,0.0,8.54762,0.0045581802682268,TEST,0.85,1.0,0.91,True,0.25148038490007346,True,True,1.0,0.8,0.9334725393584129,False,0.75,0.0075,True,True,1.0,0.8,0.9334725393584129,False,0.7,0.01,True,True,1.0,0.8,0.9334725393584129,False,0.7,0.01
TJS_RUB,2025-10-30,8.54762,0.5111111111111111,8.47804,-0.0082070855999736,8.542018271769974,8.548617038960064,8.551025158244082,8.551448620684601,8.553196279650363,8.542018271769974,0.0006553553187935,8.66983,0.0,TEST,0.9,0.93446446812065,0.91378578724826,True,0.16094559585492246,True,True,2.0,0.8,0.9334725393584129,False,0.75,0.0075,True,True,2.0,0.8,0.9334725393584129,False,0.7,0.01,True,True,2.0,0.8,0.9334725393584129,False,0.7,0.01
TJS_RUB,2025-10-31,8.66983,0.3444444444444444,8.47804,-0.0226219739468083,8.680746918815798,8.675314727263105,8.692482583687925,8.6876985896597,8.675382334561387,8.675314727263105,0.0,8.72375,0.0,TEST,0.65,1.0,0.79,False,0.4436297187268665,False,True,3.0,0.8,0.9334725393584129,False,0.75,0.0075,False,True,3.0,0.8,0.9334725393584129,False,0.7,0.01,False,True,3.0,0.8,0.9334725393584129,False,0.7,0.01
TJS_RUB,2025-11-01,8.72375,0.3222222222222222,8.47804,-0.0289819345037297,8.727852088029296,8.729724125485054,8.746096109723872,8.73973546639792,8.729336866020432,8.727852088029296,0.0,8.72774,0.0,TEST,0.65,1.0,0.79,False,0.568352146558106,False,False,4.0,0.8,0.9292185923113856,False,0.75,0.0075,False,False,4.0,0.8,0.9292185923113856,False,0.7,0.01,False,False,4.0,0.8,0.9292185923113856,False,0.7,0.01
TJS_RUB,2025-11-02,8.72774,0.3111111111111111,8.47804,-0.0294525621487986,8.731065502869775,8.730663919706396,8.731297791739179,8.739452430093985,8.733329421297167,8.730663919706396,0.0,8.73401,0.0,TEST,0.55,1.0,0.73,False,0.5775814211695047,False,False,5.0,0.8,0.9292185923113856,False,0.75,0.0075,False,False,5.0,0.8,0.9292185923113856,False,0.7,0.01,False,False,5.0,0.8,0.9292185923113856,False,0.7,0.01
TJS_RUB,2025-11-06,8.75461,0.2444444444444444,8.54762,-0.024216097580379,8.76080682373066,8.761717022942724,8.764191173443756,8.769848117566887,8.760216629388866,8.760216629388866,0.0,8.73401,0.0023530459951956,TEST,0.30000000000000004,1.0,0.5800000000000001,False,0.7153905845835484,False,False,6.0,0.8,0.9292185923113856,False,0.75,0.0075,False,False,6.0,0.8,0.9292185923113856,False,0.7,0.01,False,False,6.0,0.8,0.9292185923113856,False,0.7,0.01
TJS_RUB,2025-11-07,8.77318,0.2333333333333332,8.54762,-0.0263886321572554,8.77845410503532,8.779533559934134,8.779948449054237,8.786795544663416,8.778889056917818,8.77845410503532,0.0,8.68601,0.0099359639264212,TEST,0.25,1.0,0.55,False,0.7634247284014491,False,False,7.0,0.7,0.911135736174478,False,0.75,0.0075,False,False,7.0,0.7,0.911135736174478,False,0.7,0.01,False,False,7.0,0.7,0.911135736174478,False,0.7,0.01
TJS_RUB,2025-11-08,8.75692,0.2555555555555555,8.66983,-0.010045179663269,8.75910956180445,8.761063404284934,8.761005360381068,8.767106479972812,8.762465675962732,8.75910956180445,0.0,8.68601,0.0080975959583962,TEST,0.30000000000000004,1.0,0.5800000000000001,False,0.721365752715984,False,False,8.0,0.7,0.911135736174478,False,0.75,0.0075,False,False,8.0,0.7,0.911135736174478,False,0.7,0.01,False,False,8.0,0.7,0.911135736174478,False,0.7,0.01
TJS_RUB,2025-11-11,8.73401,0.3333333333333333,8.72375,-0.0011760997277545,8.735439979699208,8.736886965892818,8.736401290833216,8.743728402005964,8.739541167272884,8.735439979699208,0.0,8.68601,0.00549575738979,TEST,0.5,1.0,0.7,False,0.6621055354371439,False,False,9.0,0.7,0.911135736174478,False,0.75,0.0075,False,False,9.0,0.7,0.911135736174478,False,0.7,0.01,False,False,9.0,0.7,0.911135736174478,False,0.7,0.01
TJS_RUB,2025-11-12,8.76693,0.2444444444444444,8.72774,-0.004490280416236,8.776305860226417,8.77433505829225,8.775394002993258,8.784339621116596,8.772482015202602,8.772482015202602,0.0,8.68601,0.0092301409957648,TEST,0.30000000000000004,1.0,0.5800000000000001,False,0.7472581479565458,False,False,10.0,0.7,0.911135736174478,False,0.75,0.0075,False,False,10.0,0.7,0.911135736174478,False,0.7,0.01,False,False,10.0,0.7,0.911135736174478,False,0.7,0.01
TJS_RUB,2025-11-13,8.75928,0.2666666666666667,8.73401,-0.0028932872758332,8.763213218438535,8.763281531066152,8.764359767510866,8.769598017821071,8.764827170528775,8.763213218438535,0.0,8.68601,0.0083648427724654,TEST,0.35,1.0,0.61,False,0.7274702534919831,False,False,11.0,0.7,0.826,False,0.75,0.0075,False,False,11.0,0.7,0.826,False,0.7,0.01,False,False,11.0,0.7,0.826,False,0.7,0.01
TJS_RUB,2025-11-14,8.68601,0.4222222222222223,8.73401,0.00549575738979,8.682055442387469,8.687238085232133,8.690153795162145,8.69320412081932,8.69151076931947,8.682055442387469,0.0004552789615174,8.69686,0.0,TEST,0.7,0.95447210384826,0.801788841539304,False,0.5379461976202787,False,False,12.0,0.6,0.73,False,0.75,0.0075,True,False,12.0,0.6,0.73,True,0.7,0.01,True,False,12.0,0.6,0.73,True,0.7,0.01
TJS_RUB,2025-11-15,8.74276,0.3333333333333333,8.68601,-0.00653349466556,8.750027287910015,8.748422374564942,8.755191071875835,8.756634789286569,8.748296708566476,8.748296708566476,0.0,8.50559,0.0271275889993549,TEST,0.55,1.0,0.73,False,0.6847387480600123,False,False,13.0,0.6,0.73,False,0.75,0.0075,False,True,1.0,0.8,0.8234310732314433,False,0.7,0.01,False,True,1.0,0.8,0.8234310732314433,False,0.7,0.01
TJS_RUB,2025-11-18,8.74389,0.3333333333333333,8.68601,-0.0066635889205746,8.746121149355629,8.74655519071742,8.748577346632626,8.754374684605885,8.749427424184963,8.746121149355629,0.0,8.49381,0.0286005427790148,TEST,0.55,1.0,0.73,False,0.6876616658044507,False,False,14.0,0.6,0.73,False,0.75,0.0075,False,True,2.0,0.8,0.7923577683078609,False,0.7,0.01,False,True,2.0,0.8,0.7923577683078609,False,0.7,0.01
TJS_RUB,2025-11-19,8.73208,0.3888888888888888,8.68601,-0.0053039312641823,8.733831430455044,8.734608821689434,8.737886260703227,8.740571729125863,8.737672200720985,8.733831430455044,0.0,8.49381,0.02728674038717,TEST,0.65,1.0,0.79,False,0.6571132953957581,False,False,15.0,0.6,0.73,False,0.75,0.0075,False,True,3.0,0.8,0.7923577683078609,False,0.7,0.01,False,True,3.0,0.8,0.7923577683078609,False,0.7,0.01
TJS_RUB,2025-11-20,8.72043,0.4444444444444444,8.68601,-0.0039626940332788,8.721628206380393,8.723346766393385,8.723959779146494,8.729014236440479,8.725952567185232,8.721628206380393,0.0,8.45844,0.0300432432804346,TEST,0.75,1.0,0.85,False,0.6269787894464578,True,False,16.0,0.6,0.73,True,0.75,0.0075,True,False,4.0,0.8,0.7923577683078609,True,0.7,0.01,True,False,4.0,0.8,0.7923577683078609,True,0.7,0.01
TJS_RUB,2025-11-21,8.69686,0.4666666666666667,8.68601,-0.0012491351034594,8.692947553825944,8.698931080621726,8.700342294990296,8.706415354126856,8.70136852867364,8.692947553825944,0.0004498688232368,8.42661,0.0310744337611504,TEST,0.75,0.95501311767632,0.8320052470705279,False,0.5660113812726315,True,True,1.0,0.8,0.8114310732314433,False,0.75,0.0075,True,True,1.0,0.8,0.8114310732314433,False,0.7,0.01,True,True,1.0,0.8,0.8114310732314433,False,0.7,0.01
TJS_RUB,2025-11-22,8.50559,0.7666666666666666,8.69686,0.0219929951729704,8.48451945799645,8.502727775937267,8.508293780599345,8.505393153804135,8.509908523871982,8.48451945799645,0.0024772581330101,8.42425,0.0095631226052512,TEST,0.95,0.75227418669899,0.870909674679596,False,0.08925967924833868,True,True,2.0,0.8,0.8356041976564224,False,0.75,0.0075,True,True,2.0,0.8,0.8356041976564224,False,0.7,0.01,True,True,2.0,0.8,0.8356041976564224,False,0.7,0.01
TJS_RUB,2025-11-25,8.49381,0.8,8.50559,0.0013849715304875,8.489379990376506,8.493123283155837,8.491081834396743,8.490954703720373,8.498122542839365,8.489379990376506,0.0005215574192846,8.38244,0.0131119014906148,TEST,0.95,0.94784425807154,0.949137703228616,False,0.05343226943145572,True,True,3.0,0.8,0.8541819349359192,False,0.75,0.0075,True,True,3.0,0.8,0.8541819349359192,False,0.7,0.01,True,True,3.0,0.8,0.8541819349359192,False,0.7,0.01
TJS_RUB,2025-11-26,8.49798,0.8,8.49381,-0.0004909457593235,8.495821898166854,8.498527223372715,8.495400258067217,8.496655732427017,8.502294660063983,8.495400258067217,0.0003035711937169,8.35659,0.0166380716358475,TEST,0.9,0.96964288062831,0.9278571522513241,False,0.06756115741681938,True,False,4.0,0.8,0.8787277397436769,True,0.75,0.0075,True,False,4.0,0.8,0.8787277397436769,True,0.7,0.01,True,False,4.0,0.8,0.8787277397436769,True,0.7,0.01
TJS_RUB,2025-11-27,8.45844,0.8444444444444444,8.49381,0.0041642089945501,8.452220881204381,8.457018586532834,8.4538954098378,8.456166366088386,8.462734584509683,8.452220881204381,0.0007352560041353,8.35659,0.0120412274603826,TEST,1.0,0.92647439958647,0.9705897598345881,False,-0.12660629273007243,True,True,1.0,0.8,0.8787277397436769,False,0.75,0.0075,True,True,1.0,0.8,0.8787277397436769,False,0.7,0.01,True,True,1.0,0.8,0.8787277397436769,False,0.7,0.01
TJS_RUB,2025-11-28,8.42661,0.9,8.45844,0.0037631052534509,8.42149402457831,8.425452671022725,8.423734329541928,8.424430081918628,8.430888423536155,8.42149402457831,0.0006071214191341,8.32072,0.0125661446299283,TEST,1.0,0.93928785808659,0.975715143234636,False,-0.1011310923301751,True,True,2.0,0.8,0.8794848971933289,False,0.75,0.0075,True,True,2.0,0.8,0.8794848971933289,False,0.7,0.01,True,True,2.0,0.8,0.8794848971933289,False,0.7,0.01
TJS_RUB,2025-11-29,8.42425,0.9111111111111112,8.42661,0.0002800651744888,8.421129246252342,8.42342973554552,8.422498205363379,8.42448649430409,8.428527225298721,8.421129246252342,0.0003704488527357,8.22937,0.0231332166068197,TEST,1.0,0.96295511472643,0.985182045890572,False,-0.006809591135988328,True,True,3.0,0.8,0.8822991701939417,False,0.75,0.0075,True,True,3.0,0.8,0.8822991701939417,False,0.7,0.01,True,True,3.0,0.8,0.8822991701939417,False,0.7,0.01
TJS_RUB,2025-12-02,8.38244,0.9555555555555556,8.42425,0.0049630530907795,8.377662518928906,8.380715595288267,8.378777589902075,8.380416397212588,8.386695997202482,8.377662518928906,0.0005699391908674,8.22937,0.0182607928001872,TEST,1.0,0.94300608091326,0.977202432365304,False,-0.11982346029289538,True,False,4.0,0.8,0.9321132624467825,True,0.75,0.0075,True,False,4.0,0.8,0.9321132624467825,True,0.7,0.01,True,False,4.0,0.8,0.9321132624467825,True,0.7,0.01
TJS_RUB,2025-12-03,8.35659,0.9888888888888888,8.38244,0.0030838276205973,8.352309269687803,8.354870913055146,8.352938884143493,8.35485656090883,8.360832872440756,8.352309269687803,0.0005122580277598,8.22937,0.0152239131033114,TEST,1.0,0.94877419722402,0.979509678889608,False,-0.06615652351947639,True,True,1.0,0.8,0.9534281145498105,False,0.75,0.0075,True,True,1.0,0.8,0.9534281145498105,False,0.7,0.01,True,True,1.0,0.8,0.9534281145498105,False,0.7,0.01
TJS_RUB,2025-12-04,8.42262,0.9222222222222224,8.35659,-0.0079015483588401,8.428905031547115,8.426791751561767,8.426593072212643,8.42901942279257,8.426896397702526,8.426593072212643,0.0,8.22937,0.022944167016914,TEST,0.9,1.0,0.9400000000000001,False,0.15850116421421467,True,True,2.0,0.8,0.9716148365145977,False,0.75,0.0075,True,True,2.0,0.8,0.9716148365145977,False,0.7,0.01,True,True,2.0,0.8,0.9716148365145977,False,0.7,0.01
TJS_RUB,2025-12-05,8.32072,1.0,8.35659,0.0042924207122762,8.307697750928353,8.317827048200245,8.317390904717842,8.317181581400142,8.32494466024721,8.307697750928353,0.0015650387312211,8.22937,0.0109786172350469,TEST,1.0,0.84349612687789,0.937398450751156,False,-0.08610384310713415,True,True,3.0,0.8,0.9716148365145977,False,0.75,0.0075,True,True,3.0,0.8,0.9716148365145977,False,0.7,0.01,True,True,3.0,0.8,0.9716148365145977,False,0.7,0.01
TJS_RUB,2025-12-06,8.22937,1.0,8.32072,0.0109786172350469,8.21934458491417,8.22767708428541,8.226468791301953,8.227465083154446,8.233548279319407,8.21934458491417,0.001218248187386,8.32251,0.0,TEST,1.0,0.8781751812614,0.95127007250456,True,-0.20472423298446948,True,False,4.0,0.8,0.9716148365145977,False,0.75,0.0075,True,False,4.0,0.8,0.9716148365145977,False,0.7,0.01,True,False,4.0,0.8,0.9716148365145977,False,0.7,0.01
TJS_RUB,2025-12-09,8.35694,0.9666666666666668,8.22937,-0.0155017941835159,8.362182198193725,8.360788058135766,8.36643330163266,8.36683228631892,8.361183050145458,8.360788058135766,0.0,8.32251,0.0041199290649448,TEST,0.85,1.0,0.91,True,0.2373130441253073,True,False,5.0,0.8,0.9716148365145977,False,0.75,0.0075,True,False,5.0,0.8,0.9716148365145977,False,0.7,0.01,True,False,5.0,0.8,0.9716148365145977,False,0.7,0.01
TJS_RUB,2025-12-10,8.32251,0.9777777777777776,8.22937,-0.0113179988261555,8.316330002309787,8.319616425852212,8.321287203644202,8.323766995406164,8.32673556907984,8.316330002309787,0.0007425641651632,8.43967,0.0,TEST,0.9,0.92574358348368,0.9102974333934721,True,0.17326437979016265,True,False,6.0,0.8,0.9716148365145977,False,0.75,0.0075,True,False,6.0,0.8,0.9716148365145977,False,0.7,0.01,True,False,6.0,0.8,0.9716148365145977,False,0.7,0.01
TJS_RUB,2025-12-11,8.43967,0.8555555555555556,8.22937,-0.0255548116076929,8.449170163253676,8.444922660684815,8.444115614452343,8.451964752647303,8.4456626091077,8.444115614452343,0.0,8.59968,0.0,TEST,0.55,1.0,0.73,False,0.3968598441244735,False,False,7.0,0.7,0.9497774140113991,False,0.75,0.0075,False,False,7.0,0.7,0.9497774140113991,False,0.7,0.01,False,False,7.0,0.7,0.9497774140113991,False,0.7,0.01
TJS_RUB,2025-12-12,8.59968,0.5444444444444445,8.22937,-0.0449985843387768,8.610762526736318,8.60760620658001,8.611933833346304,8.610867357544196,8.604971878794885,8.604971878794885,0.0,8.60104,0.0,TEST,0.30000000000000004,1.0,0.5800000000000001,False,0.7197193500738537,False,False,8.0,0.7,0.9497774140113991,False,0.75,0.0075,False,False,8.0,0.7,0.9497774140113991,False,0.7,0.01,False,False,8.0,0.7,0.9497774140113991,False,0.7,0.01
TJS_RUB,2025-12-13,8.63136,0.5333333333333333,8.22937,-0.0488482107378816,8.638507669017587,8.641171385204702,8.64515014967948,8.640171770284784,8.63667137332494,8.63667137332494,0.0,8.60104,0.0035127720312907,TEST,0.25,1.0,0.55,False,0.7812913006297144,False,False,9.0,0.7,0.9497774140113991,False,0.75,0.0075,False,False,9.0,0.7,0.9497774140113991,False,0.7,0.01,False,False,9.0,0.7,0.9497774140113991,False,0.7,0.01
TJS_RUB,2025-12-16,8.60104,0.5555555555555556,8.32251,-0.0334670670266542,8.604488109140428,8.604157820170713,8.607969313211118,8.607144757736474,8.606332715681276,8.604157820170713,0.0,8.58411,0.0019683666161299,TEST,0.25,1.0,0.55,False,0.7223625903754941,False,False,10.0,0.7,0.9497774140113991,False,0.75,0.0075,False,False,10.0,0.7,0.9497774140113991,False,0.7,0.01,False,False,10.0,0.7,0.9497774140113991,False,0.7,0.01
TJS_RUB,2025-12-17,8.61536,0.5555555555555556,8.32251,-0.0351877017870812,8.621240873949855,8.621317838701561,8.625717106308134,8.625407708264051,8.619541549657391,8.619541549657391,0.0,8.50515,0.0127922686921963,TEST,0.19999999999999996,1.0,0.52,False,0.7678184241411571,False,False,11.0,0.7,0.9497774140113991,False,0.75,0.0075,False,False,11.0,0.7,0.9497774140113991,False,0.7,0.01,False,False,11.0,0.7,0.9497774140113991,False,0.7,0.01
TJS_RUB,2025-12-18,8.69996,0.4555555555555556,8.43967,-0.0308412532717512,8.708032258245352,8.707047731735734,8.71553699000321,8.713902887291741,8.705109941780032,8.705109941780032,0.0,8.48507,0.0247001135637405,TEST,0.050000000000000044,1.0,0.43000000000000005,False,0.9583146662322333,False,False,12.0,0.6,0.9384390704506936,False,0.75,0.0075,False,False,12.0,0.6,0.9384390704506936,False,0.7,0.01,False,False,12.0,0.6,0.9384390704506936,False,0.7,0.01
TJS_RUB,2025-12-19,8.66286,0.5222222222222221,8.59968,-0.0073467849966511,8.661234309333484,8.666475442002822,8.669525050510554,8.66953617036936,8.667987980433077,8.661234309333484,0.0001876621192673,8.42066,0.0279584340506484,TEST,0.09999999999999998,0.98123378807327,0.45249351522930803,False,0.9211627956395153,False,False,13.0,0.6,0.9384390704506936,False,0.75,0.0075,False,False,13.0,0.6,0.9384390704506936,False,0.7,0.01,False,False,13.0,0.6,0.9384390704506936,False,0.7,0.01
TJS_RUB,2025-12-20,8.73643,0.3777777777777777,8.60104,-0.0157411196785506,8.74696378031222,8.743902898628834,8.751594552913648,8.752274417604283,8.742115142232182,8.742115142232182,0.0,8.40162,0.0383234341716239,TEST,0.0,1.0,0.4,False,1.0774984593807762,False,False,14.0,0.6,0.9384390704506936,False,0.75,0.0075,False,False,14.0,0.6,0.9384390704506936,False,0.7,0.01,False,False,14.0,0.6,0.9384390704506936,False,0.7,0.01
TJS_RUB,2025-12-23,8.58411,0.6777777777777778,8.60104,0.0019683666161299,8.569482369741065,8.587630415438502,8.582533991308987,8.587150273780937,8.588276382162732,8.569482369741065,0.0017040357426612,8.37505,0.0243543011447897,TEST,0.35,0.82959642573388,0.541838570293552,False,0.6996016250542356,False,False,15.0,0.6,0.9384390704506936,False,0.75,0.0075,False,False,15.0,0.6,0.9384390704506936,False,0.7,0.01,False,False,15.0,0.6,0.9384390704506936,False,0.7,0.01
TJS_RUB,2025-12-24,8.50515,0.7777777777777778,8.58411,0.0091983909805443,8.500863433178266,8.504009787125527,8.505282797953758,8.508591073318106,8.509758214938957,8.500863433178266,0.0005039966163718,8.37505,0.0152966144042139,TEST,0.4,0.94960033836282,0.6198401353451279,False,0.5438804086301434,False,False,16.0,0.6,0.9316736716512569,False,0.75,0.0075,False,False,16.0,0.6,0.9316736716512569,False,0.7,0.01,False,False,16.0,0.6,0.9316736716512569,False,0.7,0.01
TJS_RUB,2025-12-25,8.48507,0.8111111111111111,8.50515,0.0023609224998971,8.481905944045316,8.484257105973875,8.484573198474392,8.487454404070547,8.490862120392078,8.481905944045316,0.0003728968593876,8.37505,0.012966304343983,TEST,0.44999999999999996,0.96271031406124,0.6550841256244959,False,0.5042795724371878,False,False,17.0,0.6,0.9211378403365457,False,0.75,0.0075,False,False,17.0,0.6,0.9211378403365457,False,0.7,0.01,False,False,17.0,0.6,0.9211378403365457,False,0.7,0.01
TJS_RUB,2025-12-26,8.42066,0.8888888888888888,8.48507,0.007590980392619,8.413653072968764,8.419608454310401,8.42131250786512,8.421099790010278,8.425222437018496,8.413653072968764,0.0008321113821525,8.37505,0.0054164400415169,TEST,0.7,0.9167888617847499,0.7867155447139,False,0.377253185027413,False,False,18.0,0.6,0.9101189733573889,False,0.75,0.0075,True,False,18.0,0.6,0.9101189733573889,False,0.7,0.01,True,False,18.0,0.6,0.9101189733573889,False,0.7,0.01
TJS_RUB,2025-12-27,8.40162,0.9,8.42066,0.0022611054240404,8.398088074910886,8.40059379337983,8.40193156360549,8.403417757628098,8.406172120867407,8.398088074910886,0.0004203861980324,8.37505,0.00316248533021,TEST,0.7,0.95796138019676,0.803184552078704,False,0.3397033881591916,False,False,19.0,0.6,0.8360293268283401,False,0.75,0.0075,True,False,19.0,0.6,0.8360293268283401,False,0.7,0.01,True,False,19.0,0.6,0.8360293268283401,False,0.7,0.01
TJS_RUB,2025-12-30,8.37505,0.9333333333333332,8.40162,0.00316248533021,8.369100715440393,8.372659284163234,8.373871309027185,8.376706121233452,8.379587724851943,8.369100715440393,0.0007103580945316,8.40492,0.0,TEST,0.75,0.92896419054684,0.8215856762187359,False,0.2873032777186136,True,False,20.0,0.6,0.7933031476598216,True,0.75,0.0075,True,False,20.0,0.6,0.7933031476598216,True,0.7,0.01,True,False,20.0,0.6,0.7933031476598216,True,0.7,0.01
TJS_RUB,2025-12-31,8.45593,0.8,8.37505,-0.0096572557775775,8.463335692644899,8.460486457927356,8.463131474008781,8.467109361431183,8.460511546821486,8.460486457927356,0.0,8.34315,0.0133373857162962,TEST,0.5,1.0,0.7,False,0.4468110282806779,False,True,1.0,0.8,0.915717636865009,False,0.75,0.0075,False,True,1.0,0.8,0.915717636865009,False,0.7,0.01,False,True,1.0,0.8,0.915717636865009,False,0.7,0.01
TJS_RUB,2026-01-13,8.43554,0.8222222222222222,8.37505,-0.0072226434469047,8.43419647194273,8.435138801124682,8.445047200591969,8.443528858921892,8.440110499220609,8.43419647194273,0.0001592699527557,8.33515,0.0119008385948023,TEST,0.6,0.98407300472443,0.753629201889772,False,0.4065988245966943,False,True,2.0,0.8,0.9100594866786944,False,0.75,0.0075,False,True,2.0,0.8,0.9100594866786944,False,0.7,0.01,False,True,2.0,0.8,0.9100594866786944,False,0.7,0.01
TJS_RUB,2026-01-14,8.43868,0.8222222222222222,8.37505,-0.007597566581692,8.441074229994921,8.440508737729289,8.441976047248582,8.444113993123183,8.444671906155687,8.440508737729289,0.0,8.33515,0.0122685064488758,TEST,0.6,1.0,0.76,False,0.41279138563483597,False,True,3.0,0.8,0.8392685409749888,False,0.75,0.0075,False,True,3.0,0.8,0.8392685409749888,False,0.7,0.01,False,True,3.0,0.8,0.8392685409749888,False,0.7,0.01
TJS_RUB,2026-01-15,8.408,0.8888888888888888,8.37505,-0.0039343048698216,8.404153292947743,8.40692329542537,8.407266466915187,8.410130836406546,8.412268974723165,8.404153292947743,0.0004575055961294,8.30068,0.0127640342530922,TEST,0.75,0.95424944038706,0.8316997761548239,False,0.3522857255551606,True,False,4.0,0.8,0.8068647769067104,True,0.75,0.0075,True,False,4.0,0.8,0.8068647769067104,True,0.7,0.01,True,False,4.0,0.8,0.8068647769067104,True,0.7,0.01
TJS_RUB,2026-01-16,8.40492,0.9,8.37505,-0.003566545871368,8.404556970473578,8.405797018973006,8.403749612186337,8.407010666149802,8.40918741092177,8.403749612186337,0.0001392503216763,8.13556,0.0320478957562952,TEST,0.8,0.98607496783237,0.874429987132948,False,0.19909644375725022,True,True,1.0,0.8,0.8068647769067104,False,0.75,0.0075,True,True,1.0,0.8,0.8068647769067104,False,0.7,0.01,True,True,1.0,0.8,0.8068647769067104,False,0.7,0.01
TJS_RUB,2026-01-17,8.34315,0.9666666666666668,8.40492,0.0073492668579832,8.334727247555435,8.341560470743959,8.33981516579384,8.342284568113772,8.347386048580113,8.334727247555435,0.0010095410539861,8.1155,0.0272858572601474,TEST,0.95,0.89904589460139,0.9296183578405559,False,0.049864708156165845,True,True,2.0,0.8,0.8068647769067104,False,0.75,0.0075,True,True,2.0,0.8,0.8068647769067104,False,0.7,0.01,True,True,2.0,0.8,0.8068647769067104,False,0.7,0.01
TJS_RUB,2026-01-20,8.33515,0.9666666666666668,8.34315,0.000958870450609,8.33309232129476,8.333921501791956,8.331658237286007,8.335323426714867,8.339381986758303,8.331658237286007,0.0004189202010754,8.1155,0.0263522552083645,TEST,1.0,0.95810797989246,0.983243191956984,False,-0.02034174125304898,True,True,3.0,0.8,0.8068647769067104,False,0.75,0.0075,True,True,3.0,0.8,0.8068647769067104,False,0.7,0.01,True,True,3.0,0.8,0.8068647769067104,False,0.7,0.01
TJS_RUB,2026-01-21,8.34465,0.9444444444444444,8.33515,-0.0011397515341654,8.34334100573044,8.345610820733318,8.346402457142291,8.345704780946583,8.348886810171702,8.34334100573044,0.000156866287928,8.1155,0.0274607083580496,TEST,0.9,0.9843133712072,0.93372534848288,False,0.023674242424240377,True,False,4.0,0.8,0.8236084962059536,True,0.75,0.0075,True,False,4.0,0.8,0.8236084962059536,True,0.7,0.01,True,False,4.0,0.8,0.8236084962059536,True,0.7,0.01
TJS_RUB,2026-01-22,8.30068,0.9888888888888888,8.33515,0.0041354984613355,8.295216097230544,8.298437342167782,8.296587802966387,8.299936014038808,8.304894485383574,8.295216097230544,0.0006582476097688,8.1155,0.0223090156469107,TEST,1.0,0.93417523902312,0.973670095609248,False,-0.08590011961722657,True,True,1.0,0.8,0.8402458183504488,False,0.75,0.0075,True,True,1.0,0.8,0.8402458183504488,False,0.7,0.01,True,True,1.0,0.8,0.8402458183504488,False,0.7,0.01
TJS_RUB,2026-01-23,8.13556,1.0,8.30068,0.0198923461692295,8.11610713286523,8.135063983183121,8.13463327094355,8.134694418469266,8.1396906493814,8.11610713286523,0.0023910913489385,8.10701,0.0035092851629143,TEST,1.0,0.76089086510615,0.90435634604246,True,-0.37893287435456047,True,True,2.0,0.8,0.8854676612744696,False,0.75,0.0075,True,True,2.0,0.8,0.8854676612744696,False,0.7,0.01,True,True,2.0,0.8,0.8854676612744696,False,0.7,0.01
TJS_RUB,2026-01-24,8.1155,1.0,8.13556,0.0024657184016833,8.109729680781552,8.113242974691383,8.111117591103762,8.110619951202533,8.11962046436321,8.109729680781552,0.0007110244862853,8.08152,0.0041870494732304,TEST,1.0,0.92889755137147,0.971559020548588,True,-0.03338492519180366,True,True,3.0,0.8,0.9094087484020792,False,0.75,0.0075,True,True,3.0,0.8,0.9094087484020792,False,0.7,0.01,True,True,3.0,0.8,0.9094087484020792,False,0.7,0.01
TJS_RUB,2026-01-27,8.12456,0.9888888888888888,8.1155,-0.0011163822315322,8.12266457785077,8.12549547910303,8.124221852836206,8.12500375918088,8.12868506437641,8.12266457785077,0.0002332953599001,8.08152,0.0052975176501867,TEST,0.95,0.97667046400999,0.960668185603996,False,0.01459101670075508,True,False,4.0,0.8,0.9304397559690207,True,0.75,0.0075,True,False,4.0,0.8,0.9304397559690207,True,0.7,0.01,True,False,4.0,0.8,0.9304397559690207,True,0.7,0.01
TJS_RUB,2026-01-28,8.18151,0.9666666666666668,8.1155,-0.0081338180025874,8.18325188665461,8.183729992451017,8.184458314931382,8.1852302991154,8.187040372478554,8.18325188665461,0.0,8.08152,0.0122214603416728,TEST,0.85,1.0,0.91,False,0.10630827951620733,True,True,1.0,0.8,0.9391139159071032,False,0.75,0.0075,True,True,1.0,0.8,0.9391139159071032,False,0.7,0.01,True,True,1.0,0.8,0.9391139159071032,False,0.7,0.01
TJS_RUB,2026-01-29,8.15524,0.9666666666666668,8.1155,-0.0048968024151313,8.149937901186236,8.152912030445117,8.153043115780822,8.155738230578327,8.160752615012631,8.149937901186236,0.0006501462634775,8.08152,0.0090395868178005,TEST,0.85,0.93498537365225,0.8839941494609,False,0.06400077303399475,True,True,2.0,0.8,0.9391139159071032,False,0.75,0.0075,True,True,2.0,0.8,0.9391139159071032,False,0.7,0.01,True,True,2.0,0.8,0.9391139159071032,False,0.7,0.01
TJS_RUB,2026-01-30,8.10701,1.0,8.1155,0.0010461462633232,8.10112722477603,8.104641890463355,8.105096624646563,8.10688500803669,8.111126153754812,8.10112722477603,0.0007256405535419,8.08152,0.003144192495137,TEST,1.0,0.92743594464581,0.970974377858324,True,-0.018117411066772175,True,True,3.0,0.8,0.9391139159071032,False,0.75,0.0075,True,True,3.0,0.8,0.9391139159071032,False,0.7,0.01,True,True,3.0,0.8,0.9391139159071032,False,0.7,0.01
TJS_RUB,2026-01-31,8.08152,1.0,8.10701,0.003144192495137,8.07849096333355,8.080502781875465,8.079066342881019,8.081939214923418,8.085623211775067,8.07849096333355,0.0003748102666885,8.16358,0.0,TEST,1.0,0.96251897333115,0.98500758933246,True,-0.06402270558095485,True,False,4.0,0.8,0.9627294240548616,True,0.75,0.0075,True,False,4.0,0.8,0.9627294240548616,True,0.7,0.01,True,False,4.0,0.8,0.9627294240548616,True,0.7,0.01
TJS_RUB,2026-02-03,8.21913,0.9222222222222224,8.08152,-0.0170277373563389,8.227071744004167,8.225151780440548,8.228596914250584,8.22958924873987,8.224966014120856,8.224966014120856,0.0,8.16358,0.0067586228712771,TEST,0.65,1.0,0.79,False,0.3409986370957753,False,True,1.0,0.8,0.9710913063963768,False,0.75,0.0075,False,True,1.0,0.8,0.9710913063963768,False,0.7,0.01,False,True,1.0,0.8,0.9710913063963768,False,0.7,0.01
TJS_RUB,2026-02-04,8.22419,0.9111111111111112,8.08152,-0.0176538571951811,8.223150789441247,8.225022158924538,8.227189734261211,8.227533256477331,8.230029606986701,8.223150789441247,0.0001263602322846,8.16358,0.0073697227325731,TEST,0.6,0.98736397677154,0.754945590708616,False,0.3810528564942185,False,True,2.0,0.8,0.9710913063963768,False,0.75,0.0075,False,True,2.0,0.8,0.9710913063963768,False,0.7,0.01,False,True,2.0,0.8,0.9710913063963768,False,0.7,0.01
TJS_RUB,2026-02-05,8.21655,0.9222222222222224,8.08152,-0.0167084904819885,8.21383870165822,8.21665152972372,8.219633635353842,8.219559534636305,8.222384182185307,8.21383870165822,0.0003299801427338,8.16358,0.0064467446799447,TEST,0.65,0.96700198572662,0.7768007942906481,False,0.36064741860527244,False,True,3.0,0.8,0.9710913063963768,False,0.75,0.0075,False,True,3.0,0.8,0.9710913063963768,False,0.7,0.01,False,True,3.0,0.8,0.9710913063963768,False,0.7,0.01
TJS_RUB,2026-02-06,8.16358,0.9333333333333332,8.08152,-0.0101540304299191,8.159711736514424,8.162937313974371,8.161853165882276,8.164918716851918,8.167724875912292,8.159711736514424,0.0004738440102963,8.19066,0.0,TEST,0.7,0.95261559897037,0.8010462395881479,False,0.21917149648780754,False,False,4.0,0.8,0.9710913063963768,False,0.75,0.0075,True,False,4.0,0.8,0.9710913063963768,False,0.7,0.01,True,False,4.0,0.8,0.9710913063963768,False,0.7,0.01
TJS_RUB,2026-02-07,8.21471,0.9111111111111112,8.08152,-0.0164808105405914,8.218490073260927,8.219249643728523,8.22212622762625,8.222870095878724,8.21916085028967,8.218490073260927,0.0,8.17201,0.0051979923819587,TEST,0.6,1.0,0.76,False,0.3557330199513914,False,False,5.0,0.8,0.9710913063963768,False,0.75,0.0075,False,False,5.0,0.8,0.9710913063963768,False,0.7,0.01,False,False,5.0,0.8,0.9710913063963768,False,0.7,0.01
TJS_RUB,2026-02-10,8.28278,0.8555555555555556,8.16358,-0.0146014371145993,8.286573654131947,8.287975095520395,8.291020568419915,8.293143087111256,8.288661208964934,8.286573654131947,0.0,8.11121,0.0207140597722021,TEST,0.4,1.0,0.64,False,0.5635009519543094,False,False,6.0,0.8,0.9710913063963768,False,0.75,0.0075,False,False,6.0,0.8,0.9710913063963768,False,0.7,0.01,False,False,6.0,0.8,0.9710913063963768,False,0.7,0.01
TJS_RUB,2026-02-11,8.21951,0.8777777777777778,8.16358,-0.0068511608877477,8.214455352149834,8.217670981871168,8.226284972218567,8.22101794616028,8.225346283940821,8.214455352149834,0.000614957321077,8.11121,0.0131759679104958,TEST,0.44999999999999996,0.9385042678923,0.64540170715692,False,0.38635345503415874,False,False,7.0,0.7,0.9418081996192148,False,0.75,0.0075,False,False,7.0,0.7,0.9418081996192148,False,0.7,0.01,False,False,7.0,0.7,0.9418081996192148,False,0.7,0.01
TJS_RUB,2026-02-12,8.2355,0.8444444444444444,8.16358,-0.0088098603798824,8.239964208106915,8.23894147162789,8.241406290581246,8.24382821478905,8.23996211461641,8.23894147162789,0.0,8.0576,0.0216016028170723,TEST,0.35,1.0,0.61,False,0.47163685371232733,False,False,8.0,0.7,0.9418081996192148,False,0.75,0.0075,False,False,8.0,0.7,0.9418081996192148,False,0.7,0.01,False,False,8.0,0.7,0.9418081996192148,False,0.7,0.01
TJS_RUB,2026-02-13,8.19066,0.9111111111111112,8.16358,-0.0033171721230146,8.186440193885996,8.190052646826553,8.190900114110294,8.191559256626663,8.19481862517912,8.186440193885996,0.0005151973240255,8.0576,0.0162453330989198,TEST,0.6,0.94848026759745,0.73939210703898,False,0.33747680890537907,False,False,9.0,0.7,0.9418081996192148,False,0.75,0.0075,False,False,9.0,0.7,0.9418081996192148,False,0.7,0.01,False,False,9.0,0.7,0.9418081996192148,False,0.7,0.01
TJS_RUB,2026-02-14,8.17201,0.9222222222222224,8.19066,0.0022769837839684,8.169178906821129,8.170936715033003,8.171032181262401,8.174671357151158,8.176159156057025,8.169178906821129,0.0003464378015777,8.0576,0.0140002276061825,TEST,0.65,0.96535621984223,0.776142487936892,False,0.34389845323604584,False,False,10.0,0.7,0.9418081996192148,False,0.75,0.0075,False,False,10.0,0.7,0.9418081996192148,False,0.7,0.01,False,False,10.0,0.7,0.9418081996192148,False,0.7,0.01
TJS_RUB,2026-02-17,8.11121,0.9777777777777776,8.17201,0.0074400300538056,8.103679981318216,8.108389890734493,8.107280408028096,8.111395180249975,8.115328286211263,8.103679981318216,0.0009283471494122,8.0576,0.006609371474786,TEST,0.9,0.90716528505878,0.9028661140235121,False,0.11283396039980391,True,False,11.0,0.7,0.9418081996192148,False,0.75,0.0075,True,False,11.0,0.7,0.9418081996192148,False,0.7,0.01,True,False,11.0,0.7,0.9418081996192148,False,0.7,0.01
TJS_RUB,2026-02-18,8.11554,0.9555555555555556,8.11121,-0.0005338291081108,8.11847673874603,8.115754675131697,8.112930604814016,8.118630150877815,8.119660484672318,8.112930604814016,0.0003215306912396,8.0576,0.0071393893690374,TEST,0.8,0.96784693087604,0.867138772350416,False,0.12928970470869874,True,False,12.0,0.6,0.9034622068310912,False,0.75,0.0075,True,False,12.0,0.6,0.9034622068310912,False,0.7,0.01,True,False,12.0,0.6,0.9034622068310912,False,0.7,0.01
TJS_RUB,2026-02-19,8.0576,1.0,8.11121,0.006609371474786,8.049903068079331,8.055715468444575,8.054079517228272,8.057099433071647,8.061691066927853,8.049903068079331,0.0009552387709329,8.06827,0.0,TEST,1.0,0.90447612290671,0.961790449162684,True,-0.1091440043803548,True,False,13.0,0.6,0.8915429352859449,True,0.75,0.0075,True,False,13.0,0.6,0.8915429352859449,True,0.7,0.01,True,False,13.0,0.6,0.8915429352859449,True,0.7,0.01
TJS_RUB,2026-02-20,8.10316,0.9777777777777776,8.0576,-0.0056542891183479,8.108481241725213,8.106891201942746,8.105633322346392,8.10551944220985,8.107274199003067,8.10551944220985,0.0,8.06827,0.0043057276420557,TEST,0.9,1.0,0.9400000000000001,True,0.2023270272670755,True,True,1.0,0.8,0.9608926383157336,False,0.75,0.0075,True,True,1.0,0.8,0.9608926383157336,False,0.7,0.01,True,True,1.0,0.8,0.9608926383157336,False,0.7,0.01
TJS_RUB,2026-02-21,8.11537,0.9444444444444444,8.0576,-0.0071696286735503,8.114618498768746,8.116014257018374,8.116116178242157,8.119215298052522,8.119490398358606,8.114618498768746,9.260221422496964e-05,8.06827,0.005803801921539,TEST,0.75,0.9907397785775031,0.8462959114310011,False,0.25655031530331146,True,True,2.0,0.8,0.9608926383157336,False,0.75,0.0075,True,True,2.0,0.8,0.9608926383157336,False,0.7,0.01,True,True,2.0,0.8,0.9608926383157336,False,0.7,0.01
TJS_RUB,2026-02-25,8.09736,0.9777777777777776,8.0576,-0.0049344718030181,8.09358749824754,8.095695048327313,8.097611089012007,8.100322884088135,8.102833490455057,8.09358749824754,0.0004658928036371,8.06827,0.003592528923007,TEST,0.9,0.95341071963629,0.9213642878545161,True,0.17656985522692673,True,True,3.0,0.8,0.9441336371207992,False,0.75,0.0075,True,True,3.0,0.8,0.9441336371207992,False,0.7,0.01,True,True,3.0,0.8,0.9441336371207992,False,0.7,0.01
TJS_RUB,2026-02-26,8.06827,0.9888888888888888,8.0576,-0.001324215647339,8.063408835808994,8.066806793105778,8.06636576786474,8.068595334653414,8.072366484382693,8.063408835808994,0.0006025039061664,8.09998,0.0,TEST,0.95,0.93974960938336,0.945899843753344,True,0.047384314770402766,True,False,4.0,0.8,0.9250914302836128,True,0.75,0.0075,True,False,4.0,0.8,0.9250914302836128,True,0.7,0.01,True,False,4.0,0.8,0.9250914302836128,True,0.7,0.01
TJS_RUB,2026-02-27,8.12167,0.8888888888888888,8.0576,-0.0079514992057187,8.125684867713243,8.126429060314363,8.125554336152494,8.128311063942018,8.12579359704328,8.125554336152494,0.0,8.09998,0.0026706330102059,TEST,0.55,1.0,0.73,False,0.28452793320898484,False,True,1.0,0.8,0.9411799687506689,False,0.75,0.0075,False,True,1.0,0.8,0.9411799687506689,False,0.7,0.01,False,True,1.0,0.8,0.9411799687506689,False,0.7,0.01
TJS_RUB,2026-02-28,8.12474,0.8666666666666667,8.06827,-0.006999022095195,8.123038384037852,8.125388128918322,8.125515134761084,8.128920528051593,8.1288651557674,8.123038384037852,0.0002094363588431,8.09998,0.0030474821348127,TEST,0.5,0.97905636411569,0.691622545646276,False,0.2981614708233344,False,True,2.0,0.8,0.9411799687506689,False,0.75,0.0075,False,True,2.0,0.8,0.9411799687506689,False,0.7,0.01,False,True,2.0,0.8,0.9411799687506689,False,0.7,0.01
TJS_RUB,2026-03-03,8.09998,0.9555555555555556,8.06827,-0.0039302105655859,8.09839320225887,8.098732294685794,8.099768401363903,8.102837060580418,8.104092584428896,8.09839320225887,0.0001959014394022,8.13285,0.0,TEST,0.8,0.98040985605978,0.872163942423912,False,0.18820499156230416,True,True,3.0,0.8,0.9250914302836128,False,0.75,0.0075,True,True,3.0,0.8,0.9250914302836128,False,0.7,0.01,True,True,3.0,0.8,0.9250914302836128,False,0.7,0.01
TJS_RUB,2026-03-04,8.13285,0.8444444444444444,8.06827,-0.0080041942076801,8.138374504875198,8.138303823079386,8.136680033064785,8.139634673122575,8.137087223077023,8.136680033064785,0.0,8.14047,0.0,TEST,0.5,1.0,0.7,False,0.334177102762229,False,False,4.0,0.8,0.906565748789713,False,0.75,0.0075,False,False,4.0,0.8,0.906565748789713,False,0.7,0.01,False,False,4.0,0.8,0.906565748789713,False,0.7,0.01
TJS_RUB,2026-03-05,8.14047,0.8222222222222222,8.06827,-0.0089486345895713,8.139998067735776,8.141836933571058,8.14364718345304,8.144969480974371,8.144711193104733,8.139998067735776,5.797358926746868e-05,8.16614,0.0,TEST,0.44999999999999996,0.9942026410732532,0.6676810564293012,False,0.3680166977529079,False,False,5.0,0.8,0.906565748789713,False,0.75,0.0075,False,False,5.0,0.8,0.906565748789713,False,0.7,0.01,False,False,5.0,0.8,0.906565748789713,False,0.7,0.01
TJS_RUB,2026-03-06,8.16614,0.7888888888888889,8.09998,-0.008167921402275,8.168389001669215,8.170756234474734,8.174480509899634,8.174668004083037,8.171768392706385,8.168389001669215,0.0,8.20119,0.0,TEST,0.35,1.0,0.61,False,0.48201438848920714,False,False,6.0,0.8,0.906565748789713,False,0.75,0.0075,False,False,6.0,0.8,0.906565748789713,False,0.7,0.01,False,False,6.0,0.8,0.906565748789713,False,0.7,0.01
TJS_RUB,2026-03-07,8.2664,0.6666666666666667,8.09998,-0.0205457297425426,8.27331667114096,8.273205305810427,8.277322150590797,8.2805643194336,8.27148679240042,8.27148679240042,0.0,8.20119,0.00788856092132,TEST,0.050000000000000044,1.0,0.43000000000000005,False,0.9272581934452445,False,False,7.0,0.7,0.8686463233724648,False,0.75,0.0075,False,False,7.0,0.7,0.8686463233724648,False,0.7,0.01,False,False,7.0,0.7,0.8686463233724648,False,0.7,0.01
TJS_RUB,2026-03-11,8.20119,0.7444444444444445,8.09998,-0.0124950925804755,8.198752171104246,8.202943968088766,8.211422629079722,8.204370417997797,8.207013275778316,8.198752171104246,0.0002972530688539,8.22673,0.0,TEST,0.25,0.97027469311461,0.538109877245844,False,0.6376676436628462,False,False,8.0,0.7,0.8686463233724648,False,0.75,0.0075,False,False,8.0,0.7,0.8686463233724648,False,0.7,0.01,False,False,8.0,0.7,0.8686463233724648,False,0.7,0.01
TJS_RUB,2026-03-12,8.23651,0.6555555555555556,8.13285,-0.012745839404391,8.245168414276023,8.243410159395339,8.247199556050898,8.249422449189979,8.241578399360542,8.241578399360542,0.0,8.22673,0.0011873961180161,TEST,0.09999999999999998,1.0,0.46,False,0.7945199396038732,False,False,9.0,0.7,0.8686463233724648,False,0.75,0.0075,False,False,9.0,0.7,0.8686463233724648,False,0.7,0.01,False,False,9.0,0.7,0.8686463233724648,False,0.7,0.01
TJS_RUB,2026-03-13,8.22673,0.6777777777777778,8.14047,-0.0105964397633059,8.228162550849524,8.229830190847746,8.229760375608246,8.231419403366354,8.230722924267,8.228162550849524,0.0,8.34542,0.0,TEST,0.15000000000000002,1.0,0.49000000000000005,False,0.8100095785440566,False,False,10.0,0.7,0.8686463233724648,False,0.75,0.0075,False,False,10.0,0.7,0.8686463233724648,False,0.7,0.01,False,False,10.0,0.7,0.8686463233724648,False,0.7,0.01
TJS_RUB,2026-03-14,8.34542,0.5444444444444445,8.16614,-0.0219540688746458,8.355875426591147,8.352592916587536,8.357043827612344,8.357938446632266,8.350555417961182,8.350555417961182,0.0,8.43691,0.0,TEST,0.0,1.0,0.4,False,1.3784482758620682,False,False,11.0,0.7,0.8686463233724648,False,0.75,0.0075,False,False,11.0,0.7,0.8686463233724648,False,0.7,0.01,False,False,11.0,0.7,0.8686463233724648,False,0.7,0.01
TJS_RUB,2026-03-17,8.43691,0.4,8.20119,-0.0287421703435719,8.441751421274526,8.444395542601447,8.450952731007812,8.450849788438937,8.442400232663697,8.441751421274526,0.0,8.52327,0.0,TEST,0.0,1.0,0.4,False,1.3178722812869104,False,False,12.0,0.6,0.8042038573345357,False,0.75,0.0075,False,False,12.0,0.6,0.8042038573345357,False,0.7,0.01,False,False,12.0,0.6,0.8042038573345357,False,0.7,0.01
TJS_RUB,2026-03-18,8.52327,0.2777777777777778,8.20119,-0.0392723495004992,8.53279597697524,8.530436945730576,8.535443859650874,8.53621518560538,8.528816430548094,8.528816430548094,0.0,8.48757,0.0041885332742011,TEST,0.0,1.0,0.4,False,1.2276765706150674,False,False,13.0,0.6,0.8042038573345357,False,0.75,0.0075,False,False,13.0,0.6,0.8042038573345357,False,0.7,0.01,False,False,13.0,0.6,0.8042038573345357,False,0.7,0.01
TJS_RUB,2026-03-19,8.65174,0.1999999999999999,8.22673,-0.0516620820180072,8.66545904178229,8.658755209188572,8.6670345814942,8.665622621059276,8.65737003108316,8.65737003108316,0.0,8.46229,0.02189732932335,TEST,0.0,1.0,0.4,False,1.2758820624047078,False,False,14.0,0.6,0.7765183645724005,False,0.75,0.0075,False,False,14.0,0.6,0.7765183645724005,False,0.7,0.01,False,False,14.0,0.6,0.7765183645724005,False,0.7,0.01
TJS_RUB,2026-03-20,8.82992,0.0,8.22673,-0.0733207483410783,8.849891517007675,8.838972023583326,8.846966910966747,8.839957623566406,8.83566597989096,8.83566597989096,0.0,8.46229,0.0416345787957308,TEST,0.0,1.0,0.4,False,1.2998956474904897,False,False,15.0,0.6,0.712,False,0.75,0.0075,False,False,15.0,0.6,0.712,False,0.7,0.01,False,False,15.0,0.6,0.712,False,0.7,0.01
TJS_RUB,2026-03-21,8.80604,0.011111111111111,8.34542,-0.0551943461203868,8.811537512233825,8.80959618089313,8.809842131980435,8.81469311514253,8.811770440225844,8.80959618089313,0.0,8.46229,0.0390357073099826,TEST,0.050000000000000044,1.0,0.43000000000000005,False,0.9690801740211309,False,False,16.0,0.6,0.6949735273877656,False,0.75,0.0075,False,False,16.0,0.6,0.6949735273877656,False,0.7,0.01,False,False,16.0,0.6,0.6949735273877656,False,0.7,0.01
TJS_RUB,2026-03-24,8.80604,0.011111111111111,8.43691,-0.0437518001258754,8.807387604423779,8.804004887995728,8.817647826218835,8.813174806095644,8.811770440225844,8.804004887995728,0.0002311041063033,8.46229,0.0390357073099826,TEST,0.050000000000000044,0.97688958936967,0.420755835747868,False,0.9686470163460905,False,False,17.0,0.6,0.6772576521160911,False,0.75,0.0075,False,False,17.0,0.6,0.6772576521160911,False,0.7,0.01,False,False,17.0,0.6,0.6772576521160911,False,0.7,0.01
TJS_RUB,2026-03-25,8.48757,0.3333333333333333,8.52327,0.0041885332742011,8.47185590068734,8.49162340830908,8.489367083419726,8.489602673123446,8.49089669635402,8.47185590068734,0.0018514250029938,8.46229,0.0029784732261413,TEST,0.25,0.81485749970062,0.475942999880248,False,0.5505153285629883,False,False,18.0,0.6,0.6330724225717205,False,0.75,0.0075,False,False,18.0,0.6,0.6330724225717205,False,0.7,0.01,False,False,18.0,0.6,0.6330724225717205,False,0.7,0.01
TJS_RUB,2026-03-26,8.46229,0.3444444444444444,8.48757,0.0029784732261413,8.463757610867495,8.465266404302378,8.471644104645508,8.469492819748366,8.465606787877997,8.463757610867495,0.0,8.42187,0.0047764848522089,TEST,0.30000000000000004,1.0,0.5800000000000001,False,0.5173242302895026,False,False,19.0,0.6,0.5668659263475064,False,0.75,0.0075,False,False,19.0,0.6,0.5668659263475064,False,0.7,0.01,False,False,19.0,0.6,0.5668659263475064,False,0.7,0.01
TJS_RUB,2026-03-27,8.61033,0.2222222222222222,8.46229,-0.0174940825710298,8.620543970083574,8.616433271986136,8.626904865902931,8.627150674494706,8.615603958872004,8.615603958872004,0.0,8.38,0.0267504265225605,TEST,0.19999999999999996,1.0,0.52,False,0.7116917219195165,False,False,20.0,0.6,0.5548659263475064,False,0.75,0.0075,False,False,20.0,0.6,0.5548659263475064,False,0.7,0.01,False,False,20.0,0.6,0.5548659263475064,False,0.7,0.01
TJS_RUB,2026-03-28,8.50685,0.2666666666666667,8.46229,-0.0052657141270271,8.499352219262269,8.509802168835167,8.515263947574493,8.515001858388286,8.512060575788652,8.499352219262269,0.000881381561651,8.32786,0.0210406907374645,TEST,0.30000000000000004,0.9118618438349,0.54474473753396,False,0.5574019782447873,False,False,21.0,0.6,0.5272439508983376,False,0.75,0.0075,False,False,21.0,0.6,0.5272439508983376,False,0.7,0.01,False,False,21.0,0.6,0.5272439508983376,False,0.7,0.01
TJS_RUB,2026-03-31,8.46996,0.3333333333333333,8.46229,-0.0009063740429601,8.470171484612447,8.471979724625088,8.475819318337132,8.478407190962006,8.475323946864572,8.470171484612447,0.0,8.22213,0.0292598784409844,TEST,0.4,1.0,0.64,False,0.5068635778283153,False,False,22.0,0.6,0.5272439508983376,False,0.75,0.0075,False,False,22.0,0.6,0.5272439508983376,False,0.7,0.01,False,False,22.0,0.6,0.5272439508983376,False,0.7,0.01
TJS_RUB,2026-04-01,8.46526,0.3333333333333333,8.46229,-0.000350968827587,8.465008710552008,8.468368426503005,8.469035708730152,8.472809647864901,8.4706209703983,8.465008710552008,2.968478794427229e-05,8.22213,0.0287209134746009,TEST,0.44999999999999996,0.9970315212055728,0.6688126084822291,False,0.5004246924404755,False,False,23.0,0.6,0.5272439508983376,False,0.75,0.0075,False,False,23.0,0.6,0.5272439508983376,False,0.7,0.01,False,False,23.0,0.6,0.5272439508983376,False,0.7,0.01
TJS_RUB,2026-04-02,8.42187,0.4444444444444444,8.46229,0.0047764848522089,8.41991924910624,8.423446463811263,8.426299466240396,8.427298630622861,8.427203491914996,8.41991924910624,0.0002316291861261,8.19769,0.0266187913135681,TEST,0.6,0.97683708138739,0.750734832554956,False,0.4146212001664118,False,False,24.0,0.6,0.5272439508983376,False,0.75,0.0075,False,False,24.0,0.6,0.5272439508983376,False,0.7,0.01,False,False,24.0,0.6,0.5272439508983376,False,0.7,0.01
TJS_RUB,2026-04-03,8.38,0.5,8.42187,0.0049715799460214,8.377223436116912,8.381108600598441,8.383609517234992,8.38577284803747,8.384344265664287,8.377223436116912,0.0003313322056191,8.15906,0.0263651551312649,TEST,0.65,0.96686677943809,0.776746711775236,False,0.34742185800275666,False,False,25.0,0.6,0.5272439508983376,False,0.75,0.0075,False,False,25.0,0.6,0.5272439508983376,False,0.7,0.01,False,False,25.0,0.6,0.5272439508983376,False,0.7,0.01
TJS_RUB,2026-04-04,8.32786,0.5777777777777777,8.38,0.0062219570405729,8.322424097531984,8.328555316414732,8.328408214941048,8.33609228112561,8.332088285423175,8.322424097531984,0.0006527370138325,8.08169,0.0295598148864173,TEST,0.75,0.93472629861675,0.8238905194467,False,0.24363493928711197,True,False,26.0,0.6,0.5272439508983376,True,0.75,0.0075,True,False,26.0,0.6,0.5272439508983376,True,0.7,0.01,True,False,26.0,0.6,0.5272439508983376,True,0.7,0.01
TJS_RUB,2026-04-07,8.22213,0.6888888888888889,8.32786,0.0126959386925331,8.21145784160624,8.222918684166894,8.219679713202389,8.225758867283949,8.22630460337067,8.21145784160624,0.0012979797684736,8.01903,0.0247016284101563,TEST,0.95,0.87020202315264,0.918080809261056,False,0.03330523436133085,True,True,1.0,0.8,0.6457625216964459,False,0.75,0.0075,True,True,1.0,0.8,0.6457625216964459,False,0.7,0.01,True,True,1.0,0.8,0.6457625216964459,False,0.7,0.01
TJS_RUB,2026-04-08,8.2443,0.6222222222222222,8.22213,-0.0026963815945504,8.248113816092088,8.248759697803427,8.244758023663357,8.249863861109738,8.248485859694364,8.244758023663357,0.0,7.9843,0.0315369406741628,TEST,0.8,1.0,0.88,False,0.0685667933771261,True,True,2.0,0.8,0.6851970532967746,False,0.75,0.0075,True,True,2.0,0.8,0.6851970532967746,False,0.7,0.01,True,True,2.0,0.8,0.6851970532967746,False,0.7,0.01
TJS_RUB,2026-04-09,8.19769,0.7444444444444445,8.22213,0.0029724657722512,8.19040000914691,8.196784185695895,8.191513470903427,8.199370616861515,8.201852194505037,8.19040000914691,0.0008892737897005,7.93405,0.0321602792981925,TEST,1.0,0.91107262102995,0.96442904841198,False,-0.04021125717764401,True,True,3.0,0.8,0.755937208399012,False,0.75,0.0075,True,True,3.0,0.8,0.755937208399012,False,0.7,0.01,True,True,3.0,0.8,0.755937208399012,False,0.7,0.01
TJS_RUB,2026-04-10,8.15906,0.8,8.19769,0.0047123031000195,8.15176213109964,8.158747024147546,8.154564475755244,8.160235082448276,8.163202580982968,8.15176213109964,0.0008944497160654,7.93405,0.0275779317715521,TEST,1.0,0.91055502839346,0.9642220113573841,False,-0.061101181532036614,True,False,4.0,0.8,0.7861754733095289,True,0.75,0.0075,True,False,4.0,0.8,0.7861754733095289,True,0.7,0.01,True,False,4.0,0.8,0.7861754733095289,True,0.7,0.01
TJS_RUB,2026-04-11,8.08169,0.9666666666666668,8.15906,0.0094827100180658,8.07117404140697,8.079662885418248,8.076319725021138,8.081784642664637,8.085793298088781,8.07117404140697,0.0013012078653141,7.93405,0.0182684562263585,TEST,1.0,0.86987921346859,0.947951685387436,False,-0.1153295769609162,True,True,1.0,0.8,0.83511241555736,False,0.75,0.0075,True,True,1.0,0.8,0.83511241555736,False,0.7,0.01,True,True,1.0,0.8,0.83511241555736,False,0.7,0.01
TJS_RUB,2026-04-14,8.01903,1.0,8.08169,0.0077533288210757,8.008967208710182,8.01749122991817,8.01370136252891,8.020267592368054,8.023101483869448,8.008967208710182,0.0012548639037164,7.93405,0.0105972916923868,TEST,1.0,0.87451360962836,0.949805443851344,False,-0.0837443032222703,True,True,2.0,0.8,0.8876161618522113,False,0.75,0.0075,True,True,2.0,0.8,0.8876161618522113,False,0.7,0.01,True,True,2.0,0.8,0.8876161618522113,False,0.7,0.01
TJS_RUB,2026-04-15,7.9843,1.0,8.01903,0.0043309477580206,7.97685908281655,7.981513072318123,7.980956155347258,7.984963495791946,7.988353850485511,7.97685908281655,0.0009319435872211,7.8915,0.0116228097641622,TEST,1.0,0.90680564127789,0.962722256511156,False,-0.04282948365376395,True,True,3.0,0.8,0.9240549844863319,False,0.75,0.0075,True,True,3.0,0.8,0.9240549844863319,False,0.7,0.01,True,True,3.0,0.8,0.9240549844863319,False,0.7,0.01
TJS_RUB,2026-04-16,7.93405,1.0,7.9843,0.0062936011923399,7.925257260648423,7.932194364626275,7.93058349802236,7.932478726277913,7.938078337167262,7.925257260648423,0.0011082283766269,7.8915,0.0053629609089935,TEST,1.0,0.88917716233731,0.955670864934924,False,-0.05942385468650241,True,False,4.0,0.8,0.9483224370802176,True,0.75,0.0075,True,False,4.0,0.8,0.9483224370802176,True,0.7,0.01,True,False,4.0,0.8,0.9483224370802176,True,0.7,0.01
TJS_RUB,2026-04-17,8.02384,0.9666666666666668,7.93405,-0.011317044888802,8.029599253292433,8.02741265842465,8.027103504860783,8.031234881552583,8.027913926039812,8.027103504860783,0.0,7.8915,0.0164933498175437,TEST,0.85,1.0,0.91,False,0.10022659537656119,True,True,1.0,0.8,0.95097852806806,False,0.75,0.0075,True,True,1.0,0.8,0.95097852806806,False,0.7,0.01,True,True,1.0,0.8,0.95097852806806,False,0.7,0.01
TJS_RUB,2026-04-18,8.03473,0.9555555555555556,7.93405,-0.0126896099722083,8.03371488349601,8.035594233714189,8.038339988369314,8.04124145879911,8.040161155088072,8.03371488349601,0.0001263410847644,7.8915,0.0178263613089674,TEST,0.8,0.98736589152356,0.874946356609424,False,0.11546003967935381,True,True,2.0,0.8,0.95097852806806,False,0.75,0.0075,True,True,2.0,0.8,0.95097852806806,False,0.7,0.01,True,True,2.0,0.8,0.95097852806806,False,0.7,0.01
TJS_RUB,2026-04-21,7.95519,0.9888888888888888,7.93405,-0.0026644651848677,7.947959705054226,7.953553487586103,7.953973161798207,7.953568335940213,7.959229070531397,7.947959705054226,0.0009088777195484,7.8915,0.0080060941347724,TEST,0.95,0.90911222804516,0.9336448912180639,False,0.024243397286666076,True,True,3.0,0.8,0.95097852806806,False,0.75,0.0075,True,True,3.0,0.8,0.95097852806806,False,0.7,0.01,True,True,3.0,0.8,0.95097852806806,False,0.7,0.01
TJS_RUB,2026-04-22,7.8915,1.0,7.93405,0.0053629609089935,7.88323698260203,7.889999504532568,7.8880520887369565,7.889449388160863,7.895506733352506,7.88323698260203,0.0010470781724601,7.92735,0.0,TEST,1.0,0.89529218275399,0.958116873101596,True,-0.06291772638552132,True,False,4.0,0.8,0.95097852806806,True,0.75,0.0075,True,False,4.0,0.8,0.95097852806806,True,0.7,0.01,True,False,4.0,0.8,0.95097852806806,True,0.7,0.01
TJS_RUB,2026-04-23,7.94091,0.9777777777777776,7.8915,-0.0062611670785021,7.944832208968452,7.944566491889481,7.943349853292168,7.943720084346499,7.944941820179465,7.943349853292168,0.0,7.92735,0.0017076128554535,TEST,0.9,1.0,0.9400000000000001,True,0.06873669713284083,True,True,1.0,0.8,0.9561600665682585,False,0.75,0.0075,True,True,1.0,0.8,0.9561600665682585,False,0.7,0.01,True,True,1.0,0.8,0.9561600665682585,False,0.7,0.01
TJS_RUB,2026-04-24,7.93053,0.9888888888888888,7.8915,-0.0049458277893936,7.927008622536069,7.929019082726438,7.927065035961617,7.931229399458935,7.934556549965666,7.927008622536069,0.0004440280112339,7.92735,0.0004009820276829,TEST,0.95,0.95559719887661,0.952238879550644,True,0.05429656525186812,True,True,2.0,0.8,0.9561600665682585,False,0.75,0.0075,True,True,2.0,0.8,0.9561600665682585,False,0.7,0.01,True,True,2.0,0.8,0.9561600665682585,False,0.7,0.01
TJS_RUB,2026-04-25,8.00866,0.9333333333333332,7.8915,-0.0148463536716721,8.015315694849374,8.012225899447044,8.01439254028068,8.017255419616454,8.014073532814127,8.012225899447044,0.0,7.92735,0.0101527596376923,TEST,0.7,1.0,0.8200000000000001,False,0.19039570975867554,False,True,3.0,0.8,0.9561600665682585,False,0.75,0.0075,True,True,3.0,0.8,0.9561600665682585,False,0.7,0.01,True,True,3.0,0.8,0.9561600665682585,False,0.7,0.01
TJS_RUB,2026-04-28,7.93939,0.9666666666666668,7.8915,-0.0060685547741241,7.930763776806316,7.936629629192011,7.937201912511864,7.939936851548456,7.943421048433321,7.930763776806316,0.0010865095673199,7.92735,0.0015164893020749,TEST,0.85,0.89134904326801,0.866539617307204,True,0.08278878401272448,True,False,4.0,0.8,0.9561600665682585,False,0.75,0.0075,True,False,4.0,0.8,0.9561600665682585,False,0.7,0.01,True,False,4.0,0.8,0.9561600665682585,False,0.7,0.01
TJS_RUB,2026-04-29,7.92735,0.9888888888888888,7.8915,-0.0045428625736551,7.927055588157848,7.927411692668389,7.926114841054011,7.930269395342718,7.931374935391495,7.926114841054011,0.0001558098161413,7.95384,0.0,TEST,0.95,0.98441901838587,0.963767607354348,True,0.062482571109871515,True,False,5.0,0.8,0.9561600665682585,True,0.75,0.0075,True,False,5.0,0.8,0.9561600665682585,True,0.7,0.01,True,False,5.0,0.8,0.9561600665682585,True,0.7,0.01
TJS_RUB,2026-04-30,7.95384,0.9333333333333332,7.92735,-0.0033415958674714,7.957361319924006,7.958016991662613,7.955058326063372,7.95987068124256,7.957878385098966,7.955058326063372,0.0,7.95683,0.0,TEST,0.7,1.0,0.8200000000000001,False,0.11754058487470971,False,True,1.0,0.8,0.959037949783508,False,0.75,0.0075,True,True,1.0,0.8,0.959037949783508,False,0.7,0.01,True,True,1.0,0.8,0.959037949783508,False,0.7,0.01
TJS_RUB,2026-05-01,7.95683,0.9111111111111112,7.92735,-0.0037187710899607,7.9546905908755905,7.956735223546533,7.9584745483313695,7.959644534318295,7.960869903204869,7.9546905908755905,0.0002688770684317,7.93162,0.0031683471935432,TEST,0.6,0.97311229315683,0.749244917262732,False,0.13373592630501574,False,True,2.0,0.8,0.959037949783508,False,0.75,0.0075,False,True,2.0,0.8,0.959037949783508,False,0.7,0.01,False,True,2.0,0.8,0.959037949783508,False,0.7,0.01
TJS_RUB,2026-05-05,8.03327,0.8555555555555556,7.92735,-0.0133613376475114,8.036204418048808,8.037883144092323,8.040746620332381,8.04363315837657,8.038974043756049,8.036204418048808,0.0,7.8855,0.0183947508299857,TEST,0.35,1.0,0.61,False,0.32489229076909043,False,True,3.0,0.8,0.959037949783508,False,0.75,0.0075,False,True,3.0,0.8,0.959037949783508,False,0.7,0.01,False,True,3.0,0.8,0.959037949783508,False,0.7,0.01
TJS_RUB,2026-05-06,8.03438,0.8444444444444444,7.92735,-0.0135013592184022,8.035036500440095,8.035386119976911,8.036651470366735,8.038510639645775,8.040084831914367,8.035036500440095,0.0,7.83845,0.0243864492344151,TEST,0.30000000000000004,1.0,0.5800000000000001,False,0.40498866213152024,False,False,4.0,0.8,0.959037949783508,False,0.75,0.0075,False,False,4.0,0.8,0.959037949783508,False,0.7,0.01,False,False,4.0,0.8,0.959037949783508,False,0.7,0.01
TJS_RUB,2026-05-07,8.01985,0.8666666666666667,7.92735,-0.0116684642408875,8.019738755714526,8.020160435686288,8.02197862483881,8.02285497475546,8.02527109680513,8.019738755714526,1.387111797278548e-05,7.82063,0.0248408636071746,TEST,0.4,0.9986128882027214,0.6394451552810886,False,0.36380385487528283,False,False,5.0,0.8,0.959037949783508,False,0.75,0.0075,False,False,5.0,0.8,0.959037949783508,False,0.7,0.01,False,False,5.0,0.8,0.959037949783508,False,0.7,0.01
TJS_RUB,2026-05-08,7.96058,0.9,7.95384,-0.0008473894370518,7.955805714420838,7.958798914395625,7.957647762437793,7.961832527232834,7.964621807183843,7.955805714420838,0.0005997409207824,7.82063,0.017580377309191,TEST,0.55,0.94002590792176,0.706010363168704,False,0.22561154838499128,False,False,6.0,0.8,0.959037949783508,False,0.75,0.0075,False,False,6.0,0.8,0.959037949783508,False,0.7,0.01,False,False,6.0,0.8,0.959037949783508,False,0.7,0.01
TJS_RUB,2026-05-09,7.93162,0.9666666666666668,7.95683,0.0031683471935432,7.927299611127706,7.929355864317801,7.927994351170163,7.93286895013668,7.935647103388887,7.927299611127706,0.0005447044704982,7.74208,0.0238967575350306,TEST,0.85,0.94552955295018,0.888211821180072,False,0.1499476752877854,True,False,7.0,0.7,0.950535474561134,False,0.75,0.0075,True,False,7.0,0.7,0.950535474561134,False,0.7,0.01,True,False,7.0,0.7,0.950535474561134,False,0.7,0.01
TJS_RUB,2026-05-13,7.8855,1.0,7.93162,0.0058147011581491,7.877730230894615,7.883997661800578,7.881851770855681,7.884590715225833,7.889503686986148,7.877730230894615,0.0009853235819396,7.6422,0.0308540992961765,TEST,1.0,0.90146764180604,0.960587056722416,False,-0.031547399968449075,True,False,8.0,0.7,0.9485078129266085,True,0.75,0.0075,True,False,8.0,0.7,0.9485078129266085,True,0.7,0.01,True,False,8.0,0.7,0.9485078129266085,True,0.7,0.01
TJS_RUB,2026-05-14,7.83845,1.0,7.8855,0.0059666476444106,7.829987808297591,7.836956625723256,7.83482353855351,7.837857533331802,7.842429798396623,7.829987808297591,0.0010795746228411,7.61455,0.0285643207521894,TEST,1.0,0.89204253771589,0.956817015086356,False,-0.3152851303357281,True,True,1.0,0.8,0.9561600665682585,False,0.75,0.0075,True,True,1.0,0.8,0.9561600665682585,False,0.7,0.01,True,True,1.0,0.8,0.9561600665682585,False,0.7,0.01
TJS_RUB,2026-05-15,7.82063,1.0,7.83845,0.0022734086458419,7.814068055619111,7.818397547179482,7.816841183675034,7.820358500007272,7.82460075068854,7.814068055619111,0.0008390557258033,7.61455,0.0263508182844604,TEST,1.0,0.9160944274196701,0.966437770967868,False,-0.09078866924801061,True,True,2.0,0.8,0.957076986689404,False,0.75,0.0075,True,True,2.0,0.8,0.957076986689404,False,0.7,0.01,True,True,2.0,0.8,0.957076986689404,False,0.7,0.01
TJS_RUB,2026-05-16,7.82531,0.9888888888888888,7.82063,-0.0005984172630593,7.822694823366035,7.825179422412874,7.821844569176147,7.825257519407335,7.829283126854299,7.821844569176147,0.0004428490147806,7.61455,0.0269331183045783,TEST,0.95,0.95571509852194,0.952286039408776,False,0.02185894441849411,True,True,3.0,0.8,0.957076986689404,False,0.75,0.0075,True,True,3.0,0.8,0.957076986689404,False,0.7,0.01,True,True,3.0,0.8,0.957076986689404,False,0.7,0.01
TJS_RUB,2026-05-19,7.74208,1.0,7.82063,0.0100439478660927,7.733099262649804,7.740269263047975,7.738697372510754,7.741772908357011,7.746010868675634,7.733099262649804,0.0011599902545821,7.61455,0.0164723175167395,TEST,1.0,0.88400097454179,0.953600389816716,False,-0.36688463334890725,True,False,4.0,0.8,0.957076986689404,False,0.75,0.0075,True,False,4.0,0.8,0.957076986689404,False,0.7,0.01,True,False,4.0,0.8,0.957076986689404,False,0.7,0.01
TJS_RUB,2026-05-20,7.6422,1.0,7.74208,0.0129009258493841,7.631138367126511,7.640914838579671,7.638664006053838,7.640614330953652,7.646080156830326,7.631138367126511,0.0014474409035995,7.61455,0.0036180680955745,TEST,1.0,0.85525590964005,0.94210236385602,True,-0.34129506236118134,True,False,5.0,0.8,0.957076986689404,False,0.75,0.0075,True,False,5.0,0.8,0.957076986689404,False,0.7,0.01,True,False,5.0,0.8,0.957076986689404,False,0.7,0.01
TJS_RUB,2026-05-21,7.61455,1.0,7.6422,0.0036180680955745,7.609554961549196,7.614351956220148,7.611633099333081,7.612896655323232,7.618416118158693,7.609554961549196,0.0006559860334234,7.62119,0.0,TEST,1.0,0.93440139665766,0.973760558663064,True,-0.07050334030292076,True,False,6.0,0.8,0.957076986689404,True,0.75,0.0075,True,False,6.0,0.8,0.957076986689404,True,0.7,0.01,True,False,6.0,0.8,0.957076986689404,True,0.7,0.01
TJS_RUB,2026-05-22,7.62119,0.9888888888888888,7.61455,-0.0008720147612137,7.618503845962543,7.621081700535989,7.621801576418087,7.621461772405338,7.625059489470796,7.618503845962543,0.0003524586104607,7.66334,0.0,TEST,0.95,0.96475413895393,0.955901655581572,True,0.015815925493652138,True,True,1.0,0.8,0.95861090982576,False,0.75,0.0075,True,True,1.0,0.8,0.95861090982576,False,0.7,0.01,True,True,1.0,0.8,0.95861090982576,False,0.7,0.01
TJS_RUB,2026-05-23,7.67396,0.9666666666666668,7.61455,-0.0078021682174258,7.672585370404881,7.676158951165775,7.674859142437604,7.677574894367285,7.6778562822629155,7.672585370404881,0.0001791291061094,7.66334,0.0013839008803799,TEST,0.85,0.98208708938906,0.902834835755624,True,0.1415096586713663,True,True,2.0,0.8,0.9575710234135679,False,0.75,0.0075,True,True,2.0,0.8,0.9575710234135679,False,0.7,0.01,True,True,2.0,0.8,0.9575710234135679,False,0.7,0.01
TJS_RUB,2026-05-26,7.71028,0.9555555555555556,7.61455,-0.0125719838992454,7.710708105277045,7.711705718099315,7.716133121403477,7.724604751278876,7.715491839906564,7.710708105277045,0.0,7.66334,0.0060879760527503,TEST,0.8,1.0,0.88,False,0.22802086558845155,True,True,3.0,0.8,0.9575710234135679,False,0.75,0.0075,True,True,3.0,0.8,0.9575710234135679,False,0.7,0.01,True,True,3.0,0.8,0.9575710234135679,False,0.7,0.01
TJS_RUB,2026-05-27,7.74622,0.9333333333333332,7.61455,-0.017291895121839,7.746074639329183,7.7489717561468865,7.788340241697795,7.7526098653219,7.751720223174868,7.746074639329183,1.876536824638287e-05,7.66334,0.0106994121003535,TEST,0.7,0.9981234631753617,0.8192493852701447,False,0.31362694423933424,False,False,4.0,0.8,0.9575710234135679,False,0.75,0.0075,True,False,4.0,0.8,0.9575710234135679,False,0.7,0.01,True,False,4.0,0.8,0.9575710234135679,False,0.7,0.01
TJS_RUB,2026-05-28,7.66334,0.9666666666666668,7.61455,-0.0064074699095809,7.654625515638174,7.662388433087796,7.661531337388136,7.664560668856334,7.667230890194461,7.654625515638174,0.0011371653041396,7.67536,0.0,TEST,0.85,0.88628346958604,0.864513387834416,True,0.11621370554748214,True,False,5.0,0.8,0.9575710234135679,False,0.75,0.0075,True,False,5.0,0.8,0.9575710234135679,False,0.7,0.01,True,False,5.0,0.8,0.9575710234135679,False,0.7,0.01
TJS_RUB,2026-05-29,7.71309,0.9333333333333332,7.62119,-0.0120584843049444,7.718993777003176,7.717504420790483,7.717391926909136,7.719994736955055,7.717006149648848,7.717006149648848,0.0,7.67536,0.0048916841369671,TEST,0.7,1.0,0.8200000000000001,False,0.23471405092537412,False,False,6.0,0.8,0.9575710234135679,False,0.75,0.0075,True,False,6.0,0.8,0.9575710234135679,False,0.7,0.01,True,False,6.0,0.8,0.9575710234135679,False,0.7,0.01
TJS_RUB,2026-05-30,7.67536,0.9444444444444444,7.66334,-0.0015685066824649,7.671136916673085,7.674211880605823,7.6729234871425245,7.6776324117434065,7.679256993081733,7.671136916673085,0.000550213061917,7.73849,0.0,TEST,0.75,0.9449786938083,0.8279914775233199,False,0.144844341757378,True,False,7.0,0.7,0.952680344531158,False,0.75,0.0075,True,False,7.0,0.7,0.952680344531158,False,0.7,0.01,True,False,7.0,0.7,0.952680344531158,False,0.7,0.01
TJS_RUB,2026-06-02,7.73849,0.9111111111111112,7.66334,-0.0098064290505184,7.744427131508186,7.74276647325307,7.747914832477888,7.764084170662949,7.743984734468746,7.74276647325307,0.0,7.83535,0.0,TEST,0.6,1.0,0.76,False,0.29521472977157237,False,False,8.0,0.7,0.952680344531158,False,0.75,0.0075,False,False,8.0,0.7,0.952680344531158,False,0.7,0.01,False,False,8.0,0.7,0.952680344531158,False,0.7,0.01
TJS_RUB,2026-06-03,7.84429,0.8444444444444444,7.66334,-0.0236124196499176,7.845460081811142,7.8495505155466,7.863084843039947,7.85288192106296,7.8491170437867375,7.845460081811142,0.0,7.66882,0.0223691372960458,TEST,0.30000000000000004,1.0,0.5800000000000001,False,0.5472214944144047,False,False,9.0,0.7,0.952680344531158,False,0.75,0.0075,False,False,9.0,0.7,0.952680344531158,False,0.7,0.01,False,False,9.0,0.7,0.952680344531158,False,0.7,0.01
TJS_RUB,2026-06-04,7.91167,0.8111111111111111,7.66334,-0.0324049304872288,7.919357118531135,7.916632329239197,7.916034617275778,7.9187361835601,7.916538506584563,7.916034617275778,0.0,7.66882,0.0306951629681217,TEST,0.19999999999999996,1.0,0.52,False,0.7077150275111342,False,False,10.0,0.7,0.952680344531158,False,0.75,0.0075,False,False,10.0,0.7,0.952680344531158,False,0.7,0.01,False,False,10.0,0.7,0.952680344531158,False,0.7,0.01
TJS_RUB,2026-06-05,8.00591,0.6777777777777778,7.67536,-0.0430663838569135,8.01219212723973,8.012095353226446,8.014927897489464,8.014768194512948,8.010836497888615,8.010836497888615,0.0,7.66882,0.042105144824261,TEST,0.050000000000000044,1.0,0.43000000000000005,False,0.9656057241549473,False,False,11.0,0.7,0.952680344531158,False,0.75,0.0075,False,False,11.0,0.7,0.952680344531158,False,0.7,0.01,False,False,11.0,0.7,0.952680344531158,False,0.7,0.01
TJS_RUB,2026-06-06,7.91682,0.8,7.67536,-0.0314591107127222,7.907698274516215,7.918161401940959,7.918066768858807,7.92004631680702,7.921691675676413,7.907698274516215,0.0011521956396362,7.66882,0.0313257090599508,TEST,0.15000000000000002,0.88478043603638,0.44391217441455205,False,0.7723579313164357,False,False,12.0,0.6,0.9185418469957823,False,0.75,0.0075,False,False,12.0,0.6,0.9185418469957823,False,0.7,0.01,False,False,12.0,0.6,0.9185418469957823,False,0.7,0.01
TJS_RUB,2026-06-09,7.83535,0.8555555555555556,7.73849,-0.0125166537657863,7.832477072680022,7.835861603086394,7.838543173716853,7.83610206822249,7.839152964137081,7.832477072680022,0.0003666622831115,7.66882,0.0212536772447944,TEST,0.35,0.96333377168885,0.59533350867554,False,0.5641864268192963,False,False,13.0,0.6,0.9185418469957823,False,0.75,0.0075,False,False,13.0,0.6,0.9185418469957823,False,0.7,0.01,False,False,13.0,0.6,0.9185418469957823,False,0.7,0.01
TJS_RUB,2026-06-10,7.66882,0.9555555555555556,7.83535,0.0212536772447944,7.652482483936085,7.669340750250347,7.670156827369356,7.669144653904589,7.673793484453151,7.652482483936085,0.0021303819966976,7.68128,0.0,TEST,0.8,0.78696180033024,0.794784720132096,False,0.1386702780049056,True,False,14.0,0.6,0.9185418469957823,False,0.75,0.0075,True,False,14.0,0.6,0.9185418469957823,False,0.7,0.01,True,False,14.0,0.6,0.9185418469957823,False,0.7,0.01
TJS_RUB,2026-06-11,7.68128,0.9222222222222224,7.66882,-0.0016247610453759,7.684044287790749,7.6835931850003965,7.681251830311242,7.686397806319814,7.686261565176951,7.681251830311242,3.667317004264523e-06,7.71269,0.0,TEST,0.65,0.9996332682995736,0.7898533073198295,False,0.17050797219950886,False,False,15.0,0.6,0.8891339343022496,False,0.75,0.0075,False,False,15.0,0.6,0.8891339343022496,False,0.7,0.01,False,False,15.0,0.6,0.8891339343022496,False,0.7,0.01
TJS_RUB,2026-06-12,7.71269,0.9,7.66882,-0.0057205671798268,7.709720178811017,7.714864236792754,7.714525859639851,7.714646193214568,7.716605946557757,7.709720178811017,0.0003850564704381,7.7587,0.0,TEST,0.55,0.96149435295619,0.714597741182476,False,0.25076655764513484,False,False,16.0,0.6,0.8707080327006496,False,0.75,0.0075,False,False,16.0,0.6,0.8707080327006496,False,0.7,0.01,False,False,16.0,0.6,0.8707080327006496,False,0.7,0.01
TJS_RUB,2026-06-16,7.77533,0.8444444444444444,7.66882,-0.0138887077803364,7.776735891066049,7.7780919412593885,7.781105129763312,7.782581727450886,7.780850892804265,7.776735891066049,0.0,7.7587,0.0021388159730841,TEST,0.30000000000000004,1.0,0.5800000000000001,False,0.41082379394930507,False,False,17.0,0.6,0.8426002416477584,False,0.75,0.0075,False,False,17.0,0.6,0.8426002416477584,False,0.7,0.01,False,False,17.0,0.6,0.8426002416477584,False,0.7,0.01
TJS_RUB,2026-06-17,7.7587,0.8444444444444444,7.66882,-0.0117201864172062,7.757287034124489,7.758014931496011,7.760404856107488,7.761371613472263,7.76420908463055,7.757287034124489,0.0001821137401254,7.83373,0.0,TEST,0.30000000000000004,0.98178862598746,0.5727154503949841,False,0.36833094848732595,False,False,18.0,0.6,0.823196591009328,False,0.75,0.0075,False,False,18.0,0.6,0.823196591009328,False,0.7,0.01,False,False,18.0,0.6,0.823196591009328,False,0.7,0.01
TJS_RUB,2026-06-18,7.83373,0.8,7.66882,-0.0215039601920503,7.842687468143884,7.839603944859785,7.842006285306463,7.846265078856319,7.838550545610053,7.838550545610053,0.0,7.8785,0.0,TEST,0.25,1.0,0.55,False,0.5600470155355679,False,False,19.0,0.6,0.8195496311620868,False,0.75,0.0075,False,False,19.0,0.6,0.8195496311620868,False,0.7,0.01,False,False,19.0,0.6,0.8195496311620868,False,0.7,0.01
TJS_RUB,2026-06-19,7.8785,0.7555555555555555,7.68128,-0.025675408265289,7.881676906472649,7.883892711606951,7.886103266332944,7.887628724788285,7.883348095171623,7.881676906472649,0.0,7.88649,0.0,TEST,0.15000000000000002,1.0,0.49000000000000005,False,0.6744429681112011,False,False,20.0,0.6,0.8045705861873155,False,0.75,0.0075,False,False,20.0,0.6,0.8045705861873155,False,0.7,0.01,False,False,20.0,0.6,0.8045705861873155,False,0.7,0.01
TJS_RUB,2026-06-20,7.88649,0.7333333333333334,7.71269,-0.0225342908894302,7.888474171904367,7.890614231629248,7.892408530318337,7.894340524532803,7.891343011879172,7.888474171904367,0.0,7.93983,0.0,TEST,0.15000000000000002,1.0,0.49000000000000005,False,0.6895924308588065,False,False,21.0,0.6,0.7918258724447361,False,0.75,0.0075,False,False,21.0,0.6,0.7918258724447361,False,0.7,0.01,False,False,21.0,0.6,0.7918258724447361,False,0.7,0.01
TJS_RUB,2026-06-23,7.93983,0.6333333333333333,7.7587,-0.0233454058025184,7.946134677692867,7.94636645737356,7.950340412218697,7.950079677967868,7.944715835055722,7.944715835055722,0.0,8.03065,0.0,TEST,0.050000000000000044,1.0,0.43000000000000005,False,0.8071051172023227,False,False,22.0,0.6,0.7719413229279318,False,0.75,0.0075,False,False,22.0,0.6,0.7719413229279318,False,0.7,0.01,False,False,22.0,0.6,0.7719413229279318,False,0.7,0.01
TJS_RUB,2026-06-24,8.03065,0.5,7.7587,-0.0350509750344773,8.036987551786602,8.037027590581543,8.044204926846259,8.042793214938518,8.035403743690292,8.035403743690292,0.0,8.04287,0.0,TEST,0.0,1.0,0.4,False,1.072218816592228,False,False,23.0,0.6,0.7327586447094856,False,0.75,0.0075,False,False,23.0,0.6,0.7327586447094856,False,0.7,0.01,False,False,23.0,0.6,0.7327586447094856,False,0.7,0.01
TJS_RUB,2026-06-25,8.04287,0.4555555555555556,7.83373,-0.0266973714948052,8.04565221908565,8.04876657752306,8.052891964951606,8.052324414818019,8.047630977319937,8.04565221908565,0.0,8.14555,0.0,TEST,0.0,1.0,0.4,False,1.033268900928374,False,False,24.0,0.6,0.6430392016783144,False,0.75,0.0075,False,False,24.0,0.6,0.6430392016783144,False,0.7,0.01,False,False,24.0,0.6,0.6430392016783144,False,0.7,0.01
TJS_RUB,2026-06-26,8.14555,0.3,7.8785,-0.0338960462016881,8.15275392279994,8.152523252507034,8.155625465943343,8.159530428900867,8.150850633131537,8.150850633131537,0.0,8.31529,0.0,TEST,0.0,1.0,0.4,False,1.2705451479461418,False,False,25.0,0.6,0.586133403470216,False,0.75,0.0075,False,False,25.0,0.6,0.586133403470216,False,0.7,0.01,False,False,25.0,0.6,0.586133403470216,False,0.7,0.01
TJS_RUB,2026-06-27,8.31529,0.1777777777777778,7.88649,-0.0543714630970176,8.32644727811733,8.32275804010692,8.33088267892914,8.327510388265345,8.320701089695886,8.320701089695886,0.0,8.32002,0.0,TEST,0.0,1.0,0.4,False,1.35605059467623,False,False,26.0,0.6,0.5800000000000001,False,0.75,0.0075,False,False,26.0,0.6,0.5800000000000001,False,0.7,0.01,False,False,26.0,0.6,0.5800000000000001,False,0.7,0.01
TJS_RUB,2026-06-30,8.39004,0.1444444444444445,7.93983,-0.0567027253732134,8.407943701442559,8.396802740297323,8.404871947159716,8.403284986025607,8.39549973249184,8.39549973249184,0.0,8.32002,0.0083456097944707,TEST,0.0,1.0,0.4,False,1.1156279487060525,False,False,27.0,0.6,0.5756292702369905,False,0.75,0.0075,False,False,27.0,0.6,0.5756292702369905,False,0.7,0.01,False,False,27.0,0.6,0.5756292702369905,False,0.7,0.01
TJS_RUB,2026-07-01,8.44105,0.1222222222222222,8.03065,-0.0511042070069049,8.453483818022804,8.448011647026703,8.451875546909175,8.454231253643707,8.446542926726243,8.446542926726243,0.0,8.20498,0.0279668998525064,TEST,0.0,1.0,0.4,False,1.0707273786084686,False,False,28.0,0.6,0.5590861801579936,False,0.75,0.0075,False,False,28.0,0.6,0.5590861801579936,False,0.7,0.01,False,False,28.0,0.6,0.5590861801579936,False,0.7,0.01
TJS_RUB,2026-07-02,8.43411,0.1444444444444445,8.04287,-0.048644327211555,8.444522721983777,8.438355846989284,8.440914287090663,8.4439127558113,8.439598410592412,8.438355846989284,0.0,8.20498,0.0271670632704576,TEST,0.050000000000000044,1.0,0.43000000000000005,False,0.9910130401564299,False,False,29.0,0.6,0.532,False,0.75,0.0075,False,False,29.0,0.6,0.532,False,0.7,0.01,False,False,29.0,0.6,0.532,False,0.7,0.01
TJS_RUB,2026-07-03,8.3962,0.1666666666666666,8.14555,-0.0307714027904807,8.400215561955674,8.398062336060384,8.401325096336981,8.404934844609764,8.401342800970593,8.398062336060384,0.0,8.20498,0.0227745885043233,TEST,0.09999999999999998,1.0,0.46,False,0.9419214482731826,False,False,30.0,0.6,0.502,False,0.75,0.0075,False,False,30.0,0.6,0.502,False,0.7,0.01,False,False,30.0,0.6,0.502,False,0.7,0.01
TJS_RUB,2026-07-04,8.32002,0.2222222222222222,8.31529,-0.0005688316342545,8.31506530341982,8.320924225661917,8.322153198998338,8.32820263802601,8.325116139554959,8.31506530341982,0.0005955149843606,8.20498,0.0138268898392069,TEST,0.19999999999999996,0.94044850156394,0.496179400625576,False,0.8432720821516893,False,False,31.0,0.6,0.49000000000000005,False,0.75,0.0075,False,False,31.0,0.6,0.49000000000000005,False,0.7,0.01,False,False,31.0,0.6,0.49000000000000005,False,0.7,0.01
TJS_RUB,2026-07-07,8.4037,0.1666666666666666,8.32002,-0.0100576681306055,8.413636966332756,8.410264897340618,8.415830334832402,8.419726034704574,8.408847394835352,8.408847394835352,0.0,8.20498,0.0236467270369003,TEST,0.09999999999999998,1.0,0.46,False,0.9516335806689717,False,False,32.0,0.6,0.49247176025023043,False,0.75,0.0075,False,False,32.0,0.6,0.49247176025023043,False,0.7,0.01,False,False,32.0,0.6,0.49247176025023043,False,0.7,0.01
TJS_RUB,2026-07-08,8.20498,0.3111111111111111,8.32002,0.0138268898392069,8.187921175757625,8.20495433689799,8.205932470150522,8.208806316981468,8.21000567579473,8.187921175757625,0.0020790817579538,8.21415,0.0,TEST,0.35,0.79209182420462,0.526836729681848,False,0.6943009207101516,False,False,33.0,0.6,0.49247176025023043,False,0.75,0.0075,False,False,33.0,0.6,0.49247176025023043,False,0.7,0.01,False,False,33.0,0.6,0.49247176025023043,False,0.7,0.01
TJS_RUB,2026-07-09,8.23828,0.2777777777777778,8.20498,-0.0040585108068512,8.245061285775355,8.243950535443572,8.246440333503525,8.25264835989313,8.243326072554252,8.243326072554252,0.0,8.21415,0.0029290094534295,TEST,0.35,1.0,0.61,False,0.7374227885474524,False,False,34.0,0.6,0.49247176025023043,False,0.75,0.0075,False,False,34.0,0.6,0.49247176025023043,False,0.7,0.01,False,False,34.0,0.6,0.49247176025023043,False,0.7,0.01
TJS_RUB,2026-07-10,8.21415,0.3222222222222222,8.20498,-0.0011176139369016,8.207337800933766,8.216667183880245,8.21361510203805,8.219849197612676,8.21918129256004,8.207337800933766,0.0008293248925614,8.27918,0.0,TEST,0.4,0.91706751074386,0.606827004297544,False,0.7013569896152778,False,False,35.0,0.6,0.49247176025023043,False,0.75,0.0075,False,False,35.0,0.6,0.49247176025023043,False,0.7,0.01,False,False,35.0,0.6,0.49247176025023043,False,0.7,0.01
TJS_RUB,2026-07-11,8.28387,0.2555555555555555,8.20498,-0.0096148924189942,8.29121082780191,8.288886092479531,8.299803076064004,8.298250741948415,8.289260643453092,8.288886092479531,0.0,8.27918,0.0005661605022773,TEST,0.35,1.0,0.61,False,0.7842001208193747,False,False,36.0,0.6,0.49247176025023043,False,0.75,0.0075,False,False,36.0,0.6,0.49247176025023043,False,0.7,0.01,False,False,36.0,0.6,0.49247176025023043,False,0.7,0.01
TJS_RUB,2026-07-14,8.27918,0.2666666666666667,8.20498,-0.0090432883443956,8.281121524468281,8.282152371130982,8.282001265351447,8.28493048623154,8.284567591483688,8.281121524468281,0.0,8.37344,0.0,TEST,0.4,1.0,0.64,False,0.7627757016194031,False,False,37.0,0.6,0.49247176025023043,False,0.75,0.0075,False,False,37.0,0.6,0.49247176025023043,False,0.7,0.01,False,False,37.0,0.6,0.49247176025023043,False,0.7,0.01
TJS_RUB,2026-07-15,8.37344,0.2111111111111111,8.20498,-0.0205314333490148,8.386146785930231,8.380183760985206,8.387955475393545,8.389179293777932,8.37888893021207,8.37888893021207,0.0,8.42376,0.0,TEST,0.25,1.0,0.55,False,0.9009159522239318,False,False,38.0,0.6,0.49247176025023043,False,0.75,0.0075,False,False,38.0,0.6,0.49247176025023043,False,0.7,0.01,False,False,38.0,0.6,0.49247176025023043,False,0.7,0.01
TJS_RUB,2026-07-16,8.42376,0.1555555555555555,8.21415,-0.0255181607348294,8.429675634524267,8.430515804744914,8.437018290514342,8.439240536634257,8.429241675436048,8.429241675436048,0.0,8.46228,0.0,TEST,0.09999999999999998,1.0,0.46,False,0.9715306592899939,False,False,39.0,0.6,0.49247176025023043,False,0.75,0.0075,False,False,39.0,0.6,0.49247176025023043,False,0.7,0.01,False,False,39.0,0.6,0.49247176025023043,False,0.7,0.01
TJS_RUB,2026-07-17,8.46234,0.1111111111111111,8.21415,-0.0302149339858657,8.471281429786016,8.469032626925477,8.475084507328345,8.478912237277056,8.467846780975417,8.467846780975417,0.0,8.46228,7.090237451993763e-06,TEST,0.0,1.0,0.4,False,1.0378455248422338,False,False,40.0,0.6,0.49000000000000005,False,0.75,0.0075,False,False,40.0,0.6,0.49000000000000005,False,0.7,0.01,False,False,40.0,0.6,0.49000000000000005,False,0.7,0.01
TJS_RUB,2026-07-18,8.47554,0.0888888888888889,8.27918,-0.0237173246625873,8.481679959849462,8.481513289184536,8.486978725060114,8.489674988024356,8.481055370740055,8.481055370740055,0.0,8.42301,0.0061978351821831,TEST,0.0,1.0,0.4,False,1.022922636103154,False,False,41.0,0.6,0.47200000000000003,False,0.75,0.0075,False,False,41.0,0.6,0.47200000000000003,False,0.7,0.01,False,False,41.0,0.6,0.47200000000000003,False,0.7,0.01
TJS_RUB,2026-07-21,8.46228,0.1444444444444445,8.27918,-0.0221157167738833,8.466648811316619,8.466519993594362,8.46787052478402,8.47250541231876,8.467786741931034,8.466519993594362,0.0,8.42301,0.0046405933152767,TEST,0.09999999999999998,1.0,0.46,False,0.9752478019824146,False,False,42.0,0.6,0.46,False,0.75,0.0075,False,False,42.0,0.6,0.46,False,0.7,0.01,False,False,42.0,0.6,0.46,False,0.7,0.01
TJS_RUB,2026-07-22,8.48801,0.0777777777777777,8.37344,-0.0136825486299536,8.497076770732555,8.495260504551464,8.498811754006194,8.504235257826041,8.493209036000382,8.493209036000382,0.0,8.42301,0.0076578609120393,TEST,0.0,1.0,0.4,False,1.0280294005259696,False,False,43.0,0.6,0.46,False,0.75,0.0075,False,False,43.0,0.6,0.46,False,0.7,0.01,False,False,43.0,0.6,0.46,False,0.7,0.01
TJS_RUB,2026-07-23,8.48238,0.0999999999999999,8.42376,-0.0069588877175987,8.486955828743973,8.486682120654729,8.48818101388376,8.493318127559318,8.487575587539236,8.486682120654729,0.0,8.42301,0.0069992148430039,TEST,0.050000000000000044,1.0,0.43000000000000005,False,0.9873522936604213,False,False,44.0,0.6,0.46,False,0.75,0.0075,False,False,44.0,0.6,0.46,False,0.7,0.01,False,False,44.0,0.6,0.46,False,0.7,0.01
TJS_RUB,2026-07-24,8.47648,0.1111111111111111,8.46228,-0.0016780347613173,8.480554853990268,8.480352338599932,8.482957197661039,8.487698957080596,8.481671973698962,8.480352338599932,0.0,8.42301,0.0063080429612292,TEST,0.09999999999999998,1.0,0.46,False,0.9663318343748212,False,False,45.0,0.6,0.46,False,0.75,0.0075,False,False,45.0,0.6,0.46,False,0.7,0.01,False,False,45.0,0.6,0.46,False,0.7,0.01
TJS_RUB,2026-07-25,8.42301,0.2222222222222222,8.46228,0.0046405933152767,8.421776792630531,8.425604893653171,8.426774324742784,8.433412925897173,8.428344213866389,8.421776792630531,0.0001464093441024,8.43101,0.0,TEST,0.44999999999999996,0.98535906558976,0.664143626235904,False,0.7703423665335835,False,False,46.0,0.6,0.46,False,0.75,0.0075,False,False,46.0,0.6,0.46,False,0.7,0.01,False,False,46.0,0.6,0.46,False,0.7,0.01
TJS_RUB,2026-07-28,8.43101,0.1999999999999999,8.42301,-0.000949779235689,8.438397736956244,8.435158924800056,8.436409016786952,8.447920968252774,8.436349280191958,8.435158924800056,0.0,8.51268,0.0,TEST,0.4,1.0,0.64,False,0.7986079214217612,False,False,47.0,0.6,0.4744717602502304,False,0.75,0.0075,False,False,47.0,0.6,0.4744717602502304,False,0.7,0.01,False,False,47.0,0.6,0.4744717602502304,False,0.7,0.01
TJS_RUB,2026-07-29,8.51268,0.0444444444444444,8.42301,-0.010645838008028,8.521492441028347,8.519880369428247,8.526515869080082,8.528846477006061,8.517894146752857,8.517894146752857,0.0,8.58517,0.0,TEST,0.0,1.0,0.4,False,1.0871639048864097,False,False,48.0,0.6,0.5084423322480848,False,0.75,0.0075,False,False,48.0,0.6,0.5084423322480848,False,0.7,0.01,False,False,48.0,0.6,0.5084423322480848,False,0.7,0.01
TJS_RUB,2026-07-30,8.58517,0.0333333333333333,8.42301,-0.0192520251074141,8.592674703222512,8.593441156120857,8.59993504818889,8.600618420922,8.590756711338322,8.590756711338322,0.0,8.59216,0.0,TEST,0.0,1.0,0.4,False,1.235586610334743,False,False,49.0,0.6,0.5084423322480848,False,0.75,0.0075,False,False,49.0,0.6,0.5084423322480848,False,0.7,0.01,False,False,49.0,0.6,0.5084423322480848,False,0.7,0.01
TJS_RUB,2026-07-31,8.63089,0.011111111111111,8.42301,-0.0246800134393763,8.639166194432972,8.638606707743632,8.645282796314781,8.646815838229395,8.636506463159474,8.636506463159474,0.0,8.59216,0.0044873703638907,TEST,0.0,1.0,0.4,False,1.120255661642866,False,False,50.0,0.6,0.5084423322480848,False,0.75,0.0075,False,False,50.0,0.6,0.5084423322480848,False,0.7,0.01,False,False,50.0,0.6,0.5084423322480848,False,0.7,0.01
TJS_RUB,2026-08-01,8.59216,0.0222222222222222,8.42301,-0.0200818947145972,8.595996874328847,8.597199761013194,8.59924616439164,8.601665062611493,8.59775126000914,8.595996874328847,0.0,8.65757,0.0,TEST,0.050000000000000044,1.0,0.43000000000000005,False,0.9090652954849592,False,False,51.0,0.6,0.5084423322480848,False,0.75,0.0075,False,False,51.0,0.6,0.5084423322480848,False,0.7,0.01,False,False,51.0,0.6,0.5084423322480848,False,0.7,0.01
TJS_RUB,2026-08-04,8.65757,0.0,8.43101,-0.0268722252731285,8.670973979190412,8.665766731401554,8.673550710107632,8.6743269156926,8.663203824895874,8.663203824895874,0.0,8.76114,0.0,TEST,0.0,1.0,0.4,False,1.0626423422788827,False,False,52.0,0.6,0.48673469187273927,False,0.75,0.0075,False,False,52.0,0.6,0.48673469187273927,False,0.7,0.01,False,False,52.0,0.6,0.48673469187273927,False,0.7,0.01
TJS_RUB,2026-08-05,8.77043,0.0,8.51268,-0.030278361221143,8.781452597833054,8.778714157763355,8.78494532863541,8.787139234133944,8.776137267383517,8.776137267383517,0.0,8.76114,0.0010592411090448,TEST,0.0,1.0,0.4,False,1.249364767228617,False,False,53.0,0.6,0.48673469187273927,False,0.75,0.0075,False,False,53.0,0.6,0.48673469187273927,False,0.7,0.01,False,False,53.0,0.6,0.48673469187273927,False,0.7,0.01
TJS_RUB,2026-08-06,8.76114,0.011111111111111,8.58517,-0.0204969732690208,8.767790352430984,8.766350643362609,8.768507509444564,8.77225568940379,8.766841222011283,8.766350643362609,0.0,8.80312,0.0,TEST,0.050000000000000044,1.0,0.43000000000000005,False,0.9832997770906737,False,False,54.0,0.6,0.46,False,0.75,0.0075,False,False,54.0,0.6,0.46,False,0.7,0.01,False,False,54.0,0.6,0.46,False,0.7,0.01
TJS_RUB,2026-08-07,8.80312,0.0,8.59216,-0.0245526154075343,8.814737193615718,8.811348892285556,8.818428054251422,8.818698417556591,8.808848540065789,8.808848540065789,0.0,8.88517,0.0,TEST,0.0,1.0,0.4,False,1.0587653699575763,False,False,55.0,0.6,0.46,False,0.75,0.0075,False,False,55.0,0.6,0.46,False,0.7,0.01,False,False,55.0,0.6,0.46,False,0.7,0.01
TJS_RUB,2026-08-08,8.88517,0.0,8.59216,-0.0341020185843839,8.897449735209616,8.893788636549742,8.900319221020908,8.902097834308,8.890951933261883,8.890951933261883,0.0,8.90205,0.0,TEST,0.0,1.0,0.4,False,1.1566019009810296,False,False,56.0,0.6,0.44200000000000006,False,0.75,0.0075,False,False,56.0,0.6,0.44200000000000006,False,0.7,0.01,False,False,56.0,0.6,0.44200000000000006,False,0.7,0.01
TJS_RUB,2026-08-11,8.9271,0.0,8.65757,-0.0311322923175902,8.93960345372419,8.93553214127121,8.940098447315478,8.94354420119946,8.932909218779399,8.932909218779399,0.0,8.90205,0.0028060624390899,TEST,0.0,1.0,0.4,False,1.0691925609333468,False,False,57.0,0.6,0.43000000000000005,False,0.75,0.0075,False,False,57.0,0.6,0.43000000000000005,False,0.7,0.01,False,False,57.0,0.6,0.43000000000000005,False,0.7,0.01
TJS_RUB,2026-08-12,8.90205,0.011111111111111,8.76114,-0.0160835233770947,8.908605383468693,8.90545599760577,8.90981369386971,8.914523405287536,8.910780560125003,8.90545599760577,0.0,8.96991,0.0,TEST,0.050000000000000044,1.0,0.43000000000000005,False,0.9547556261965823,False,False,58.0,0.6,0.43000000000000005,False,0.75,0.0075,False,False,58.0,0.6,0.43000000000000005,False,0.7,0.01,False,False,58.0,0.6,0.43000000000000005,False,0.7,0.01
TJS_RUB,2026-08-13,8.96991,0.0,8.76114,-0.0238290907347675,8.985027736030627,8.978637331629212,8.985976717790212,8.987386291791713,8.975747076947892,8.975747076947892,0.0,9.04757,0.0,TEST,0.0,1.0,0.4,False,1.0849253109563792,False,False,59.0,0.6,0.43000000000000005,False,0.75,0.0075,False,False,59.0,0.6,0.43000000000000005,False,0.7,0.01,False,False,59.0,0.6,0.43000000000000005,False,0.7,0.01
TJS_RUB,2026-08-14,9.04757,0.0,8.80312,-0.0277685638728087,9.058506249399825,9.056220445597784,9.062523469949308,9.065571355931628,9.053457613396503,9.053457613396503,0.0,9.00931,0.0042287597664346,TEST,0.0,1.0,0.4,False,1.1420003656975677,False,False,60.0,0.6,0.41200000000000003,False,0.75,0.0075,False,False,60.0,0.6,0.41200000000000003,False,0.7,0.01,False,False,60.0,0.6,0.41200000000000003,False,0.7,0.01
TJS_RUB,2026-08-15,9.12736,0.0,8.88517,-0.0272577789732778,9.14112728822188,9.135985202601628,9.140881436160614,9.143897439274705,9.133299535920772,9.133299535920772,0.0,8.97026,0.0172119868176559,TEST,0.0,1.0,0.4,False,1.1277539387728945,False,False,61.0,0.6,0.41200000000000003,False,0.75,0.0075,False,False,61.0,0.6,0.41200000000000003,False,0.7,0.01,False,False,61.0,0.6,0.41200000000000003,False,0.7,0.01
TJS_RUB,2026-08-18,9.18143,0.0,8.90205,-0.0313837823872031,9.19372371580556,9.18998540424838,9.196604708523578,9.197962208937112,9.187404721418796,9.187404721418796,0.0,8.97026,0.0229996852342174,TEST,0.0,1.0,0.4,False,1.0767658124511978,False,False,62.0,0.6,0.41200000000000003,False,0.75,0.0075,False,False,62.0,0.6,0.41200000000000003,False,0.7,0.01,False,False,62.0,0.6,0.41200000000000003,False,0.7,0.01
TJS_RUB,2026-08-19,9.19991,0.0,8.90205,-0.0334597087187782,9.212067534200642,9.2079436746145,9.212243403870044,9.216286302948111,9.205896747089287,9.205896747089287,0.0,8.97026,0.0249622007171808,TEST,0.0,1.0,0.4,False,1.0243664460325392,False,False,63.0,0.6,0.4,False,0.75,0.0075,False,False,63.0,0.6,0.4,False,0.7,0.01,False,False,63.0,0.6,0.4,False,0.7,0.01
TJS_RUB,2026-08-20,9.19611,0.011111111111111,8.96991,-0.0252176443241903,9.205562528719955,9.201915533080124,9.204037988956062,9.208554383070105,9.202094274278256,9.201915533080124,0.0,8.97026,0.0245592973550772,TEST,0.050000000000000044,1.0,0.43000000000000005,False,0.9951087656068992,False,False,64.0,0.6,0.4,False,0.75,0.0075,False,False,64.0,0.6,0.4,False,0.7,0.01,False,False,64.0,0.6,0.4,False,0.7,0.01
UZS_RUB,2025-07-12,0.00616459,0.9,0.00614948,-0.0024571183254519,0.0061610352934762,0.0061581575067346,0.006161375309294,0.0061593794721359,0.0061590052664839,0.0061581575067346,0.00104345840768,0.00610094,0.0103250986683624,TEST,0.85,0.895654159232,0.8682616636928,False,0.28005321676328226,True,False,16.0,0.6,0.6851950402292256,True,0.75,0.0075,True,False,16.0,0.6,0.6851950402292256,True,0.7,0.01,True,False,16.0,0.6,0.6851950402292256,True,0.7,0.01
UZS_RUB,2025-07-15,0.00621259,0.7111111111111111,0.00614948,-0.0102626563546836,0.0062159812214818,0.0062131982676268,0.0062109810514007,0.0062110762268124,0.0062100687258267,0.0062100687258267,0.0004058330218636,0.00610094,0.0179715706331819,TEST,0.55,0.95941669781364,0.713766679125456,False,0.5081250593937081,False,True,1.0,0.8,0.8529255410595807,False,0.75,0.0075,False,True,1.0,0.8,0.8529255410595807,False,0.7,0.01,False,True,1.0,0.8,0.8529255410595807,False,0.7,0.01
UZS_RUB,2025-07-16,0.00613887,0.9777777777777776,0.00614948,0.0017253491352113,0.0061296175868899,0.0061295388425584,0.0061364054642098,0.0061297724079665,0.0061326207504169,0.0061295388425584,0.0015200122240086,0.00610094,0.0061786615452029,TEST,1.0,0.84799877759914,0.939199511039656,False,0.1578447210871447,True,True,2.0,0.8,0.8258183020802553,False,0.75,0.0075,True,True,2.0,0.8,0.8258183020802553,False,0.7,0.01,True,True,2.0,0.8,0.8258183020802553,False,0.7,0.01
UZS_RUB,2025-07-17,0.00610094,1.0,0.00613887,0.0061786615452029,0.0060950280079792,0.0060943448035823,0.0060984906917423,0.0060920216004322,0.0060941026939968,0.0060920216004322,0.0014618074539005,0.00612819,0.0,TEST,1.0,0.85381925460995,0.94152770184398,True,-0.02237954955810978,True,True,3.0,0.8,0.8529255410595807,False,0.75,0.0075,True,True,3.0,0.8,0.8529255410595807,False,0.7,0.01,True,True,3.0,0.8,0.8529255410595807,False,0.7,0.01
UZS_RUB,2025-07-18,0.00612819,0.9666666666666668,0.00610094,-0.0044665248305999,0.0061317962660016,0.0061254434248732,0.0061253243558083,0.0061279986505348,0.0061267130551845,0.0061253243558083,0.0004676167337664,0.00617503,0.0,TEST,0.95,0.95323832662336,0.951295330649344,True,0.12664404889157593,True,False,4.0,0.8,0.8529255410595807,True,0.75,0.0075,True,False,4.0,0.8,0.8529255410595807,True,0.7,0.01,True,False,4.0,0.8,0.8529255410595807,True,0.7,0.01
UZS_RUB,2025-07-19,0.00618674,0.7444444444444445,0.00610094,-0.0140634066225859,0.0061829178562289,0.0061793893432992,0.0061855299204832,0.0061855709010593,0.0061843506985205,0.0061793893432992,0.0011881308574143,0.00617503,0.0018927577367078,TEST,0.6,0.88118691425857,0.712474765703428,False,0.39875447320723,False,True,1.0,0.8,0.8529255410595807,False,0.75,0.0075,False,True,1.0,0.8,0.8529255410595807,False,0.7,0.01,False,True,1.0,0.8,0.8529255410595807,False,0.7,0.01
UZS_RUB,2025-07-22,0.00622723,0.6222222222222222,0.00610094,-0.0207000888387691,0.0062274095147086,0.0062241089312609,0.0062259749786247,0.0062230085571926,0.0062247824287479,0.0062230085571926,0.0006779005765646,0.00617503,0.0083825392670578,TEST,0.4,0.93220994234354,0.612883976937416,False,0.5869312636519979,False,True,2.0,0.8,0.8529255410595807,False,0.75,0.0075,False,True,2.0,0.8,0.8529255410595807,False,0.7,0.01,False,True,2.0,0.8,0.8529255410595807,False,0.7,0.01
UZS_RUB,2025-07-23,0.00619575,0.7,0.00610094,-0.0155402282271256,0.006192895485679,0.0061907937802454,0.0061951823319642,0.0061894025600096,0.0061910227433337,0.0061894025600096,0.0010244829101237,0.00617503,0.003344227898156,TEST,0.55,0.89755170898763,0.6890206835950521,False,0.4406283403820233,False,True,3.0,0.8,0.8529255410595807,False,0.75,0.0075,False,True,3.0,0.8,0.8529255410595807,False,0.7,0.01,False,True,3.0,0.8,0.8529255410595807,False,0.7,0.01
UZS_RUB,2025-07-24,0.00617503,0.8111111111111111,0.00610094,-0.0121440302641887,0.0061745217394092,0.0061734997555777,0.0061736554838922,0.0061710005169049,0.006172010643337,0.0061710005169049,0.000652544699394,0.00617921,0.0,TEST,0.65,0.9347455300606,0.76389821202424,False,0.3443323883440992,False,False,4.0,0.8,0.8529255410595807,False,0.75,0.0075,False,False,4.0,0.8,0.8529255410595807,False,0.7,0.01,False,False,4.0,0.8,0.8529255410595807,False,0.7,0.01
UZS_RUB,2025-07-25,0.00617921,0.7666666666666666,0.00612819,-0.0083254598829343,0.0061828860586748,0.0061832543347406,0.006177834553455,0.0061792538045623,0.006176172539286,0.006176172539286,0.0004915613345395,0.00628702,0.0,TEST,0.55,0.95084386654605,0.7103375466184201,False,0.36375888832086334,False,False,5.0,0.8,0.8529255410595807,False,0.75,0.0075,False,False,5.0,0.8,0.8529255410595807,False,0.7,0.01,False,False,5.0,0.8,0.8529255410595807,False,0.7,0.01
UZS_RUB,2025-07-26,0.00628702,0.3888888888888888,0.00617503,-0.0181359442788132,0.0062943323790825,0.0062884931590726,0.006286903444467,0.0062917417751708,0.0062943276426034,0.006286903444467,1.8539074633186417e-05,0.0063249,0.0,TEST,0.0,0.9981460925366814,0.39925843701467256,False,0.8648045731282248,False,False,6.0,0.8,0.8529255410595807,False,0.75,0.0075,False,False,6.0,0.8,0.8529255410595807,False,0.7,0.01,False,False,6.0,0.8,0.8529255410595807,False,0.7,0.01
UZS_RUB,2025-07-29,0.0063249,0.3111111111111111,0.00617503,-0.0242703274316075,0.0063268914875367,0.0063269170493447,0.0063247827422069,0.0063318527145402,0.0063298334403218,0.0063247827422069,1.8539074625585625e-05,0.00626111,0.010085534949169,TEST,0.0,0.9981460925374415,0.3992584370149766,False,1.0408514198075933,False,False,7.0,0.7,0.7128623397300364,False,0.75,0.0075,False,False,7.0,0.7,0.7128623397300364,False,0.7,0.01,False,False,7.0,0.7,0.7128623397300364,False,0.7,0.01
UZS_RUB,2025-07-30,0.00657004,0.0444444444444444,0.00617503,-0.0639689199890527,0.0066073105521037,0.0065923786824364,0.0065699181975381,0.0065853874255983,0.0066000281804059,0.0065699181975381,1.8539074632784016e-05,0.00626111,0.047021022703058,TEST,0.0,0.9981460925367216,0.39925843701468866,False,2.0945704590105416,False,False,8.0,0.7,0.7128623397300364,False,0.75,0.0075,False,False,8.0,0.7,0.7128623397300364,False,0.7,0.01,False,False,8.0,0.7,0.7128623397300364,False,0.7,0.01
UZS_RUB,2025-07-31,0.00654677,0.0888888888888889,0.00617503,-0.0602005172444507,0.0065485244489938,0.0065435593615988,0.0065471456147071,0.0065498533179344,0.0065475323004635,0.0065435593615988,0.0004904156402622,0.00626111,0.0436337308321508,TEST,0.050000000000000044,0.95095843597378,0.41038337438951206,False,0.9503943722020898,False,False,9.0,0.7,0.7128623397300364,False,0.75,0.0075,False,False,9.0,0.7,0.7128623397300364,False,0.7,0.01,False,False,9.0,0.7,0.7128623397300364,False,0.7,0.01
UZS_RUB,2025-08-01,0.00637858,0.2555555555555555,0.00617921,-0.0322646422439114,0.0063685648086482,0.0063711803699095,0.0063766346557468,0.006374583313237,0.0063862422493942,0.0063685648086482,0.0015701286731216,0.00626111,0.0184163246365178,TEST,0.09999999999999998,0.84298713268784,0.397194853075136,False,0.5918567469622681,False,False,10.0,0.7,0.7128623397300364,False,0.75,0.0075,False,False,10.0,0.7,0.7128623397300364,False,0.7,0.01,False,False,10.0,0.7,0.7128623397300364,False,0.7,0.01
UZS_RUB,2025-08-02,0.00632889,0.3111111111111111,0.00628702,-0.0066597529513187,0.0063256972304498,0.0063274061433524,0.0063256230300233,0.0063189940030747,0.0063227767593916,0.0063189940030747,0.0015636228351733,0.00626111,0.0107096189063168,TEST,0.15000000000000002,0.84363771648267,0.4274550865930681,False,0.4859305052227674,False,False,11.0,0.7,0.7128623397300364,False,0.75,0.0075,False,False,11.0,0.7,0.7128623397300364,False,0.7,0.01,False,False,11.0,0.7,0.7128623397300364,False,0.7,0.01
UZS_RUB,2025-08-05,0.00626111,0.4333333333333333,0.0063249,0.010085534949169,0.0062536528424863,0.0062597370956307,0.0062576447833099,0.0062678080813212,0.0062667713153481,0.0062536528424863,0.0011910280307646,0.00628651,0.0,TEST,0.30000000000000004,0.88089719692354,0.532358878769416,False,0.34144105734385044,False,False,12.0,0.6,0.6975474288043992,False,0.75,0.0075,False,False,12.0,0.6,0.6975474288043992,False,0.7,0.01,False,False,12.0,0.6,0.6975474288043992,False,0.7,0.01
UZS_RUB,2025-08-06,0.00634238,0.2888888888888888,0.00626111,-0.0129801265270853,0.0063438452411333,0.0063403931055775,0.0063390836305724,0.0063488270672461,0.0063498030692892,0.0063390836305724,0.000519736980061,0.00628651,0.0088089959920407,TEST,0.15000000000000002,0.9480263019939,0.46921052079756004,False,0.5146876998507778,False,False,13.0,0.6,0.6975474288043992,False,0.75,0.0075,False,False,13.0,0.6,0.6975474288043992,False,0.7,0.01,False,False,13.0,0.6,0.6975474288043992,False,0.7,0.01
UZS_RUB,2025-08-07,0.00640256,0.1888888888888888,0.00626111,-0.0225918407438935,0.006402066351183,0.0064052209201632,0.0064006074852311,0.0064123515031204,0.0064043900091896,0.0064006074852311,0.0003049584492608,0.00628651,0.0181255622750898,TEST,0.09999999999999998,0.96950415507392,0.447801662029568,False,0.6429759113195477,False,False,14.0,0.6,0.6975474288043992,False,0.75,0.0075,False,False,14.0,0.6,0.6975474288043992,False,0.7,0.01,False,False,14.0,0.6,0.6975474288043992,False,0.7,0.01
UZS_RUB,2025-08-08,0.00634926,0.2555555555555555,0.00626111,-0.014078973217209,0.0063407328418414,0.006343628044314,0.0063473462046,0.0063493520989599,0.0063515984528541,0.0063407328418414,0.0013430160614936,0.00628651,0.0098830414882993,TEST,0.19999999999999996,0.86569839385064,0.46627935754025596,False,0.5293540822852265,False,False,15.0,0.6,0.6975474288043992,False,0.75,0.0075,False,False,15.0,0.6,0.6975474288043992,False,0.7,0.01,False,False,15.0,0.6,0.6975474288043992,False,0.7,0.01
UZS_RUB,2025-08-09,0.00633485,0.2888888888888888,0.00626111,-0.0117774643793193,0.0063382937933211,0.0063348748211338,0.0063331447471444,0.0063373478067626,0.006336771552898,0.0063331447471444,0.000269185987924,0.00628651,0.0076308042021515,TEST,0.30000000000000004,0.9730814012076,0.56923256048304,False,0.4986356853549357,False,False,16.0,0.6,0.6975474288043992,False,0.75,0.0075,False,False,16.0,0.6,0.6975474288043992,False,0.7,0.01,False,False,16.0,0.6,0.6975474288043992,False,0.7,0.01
UZS_RUB,2025-08-12,0.00628651,0.3777777777777777,0.00626111,-0.0040567886524913,0.0062783394922918,0.0062802948095759,0.0062830307256582,0.0062838185234645,0.0062844046035235,0.0062783394922918,0.0012996889702235,0.00634436,0.0,TEST,0.5,0.87003110297765,0.6480124411910599,False,0.39558729481986854,False,False,17.0,0.6,0.6433386596004704,False,0.75,0.0075,False,False,17.0,0.6,0.6433386596004704,False,0.7,0.01,False,False,17.0,0.6,0.6433386596004704,False,0.7,0.01
UZS_RUB,2025-08-13,0.00634436,0.2444444444444444,0.00628651,-0.0092022441704538,0.0063437941417619,0.0063428556507537,0.0063420471030223,0.0063513235473266,0.0063526890496884,0.0063420471030223,0.0003645595422864,0.00636009,0.0,TEST,0.25,0.96354404577136,0.5354176183085441,False,0.5189085482839485,False,False,18.0,0.6,0.6269353626388736,False,0.75,0.0075,False,False,18.0,0.6,0.6269353626388736,False,0.7,0.01,False,False,18.0,0.6,0.6269353626388736,False,0.7,0.01
UZS_RUB,2025-08-14,0.00636325,0.1999999999999999,0.00628651,-0.012207091056882,0.0063641666870541,0.0063648692994827,0.0063623524350309,0.0063754720416499,0.0063712974089149,0.0063623524350309,0.0001410544877381,0.00636009,0.0004966015793816,TEST,0.19999999999999996,0.98589455122619,0.514357820490476,False,0.5591771477296951,False,False,19.0,0.6,0.5866931270647905,False,0.75,0.0075,False,False,19.0,0.6,0.5866931270647905,False,0.7,0.01,False,False,19.0,0.6,0.5866931270647905,False,0.7,0.01
UZS_RUB,2025-08-15,0.00638237,0.1555555555555555,0.00628651,-0.015248524220911,0.0063836201992136,0.0063844467084678,0.006382000364788,0.0063975636141136,0.0063949809391656,0.006382000364788,5.791503971099306e-05,0.00636009,0.003490866245611,TEST,0.15000000000000002,0.9942084960289007,0.48768339841156033,False,0.5752630983365392,False,False,20.0,0.6,0.5489435951783425,False,0.75,0.0075,False,False,20.0,0.6,0.5489435951783425,False,0.7,0.01,False,False,20.0,0.6,0.5489435951783425,False,0.7,0.01
UZS_RUB,2025-08-16,0.00636009,0.2111111111111111,0.00628651,-0.0117044274168018,0.0063616898598178,0.0063605089125184,0.0063581409724829,0.0063634284939407,0.0063639282399237,0.0063581409724829,0.000306446530961,0.00639561,0.0,TEST,0.30000000000000004,0.9693553469039,0.5677421387615601,False,0.4684944684944679,False,False,21.0,0.6,0.5335823745850672,False,0.75,0.0075,False,False,21.0,0.6,0.5335823745850672,False,0.7,0.01,False,False,21.0,0.6,0.5335823745850672,False,0.7,0.01
UZS_RUB,2025-08-19,0.00640975,0.0999999999999999,0.00628651,-0.019603881963124,0.0064173734968645,0.0064169538733628,0.0064101177533148,0.0064253089260017,0.0064232215671527,0.0064101177533148,0.0,0.00639561,0.0022060142751276,TEST,0.09999999999999998,1.0,0.46,False,0.5942128047391197,False,False,22.0,0.6,0.5335823745850672,False,0.75,0.0075,False,False,22.0,0.6,0.5335823745850672,False,0.7,0.01,False,False,22.0,0.6,0.5335823745850672,False,0.7,0.01
UZS_RUB,2025-08-20,0.00642917,0.0777777777777777,0.00634436,-0.0133677786254246,0.0064274287375542,0.0064299195530215,0.0064290508091376,0.0064447976770581,0.0064408224708272,0.0064274287375542,0.0002708378291132,0.00639561,0.0052199584083169,TEST,0.09999999999999998,0.97291621708868,0.44916648683547206,False,0.6433761170603268,False,False,23.0,0.6,0.521558243802052,False,0.75,0.0075,False,False,23.0,0.6,0.521558243802052,False,0.7,0.01,False,False,23.0,0.6,0.521558243802052,False,0.7,0.01
UZS_RUB,2025-08-21,0.00639561,0.1111111111111111,0.00636009,-0.0055848266298119,0.0063920014260618,0.0063926045689323,0.0063944923107969,0.0063997893100387,0.0064026976738587,0.0063920014260618,0.0005642267020972,0.00643767,0.0,TEST,0.25,0.94357732979028,0.527430931916112,False,0.55841624262677,False,False,24.0,0.6,0.4983531672431266,False,0.75,0.0075,False,False,24.0,0.6,0.4983531672431266,False,0.7,0.01,False,False,24.0,0.6,0.4983531672431266,False,0.7,0.01
UZS_RUB,2025-08-22,0.00643767,0.0555555555555555,0.00636009,-0.0121979405951803,0.0064404927296889,0.0064406005470183,0.0064361707987706,0.0064511129223416,0.0064500710820108,0.0064361707987706,0.000232879478041,0.00646837,0.0,TEST,0.09999999999999998,0.9767120521959,0.45068482087836,False,0.6613105442263907,False,False,25.0,0.6,0.4983531672431266,False,0.75,0.0075,False,False,25.0,0.6,0.4983531672431266,False,0.7,0.01,False,False,25.0,0.6,0.4983531672431266,False,0.7,0.01
UZS_RUB,2025-08-23,0.00650485,0.0333333333333333,0.00636009,-0.0227606842041544,0.0065091763763685,0.0065108055216959,0.0065038759138989,0.0065224145445775,0.0065185620805856,0.0065038759138989,0.0001497476653727,0.0064356,0.0106459026726213,TEST,0.09999999999999998,0.98502523346273,0.454010093385092,False,0.7889813226297228,False,False,26.0,0.6,0.47659967184316016,False,0.75,0.0075,False,False,26.0,0.6,0.47659967184316016,False,0.7,0.01,False,False,26.0,0.6,0.47659967184316016,False,0.7,0.01
UZS_RUB,2025-08-26,0.00652939,0.0222222222222222,0.00639561,-0.0209174730791902,0.0065356392713534,0.0065392616166992,0.0065290351040422,0.0065500552334197,0.0065425365268888,0.0065290351040422,5.435361615714352e-05,0.0064356,0.0143642821151747,TEST,0.09999999999999998,0.9945646383842857,0.4578258553537143,False,0.8684167934483549,False,False,27.0,0.6,0.47659967184316016,False,0.75,0.0075,False,False,27.0,0.6,0.47659967184316016,False,0.7,0.01,False,False,27.0,0.6,0.47659967184316016,False,0.7,0.01
UZS_RUB,2025-08-27,0.00654381,0.0222222222222222,0.00639561,-0.0231721446429659,0.0065389940917415,0.0065444852387811,0.0065428300797299,0.0065614805149982,0.0065543167322528,0.0065389940917415,0.0007359486688182,0.0064356,0.0165362380631467,TEST,0.09999999999999998,0.92640513311818,0.430562053247272,False,0.9150940342472392,False,False,28.0,0.6,0.47659967184316016,False,0.75,0.0075,False,False,28.0,0.6,0.47659967184316016,False,0.7,0.01,False,False,28.0,0.6,0.47659967184316016,False,0.7,0.01
UZS_RUB,2025-08-28,0.00651108,0.0444444444444444,0.00639561,-0.0180545718078493,0.0065107625607205,0.0065106146788602,0.0065093273084978,0.0065153614690544,0.006515954707949,0.0065093273084978,0.0002691859879159,0.0064356,0.0115925468585856,TEST,0.15000000000000002,0.97308140120841,0.47923256048336405,False,0.8750612616397097,False,False,29.0,0.6,0.47659967184316016,False,0.75,0.0075,False,False,29.0,0.6,0.47659967184316016,False,0.7,0.01,False,False,29.0,0.6,0.47659967184316016,False,0.7,0.01
UZS_RUB,2025-08-29,0.00646837,0.0666666666666666,0.00643767,-0.0047688061053144,0.0064658357474382,0.0064668018884153,0.0064650310305143,0.0064708813612825,0.0064744930487343,0.0064650310305143,0.0005161995194616,0.0064356,0.0050661913279544,TEST,0.19999999999999996,0.94838004805384,0.49935201922153605,False,0.733144676335339,False,False,30.0,0.6,0.48261289565464255,False,0.75,0.0075,False,False,30.0,0.6,0.48261289565464255,False,0.7,0.01,False,False,30.0,0.6,0.48261289565464255,False,0.7,0.01
UZS_RUB,2025-08-30,0.0064356,0.0888888888888889,0.00646837,0.0050661913279544,0.0064372539607233,0.006436211580555,0.0064336278327053,0.0064403087575761,0.0064456707634116,0.0064336278327053,0.0003064465309683,0.00644317,0.0,TEST,0.30000000000000004,0.96935534690317,0.5677421387612681,False,0.6172267421294648,False,False,31.0,0.6,0.49235084673555063,False,0.75,0.0075,False,False,31.0,0.6,0.49235084673555063,False,0.7,0.01,False,False,31.0,0.6,0.49235084673555063,False,0.7,0.01
UZS_RUB,2025-09-02,0.00644317,0.0777777777777777,0.0064356,-0.0011762695009012,0.006447065547458,0.0064487752090112,0.0064410789962877,0.0064551273646772,0.0064558368222009,0.0064410789962877,0.0003245302719468,0.00646791,0.0,TEST,0.25,0.96754697280532,0.537018789122128,False,0.6440042447824544,False,False,32.0,0.6,0.505354339729112,False,0.75,0.0075,False,False,32.0,0.6,0.505354339729112,False,0.7,0.01,False,False,32.0,0.6,0.505354339729112,False,0.7,0.01
UZS_RUB,2025-09-03,0.00646791,0.0777777777777777,0.0064356,-0.0050205109080739,0.0064668874879082,0.0064694582548171,0.0064655520616908,0.0064848220106605,0.0064819970127958,0.0064655520616908,0.0003645595422941,0.00650805,0.0,TEST,0.25,0.9635440457705899,0.535417618308236,False,0.7050136027982915,False,False,33.0,0.6,0.505354339729112,False,0.75,0.0075,False,False,33.0,0.6,0.505354339729112,False,0.7,0.01,False,False,33.0,0.6,0.505354339729112,False,0.7,0.01
UZS_RUB,2025-09-04,0.00650805,0.0555555555555555,0.0064356,-0.0112576915905276,0.0065146612607506,0.0065148302327306,0.0065084233931839,0.0065257615657179,0.0065252547690371,0.0065084233931839,0.0,0.00655742,0.0,TEST,0.15000000000000002,1.0,0.49000000000000005,False,0.8610182666148456,False,False,34.0,0.6,0.5195870650607304,False,0.75,0.0075,False,False,34.0,0.6,0.5195870650607304,False,0.7,0.01,False,False,34.0,0.6,0.5195870650607304,False,0.7,0.01
UZS_RUB,2025-09-05,0.00656975,0.011111111111111,0.0064356,-0.0208449872583753,0.0065766263317369,0.0065826142947699,0.0065696282029145,0.0065919632388853,0.0065852409476459,0.0065696282029145,1.853907462227068e-05,0.00655742,0.0018767837436737,TEST,0.0,0.998146092537773,0.3992584370151092,False,1.1008161678973976,False,False,35.0,0.6,0.5195870650607304,False,0.75,0.0075,False,False,35.0,0.6,0.5195870650607304,False,0.7,0.01,False,False,35.0,0.6,0.5195870650607304,False,0.7,0.01
UZS_RUB,2025-09-06,0.00655742,0.0222222222222222,0.0064356,-0.018929081981478,0.0065644435115804,0.0065658301470605,0.0065578195821833,0.0065705447703869,0.0065689350520565,0.0065578195821833,0.0,0.00657624,0.0,TEST,0.050000000000000044,1.0,0.43000000000000005,False,0.9564680129925134,False,False,36.0,0.6,0.5195870650607304,False,0.75,0.0075,False,False,36.0,0.6,0.5195870650607304,False,0.7,0.01,False,False,36.0,0.6,0.5195870650607304,False,0.7,0.01
UZS_RUB,2025-09-09,0.00657624,0.0,0.00644317,-0.0206528773879937,0.0065873669740676,0.006590952773893,0.0065766407289967,0.0065980607027609,0.0065983119745223,0.0065766407289967,0.0,0.00668487,0.0,TEST,0.0,1.0,0.4,False,1.0229134303064527,False,False,37.0,0.6,0.505354339729112,False,0.75,0.0075,False,False,37.0,0.6,0.505354339729112,False,0.7,0.01,False,False,37.0,0.6,0.505354339729112,False,0.7,0.01
UZS_RUB,2025-09-10,0.00669184,0.0,0.00646791,-0.0346216938701991,0.0067079937621992,0.0067109992107098,0.0066922239379605,0.0067167466189926,0.006710862915531,0.0066922239379605,0.0,0.00668487,0.0010415670428462,TEST,0.0,1.0,0.4,False,1.498533724340179,False,False,38.0,0.6,0.49374080768861445,False,0.75,0.0075,False,False,38.0,0.6,0.49374080768861445,False,0.7,0.01,False,False,38.0,0.6,0.49374080768861445,False,0.7,0.01
UZS_RUB,2025-09-11,0.00687334,0.0,0.00650805,-0.0561289479951753,0.0068985192158535,0.0068923295747432,0.0068732125746368,0.0068879254755399,0.0068830988312133,0.0068732125746368,1.8539074627521895e-05,0.00668487,0.0274204389714462,TEST,0.0,0.9981460925372478,0.39925843701489916,False,1.5470987189148455,False,False,39.0,0.6,0.48861003904693623,False,0.75,0.0075,False,False,39.0,0.6,0.48861003904693623,False,0.7,0.01,False,False,39.0,0.6,0.48861003904693623,False,0.7,0.01
UZS_RUB,2025-09-12,0.00693032,0.0,0.00655742,-0.0568668775219523,0.0069351678501853,0.0069413947884218,0.0069301915182803,0.0069502265010117,0.006937160831821,0.0069301915182803,1.853907463147455e-05,0.00668487,0.0354168350090616,TEST,0.0,0.9981460925368525,0.399258437014741,False,1.1110180224062345,False,False,40.0,0.6,0.48261289565464255,False,0.75,0.0075,False,False,40.0,0.6,0.48261289565464255,False,0.7,0.01,False,False,40.0,0.6,0.48261289565464255,False,0.7,0.01
UZS_RUB,2025-09-13,0.00677894,0.0222222222222222,0.00655742,-0.0337815787306593,0.0067732069257382,0.0067735632294194,0.0067776780378562,0.0067809046454428,0.0067825619631899,0.0067732069257382,0.0008457183957668,0.00668487,0.0138768007977648,TEST,0.09999999999999998,0.91542816042332,0.426171264169328,False,0.7345281728425367,False,False,41.0,0.6,0.46769302419334563,False,0.75,0.0075,False,False,41.0,0.6,0.46769302419334563,False,0.7,0.01,False,False,41.0,0.6,0.46769302419334563,False,0.7,0.01
UZS_RUB,2025-09-16,0.00668487,0.0444444444444444,0.00657624,-0.0165185577168716,0.0066719376998436,0.0066766231316945,0.0066816585782935,0.0066772465758867,0.0066770548703333,0.0066719376998436,0.0019345627000076,0.00671029,0.0,TEST,0.19999999999999996,0.80654372999924,0.442617491999696,False,0.5409661311739066,False,False,42.0,0.6,0.45869551321222857,False,0.75,0.0075,False,False,42.0,0.6,0.45869551321222857,False,0.7,0.01,False,False,42.0,0.6,0.45869551321222857,False,0.7,0.01
UZS_RUB,2025-09-17,0.00671029,0.0333333333333333,0.00668487,-0.0038026169544059,0.006713376352692,0.0067123356866372,0.0067084597909067,0.0067099058508022,0.0067052715058163,0.0067052715058163,0.0007478803723385,0.00675601,0.0,TEST,0.15000000000000002,0.92521196276615,0.46008478510646006,False,0.5885059190963318,False,False,43.0,0.6,0.45553639817254094,False,0.75,0.0075,False,False,43.0,0.6,0.45553639817254094,False,0.7,0.01,False,False,43.0,0.6,0.45553639817254094,False,0.7,0.01
UZS_RUB,2025-09-18,0.00675601,0.0333333333333333,0.00668487,-0.010641942176886,0.0067599426390804,0.0067605288175081,0.0067531188443187,0.0067700275948854,0.0067663661137694,0.0067531188443187,0.0004279383365773,0.00678723,0.0,TEST,0.15000000000000002,0.95720616634227,0.472882466536908,False,0.6740102111424876,False,False,44.0,0.6,0.4587294272548126,False,0.75,0.0075,False,False,44.0,0.6,0.4587294272548126,False,0.7,0.01,False,False,44.0,0.6,0.4587294272548126,False,0.7,0.01
UZS_RUB,2025-09-19,0.00678723,0.0222222222222222,0.00668487,-0.0153121900650274,0.0067922717564488,0.0067921801053725,0.0067857833692606,0.0068045681112919,0.0067989785383414,0.0067857833692606,0.0002131400791486,0.00678785,0.0,TEST,0.09999999999999998,0.97868599208514,0.451474396834056,False,0.7107656856403621,False,False,45.0,0.6,0.4587294272548126,False,0.75,0.0075,False,False,45.0,0.6,0.4587294272548126,False,0.7,0.01,False,False,45.0,0.6,0.4587294272548126,False,0.7,0.01
UZS_RUB,2025-09-20,0.00678785,0.0222222222222222,0.00668487,-0.0154049368200129,0.0067922858736042,0.0067929661868224,0.0067864274077699,0.0067977222029009,0.0068025571162825,0.0067864274077699,0.0002095792084533,0.00680017,0.0,TEST,0.09999999999999998,0.97904207915467,0.451616831661868,False,0.7120189197930137,False,False,46.0,0.6,0.4587294272548126,False,0.75,0.0075,False,False,46.0,0.6,0.4587294272548126,False,0.7,0.01,False,False,46.0,0.6,0.4587294272548126,False,0.7,0.01
UZS_RUB,2025-09-23,0.0068032,0.0222222222222222,0.00668487,-0.0177011669636058,0.0068095134212534,0.0068129132653293,0.0068035903271347,0.006820387746349,0.0068152176978844,0.0068035903271347,0.0,0.00680017,0.0004453786453432,TEST,0.09999999999999998,1.0,0.46,False,0.7430465717981881,False,False,47.0,0.6,0.4587294272548126,False,0.75,0.0075,False,False,47.0,0.6,0.4587294272548126,False,0.7,0.01,False,False,47.0,0.6,0.4587294272548126,False,0.7,0.01
UZS_RUB,2025-09-24,0.00680017,0.0333333333333333,0.00671029,-0.0133943540443111,0.0067992217012741,0.006801348320748,0.0067990990934104,0.0068131834098332,0.0068096594706302,0.0067990990934104,0.0001574823261183,0.00682674,0.0,TEST,0.15000000000000002,0.98425176738817,0.48370070695526807,False,0.7369218952134546,False,False,48.0,0.6,0.46003391404258404,False,0.75,0.0075,False,False,48.0,0.6,0.46003391404258404,False,0.7,0.01,False,False,48.0,0.6,0.46003391404258404,False,0.7,0.01
UZS_RUB,2025-09-25,0.00690093,0.011111111111111,0.00675601,-0.0214505307126544,0.0069072319652712,0.0069094384665177,0.0069008020631437,0.0069229650073473,0.0069151897311964,0.0069008020631437,1.853907463208729e-05,0.00675326,0.021398565120933,TEST,0.050000000000000044,0.9981460925367913,0.42925843701471655,False,0.9405926584734804,False,False,49.0,0.6,0.46520385767863925,False,0.75,0.0075,False,False,49.0,0.6,0.46520385767863925,False,0.7,0.01,False,False,49.0,0.6,0.46520385767863925,False,0.7,0.01
UZS_RUB,2025-09-26,0.00684232,0.0333333333333333,0.00678723,-0.0081167132983558,0.0068344684089153,0.0068356140546271,0.0068396888581641,0.0068435103542646,0.0068484578315993,0.0068344684089153,0.0011475042214775,0.00670373,0.0202548258485426,TEST,0.15000000000000002,0.88524957785225,0.44409983114090007,False,0.8221216041397148,False,False,50.0,0.6,0.46003391404258404,False,0.75,0.0075,False,False,50.0,0.6,0.46003391404258404,False,0.7,0.01,False,False,50.0,0.6,0.46003391404258404,False,0.7,0.01
UZS_RUB,2025-09-27,0.00685359,0.0333333333333333,0.00678785,-0.009684951788858,0.0068546789479701,0.0068575598670803,0.0068525636908981,0.0068685377343955,0.0068641523718226,0.0068525636908981,0.0001497476653695,0.00670373,0.021865912609304,TEST,0.15000000000000002,0.98502523346305,0.48401009338522005,False,0.8449021668822759,False,False,51.0,0.6,0.4549700989971208,False,0.75,0.0075,False,False,51.0,0.6,0.4549700989971208,False,0.7,0.01,False,False,51.0,0.6,0.4549700989971208,False,0.7,0.01
UZS_RUB,2025-09-30,0.00682674,0.0555555555555555,0.00680017,-0.0039072552597949,0.0068183623660554,0.0068221156620485,0.0068238185762401,0.00683079165614,0.0068313647656284,0.0068183623660554,0.0012271792897635,0.00670373,0.0180188494068912,TEST,0.25,0.87728207102365,0.50091282840946,False,0.7873755516781284,False,False,52.0,0.6,0.4549700989971208,False,0.75,0.0075,False,False,52.0,0.6,0.4549700989971208,False,0.7,0.01,False,False,52.0,0.6,0.4549700989971208,False,0.7,0.01
UZS_RUB,2025-10-01,0.00684538,0.0444444444444444,0.00680017,-0.0066483632026845,0.0068444421923502,0.0068453991081133,0.0068418222028714,0.0068578492077414,0.0068558559801518,0.0068418222028714,0.0005197369800653,0.00670373,0.0206927884208035,TEST,0.19999999999999996,0.94802630199347,0.49921052079738804,False,0.8163102009039589,False,False,53.0,0.6,0.4549700989971208,False,0.75,0.0075,False,False,53.0,0.6,0.4549700989971208,False,0.7,0.01,False,False,53.0,0.6,0.4549700989971208,False,0.7,0.01
UZS_RUB,2025-10-02,0.00675326,0.1444444444444445,0.00682674,0.0107635562508606,0.0067379671889784,0.0067427872958026,0.0067483525718322,0.0067498800712012,0.0067570131040524,0.0067379671889784,0.0022645079593558,0.00670373,0.0073342356136147,TEST,0.65,0.7735492040644201,0.6994196816257681,False,0.5806948161129127,False,False,54.0,0.6,0.4549700989971208,False,0.75,0.0075,False,False,54.0,0.6,0.4549700989971208,False,0.7,0.01,False,False,54.0,0.6,0.4549700989971208,False,0.7,0.01
UZS_RUB,2025-10-03,0.00670373,0.1666666666666666,0.00675326,0.0073342356136147,0.0066936416684748,0.0066977908231979,0.0066989102705547,0.0067012559661229,0.0067093531276446,0.0066936416684748,0.0015048833299073,0.00674371,0.0,TEST,0.75,0.8495116670092699,0.789804666803708,False,0.3923572003218019,True,False,55.0,0.6,0.4549700989971208,True,0.75,0.0075,True,False,55.0,0.6,0.4549700989971208,True,0.7,0.01,True,False,55.0,0.6,0.4549700989971208,True,0.7,0.01
UZS_RUB,2025-10-04,0.0067685,0.1333333333333333,0.00670373,-0.0096617853045991,0.0067758866399567,0.0067759913373357,0.006765253056308,0.0067791178040013,0.0067815466640334,0.006765253056308,0.0004797139236168,0.00669696,0.0105695501218881,TEST,0.6,0.95202860763832,0.740811443055328,False,0.5660498793242164,False,True,1.0,0.8,0.48705017886765367,False,0.75,0.0075,False,True,1.0,0.8,0.48705017886765367,False,0.7,0.01,False,True,1.0,0.8,0.48705017886765367,False,0.7,0.01
UZS_RUB,2025-10-07,0.00688198,0.0222222222222222,0.00670373,-0.026589674703486,0.0068926796872906,0.0068981324602601,0.0068809494395619,0.0069051430938852,0.0068978178658036,0.0068809494395619,0.0001497476653667,0.0066597,0.0322988442279692,TEST,0.09999999999999998,0.98502523346333,0.45401009338533205,False,0.8634771802982378,False,True,2.0,0.8,0.49955098231980244,False,0.75,0.0075,False,True,2.0,0.8,0.49955098231980244,False,0.7,0.01,False,True,2.0,0.8,0.49955098231980244,False,0.7,0.01
UZS_RUB,2025-10-08,0.0068149,0.0888888888888889,0.00670373,-0.0165833051152119,0.0068018448491883,0.0068041392528048,0.0068107856247148,0.0068239139577615,0.0068193606290278,0.0068018448491883,0.0019156775318345,0.00658122,0.0342895713803577,TEST,0.4,0.80843224681655,0.56337289872662,False,0.5297616622530028,False,True,3.0,0.8,0.49955098231980244,False,0.75,0.0075,False,True,3.0,0.8,0.49955098231980244,False,0.7,0.01,False,True,3.0,0.8,0.49955098231980244,False,0.7,0.01
UZS_RUB,2025-10-09,0.00677382,0.1555555555555555,0.00670373,-0.0104553733518504,0.0067660488163259,0.0067694111987433,0.0067698583584646,0.0067788255107002,0.0067818152772883,0.0067660488163259,0.0011472379948241,0.00647011,0.0448358533294359,TEST,0.7,0.88527620051759,0.774110480207036,False,0.36239559991851633,False,False,4.0,0.8,0.5134048424728921,False,0.75,0.0075,True,False,4.0,0.8,0.5134048424728921,True,0.7,0.01,True,False,4.0,0.8,0.5134048424728921,True,0.7,0.01
UZS_RUB,2025-10-10,0.00674371,0.1999999999999999,0.00670373,-0.0059638440092307,0.006738924878495,0.0067414843143643,0.0067413617278725,0.0067464746789176,0.0067526933197675,0.006738924878495,0.0007095681019794,0.00646445,0.0414104402472822,TEST,0.85,0.92904318980206,0.8816172759208241,False,0.23972295783255254,True,False,5.0,0.8,0.5905822553064497,True,0.75,0.0075,True,True,1.0,0.8,0.5905822553064497,False,0.7,0.01,True,True,1.0,0.8,0.5905822553064497,False,0.7,0.01
UZS_RUB,2025-10-11,0.00669696,0.2333333333333332,0.00674371,0.0069323858825483,0.0066883543824296,0.0066891278691734,0.0066932322323941,0.006695286489719,0.0067071973934687,0.0066883543824296,0.0012850035792957,0.00646445,0.0347187380542813,TEST,0.95,0.87149964207043,0.9185998568281719,False,0.05595667870036175,True,True,1.0,0.8,0.7076980339116801,False,0.75,0.0075,True,True,2.0,0.8,0.7076980339116801,False,0.7,0.01,True,True,2.0,0.8,0.7076980339116801,False,0.7,0.01
UZS_RUB,2025-10-14,0.0066597,0.2666666666666667,0.00669696,0.0055637184633027,0.0066530060227276,0.006655020061178,0.0066559929726436,0.0066603332533086,0.0066686584226348,0.0066530060227276,0.0010051469694431,0.00646445,0.029318137453639,TEST,1.0,0.89948530305569,0.959794121222276,False,-0.1164954179394596,True,True,2.0,0.8,0.7474712504856696,False,0.75,0.0075,True,True,3.0,0.8,0.7474712504856696,False,0.7,0.01,True,True,3.0,0.8,0.7474712504856696,False,0.7,0.01
UZS_RUB,2025-10-15,0.00658122,0.2777777777777778,0.0066597,0.0117843146087662,0.0065707499139861,0.006572486662295,0.0065774376741273,0.0065806674965146,0.0065868792137533,0.0065707499139861,0.0015909035124033,0.00646445,0.0177429108888624,TEST,1.0,0.84090964875967,0.936363859503868,False,-0.32533267006591415,True,True,3.0,0.8,0.7772493175263704,False,0.75,0.0075,True,False,4.0,0.8,0.7772493175263704,True,0.7,0.01,True,False,4.0,0.8,0.7772493175263704,True,0.7,0.01
UZS_RUB,2025-10-16,0.00647011,0.4,0.00658122,0.0168828879751777,0.0064569262154659,0.0064621561645606,0.0064665085052226,0.0064639975760961,0.0064700674429379,0.0064569262154659,0.0020376445739098,0.00646445,0.0008747919278034,TEST,1.0,0.79623554260902,0.918494217043608,True,-0.3475337024178132,True,False,4.0,0.8,0.8081671886271313,True,0.75,0.0075,True,True,1.0,0.8,0.8081671886271313,False,0.7,0.01,True,True,1.0,0.8,0.8081671886271313,False,0.7,0.01
UZS_RUB,2025-10-17,0.00646445,0.4333333333333333,0.00647011,0.0008747919278034,0.0064651980449566,0.0064614334032157,0.0064605409481984,0.0064618864652494,0.0064633968887881,0.0064605409481984,0.0006046998277657,0.00665928,0.0,TEST,1.0,0.93953001722343,0.975812006889372,True,-0.013137737338099928,True,True,1.0,0.8,0.8889926641453809,False,0.75,0.0075,True,True,2.0,0.8,0.8889926641453809,False,0.7,0.01,True,True,2.0,0.8,0.8889926641453809,False,0.7,0.01
UZS_RUB,2025-10-18,0.00665928,0.2777777777777778,0.00646445,-0.0301386815583692,0.0066725604630285,0.0066748996700584,0.0066566459441355,0.0066668097020027,0.0066704994688321,0.0066566459441355,0.000395546645358,0.00667566,0.0,TEST,0.85,0.9604453354642,0.89417813418568,True,0.44636638563049813,True,True,2.0,0.8,0.9185153450005208,False,0.75,0.0075,True,True,3.0,0.8,0.9185153450005208,False,0.7,0.01,True,True,3.0,0.8,0.9185153450005208,False,0.7,0.01
UZS_RUB,2025-10-21,0.00671924,0.2111111111111111,0.00646445,-0.039414025941882,0.0067217537125451,0.006727767725111,0.0067178858200796,0.006728659213353,0.0067139497412029,0.0067139497412029,0.0007873299356921,0.00651832,0.0299021913192562,TEST,0.65,0.92126700643079,0.7585068025723161,False,0.5837380865102624,False,True,3.0,0.8,0.9185153450005208,False,0.75,0.0075,False,False,4.0,0.8,0.9185153450005208,False,0.7,0.01,False,False,4.0,0.8,0.9185153450005208,False,0.7,0.01
UZS_RUB,2025-10-22,0.00674515,0.1999999999999999,0.00646445,-0.0434221008747844,0.006751618910336,0.0067495952270454,0.00674518759291,0.0067558607368255,0.0067519748434577,0.00674518759291,0.0,0.00651832,0.033628607221485,TEST,0.55,1.0,0.73,False,0.6430993401759526,False,False,4.0,0.8,0.9185153450005208,False,0.75,0.0075,False,False,5.0,0.8,0.9185153450005208,False,0.7,0.01,False,False,5.0,0.8,0.9185153450005208,False,0.7,0.01
UZS_RUB,2025-10-23,0.00679833,0.1222222222222222,0.00646445,-0.0516486321342109,0.0068027672532956,0.0068052094051992,0.006798720047723,0.0068146153531328,0.0068125613904824,0.006798720047723,0.0,0.00651832,0.0411880564785763,TEST,0.35,1.0,0.61,False,0.7649376832844567,False,False,5.0,0.8,0.9185153450005208,False,0.75,0.0075,False,False,6.0,0.8,0.9185153450005208,False,0.7,0.01,False,False,6.0,0.8,0.9185153450005208,False,0.7,0.01
UZS_RUB,2025-10-24,0.00671573,0.2444444444444444,0.00646445,-0.0388710563156957,0.006706551301507,0.0067117456670828,0.0067127870401869,0.0067123576266564,0.0067106249982759,0.006706551301507,0.0013667462052524,0.00651832,0.0293951662738078,TEST,0.65,0.86332537947476,0.735330151789904,False,0.6018250185615392,False,False,6.0,0.8,0.9185153450005208,False,0.75,0.0075,False,False,7.0,0.7,0.8853855334002808,False,0.7,0.01,False,False,7.0,0.7,0.8853855334002808,False,0.7,0.01
UZS_RUB,2025-10-25,0.00667566,0.3111111111111111,0.00665928,-0.0024597253757162,0.006668541433307,0.006672178342491,0.0066719653502575,0.006675502911158,0.0066766779974547,0.006668541433307,0.0010663465025181,0.00651832,0.023569205142263,TEST,0.75,0.89336534974819,0.8073461398992761,False,0.5058558666443125,True,False,7.0,0.7,0.8853855334002808,False,0.75,0.0075,True,False,8.0,0.7,0.8853855334002808,False,0.7,0.01,True,False,8.0,0.7,0.8853855334002808,False,0.7,0.01
UZS_RUB,2025-10-28,0.00651832,0.4333333333333333,0.00667566,0.023569205142263,0.0065060648132678,0.0065100588016779,0.0065146916698113,0.0065255402392752,0.0065164216177398,0.0065060648132678,0.0018801143135347,0.00662016,0.0,TEST,0.9,0.81198856864653,0.864795427458612,True,0.12902066917347282,True,False,8.0,0.7,0.8853855334002808,False,0.75,0.0075,True,False,9.0,0.7,0.8853855334002808,False,0.7,0.01,True,False,9.0,0.7,0.8853855334002808,False,0.7,0.01
UZS_RUB,2025-10-29,0.00662195,0.3444444444444444,0.00651832,-0.0158982682654425,0.0066265120962048,0.0066295168887071,0.006618096868684,0.0066331754052125,0.0066264433352596,0.006618096868684,0.0005818726079175,0.00662016,0.0002703131252878,TEST,0.8,0.94181273920825,0.8567250956833,False,0.37721840346801333,True,False,9.0,0.7,0.8853855334002808,False,0.75,0.0075,True,False,10.0,0.7,0.8853855334002808,False,0.7,0.01,True,False,10.0,0.7,0.8853855334002808,False,0.7,0.01
UZS_RUB,2025-10-30,0.00662016,0.3555555555555555,0.00651832,-0.0156236576295732,0.0066114186411232,0.0066144425388572,0.0066163079102359,0.0066196962112282,0.0066208874793982,0.0066114186411232,0.0013204150468871,0.00671394,0.0,TEST,0.8,0.86795849531129,0.827183398124516,False,0.3729312863746313,True,False,10.0,0.7,0.8853855334002808,False,0.75,0.0075,True,False,11.0,0.7,0.8853855334002808,False,0.7,0.01,True,False,11.0,0.7,0.8853855334002808,False,0.7,0.01
UZS_RUB,2025-10-31,0.00671394,0.2555555555555555,0.00651832,-0.030010800328919,0.0067281771680618,0.0067248848878699,0.0067121612974124,0.0067200895373488,0.0067165436776889,0.0067121612974124,0.0002649267922561,0.00672637,0.0,TEST,0.44999999999999996,0.97350732077439,0.659402928309756,False,0.5975379014681572,False,False,11.0,0.7,0.8853855334002808,False,0.75,0.0075,False,False,12.0,0.6,0.8599532283934248,False,0.7,0.01,False,False,12.0,0.6,0.8599532283934248,False,0.7,0.01
UZS_RUB,2025-11-01,0.0067533,0.1999999999999999,0.00651832,-0.036049166042784,0.0067581635273696,0.0067580615789371,0.0067529088823623,0.0067676666457242,0.0067604108336482,0.0067529088823623,5.791503971399988e-05,0.00671736,0.0053218426547021,TEST,0.25,0.9942084960286001,0.5476833984114401,False,0.6918065767729268,False,False,12.0,0.6,0.8599532283934248,False,0.75,0.0075,False,False,13.0,0.6,0.8599532283934248,False,0.7,0.01,False,False,13.0,0.6,0.8599532283934248,False,0.7,0.01
UZS_RUB,2025-11-02,0.00672637,0.2444444444444444,0.00651832,-0.031917733403699,0.0067225166550787,0.006724057492174,0.0067267798773009,0.0067272152306642,0.0067313022675002,0.0067225166550787,0.0005728713884754,0.00671736,0.0013395040712894,TEST,0.35,0.94271286115246,0.587085144460984,False,0.6273082173736009,False,False,13.0,0.6,0.8599532283934248,False,0.75,0.0075,False,False,14.0,0.6,0.8599532283934248,False,0.7,0.01,False,False,14.0,0.6,0.8599532283934248,False,0.7,0.01
UZS_RUB,2025-11-06,0.00679366,0.1333333333333333,0.00662016,-0.02620782579273,0.0068009267570425,0.0068000718220565,0.0067935340518303,0.0068101153632161,0.0068090203805813,0.0067935340518303,1.853907462251538e-05,0.00671736,0.0112310595466949,TEST,0.09999999999999998,0.9981460925377484,0.4592584370150994,False,0.9393922100156951,False,False,14.0,0.6,0.8599532283934248,False,0.75,0.0075,False,False,15.0,0.6,0.8599532283934248,False,0.7,0.01,False,False,15.0,0.6,0.8599532283934248,False,0.7,0.01
UZS_RUB,2025-11-07,0.00679799,0.1333333333333333,0.00662016,-0.0268618885344161,0.0068009516916558,0.0068034123998749,0.0067978389932164,0.0068106759665363,0.0068111628007957,0.0067978389932164,2.221344597447792e-05,0.00671736,0.0118608588715193,TEST,0.050000000000000044,0.9977786554025522,0.4291114621610209,False,0.9989816700611006,False,False,15.0,0.6,0.8599532283934248,False,0.75,0.0075,False,False,16.0,0.6,0.8599532283934248,False,0.7,0.01,False,False,16.0,0.6,0.8599532283934248,False,0.7,0.01
UZS_RUB,2025-11-08,0.0067559,0.2222222222222222,0.00671394,-0.0062496834943415,0.0067508637714233,0.0067528644666292,0.0067540807172042,0.0067569322019942,0.0067591528455569,0.0067508637714233,0.000745456353217,0.00671736,0.0057046433487765,TEST,0.15000000000000002,0.9254543646783,0.46018174587132005,False,0.8729184138013645,False,False,16.0,0.6,0.8599532283934248,False,0.75,0.0075,False,False,17.0,0.6,0.8599532283934248,False,0.7,0.01,False,False,17.0,0.6,0.8599532283934248,False,0.7,0.01
UZS_RUB,2025-11-11,0.00671736,0.3,0.00672637,0.0013395040712894,0.0067113426883342,0.0067134174510636,0.0067136422713568,0.0067173316561062,0.006716367089408,0.0067113426883342,0.0008957851992152,0.00673226,0.0,TEST,0.4,0.91042148007848,0.604168592031392,False,0.757487720138973,False,False,17.0,0.6,0.8390000771480296,False,0.75,0.0075,False,False,18.0,0.6,0.8390000771480296,False,0.7,0.01,False,False,18.0,0.6,0.8390000771480296,False,0.7,0.01
UZS_RUB,2025-11-12,0.00677125,0.1999999999999999,0.00671736,-0.008022496933319,0.006777319335194,0.0067774354616043,0.006769669731492,0.0067854514419752,0.0067814814054238,0.006769669731492,0.0002333791409268,0.00673226,0.0057581687280782,TEST,0.15000000000000002,0.97666208590732,0.480664834362928,False,0.9188930154546554,False,False,18.0,0.6,0.815281043189372,False,0.75,0.0075,False,False,19.0,0.6,0.815281043189372,False,0.7,0.01,False,False,19.0,0.6,0.815281043189372,False,0.7,0.01
UZS_RUB,2025-11-13,0.00677942,0.1777777777777778,0.00671736,-0.0092387485559803,0.0067785119097324,0.0067794944334921,0.006777570935931,0.0067905428315119,0.0067881350326111,0.006777570935931,0.0002727466463207,0.00673226,0.0069563472981464,TEST,0.15000000000000002,0.97272533536793,0.47909013414717205,False,0.9433628848688164,False,False,19.0,0.6,0.7780425375031,False,0.75,0.0075,False,False,20.0,0.6,0.7780425375031,False,0.7,0.01,False,False,20.0,0.6,0.7780425375031,False,0.7,0.01
UZS_RUB,2025-11-14,0.00673226,0.3,0.00671736,-0.0022181333142782,0.0067242156695544,0.006725923093436,0.0067285340249391,0.006730555486764,0.0067333893810833,0.0067242156695544,0.0011948930144706,0.00673861,0.0,TEST,0.4,0.88051069855294,0.5922042794211759,False,0.8021145321672467,False,False,20.0,0.6,0.7446008121028689,False,0.75,0.0075,False,False,21.0,0.6,0.7446008121028689,False,0.7,0.01,False,False,21.0,0.6,0.7446008121028689,False,0.7,0.01
UZS_RUB,2025-11-15,0.00676904,0.2222222222222222,0.00671736,-0.0076934986363689,0.0067770517019458,0.0067787572877882,0.0067672178692803,0.0067837603755403,0.0067849674908935,0.0067672178692803,0.0002691859879243,0.00663255,0.0201638637088862,TEST,0.25,0.97308140120757,0.539232560483028,False,0.9122738708518019,False,False,21.0,0.6,0.7321320607159616,False,0.75,0.0075,False,False,22.0,0.6,0.7321320607159616,False,0.7,0.01,False,False,22.0,0.6,0.7321320607159616,False,0.7,0.01
UZS_RUB,2025-11-18,0.00673861,0.3111111111111111,0.00671736,-0.0031634451629806,0.0067344343418892,0.0067343631474817,0.006736544976342,0.0067389131364283,0.0067413311855554,0.0067343631474817,0.0006302267853904,0.0065924,0.0216973530149392,TEST,0.44999999999999996,0.93697732146096,0.644790928584384,False,0.7867219027891856,False,False,22.0,0.6,0.6876417569858536,False,0.75,0.0075,False,False,23.0,0.6,0.6876417569858536,False,0.7,0.01,False,False,23.0,0.6,0.6876417569858536,False,0.7,0.01
UZS_RUB,2025-11-19,0.00674898,0.2888888888888888,0.00673226,-0.0024835642117208,0.0067480015130509,0.0067497010328032,0.0067461701403828,0.0067550386015849,0.0067535929459266,0.0067461701403828,0.0004163384122044,0.00658654,0.0240688222516587,TEST,0.4,0.95836615877956,0.623346463511824,False,0.8237562944180561,False,False,23.0,0.6,0.6506357284745328,False,0.75,0.0075,False,False,24.0,0.6,0.6506357284745328,False,0.7,0.01,False,False,24.0,0.6,0.6506357284745328,False,0.7,0.01
UZS_RUB,2025-11-20,0.0067789,0.1999999999999999,0.00673226,-0.0069278370116424,0.0067767199999307,0.0067779632564907,0.0067764286873188,0.0067887356157151,0.0067872518288025,0.0067764286873188,0.0003645595422856,0.00658414,0.0287303249789789,TEST,0.19999999999999996,0.96354404577144,0.505417618308576,False,0.9306096210849614,False,False,24.0,0.6,0.631924249540848,False,0.75,0.0075,False,False,25.0,0.6,0.631924249540848,False,0.7,0.01,False,False,25.0,0.6,0.631924249540848,False,0.7,0.01
UZS_RUB,2025-11-21,0.00677798,0.2111111111111111,0.00673226,-0.006791181564586,0.0067720909054469,0.0067724960798389,0.0067764015475554,0.0067827521634954,0.0067837236367619,0.0067720909054469,0.0008688568796455,0.00658414,0.0285984909958425,TEST,0.25,0.91311431203545,0.5152457248141801,False,0.9273240241419959,False,False,25.0,0.6,0.6153385854047296,False,0.75,0.0075,False,False,26.0,0.6,0.6153385854047296,False,0.7,0.01,False,False,26.0,0.6,0.6153385854047296,False,0.7,0.01
UZS_RUB,2025-11-22,0.00663255,0.5111111111111111,0.00673861,0.0157391509524961,0.0066175968061743,0.0066217316889361,0.0066289464059819,0.0066258810479763,0.0066291528539228,0.0066175968061743,0.0022545165623629,0.00657254,0.0090478021273869,TEST,0.85,0.77454834376371,0.8198193375054841,False,0.40844566810884203,True,False,26.0,0.6,0.6118397406235647,True,0.75,0.0075,True,False,27.0,0.6,0.6118397406235647,True,0.7,0.01,True,False,27.0,0.6,0.6118397406235647,True,0.7,0.01
UZS_RUB,2025-11-25,0.0065924,0.5444444444444445,0.00663255,0.0060534786771302,0.006589815436729,0.0065883501432557,0.0065887304342321,0.0065841141734131,0.0065851413724511,0.0065841141734131,0.0012568755820186,0.00650725,0.0129163885686548,TEST,0.95,0.87431244179814,0.919724976719256,False,0.2648836128294053,True,True,1.0,0.8,0.8098407794205177,False,0.75,0.0075,True,True,1.0,0.8,0.8098407794205177,False,0.7,0.01,True,True,1.0,0.8,0.8098407794205177,False,0.7,0.01
UZS_RUB,2025-11-26,0.00658654,0.5555555555555556,0.0065924,0.0008889023724288,0.006582801342801,0.0065816754291572,0.0065825571203964,0.0065818482148966,0.0065828639837522,0.0065816754291572,0.0007385624080018,0.00650725,0.0120381869691826,TEST,0.95,0.9261437591998201,0.940457503679928,False,0.24393034647977935,True,True,2.0,0.8,0.8212921496292904,False,0.75,0.0075,True,True,2.0,0.8,0.8212921496292904,False,0.7,0.01,True,True,2.0,0.8,0.8212921496292904,False,0.7,0.01
UZS_RUB,2025-11-27,0.00658414,0.5666666666666667,0.00658654,0.0003643794769333,0.0065806620349897,0.0065799977892412,0.0065800395413163,0.0065773316863646,0.0065764792357743,0.0065764792357743,0.0011635178209606,0.00650725,0.0116780627386415,TEST,1.0,0.88364821790394,0.953459287161576,False,-0.011350200993144904,True,True,3.0,0.8,0.8212921496292904,False,0.75,0.0075,True,True,3.0,0.8,0.8212921496292904,False,0.7,0.01,True,True,3.0,0.8,0.8212921496292904,False,0.7,0.01
UZS_RUB,2025-11-28,0.00658584,0.5666666666666667,0.00658414,-0.0002581962108947,0.0065795929118271,0.0065766710216766,0.0065811340292603,0.0065775486124273,0.0065793009717777,0.0065766710216766,0.0013922260977187,0.00646141,0.0188935655892035,TEST,0.95,0.86077739022813,0.914310956091252,False,0.007949497311200874,True,False,4.0,0.8,0.8212921496292904,True,0.75,0.0075,True,False,4.0,0.8,0.8212921496292904,True,0.7,0.01,True,False,4.0,0.8,0.8212921496292904,True,0.7,0.01
UZS_RUB,2025-11-29,0.00657254,0.6111111111111112,0.00658414,0.0017618094390458,0.0065695823616635,0.0065676279106708,0.0065695854094114,0.0065651341752255,0.0065684550035218,0.0065651341752255,0.0011267827619915,0.00636063,0.0322417208567768,TEST,1.0,0.88732172380085,0.9549286895203399,False,-0.05424362871171193,True,True,1.0,0.8,0.8387176612226378,False,0.75,0.0075,True,True,1.0,0.8,0.8387176612226378,False,0.7,0.01,True,True,1.0,0.8,0.8387176612226378,False,0.7,0.01
UZS_RUB,2025-12-02,0.00650725,0.7222222222222222,0.00657254,0.0099337546823602,0.0064978185849689,0.0064994348167531,0.0065036278317694,0.0064962605384381,0.0065008445087049,0.0064962605384381,0.0016888027295555,0.00636063,0.0225317914633677,TEST,1.0,0.83111972704445,0.93244789081778,False,-0.28959858061654414,True,True,2.0,0.8,0.9153937602168528,False,0.75,0.0075,True,True,2.0,0.8,0.9153937602168528,False,0.7,0.01,True,True,2.0,0.8,0.9153937602168528,False,0.7,0.01
UZS_RUB,2025-12-03,0.00651193,0.7,0.00650725,-0.0007191978178185,0.0065094155938063,0.0065055796944934,0.0065072768423103,0.0065037396365236,0.0065027283577254,0.0065027283577254,0.0014130437941747,0.00636063,0.0232342792382596,TEST,0.95,0.85869562058253,0.9134782482330119,False,0.016096856297722905,True,True,3.0,0.8,0.9222695595389608,False,0.75,0.0075,True,True,3.0,0.8,0.9222695595389608,False,0.7,0.01,True,True,3.0,0.8,0.9222695595389608,False,0.7,0.01
UZS_RUB,2025-12-04,0.00656141,0.6444444444444444,0.00650725,-0.0083230243190287,0.0065636799340969,0.0065605208992201,0.0065573236970642,0.0065593929710892,0.0065581614692313,0.0065573236970642,0.0006227781735633,0.00636063,0.0306001301549514,TEST,0.9,0.93772218264367,0.915088873057468,False,0.18628327715484658,True,False,4.0,0.8,0.9222695595389608,False,0.75,0.0075,True,False,4.0,0.8,0.9222695595389608,False,0.7,0.01,True,False,4.0,0.8,0.9222695595389608,False,0.7,0.01
UZS_RUB,2025-12-05,0.00646141,0.8,0.00650725,0.0070444504206846,0.0064466973896882,0.006451897495227,0.0064578133479539,0.0064507722345157,0.0064557397190862,0.0064466973896882,0.00227699686474,0.00636063,0.0155972148493904,TEST,1.0,0.772300313526,0.9089201254104,False,-0.1576666437366722,True,False,5.0,0.8,0.9222695595389608,False,0.75,0.0075,True,False,5.0,0.8,0.9222695595389608,False,0.7,0.01,True,False,5.0,0.8,0.9222695595389608,False,0.7,0.01
UZS_RUB,2025-12-06,0.00636063,0.9111111111111112,0.00646141,0.0155972148493904,0.0063467653712634,0.0063500870268498,0.0063570894457086,0.006350437784036,0.0063550769766389,0.0063467653712634,0.0021797571524518,0.00640599,0.0,TEST,1.0,0.78202428475482,0.912809713901928,True,-0.3169082733247376,True,False,6.0,0.8,0.9222695595389608,False,0.75,0.0075,True,False,6.0,0.8,0.9222695595389608,False,0.7,0.01,True,False,6.0,0.8,0.9222695595389608,False,0.7,0.01
UZS_RUB,2025-12-09,0.00645923,0.8,0.00636063,-0.0155016091173358,0.0064645078911686,0.0064630131180555,0.0064554101132997,0.0064576199510458,0.0064615194077638,0.0064554101132997,0.0005913842207661,0.00640599,0.0082424685295305,TEST,0.95,0.94086157792339,0.946344631169356,False,0.23544019675732417,True,False,7.0,0.7,0.9145443311811168,True,0.75,0.0075,True,False,7.0,0.7,0.9145443311811168,True,0.7,0.01,True,False,7.0,0.7,0.9145443311811168,True,0.7,0.01
UZS_RUB,2025-12-10,0.00640599,0.8666666666666667,0.00636063,-0.0071313690624985,0.00639434972408,0.0063965734619723,0.0064024241967093,0.0063958810527318,0.0064007993007276,0.00639434972408,0.0018170924275561,0.00648993,0.0,TEST,0.95,0.81829075724439,0.897316302897756,True,0.10831204183481055,True,True,1.0,0.8,0.9340498133902096,False,0.75,0.0075,True,True,1.0,0.8,0.9340498133902096,False,0.7,0.01,True,True,1.0,0.8,0.9340498133902096,False,0.7,0.01
UZS_RUB,2025-12-11,0.00648993,0.7444444444444445,0.00636063,-0.0203281750392649,0.0064998026352603,0.006498759717955,0.0064880761354114,0.0065045220769124,0.0065081724847978,0.0064880761354114,0.0002856524783163,0.00656146,0.0,TEST,0.8,0.97143475216837,0.8685739008673481,False,0.30874662718784973,True,True,2.0,0.8,0.9340498133902096,False,0.75,0.0075,True,True,2.0,0.8,0.9340498133902096,False,0.7,0.01,True,True,2.0,0.8,0.9340498133902096,False,0.7,0.01
UZS_RUB,2025-12-12,0.00660015,0.5444444444444445,0.00636063,-0.0376566472189075,0.0066073245011892,0.0066110788437572,0.0066003061795934,0.0066056888711555,0.0066107133625609,0.0066003061795934,0.0,0.00656146,0.0058619879851215,TEST,0.35,1.0,0.61,False,0.5726444641021349,False,True,3.0,0.8,0.9340498133902096,False,0.75,0.0075,False,True,3.0,0.8,0.9340498133902096,False,0.7,0.01,False,True,3.0,0.8,0.9340498133902096,False,0.7,0.01
UZS_RUB,2025-12-13,0.00661796,0.5444444444444445,0.00636063,-0.0404566843221504,0.0066267583588283,0.0066199552622961,0.0066181166010321,0.0066255789437498,0.006623827067332,0.0066181166010321,0.0,0.00656146,0.0085373740548447,TEST,0.30000000000000004,1.0,0.5800000000000001,False,0.6152246156788677,False,False,4.0,0.8,0.9340498133902096,False,0.75,0.0075,False,False,4.0,0.8,0.9340498133902096,False,0.7,0.01,False,False,4.0,0.8,0.9340498133902096,False,0.7,0.01
UZS_RUB,2025-12-16,0.0065672,0.6555555555555556,0.00640599,-0.0251655091562739,0.0065622782603083,0.0065591748779938,0.0065657327374481,0.0065608305632347,0.0065600630999035,0.0065591748779938,0.0012220005491228,0.00656146,0.0008740406870507,TEST,0.6,0.87779994508772,0.711119978035088,False,0.4938675974848773,False,False,5.0,0.8,0.9340498133902096,False,0.75,0.0075,False,False,5.0,0.8,0.9340498133902096,False,0.7,0.01,False,False,5.0,0.8,0.9340498133902096,False,0.7,0.01
UZS_RUB,2025-12-17,0.00656146,0.6666666666666667,0.00640599,-0.0242694727903102,0.0065631331393017,0.0065595180525012,0.0065602055400771,0.0065591415719767,0.006556363400726,0.006556363400726,0.0007767477473001,0.00652032,0.0062699460181118,TEST,0.6,0.9223252252699901,0.728930090107996,False,0.4801444043321297,False,False,6.0,0.8,0.9340498133902096,False,0.75,0.0075,False,False,6.0,0.8,0.9340498133902096,False,0.7,0.01,False,False,6.0,0.8,0.9340498133902096,False,0.7,0.01
UZS_RUB,2025-12-18,0.00666519,0.4888888888888889,0.00648993,-0.0270049137664042,0.0066710887715367,0.0066666759305075,0.0066650664335452,0.0066714710691676,0.0066695418523472,0.0066650664335452,1.853907462503596e-05,0.00649978,0.0248169969648276,TEST,0.09999999999999998,0.9981460925374964,0.4592584370149986,False,0.7281421091639363,False,False,7.0,0.7,0.9164797041560044,False,0.75,0.0075,False,False,7.0,0.7,0.9164797041560044,False,0.7,0.01,False,False,7.0,0.7,0.9164797041560044,False,0.7,0.01
UZS_RUB,2025-12-19,0.00665719,0.5222222222222221,0.00656146,-0.0145897406979544,0.0066541677318642,0.0066527484828367,0.0066575719499497,0.0066533889808125,0.0066547599728568,0.0066527484828367,0.0006671759651294,0.0064482,0.0313931253276532,TEST,0.09999999999999998,0.93328240348706,0.43331296139482406,False,0.7105786510123401,False,False,8.0,0.7,0.9164797041560044,False,0.75,0.0075,False,False,8.0,0.7,0.9164797041560044,False,0.7,0.01,False,False,8.0,0.7,0.9164797041560044,False,0.7,0.01
UZS_RUB,2025-12-20,0.006729,0.3666666666666667,0.00656146,-0.0255339512852322,0.0067371085493468,0.006735100723396,0.0067293860699802,0.0067349864843952,0.00673466946751,0.0067293860699802,0.0,0.00644358,0.0424164065983058,TEST,0.0,1.0,0.4,False,1.2095153664302605,False,False,9.0,0.7,0.9164797041560044,False,0.75,0.0075,False,False,9.0,0.7,0.9164797041560044,False,0.7,0.01,False,False,9.0,0.7,0.9164797041560044,False,0.7,0.01
UZS_RUB,2025-12-23,0.00661168,0.5888888888888889,0.00656146,-0.0076537843711613,0.0065986293564796,0.0066013768472099,0.006608243517844,0.0066027083311578,0.0066081021481743,0.0065986293564796,0.0019738770661011,0.00644029,0.0259223071897005,TEST,0.19999999999999996,0.80261229338989,0.44104491735595597,False,0.6815158671987409,False,False,10.0,0.7,0.9164797041560044,False,0.75,0.0075,False,False,10.0,0.7,0.9164797041560044,False,0.7,0.01,False,False,10.0,0.7,0.9164797041560044,False,0.7,0.01
UZS_RUB,2025-12-24,0.00652032,0.7666666666666666,0.00656146,0.0062699460181118,0.0065093586096947,0.0065133071615302,0.0065156997079536,0.0065133269654531,0.0065145448966,0.0065093586096947,0.0016811123235208,0.00644029,0.0122739374754612,TEST,0.65,0.83188876764792,0.722755507059168,False,0.4335043570323309,False,False,11.0,0.7,0.9145443311811168,False,0.75,0.0075,False,False,11.0,0.7,0.9145443311811168,False,0.7,0.01,False,False,11.0,0.7,0.9145443311811168,False,0.7,0.01
UZS_RUB,2025-12-25,0.00649978,0.8444444444444444,0.00652032,0.0031501521397721,0.0064952877397845,0.0064939336444338,0.0064967121108265,0.0064959060259549,0.0064958901149825,0.0064939336444338,0.0008994697614688,0.00644029,0.0091526174732067,TEST,0.75,0.91005302385312,0.814021209541248,False,0.37774520183511223,True,False,12.0,0.6,0.9104759608070112,False,0.75,0.0075,True,False,12.0,0.6,0.9104759608070112,False,0.7,0.01,True,False,12.0,0.6,0.9104759608070112,False,0.7,0.01
UZS_RUB,2025-12-26,0.0064482,0.9333333333333332,0.00649978,0.0079356532067238,0.0064344095987024,0.0064387128590487,0.006444494122717,0.0064376588326703,0.0064429339051355,0.0064344095987024,0.0021386435435626,0.00644029,0.0012266989237306,TEST,0.9,0.78613564564374,0.8544542582574961,True,0.23772294160762386,True,False,13.0,0.6,0.9019578319028136,False,0.75,0.0075,True,False,13.0,0.6,0.9019578319028136,False,0.7,0.01,True,False,13.0,0.6,0.9019578319028136,False,0.7,0.01
UZS_RUB,2025-12-27,0.00644358,0.9444444444444444,0.0064482,0.0007164790174002,0.0064396434663123,0.0064354893512411,0.0064395670790164,0.0064336896840929,0.00643791565681,0.0064336896840929,0.0015349100821438,0.00644029,0.0005105857302927,TEST,0.9,0.84650899178562,0.878603596714248,True,0.22518120368108174,True,False,14.0,0.6,0.8800708616795112,False,0.75,0.0075,True,False,14.0,0.6,0.8800708616795112,False,0.7,0.01,True,False,14.0,0.6,0.8800708616795112,False,0.7,0.01
UZS_RUB,2025-12-30,0.00644029,0.9666666666666668,0.00644358,0.0005105857302927,0.006434819592667,0.006432211966186,0.0064362791279566,0.0064331742085822,0.0064343645102824,0.006432211966186,0.001254296594408,0.00651212,0.0,TEST,0.9,0.8745703405592,0.8898281362236801,True,0.21624996606672783,True,False,15.0,0.6,0.872585779206108,True,0.75,0.0075,True,False,15.0,0.6,0.872585779206108,True,0.7,0.01,True,False,15.0,0.6,0.872585779206108,True,0.7,0.01
UZS_RUB,2025-12-31,0.0065165,0.7888888888888889,0.00644029,-0.0118333180648696,0.0065201354671247,0.0065178211672389,0.0065157850761331,0.0065111802228738,0.0065131695804001,0.0065111802228738,0.0008163549645054,0.00650628,0.0015683265556663,TEST,0.5,0.91836450354946,0.667345801419784,False,0.42313434861687943,False,True,1.0,0.8,0.9096980431087056,False,0.75,0.0075,False,True,1.0,0.8,0.9096980431087056,False,0.7,0.01,False,True,1.0,0.8,0.9096980431087056,False,0.7,0.01
UZS_RUB,2026-01-13,0.00651212,0.7888888888888889,0.00644029,-0.0111532244665999,0.0065132371541114,0.0065087857195974,0.0065115233454595,0.0065096908526341,0.0065080747284648,0.0065080747284648,0.0006211911843147,0.00645208,0.0092197318231236,TEST,0.55,0.93788088156853,0.705152352627412,False,0.41124412954366496,False,True,2.0,0.8,0.8996370674002848,False,0.75,0.0075,False,True,2.0,0.8,0.8996370674002848,False,0.7,0.01,False,True,2.0,0.8,0.8996370674002848,False,0.7,0.01
UZS_RUB,2026-01-14,0.00654486,0.7444444444444445,0.00644029,-0.01623684647741,0.0065488668766934,0.0065450831821637,0.0065448964766288,0.0065392203438386,0.0065439313706076,0.0065392203438386,0.0008616924061629,0.00644602,0.0151019273139531,TEST,0.4,0.9138307593837101,0.6055323037534841,False,0.5001221597849981,False,True,3.0,0.8,0.8913257695584953,False,0.75,0.0075,False,True,3.0,0.8,0.8913257695584953,False,0.7,0.01,False,True,3.0,0.8,0.8913257695584953,False,0.7,0.01
UZS_RUB,2026-01-15,0.00654666,0.7444444444444445,0.00644029,-0.0165163369972469,0.0065430304543025,0.0065418363812627,0.0065461521664041,0.0065393715135431,0.0065410135901919,0.0065393715135431,0.0011133137289702,0.00639461,0.0232255837327736,TEST,0.4,0.88866862710298,0.595467450841192,False,0.5050085511849508,False,False,4.0,0.8,0.8808485046161345,False,0.75,0.0075,False,False,4.0,0.8,0.8808485046161345,False,0.7,0.01,False,False,4.0,0.8,0.8808485046161345,False,0.7,0.01
UZS_RUB,2026-01-16,0.00656059,0.7333333333333334,0.00644029,-0.018679283075762,0.006557601817079,0.0065551673932394,0.0065606265642972,0.0065551887074281,0.0065556023182281,0.0065551673932394,0.0008265425458075,0.00626503,0.045050826221422,TEST,0.4,0.91734574541925,0.6069382981677001,False,0.47862295284975637,False,False,5.0,0.8,0.8705798400367281,False,0.75,0.0075,False,False,5.0,0.8,0.8705798400367281,False,0.7,0.01,False,False,5.0,0.8,0.8705798400367281,False,0.7,0.01
UZS_RUB,2026-01-17,0.00650628,0.8555555555555556,0.00651212,0.0008967893712032,0.0064957249961503,0.0064951929092545,0.0065012803922596,0.0064958291643345,0.006500520804384,0.0064951929092545,0.0017040598845268,0.00626503,0.0370795600558228,TEST,0.7,0.8295940115473199,0.7518376046189279,False,0.3104857434754329,False,False,6.0,0.8,0.8572781867794665,False,0.75,0.0075,True,False,6.0,0.8,0.8572781867794665,False,0.7,0.01,True,False,6.0,0.8,0.8572781867794665,False,0.7,0.01
UZS_RUB,2026-01-20,0.00645208,0.9444444444444444,0.00650628,0.0083304130778263,0.0064434707524233,0.0064433218713962,0.0064484885413658,0.0064421868656662,0.0064466026157025,0.0064421868656662,0.0015333248090227,0.00626503,0.0289906510768619,TEST,0.85,0.84666751909773,0.8486670076390921,False,0.04083682588063939,True,False,7.0,0.7,0.7358023444612756,True,0.75,0.0075,True,False,7.0,0.7,0.7358023444612756,True,0.7,0.01,True,False,7.0,0.7,0.7358023444612756,True,0.7,0.01
UZS_RUB,2026-01-21,0.00644602,0.9555555555555556,0.00645208,0.0009392319996031,0.0064454293268628,0.0064393914586554,0.0064421220928162,0.0064405468525503,0.0064426643887181,0.0064393914586554,0.0010283153549942,0.00626503,0.0280777906367029,TEST,0.9,0.89716846450058,0.8988673858002321,False,0.019846905198987953,True,True,1.0,0.8,0.8209503691608169,False,0.75,0.0075,True,True,1.0,0.8,0.8209503691608169,False,0.7,0.01,True,True,1.0,0.8,0.8209503691608169,False,0.7,0.01
UZS_RUB,2026-01-22,0.00639461,0.9888888888888888,0.00644602,0.0079754639296806,0.0063847909991724,0.0063838462272701,0.0063910505312246,0.0063844879915654,0.0063885596486387,0.0063838462272701,0.0016832571071418,0.00626503,0.0202639410378427,TEST,1.0,0.83167428928582,0.932669715714328,False,-0.15822105226698177,True,True,2.0,0.8,0.8498244577627729,False,0.75,0.0075,True,True,2.0,0.8,0.8498244577627729,False,0.7,0.01,True,True,2.0,0.8,0.8498244577627729,False,0.7,0.01
UZS_RUB,2026-01-23,0.00626503,1.0,0.00639461,0.0202639410378427,0.0062498766973991,0.006252450301035,0.0062614293932641,0.0062553148517123,0.0062584468852914,0.0062498766973991,0.0024187118977723,0.00623203,0.0052673331173194,TEST,1.0,0.75812881022277,0.903251524089108,False,-0.38751158826519927,True,True,3.0,0.8,0.8592841259488465,False,0.75,0.0075,True,True,3.0,0.8,0.8592841259488465,False,0.7,0.01,True,True,3.0,0.8,0.8592841259488465,False,0.7,0.01
UZS_RUB,2026-01-24,0.00628257,0.9888888888888888,0.00626503,-0.0027996673599328,0.0062839843475452,0.0062781097375459,0.0062786573525301,0.0062754334173894,0.0062754420280823,0.0062754334173894,0.0011359336403096,0.00619482,0.0139672140541211,TEST,0.95,0.88640663596904,0.924562654387616,False,0.03780416837295503,True,False,4.0,0.8,0.8808485046161345,True,0.75,0.0075,True,False,4.0,0.8,0.8808485046161345,True,0.7,0.01,True,False,4.0,0.8,0.8808485046161345,True,0.7,0.01
UZS_RUB,2026-01-27,0.0062828,0.9777777777777776,0.00626503,-0.0028363790755989,0.0062794200794611,0.0062740126775095,0.0062790007919221,0.0062772138801281,0.0062794421106467,0.0062740126775095,0.0013986315799484,0.00619482,0.0140033106258355,TEST,0.9,0.86013684200516,0.8840547368020641,False,0.038299890079098745,True,True,1.0,0.8,0.8916359861389904,False,0.75,0.0075,True,True,1.0,0.8,0.8916359861389904,False,0.7,0.01,True,True,1.0,0.8,0.8916359861389904,False,0.7,0.01
UZS_RUB,2026-01-28,0.00631199,0.9666666666666668,0.00626503,-0.0074955746421006,0.006312444121194,0.0063069052101389,0.0063092449259187,0.0063098332127867,0.0063111711742343,0.0063069052101389,0.0008055763493129,0.00619482,0.0185630839085612,TEST,0.85,0.91944236506871,0.877776946027484,False,0.10121344052417097,True,True,2.0,0.8,0.8916359861389904,False,0.75,0.0075,True,True,2.0,0.8,0.8916359861389904,False,0.7,0.01,True,True,2.0,0.8,0.8916359861389904,False,0.7,0.01
UZS_RUB,2026-01-29,0.00626726,0.9888888888888888,0.00626503,-0.0003559440258067,0.0062589070906201,0.0062580086343132,0.0062637714187922,0.0062573401304056,0.0062590949899497,0.0062573401304056,0.0015828080523866,0.00619482,0.0115584801013521,TEST,0.95,0.84171919476134,0.906687677904536,False,0.004806345237838158,True,True,3.0,0.8,0.8916359861389904,False,0.75,0.0075,True,True,3.0,0.8,0.8916359861389904,False,0.7,0.01,True,True,3.0,0.8,0.8916359861389904,False,0.7,0.01
UZS_RUB,2026-01-30,0.00623203,1.0,0.00626503,0.0052673331173194,0.0062252912281734,0.0062238167955729,0.0062302463020307,0.0062235045169911,0.0062264423828486,0.0062235045169911,0.0013680105854594,0.00619482,0.0059707671497088,TEST,1.0,0.86319894145406,0.945279576581624,False,-0.09519688446559955,True,False,4.0,0.8,0.8997442134580073,True,0.75,0.0075,True,False,4.0,0.8,0.8997442134580073,True,0.7,0.01,True,False,4.0,0.8,0.8997442134580073,True,0.7,0.01
UZS_RUB,2026-01-31,0.00619482,1.0,0.00623203,0.0059707671497088,0.0061872212201254,0.0061866367419432,0.0061923330022946,0.0061863801590039,0.006189896172487,0.0061863801590039,0.0013624029424744,0.00623416,0.0,TEST,1.0,0.86375970575256,0.945503882301024,True,-0.11325176527879309,True,True,1.0,0.8,0.9039387548521937,False,0.75,0.0075,True,True,1.0,0.8,0.9039387548521937,False,0.7,0.01,True,True,1.0,0.8,0.9039387548521937,False,0.7,0.01
UZS_RUB,2026-02-03,0.00629156,0.9333333333333332,0.00619482,-0.0156162729506264,0.0062990130040976,0.0062966468502027,0.0062895405826722,0.006293230793676,0.0062930239598053,0.0062895405826722,0.0003209724341498,0.00623416,0.0091233334816802,TEST,0.7,0.96790275658502,0.807161102634008,False,0.2644831451458561,False,True,2.0,0.8,0.910262673201152,False,0.75,0.0075,True,True,2.0,0.8,0.910262673201152,False,0.7,0.01,True,True,2.0,0.8,0.910262673201152,False,0.7,0.01
UZS_RUB,2026-02-04,0.00627992,0.9555555555555556,0.00619482,-0.0137372837306006,0.0062746639659226,0.0062724698555117,0.0062780498902383,0.0062745576597274,0.0062750050472376,0.0062724698555117,0.0011863438528356,0.00623416,0.0072867170282423,TEST,0.8,0.88136561471644,0.832546245886576,False,0.232659868223199,True,True,3.0,0.8,0.910262673201152,False,0.75,0.0075,True,True,3.0,0.8,0.910262673201152,False,0.7,0.01,True,True,3.0,0.8,0.910262673201152,False,0.7,0.01
UZS_RUB,2026-02-05,0.00627031,0.9555555555555556,0.00619482,-0.0121859876477444,0.0062681268456432,0.006264418047438,0.0062685561457139,0.0062646206290744,0.00626776123751,0.006264418047438,0.0009396588943769,0.00623416,0.0057652651942249,TEST,0.8,0.90603411056231,0.8424136442249239,False,0.20638652705251984,True,False,4.0,0.8,0.910262673201152,False,0.75,0.0075,True,False,4.0,0.8,0.910262673201152,False,0.7,0.01,True,False,4.0,0.8,0.910262673201152,False,0.7,0.01
UZS_RUB,2026-02-06,0.00623416,0.9777777777777776,0.00619482,-0.0063504670030767,0.0062259158399483,0.0062257257560969,0.0062315444824783,0.0062264438237491,0.006229382457788,0.0062257257560969,0.0013529078341107,0.00626294,0.0,TEST,0.9,0.8647092165889301,0.8858836866355722,True,0.10755392733138236,True,False,5.0,0.8,0.910262673201152,False,0.75,0.0075,True,False,5.0,0.8,0.910262673201152,False,0.7,0.01,True,False,5.0,0.8,0.910262673201152,False,0.7,0.01
UZS_RUB,2026-02-07,0.00626294,0.9666666666666668,0.00619482,-0.0109962839921094,0.0062682391304591,0.0062630804208883,0.0062608463514913,0.0062645353019934,0.0062636868305955,0.0062608463514913,0.0003342916439722,0.00627207,0.0,TEST,0.85,0.96657083560278,0.8966283342411121,True,0.1862372529184999,True,False,6.0,0.8,0.910262673201152,False,0.75,0.0075,True,False,6.0,0.8,0.910262673201152,False,0.7,0.01,True,False,6.0,0.8,0.910262673201152,False,0.7,0.01
UZS_RUB,2026-02-10,0.0063026,0.8777777777777778,0.00623416,-0.0109782232089006,0.0063039387445263,0.0063043778823886,0.0063016408643718,0.0063035877381174,0.0063051021092197,0.0063016408643718,0.0001521809456732,0.00627207,0.0048440326214578,TEST,0.44999999999999996,0.98478190543268,0.663912762173072,False,0.2946660469694074,False,False,7.0,0.7,0.9001826272868948,False,0.75,0.0075,False,False,7.0,0.7,0.9001826272868948,False,0.7,0.01,False,False,7.0,0.7,0.9001826272868948,False,0.7,0.01
UZS_RUB,2026-02-11,0.00627207,0.9222222222222224,0.00623416,-0.0060810117160933,0.0062674603016089,0.0062636123923198,0.0062709185188541,0.0062637267475666,0.006267709502303,0.0062636123923198,0.0013484555625495,0.00628482,0.0,TEST,0.65,0.86515444374505,0.73606177749802,False,0.2111982940098973,False,False,8.0,0.7,0.9001826272868948,False,0.75,0.0075,False,False,8.0,0.7,0.9001826272868948,False,0.7,0.01,False,False,8.0,0.7,0.9001826272868948,False,0.7,0.01
UZS_RUB,2026-02-12,0.00630446,0.8555555555555556,0.00623416,-0.0112765793627368,0.0063085131256064,0.0063056164061953,0.0063039709541978,0.0063039322720196,0.006304086931593,0.0063039322720196,8.370708679240076e-05,0.00627674,0.0043968872829709,TEST,0.35,0.9916292913207599,0.606651716528304,False,0.2997512097766342,False,False,9.0,0.7,0.9001826272868948,False,0.75,0.0075,False,False,9.0,0.7,0.9001826272868948,False,0.7,0.01,False,False,9.0,0.7,0.9001826272868948,False,0.7,0.01
UZS_RUB,2026-02-13,0.00628793,0.8777777777777778,0.00623416,-0.0086250593504176,0.0062842800958109,0.006280008206251,0.0062866141128024,0.0062801863277286,0.006282871151017,0.006280008206251,0.0012598412751095,0.00627674,0.0017795999637399,TEST,0.44999999999999996,0.87401587248905,0.6196063489956201,False,0.2545588757962644,False,False,10.0,0.7,0.9001826272868948,False,0.75,0.0075,False,False,10.0,0.7,0.9001826272868948,False,0.7,0.01,False,False,10.0,0.7,0.9001826272868948,False,0.7,0.01
UZS_RUB,2026-02-14,0.00631655,0.8222222222222222,0.00626294,-0.0085598776293561,0.0063149632276416,0.0063120453349162,0.0063152769772807,0.0063129770905133,0.0063135518929397,0.0063120453349162,0.0007131527627897,0.00627674,0.0063024910750329,TEST,0.19999999999999996,0.9286847237210301,0.491473889488412,False,0.3908367045527508,False,False,11.0,0.7,0.9001826272868948,False,0.75,0.0075,False,False,11.0,0.7,0.9001826272868948,False,0.7,0.01,False,False,11.0,0.7,0.9001826272868948,False,0.7,0.01
UZS_RUB,2026-02-17,0.00628482,0.8777777777777778,0.00627207,-0.0020328217000128,0.0062790026272624,0.0062758311783576,0.0062816077569499,0.0062754393201563,0.0062797977138324,0.0062754393201563,0.0014925932395359,0.00627674,0.0012856374566017,TEST,0.44999999999999996,0.85074067604641,0.6102962704185639,False,0.3498406281582832,False,False,12.0,0.6,0.8901815456777882,False,0.75,0.0075,False,False,12.0,0.6,0.8901815456777882,False,0.7,0.01,False,False,12.0,0.6,0.8901815456777882,False,0.7,0.01
UZS_RUB,2026-02-18,0.00632228,0.8,0.00627207,-0.0080053315731487,0.0063212259278736,0.0063177034932825,0.006319499113475,0.0063176280615301,0.0063185263512903,0.0063176280615301,0.0007358007664797,0.00627674,0.0072030976166824,TEST,0.09999999999999998,0.92641992335203,0.43056796934081204,False,0.5074044585987236,False,False,13.0,0.6,0.8901815456777882,False,0.75,0.0075,False,False,13.0,0.6,0.8901815456777882,False,0.7,0.01,False,False,13.0,0.6,0.8901815456777882,False,0.7,0.01
UZS_RUB,2026-02-19,0.00627674,0.9111111111111112,0.00628482,0.0012856374566017,0.0062676195665236,0.0062670151975933,0.0062719818222077,0.0062676248249019,0.0062717133318258,0.0062670151975933,0.0015493396901417,0.00628455,0.0,TEST,0.6,0.84506603098583,0.698026412394332,False,0.4100305320586619,False,False,14.0,0.6,0.8847863167354674,False,0.75,0.0075,False,False,14.0,0.6,0.8847863167354674,False,0.7,0.01,False,False,14.0,0.6,0.8847863167354674,False,0.7,0.01
UZS_RUB,2026-02-20,0.0062978,0.8333333333333334,0.00627674,-0.0033552449201336,0.0063012166354996,0.006297037280561,0.0062947788576518,0.0062964384466757,0.0062946872708619,0.0062946872708619,0.0004942565877131,0.00628455,0.0021039093016609,TEST,0.25,0.95057434122869,0.530229736491476,False,0.807939745802608,False,False,15.0,0.6,0.880288062337316,False,0.75,0.0075,False,False,15.0,0.6,0.880288062337316,False,0.7,0.01,False,False,15.0,0.6,0.880288062337316,False,0.7,0.01
UZS_RUB,2026-02-21,0.00628455,0.8666666666666667,0.00627674,-0.0012442764874759,0.0062817870439904,0.0062780882156261,0.0062814515219129,0.0062776708379696,0.0062808179782122,0.0062776708379696,0.0010946148937314,0.00628784,0.0,TEST,0.44999999999999996,0.89053851062686,0.626215404250744,False,0.7039855640985415,False,False,16.0,0.6,0.856558964945948,False,0.75,0.0075,False,False,16.0,0.6,0.856558964945948,False,0.7,0.01,False,False,16.0,0.6,0.856558964945948,False,0.7,0.01
UZS_RUB,2026-02-25,0.00628784,0.8444444444444444,0.00627674,-0.0017684339322642,0.0062872698903413,0.0062863891216351,0.0062859131132448,0.0062854381759015,0.0062847301694416,0.0062847301694416,0.0004945785131937,0.00630034,0.0,TEST,0.4,0.95054214868063,0.620216859472252,False,0.7297975835556295,False,False,17.0,0.6,0.8364932052219152,False,0.75,0.0075,False,False,17.0,0.6,0.8364932052219152,False,0.7,0.01,False,False,17.0,0.6,0.8364932052219152,False,0.7,0.01
UZS_RUB,2026-02-26,0.00630034,0.8,0.00627674,-0.0037599135857147,0.0062967754057535,0.006295825846063,0.0062982953489465,0.006295374346867,0.006295643422857,0.006295374346867,0.0007881563745766,0.00633058,0.0,TEST,0.25,0.92118436254234,0.518473745016936,False,0.827867566295309,False,False,18.0,0.6,0.8173151599350352,False,0.75,0.0075,False,False,18.0,0.6,0.8173151599350352,False,0.7,0.01,False,False,18.0,0.6,0.8173151599350352,False,0.7,0.01
UZS_RUB,2026-02-27,0.0063545,0.7333333333333334,0.00627674,-0.0123885966281859,0.006359443543736,0.006359591229368,0.0063548872170738,0.0063553241408396,0.0063549378505261,0.0063548872170738,0.0,0.00633058,0.0037642615469352,TEST,0.0,1.0,0.4,False,1.2527851875098108,False,False,19.0,0.6,0.7645015075524152,False,0.75,0.0075,False,False,19.0,0.6,0.7645015075524152,False,0.7,0.01,False,False,19.0,0.6,0.7645015075524152,False,0.7,0.01
UZS_RUB,2026-02-28,0.00634838,0.7333333333333334,0.00628455,-0.0101566540165962,0.0063486278691831,0.0063443931674256,0.0063487668441462,0.0063445456380207,0.00634477388193,0.0063443931674256,0.0006280078656917,0.00633058,0.0028038649230197,TEST,0.050000000000000044,0.93719921343083,0.40487968537233204,False,0.9616733466933862,False,False,20.0,0.6,0.7132405584358072,False,0.75,0.0075,False,False,20.0,0.6,0.7132405584358072,False,0.7,0.01,False,False,20.0,0.6,0.7132405584358072,False,0.7,0.01
UZS_RUB,2026-03-03,0.00633058,0.7333333333333334,0.00628455,-0.0073243112076441,0.0063284456300684,0.0063263172366955,0.0063300889280327,0.006325275509107,0.0063257322056171,0.006325275509107,0.0008379154663553,0.00635628,0.0,TEST,0.09999999999999998,0.91620845336447,0.426483381345788,False,0.8502004008016018,False,False,21.0,0.6,0.677558222261576,False,0.75,0.0075,False,False,21.0,0.6,0.677558222261576,False,0.7,0.01,False,False,21.0,0.6,0.677558222261576,False,0.7,0.01
UZS_RUB,2026-03-04,0.00635628,0.7,0.00628784,-0.0108845008778848,0.0063571186801289,0.0063556242603045,0.0063552789982401,0.0063534481060394,0.0063527930809462,0.0063527930809462,0.0005485785795779,0.00638769,0.0,TEST,0.0,0.94514214204221,0.37805685681688406,False,1.0147914242978215,False,False,22.0,0.6,0.6412943474196752,False,0.75,0.0075,False,False,22.0,0.6,0.6412943474196752,False,0.7,0.01,False,False,22.0,0.6,0.6412943474196752,False,0.7,0.01
UZS_RUB,2026-03-05,0.00638769,0.6777777777777778,0.00630034,-0.0138643311313357,0.0063902796581703,0.0063878987398387,0.0063875253573925,0.0063870641259009,0.0063869913336106,0.0063869913336106,0.0001093770031732,0.0064219,0.0,TEST,0.0,0.98906229968268,0.395624919873072,False,1.2572060268588272,False,False,23.0,0.6,0.6226162773836488,False,0.75,0.0075,False,False,23.0,0.6,0.6226162773836488,False,0.7,0.01,False,False,23.0,0.6,0.6226162773836488,False,0.7,0.01
UZS_RUB,2026-03-06,0.0064219,0.6444444444444444,0.00633058,-0.0144252185423769,0.0064253193025757,0.0064246518117194,0.0064222684504095,0.0064211774409501,0.0064225051347683,0.0064211774409501,0.0001125148398293,0.00647629,0.0,TEST,0.0,0.98874851601707,0.395499406406828,False,1.2228229010616865,False,False,24.0,0.6,0.6198505531862728,False,0.75,0.0075,False,False,24.0,0.6,0.6198505531862728,False,0.7,0.01,False,False,24.0,0.6,0.6198505531862728,False,0.7,0.01
UZS_RUB,2026-03-07,0.00649236,0.5444444444444445,0.00633058,-0.0255553203655905,0.0065000867349649,0.0065024233847573,0.0064927324929851,0.0064929688373171,0.0064921786217951,0.0064921786217951,2.793717614239339e-05,0.00647629,0.0024752170243178,TEST,0.0,0.9972062823857607,0.3988825129543043,False,1.3753062746351308,False,False,25.0,0.6,0.6140203018493864,False,0.75,0.0075,False,False,25.0,0.6,0.6140203018493864,False,0.7,0.01,False,False,25.0,0.6,0.6140203018493864,False,0.7,0.01
UZS_RUB,2026-03-11,0.00647629,0.5555555555555556,0.00633058,-0.0230168483772419,0.006475072929491,0.0064747561284503,0.0064766846384551,0.0064714399054725,0.0064730646071741,0.0064714399054725,0.0007489001461485,0.00651529,0.0,TEST,0.050000000000000044,0.92510998538515,0.40004399415406006,False,0.9299537965303811,False,False,26.0,0.6,0.6081095380844079,False,0.75,0.0075,False,False,26.0,0.6,0.6081095380844079,False,0.7,0.01,False,False,26.0,0.6,0.6081095380844079,False,0.7,0.01
UZS_RUB,2026-03-12,0.00651529,0.4666666666666667,0.00635628,-0.025016204446626,0.0065209964667302,0.0065208064987447,0.006515663808572,0.0065161646339723,0.0065186390117762,0.006515663808572,0.0,0.00653318,0.0,TEST,0.0,1.0,0.4,False,1.1040900630986428,False,False,27.0,0.6,0.5607985285062072,False,0.75,0.0075,False,False,27.0,0.6,0.5607985285062072,False,0.7,0.01,False,False,27.0,0.6,0.5607985285062072,False,0.7,0.01
UZS_RUB,2026-03-13,0.00653318,0.4222222222222223,0.00638769,-0.0227766219087026,0.0065318060747999,0.0065329409991221,0.0065325156945205,0.0065382302091878,0.0065330309481161,0.0065318060747999,0.0002102996090878,0.00664028,0.0,TEST,0.0,0.97897003909122,0.39158801563648804,False,1.0735548063481641,False,False,28.0,0.6,0.523176141606752,False,0.75,0.0075,False,False,28.0,0.6,0.523176141606752,False,0.7,0.01,False,False,28.0,0.6,0.523176141606752,False,0.7,0.01
UZS_RUB,2026-03-14,0.00664028,0.2222222222222222,0.0064219,-0.0340055123872996,0.0066510004486012,0.0066503625835336,0.0066401568953535,0.006653742864969,0.0066526717410167,0.0066401568953535,1.8539074632411477e-05,0.00670335,0.0,TEST,0.0,0.9981460925367589,0.3992584370147036,False,1.4176415535797835,False,False,29.0,0.6,0.5022738316998215,False,0.75,0.0075,False,False,29.0,0.6,0.5022738316998215,False,0.7,0.01,False,False,29.0,0.6,0.5022738316998215,False,0.7,0.01
UZS_RUB,2026-03-17,0.00670335,0.1777777777777778,0.00647629,-0.035060196501392,0.0067143981804567,0.0067154881065365,0.0067037345983358,0.0067191425482882,0.0067133846848924,0.0067037345983358,0.0,0.00671554,0.0,TEST,0.0,1.0,0.4,False,1.1734884744457286,False,False,30.0,0.6,0.45493033739985206,False,0.75,0.0075,False,False,30.0,0.6,0.45493033739985206,False,0.7,0.01,False,False,30.0,0.6,0.45493033739985206,False,0.7,0.01
UZS_RUB,2026-03-18,0.00675326,0.0999999999999999,0.00647629,-0.0427667692459725,0.0067642454233475,0.0067692028787836,0.0067536715158668,0.0067707491423482,0.0067704436879848,0.0067536715158668,0.0,0.00663827,0.0170273319848487,TEST,0.0,1.0,0.4,False,1.1169921005133479,False,False,31.0,0.6,0.42811721654379764,False,0.75,0.0075,False,False,31.0,0.6,0.42811721654379764,False,0.7,0.01,False,False,31.0,0.6,0.42811721654379764,False,0.7,0.01
UZS_RUB,2026-03-19,0.00682543,0.0,0.00651529,-0.0476018719043972,0.0068392803762013,0.0068430905740314,0.0068258459136096,0.0068480914755914,0.0068458529138409,0.0068258459136096,0.0,0.00663176,0.0283747690621689,TEST,0.0,1.0,0.4,False,1.1514521950810057,False,False,32.0,0.6,0.41352116376171444,False,0.75,0.0075,False,False,32.0,0.6,0.41352116376171444,False,0.7,0.01,False,False,32.0,0.6,0.41352116376171444,False,0.7,0.01
UZS_RUB,2026-03-20,0.00695845,0.0,0.00653318,-0.06509387465216,0.0069740536684047,0.0069779845027861,0.0069588740193008,0.0069782828900079,0.0069750613525335,0.0069588740193008,0.0,0.00663176,0.0469486739144492,TEST,0.0,1.0,0.4,False,1.2424319743388785,False,False,33.0,0.6,0.4019782706413689,False,0.75,0.0075,False,False,33.0,0.6,0.4019782706413689,False,0.7,0.01,False,False,33.0,0.6,0.4019782706413689,False,0.7,0.01
UZS_RUB,2026-03-21,0.00688958,0.011111111111111,0.00664028,-0.037543597559139,0.0068910050163806,0.0068911417083346,0.0068882974412008,0.0068968534458491,0.0068862701589921,0.0068862701589921,0.000480412595238,0.00663176,0.0374217296264793,TEST,0.050000000000000044,0.9519587404762,0.41078349619048005,False,0.8989746373091203,False,False,34.0,0.6,0.40001759766162404,False,0.75,0.0075,False,False,34.0,0.6,0.40001759766162404,False,0.7,0.01,False,False,34.0,0.6,0.40001759766162404,False,0.7,0.01
UZS_RUB,2026-03-24,0.00671554,0.2111111111111111,0.00670335,-0.0018184937382054,0.0067029131050107,0.0067048445376525,0.0067128234065408,0.0067083977405647,0.0067049747746207,0.0067029131050107,0.0018802501346577,0.00663176,0.0124755418030418,TEST,0.19999999999999996,0.8119749865342301,0.44478999461369206,False,0.6395459266953556,False,False,35.0,0.6,0.40001759766162404,False,0.75,0.0075,False,False,35.0,0.6,0.40001759766162404,False,0.7,0.01,False,False,35.0,0.6,0.40001759766162404,False,0.7,0.01
UZS_RUB,2026-03-25,0.00663827,0.2555555555555555,0.00671554,0.0115061484258897,0.0066279604426629,0.0066336969147879,0.0066338133747488,0.0066371071561842,0.0066392507533977,0.0066279604426629,0.0015530488119796,0.00663176,0.0009806771945099,TEST,0.35,0.84469511880204,0.547878047520816,False,0.5248849977741507,False,False,36.0,0.6,0.40001759766162404,False,0.75,0.0075,False,False,36.0,0.6,0.40001759766162404,False,0.7,0.01,False,False,36.0,0.6,0.40001759766162404,False,0.7,0.01
UZS_RUB,2026-03-26,0.00663176,0.2666666666666667,0.00663827,0.0009806771945099,0.0066296662959414,0.0066283640275957,0.006628922015657,0.0066325342582899,0.0066327305130632,0.0066283640275957,0.0005120770963213,0.00665363,0.0,TEST,0.4,0.94879229036787,0.6195169161471481,False,0.5128465128763371,False,False,37.0,0.6,0.40001759766162404,False,0.75,0.0075,False,False,37.0,0.6,0.40001759766162404,False,0.7,0.01,False,False,37.0,0.6,0.40001759766162404,False,0.7,0.01
UZS_RUB,2026-03-27,0.00674321,0.1333333333333333,0.00663176,-0.0168054935643026,0.0067512848517139,0.0067574411217252,0.0067403243219294,0.0067579644527295,0.006756152994788,0.0067403243219294,0.0004279383365786,0.00661187,0.0194773705698029,TEST,0.19999999999999996,0.95720616634214,0.502882466536856,False,0.6729422133078067,False,False,38.0,0.6,0.40001759766162404,False,0.75,0.0075,False,False,38.0,0.6,0.40001759766162404,False,0.7,0.01,False,False,38.0,0.6,0.40001759766162404,False,0.7,0.01
UZS_RUB,2026-03-28,0.00665363,0.2222222222222222,0.00663176,-0.0032977671085804,0.0066410505265524,0.0066407295622093,0.0066491393809872,0.0066500411628804,0.0066545012237308,0.0066407295622093,0.0019388571036712,0.00655094,0.0154336805623396,TEST,0.35,0.80611428963288,0.532445715853152,False,0.5145173363912913,False,False,39.0,0.6,0.40001759766162404,False,0.75,0.0075,False,False,39.0,0.6,0.40001759766162404,False,0.7,0.01,False,False,39.0,0.6,0.40001759766162404,False,0.7,0.01
UZS_RUB,2026-03-31,0.00665772,0.1999999999999999,0.00663176,-0.0039144963026405,0.0066614433999796,0.0066615792887107,0.0066545261990164,0.0066656402653629,0.0066643598060636,0.0066545261990164,0.0004797139236255,0.00646616,0.0287726128464398,TEST,0.35,0.95202860763745,0.59081144305498,False,0.5210314237023589,False,False,40.0,0.6,0.4019782706413689,False,0.75,0.0075,False,False,40.0,0.6,0.4019782706413689,False,0.7,0.01,False,False,40.0,0.6,0.4019782706413689,False,0.7,0.01
UZS_RUB,2026-04-01,0.00666303,0.1888888888888888,0.00663176,-0.0047151887281807,0.0066620441567575,0.0066641259597784,0.0066608676450621,0.0066701419880472,0.006669738090392,0.0066608676450621,0.0003245302719483,0.00645061,0.0318803907531559,TEST,0.35,0.96754697280517,0.597018789122068,False,0.5294885884020587,False,False,41.0,0.6,0.40433979496862804,False,0.75,0.0075,False,False,41.0,0.6,0.40433979496862804,False,0.7,0.01,False,False,41.0,0.6,0.40433979496862804,False,0.7,0.01
UZS_RUB,2026-04-02,0.00666303,0.1777777777777778,0.00663176,-0.0047151887281807,0.006658341609978,0.0066604075874641,0.0066602559246693,0.006670097266132,0.0066689107535124,0.006658341609978,0.0007036423401965,0.00640338,0.0389687574571929,TEST,0.35,0.92963576598035,0.58185430639214,False,0.5094076423601319,False,False,42.0,0.6,0.40433979496862804,False,0.75,0.0075,False,False,42.0,0.6,0.40433979496862804,False,0.7,0.01,False,False,42.0,0.6,0.40433979496862804,False,0.7,0.01
UZS_RUB,2026-04-03,0.00661187,0.2777777777777778,0.00665363,0.0062762732523449,0.0066013192895454,0.0066050724957835,0.0066071163144358,0.0066086142754382,0.0066148423901655,0.0066013192895454,0.0015957226101843,0.00638095,0.0349250665847937,TEST,0.7,0.84042773898157,0.756171095592628,False,0.39277454621907637,False,False,43.0,0.6,0.42438609555976486,False,0.75,0.0075,True,False,43.0,0.6,0.42438609555976486,True,0.7,0.01,True,False,43.0,0.6,0.42438609555976486,True,0.7,0.01
UZS_RUB,2026-04-04,0.00655094,0.4,0.00661187,0.0092152447038432,0.0065400529818521,0.0065435935281948,0.0065472935123519,0.0065459069079234,0.0065496802427107,0.0065400529818521,0.0016619016733323,0.0063307,0.0336196026829737,TEST,0.75,0.83380983266677,0.783523933066708,False,0.2404994874662188,True,False,44.0,0.6,0.4680269833829577,True,0.75,0.0075,True,True,1.0,0.8,0.583645733724708,False,0.7,0.01,True,True,1.0,0.8,0.583645733724708,False,0.7,0.01
UZS_RUB,2026-04-07,0.00646616,0.5555555555555556,0.00655094,0.0129416541748206,0.0064539348998824,0.0064588981182354,0.006462560703934,0.0064584419163636,0.0064596737339796,0.0064539348998824,0.0018906275312705,0.006288,0.0275526742301458,TEST,1.0,0.81093724687295,0.92437489874918,False,-0.021009623361539102,True,True,1.0,0.8,0.5920529122683976,False,0.75,0.0075,True,True,2.0,0.8,0.5920529122683976,False,0.7,0.01,True,True,2.0,0.8,0.5920529122683976,False,0.7,0.01
UZS_RUB,2026-04-08,0.00645061,0.5888888888888889,0.00646616,0.0024048275947394,0.0064490006058096,0.006445979962645,0.006446709317244,0.0064431444457236,0.0064444436335045,0.0064431444457236,0.0011573408214726,0.00624749,0.0314884948865301,TEST,1.0,0.88426591785274,0.953706367141096,False,-0.03158707266042471,True,True,2.0,0.8,0.601518414527084,False,0.75,0.0075,True,True,3.0,0.8,0.601518414527084,False,0.7,0.01,True,True,3.0,0.8,0.601518414527084,False,0.7,0.01
UZS_RUB,2026-04-09,0.00640338,0.6555555555555556,0.00645061,0.0073217881719712,0.0063929670166135,0.0063967531441189,0.0063998156495287,0.0063936445918722,0.0063968325991639,0.0063929670166135,0.0016261698331975,0.00617161,0.0361949470435926,TEST,1.0,0.8373830166802501,0.9349532066721,False,-0.09300173282923693,True,True,3.0,0.8,0.6468477520362442,False,0.75,0.0075,True,False,4.0,0.8,0.6468477520362442,True,0.7,0.01,True,False,4.0,0.8,0.6468477520362442,True,0.7,0.01
UZS_RUB,2026-04-10,0.00638095,0.6777777777777778,0.00640338,0.0035028375639116,0.0063708517027726,0.0063720755183376,0.0063769760836134,0.0063673674251447,0.006371344259082,0.0063673674251447,0.0021286132715817,0.00617161,0.0328070271668011,TEST,1.0,0.78713867284183,0.914855469136732,False,-0.0404093177437087,True,False,4.0,0.8,0.761641663087444,True,0.75,0.0075,True,True,1.0,0.8,0.761641663087444,False,0.7,0.01,True,True,1.0,0.8,0.761641663087444,False,0.7,0.01
UZS_RUB,2026-04-11,0.0063307,0.7222222222222222,0.00638095,0.0078750029384339,0.006317562331929,0.0063233768848085,0.0063270616517299,0.0063178221457852,0.0063247576385492,0.006317562331929,0.0020752315022035,0.00617161,0.0251299224414361,TEST,1.0,0.7924768497796499,0.91699073991186,False,-0.08701298701298694,True,True,1.0,0.8,0.8097902402807129,False,0.75,0.0075,True,True,2.0,0.8,0.8097902402807129,False,0.7,0.01,True,True,2.0,0.8,0.8097902402807129,False,0.7,0.01
UZS_RUB,2026-04-14,0.006288,0.8222222222222222,0.0063307,0.0067449097256227,0.0062754786529521,0.0062806137330628,0.0062843861920605,0.006273104491394,0.006278928676251,0.006273104491394,0.0023688785951018,0.00617161,0.0185098600508905,TEST,1.0,0.76311214048982,0.905244856195928,False,-0.06802070888092344,True,True,2.0,0.8,0.9152825232917576,False,0.75,0.0075,True,True,3.0,0.8,0.9152825232917576,False,0.7,0.01,True,True,3.0,0.8,0.9152825232917576,False,0.7,0.01
UZS_RUB,2026-04-15,0.00624749,0.9666666666666668,0.006288,0.0064424300254453,0.0062379556314327,0.0062385360745428,0.0062440124234817,0.006237374164394,0.0062406818749419,0.006237374164394,0.0016191839612388,0.00617161,0.0121456777041659,TEST,1.0,0.83808160387612,0.9352326415504479,False,-0.06042210455664192,True,True,3.0,0.8,0.9152825232917576,False,0.75,0.0075,True,False,4.0,0.8,0.9152825232917576,True,0.7,0.01,True,False,4.0,0.8,0.9152825232917576,True,0.7,0.01
UZS_RUB,2026-04-16,0.00617161,1.0,0.00624749,0.0121456777041659,0.0061592360656726,0.0061617598248961,0.0061681746610053,0.0061620791478507,0.0061660702982725,0.0061592360656726,0.0020049767123003,0.0061846,0.0,TEST,1.0,0.7995023287699701,0.919800931507988,True,-0.10672892989760256,True,False,4.0,0.8,0.918467571679324,True,0.75,0.0075,True,True,1.0,0.8,0.918467571679324,False,0.7,0.01,True,True,1.0,0.8,0.918467571679324,False,0.7,0.01
UZS_RUB,2026-04-17,0.00625439,0.9444444444444444,0.00617161,-0.0134130316076356,0.006258847603867,0.0062554778270235,0.0062504949024191,0.0062525383438526,0.0062507678429107,0.0062504949024191,0.0006227781735549,0.0061846,0.0111585622258925,TEST,0.9,0.93772218264451,0.9150888730578041,False,0.1052056326572114,True,True,1.0,0.8,0.9207157249562264,False,0.75,0.0075,True,True,2.0,0.8,0.9207157249562264,False,0.7,0.01,True,True,2.0,0.8,0.9207157249562264,False,0.7,0.01
UZS_RUB,2026-04-18,0.00627066,0.8888888888888888,0.00617161,-0.0160492966989164,0.0062678519536976,0.006262303080079,0.0062669516306223,0.0062658379033596,0.0062663358263565,0.006262303080079,0.0013327018082625,0.0061846,0.0137242331748172,TEST,0.85,0.86672981917375,0.8566919276695,False,0.1379584105185451,True,True,2.0,0.8,0.9207157249562264,False,0.75,0.0075,True,True,3.0,0.8,0.9207157249562264,False,0.7,0.01,True,True,3.0,0.8,0.9207157249562264,False,0.7,0.01
UZS_RUB,2026-04-21,0.00621931,0.9777777777777776,0.00617161,-0.0077289394501595,0.0062069877472114,0.0062067787693122,0.006216791748903,0.0062074653427634,0.0062091154259218,0.0062067787693122,0.0020148908299794,0.0061846,0.0055810049667888,TEST,0.95,0.79851091700206,0.889404366800824,False,0.08344996501049591,True,True,3.0,0.8,0.9207157249562264,False,0.75,0.0075,True,False,4.0,0.8,0.9207157249562264,False,0.7,0.01,True,False,4.0,0.8,0.9207157249562264,False,0.7,0.01
UZS_RUB,2026-04-22,0.0061846,0.9888888888888888,0.00617161,-0.0021047992339114,0.0061761320322882,0.0061773459818479,0.0061810456175918,0.0061735751975134,0.0061776493639913,0.0061735751975134,0.0017826217518675,0.00619633,0.0,TEST,0.95,0.82173782481325,0.8986951299253,True,0.022725682295311484,True,False,4.0,0.8,0.9207157249562264,False,0.75,0.0075,True,False,5.0,0.8,0.9207157249562264,False,0.7,0.01,True,False,5.0,0.8,0.9207157249562264,False,0.7,0.01
UZS_RUB,2026-04-23,0.00622791,0.9555555555555556,0.00617161,-0.0091224170030185,0.006230009047754,0.006224799606717,0.0062249977250676,0.0062223014709205,0.0062244558295054,0.0062223014709205,0.0009005475479735,0.00619633,0.0050707219596943,TEST,0.85,0.90994524520265,0.8739780980810601,False,0.09849545136458984,True,False,5.0,0.8,0.9207157249562264,False,0.75,0.0075,True,False,6.0,0.8,0.9207157249562264,False,0.7,0.01,True,False,6.0,0.8,0.9207157249562264,False,0.7,0.01
UZS_RUB,2026-04-24,0.00622796,0.9444444444444444,0.0061846,-0.0070109627138376,0.0062230292225019,0.0062180361774419,0.0062235097556077,0.0062182508847937,0.0062191804639997,0.0062180361774419,0.0015934306832574,0.00619633,0.0050787095613973,TEST,0.8,0.84065693167426,0.816262772669704,False,0.09858292512246349,True,False,6.0,0.8,0.9207157249562264,False,0.75,0.0075,True,False,7.0,0.7,0.9156594331140209,False,0.7,0.01,True,False,7.0,0.7,0.9156594331140209,False,0.7,0.01
UZS_RUB,2026-04-25,0.00628322,0.7777777777777778,0.0061846,-0.0159460595673123,0.0062867130378728,0.0062863439409252,0.0062803364828433,0.0062804130714349,0.006280696026725,0.0062803364828433,0.0004589234750175,0.00619633,0.0138288966485337,TEST,0.6,0.95410765249825,0.7416430609993,False,0.2271173334418619,False,False,7.0,0.7,0.9156594331140209,False,0.75,0.0075,False,False,8.0,0.7,0.9156594331140209,False,0.7,0.01,False,False,8.0,0.7,0.9156594331140209,False,0.7,0.01
UZS_RUB,2026-04-28,0.00619633,0.9666666666666668,0.0061846,-0.0018966465090708,0.006184105575111,0.0061862741377236,0.0061928809009686,0.0061858182252593,0.0061903054988304,0.006184105575111,0.001972849233175,0.00620945,0.0,TEST,0.9,0.8027150766825,0.861086030673,True,0.050303202962841895,True,False,8.0,0.7,0.9156594331140209,False,0.75,0.0075,True,False,9.0,0.7,0.9156594331140209,False,0.7,0.01,True,False,9.0,0.7,0.9156594331140209,False,0.7,0.01
UZS_RUB,2026-04-29,0.00620945,0.9555555555555556,0.0061846,-0.0040180448210069,0.0062077569774357,0.0062032237086515,0.0062059763608129,0.0062045085807106,0.0062045664134682,0.0062032237086515,0.0010027122125952,0.00623015,0.0,TEST,0.85,0.89972877874048,0.869891511496192,True,0.07700134304668085,True,False,9.0,0.7,0.9156594331140209,False,0.75,0.0075,True,False,10.0,0.7,0.9156594331140209,False,0.7,0.01,True,False,10.0,0.7,0.9156594331140209,False,0.7,0.01
UZS_RUB,2026-04-30,0.00625319,0.8777777777777778,0.00619633,-0.0091763995784601,0.0062518061326682,0.0062479079077627,0.0062503253890046,0.0062493264203949,0.0062501852219063,0.0062479079077627,0.0008447036212397,0.0061594,0.0149987446407353,TEST,0.6,0.91552963787603,0.726211855150412,False,0.16600870945423357,False,False,10.0,0.7,0.9156594331140209,False,0.75,0.0075,False,False,11.0,0.7,0.9156594331140209,False,0.7,0.01,False,False,11.0,0.7,0.9156594331140209,False,0.7,0.01
UZS_RUB,2026-05-01,0.00626603,0.8333333333333334,0.00619633,-0.0112485939257592,0.0062654955758017,0.0062630784720829,0.0062654558927584,0.0062657511477119,0.0062658410397554,0.0062630784720829,0.0004710363526985,0.00611898,0.0234678097615235,TEST,0.5,0.95289636473015,0.68115854589206,False,0.21446418025712002,False,False,11.0,0.7,0.9156594331140209,False,0.75,0.0075,False,False,12.0,0.6,0.9090891013722496,False,0.7,0.01,False,False,12.0,0.6,0.9090891013722496,False,0.7,0.01
UZS_RUB,2026-05-05,0.00628996,0.6666666666666667,0.00619633,-0.015110557378319,0.0062915175497189,0.0062896864991285,0.0062892699297896,0.0062904892635222,0.0062884211359287,0.0062884211359287,0.0002446540313928,0.00607525,0.0341353522120967,TEST,0.30000000000000004,0.97553459686072,0.570213838744288,False,0.3119974692220488,False,False,12.0,0.6,0.9090891013722496,False,0.75,0.0075,False,False,13.0,0.6,0.9090891013722496,False,0.7,0.01,False,False,13.0,0.6,0.9090891013722496,False,0.7,0.01
UZS_RUB,2026-05-06,0.00625932,0.8555555555555556,0.00619633,-0.0101656948548575,0.0062550421827017,0.0062531010334303,0.0062579267215602,0.0062527068776618,0.0062541218542534,0.0062527068776618,0.0010565240853957,0.00607467,0.0295000095857057,TEST,0.5,0.89434759146043,0.657739036584172,False,0.2977762688847376,False,False,13.0,0.6,0.9090891013722496,False,0.75,0.0075,False,False,14.0,0.6,0.9090891013722496,False,0.7,0.01,False,False,14.0,0.6,0.9090891013722496,False,0.7,0.01
UZS_RUB,2026-05-07,0.00623015,0.9111111111111112,0.00620945,-0.0033336285822416,0.0062256374105074,0.006223274143583,0.0062280451473464,0.0062240827387526,0.0062252817025399,0.006223274143583,0.0011036421943292,0.00607467,0.0249560604479828,TEST,0.65,0.88963578056708,0.7458543122268321,False,0.2098207885304667,False,False,14.0,0.6,0.9013150204335512,False,0.75,0.0075,False,False,15.0,0.6,0.9013150204335512,False,0.7,0.01,False,False,15.0,0.6,0.9013150204335512,False,0.7,0.01
UZS_RUB,2026-05-08,0.0061594,1.0,0.00623015,0.011356066868374,0.0061498461437852,0.0061503955062516,0.0061569272221523,0.0061506032987248,0.0061546214617418,0.0061498461437852,0.0015511017655614,0.00607467,0.0137562100204565,TEST,1.0,0.84488982344386,0.937955929377544,False,-0.052681537731373095,True,False,15.0,0.6,0.8931206720506144,True,0.75,0.0075,True,False,16.0,0.6,0.8931206720506144,True,0.7,0.01,True,False,16.0,0.6,0.8931206720506144,True,0.7,0.01
UZS_RUB,2026-05-09,0.00611898,1.0,0.0061594,0.0065623274994316,0.0061127681502136,0.0061126927276798,0.0061165234493303,0.0061100695392581,0.0061127450462258,0.0061100695392581,0.0014562003376216,0.00601948,0.0162608800813208,TEST,1.0,0.85437996623784,0.941751986495136,False,-0.18244188670728656,True,True,1.0,0.8,0.9154692464286153,False,0.75,0.0075,True,True,1.0,0.8,0.9154692464286153,False,0.7,0.01,True,True,1.0,0.8,0.9154692464286153,False,0.7,0.01
UZS_RUB,2026-05-13,0.00607525,1.0,0.00611898,0.0071466159392579,0.0060640394857162,0.0060670944511998,0.0060717584626774,0.0060637167801146,0.0060688721625835,0.0060637167801146,0.0018983942858977,0.00591355,0.0266161886342125,TEST,1.0,0.81016057141023,0.924064228564092,False,-0.20654638201398365,True,True,2.0,0.8,0.9175527782310856,False,0.75,0.0075,True,True,2.0,0.8,0.9175527782310856,False,0.7,0.01,True,True,2.0,0.8,0.9175527782310856,False,0.7,0.01
UZS_RUB,2026-05-14,0.00607467,1.0,0.00607525,9.546932225011727e-05,0.006063355051047,0.0060617413785735,0.0060703292903451,0.0060677204855282,0.0060691285302111,0.0060617413785735,0.0021282837465245,0.00587528,0.0328231821646278,TEST,1.0,0.78717162534755,0.91486865013902,False,-0.0027013180569140944,True,True,3.0,0.8,0.9206535909192088,False,0.75,0.0075,True,True,3.0,0.8,0.9206535909192088,False,0.7,0.01,True,True,3.0,0.8,0.9206535909192088,False,0.7,0.01
UZS_RUB,2026-05-15,0.00610742,0.9777777777777776,0.00607467,-0.0053912393595042,0.0061044599802003,0.0060995964110689,0.0061030558885404,0.00610157261562,0.0061029497265654,0.0060995964110689,0.0012809973656797,0.00587528,0.0380095031944748,TEST,0.9,0.87190026343203,0.888760105372812,False,0.15212039574527292,True,False,4.0,0.8,0.9206535909192088,False,0.75,0.0075,True,False,4.0,0.8,0.9206535909192088,False,0.7,0.01,True,False,4.0,0.8,0.9206535909192088,False,0.7,0.01
UZS_RUB,2026-05-16,0.00610092,0.9777777777777776,0.00607467,-0.0043212223873889,0.0060944573601519,0.0060892542956224,0.0060965605331734,0.0060925193183026,0.0060950205585967,0.0060892542956224,0.0019121221680664,0.00587528,0.0369845859313021,TEST,0.9,0.80878778319336,0.863515113277344,False,0.12192856147522059,True,False,5.0,0.8,0.9160312847478409,False,0.75,0.0075,True,False,5.0,0.8,0.9160312847478409,False,0.7,0.01,True,False,5.0,0.8,0.9160312847478409,False,0.7,0.01
UZS_RUB,2026-05-19,0.00601948,1.0,0.00607467,0.0090852671832379,0.0060068044266797,0.006008954980695,0.0060161293420077,0.0060095698075533,0.0060143413799541,0.0060068044266797,0.0021057588562964,0.00587528,0.0239555576229175,TEST,1.0,0.78942411437036,0.915769645748144,False,-0.256351897440662,True,False,6.0,0.8,0.9149126947227768,True,0.75,0.0075,True,False,6.0,0.8,0.9149126947227768,True,0.7,0.01,True,False,6.0,0.8,0.9149126947227768,True,0.7,0.01
UZS_RUB,2026-05-20,0.00591355,1.0,0.00601948,0.0175978655963637,0.005899958277292,0.0059051326236354,0.0059102583064367,0.0059093725543947,0.0059063143123267,0.005899958277292,0.002298403278572,0.00587528,0.0064715779861504,TEST,1.0,0.7701596721428,0.90806386885712,False,-0.39163708961845506,True,True,1.0,0.8,0.9150488492608447,False,0.75,0.0075,True,True,1.0,0.8,0.9150488492608447,False,0.7,0.01,True,True,1.0,0.8,0.9150488492608447,False,0.7,0.01
UZS_RUB,2026-05-21,0.00587528,1.0,0.00591355,0.0064715779861504,0.0058704445903664,0.0058710194871437,0.0058719033884366,0.0058745577012142,0.0058674726202872,0.0058674726202872,0.0013288523632575,0.00588877,0.0,TEST,1.0,0.86711476367425,0.9468459054697,True,-0.10167105018463908,True,True,2.0,0.8,0.9150488492608447,False,0.75,0.0075,True,True,2.0,0.8,0.9150488492608447,False,0.7,0.01,True,True,2.0,0.8,0.9150488492608447,False,0.7,0.01
UZS_RUB,2026-05-22,0.00588877,0.9888888888888888,0.00587528,-0.002296060783486,0.0058896223501234,0.0058851842278117,0.0058852090617952,0.0058849227988634,0.005885243816289,0.0058849227988634,0.0006533114957113,0.00590748,0.0,TEST,0.95,0.93466885042887,0.943867540171548,True,0.03253110832449043,True,True,3.0,0.8,0.9174285623113336,False,0.75,0.0075,True,True,3.0,0.8,0.9174285623113336,False,0.7,0.01,True,True,3.0,0.8,0.9174285623113336,False,0.7,0.01
UZS_RUB,2026-05-23,0.00594417,0.9666666666666668,0.00587528,-0.0117253986192998,0.0059403899664015,0.0059359668641851,0.0059402158764933,0.0059385296618866,0.0059366385525113,0.0059359668641851,0.001380030486157,0.00590748,0.006172434503051,TEST,0.85,0.8619969513843,0.85479878055372,False,0.16612809877495976,True,False,4.0,0.8,0.9268425687267824,False,0.75,0.0075,True,False,4.0,0.8,0.9268425687267824,False,0.7,0.01,True,False,4.0,0.8,0.9268425687267824,False,0.7,0.01
UZS_RUB,2026-05-26,0.00596325,0.9555555555555556,0.00587528,-0.014972903419071,0.0059658251685459,0.005964030238854,0.0059615465828587,0.005969404541964,0.0059672011808125,0.0059615465828587,0.0002856524783129,0.00590748,0.0093522827317318,TEST,0.8,0.97143475216871,0.868573900867484,False,0.212139481045625,True,False,5.0,0.8,0.9268425687267824,False,0.75,0.0075,True,False,5.0,0.8,0.9268425687267824,False,0.7,0.01,True,False,5.0,0.8,0.9268425687267824,False,0.7,0.01
UZS_RUB,2026-05-27,0.00597137,0.9444444444444444,0.00587528,-0.0163549652101687,0.0059661025074352,0.0059613441494784,0.0059697913470597,0.005967100018049,0.0059668212898235,0.0059613441494784,0.0016789866515725,0.00590748,0.0106993872427936,TEST,0.75,0.83210133484275,0.7828405339371,False,0.2317208449889074,True,False,6.0,0.8,0.9268425687267824,False,0.75,0.0075,True,False,6.0,0.8,0.9268425687267824,False,0.7,0.01,True,False,6.0,0.8,0.9268425687267824,False,0.7,0.01
UZS_RUB,2026-05-28,0.00590748,0.9777777777777776,0.00587528,-0.005480589861249,0.005898515714113,0.0058986059049278,0.005905108358983,0.0058997426022131,0.0059029661219135,0.005898515714113,0.0015174466755706,0.00591758,0.0,TEST,0.9,0.84825533244294,0.8793021329771761,True,0.07765023632680527,True,False,7.0,0.7,0.9151389488217572,False,0.75,0.0075,True,False,7.0,0.7,0.9151389488217572,False,0.7,0.01,True,False,7.0,0.7,0.9151389488217572,False,0.7,0.01
UZS_RUB,2026-05-29,0.00594666,0.9444444444444444,0.00588877,-0.0098305758248327,0.0059512849697494,0.0059461418538078,0.005943879242274,0.005946721889416,0.0059456842016776,0.005943879242274,0.0004676167337631,0.00591758,0.0048901400113677,TEST,0.75,0.95323832662369,0.8312953306494759,False,0.172132728851163,True,False,8.0,0.7,0.9151389488217572,False,0.75,0.0075,True,False,8.0,0.7,0.9151389488217572,False,0.7,0.01,True,False,8.0,0.7,0.9151389488217572,False,0.7,0.01
UZS_RUB,2026-05-30,0.00591758,0.9555555555555556,0.00590748,-0.0017096968588976,0.0059110222633553,0.0059092054896027,0.0059148128405686,0.0059102556627583,0.0059132188817025,0.0059092054896027,0.0014151917502256,0.0059882,0.0,TEST,0.8,0.85848082497744,0.823392329990976,False,0.10200636635478043,True,False,9.0,0.7,0.9151389488217572,False,0.75,0.0075,True,False,9.0,0.7,0.9151389488217572,False,0.7,0.01,True,False,9.0,0.7,0.9151389488217572,False,0.7,0.01
UZS_RUB,2026-06-02,0.0059882,0.9,0.00590748,-0.0136640327178425,0.0059973251133708,0.0059939825326121,0.0059870962733083,0.0059954297445043,0.0059951718852195,0.0059870962733083,0.0001843169385958,0.00607976,0.0,TEST,0.55,0.98156830614042,0.7226273224561681,False,0.27230635670878733,False,False,10.0,0.7,0.9151389488217572,False,0.75,0.0075,False,False,10.0,0.7,0.9151389488217572,False,0.7,0.01,False,False,10.0,0.7,0.9151389488217572,False,0.7,0.01
UZS_RUB,2026-06-03,0.00607976,0.8555555555555556,0.00590748,-0.0291630272129571,0.0060870463345526,0.0060783334324636,0.0060796472868756,0.0060797433267992,0.0060786468691782,0.0060783334324636,0.0002346420806742,0.00596016,0.0196718291511507,TEST,0.35,0.97653579193258,0.600614316773032,False,0.49310311565544535,False,False,11.0,0.7,0.9151389488217572,False,0.75,0.0075,False,False,11.0,0.7,0.9151389488217572,False,0.7,0.01,False,False,11.0,0.7,0.9151389488217572,False,0.7,0.01
UZS_RUB,2026-06-04,0.00612694,0.8111111111111111,0.00590748,-0.037149512143926,0.0061322831872263,0.0061332573059619,0.0061273133505041,0.0061264175169534,0.0061257706042564,0.0061257706042564,0.0001908613016611,0.00595562,0.0279617557867385,TEST,0.15000000000000002,0.98091386983389,0.482365547933556,False,0.6552963232996568,False,False,12.0,0.6,0.8964816107665352,False,0.75,0.0075,False,False,12.0,0.6,0.8964816107665352,False,0.7,0.01,False,False,12.0,0.6,0.8964816107665352,False,0.7,0.01
UZS_RUB,2026-06-05,0.00619274,0.7666666666666666,0.00591758,-0.0464987376596514,0.0062004512140285,0.0062002887008972,0.0061931173600852,0.0061941430024511,0.0061960167062315,0.0061931173600852,0.0,0.00595562,0.0382899976424006,TEST,0.050000000000000044,1.0,0.43000000000000005,False,0.8945811142108382,False,False,13.0,0.6,0.8964816107665352,False,0.75,0.0075,False,False,13.0,0.6,0.8964816107665352,False,0.7,0.01,False,False,13.0,0.6,0.8964816107665352,False,0.7,0.01
UZS_RUB,2026-06-06,0.00619274,0.7555555555555555,0.00591758,-0.0464987376596514,0.0061874751392531,0.0061888603988783,0.006192625192331,0.0061911681453444,0.0061879272426363,0.0061874751392531,0.0008501666058805,0.00595562,0.0382899976424006,TEST,0.0,0.91498333941195,0.36599333576478,False,1.0,False,False,14.0,0.6,0.8964816107665352,False,0.75,0.0075,False,False,14.0,0.6,0.8964816107665352,False,0.7,0.01,False,False,14.0,0.6,0.8964816107665352,False,0.7,0.01
UZS_RUB,2026-06-09,0.00609856,0.8444444444444444,0.0059882,-0.0184295781704018,0.0060880641875145,0.0060900437702695,0.0060961147014502,0.0060918635242762,0.0060919574273086,0.0060880641875145,0.001721031273858,0.00595562,0.0234383198656732,TEST,0.30000000000000004,0.8278968726142,0.51115874904568,False,0.7033327033327033,False,False,15.0,0.6,0.8830853219354304,False,0.75,0.0075,False,False,15.0,0.6,0.8830853219354304,False,0.7,0.01,False,False,15.0,0.6,0.8830853219354304,False,0.7,0.01
UZS_RUB,2026-06-10,0.00596016,0.9222222222222224,0.00607976,0.0196718291511507,0.0059496162369027,0.0059540728003513,0.00595558004616,0.0059672992879144,0.0059555080941414,0.0059496162369027,0.0017690402769891,0.00595562,0.0007617245174626,TEST,0.65,0.82309597230109,0.719238388920436,False,0.26737226737226666,False,False,16.0,0.6,0.8728651937113608,False,0.75,0.0075,False,False,16.0,0.6,0.8728651937113608,False,0.7,0.01,False,False,16.0,0.6,0.8728651937113608,False,0.7,0.01
UZS_RUB,2026-06-11,0.00595562,0.9222222222222224,0.00596016,0.0007617245174626,0.0059550130030621,0.005949381529891,0.0059526219609737,0.0059552633758746,0.0059503323482686,0.005949381529891,0.0010474929745349,0.00598509,0.0,TEST,0.65,0.89525070254651,0.748100281018604,False,0.2530712530712526,False,False,17.0,0.6,0.8655386283134,False,0.75,0.0075,False,False,17.0,0.6,0.8655386283134,False,0.7,0.01,False,False,17.0,0.6,0.8655386283134,False,0.7,0.01
UZS_RUB,2026-06-12,0.00598509,0.8777777777777778,0.00595562,-0.0049482673508384,0.0059820831137688,0.0059804715739997,0.0059816694743086,0.0059779407967317,0.0059807099618905,0.0059779407967317,0.0011945022160569,0.0060055,0.0,TEST,0.44999999999999996,0.88054977839431,0.622219911357724,False,0.3459018459018459,False,False,18.0,0.6,0.8582853136431696,False,0.75,0.0075,False,False,18.0,0.6,0.8582853136431696,False,0.7,0.01,False,False,18.0,0.6,0.8582853136431696,False,0.7,0.01
UZS_RUB,2026-06-16,0.00604777,0.8444444444444444,0.00595562,-0.0154727803318546,0.0060496757859171,0.0060504877214139,0.0060464809778235,0.0060434965088254,0.006048050324163,0.0060434965088254,0.0007066226352192,0.0060055,0.0069893531003989,TEST,0.30000000000000004,0.92933773647808,0.551735094591232,False,0.5433440433440427,False,False,19.0,0.6,0.8406967106111736,False,0.75,0.0075,False,False,19.0,0.6,0.8406967106111736,False,0.7,0.01,False,False,19.0,0.6,0.8406967106111736,False,0.7,0.01
UZS_RUB,2026-06-17,0.0060055,0.8555555555555556,0.00595562,-0.0083752825062714,0.0059956479653336,0.0059965267873625,0.0060025341176121,0.0059967318507114,0.006000918046293,0.0059956479653336,0.0016405019842478,0.00603614,0.0,TEST,0.35,0.83594980157522,0.544379920630088,False,0.4101934101934108,False,False,20.0,0.6,0.826553530254376,False,0.75,0.0075,False,False,20.0,0.6,0.826553530254376,False,0.7,0.01,False,False,20.0,0.6,0.826553530254376,False,0.7,0.01
UZS_RUB,2026-06-18,0.00603614,0.8333333333333334,0.00595562,-0.0135200029551918,0.0060426854213399,0.0060386512386916,0.0060362828334039,0.006039533047749,0.0060421452285834,0.0060362828334039,0.0,0.00606998,0.0,TEST,0.30000000000000004,1.0,0.5800000000000001,False,0.5067095067095051,False,False,21.0,0.6,0.7990612523586504,False,0.75,0.0075,False,False,21.0,0.6,0.7990612523586504,False,0.7,0.01,False,False,21.0,0.6,0.7990612523586504,False,0.7,0.01
UZS_RUB,2026-06-19,0.00606998,0.8111111111111111,0.00595562,-0.0192020310227986,0.0060722784392707,0.0060731242436274,0.0060690457010473,0.0060726267738662,0.0060714713922817,0.0060690457010473,0.0001539212571869,0.00609025,0.0,TEST,0.25,0.98460787428131,0.543843149712524,False,0.6133056133056124,False,False,22.0,0.6,0.7619963821860024,False,0.75,0.0075,False,False,22.0,0.6,0.7619963821860024,False,0.7,0.01,False,False,22.0,0.6,0.7619963821860024,False,0.7,0.01
UZS_RUB,2026-06-20,0.00609025,0.7666666666666666,0.00598509,-0.0175703289340678,0.0060858965450744,0.006085350037705,0.0060901370924007,0.0060872685727872,0.0060866328883456,0.006085350037705,0.0008045584819998,0.00615208,0.0,TEST,0.19999999999999996,0.91954415180002,0.487817660720008,False,0.6628285686087443,False,False,23.0,0.6,0.7328165058811424,False,0.75,0.0075,False,False,23.0,0.6,0.7328165058811424,False,0.7,0.01,False,False,23.0,0.6,0.7328165058811424,False,0.7,0.01
UZS_RUB,2026-06-23,0.00615208,0.7,0.0060055,-0.0244076263425192,0.0061553175478461,0.0061526041936601,0.0061519659461298,0.0061497874880493,0.0061518403333847,0.0061497874880493,0.0003726401397088,0.00620952,0.0,TEST,0.09999999999999998,0.96273598602912,0.44509439441164805,False,0.8574633667531361,False,False,24.0,0.6,0.7205939623347288,False,0.75,0.0075,False,False,24.0,0.6,0.7205939623347288,False,0.7,0.01,False,False,24.0,0.6,0.7205939623347288,False,0.7,0.01
UZS_RUB,2026-06-24,0.00620952,0.6111111111111112,0.0060055,-0.0339721921571891,0.0062140173659652,0.0062170888006933,0.0062098983825893,0.0062109645936555,0.0062100273286139,0.0062098983825893,0.0,0.00621851,0.0,TEST,0.0,1.0,0.4,False,1.0588235294117618,False,False,25.0,0.6,0.6610273023828088,False,0.75,0.0075,False,False,25.0,0.6,0.6610273023828088,False,0.7,0.01,False,False,25.0,0.6,0.6610273023828088,False,0.7,0.01
UZS_RUB,2026-06-25,0.00621851,0.6,0.00603614,-0.0302130169280368,0.0062201664086512,0.0062156668872667,0.0062188667811016,0.0062155687980068,0.0062147890450588,0.0062147890450588,0.0005983676059378,0.0062958,0.0,TEST,0.0,0.94016323940622,0.37606529576248804,False,1.0297642696331624,False,False,26.0,0.6,0.6092565546069089,False,0.75,0.0075,False,False,26.0,0.6,0.6092565546069089,False,0.7,0.01,False,False,26.0,0.6,0.6092565546069089,False,0.7,0.01
UZS_RUB,2026-06-26,0.0062958,0.3888888888888888,0.00606998,-0.0372027584934381,0.0063066734935128,0.0063028627912686,0.006295683281694,0.0063006278242608,0.0063007608810323,0.006295683281694,1.853907462108201e-05,0.00641679,0.0,TEST,0.0,0.9981460925378918,0.39925843701515673,False,1.2484969295566335,False,False,27.0,0.6,0.5882457267092128,False,0.75,0.0075,False,False,27.0,0.6,0.5882457267092128,False,0.7,0.01,False,False,27.0,0.6,0.5882457267092128,False,0.7,0.01
UZS_RUB,2026-06-27,0.00641679,0.2555555555555555,0.00609025,-0.0536168465990723,0.0064294140127185,0.0064301232894542,0.00641718101277,0.0064313594271136,0.0064297389832776,0.00641718101277,0.0,0.00644681,0.0,TEST,0.0,1.0,0.4,False,1.3198931838612467,False,False,28.0,0.6,0.5630410567547393,False,0.75,0.0075,False,False,28.0,0.6,0.5630410567547393,False,0.7,0.01,False,False,28.0,0.6,0.5630410567547393,False,0.7,0.01
UZS_RUB,2026-06-30,0.00644681,0.2444444444444444,0.00615208,-0.0479073744164575,0.0064574865381509,0.0064581150661368,0.0064472028420652,0.0064615654248161,0.0064651087383127,0.0064472028420652,0.0,0.00644956,0.0,TEST,0.0,1.0,0.4,False,1.0601350133210463,False,False,29.0,0.6,0.5473219902145456,False,0.75,0.0075,False,False,29.0,0.6,0.5473219902145456,False,0.7,0.01,False,False,29.0,0.6,0.5473219902145456,False,0.7,0.01
UZS_RUB,2026-07-01,0.00651743,0.1888888888888888,0.00620952,-0.0495867635501618,0.0065285299425008,0.0065263850193104,0.0065173091728788,0.0065287061934606,0.006519184737556,0.0065173091728788,1.853907463535142e-05,0.00633257,0.0283639410012842,TEST,0.0,0.9981460925364649,0.39925843701458597,False,1.1437732852867535,False,False,30.0,0.6,0.5440578580795496,False,0.75,0.0075,False,False,30.0,0.6,0.5440578580795496,False,0.7,0.01,False,False,30.0,0.6,0.5440578580795496,False,0.7,0.01
UZS_RUB,2026-07-02,0.00655804,0.1666666666666666,0.00621851,-0.0545998961165938,0.0065576995783906,0.006561568316063,0.006557918420007,0.0065714499333879,0.0065684763494111,0.0065576995783906,5.190904742878744e-05,0.00633257,0.0343806991113198,TEST,0.0,0.9948090952571212,0.39792363810284853,False,1.0722842242039123,False,False,31.0,0.6,0.5242325093124176,False,0.75,0.0075,False,False,31.0,0.6,0.5242325093124176,False,0.7,0.01,False,False,31.0,0.6,0.5242325093124176,False,0.7,0.01
UZS_RUB,2026-07-03,0.00654337,0.1888888888888888,0.0062958,-0.0393230407573302,0.0065435900012771,0.0065442455021206,0.0065437454196353,0.0065480638258682,0.0065413651925178,0.0065413651925178,0.0003063876079451,0.00632107,0.033973319558576,TEST,0.050000000000000044,0.96936123920549,0.41774449568219607,False,0.975648218850635,False,False,32.0,0.6,0.49715409605027683,False,0.75,0.0075,False,False,32.0,0.6,0.49715409605027683,False,0.7,0.01,False,False,32.0,0.6,0.49715409605027683,False,0.7,0.01
UZS_RUB,2026-07-04,0.00644956,0.2777777777777778,0.00641679,-0.0051069148281305,0.0064378345658357,0.0064432566147996,0.0064462307402272,0.0064496353818199,0.0064505806868317,0.0064378345658357,0.0018180207896817,0.00632107,0.0199222892724465,TEST,0.15000000000000002,0.81819792103183,0.41727916841273205,False,0.8199262972676867,False,False,33.0,0.6,0.49715409605027683,False,0.75,0.0075,False,False,33.0,0.6,0.49715409605027683,False,0.7,0.01,False,False,33.0,0.6,0.49715409605027683,False,0.7,0.01
UZS_RUB,2026-07-07,0.00647477,0.2555555555555555,0.00644681,-0.0043370287010165,0.0064806520895023,0.0064827410073728,0.006473027082641,0.0064843479891208,0.0064818139923106,0.006473027082641,0.0002691859879193,0.00632107,0.0237382949510176,TEST,0.15000000000000002,0.97308140120807,0.47923256048322804,False,0.8617741774841475,False,False,34.0,0.6,0.49715409605027683,False,0.75,0.0075,False,False,34.0,0.6,0.49715409605027683,False,0.7,0.01,False,False,34.0,0.6,0.49715409605027683,False,0.7,0.01
UZS_RUB,2026-07-08,0.00633257,0.4,0.00644956,0.0181392219004087,0.0063166081109423,0.0063204946779145,0.0063282960684406,0.0063271736793839,0.0063298653605016,0.0063166081109423,0.0025206020711496,0.00632107,0.0018160083504801,TEST,0.35,0.74793979288504,0.509175917154016,False,0.6257262375087147,False,False,35.0,0.6,0.49715409605027683,False,0.75,0.0075,False,False,35.0,0.6,0.49715409605027683,False,0.7,0.01,False,False,35.0,0.6,0.49715409605027683,False,0.7,0.01
UZS_RUB,2026-07-09,0.00636436,0.3666666666666667,0.00633257,-0.0050200787358055,0.0063679219187871,0.0063689006532954,0.0063616364463682,0.0063721124701123,0.0063700663581003,0.0063616364463682,0.0004279383365806,0.00632107,0.0068019408078739,TEST,0.35,0.95720616634194,0.592882466536776,False,0.6784967298562468,False,False,36.0,0.6,0.4963609632936112,False,0.75,0.0075,False,False,36.0,0.6,0.4963609632936112,False,0.7,0.01,False,False,36.0,0.6,0.4963609632936112,False,0.7,0.01
UZS_RUB,2026-07-10,0.00632107,0.4333333333333333,0.00633257,0.0018160083504801,0.0063100283635682,0.0063128660118765,0.006316803829936,0.0063149301158001,0.0063170922840177,0.0063100283635682,0.0017467986324782,0.00633607,0.0,TEST,0.44999999999999996,0.8253201367521801,0.600128054700872,False,0.6066365658510668,False,False,37.0,0.6,0.4963609632936112,False,0.75,0.0075,False,False,37.0,0.6,0.4963609632936112,False,0.7,0.01,False,False,37.0,0.6,0.4963609632936112,False,0.7,0.01
UZS_RUB,2026-07-11,0.00634853,0.3888888888888888,0.00632107,-0.0043442012190973,0.0063546860415745,0.0063554991324164,0.0063458358220697,0.0063545668624607,0.0063560848353641,0.0063458358220697,0.0004243782309132,0.00633607,0.0019626590722576,TEST,0.4,0.95756217690868,0.623024870763472,False,0.6343310934636524,False,False,38.0,0.6,0.4963609632936112,False,0.75,0.0075,False,False,38.0,0.6,0.4963609632936112,False,0.7,0.01,False,False,38.0,0.6,0.4963609632936112,False,0.7,0.01
UZS_RUB,2026-07-14,0.00633607,0.4,0.00632107,-0.0023730159609053,0.0063320135893947,0.0063316730600842,0.006333145061062,0.0063336313177642,0.0063369016955833,0.0063316730600842,0.0006939538098221,0.00642255,0.0,TEST,0.44999999999999996,0.93060461901779,0.642241847607116,False,0.598273428168096,False,False,39.0,0.6,0.4963609632936112,False,0.75,0.0075,False,False,39.0,0.6,0.4963609632936112,False,0.7,0.01,False,False,39.0,0.6,0.4963609632936112,False,0.7,0.01
UZS_RUB,2026-07-15,0.00642255,0.3111111111111111,0.00632107,-0.016054243980845,0.006432663762643,0.0064297501489399,0.0064229184877027,0.006432679985584,0.0064321547216648,0.0064229184877027,0.0,0.00644858,0.0,TEST,0.30000000000000004,1.0,0.5800000000000001,False,0.7547869837477824,False,False,40.0,0.6,0.4963609632936112,False,0.75,0.0075,False,False,40.0,0.6,0.4963609632936112,False,0.7,0.01,False,False,40.0,0.6,0.4963609632936112,False,0.7,0.01
UZS_RUB,2026-07-16,0.00644858,0.3,0.00632107,-0.0201722176783361,0.0064553625353857,0.0064551922275956,0.0064489729499217,0.006460879904094,0.0064634754529086,0.0064489729499217,0.0,0.00647613,0.0,TEST,0.25,1.0,0.55,False,0.7902663345468474,False,False,41.0,0.6,0.4963609632936112,False,0.75,0.0075,False,False,41.0,0.6,0.4963609632936112,False,0.7,0.01,False,False,41.0,0.6,0.4963609632936112,False,0.7,0.01
UZS_RUB,2026-07-17,0.00647613,0.2555555555555555,0.00632107,-0.0245306569931989,0.0064842130669676,0.0064817462595228,0.0064765015618042,0.0064843502641747,0.0064827923601274,0.0064765015618042,0.0,0.00647876,0.0,TEST,0.15000000000000002,1.0,0.49000000000000005,False,0.8321722739007497,False,False,42.0,0.6,0.4963609632936112,False,0.75,0.0075,False,False,42.0,0.6,0.4963609632936112,False,0.7,0.01,False,False,42.0,0.6,0.4963609632936112,False,0.7,0.01
UZS_RUB,2026-07-18,0.00651626,0.2222222222222222,0.00633607,-0.0284387640919371,0.0065241169107214,0.0065250940975952,0.0065166338642249,0.006528026102859,0.0065288968935672,0.0065166338642249,0.0,0.00647876,0.0057548348285673,TEST,0.15000000000000002,1.0,0.49000000000000005,False,0.9106864191196906,False,False,43.0,0.6,0.4886905964320048,False,0.75,0.0075,False,False,43.0,0.6,0.4886905964320048,False,0.7,0.01,False,False,43.0,0.6,0.4886905964320048,False,0.7,0.01
UZS_RUB,2026-07-21,0.0065481,0.1888888888888888,0.00633607,-0.0334639610989146,0.006547313301438,0.0065508400196593,0.0065479786042854,0.0065609321937875,0.0065577222160958,0.006547313301438,0.0001201415008933,0.00647876,0.010589331256395,TEST,0.050000000000000044,0.98798584991067,0.42519433996426803,False,0.9755148290471969,False,False,44.0,0.6,0.49000000000000005,False,0.75,0.0075,False,False,44.0,0.6,0.49000000000000005,False,0.7,0.01,False,False,44.0,0.6,0.49000000000000005,False,0.7,0.01
UZS_RUB,2026-07-22,0.00655351,0.1777777777777778,0.00642255,-0.0203906548022203,0.0065580638667647,0.0065585937268167,0.006553909343924,0.0065661180166247,0.0065663968169343,0.006553909343924,0.0,0.00647876,0.0114061014631854,TEST,0.050000000000000044,1.0,0.43000000000000005,False,0.9870021806496041,False,False,45.0,0.6,0.49000000000000005,False,0.75,0.0075,False,False,45.0,0.6,0.49000000000000005,False,0.7,0.01,False,False,45.0,0.6,0.49000000000000005,False,0.7,0.01
UZS_RUB,2026-07-23,0.00651312,0.2444444444444444,0.00644858,-0.0100084049511675,0.0065079827691862,0.0065095273455999,0.0065105084781176,0.0065137743049459,0.006516009411439,0.0065079827691862,0.000788751138287,0.00647876,0.0052755054413245,TEST,0.30000000000000004,0.9211248861713,0.5484499544685201,False,0.8676994669101394,False,False,46.0,0.6,0.49000000000000005,False,0.75,0.0075,False,False,46.0,0.6,0.49000000000000005,False,0.7,0.01,False,False,46.0,0.6,0.49000000000000005,False,0.7,0.01
UZS_RUB,2026-07-24,0.00647876,0.2444444444444444,0.00647613,-0.0004061067334967,0.006475455912731,0.0064762210730947,0.0064767746064731,0.0064773778369564,0.0064842886742923,0.006475455912731,0.000509987600868,0.00649224,0.0,TEST,0.35,0.9490012399132,0.58960049596528,False,0.6976815131177546,False,False,47.0,0.6,0.49767036686160643,False,0.75,0.0075,False,False,47.0,0.6,0.49767036686160643,False,0.7,0.01,False,False,47.0,0.6,0.49767036686160643,False,0.7,0.01
UZS_RUB,2026-07-25,0.00649224,0.2333333333333332,0.00647876,-0.0020806450617092,0.0064869381266598,0.0064886032859572,0.0064885296341217,0.006497261916631,0.0064992044006361,0.0064869381266598,0.0008166477733724,0.00650744,0.0,TEST,0.35,0.91833522266276,0.577334089065104,False,0.7223277208085399,False,False,48.0,0.6,0.5248855320798177,False,0.75,0.0075,False,False,48.0,0.6,0.5248855320798177,False,0.7,0.01,False,False,48.0,0.6,0.5248855320798177,False,0.7,0.01
UZS_RUB,2026-07-28,0.00650744,0.2222222222222222,0.00647876,-0.0044267730244675,0.0065079463623433,0.0065075583492275,0.006504655216951,0.0065158612287048,0.0065164913882438,0.006504655216951,0.0004279383365808,0.00653077,0.0,TEST,0.35,0.95720616634192,0.592882466536768,False,0.7864708612904571,False,False,49.0,0.6,0.549069972681112,False,0.75,0.0075,False,False,49.0,0.6,0.549069972681112,False,0.7,0.01,False,False,49.0,0.6,0.549069972681112,False,0.7,0.01
UZS_RUB,2026-07-29,0.00653077,0.1777777777777778,0.00647876,-0.0080277707462538,0.0065359946581818,0.0065367369067795,0.0065304150290342,0.0065472446512616,0.0065485368152292,0.0065304150290342,5.435361615860039e-05,0.00659371,0.0,TEST,0.19999999999999996,0.99456463838414,0.517825855353656,False,0.8849221420432958,False,False,50.0,0.6,0.5609336356260416,False,0.75,0.0075,False,False,50.0,0.6,0.5609336356260416,False,0.7,0.01,False,False,50.0,0.6,0.5609336356260416,False,0.7,0.01
UZS_RUB,2026-07-30,0.00659371,0.1111111111111111,0.00647876,-0.0177425927183596,0.0066044773288556,0.0066059760506177,0.006594088307845,0.0066097102756581,0.0066108913402671,0.006594088307845,0.0,0.00664402,0.0,TEST,0.0,1.0,0.4,False,1.1505253829598672,False,False,51.0,0.6,0.5609336356260416,False,0.75,0.0075,False,False,51.0,0.6,0.5609336356260416,False,0.7,0.01,False,False,51.0,0.6,0.5609336356260416,False,0.7,0.01
UZS_RUB,2026-07-31,0.00665123,0.0666666666666666,0.00647876,-0.0266208348511135,0.0066636723074542,0.0066637190319974,0.0066516116080003,0.0066686105746731,0.0066671625529823,0.0066516116080003,0.0,0.00664402,0.0010840100252134,TEST,0.0,1.0,0.4,False,1.2109741784037562,False,False,52.0,0.6,0.5609336356260416,False,0.75,0.0075,False,False,52.0,0.6,0.5609336356260416,False,0.7,0.01,False,False,52.0,0.6,0.5609336356260416,False,0.7,0.01
UZS_RUB,2026-08-01,0.00664402,0.0666666666666666,0.00649224,-0.0233786797777038,0.006645625163987,0.006647120231593,0.0066444011943334,0.0066533669824185,0.0066532572960076,0.0066444011943334,0.0,0.00667826,0.0,TEST,0.050000000000000044,1.0,0.43000000000000005,False,0.9781621032226783,False,False,53.0,0.6,0.5609336356260416,False,0.75,0.0075,False,False,53.0,0.6,0.5609336356260416,False,0.7,0.01,False,False,53.0,0.6,0.5609336356260416,False,0.7,0.01
UZS_RUB,2026-08-04,0.00667826,0.011111111111111,0.00650744,-0.0262499538989219,0.0066902786447949,0.0066950954987401,0.0066786669456755,0.0066983952578026,0.006697539017503,0.0066786669456755,0.0,0.00679347,0.0,TEST,0.0,1.0,0.4,False,1.0818693966561663,False,False,54.0,0.6,0.5609336356260416,False,0.75,0.0075,False,False,54.0,0.6,0.5609336356260416,False,0.7,0.01,False,False,54.0,0.6,0.5609336356260416,False,0.7,0.01
UZS_RUB,2026-08-05,0.00679347,0.0,0.00653077,-0.0402249658156695,0.0068102546577067,0.0068128798549144,0.0067938597688852,0.006816836444723,0.0068076390316926,0.0067938597688852,0.0,0.00680838,0.0,TEST,0.0,1.0,0.4,False,1.3225454240040315,False,False,55.0,0.6,0.5609336356260416,False,0.75,0.0075,False,False,55.0,0.6,0.5609336356260416,False,0.7,0.01,False,False,55.0,0.6,0.5609336356260416,False,0.7,0.01
UZS_RUB,2026-08-06,0.00680838,0.0,0.00659371,-0.032556785178602,0.0068109924271821,0.0068172586959093,0.0068082537789351,0.006826714682888,0.0068174846814606,0.0068082537789351,1.853907462573456e-05,0.006832,0.0,TEST,0.0,0.9981460925374266,0.39925843701497066,False,1.031562235393734,False,False,56.0,0.6,0.5609336356260416,False,0.75,0.0075,False,False,56.0,0.6,0.5609336356260416,False,0.7,0.01,False,False,56.0,0.6,0.5609336356260416,False,0.7,0.01
UZS_RUB,2026-08-07,0.006832,0.0,0.00664402,-0.0282931117004465,0.0068439209462074,0.0068488675530273,0.0068324163139583,0.0068550112673904,0.0068526524496217,0.0068324163139583,0.0,0.00687465,0.0,TEST,0.0,1.0,0.4,False,1.0484701729904993,False,False,57.0,0.6,0.549069972681112,False,0.75,0.0075,False,False,57.0,0.6,0.549069972681112,False,0.7,0.01,False,False,57.0,0.6,0.549069972681112,False,0.7,0.01
UZS_RUB,2026-08-08,0.00687465,0.0,0.00664402,-0.0347124180842322,0.0068858324764486,0.0068922386916525,0.0068750689128738,0.0068961980105143,0.0068932270626051,0.0068750689128738,0.0,0.00690213,0.0,TEST,0.0,1.0,0.4,False,1.0860000403282721,False,False,58.0,0.6,0.5300754949996016,False,0.75,0.0075,False,False,58.0,0.6,0.5300754949996016,False,0.7,0.01,False,False,58.0,0.6,0.5300754949996016,False,0.7,0.01
UZS_RUB,2026-08-11,0.00692155,0.0,0.00667826,-0.0364301479726755,0.0069344538768465,0.0069380652627133,0.0069219471173534,0.0069428484076092,0.0069343716639586,0.0069219471173534,0.0,0.00690213,0.0028057299304346,TEST,0.0,1.0,0.4,False,1.0870808422147125,False,False,59.0,0.6,0.5011303421414625,False,0.75,0.0075,False,False,59.0,0.6,0.5011303421414625,False,0.7,0.01,False,False,59.0,0.6,0.5011303421414625,False,0.7,0.01
UZS_RUB,2026-08-12,0.00690213,0.011111111111111,0.00679347,-0.015994771449642,0.006903367180311,0.0069081791522214,0.0069025260031494,0.0069150741698792,0.0069075750269683,0.0069025260031494,0.0,0.00698049,0.0,TEST,0.050000000000000044,1.0,0.43000000000000005,False,0.9610821643286572,False,False,60.0,0.6,0.49000000000000005,False,0.75,0.0075,False,False,60.0,0.6,0.49000000000000005,False,0.7,0.01,False,False,60.0,0.6,0.49000000000000005,False,0.7,0.01
UZS_RUB,2026-08-13,0.00698049,0.0,0.00680838,-0.0252791412935235,0.0069912000909104,0.0069956683059929,0.006980360588175,0.0070021329888389,0.0069950896533176,0.006980360588175,1.8539074620846265e-05,0.00701387,0.0,TEST,0.0,0.9981460925379154,0.39925843701516617,False,1.1246167833054939,False,False,61.0,0.6,0.45400000000000007,False,0.75,0.0075,False,False,61.0,0.6,0.45400000000000007,False,0.7,0.01,False,False,61.0,0.6,0.45400000000000007,False,0.7,0.01
UZS_RUB,2026-08-14,0.00701387,0.0,0.006832,-0.0266203161592505,0.0070226128494796,0.007030622329493,0.0070142973963675,0.0070377228804846,0.0070340699372422,0.0070142973963675,0.0,0.00706705,0.0,TEST,0.0,1.0,0.4,False,1.0661828852407018,False,False,62.0,0.6,0.43000000000000005,False,0.75,0.0075,False,False,62.0,0.6,0.43000000000000005,False,0.7,0.01,False,False,62.0,0.6,0.43000000000000005,False,0.7,0.01
UZS_RUB,2026-08-15,0.00708206,0.0,0.00687465,-0.0301702632133999,0.0070954387246582,0.007099727977435,0.0070824663264622,0.0071039925552876,0.0070965062630817,0.0070824663264622,0.0,0.00699924,0.0116943375232629,TEST,0.0,1.0,0.4,False,1.127431743006111,False,False,63.0,0.6,0.43000000000000005,False,0.75,0.0075,False,False,63.0,0.6,0.43000000000000005,False,0.7,0.01,False,False,63.0,0.6,0.43000000000000005,False,0.7,0.01
UZS_RUB,2026-08-18,0.0071493,0.0,0.00690213,-0.0358106845278196,0.0071635953483337,0.0071673242533048,0.0071497101842933,0.0071702097693905,0.0071544682367603,0.0071497101842933,0.0,0.00699924,0.0209894675003146,TEST,0.0,1.0,0.4,False,1.1114536714735614,False,False,64.0,0.6,0.4271166039785608,False,0.75,0.0075,False,False,64.0,0.6,0.4271166039785608,False,0.7,0.01,False,False,64.0,0.6,0.4271166039785608,False,0.7,0.01
UZS_RUB,2026-08-19,0.00718242,0.0,0.00690213,-0.0406092032459544,0.0071912884967459,0.0071987427116948,0.0071828320845218,0.0072045300967593,0.0071943626553746,0.0071828320845218,0.0,0.00699924,0.0255039387838639,TEST,0.0,1.0,0.4,False,1.0493930265159426,False,False,65.0,0.6,0.41200000000000003,False,0.75,0.0075,False,False,65.0,0.6,0.41200000000000003,False,0.7,0.01,False,False,65.0,0.6,0.41200000000000003,False,0.7,0.01
UZS_RUB,2026-08-20,0.0072019,0.0,0.00698049,-0.0317184037223747,0.0072053108341437,0.0072136271673242,0.0072023132021683,0.0072228394807626,0.0072117893894007,0.0072023132021683,0.0,0.00699924,0.0281397964426053,TEST,0.0,1.0,0.4,False,1.0276838245743678,False,False,66.0,0.6,0.4,False,0.75,0.0075,False,False,66.0,0.6,0.4,False,0.7,0.01,False,False,66.0,0.6,0.4,False,0.7,0.01
