corridor,date,rate_t,good_score,closing_score,good_day_candidate,window_closing_candidate,positive_market_fact_candidate,fact_decline_3_quotes,fact_weekly_gain_1pct,fact_low_percentile_30d,golden_good_day,golden_window_closing,golden_positive_market_fact,suppressed_by_priority,suppressed_by_cooldown_only,suppressed_by_weekly_cap,deferred_1d,final_push,final_push_type,final_push_reason,policy_version
AMD_RUB,2026-01-01,0.205126,0.07872331916828995,0.14684298565087028,False,False,False,0,0,0,False,0,0,False,False,False,False,False,none,NO_CANDIDATE,ml28-frozen__priority-aware-cooldown4__weekly-cap2__no-adaptive
AMD_RUB,2026-01-02,0.205126,0.06446651124617776,0.13352623906156758,False,False,False,0,0,0,False,0,0,False,False,False,False,False,none,NO_CANDIDATE,ml28-frozen__priority-aware-cooldown4__weekly-cap2__no-adaptive
AMD_RUB,2026-01-05,0.205126,0.038946718161178465,0.23344295996927228,False,False,False,0,0,0,False,0,0,False,False,False,False,False,none,NO_CANDIDATE,ml28-frozen__priority-aware-cooldown4__weekly-cap2__no-adaptive
AMD_RUB,2026-01-06,0.205126,0.038946718161178465,0.23344295996927228,False,False,False,0,0,0,False,0,0,False,False,False,False,False,none,NO_CANDIDATE,ml28-frozen__priority-aware-cooldown4__weekly-cap2__no-adaptive
AMD_RUB,2026-01-07,0.205126,0.038946718161178465,0.23344295996927228,False,False,False,0,0,0,False,0,0,False,False,False,False,False,none,NO_CANDIDATE,ml28-frozen__priority-aware-cooldown4__weekly-cap2__no-adaptive
AMD_RUB,2026-01-08,0.205126,0.038946718161178465,0.23344295996927228,False,False,False,0,0,0,False,0,0,False,False,False,False,False,none,NO_CANDIDATE,ml28-frozen__priority-aware-cooldown4__weekly-cap2__no-adaptive
AMD_RUB,2026-01-09,0.205126,0.038946718161178465,0.23344295996927228,False,False,False,0,0,0,False,0,0,False,False,False,False,False,none,NO_CANDIDATE,ml28-frozen__priority-aware-cooldown4__weekly-cap2__no-adaptive
AMD_RUB,2026-01-12,0.205126,0.038946718161178465,0.23344295996927228,False,False,False,0,0,0,True,0,0,False,False,False,False,False,none,NO_CANDIDATE,ml28-frozen__priority-aware-cooldown4__weekly-cap2__no-adaptive
AMD_RUB,2026-01-13,0.20672,0.009939022302088193,0.10556280834716106,False,False,False,0,0,0,False,0,0,False,False,False,False,False,none,NO_CANDIDATE,ml28-frozen__priority-aware-cooldown4__weekly-cap2__no-adaptive
AMD_RUB,2026-01-14,0.207055,0.00913081126174153,0.16015284331885246,False,False,False,0,0,0,False,0,0,False,False,False,False,False,none,NO_CANDIDATE,ml28-frozen__priority-aware-cooldown4__weekly-cap2__no-adaptive
AMD_RUB,2026-01-15,0.206587,0.04959215208139051,0.34400831038177765,False,False,False,0,0,0,False,0,0,False,False,False,False,False,none,NO_CANDIDATE,ml28-frozen__priority-aware-cooldown4__weekly-cap2__no-adaptive
AMD_RUB,2026-01-16,0.206969,0.06803286720708336,0.16146436165890046,False,False,False,0,0,0,False,0,0,False,False,False,False,False,none,NO_CANDIDATE,ml28-frozen__priority-aware-cooldown4__weekly-cap2__no-adaptive
AMD_RUB,2026-01-19,0.20483,0.8296155754303158,0.0005356188697024622,True,False,False,0,0,0,False,0,0,False,False,False,False,True,good_day,GOOD_DAY,ml28-frozen__priority-aware-cooldown4__weekly-cap2__no-adaptive
AMD_RUB,2026-01-20,0.205227,0.7792971525371499,0.0014046220225741805,False,False,False,0,0,0,False,0,0,False,False,False,False,False,none,NO_CANDIDATE,ml28-frozen__priority-aware-cooldown4__weekly-cap2__no-adaptive
AMD_RUB,2026-01-21,0.205229,0.7342376272927024,0.0014793766455139135,False,False,False,0,0,0,False,0,0,False,False,False,False,False,none,NO_CANDIDATE,ml28-frozen__priority-aware-cooldown4__weekly-cap2__no-adaptive
AMD_RUB,2026-01-22,0.204452,0.8427314168694362,0.00019864889591458595,True,False,True,0,1,0,False,0,1,True,True,False,False,False,none,COOLDOWN,ml28-frozen__priority-aware-cooldown4__weekly-cap2__no-adaptive
AMD_RUB,2026-01-23,0.200586,0.8749092495764914,0.00019643632305474076,True,False,True,0,1,1,True,0,1,True,True,False,False,False,none,COOLDOWN,ml28-frozen__priority-aware-cooldown4__weekly-cap2__no-adaptive
AMD_RUB,2026-01-26,0.200292,0.7824661191841725,0.0006703531815698867,False,False,True,1,1,1,True,0,1,False,False,False,False,True,positive_market_fact,POSITIVE_MARKET_FACT,ml28-frozen__priority-aware-cooldown4__weekly-cap2__no-adaptive
AMD_RUB,2026-01-27,0.200628,0.8966383409297591,0.0013359583324130694,True,False,True,0,1,0,True,0,1,True,False,False,False,True,good_day,GOOD_DAY,ml28-frozen__priority-aware-cooldown4__weekly-cap2__no-adaptive
AMD_RUB,2026-01-28,0.202059,0.6806533837819546,0.016169344074658656,False,False,True,0,1,0,False,0,1,False,True,False,False,False,none,COOLDOWN,ml28-frozen__priority-aware-cooldown4__weekly-cap2__no-adaptive
AMD_RUB,2026-01-29,0.201304,0.7054248551567661,0.003460646334890051,False,False,True,0,1,0,True,0,1,False,True,False,False,False,none,COOLDOWN,ml28-frozen__priority-aware-cooldown4__weekly-cap2__no-adaptive
AMD_RUB,2026-01-30,0.200541,0.8638451918991062,0.003624402607869711,True,False,True,0,0,1,True,0,1,True,True,False,False,False,none,COOLDOWN,ml28-frozen__priority-aware-cooldown4__weekly-cap2__no-adaptive
AMD_RUB,2026-02-02,0.200012,0.9685180653542277,0.0021847418189630085,True,False,True,1,0,1,True,0,1,True,False,False,False,True,good_day,GOOD_DAY,ml28-frozen__priority-aware-cooldown4__weekly-cap2__no-adaptive
AMD_RUB,2026-02-03,0.203209,0.01665762856366181,0.7319964817104954,False,False,False,0,0,0,False,0,0,False,False,False,False,False,none,NO_CANDIDATE,ml28-frozen__priority-aware-cooldown4__weekly-cap2__no-adaptive
AMD_RUB,2026-02-04,0.203419,0.039293190127878276,0.4899545721425931,False,False,False,0,0,0,False,0,0,False,False,False,False,False,none,NO_CANDIDATE,ml28-frozen__priority-aware-cooldown4__weekly-cap2__no-adaptive
AMD_RUB,2026-02-05,0.203326,0.022527442875920862,0.3448520372813843,False,False,False,0,0,0,False,0,0,False,False,False,False,False,none,NO_CANDIDATE,ml28-frozen__priority-aware-cooldown4__weekly-cap2__no-adaptive
AMD_RUB,2026-02-06,0.202514,0.22477625838846857,0.04224629396165392,False,False,False,0,0,0,False,1,0,False,False,False,False,False,none,NO_CANDIDATE,ml28-frozen__priority-aware-cooldown4__weekly-cap2__no-adaptive
AMD_RUB,2026-02-09,0.204008,0.018233876706054027,0.3159526248155499,False,False,False,0,0,0,False,0,0,False,False,False,False,False,none,NO_CANDIDATE,ml28-frozen__priority-aware-cooldown4__weekly-cap2__no-adaptive
AMD_RUB,2026-02-10,0.20544,0.004570455428139293,0.7459755289894552,False,False,False,0,0,0,False,0,0,False,False,False,False,False,none,NO_CANDIDATE,ml28-frozen__priority-aware-cooldown4__weekly-cap2__no-adaptive
AMD_RUB,2026-02-11,0.204322,0.2666679061640651,0.5978150739209127,False,False,False,0,0,0,False,0,0,False,False,False,False,False,none,NO_CANDIDATE,ml28-frozen__priority-aware-cooldown4__weekly-cap2__no-adaptive
AMD_RUB,2026-02-12,0.205199,0.05183798081591806,0.3717810167234922,False,False,False,0,0,0,False,0,0,False,False,False,False,False,none,NO_CANDIDATE,ml28-frozen__priority-aware-cooldown4__weekly-cap2__no-adaptive
AMD_RUB,2026-02-13,0.204434,0.1321188712362915,0.0850126526007287,False,False,False,0,0,0,False,0,0,False,False,False,False,False,none,NO_CANDIDATE,ml28-frozen__priority-aware-cooldown4__weekly-cap2__no-adaptive
AMD_RUB,2026-02-16,0.204792,0.6439131552061784,0.21012673181599348,False,False,False,0,0,0,False,0,0,False,False,False,False,False,none,NO_CANDIDATE,ml28-frozen__priority-aware-cooldown4__weekly-cap2__no-adaptive
AMD_RUB,2026-02-17,0.202876,0.7818191274013302,0.04355203321027193,False,False,True,0,1,0,True,0,1,False,False,False,False,True,positive_market_fact,POSITIVE_MARKET_FACT,ml28-frozen__priority-aware-cooldown4__weekly-cap2__no-adaptive
AMD_RUB,2026-02-18,0.203643,0.835783812566603,0.05491496128890161,True,False,False,0,0,0,True,0,0,False,False,False,False,True,good_day,GOOD_DAY,ml28-frozen__priority-aware-cooldown4__weekly-cap2__no-adaptive
AMD_RUB,2026-02-19,0.201627,0.9103944463498559,0.0015613231323392646,True,False,True,0,1,0,True,0,1,True,True,False,False,False,none,COOLDOWN,ml28-frozen__priority-aware-cooldown4__weekly-cap2__no-adaptive
AMD_RUB,2026-02-20,0.203323,0.8985041752638286,0.005592254502559995,True,False,False,0,0,0,True,0,0,False,True,False,False,False,none,COOLDOWN,ml28-frozen__priority-aware-cooldown4__weekly-cap2__no-adaptive
AMD_RUB,2026-02-23,0.203683,0.8966831709412534,0.09459874487923205,True,False,False,0,0,0,False,0,0,False,False,False,False,True,good_day,GOOD_DAY,ml28-frozen__priority-aware-cooldown4__weekly-cap2__no-adaptive
AMD_RUB,2026-02-24,0.203683,0.8714357245909996,0.055985899560598,True,False,False,0,0,0,False,0,0,False,True,False,False,False,none,COOLDOWN,ml28-frozen__priority-aware-cooldown4__weekly-cap2__no-adaptive
AMD_RUB,2026-02-25,0.202822,0.8614863174548976,0.15074171374266995,True,False,False,0,0,0,True,0,0,False,True,False,False,False,none,COOLDOWN,ml28-frozen__priority-aware-cooldown4__weekly-cap2__no-adaptive
AMD_RUB,2026-02-26,0.202875,0.9232596723045312,0.024035619601343854,True,False,False,0,0,0,True,0,0,False,True,False,False,False,none,COOLDOWN,ml28-frozen__priority-aware-cooldown4__weekly-cap2__no-adaptive
AMD_RUB,2026-02-27,0.204545,0.0923631508265047,0.4004127598390688,False,False,False,0,0,0,False,0,0,False,False,False,False,False,none,NO_CANDIDATE,ml28-frozen__priority-aware-cooldown4__weekly-cap2__no-adaptive
AMD_RUB,2026-03-02,0.20497,0.0570751789226414,0.3732830714707104,False,False,False,0,0,0,False,1,0,False,False,False,False,False,none,NO_CANDIDATE,ml28-frozen__priority-aware-cooldown4__weekly-cap2__no-adaptive
AMD_RUB,2026-03-03,0.204769,0.657402949249833,0.09976128937342778,False,False,False,0,0,0,True,0,0,False,False,False,False,False,none,NO_CANDIDATE,ml28-frozen__priority-aware-cooldown4__weekly-cap2__no-adaptive
AMD_RUB,2026-03-04,0.205866,0.055272970985634724,0.4339087770268688,False,False,False,0,0,0,False,1,0,False,False,False,False,False,none,NO_CANDIDATE,ml28-frozen__priority-aware-cooldown4__weekly-cap2__no-adaptive
AMD_RUB,2026-03-05,0.205899,0.08011563456300863,0.5230358958528515,False,False,False,0,0,0,False,1,0,False,False,False,False,False,none,NO_CANDIDATE,ml28-frozen__priority-aware-cooldown4__weekly-cap2__no-adaptive
AMD_RUB,2026-03-06,0.207076,0.025316114866780447,0.4286217681636927,False,False,False,0,0,0,False,0,0,False,False,False,False,False,none,NO_CANDIDATE,ml28-frozen__priority-aware-cooldown4__weekly-cap2__no-adaptive
AMD_RUB,2026-03-09,0.209774,0.002437540607609064,0.003780347013006742,False,False,False,0,0,0,False,0,0,False,False,False,False,False,none,NO_CANDIDATE,ml28-frozen__priority-aware-cooldown4__weekly-cap2__no-adaptive
AMD_RUB,2026-03-10,0.209774,0.004062132274580764,0.004170009937757827,False,False,False,0,0,0,False,0,0,False,False,False,False,False,none,NO_CANDIDATE,ml28-frozen__priority-aware-cooldown4__weekly-cap2__no-adaptive
AMD_RUB,2026-03-11,0.208631,0.009004980802351771,0.04408314349649105,False,False,False,0,0,0,False,1,0,False,False,False,False,False,none,NO_CANDIDATE,ml28-frozen__priority-aware-cooldown4__weekly-cap2__no-adaptive
AMD_RUB,2026-03-12,0.209579,0.003543030486946373,0.02886630667137208,False,False,False,0,0,0,False,0,0,False,False,False,False,False,none,NO_CANDIDATE,ml28-frozen__priority-aware-cooldown4__weekly-cap2__no-adaptive
AMD_RUB,2026-03-13,0.209483,0.01756182278451171,0.05400228334458652,False,False,False,0,0,0,False,0,0,False,False,False,False,False,none,NO_CANDIDATE,ml28-frozen__priority-aware-cooldown4__weekly-cap2__no-adaptive
AMD_RUB,2026-03-16,0.212495,0.002271746075554518,0.01624312377156162,False,False,False,0,0,0,False,0,0,False,False,False,False,False,none,NO_CANDIDATE,ml28-frozen__priority-aware-cooldown4__weekly-cap2__no-adaptive
AMD_RUB,2026-03-17,0.214758,0.0031456078552763085,0.001437638333882738,False,False,False,0,0,0,False,0,0,False,False,False,False,False,none,NO_CANDIDATE,ml28-frozen__priority-aware-cooldown4__weekly-cap2__no-adaptive
AMD_RUB,2026-03-18,0.217004,0.002577484874333548,0.0019474706868202957,False,False,False,0,0,0,False,0,0,False,False,False,False,False,none,NO_CANDIDATE,ml28-frozen__priority-aware-cooldown4__weekly-cap2__no-adaptive
AMD_RUB,2026-03-19,0.220265,0.0027992841914489188,0.001087059598876385,False,False,False,0,0,0,False,0,0,False,False,False,False,False,none,NO_CANDIDATE,ml28-frozen__priority-aware-cooldown4__weekly-cap2__no-adaptive
AMD_RUB,2026-03-20,0.224736,0.0025562408123614745,0.0012830993657016259,False,False,False,0,0,0,False,0,0,False,False,False,False,False,none,NO_CANDIDATE,ml28-frozen__priority-aware-cooldown4__weekly-cap2__no-adaptive
AMD_RUB,2026-03-23,0.222512,0.002886959589071894,0.00021691530076441924,False,False,False,0,0,0,False,0,0,False,False,False,False,False,none,NO_CANDIDATE,ml28-frozen__priority-aware-cooldown4__weekly-cap2__no-adaptive
AMD_RUB,2026-03-24,0.21696,0.020936333812990943,0.003952349949855265,False,False,False,0,0,0,False,0,0,False,False,False,False,False,none,NO_CANDIDATE,ml28-frozen__priority-aware-cooldown4__weekly-cap2__no-adaptive
AMD_RUB,2026-03-25,0.214567,0.21342665407960515,0.0021341895299994873,False,False,True,1,1,0,False,0,1,False,False,False,False,True,positive_market_fact,POSITIVE_MARKET_FACT,ml28-frozen__priority-aware-cooldown4__weekly-cap2__no-adaptive
AMD_RUB,2026-03-26,0.213996,0.3519357507960004,0.002278340079525984,False,False,True,1,1,0,False,0,1,False,True,False,False,False,none,COOLDOWN,ml28-frozen__priority-aware-cooldown4__weekly-cap2__no-adaptive
AMD_RUB,2026-03-27,0.217647,0.03393641203534425,0.009322619761289425,False,False,True,0,1,0,False,0,1,False,True,False,False,False,none,COOLDOWN,ml28-frozen__priority-aware-cooldown4__weekly-cap2__no-adaptive
AMD_RUB,2026-03-30,0.215134,0.317732988706593,0.009957881974584781,False,False,True,0,1,0,False,0,1,False,False,False,False,True,positive_market_fact,POSITIVE_MARKET_FACT,ml28-frozen__priority-aware-cooldown4__weekly-cap2__no-adaptive
AMD_RUB,2026-03-31,0.21533,0.26035207923373455,0.005493965876809381,False,False,False,0,0,0,False,0,0,False,False,False,False,False,none,NO_CANDIDATE,ml28-frozen__priority-aware-cooldown4__weekly-cap2__no-adaptive
AMD_RUB,2026-04-01,0.215427,0.19061546790941317,0.004896750167603895,False,False,False,0,0,0,False,0,0,False,False,False,False,False,none,NO_CANDIDATE,ml28-frozen__priority-aware-cooldown4__weekly-cap2__no-adaptive
AMD_RUB,2026-04-02,0.213725,0.2043492113013756,0.0313020590850577,False,False,False,0,0,0,False,0,0,False,False,False,False,False,none,NO_CANDIDATE,ml28-frozen__priority-aware-cooldown4__weekly-cap2__no-adaptive
AMD_RUB,2026-04-03,0.213108,0.6369252154309866,0.023443650584779676,False,False,True,0,1,0,False,0,1,False,True,False,False,False,none,COOLDOWN,ml28-frozen__priority-aware-cooldown4__weekly-cap2__no-adaptive
AMD_RUB,2026-04-06,0.211495,0.7022116015909797,0.008040782054673224,False,False,True,1,1,0,False,0,1,False,False,False,False,True,positive_market_fact,POSITIVE_MARKET_FACT,ml28-frozen__priority-aware-cooldown4__weekly-cap2__no-adaptive
AMD_RUB,2026-04-07,0.209037,0.8144741823760016,0.0011293102398255998,True,False,True,1,1,1,False,0,1,True,False,False,False,True,good_day,GOOD_DAY,ml28-frozen__priority-aware-cooldown4__weekly-cap2__no-adaptive
AMD_RUB,2026-04-08,0.209179,0.8340138640931567,0.004085527798146396,True,False,True,0,1,1,False,0,1,True,True,False,False,False,none,COOLDOWN,ml28-frozen__priority-aware-cooldown4__weekly-cap2__no-adaptive
AMD_RUB,2026-04-09,0.208079,0.8297869640972004,0.0010570725683824549,True,False,True,0,1,1,False,0,1,True,True,False,False,False,none,COOLDOWN,ml28-frozen__priority-aware-cooldown4__weekly-cap2__no-adaptive
AMD_RUB,2026-04-10,0.206979,0.34432709633003017,0.0010629140285923833,False,False,True,0,1,1,False,0,1,False,True,False,False,False,none,COOLDOWN,ml28-frozen__priority-aware-cooldown4__weekly-cap2__no-adaptive
AMD_RUB,2026-04-13,0.204861,0.5259498337276528,0.0005520404110161557,False,False,True,1,1,1,False,0,1,False,False,False,False,True,positive_market_fact,POSITIVE_MARKET_FACT,ml28-frozen__priority-aware-cooldown4__weekly-cap2__no-adaptive
AMD_RUB,2026-04-14,0.203227,0.4041653526526473,0.0004796446882704053,False,False,True,1,1,1,False,0,1,False,True,False,False,False,none,COOLDOWN,ml28-frozen__priority-aware-cooldown4__weekly-cap2__no-adaptive
AMD_RUB,2026-04-15,0.202173,0.34599847394526023,0.0003153760753192728,False,False,True,1,1,1,True,0,1,False,True,False,False,False,none,COOLDOWN,ml28-frozen__priority-aware-cooldown4__weekly-cap2__no-adaptive
AMD_RUB,2026-04-16,0.200904,0.427015257438518,0.0001305885979093901,False,False,True,1,1,1,True,0,1,False,True,False,False,False,none,COOLDOWN,ml28-frozen__priority-aware-cooldown4__weekly-cap2__no-adaptive
AMD_RUB,2026-04-17,0.203352,0.058468117788929144,0.08483880472575854,False,False,True,0,1,1,False,0,1,False,True,False,False,False,none,COOLDOWN,ml28-frozen__priority-aware-cooldown4__weekly-cap2__no-adaptive
AMD_RUB,2026-04-20,0.203455,0.4168454651563729,0.2909638048014637,False,False,False,0,0,0,False,0,0,False,False,False,False,False,none,NO_CANDIDATE,ml28-frozen__priority-aware-cooldown4__weekly-cap2__no-adaptive
AMD_RUB,2026-04-21,0.201789,0.7546926528101795,0.0018917821845675458,False,False,True,0,0,1,True,0,1,False,False,False,False,True,positive_market_fact,POSITIVE_MARKET_FACT,ml28-frozen__priority-aware-cooldown4__weekly-cap2__no-adaptive
AMD_RUB,2026-04-22,0.200192,0.6450211387955218,0.0004986845362392072,False,False,True,0,0,1,True,0,1,False,True,False,False,False,none,COOLDOWN,ml28-frozen__priority-aware-cooldown4__weekly-cap2__no-adaptive
AMD_RUB,2026-04-23,0.201406,0.4741428749035965,0.0030259185977965005,False,False,True,0,0,1,True,0,1,False,True,False,False,False,none,COOLDOWN,ml28-frozen__priority-aware-cooldown4__weekly-cap2__no-adaptive
AMD_RUB,2026-04-24,0.201261,0.33884876256693364,0.0030960291527688546,False,False,True,0,1,1,True,0,1,False,True,False,False,False,none,COOLDOWN,ml28-frozen__priority-aware-cooldown4__weekly-cap2__no-adaptive
AMD_RUB,2026-04-27,0.203123,0.02384295401472531,0.828421283792049,False,True,False,0,0,0,False,0,0,False,False,False,False,True,window_closing,WINDOW_CLOSING,ml28-frozen__priority-aware-cooldown4__weekly-cap2__no-adaptive
AMD_RUB,2026-04-28,0.201335,0.4803427848370833,0.01967513493745877,False,False,True,0,0,1,True,0,1,False,True,False,False,False,none,COOLDOWN,ml28-frozen__priority-aware-cooldown4__weekly-cap2__no-adaptive
AMD_RUB,2026-04-29,0.201117,0.6468037423563456,0.015770746623656545,False,False,True,0,0,1,True,0,1,False,True,False,False,False,none,COOLDOWN,ml28-frozen__priority-aware-cooldown4__weekly-cap2__no-adaptive
AMD_RUB,2026-04-30,0.201731,0.8931952785820844,0.03666346152029255,True,False,False,0,0,0,True,0,0,False,True,False,False,False,none,COOLDOWN,ml28-frozen__priority-aware-cooldown4__weekly-cap2__no-adaptive
AMD_RUB,2026-05-01,0.201741,0.8783296519004615,0.03094767073082379,True,False,False,0,0,0,True,0,0,False,True,False,False,False,none,COOLDOWN,ml28-frozen__priority-aware-cooldown4__weekly-cap2__no-adaptive
AMD_RUB,2026-05-04,0.201741,0.8060073684520523,0.026231190921760038,True,False,False,0,0,0,False,0,0,False,False,False,False,True,good_day,GOOD_DAY,ml28-frozen__priority-aware-cooldown4__weekly-cap2__no-adaptive
AMD_RUB,2026-05-05,0.20346,0.1316630081739724,0.2740041601962732,False,False,False,0,0,0,False,0,0,False,False,False,False,False,none,NO_CANDIDATE,ml28-frozen__priority-aware-cooldown4__weekly-cap2__no-adaptive
AMD_RUB,2026-05-06,0.203393,0.11920351223345049,0.1761646674144928,False,False,False,0,0,0,False,0,0,False,False,False,False,False,none,NO_CANDIDATE,ml28-frozen__priority-aware-cooldown4__weekly-cap2__no-adaptive
AMD_RUB,2026-05-07,0.20331,0.05219786173281722,0.6413474409074325,False,False,False,0,0,0,False,0,0,False,False,False,False,False,none,NO_CANDIDATE,ml28-frozen__priority-aware-cooldown4__weekly-cap2__no-adaptive
AMD_RUB,2026-05-08,0.202071,0.8822142953226327,0.007438974003970377,True,False,True,1,0,0,False,0,1,True,True,False,False,False,none,COOLDOWN,ml28-frozen__priority-aware-cooldown4__weekly-cap2__no-adaptive
AMD_RUB,2026-05-11,0.20134,0.9497579902109837,0.00029910355330649106,True,False,True,1,0,0,False,0,1,True,False,False,False,True,good_day,GOOD_DAY,ml28-frozen__priority-aware-cooldown4__weekly-cap2__no-adaptive
AMD_RUB,2026-05-12,0.20134,0.9172354046618463,0.0003872643113127519,True,False,True,1,1,0,False,0,1,True,True,False,False,False,none,COOLDOWN,ml28-frozen__priority-aware-cooldown4__weekly-cap2__no-adaptive
AMD_RUB,2026-05-13,0.200173,0.908729820631461,0.00025645309899266803,True,False,True,1,1,1,False,0,1,True,True,False,False,False,none,COOLDOWN,ml28-frozen__priority-aware-cooldown4__weekly-cap2__no-adaptive
AMD_RUB,2026-05-14,0.198958,0.8436238569304358,0.00020728043567715243,True,False,True,1,1,1,False,0,1,True,True,False,False,False,none,COOLDOWN,ml28-frozen__priority-aware-cooldown4__weekly-cap2__no-adaptive
AMD_RUB,2026-05-15,0.198326,0.871657691267368,0.00024916304700740264,True,False,True,1,1,1,False,0,1,True,True,False,False,False,none,COOLDOWN,ml28-frozen__priority-aware-cooldown4__weekly-cap2__no-adaptive
AMD_RUB,2026-05-18,0.198592,0.9073419344241994,0.003295597207648265,True,False,True,0,1,1,False,0,1,True,False,False,False,True,good_day,GOOD_DAY,ml28-frozen__priority-aware-cooldown4__weekly-cap2__no-adaptive
AMD_RUB,2026-05-19,0.196581,0.9548152051721177,0.0034018202386628805,True,False,True,0,1,1,False,0,1,True,True,False,False,False,none,COOLDOWN,ml28-frozen__priority-aware-cooldown4__weekly-cap2__no-adaptive
AMD_RUB,2026-05-20,0.193619,0.8658515094024252,0.0025454924436614018,True,False,True,0,1,1,True,0,1,True,True,False,False,False,none,COOLDOWN,ml28-frozen__priority-aware-cooldown4__weekly-cap2__no-adaptive
AMD_RUB,2026-05-21,0.192869,0.5095144496525401,0.0015322462743074126,False,False,True,1,1,1,True,0,1,False,True,False,False,False,none,COOLDOWN,ml28-frozen__priority-aware-cooldown4__weekly-cap2__no-adaptive
AMD_RUB,2026-05-22,0.192438,0.4000078865081202,0.0016686834262848796,False,False,True,1,1,1,True,0,1,False,True,False,False,False,none,COOLDOWN,ml28-frozen__priority-aware-cooldown4__weekly-cap2__no-adaptive
AMD_RUB,2026-05-25,0.193518,0.7328984070303909,0.004953116728564947,False,False,True,0,1,0,True,0,1,False,False,False,False,True,positive_market_fact,POSITIVE_MARKET_FACT,ml28-frozen__priority-aware-cooldown4__weekly-cap2__no-adaptive
AMD_RUB,2026-05-26,0.194413,0.2937062911781459,0.32844117265883016,False,False,True,0,1,0,False,0,1,False,True,False,False,False,none,COOLDOWN,ml28-frozen__priority-aware-cooldown4__weekly-cap2__no-adaptive
AMD_RUB,2026-05-27,0.194888,0.03399165584852455,0.24971704692086194,False,False,False,0,0,0,False,0,0,False,False,False,False,False,none,NO_CANDIDATE,ml28-frozen__priority-aware-cooldown4__weekly-cap2__no-adaptive
AMD_RUB,2026-05-28,0.19264,0.6551528370955902,0.00677695952063335,False,False,True,0,0,1,True,0,1,False,True,False,False,False,none,COOLDOWN,ml28-frozen__priority-aware-cooldown4__weekly-cap2__no-adaptive
AMD_RUB,2026-05-29,0.193918,0.53968843804712,0.015816200800552464,False,False,False,0,0,0,True,0,0,False,False,False,False,False,none,NO_CANDIDATE,ml28-frozen__priority-aware-cooldown4__weekly-cap2__no-adaptive
AMD_RUB,2026-06-01,0.192901,0.856885373061918,0.007699039722523802,True,False,False,0,0,0,True,0,0,False,False,False,False,True,good_day,GOOD_DAY,ml28-frozen__priority-aware-cooldown4__weekly-cap2__no-adaptive
AMD_RUB,2026-06-02,0.194253,0.6231417611563811,0.10739318054930055,False,False,False,0,0,0,True,0,0,False,False,False,False,False,none,NO_CANDIDATE,ml28-frozen__priority-aware-cooldown4__weekly-cap2__no-adaptive
AMD_RUB,2026-06-03,0.19689,0.0062550614578716236,0.16936855520336097,False,False,False,0,0,0,False,0,0,False,False,False,False,False,none,NO_CANDIDATE,ml28-frozen__priority-aware-cooldown4__weekly-cap2__no-adaptive
AMD_RUB,2026-06-04,0.199022,0.0027718453397799834,0.004429303358133594,False,False,False,0,0,0,False,0,0,False,False,False,False,False,none,NO_CANDIDATE,ml28-frozen__priority-aware-cooldown4__weekly-cap2__no-adaptive
AMD_RUB,2026-06-05,0.201567,0.0022589275182029766,0.0011615772001788466,False,False,False,0,0,0,False,0,0,False,False,False,False,False,none,NO_CANDIDATE,ml28-frozen__priority-aware-cooldown4__weekly-cap2__no-adaptive
AMD_RUB,2026-06-08,0.199351,0.008944181319865836,0.0004786052416399951,False,False,False,0,0,0,False,0,0,False,False,False,False,False,none,NO_CANDIDATE,ml28-frozen__priority-aware-cooldown4__weekly-cap2__no-adaptive
AMD_RUB,2026-06-09,0.198802,0.010452516261004418,0.0009473219702873998,False,False,False,0,0,0,False,0,0,False,False,False,False,False,none,NO_CANDIDATE,ml28-frozen__priority-aware-cooldown4__weekly-cap2__no-adaptive
AMD_RUB,2026-06-10,0.194685,0.2959270076412373,0.000875887982498487,False,False,True,1,1,0,True,0,1,False,False,False,False,True,positive_market_fact,POSITIVE_MARKET_FACT,ml28-frozen__priority-aware-cooldown4__weekly-cap2__no-adaptive
AMD_RUB,2026-06-11,0.194846,0.38743823517594156,0.00803447463418797,False,False,True,0,1,0,False,0,1,False,True,False,False,False,none,COOLDOWN,ml28-frozen__priority-aware-cooldown4__weekly-cap2__no-adaptive
AMD_RUB,2026-06-12,0.195179,0.6205944081835431,0.007597221898259662,False,False,True,0,1,0,True,0,1,False,True,False,False,False,none,COOLDOWN,ml28-frozen__priority-aware-cooldown4__weekly-cap2__no-adaptive
AMD_RUB,2026-06-15,0.195179,0.7010795609315318,0.005540336545832411,False,False,True,0,1,0,True,0,1,False,False,False,False,True,positive_market_fact,POSITIVE_MARKET_FACT,ml28-frozen__priority-aware-cooldown4__weekly-cap2__no-adaptive
AMD_RUB,2026-06-16,0.196846,0.11594237925213931,0.039182157569235945,False,False,False,0,0,0,False,1,0,False,False,False,False,False,none,NO_CANDIDATE,ml28-frozen__priority-aware-cooldown4__weekly-cap2__no-adaptive
AMD_RUB,2026-06-17,0.195918,0.4022795473687646,0.010124295862046053,False,False,False,0,0,0,True,0,0,False,False,False,False,False,none,NO_CANDIDATE,ml28-frozen__priority-aware-cooldown4__weekly-cap2__no-adaptive
AMD_RUB,2026-06-18,0.197652,0.010037141186158099,0.02882869475971256,False,False,False,0,0,0,False,1,0,False,False,False,False,False,none,NO_CANDIDATE,ml28-frozen__priority-aware-cooldown4__weekly-cap2__no-adaptive
AMD_RUB,2026-06-19,0.199243,0.014653209469128646,0.006564609963087789,False,False,False,0,0,0,False,0,0,False,False,False,False,False,none,NO_CANDIDATE,ml28-frozen__priority-aware-cooldown4__weekly-cap2__no-adaptive
AMD_RUB,2026-06-22,0.199481,0.034382993890819356,0.0010599509808877276,False,False,False,0,0,0,False,0,0,False,False,False,False,False,none,NO_CANDIDATE,ml28-frozen__priority-aware-cooldown4__weekly-cap2__no-adaptive
AMD_RUB,2026-06-23,0.20041,0.03242517920153328,0.061069203494175196,False,False,False,0,0,0,False,0,0,False,False,False,False,False,none,NO_CANDIDATE,ml28-frozen__priority-aware-cooldown4__weekly-cap2__no-adaptive
AMD_RUB,2026-06-24,0.202728,0.011681824415970538,0.00318313749242639,False,False,False,0,0,0,False,0,0,False,False,False,False,False,none,NO_CANDIDATE,ml28-frozen__priority-aware-cooldown4__weekly-cap2__no-adaptive
AMD_RUB,2026-06-25,0.203228,0.0066092200481996845,0.00115902194266334,False,False,False,0,0,0,False,0,0,False,False,False,False,False,none,NO_CANDIDATE,ml28-frozen__priority-aware-cooldown4__weekly-cap2__no-adaptive
AMD_RUB,2026-06-26,0.205384,0.004746772015922797,0.0011350057154991642,False,False,False,0,0,0,False,0,0,False,False,False,False,False,none,NO_CANDIDATE,ml28-frozen__priority-aware-cooldown4__weekly-cap2__no-adaptive
AMD_RUB,2026-06-29,0.209337,0.007639960532738347,0.0024504848610991184,False,False,False,0,0,0,False,0,0,False,False,False,False,False,none,NO_CANDIDATE,ml28-frozen__priority-aware-cooldown4__weekly-cap2__no-adaptive
AMD_RUB,2026-06-30,0.211253,0.005008647200918788,0.001691388217700047,False,False,False,0,0,0,False,0,0,False,False,False,False,False,none,NO_CANDIDATE,ml28-frozen__priority-aware-cooldown4__weekly-cap2__no-adaptive
AMD_RUB,2026-07-01,0.212753,0.004628151823788781,0.0018959684966159097,False,False,False,0,0,0,False,0,0,False,False,False,False,False,none,NO_CANDIDATE,ml28-frozen__priority-aware-cooldown4__weekly-cap2__no-adaptive
AMD_RUB,2026-07-02,0.212648,0.008615790661006806,0.0016845179779576998,False,False,False,0,0,0,False,0,0,False,False,False,False,False,none,NO_CANDIDATE,ml28-frozen__priority-aware-cooldown4__weekly-cap2__no-adaptive
AMD_RUB,2026-07-03,0.211649,0.04866768123272883,0.002003863382412132,False,False,False,0,0,0,False,0,0,False,False,False,False,False,none,NO_CANDIDATE,ml28-frozen__priority-aware-cooldown4__weekly-cap2__no-adaptive
AMD_RUB,2026-07-06,0.209974,0.5190279692252916,0.004347494905765986,False,False,True,1,0,0,False,0,1,False,False,False,False,True,positive_market_fact,POSITIVE_MARKET_FACT,ml28-frozen__priority-aware-cooldown4__weekly-cap2__no-adaptive
AMD_RUB,2026-07-07,0.212179,0.37929533586232056,0.005915727624207789,False,False,False,0,0,0,False,0,0,False,False,False,False,False,none,NO_CANDIDATE,ml28-frozen__priority-aware-cooldown4__weekly-cap2__no-adaptive
AMD_RUB,2026-07-08,0.207162,0.5136612796836493,0.0015606548752127316,False,False,True,0,1,0,True,0,1,False,True,False,False,False,none,COOLDOWN,ml28-frozen__priority-aware-cooldown4__weekly-cap2__no-adaptive
AMD_RUB,2026-07-09,0.208017,0.5593755023405521,0.0023315151631779665,False,False,True,0,1,0,True,0,1,False,True,False,False,False,none,COOLDOWN,ml28-frozen__priority-aware-cooldown4__weekly-cap2__no-adaptive
AMD_RUB,2026-07-10,0.206826,0.3307414091182727,0.008263812393460138,False,False,True,0,1,0,True,0,1,False,True,False,False,False,none,COOLDOWN,ml28-frozen__priority-aware-cooldown4__weekly-cap2__no-adaptive
AMD_RUB,2026-07-13,0.20868,0.5350319453386566,0.03241129730747227,False,False,False,0,0,0,True,0,0,False,False,False,False,False,none,NO_CANDIDATE,ml28-frozen__priority-aware-cooldown4__weekly-cap2__no-adaptive
AMD_RUB,2026-07-14,0.208954,0.31493799904203124,0.00573667035933158,False,False,True,0,1,0,False,1,1,False,False,False,False,True,positive_market_fact,POSITIVE_MARKET_FACT,ml28-frozen__priority-aware-cooldown4__weekly-cap2__no-adaptive
AMD_RUB,2026-07-15,0.211297,0.002159003476952731,0.015780298104856226,False,False,False,0,0,0,False,0,0,False,False,False,False,False,none,NO_CANDIDATE,ml28-frozen__priority-aware-cooldown4__weekly-cap2__no-adaptive
AMD_RUB,2026-07-16,0.212272,0.0058555999031749675,0.020211871894630914,False,False,False,0,0,0,False,0,0,False,False,False,False,False,none,NO_CANDIDATE,ml28-frozen__priority-aware-cooldown4__weekly-cap2__no-adaptive
AMD_RUB,2026-07-17,0.213651,0.016570161089945953,0.0007819323813850158,False,False,False,0,0,0,False,0,0,False,False,False,False,False,none,NO_CANDIDATE,ml28-frozen__priority-aware-cooldown4__weekly-cap2__no-adaptive
AMD_RUB,2026-07-20,0.213708,0.013399523490062933,0.013461008569355998,False,False,False,0,0,0,False,0,0,False,False,False,False,False,none,NO_CANDIDATE,ml28-frozen__priority-aware-cooldown4__weekly-cap2__no-adaptive
AMD_RUB,2026-07-21,0.214019,0.05132086255367363,0.04552334686956307,False,False,False,0,0,0,False,0,0,False,False,False,False,False,none,NO_CANDIDATE,ml28-frozen__priority-aware-cooldown4__weekly-cap2__no-adaptive
AMD_RUB,2026-07-22,0.21423,0.02341717157771144,0.3398793351798079,False,False,False,0,0,0,False,0,0,False,False,False,False,False,none,NO_CANDIDATE,ml28-frozen__priority-aware-cooldown4__weekly-cap2__no-adaptive
AMD_RUB,2026-07-23,0.213894,0.23235000888215862,0.3790151179134918,False,False,False,0,0,0,False,0,0,False,False,False,False,False,none,NO_CANDIDATE,ml28-frozen__priority-aware-cooldown4__weekly-cap2__no-adaptive
AMD_RUB,2026-07-24,0.21425,0.32167325776973826,0.18110720083945295,False,False,False,0,0,0,False,0,0,False,False,False,False,False,none,NO_CANDIDATE,ml28-frozen__priority-aware-cooldown4__weekly-cap2__no-adaptive
AMD_RUB,2026-07-27,0.213275,0.5784895405332153,0.003945187745641872,False,False,False,0,0,0,True,0,0,False,False,False,False,False,none,NO_CANDIDATE,ml28-frozen__priority-aware-cooldown4__weekly-cap2__no-adaptive
AMD_RUB,2026-07-28,0.212743,0.5618866379042685,0.0013911875077896126,False,False,False,0,0,0,True,0,0,False,False,False,False,False,none,NO_CANDIDATE,ml28-frozen__priority-aware-cooldown4__weekly-cap2__no-adaptive
AMD_RUB,2026-07-29,0.214705,0.7607774024770096,0.0266291005138717,False,False,False,0,0,0,True,0,0,False,False,False,False,False,none,NO_CANDIDATE,ml28-frozen__priority-aware-cooldown4__weekly-cap2__no-adaptive
AMD_RUB,2026-07-30,0.216704,0.0069792094016758194,0.087783268652719,False,False,False,0,0,0,False,1,0,False,False,False,False,False,none,NO_CANDIDATE,ml28-frozen__priority-aware-cooldown4__weekly-cap2__no-adaptive
AMD_RUB,2026-07-31,0.217814,0.007912867222520931,0.018225785426091292,False,False,False,0,0,0,False,0,0,False,False,False,False,False,none,NO_CANDIDATE,ml28-frozen__priority-aware-cooldown4__weekly-cap2__no-adaptive
AMD_RUB,2026-08-03,0.216995,0.011391261749428254,0.019417491005333267,False,False,False,0,0,0,False,1,0,False,False,False,False,False,none,NO_CANDIDATE,ml28-frozen__priority-aware-cooldown4__weekly-cap2__no-adaptive
AMD_RUB,2026-08-04,0.218779,0.009518716827177694,0.0029368087437167795,False,False,False,0,0,0,False,0,0,False,False,False,False,False,none,NO_CANDIDATE,ml28-frozen__priority-aware-cooldown4__weekly-cap2__no-adaptive
AMD_RUB,2026-08-05,0.221054,0.004723164418290457,0.004712175971882679,False,False,False,0,0,0,False,0,0,False,False,False,False,False,none,NO_CANDIDATE,ml28-frozen__priority-aware-cooldown4__weekly-cap2__no-adaptive
AMD_RUB,2026-08-06,0.221034,0.004712556236972502,0.023276270042661317,False,False,False,0,0,0,False,0,0,False,False,False,False,False,none,NO_CANDIDATE,ml28-frozen__priority-aware-cooldown4__weekly-cap2__no-adaptive
AMD_RUB,2026-08-07,0.222274,0.0027544663379168327,0.018432248113662623,False,False,False,0,0,0,False,0,0,False,False,False,False,False,none,NO_CANDIDATE,ml28-frozen__priority-aware-cooldown4__weekly-cap2__no-adaptive
AMD_RUB,2026-08-10,0.224394,0.0015406590210846494,0.014733170912373734,False,False,False,0,0,0,False,0,0,False,False,False,False,False,none,NO_CANDIDATE,ml28-frozen__priority-aware-cooldown4__weekly-cap2__no-adaptive
AMD_RUB,2026-08-11,0.225773,0.0023028189151546685,0.005229747066891647,False,False,False,0,0,0,False,0,0,False,False,False,False,False,none,NO_CANDIDATE,ml28-frozen__priority-aware-cooldown4__weekly-cap2__no-adaptive
AMD_RUB,2026-08-12,0.225023,0.004684259057237744,0.0656744034372897,False,False,False,0,0,0,False,0,0,False,False,False,False,False,none,NO_CANDIDATE,ml28-frozen__priority-aware-cooldown4__weekly-cap2__no-adaptive
AMD_RUB,2026-08-13,0.226825,0.002451365157497548,0.005742093603782476,False,False,False,0,0,0,False,0,0,False,False,False,False,False,none,NO_CANDIDATE,ml28-frozen__priority-aware-cooldown4__weekly-cap2__no-adaptive
AMD_RUB,2026-08-14,0.229065,0.0027712859614846567,0.004041587408263357,False,False,False,0,0,0,False,0,0,False,False,False,False,False,none,NO_CANDIDATE,ml28-frozen__priority-aware-cooldown4__weekly-cap2__no-adaptive
AMD_RUB,2026-08-17,0.231111,0.001560544702265013,0.005517872413268098,False,False,False,0,0,0,False,0,0,False,False,False,False,False,none,NO_CANDIDATE,ml28-frozen__priority-aware-cooldown4__weekly-cap2__no-adaptive
AMD_RUB,2026-08-18,0.232595,0.0025032525870347516,0.005116216951401483,False,False,False,0,0,0,False,0,0,False,False,False,False,False,none,NO_CANDIDATE,ml28-frozen__priority-aware-cooldown4__weekly-cap2__no-adaptive
AMD_RUB,2026-08-19,0.233168,0.003420444162040583,0.002481977710124003,False,False,False,0,0,0,False,0,0,False,False,False,False,False,none,NO_CANDIDATE,ml28-frozen__priority-aware-cooldown4__weekly-cap2__no-adaptive
AMD_RUB,2026-08-20,0.233257,0.006010473603249778,0.001905855590997547,False,False,False,0,0,0,False,0,0,False,False,False,False,False,none,NO_CANDIDATE,ml28-frozen__priority-aware-cooldown4__weekly-cap2__no-adaptive
AMD_RUB,2026-08-21,0.228207,0.471154533877046,0.020345515430266668,False,False,False,0,0,0,False,1,0,False,False,False,False,False,none,NO_CANDIDATE,ml28-frozen__priority-aware-cooldown4__weekly-cap2__no-adaptive
AMD_RUB,2026-08-24,0.227082,0.3021477346371392,0.0023927412145133605,False,False,True,0,1,0,True,0,1,False,False,False,False,True,positive_market_fact,POSITIVE_MARKET_FACT,ml28-frozen__priority-aware-cooldown4__weekly-cap2__no-adaptive
KGS_RUB,2026-01-01,0.894861,0.22821244397776097,0.162265142588231,False,False,False,0,0,0,False,0,0,False,False,False,False,False,none,NO_CANDIDATE,ml28-frozen__priority-aware-cooldown4__weekly-cap2__no-adaptive
KGS_RUB,2026-01-02,0.894861,0.15706646882514194,0.33727640600363007,False,False,False,0,0,0,False,0,0,False,False,False,False,False,none,NO_CANDIDATE,ml28-frozen__priority-aware-cooldown4__weekly-cap2__no-adaptive
KGS_RUB,2026-01-05,0.894861,0.07849913844274606,0.17368643048803598,False,False,False,0,0,0,False,0,0,False,False,False,False,False,none,NO_CANDIDATE,ml28-frozen__priority-aware-cooldown4__weekly-cap2__no-adaptive
KGS_RUB,2026-01-06,0.894861,0.07849913844274606,0.17368643048803598,False,False,False,0,0,0,False,0,0,False,False,False,False,False,none,NO_CANDIDATE,ml28-frozen__priority-aware-cooldown4__weekly-cap2__no-adaptive
KGS_RUB,2026-01-07,0.894861,0.07849913844274606,0.17368643048803598,False,False,False,0,0,0,False,0,0,False,False,False,False,False,none,NO_CANDIDATE,ml28-frozen__priority-aware-cooldown4__weekly-cap2__no-adaptive
KGS_RUB,2026-01-08,0.894861,0.07849913844274606,0.17368643048803598,False,False,False,0,0,0,False,0,0,False,False,False,False,False,none,NO_CANDIDATE,ml28-frozen__priority-aware-cooldown4__weekly-cap2__no-adaptive
KGS_RUB,2026-01-09,0.894861,0.07849913844274606,0.17368643048803598,False,False,False,0,0,0,False,0,0,False,False,False,False,False,none,NO_CANDIDATE,ml28-frozen__priority-aware-cooldown4__weekly-cap2__no-adaptive
KGS_RUB,2026-01-12,0.894861,0.07849913844274606,0.17368643048803598,False,False,False,0,0,0,True,0,0,False,False,False,False,False,none,NO_CANDIDATE,ml28-frozen__priority-aware-cooldown4__weekly-cap2__no-adaptive
KGS_RUB,2026-01-13,0.900987,0.0057689162686929245,0.13386472311703948,False,False,False,0,0,0,False,0,0,False,False,False,False,False,none,NO_CANDIDATE,ml28-frozen__priority-aware-cooldown4__weekly-cap2__no-adaptive
KGS_RUB,2026-01-14,0.901699,0.0027934752178295605,0.48127022045074236,False,False,False,0,0,0,False,0,0,False,False,False,False,False,none,NO_CANDIDATE,ml28-frozen__priority-aware-cooldown4__weekly-cap2__no-adaptive
KGS_RUB,2026-01-15,0.898486,0.06988910570426655,0.3771324812142289,False,False,False,0,0,0,False,0,0,False,False,False,False,False,none,NO_CANDIDATE,ml28-frozen__priority-aware-cooldown4__weekly-cap2__no-adaptive
KGS_RUB,2026-01-16,0.897987,0.028383123982067833,0.693389789546325,False,False,False,0,0,0,False,0,0,False,False,False,False,False,none,NO_CANDIDATE,ml28-frozen__priority-aware-cooldown4__weekly-cap2__no-adaptive
KGS_RUB,2026-01-19,0.890031,0.8555316500293135,0.0007469364124004979,True,False,True,1,0,0,False,0,1,True,False,False,False,True,good_day,GOOD_DAY,ml28-frozen__priority-aware-cooldown4__weekly-cap2__no-adaptive
KGS_RUB,2026-01-20,0.889178,0.7289831030121855,0.0008739625070671183,False,False,True,1,1,0,False,0,1,False,True,False,False,False,none,COOLDOWN,ml28-frozen__priority-aware-cooldown4__weekly-cap2__no-adaptive
KGS_RUB,2026-01-21,0.889934,0.7886122812618096,0.0018209183456820025,False,False,True,0,1,0,False,0,1,False,True,False,False,False,none,COOLDOWN,ml28-frozen__priority-aware-cooldown4__weekly-cap2__no-adaptive
KGS_RUB,2026-01-22,0.886403,0.825439835039479,0.0010682909987294873,True,False,True,0,1,1,False,0,1,True,True,False,False,False,none,COOLDOWN,ml28-frozen__priority-aware-cooldown4__weekly-cap2__no-adaptive
KGS_RUB,2026-01-23,0.869505,0.7920787943026257,0.0012416031302234561,False,False,True,0,1,1,True,0,1,False,True,False,False,False,none,COOLDOWN,ml28-frozen__priority-aware-cooldown4__weekly-cap2__no-adaptive
KGS_RUB,2026-01-26,0.86821,0.6945031547424512,0.0008717956323475381,False,False,True,1,1,1,True,0,1,False,False,False,False,True,positive_market_fact,POSITIVE_MARKET_FACT,ml28-frozen__priority-aware-cooldown4__weekly-cap2__no-adaptive
KGS_RUB,2026-01-27,0.869184,0.7980390213919485,0.002079516935102931,False,False,True,0,1,1,True,0,1,False,True,False,False,False,none,COOLDOWN,ml28-frozen__priority-aware-cooldown4__weekly-cap2__no-adaptive
KGS_RUB,2026-01-28,0.875389,0.8012384743804558,0.00851600959793882,True,False,True,0,1,0,False,0,1,True,False,False,False,True,good_day,GOOD_DAY,ml28-frozen__priority-aware-cooldown4__weekly-cap2__no-adaptive
KGS_RUB,2026-01-29,0.872112,0.8159495508397095,0.0012260371559853732,True,False,True,0,1,0,True,0,1,True,True,False,False,False,none,COOLDOWN,ml28-frozen__priority-aware-cooldown4__weekly-cap2__no-adaptive
KGS_RUB,2026-01-30,0.869355,0.9586678887240196,0.008878396741139544,True,False,False,0,0,0,True,0,0,False,True,False,False,False,none,COOLDOWN,ml28-frozen__priority-aware-cooldown4__weekly-cap2__no-adaptive
KGS_RUB,2026-02-02,0.866011,0.9710505304720909,0.0020446583144994703,True,False,True,1,0,1,True,0,1,True,False,False,False,True,good_day,GOOD_DAY,ml28-frozen__priority-aware-cooldown4__weekly-cap2__no-adaptive
KGS_RUB,2026-02-03,0.880758,0.00899801923392584,0.4329191716841329,False,False,False,0,0,0,False,0,0,False,False,False,False,False,none,NO_CANDIDATE,ml28-frozen__priority-aware-cooldown4__weekly-cap2__no-adaptive
KGS_RUB,2026-02-04,0.880294,0.03315277617986359,0.2857997672279738,False,False,False,0,0,0,False,0,0,False,False,False,False,False,none,NO_CANDIDATE,ml28-frozen__priority-aware-cooldown4__weekly-cap2__no-adaptive
KGS_RUB,2026-02-05,0.879476,0.023897107097308863,0.54290862372612,False,False,False,0,0,0,False,0,0,False,False,False,False,False,none,NO_CANDIDATE,ml28-frozen__priority-aware-cooldown4__weekly-cap2__no-adaptive
KGS_RUB,2026-02-06,0.875384,0.21106716032105705,0.14719453785578065,False,False,True,1,0,0,False,0,1,False,True,False,False,False,none,COOLDOWN,ml28-frozen__priority-aware-cooldown4__weekly-cap2__no-adaptive
KGS_RUB,2026-02-09,0.881121,0.04837621461922457,0.49987270324798433,False,False,False,0,0,0,False,0,0,False,False,False,False,False,none,NO_CANDIDATE,ml28-frozen__priority-aware-cooldown4__weekly-cap2__no-adaptive
KGS_RUB,2026-02-10,0.887938,0.05030250224389538,0.8936071282566687,False,True,False,0,0,0,False,0,0,False,False,False,False,True,window_closing,WINDOW_CLOSING,ml28-frozen__priority-aware-cooldown4__weekly-cap2__no-adaptive
KGS_RUB,2026-02-11,0.882894,0.47439263498772155,0.5133348896863993,False,False,False,0,0,0,False,0,0,False,False,False,False,False,none,NO_CANDIDATE,ml28-frozen__priority-aware-cooldown4__weekly-cap2__no-adaptive
KGS_RUB,2026-02-12,0.885818,0.08131173600774373,0.8577515955758659,False,True,False,0,0,0,False,0,0,False,True,False,False,False,none,COOLDOWN,ml28-frozen__priority-aware-cooldown4__weekly-cap2__no-adaptive
KGS_RUB,2026-02-13,0.882653,0.13470155338136913,0.21914479779980123,False,False,False,0,0,0,False,0,0,False,False,False,False,False,none,NO_CANDIDATE,ml28-frozen__priority-aware-cooldown4__weekly-cap2__no-adaptive
KGS_RUB,2026-02-16,0.882726,0.6906046037497832,0.3756460025598711,False,False,False,0,0,0,False,0,0,False,False,False,False,False,none,NO_CANDIDATE,ml28-frozen__priority-aware-cooldown4__weekly-cap2__no-adaptive
KGS_RUB,2026-02-17,0.876159,0.8814584431619193,0.008242852605939675,True,False,True,0,1,0,True,0,1,True,False,False,False,True,good_day,GOOD_DAY,ml28-frozen__priority-aware-cooldown4__weekly-cap2__no-adaptive
KGS_RUB,2026-02-18,0.877517,0.8628760655444467,0.011017311664122745,True,False,False,0,0,0,True,0,0,False,True,False,False,False,none,COOLDOWN,ml28-frozen__priority-aware-cooldown4__weekly-cap2__no-adaptive
KGS_RUB,2026-02-19,0.870811,0.8998724796644236,0.0009486727552553487,True,False,True,0,1,0,True,0,1,True,True,False,False,False,none,COOLDOWN,ml28-frozen__priority-aware-cooldown4__weekly-cap2__no-adaptive
KGS_RUB,2026-02-20,0.876392,0.7904051623968683,0.009100943885263594,False,False,False,0,0,0,True,0,0,False,False,False,False,False,none,NO_CANDIDATE,ml28-frozen__priority-aware-cooldown4__weekly-cap2__no-adaptive
KGS_RUB,2026-02-23,0.877666,0.7747451716200249,0.02774058025458951,False,False,False,0,0,0,True,0,0,False,False,False,False,False,none,NO_CANDIDATE,ml28-frozen__priority-aware-cooldown4__weekly-cap2__no-adaptive
KGS_RUB,2026-02-24,0.877666,0.8746111162950263,0.010841044288350915,True,False,False,0,0,0,True,0,0,False,False,False,False,True,good_day,GOOD_DAY,ml28-frozen__priority-aware-cooldown4__weekly-cap2__no-adaptive
KGS_RUB,2026-02-25,0.87632,0.8860745572720148,0.045960642748527236,True,False,False,0,0,0,True,0,0,False,True,False,False,False,none,COOLDOWN,ml28-frozen__priority-aware-cooldown4__weekly-cap2__no-adaptive
KGS_RUB,2026-02-26,0.874417,0.9400345957145607,0.0018879694579982639,True,False,False,0,0,0,True,0,0,False,True,False,False,False,none,COOLDOWN,ml28-frozen__priority-aware-cooldown4__weekly-cap2__no-adaptive
KGS_RUB,2026-02-27,0.881896,0.10342541559752415,0.5590423554054729,False,False,False,0,0,0,False,0,0,False,False,False,False,False,none,NO_CANDIDATE,ml28-frozen__priority-aware-cooldown4__weekly-cap2__no-adaptive
KGS_RUB,2026-03-02,0.883632,0.30585201466599765,0.45436045475494385,False,False,False,0,0,0,False,1,0,False,False,False,False,False,none,NO_CANDIDATE,ml28-frozen__priority-aware-cooldown4__weekly-cap2__no-adaptive
KGS_RUB,2026-03-03,0.882534,0.6025733118423773,0.09322701519499581,False,False,False,0,0,0,True,0,0,False,False,False,False,False,none,NO_CANDIDATE,ml28-frozen__priority-aware-cooldown4__weekly-cap2__no-adaptive
KGS_RUB,2026-03-04,0.887476,0.0756476329799143,0.5073344871117009,False,False,False,0,0,0,False,1,0,False,False,False,False,False,none,NO_CANDIDATE,ml28-frozen__priority-aware-cooldown4__weekly-cap2__no-adaptive
KGS_RUB,2026-03-05,0.889662,0.02491262347927855,0.16208289167838566,False,False,False,0,0,0,False,1,0,False,False,False,False,False,none,NO_CANDIDATE,ml28-frozen__priority-aware-cooldown4__weekly-cap2__no-adaptive
KGS_RUB,2026-03-06,0.894178,0.045753376468189035,0.15672440993153486,False,False,False,0,0,0,False,0,0,False,False,False,False,False,none,NO_CANDIDATE,ml28-frozen__priority-aware-cooldown4__weekly-cap2__no-adaptive
KGS_RUB,2026-03-09,0.905089,0.0029604661386909265,0.007474214872662049,False,False,False,0,0,0,False,0,0,False,False,False,False,False,none,NO_CANDIDATE,ml28-frozen__priority-aware-cooldown4__weekly-cap2__no-adaptive
KGS_RUB,2026-03-10,0.905089,0.002858222109206355,0.002644922410516688,False,False,False,0,0,0,False,0,0,False,False,False,False,False,none,NO_CANDIDATE,ml28-frozen__priority-aware-cooldown4__weekly-cap2__no-adaptive
KGS_RUB,2026-03-11,0.900396,0.005979540430469935,0.019686758597644183,False,False,False,0,0,0,False,0,0,False,False,False,False,False,none,NO_CANDIDATE,ml28-frozen__priority-aware-cooldown4__weekly-cap2__no-adaptive
KGS_RUB,2026-03-12,0.904151,0.0024483826678559093,0.06389899161859353,False,False,False,0,0,0,False,0,0,False,False,False,False,False,none,NO_CANDIDATE,ml28-frozen__priority-aware-cooldown4__weekly-cap2__no-adaptive
KGS_RUB,2026-03-13,0.904141,0.020190217002133876,0.04824266705419239,False,False,False,0,0,0,False,0,0,False,False,False,False,False,none,NO_CANDIDATE,ml28-frozen__priority-aware-cooldown4__weekly-cap2__no-adaptive
KGS_RUB,2026-03-16,0.917389,0.0006045907770447904,0.0050347962710331085,False,False,False,0,0,0,False,0,0,False,False,False,False,False,none,NO_CANDIDATE,ml28-frozen__priority-aware-cooldown4__weekly-cap2__no-adaptive
KGS_RUB,2026-03-17,0.926835,0.0014552776693098233,0.0013665721157383951,False,False,False,0,0,0,False,0,0,False,False,False,False,False,none,NO_CANDIDATE,ml28-frozen__priority-aware-cooldown4__weekly-cap2__no-adaptive
KGS_RUB,2026-03-18,0.936653,0.0020182025428377684,0.0010186718437764453,False,False,False,0,0,0,False,0,0,False,False,False,False,False,none,NO_CANDIDATE,ml28-frozen__priority-aware-cooldown4__weekly-cap2__no-adaptive
KGS_RUB,2026-03-19,0.950553,0.0022254506617024757,0.0005358300240706221,False,False,False,0,0,0,False,0,0,False,False,False,False,False,none,NO_CANDIDATE,ml28-frozen__priority-aware-cooldown4__weekly-cap2__no-adaptive
KGS_RUB,2026-03-20,0.970154,0.0037163370167159044,0.0006564288830750089,False,False,False,0,0,0,False,0,0,False,False,False,False,False,none,NO_CANDIDATE,ml28-frozen__priority-aware-cooldown4__weekly-cap2__no-adaptive
KGS_RUB,2026-03-23,0.960551,0.003991377163375033,0.00012010807727288068,False,False,False,0,0,0,False,0,0,False,False,False,False,False,none,NO_CANDIDATE,ml28-frozen__priority-aware-cooldown4__weekly-cap2__no-adaptive
KGS_RUB,2026-03-24,0.936264,0.01635610053000259,0.0008524682671787665,False,False,False,0,0,0,False,0,0,False,False,False,False,False,none,NO_CANDIDATE,ml28-frozen__priority-aware-cooldown4__weekly-cap2__no-adaptive
KGS_RUB,2026-03-25,0.925807,0.47860851976792196,0.0005832137705353118,False,False,True,1,1,0,False,0,1,False,False,False,False,True,positive_market_fact,POSITIVE_MARKET_FACT,ml28-frozen__priority-aware-cooldown4__weekly-cap2__no-adaptive
KGS_RUB,2026-03-26,0.923041,0.41117521760681,0.0007073301502459683,False,False,True,1,1,0,False,0,1,False,True,False,False,False,none,COOLDOWN,ml28-frozen__priority-aware-cooldown4__weekly-cap2__no-adaptive
KGS_RUB,2026-03-27,0.939181,0.06309633275466416,0.006600330111268141,False,False,True,0,1,0,False,0,1,False,True,False,False,False,none,COOLDOWN,ml28-frozen__priority-aware-cooldown4__weekly-cap2__no-adaptive
KGS_RUB,2026-03-30,0.927894,0.20638764015064112,0.004960083146633169,False,False,True,0,1,0,False,0,1,False,False,False,False,True,positive_market_fact,POSITIVE_MARKET_FACT,ml28-frozen__priority-aware-cooldown4__weekly-cap2__no-adaptive
KGS_RUB,2026-03-31,0.929623,0.14289650917822086,0.003970197901176854,False,False,False,0,0,0,False,0,0,False,False,False,False,False,none,NO_CANDIDATE,ml28-frozen__priority-aware-cooldown4__weekly-cap2__no-adaptive
KGS_RUB,2026-04-01,0.929107,0.15009511244712861,0.004737374083072149,False,False,False,0,0,0,False,0,0,False,False,False,False,False,none,NO_CANDIDATE,ml28-frozen__priority-aware-cooldown4__weekly-cap2__no-adaptive
KGS_RUB,2026-04-02,0.921937,0.5396977511994947,0.012837775786743237,False,False,False,0,0,0,False,0,0,False,False,False,False,False,none,NO_CANDIDATE,ml28-frozen__priority-aware-cooldown4__weekly-cap2__no-adaptive
KGS_RUB,2026-04-03,0.918631,0.7671389305663822,0.005426572741890428,False,False,True,1,1,0,False,0,1,False,True,False,False,False,none,COOLDOWN,ml28-frozen__priority-aware-cooldown4__weekly-cap2__no-adaptive
KGS_RUB,2026-04-06,0.911713,0.8622354141270424,0.000496574612144276,True,False,True,1,1,0,False,0,1,True,False,False,False,True,good_day,GOOD_DAY,ml28-frozen__priority-aware-cooldown4__weekly-cap2__no-adaptive
KGS_RUB,2026-04-07,0.90026,0.8762679553773149,0.00029007092038997595,True,False,True,1,1,1,False,0,1,True,True,False,False,False,none,COOLDOWN,ml28-frozen__priority-aware-cooldown4__weekly-cap2__no-adaptive
KGS_RUB,2026-04-08,0.90051,0.8156128542879136,0.0008219628901559738,True,False,True,0,1,1,False,0,1,True,True,False,False,False,none,COOLDOWN,ml28-frozen__priority-aware-cooldown4__weekly-cap2__no-adaptive
KGS_RUB,2026-04-09,0.895418,0.648635759407631,0.0007812470945719916,False,False,True,0,1,1,False,0,1,False,True,False,False,False,none,COOLDOWN,ml28-frozen__priority-aware-cooldown4__weekly-cap2__no-adaptive
KGS_RUB,2026-04-10,0.890085,0.6350933614759565,0.0005622783777411565,False,False,True,0,1,1,False,0,1,False,True,False,False,False,none,COOLDOWN,ml28-frozen__priority-aware-cooldown4__weekly-cap2__no-adaptive
KGS_RUB,2026-04-13,0.880188,0.5284218258831933,0.00025708040435641757,False,False,True,1,1,1,False,0,1,False,False,False,False,True,positive_market_fact,POSITIVE_MARKET_FACT,ml28-frozen__priority-aware-cooldown4__weekly-cap2__no-adaptive
KGS_RUB,2026-04-14,0.871914,0.4383049748146866,0.0002658810278797723,False,False,True,1,1,1,False,0,1,False,True,False,False,False,none,COOLDOWN,ml28-frozen__priority-aware-cooldown4__weekly-cap2__no-adaptive
KGS_RUB,2026-04-15,0.867389,0.42947302526415465,0.0002613304495968493,False,False,True,1,1,1,False,0,1,False,True,False,False,False,none,COOLDOWN,ml28-frozen__priority-aware-cooldown4__weekly-cap2__no-adaptive
KGS_RUB,2026-04-16,0.860316,0.3635228459531433,0.00042285108660446375,False,False,True,1,1,1,True,0,1,False,True,False,False,False,none,COOLDOWN,ml28-frozen__priority-aware-cooldown4__weekly-cap2__no-adaptive
KGS_RUB,2026-04-17,0.870053,0.134422570378746,0.022969207349580557,False,False,True,0,1,1,False,0,1,False,True,False,False,False,none,COOLDOWN,ml28-frozen__priority-aware-cooldown4__weekly-cap2__no-adaptive
KGS_RUB,2026-04-20,0.86968,0.3321501281462645,0.09928883150966085,False,False,True,0,1,0,False,0,1,False,False,False,False,True,positive_market_fact,POSITIVE_MARKET_FACT,ml28-frozen__priority-aware-cooldown4__weekly-cap2__no-adaptive
KGS_RUB,2026-04-21,0.860343,0.8070131979192535,0.0009003850248356766,True,False,True,0,1,1,True,0,1,True,False,False,False,True,good_day,GOOD_DAY,ml28-frozen__priority-aware-cooldown4__weekly-cap2__no-adaptive
KGS_RUB,2026-04-22,0.852956,0.8487093326970842,0.0002567441322964885,True,False,True,1,1,1,True,0,1,True,True,False,False,False,none,COOLDOWN,ml28-frozen__priority-aware-cooldown4__weekly-cap2__no-adaptive
KGS_RUB,2026-04-23,0.857849,0.3807942535505795,0.004142022895116551,False,False,True,0,0,1,True,0,1,False,True,False,False,False,none,COOLDOWN,ml28-frozen__priority-aware-cooldown4__weekly-cap2__no-adaptive
KGS_RUB,2026-04-24,0.856085,0.7658943886149584,0.0004185799992561458,False,False,True,0,1,1,True,0,1,False,True,False,False,False,none,COOLDOWN,ml28-frozen__priority-aware-cooldown4__weekly-cap2__no-adaptive
KGS_RUB,2026-04-27,0.864125,0.010375639716104218,0.3808304607045658,False,False,False,0,0,0,False,0,0,False,False,False,False,False,none,NO_CANDIDATE,ml28-frozen__priority-aware-cooldown4__weekly-cap2__no-adaptive
KGS_RUB,2026-04-28,0.855627,0.45866908848472426,0.00711600217221105,False,False,True,0,0,1,True,0,1,False,False,False,False,True,positive_market_fact,POSITIVE_MARKET_FACT,ml28-frozen__priority-aware-cooldown4__weekly-cap2__no-adaptive
KGS_RUB,2026-04-29,0.854341,0.6281246654666653,0.007032066645969005,False,False,True,0,0,1,True,0,1,False,True,False,False,False,none,COOLDOWN,ml28-frozen__priority-aware-cooldown4__weekly-cap2__no-adaptive
KGS_RUB,2026-04-30,0.85647,0.6344645528148956,0.05310290344900553,False,False,False,0,0,0,True,0,0,False,False,False,False,False,none,NO_CANDIDATE,ml28-frozen__priority-aware-cooldown4__weekly-cap2__no-adaptive
KGS_RUB,2026-05-01,0.855651,0.700647944084834,0.014816561373233901,False,False,True,0,0,1,True,0,1,False,True,False,False,False,none,COOLDOWN,ml28-frozen__priority-aware-cooldown4__weekly-cap2__no-adaptive
KGS_RUB,2026-05-04,0.855651,0.6460653811601531,0.005253869091022565,False,False,False,0,0,0,False,0,0,False,False,False,False,False,none,NO_CANDIDATE,ml28-frozen__priority-aware-cooldown4__weekly-cap2__no-adaptive
KGS_RUB,2026-05-05,0.862942,0.06364617970826467,0.06228723037551644,False,False,False,0,0,0,False,0,0,False,False,False,False,False,none,NO_CANDIDATE,ml28-frozen__priority-aware-cooldown4__weekly-cap2__no-adaptive
KGS_RUB,2026-05-06,0.861866,0.6654308963562491,0.25204231049494114,False,False,False,0,0,0,False,0,0,False,False,False,False,False,none,NO_CANDIDATE,ml28-frozen__priority-aware-cooldown4__weekly-cap2__no-adaptive
KGS_RUB,2026-05-07,0.860492,0.869219640840358,0.02055375178191914,True,False,False,0,0,0,False,0,0,False,False,False,False,True,good_day,GOOD_DAY,ml28-frozen__priority-aware-cooldown4__weekly-cap2__no-adaptive
KGS_RUB,2026-05-08,0.853586,0.8547901201861156,0.004955522568440723,True,False,True,1,0,1,False,0,1,True,True,False,False,False,none,COOLDOWN,ml28-frozen__priority-aware-cooldown4__weekly-cap2__no-adaptive
KGS_RUB,2026-05-11,0.849873,0.908509109722418,0.00041014405795082045,True,False,True,1,0,1,False,0,1,True,True,False,False,False,none,COOLDOWN,ml28-frozen__priority-aware-cooldown4__weekly-cap2__no-adaptive
KGS_RUB,2026-05-12,0.849873,0.9056037681114684,0.00026616997947590524,True,False,True,1,1,1,False,0,1,True,False,False,False,True,good_day,GOOD_DAY,ml28-frozen__priority-aware-cooldown4__weekly-cap2__no-adaptive
KGS_RUB,2026-05-13,0.843771,0.8534409929380448,0.00017125177259161346,True,False,True,1,1,1,False,0,1,True,True,False,False,False,none,COOLDOWN,ml28-frozen__priority-aware-cooldown4__weekly-cap2__no-adaptive
KGS_RUB,2026-05-14,0.838674,0.8478731964909351,0.00024252810558380002,True,False,True,1,1,1,False,0,1,True,True,False,False,False,none,COOLDOWN,ml28-frozen__priority-aware-cooldown4__weekly-cap2__no-adaptive
KGS_RUB,2026-05-15,0.836346,0.9149289581500327,0.0004907196999117374,True,False,True,1,1,1,False,0,1,True,True,False,False,False,none,COOLDOWN,ml28-frozen__priority-aware-cooldown4__weekly-cap2__no-adaptive
KGS_RUB,2026-05-18,0.836221,0.9474426964773688,0.0005586351823399658,True,False,True,1,1,1,False,0,1,True,False,False,False,True,good_day,GOOD_DAY,ml28-frozen__priority-aware-cooldown4__weekly-cap2__no-adaptive
KGS_RUB,2026-05-19,0.827326,0.9455745414992772,0.00031752077806081495,True,False,True,1,1,1,False,0,1,True,True,False,False,False,none,COOLDOWN,ml28-frozen__priority-aware-cooldown4__weekly-cap2__no-adaptive
KGS_RUB,2026-05-20,0.815238,0.8934518483716395,0.00010911430392168335,True,False,True,1,1,1,True,0,1,True,True,False,False,False,none,COOLDOWN,ml28-frozen__priority-aware-cooldown4__weekly-cap2__no-adaptive
KGS_RUB,2026-05-21,0.811331,0.7935451073070439,0.00014194988318791974,False,False,True,1,1,1,True,0,1,False,True,False,False,False,none,COOLDOWN,ml28-frozen__priority-aware-cooldown4__weekly-cap2__no-adaptive
KGS_RUB,2026-05-22,0.809493,0.6455373062937029,0.0005739045046455945,False,False,True,1,1,1,True,0,1,False,True,False,False,False,none,COOLDOWN,ml28-frozen__priority-aware-cooldown4__weekly-cap2__no-adaptive
KGS_RUB,2026-05-25,0.814282,0.6627517754469084,0.0007270602534845111,False,False,True,0,1,0,True,0,1,False,False,False,False,True,positive_market_fact,POSITIVE_MARKET_FACT,ml28-frozen__priority-aware-cooldown4__weekly-cap2__no-adaptive
KGS_RUB,2026-05-26,0.818136,0.07541720467985863,0.15778626267101714,False,False,True,0,1,0,False,0,1,False,True,False,False,False,none,COOLDOWN,ml28-frozen__priority-aware-cooldown4__weekly-cap2__no-adaptive
KGS_RUB,2026-05-27,0.819531,0.1088910020800717,0.10546123036794351,False,False,False,0,0,0,False,0,0,False,False,False,False,False,none,NO_CANDIDATE,ml28-frozen__priority-aware-cooldown4__weekly-cap2__no-adaptive
KGS_RUB,2026-05-28,0.810763,0.8324809893297174,0.0006393317525341304,True,False,True,0,0,1,True,0,1,True,False,False,False,True,good_day,GOOD_DAY,ml28-frozen__priority-aware-cooldown4__weekly-cap2__no-adaptive
KGS_RUB,2026-05-29,0.816141,0.7906509178594163,0.015477949812588765,False,False,False,0,0,0,True,0,0,False,False,False,False,False,none,NO_CANDIDATE,ml28-frozen__priority-aware-cooldown4__weekly-cap2__no-adaptive
KGS_RUB,2026-06-01,0.812149,0.9240783798541722,0.0018281827161440386,True,False,False,0,0,0,True,0,0,False,True,False,False,False,none,COOLDOWN,ml28-frozen__priority-aware-cooldown4__weekly-cap2__no-adaptive
KGS_RUB,2026-06-02,0.818218,0.20955849711850275,0.2621841489398927,False,False,False,0,0,0,True,0,0,False,False,False,False,False,none,NO_CANDIDATE,ml28-frozen__priority-aware-cooldown4__weekly-cap2__no-adaptive
KGS_RUB,2026-06-03,0.829728,0.002916453504070931,0.1227430249036355,False,False,False,0,0,0,False,0,0,False,False,False,False,False,none,NO_CANDIDATE,ml28-frozen__priority-aware-cooldown4__weekly-cap2__no-adaptive
KGS_RUB,2026-06-04,0.838692,0.006097641708009507,0.001930164620525507,False,False,False,0,0,0,False,0,0,False,False,False,False,False,none,NO_CANDIDATE,ml28-frozen__priority-aware-cooldown4__weekly-cap2__no-adaptive
KGS_RUB,2026-06-05,0.849578,0.0017732789269120487,0.0016115995668504585,False,False,False,0,0,0,False,0,0,False,False,False,False,False,none,NO_CANDIDATE,ml28-frozen__priority-aware-cooldown4__weekly-cap2__no-adaptive
KGS_RUB,2026-06-08,0.840125,0.006630119124900904,0.0008747825055148094,False,False,False,0,0,0,False,0,0,False,False,False,False,False,none,NO_CANDIDATE,ml28-frozen__priority-aware-cooldown4__weekly-cap2__no-adaptive
KGS_RUB,2026-06-09,0.837789,0.015347427633876256,0.0023303993592202013,False,False,False,0,0,0,False,0,0,False,False,False,False,False,none,NO_CANDIDATE,ml28-frozen__priority-aware-cooldown4__weekly-cap2__no-adaptive
KGS_RUB,2026-06-10,0.820264,0.7426901460729722,0.0020684773209166817,False,False,True,1,1,0,True,0,1,False,False,False,False,True,positive_market_fact,POSITIVE_MARKET_FACT,ml28-frozen__priority-aware-cooldown4__weekly-cap2__no-adaptive
KGS_RUB,2026-06-11,0.820926,0.6626232913697078,0.0065366719089261375,False,False,True,0,1,0,False,0,1,False,True,False,False,False,none,COOLDOWN,ml28-frozen__priority-aware-cooldown4__weekly-cap2__no-adaptive
KGS_RUB,2026-06-12,0.822272,0.45450953185666143,0.013755927489740357,False,False,True,0,1,0,True,0,1,False,True,False,False,False,none,COOLDOWN,ml28-frozen__priority-aware-cooldown4__weekly-cap2__no-adaptive
KGS_RUB,2026-06-15,0.822272,0.7035831509705884,0.02344720200250343,False,False,True,0,1,0,True,0,1,False,False,False,False,True,positive_market_fact,POSITIVE_MARKET_FACT,ml28-frozen__priority-aware-cooldown4__weekly-cap2__no-adaptive
KGS_RUB,2026-06-16,0.828488,0.08651535067144443,0.14602744488199212,False,False,True,0,1,0,False,1,1,False,True,False,False,False,none,COOLDOWN,ml28-frozen__priority-aware-cooldown4__weekly-cap2__no-adaptive
KGS_RUB,2026-06-17,0.824915,0.6115034293620044,0.005893775119919204,False,False,False,0,0,0,True,0,0,False,False,False,False,False,none,NO_CANDIDATE,ml28-frozen__priority-aware-cooldown4__weekly-cap2__no-adaptive
KGS_RUB,2026-06-18,0.83188,0.01335989831123596,0.6361842562820912,False,False,False,0,0,0,False,1,0,False,False,False,False,False,none,NO_CANDIDATE,ml28-frozen__priority-aware-cooldown4__weekly-cap2__no-adaptive
KGS_RUB,2026-06-19,0.838869,0.0037841885427769336,0.02230533076238002,False,False,False,0,0,0,False,0,0,False,False,False,False,False,none,NO_CANDIDATE,ml28-frozen__priority-aware-cooldown4__weekly-cap2__no-adaptive
KGS_RUB,2026-06-22,0.839783,0.005109629045117873,0.03694578627061297,False,False,False,0,0,0,False,0,0,False,False,False,False,False,none,NO_CANDIDATE,ml28-frozen__priority-aware-cooldown4__weekly-cap2__no-adaptive
KGS_RUB,2026-06-23,0.843511,0.00429863149430231,0.021610957393305975,False,False,False,0,0,0,False,0,0,False,False,False,False,False,none,NO_CANDIDATE,ml28-frozen__priority-aware-cooldown4__weekly-cap2__no-adaptive
KGS_RUB,2026-06-24,0.853288,0.004199930363416555,0.0030970100634590014,False,False,False,0,0,0,False,0,0,False,False,False,False,False,none,NO_CANDIDATE,ml28-frozen__priority-aware-cooldown4__weekly-cap2__no-adaptive
KGS_RUB,2026-06-25,0.855046,0.003643776697179844,0.0014989653802124246,False,False,False,0,0,0,False,0,0,False,False,False,False,False,none,NO_CANDIDATE,ml28-frozen__priority-aware-cooldown4__weekly-cap2__no-adaptive
KGS_RUB,2026-06-26,0.864891,0.001895021858662385,0.0007138590885140489,False,False,False,0,0,0,False,0,0,False,False,False,False,False,none,NO_CANDIDATE,ml28-frozen__priority-aware-cooldown4__weekly-cap2__no-adaptive
KGS_RUB,2026-06-29,0.881202,0.0008041227030949831,0.0003793429376505984,False,False,False,0,0,0,False,0,0,False,False,False,False,False,none,NO_CANDIDATE,ml28-frozen__priority-aware-cooldown4__weekly-cap2__no-adaptive
KGS_RUB,2026-06-30,0.889124,0.0021802240288052027,0.0002441548983646123,False,False,False,0,0,0,False,0,0,False,False,False,False,False,none,NO_CANDIDATE,ml28-frozen__priority-aware-cooldown4__weekly-cap2__no-adaptive
KGS_RUB,2026-07-01,0.895021,0.001570857060880541,0.00026139308761675257,False,False,False,0,0,0,False,0,0,False,False,False,False,False,none,NO_CANDIDATE,ml28-frozen__priority-aware-cooldown4__weekly-cap2__no-adaptive
KGS_RUB,2026-07-02,0.894971,0.001460779694153698,0.0003264170010160515,False,False,False,0,0,0,False,0,0,False,False,False,False,False,none,NO_CANDIDATE,ml28-frozen__priority-aware-cooldown4__weekly-cap2__no-adaptive
KGS_RUB,2026-07-03,0.89113,0.004558506361567234,0.0010629554030811687,False,False,False,0,0,0,False,0,0,False,False,False,False,False,none,NO_CANDIDATE,ml28-frozen__priority-aware-cooldown4__weekly-cap2__no-adaptive
KGS_RUB,2026-07-06,0.883115,0.5021280038433017,0.001825460321386977,False,False,True,1,0,0,False,0,1,False,False,False,False,True,positive_market_fact,POSITIVE_MARKET_FACT,ml28-frozen__priority-aware-cooldown4__weekly-cap2__no-adaptive
KGS_RUB,2026-07-07,0.891589,0.23289289554330075,0.007405107915531984,False,False,False,0,0,0,False,0,0,False,False,False,False,False,none,NO_CANDIDATE,ml28-frozen__priority-aware-cooldown4__weekly-cap2__no-adaptive
KGS_RUB,2026-07-08,0.870507,0.20279592767453633,0.0012046001926396357,False,False,True,0,1,0,True,0,1,False,True,False,False,False,none,COOLDOWN,ml28-frozen__priority-aware-cooldown4__weekly-cap2__no-adaptive
KGS_RUB,2026-07-09,0.873672,0.5110546226243396,0.0016681069582785376,False,False,True,0,1,0,True,0,1,False,True,False,False,False,none,COOLDOWN,ml28-frozen__priority-aware-cooldown4__weekly-cap2__no-adaptive
KGS_RUB,2026-07-10,0.868287,0.1627178089682106,0.001776682762639465,False,False,True,0,1,0,True,0,1,False,True,False,False,False,none,COOLDOWN,ml28-frozen__priority-aware-cooldown4__weekly-cap2__no-adaptive
KGS_RUB,2026-07-13,0.876681,0.15009699232780496,0.02950010734250733,False,False,False,0,0,0,True,0,0,False,False,False,False,False,none,NO_CANDIDATE,ml28-frozen__priority-aware-cooldown4__weekly-cap2__no-adaptive
KGS_RUB,2026-07-14,0.876173,0.273970254012056,0.008001962576616386,False,False,True,0,1,0,True,0,1,False,False,False,False,True,positive_market_fact,POSITIVE_MARKET_FACT,ml28-frozen__priority-aware-cooldown4__weekly-cap2__no-adaptive
KGS_RUB,2026-07-15,0.886122,0.004120503500187689,0.02952312349083935,False,False,False,0,0,0,False,0,0,False,False,False,False,False,none,NO_CANDIDATE,ml28-frozen__priority-aware-cooldown4__weekly-cap2__no-adaptive
KGS_RUB,2026-07-16,0.891444,0.005505908029163591,0.008524534328545537,False,False,False,0,0,0,False,0,0,False,False,False,False,False,none,NO_CANDIDATE,ml28-frozen__priority-aware-cooldown4__weekly-cap2__no-adaptive
KGS_RUB,2026-07-17,0.895576,0.0055788374916641665,0.0026057609814646907,False,False,False,0,0,0,False,0,0,False,False,False,False,False,none,NO_CANDIDATE,ml28-frozen__priority-aware-cooldown4__weekly-cap2__no-adaptive
KGS_RUB,2026-07-20,0.896497,0.010624421225157417,0.020795363306898337,False,False,False,0,0,0,False,0,0,False,False,False,False,False,none,NO_CANDIDATE,ml28-frozen__priority-aware-cooldown4__weekly-cap2__no-adaptive
KGS_RUB,2026-07-21,0.895551,0.033823551675754314,0.04150210248870649,False,False,False,0,0,0,False,0,0,False,False,False,False,False,none,NO_CANDIDATE,ml28-frozen__priority-aware-cooldown4__weekly-cap2__no-adaptive
KGS_RUB,2026-07-22,0.898273,0.03386167443591387,0.30327350304516987,False,False,False,0,0,0,False,0,0,False,False,False,False,False,none,NO_CANDIDATE,ml28-frozen__priority-aware-cooldown4__weekly-cap2__no-adaptive
KGS_RUB,2026-07-23,0.897377,0.2383794424109838,0.11630711868241525,False,False,False,0,0,0,False,0,0,False,False,False,False,False,none,NO_CANDIDATE,ml28-frozen__priority-aware-cooldown4__weekly-cap2__no-adaptive
KGS_RUB,2026-07-24,0.896568,0.5271980696912713,0.2850668980064858,False,False,False,0,0,0,False,0,0,False,False,False,False,False,none,NO_CANDIDATE,ml28-frozen__priority-aware-cooldown4__weekly-cap2__no-adaptive
KGS_RUB,2026-07-27,0.89229,0.654485249216753,0.004171596307825279,False,False,True,1,0,0,True,0,1,False,False,False,False,True,positive_market_fact,POSITIVE_MARKET_FACT,ml28-frozen__priority-aware-cooldown4__weekly-cap2__no-adaptive
KGS_RUB,2026-07-28,0.892135,0.7087760565992364,0.009562731750239998,False,False,True,1,0,0,True,0,1,False,True,False,False,False,none,COOLDOWN,ml28-frozen__priority-aware-cooldown4__weekly-cap2__no-adaptive
KGS_RUB,2026-07-29,0.89992,0.6262141423837104,0.1286921399357655,False,False,False,0,0,0,True,0,0,False,False,False,False,False,none,NO_CANDIDATE,ml28-frozen__priority-aware-cooldown4__weekly-cap2__no-adaptive
KGS_RUB,2026-07-30,0.907456,0.004990238047759164,0.05397519084764534,False,False,False,0,0,0,False,1,0,False,False,False,False,False,none,NO_CANDIDATE,ml28-frozen__priority-aware-cooldown4__weekly-cap2__no-adaptive
KGS_RUB,2026-07-31,0.913177,0.003907850591926935,0.05246934794297873,False,False,False,0,0,0,False,0,0,False,False,False,False,False,none,NO_CANDIDATE,ml28-frozen__priority-aware-cooldown4__weekly-cap2__no-adaptive
KGS_RUB,2026-08-03,0.908676,0.021451051464066753,0.051013425671219956,False,False,False,0,0,0,False,1,0,False,False,False,False,False,none,NO_CANDIDATE,ml28-frozen__priority-aware-cooldown4__weekly-cap2__no-adaptive
KGS_RUB,2026-08-04,0.915594,0.010741356019805949,0.0029829721155455718,False,False,False,0,0,0,False,0,0,False,False,False,False,False,none,NO_CANDIDATE,ml28-frozen__priority-aware-cooldown4__weekly-cap2__no-adaptive
KGS_RUB,2026-08-05,0.92772,0.0025014289819773558,0.0030219204180489145,False,False,False,0,0,0,False,0,0,False,False,False,False,False,none,NO_CANDIDATE,ml28-frozen__priority-aware-cooldown4__weekly-cap2__no-adaptive
KGS_RUB,2026-08-06,0.925435,0.0070136060914114656,0.012342404742898948,False,False,False,0,0,0,False,0,0,False,False,False,False,False,none,NO_CANDIDATE,ml28-frozen__priority-aware-cooldown4__weekly-cap2__no-adaptive
KGS_RUB,2026-08-07,0.930906,0.014753146224843094,0.006795148795606636,False,False,False,0,0,0,False,0,0,False,False,False,False,False,none,NO_CANDIDATE,ml28-frozen__priority-aware-cooldown4__weekly-cap2__no-adaptive
KGS_RUB,2026-08-10,0.939583,0.010580664828058656,0.008998744882570315,False,False,False,0,0,0,False,0,0,False,False,False,False,False,none,NO_CANDIDATE,ml28-frozen__priority-aware-cooldown4__weekly-cap2__no-adaptive
KGS_RUB,2026-08-11,0.944608,0.008267820808198814,0.002436533819798389,False,False,False,0,0,0,False,0,0,False,False,False,False,False,none,NO_CANDIDATE,ml28-frozen__priority-aware-cooldown4__weekly-cap2__no-adaptive
KGS_RUB,2026-08-12,0.941958,0.028139418441424195,0.011711174921720262,False,False,False,0,0,0,False,0,0,False,False,False,False,False,none,NO_CANDIDATE,ml28-frozen__priority-aware-cooldown4__weekly-cap2__no-adaptive
KGS_RUB,2026-08-13,0.949087,0.02207598488512552,0.0015375077617323888,False,False,False,0,0,0,False,0,0,False,False,False,False,False,none,NO_CANDIDATE,ml28-frozen__priority-aware-cooldown4__weekly-cap2__no-adaptive
KGS_RUB,2026-08-14,0.958328,0.012569073194377,0.0014303335734599397,False,False,False,0,0,0,False,0,0,False,False,False,False,False,none,NO_CANDIDATE,ml28-frozen__priority-aware-cooldown4__weekly-cap2__no-adaptive
KGS_RUB,2026-08-17,0.96678,0.006442083158449097,0.0007724448704792879,False,False,False,0,0,0,False,0,0,False,False,False,False,False,none,NO_CANDIDATE,ml28-frozen__priority-aware-cooldown4__weekly-cap2__no-adaptive
KGS_RUB,2026-08-18,0.97214,0.006656038621055781,0.0010944098587471324,False,False,False,0,0,0,False,0,0,False,False,False,False,False,none,NO_CANDIDATE,ml28-frozen__priority-aware-cooldown4__weekly-cap2__no-adaptive
KGS_RUB,2026-08-19,0.973865,0.007022309554107803,0.0022802544054993635,False,False,False,0,0,0,False,0,0,False,False,False,False,False,none,NO_CANDIDATE,ml28-frozen__priority-aware-cooldown4__weekly-cap2__no-adaptive
KGS_RUB,2026-08-20,0.973463,0.03520800375240595,0.005780159747803933,False,False,False,0,0,0,False,0,0,False,False,False,False,False,none,NO_CANDIDATE,ml28-frozen__priority-aware-cooldown4__weekly-cap2__no-adaptive
KGS_RUB,2026-08-21,0.953183,0.5358466918490152,0.009883105044956793,False,False,False,0,0,0,False,1,0,False,False,False,False,False,none,NO_CANDIDATE,ml28-frozen__priority-aware-cooldown4__weekly-cap2__no-adaptive
KGS_RUB,2026-08-24,0.948212,0.6603261535975955,0.0015479281394591606,False,False,True,1,1,0,True,0,1,False,False,False,False,True,positive_market_fact,POSITIVE_MARKET_FACT,ml28-frozen__priority-aware-cooldown4__weekly-cap2__no-adaptive
KZT_RUB,2026-01-01,0.154978,0.0012612529898478105,0.03044485454016246,False,False,False,0,0,0,False,0,0,False,False,False,False,False,none,NO_CANDIDATE,ml28-frozen__priority-aware-cooldown4__weekly-cap2__no-adaptive
KZT_RUB,2026-01-02,0.154978,0.000985739500776355,0.13823280644917452,False,False,False,0,0,0,False,0,0,False,False,False,False,False,none,NO_CANDIDATE,ml28-frozen__priority-aware-cooldown4__weekly-cap2__no-adaptive
KZT_RUB,2026-01-05,0.154978,0.0008923320930746041,0.13958330333831825,False,False,False,0,0,0,False,0,0,False,False,False,False,False,none,NO_CANDIDATE,ml28-frozen__priority-aware-cooldown4__weekly-cap2__no-adaptive
KZT_RUB,2026-01-06,0.154978,0.0008923320930746041,0.13958330333831825,False,False,False,0,0,0,False,0,0,False,False,False,False,False,none,NO_CANDIDATE,ml28-frozen__priority-aware-cooldown4__weekly-cap2__no-adaptive
KZT_RUB,2026-01-07,0.154978,0.0008923320930746041,0.13958330333831825,False,False,False,0,0,0,False,0,0,False,False,False,False,False,none,NO_CANDIDATE,ml28-frozen__priority-aware-cooldown4__weekly-cap2__no-adaptive
KZT_RUB,2026-01-08,0.154978,0.0008923320930746041,0.13958330333831825,False,False,False,0,0,0,False,0,0,False,False,False,False,False,none,NO_CANDIDATE,ml28-frozen__priority-aware-cooldown4__weekly-cap2__no-adaptive
KZT_RUB,2026-01-09,0.154978,0.0008923320930746041,0.13958330333831825,False,False,False,0,0,0,False,0,0,False,False,False,False,False,none,NO_CANDIDATE,ml28-frozen__priority-aware-cooldown4__weekly-cap2__no-adaptive
KZT_RUB,2026-01-12,0.154978,0.0008923320930746041,0.13958330333831825,False,False,False,0,0,0,False,0,0,False,False,False,False,False,none,NO_CANDIDATE,ml28-frozen__priority-aware-cooldown4__weekly-cap2__no-adaptive
KZT_RUB,2026-01-13,0.154511,0.006263003980401097,0.07207799361504169,False,False,False,0,0,0,False,0,0,False,False,False,False,False,none,NO_CANDIDATE,ml28-frozen__priority-aware-cooldown4__weekly-cap2__no-adaptive
KZT_RUB,2026-01-14,0.154662,0.0024899651057794766,0.19337261667871222,False,False,False,0,0,0,False,0,0,False,False,False,False,False,none,NO_CANDIDATE,ml28-frozen__priority-aware-cooldown4__weekly-cap2__no-adaptive
KZT_RUB,2026-01-15,0.154137,0.019778906382645005,0.25884340491313645,False,False,False,0,0,0,False,0,0,False,False,False,False,False,none,NO_CANDIDATE,ml28-frozen__priority-aware-cooldown4__weekly-cap2__no-adaptive
KZT_RUB,2026-01-16,0.153847,0.30045886376231234,0.3398588802951384,False,False,False,0,0,0,False,0,0,False,False,False,False,False,none,NO_CANDIDATE,ml28-frozen__priority-aware-cooldown4__weekly-cap2__no-adaptive
KZT_RUB,2026-01-19,0.15233,0.4456082073285737,0.0001568954837158722,False,False,True,1,1,0,False,0,1,False,False,False,False,True,positive_market_fact,POSITIVE_MARKET_FACT,ml28-frozen__priority-aware-cooldown4__weekly-cap2__no-adaptive
KZT_RUB,2026-01-20,0.151825,0.6594509653197046,0.0002694034736053338,False,False,True,1,1,1,False,0,1,False,True,False,False,False,none,COOLDOWN,ml28-frozen__priority-aware-cooldown4__weekly-cap2__no-adaptive
KZT_RUB,2026-01-21,0.152708,0.613293065407272,0.0024862340357215238,False,False,True,0,1,0,False,0,1,False,True,False,False,False,none,COOLDOWN,ml28-frozen__priority-aware-cooldown4__weekly-cap2__no-adaptive
KZT_RUB,2026-01-22,0.152876,0.30198282854071506,0.0034222436908876675,False,False,False,0,0,0,False,0,0,False,False,False,False,False,none,NO_CANDIDATE,ml28-frozen__priority-aware-cooldown4__weekly-cap2__no-adaptive
KZT_RUB,2026-01-23,0.150066,0.6760851991055462,0.0007022991735751247,False,False,True,0,1,1,True,0,1,False,True,False,False,False,none,COOLDOWN,ml28-frozen__priority-aware-cooldown4__weekly-cap2__no-adaptive
KZT_RUB,2026-01-26,0.150135,0.523053094387484,0.001032223430183005,False,False,True,0,1,1,True,0,1,False,False,False,False,True,positive_market_fact,POSITIVE_MARKET_FACT,ml28-frozen__priority-aware-cooldown4__weekly-cap2__no-adaptive
KZT_RUB,2026-01-27,0.151008,0.28871337902093974,0.0008706715204542489,False,False,False,0,0,0,True,0,0,False,False,False,False,False,none,NO_CANDIDATE,ml28-frozen__priority-aware-cooldown4__weekly-cap2__no-adaptive
KZT_RUB,2026-01-28,0.152558,0.00226065859123876,0.35016694476982047,False,False,False,0,0,0,False,0,0,False,False,False,False,False,none,NO_CANDIDATE,ml28-frozen__priority-aware-cooldown4__weekly-cap2__no-adaptive
KZT_RUB,2026-01-29,0.151843,0.00782855459393718,0.07955621883049532,False,False,False,0,0,0,False,0,0,False,False,False,False,False,none,NO_CANDIDATE,ml28-frozen__priority-aware-cooldown4__weekly-cap2__no-adaptive
KZT_RUB,2026-01-30,0.150873,0.2777673095163363,0.009762956867071128,False,False,False,0,0,0,True,0,0,False,False,False,False,False,none,NO_CANDIDATE,ml28-frozen__priority-aware-cooldown4__weekly-cap2__no-adaptive
KZT_RUB,2026-02-02,0.150511,0.8073396675758928,0.001535914168066823,True,False,True,1,0,0,True,0,1,True,False,False,False,True,good_day,GOOD_DAY,ml28-frozen__priority-aware-cooldown4__weekly-cap2__no-adaptive
KZT_RUB,2026-02-03,0.153731,0.0016262934081333863,0.025441610415479383,False,False,False,0,0,0,False,0,0,False,False,False,False,False,none,NO_CANDIDATE,ml28-frozen__priority-aware-cooldown4__weekly-cap2__no-adaptive
KZT_RUB,2026-02-04,0.152388,0.04069732765643346,0.032140331931341456,False,False,False,0,0,0,False,1,0,False,False,False,False,False,none,NO_CANDIDATE,ml28-frozen__priority-aware-cooldown4__weekly-cap2__no-adaptive
KZT_RUB,2026-02-05,0.152769,0.012856046660534323,0.010613311439031036,False,False,False,0,0,0,False,1,0,False,False,False,False,False,none,NO_CANDIDATE,ml28-frozen__priority-aware-cooldown4__weekly-cap2__no-adaptive
KZT_RUB,2026-02-06,0.153519,0.011076389397818177,0.04526243478302843,False,False,False,0,0,0,False,1,0,False,False,False,False,False,none,NO_CANDIDATE,ml28-frozen__priority-aware-cooldown4__weekly-cap2__no-adaptive
KZT_RUB,2026-02-09,0.155633,0.0002115253761394926,0.0036841792135436807,False,False,False,0,0,0,False,0,0,False,False,False,False,False,none,NO_CANDIDATE,ml28-frozen__priority-aware-cooldown4__weekly-cap2__no-adaptive
KZT_RUB,2026-02-10,0.156986,0.00028994774581014415,0.004155784399706523,False,False,False,0,0,0,False,0,0,False,False,False,False,False,none,NO_CANDIDATE,ml28-frozen__priority-aware-cooldown4__weekly-cap2__no-adaptive
KZT_RUB,2026-02-11,0.156057,0.0006703711329193223,0.00340986176768636,False,False,False,0,0,0,False,0,0,False,False,False,False,False,none,NO_CANDIDATE,ml28-frozen__priority-aware-cooldown4__weekly-cap2__no-adaptive
KZT_RUB,2026-02-12,0.157487,0.0005565622457556039,0.008194393255996925,False,False,False,0,0,0,False,0,0,False,False,False,False,False,none,NO_CANDIDATE,ml28-frozen__priority-aware-cooldown4__weekly-cap2__no-adaptive
KZT_RUB,2026-02-13,0.15734,0.004618261956549003,0.0051794117759165845,False,False,False,0,0,0,False,0,0,False,False,False,False,False,none,NO_CANDIDATE,ml28-frozen__priority-aware-cooldown4__weekly-cap2__no-adaptive
KZT_RUB,2026-02-16,0.156175,0.18180488620875757,0.005965243102804787,False,False,False,0,0,0,False,0,0,False,False,False,False,False,none,NO_CANDIDATE,ml28-frozen__priority-aware-cooldown4__weekly-cap2__no-adaptive
KZT_RUB,2026-02-17,0.154476,0.7313603943983634,0.0002481813458746448,False,False,True,1,1,0,True,0,1,False,False,False,False,True,positive_market_fact,POSITIVE_MARKET_FACT,ml28-frozen__priority-aware-cooldown4__weekly-cap2__no-adaptive
KZT_RUB,2026-02-18,0.155983,0.2085407045622944,0.006035465397352979,False,False,False,0,0,0,False,0,0,False,False,False,False,False,none,NO_CANDIDATE,ml28-frozen__priority-aware-cooldown4__weekly-cap2__no-adaptive
KZT_RUB,2026-02-19,0.155416,0.21721257336279567,0.000946980843191855,False,False,True,0,1,0,False,0,1,False,True,False,False,False,none,COOLDOWN,ml28-frozen__priority-aware-cooldown4__weekly-cap2__no-adaptive
KZT_RUB,2026-02-20,0.156633,0.006272984346572862,0.02632826451913837,False,False,False,0,0,0,False,0,0,False,False,False,False,False,none,NO_CANDIDATE,ml28-frozen__priority-aware-cooldown4__weekly-cap2__no-adaptive
KZT_RUB,2026-02-23,0.156902,0.04910567559777335,0.0262615257540919,False,False,False,0,0,0,False,0,0,False,False,False,False,False,none,NO_CANDIDATE,ml28-frozen__priority-aware-cooldown4__weekly-cap2__no-adaptive
KZT_RUB,2026-02-24,0.156902,0.06169397841872967,0.01680316230215283,False,False,False,0,0,0,False,0,0,False,False,False,False,False,none,NO_CANDIDATE,ml28-frozen__priority-aware-cooldown4__weekly-cap2__no-adaptive
KZT_RUB,2026-02-25,0.154091,0.15136985556250876,0.0030804527738252643,False,False,True,0,1,0,True,0,1,False,False,False,False,True,positive_market_fact,POSITIVE_MARKET_FACT,ml28-frozen__priority-aware-cooldown4__weekly-cap2__no-adaptive
KZT_RUB,2026-02-26,0.153905,0.11982650034264426,0.0058250509067466595,False,False,False,0,0,0,True,0,0,False,False,False,False,False,none,NO_CANDIDATE,ml28-frozen__priority-aware-cooldown4__weekly-cap2__no-adaptive
KZT_RUB,2026-02-27,0.153856,0.16894843906459825,0.012485183391869893,False,False,True,1,1,0,True,0,1,False,True,False,False,False,none,COOLDOWN,ml28-frozen__priority-aware-cooldown4__weekly-cap2__no-adaptive
KZT_RUB,2026-03-02,0.154008,0.16072793046105896,0.11317741380912037,False,False,True,0,1,0,True,0,1,False,False,False,False,True,positive_market_fact,POSITIVE_MARKET_FACT,ml28-frozen__priority-aware-cooldown4__weekly-cap2__no-adaptive
KZT_RUB,2026-03-03,0.155104,0.015197437250936648,0.19222157019941127,False,False,True,0,1,0,True,0,1,False,True,False,False,False,none,COOLDOWN,ml28-frozen__priority-aware-cooldown4__weekly-cap2__no-adaptive
KZT_RUB,2026-03-04,0.154416,0.21300701115136605,0.08830166386564425,False,False,False,0,0,0,True,0,0,False,False,False,False,False,none,NO_CANDIDATE,ml28-frozen__priority-aware-cooldown4__weekly-cap2__no-adaptive
KZT_RUB,2026-03-05,0.156198,0.0014702913894399743,0.07268079650714744,False,False,False,0,0,0,False,1,0,False,False,False,False,False,none,NO_CANDIDATE,ml28-frozen__priority-aware-cooldown4__weekly-cap2__no-adaptive
KZT_RUB,2026-03-06,0.156433,0.0021501367502961078,0.17943834336156445,False,False,False,0,0,0,False,1,0,False,False,False,False,False,none,NO_CANDIDATE,ml28-frozen__priority-aware-cooldown4__weekly-cap2__no-adaptive
KZT_RUB,2026-03-09,0.160431,0.0003325347821299172,0.001692132643444154,False,False,False,0,0,0,False,0,0,False,False,False,False,False,none,NO_CANDIDATE,ml28-frozen__priority-aware-cooldown4__weekly-cap2__no-adaptive
KZT_RUB,2026-03-10,0.160431,0.00018442094759565627,0.0008037631490495639,False,False,False,0,0,0,False,0,0,False,False,False,False,False,none,NO_CANDIDATE,ml28-frozen__priority-aware-cooldown4__weekly-cap2__no-adaptive
KZT_RUB,2026-03-11,0.15944,0.00023184548575736825,0.0060766353491961975,False,False,False,0,0,0,False,0,0,False,False,False,False,False,none,NO_CANDIDATE,ml28-frozen__priority-aware-cooldown4__weekly-cap2__no-adaptive
KZT_RUB,2026-03-12,0.160841,0.00033489479022101994,0.0023978536674050936,False,False,False,0,0,0,False,0,0,False,False,False,False,False,none,NO_CANDIDATE,ml28-frozen__priority-aware-cooldown4__weekly-cap2__no-adaptive
KZT_RUB,2026-03-13,0.161563,0.0010287030708041544,0.003333300529256593,False,False,False,0,0,0,False,0,0,False,False,False,False,False,none,NO_CANDIDATE,ml28-frozen__priority-aware-cooldown4__weekly-cap2__no-adaptive
KZT_RUB,2026-03-16,0.163166,0.00044383017240254557,0.0009910501814509496,False,False,False,0,0,0,False,0,0,False,False,False,False,False,none,NO_CANDIDATE,ml28-frozen__priority-aware-cooldown4__weekly-cap2__no-adaptive
KZT_RUB,2026-03-17,0.164977,0.00043914512501260655,0.0018809967947126499,False,False,False,0,0,0,False,0,0,False,False,False,False,False,none,NO_CANDIDATE,ml28-frozen__priority-aware-cooldown4__weekly-cap2__no-adaptive
KZT_RUB,2026-03-18,0.16847,0.0002558110379354632,0.0009463812335670178,False,False,False,0,0,0,False,0,0,False,False,False,False,False,none,NO_CANDIDATE,ml28-frozen__priority-aware-cooldown4__weekly-cap2__no-adaptive
KZT_RUB,2026-03-19,0.173533,0.0002698811922667586,0.0022965687568919425,False,False,False,0,0,0,False,0,0,False,False,False,False,False,none,NO_CANDIDATE,ml28-frozen__priority-aware-cooldown4__weekly-cap2__no-adaptive
KZT_RUB,2026-03-20,0.175833,0.00034028085984002415,0.0020268072438024867,False,False,False,0,0,0,False,0,0,False,False,False,False,False,none,NO_CANDIDATE,ml28-frozen__priority-aware-cooldown4__weekly-cap2__no-adaptive
KZT_RUB,2026-03-23,0.174155,0.0017865134251280512,0.012615900636045415,False,False,False,0,0,0,False,0,0,False,False,False,False,False,none,NO_CANDIDATE,ml28-frozen__priority-aware-cooldown4__weekly-cap2__no-adaptive
KZT_RUB,2026-03-24,0.169752,0.01564384268016954,0.0016396238783512828,False,False,False,0,0,0,False,0,0,False,False,False,False,False,none,NO_CANDIDATE,ml28-frozen__priority-aware-cooldown4__weekly-cap2__no-adaptive
KZT_RUB,2026-03-25,0.167853,0.29568361842916385,0.0002455383412274461,False,False,True,1,0,0,False,0,1,False,False,False,False,True,positive_market_fact,POSITIVE_MARKET_FACT,ml28-frozen__priority-aware-cooldown4__weekly-cap2__no-adaptive
KZT_RUB,2026-03-26,0.167353,0.38784400130474983,0.0006665660737390778,False,False,True,1,1,0,False,0,1,False,True,False,False,False,none,COOLDOWN,ml28-frozen__priority-aware-cooldown4__weekly-cap2__no-adaptive
KZT_RUB,2026-03-27,0.170281,0.07289197501613198,0.007889935534095687,False,False,True,0,1,0,False,0,1,False,True,False,False,False,none,COOLDOWN,ml28-frozen__priority-aware-cooldown4__weekly-cap2__no-adaptive
KZT_RUB,2026-03-30,0.168409,0.0688395725547939,0.001060343144535555,False,False,True,0,1,0,True,0,1,False,False,False,False,True,positive_market_fact,POSITIVE_MARKET_FACT,ml28-frozen__priority-aware-cooldown4__weekly-cap2__no-adaptive
KZT_RUB,2026-03-31,0.168478,0.0588953850415622,0.006687156204492613,False,False,False,0,0,0,False,0,0,False,False,False,False,False,none,NO_CANDIDATE,ml28-frozen__priority-aware-cooldown4__weekly-cap2__no-adaptive
KZT_RUB,2026-04-01,0.16873,0.21043009503679416,0.12167568831576607,False,False,False,0,0,0,False,0,0,False,False,False,False,False,none,NO_CANDIDATE,ml28-frozen__priority-aware-cooldown4__weekly-cap2__no-adaptive
KZT_RUB,2026-04-02,0.168397,0.18839909543815894,0.017358826699412924,False,False,False,0,0,0,False,0,0,False,False,False,False,False,none,NO_CANDIDATE,ml28-frozen__priority-aware-cooldown4__weekly-cap2__no-adaptive
KZT_RUB,2026-04-03,0.16909,0.7124402270509186,0.012059818747930823,False,False,False,0,0,0,False,0,0,False,False,False,False,False,none,NO_CANDIDATE,ml28-frozen__priority-aware-cooldown4__weekly-cap2__no-adaptive
KZT_RUB,2026-04-06,0.168807,0.6019318837871135,0.0021228660695882737,False,False,False,0,0,0,False,0,0,False,False,False,False,False,none,NO_CANDIDATE,ml28-frozen__priority-aware-cooldown4__weekly-cap2__no-adaptive
KZT_RUB,2026-04-07,0.167342,0.9019287978322713,0.0015409841282924596,True,False,False,0,0,0,False,0,0,False,False,False,False,True,good_day,GOOD_DAY,ml28-frozen__priority-aware-cooldown4__weekly-cap2__no-adaptive
KZT_RUB,2026-04-08,0.168871,0.363115113441792,0.05717420842312559,False,False,False,0,0,0,False,0,0,False,False,False,False,False,none,NO_CANDIDATE,ml28-frozen__priority-aware-cooldown4__weekly-cap2__no-adaptive
KZT_RUB,2026-04-09,0.17009,0.0089504744915742,0.13584541063823394,False,False,False,0,0,0,False,0,0,False,False,False,False,False,none,NO_CANDIDATE,ml28-frozen__priority-aware-cooldown4__weekly-cap2__no-adaptive
KZT_RUB,2026-04-10,0.16376,0.28465059236145834,0.0049445376410589,False,False,True,0,1,0,False,0,1,False,True,False,False,False,none,COOLDOWN,ml28-frozen__priority-aware-cooldown4__weekly-cap2__no-adaptive
KZT_RUB,2026-04-13,0.160419,0.810537327597199,0.03205843896386591,True,False,True,0,1,1,False,0,1,True,False,False,False,True,good_day,GOOD_DAY,ml28-frozen__priority-aware-cooldown4__weekly-cap2__no-adaptive
KZT_RUB,2026-04-14,0.161158,0.581280234760417,0.2615360817927881,False,False,True,0,1,1,False,0,1,False,True,False,False,False,none,COOLDOWN,ml28-frozen__priority-aware-cooldown4__weekly-cap2__no-adaptive
KZT_RUB,2026-04-15,0.159725,0.7394158809172569,0.006058486861781978,False,False,True,0,1,1,False,0,1,False,True,False,False,False,none,COOLDOWN,ml28-frozen__priority-aware-cooldown4__weekly-cap2__no-adaptive
KZT_RUB,2026-04-16,0.157734,0.35410828676258915,0.010105792624436777,False,False,True,0,1,1,True,0,1,False,True,False,False,False,none,COOLDOWN,ml28-frozen__priority-aware-cooldown4__weekly-cap2__no-adaptive
KZT_RUB,2026-04-17,0.160492,0.03619654254040313,0.5576298820328708,False,False,True,0,1,0,False,0,1,False,True,False,False,False,none,COOLDOWN,ml28-frozen__priority-aware-cooldown4__weekly-cap2__no-adaptive
KZT_RUB,2026-04-20,0.161315,0.01110015615048449,0.02214832468610287,False,False,False,0,0,0,False,0,0,False,False,False,False,False,none,NO_CANDIDATE,ml28-frozen__priority-aware-cooldown4__weekly-cap2__no-adaptive
KZT_RUB,2026-04-21,0.160242,0.012053709293894538,0.05622435644754607,False,False,True,0,0,1,False,1,1,False,False,False,False,True,positive_market_fact,POSITIVE_MARKET_FACT,ml28-frozen__priority-aware-cooldown4__weekly-cap2__no-adaptive
KZT_RUB,2026-04-22,0.158874,0.4679673978088653,0.001042690129814981,False,False,True,0,0,1,True,0,1,False,True,False,False,False,none,COOLDOWN,ml28-frozen__priority-aware-cooldown4__weekly-cap2__no-adaptive
KZT_RUB,2026-04-23,0.161383,0.006095173518013334,0.06309850942425684,False,False,False,0,0,0,False,0,0,False,False,False,False,False,none,NO_CANDIDATE,ml28-frozen__priority-aware-cooldown4__weekly-cap2__no-adaptive
KZT_RUB,2026-04-24,0.162201,0.006166350385172378,0.02960007842188053,False,False,False,0,0,0,False,0,0,False,False,False,False,False,none,NO_CANDIDATE,ml28-frozen__priority-aware-cooldown4__weekly-cap2__no-adaptive
KZT_RUB,2026-04-27,0.163172,0.002342510600798443,0.019597510333749464,False,False,False,0,0,0,False,0,0,False,False,False,False,False,none,NO_CANDIDATE,ml28-frozen__priority-aware-cooldown4__weekly-cap2__no-adaptive
KZT_RUB,2026-04-28,0.160926,0.08703843976070719,0.03520853903883895,False,False,False,0,0,0,False,0,0,False,False,False,False,False,none,NO_CANDIDATE,ml28-frozen__priority-aware-cooldown4__weekly-cap2__no-adaptive
KZT_RUB,2026-04-29,0.162098,0.014854062907936316,0.02913165282462705,False,False,False,0,0,0,False,0,0,False,False,False,False,False,none,NO_CANDIDATE,ml28-frozen__priority-aware-cooldown4__weekly-cap2__no-adaptive
KZT_RUB,2026-04-30,0.163777,0.007670634397504767,0.046553433607519984,False,False,False,0,0,0,False,0,0,False,False,False,False,False,none,NO_CANDIDATE,ml28-frozen__priority-aware-cooldown4__weekly-cap2__no-adaptive
KZT_RUB,2026-05-01,0.162066,0.05226987930905085,0.14270935037946264,False,False,False,0,0,0,False,0,0,False,False,False,False,False,none,NO_CANDIDATE,ml28-frozen__priority-aware-cooldown4__weekly-cap2__no-adaptive
KZT_RUB,2026-05-04,0.162066,0.1332436137619744,0.04923086903060339,False,False,False,0,0,0,False,0,0,False,False,False,False,False,none,NO_CANDIDATE,ml28-frozen__priority-aware-cooldown4__weekly-cap2__no-adaptive
KZT_RUB,2026-05-05,0.162966,0.17649614423828763,0.02500173813435847,False,False,False,0,0,0,False,0,0,False,False,False,False,False,none,NO_CANDIDATE,ml28-frozen__priority-aware-cooldown4__weekly-cap2__no-adaptive
KZT_RUB,2026-05-06,0.162196,0.060363799977033145,0.024280796652787325,False,False,False,0,0,0,False,0,0,False,False,False,False,False,none,NO_CANDIDATE,ml28-frozen__priority-aware-cooldown4__weekly-cap2__no-adaptive
KZT_RUB,2026-05-07,0.16177,0.10529444349956696,0.07400365885464417,False,False,True,0,1,0,False,0,1,False,False,False,False,True,positive_market_fact,POSITIVE_MARKET_FACT,ml28-frozen__priority-aware-cooldown4__weekly-cap2__no-adaptive
KZT_RUB,2026-05-08,0.161026,0.30975006246712106,0.0030899216470482286,False,False,True,1,0,0,False,0,1,False,True,False,False,False,none,COOLDOWN,ml28-frozen__priority-aware-cooldown4__weekly-cap2__no-adaptive
KZT_RUB,2026-05-11,0.160325,0.3748912569309935,0.0024623293987099167,False,False,True,1,1,0,False,0,1,False,True,False,False,False,none,COOLDOWN,ml28-frozen__priority-aware-cooldown4__weekly-cap2__no-adaptive
KZT_RUB,2026-05-12,0.160325,0.38719266331538593,0.0016562088682076394,False,False,True,1,1,0,False,0,1,False,False,False,False,True,positive_market_fact,POSITIVE_MARKET_FACT,ml28-frozen__priority-aware-cooldown4__weekly-cap2__no-adaptive
KZT_RUB,2026-05-13,0.15997,0.2574007138908986,0.005479722019665768,False,False,True,1,1,1,False,0,1,False,True,False,False,False,none,COOLDOWN,ml28-frozen__priority-aware-cooldown4__weekly-cap2__no-adaptive
KZT_RUB,2026-05-14,0.158095,0.5085793505279204,0.00010979270298772533,False,False,True,1,1,1,False,0,1,False,True,False,False,False,none,COOLDOWN,ml28-frozen__priority-aware-cooldown4__weekly-cap2__no-adaptive
KZT_RUB,2026-05-15,0.156402,0.8010097442272017,0.0003534370943485335,True,False,True,1,1,1,False,0,1,True,False,False,False,True,good_day,GOOD_DAY,ml28-frozen__priority-aware-cooldown4__weekly-cap2__no-adaptive
KZT_RUB,2026-05-18,0.154264,0.9120205355703813,0.0007330179184995906,True,False,True,1,1,1,False,0,1,True,True,False,False,False,none,COOLDOWN,ml28-frozen__priority-aware-cooldown4__weekly-cap2__no-adaptive
KZT_RUB,2026-05-19,0.15388,0.9259245906037917,0.009355223544202828,True,False,True,1,1,1,False,0,1,True,True,False,False,False,none,COOLDOWN,ml28-frozen__priority-aware-cooldown4__weekly-cap2__no-adaptive
KZT_RUB,2026-05-20,0.152471,0.9148707385812801,0.0031510038337187927,True,False,True,1,1,1,False,0,1,True,False,False,False,True,good_day,GOOD_DAY,ml28-frozen__priority-aware-cooldown4__weekly-cap2__no-adaptive
KZT_RUB,2026-05-21,0.150342,0.9468424322239176,0.00085097403368162,True,False,True,1,1,1,False,0,1,True,True,False,False,False,none,COOLDOWN,ml28-frozen__priority-aware-cooldown4__weekly-cap2__no-adaptive
KZT_RUB,2026-05-22,0.150052,0.8735753755614606,0.0012850163994973201,True,False,True,1,1,1,False,0,1,True,True,False,False,False,none,COOLDOWN,ml28-frozen__priority-aware-cooldown4__weekly-cap2__no-adaptive
KZT_RUB,2026-05-25,0.151043,0.43800256242756297,0.011410308421170958,False,False,True,0,1,0,False,0,1,False,False,False,False,True,positive_market_fact,POSITIVE_MARKET_FACT,ml28-frozen__priority-aware-cooldown4__weekly-cap2__no-adaptive
KZT_RUB,2026-05-26,0.151967,0.0034379078951062322,0.24829599605574132,False,False,True,0,1,0,False,0,1,False,True,False,False,False,none,COOLDOWN,ml28-frozen__priority-aware-cooldown4__weekly-cap2__no-adaptive
KZT_RUB,2026-05-27,0.151685,0.005762711196781435,0.2807878680754666,False,False,False,0,0,0,False,0,0,False,False,False,False,False,none,NO_CANDIDATE,ml28-frozen__priority-aware-cooldown4__weekly-cap2__no-adaptive
KZT_RUB,2026-05-28,0.14849,0.17710179589427583,0.002121894295681471,False,False,True,0,1,1,False,0,1,False,True,False,False,False,none,COOLDOWN,ml28-frozen__priority-aware-cooldown4__weekly-cap2__no-adaptive
KZT_RUB,2026-05-29,0.149475,0.3413984034491802,0.03381886684072408,False,False,True,0,0,1,False,0,1,False,True,False,False,False,none,COOLDOWN,ml28-frozen__priority-aware-cooldown4__weekly-cap2__no-adaptive
KZT_RUB,2026-06-01,0.146272,0.5836675522650877,0.002132973148574617,False,False,True,0,1,1,True,0,1,False,False,False,False,True,positive_market_fact,POSITIVE_MARKET_FACT,ml28-frozen__priority-aware-cooldown4__weekly-cap2__no-adaptive
KZT_RUB,2026-06-02,0.147244,0.8827705609425506,0.053573443754195094,True,False,True,0,1,1,True,0,1,True,False,False,False,True,good_day,GOOD_DAY,ml28-frozen__priority-aware-cooldown4__weekly-cap2__no-adaptive
KZT_RUB,2026-06-03,0.148396,0.13575216789322866,0.9032692626650002,False,True,True,0,1,0,False,0,1,True,True,False,False,False,none,COOLDOWN,ml28-frozen__priority-aware-cooldown4__weekly-cap2__no-adaptive
KZT_RUB,2026-06-04,0.148725,0.014170884822413538,0.3684378708307986,False,False,False,0,0,0,False,0,0,False,False,False,False,False,none,NO_CANDIDATE,ml28-frozen__priority-aware-cooldown4__weekly-cap2__no-adaptive
KZT_RUB,2026-06-05,0.151837,0.0007645143159997954,0.08928488876340696,False,False,False,0,0,0,False,0,0,False,False,False,False,False,none,NO_CANDIDATE,ml28-frozen__priority-aware-cooldown4__weekly-cap2__no-adaptive
KZT_RUB,2026-06-08,0.151376,0.002380403053456713,0.0035810304951422356,False,False,False,0,0,0,False,0,0,False,False,False,False,False,none,NO_CANDIDATE,ml28-frozen__priority-aware-cooldown4__weekly-cap2__no-adaptive
KZT_RUB,2026-06-09,0.150304,0.007756958158059555,0.00443457418632433,False,False,False,0,0,0,False,0,0,False,False,False,False,False,none,NO_CANDIDATE,ml28-frozen__priority-aware-cooldown4__weekly-cap2__no-adaptive
KZT_RUB,2026-06-10,0.147968,0.17399074080383425,0.00608846767994757,False,False,True,1,0,0,False,0,1,False,False,False,False,True,positive_market_fact,POSITIVE_MARKET_FACT,ml28-frozen__priority-aware-cooldown4__weekly-cap2__no-adaptive
KZT_RUB,2026-06-11,0.146446,0.35729854508363884,0.000589889999930198,False,False,True,1,1,1,True,0,1,False,True,False,False,False,none,COOLDOWN,ml28-frozen__priority-aware-cooldown4__weekly-cap2__no-adaptive
KZT_RUB,2026-06-12,0.147174,0.6132574598005235,0.006448156519439483,False,False,True,0,1,0,True,0,1,False,True,False,False,False,none,COOLDOWN,ml28-frozen__priority-aware-cooldown4__weekly-cap2__no-adaptive
KZT_RUB,2026-06-15,0.147174,0.19448561688596108,0.004218634226641429,False,False,True,0,1,0,True,0,1,False,False,False,False,True,positive_market_fact,POSITIVE_MARKET_FACT,ml28-frozen__priority-aware-cooldown4__weekly-cap2__no-adaptive
KZT_RUB,2026-06-16,0.148062,0.054822137703777286,0.13977834286874447,False,False,True,0,1,0,False,1,1,False,True,False,False,False,none,COOLDOWN,ml28-frozen__priority-aware-cooldown4__weekly-cap2__no-adaptive
KZT_RUB,2026-06-17,0.146812,0.11485091977942863,0.0033435171627254918,False,False,False,0,0,0,True,0,0,False,False,False,False,False,none,NO_CANDIDATE,ml28-frozen__priority-aware-cooldown4__weekly-cap2__no-adaptive
KZT_RUB,2026-06-18,0.149328,0.002591015809245011,0.15221456676752154,False,False,False,0,0,0,False,1,0,False,False,False,False,False,none,NO_CANDIDATE,ml28-frozen__priority-aware-cooldown4__weekly-cap2__no-adaptive
KZT_RUB,2026-06-19,0.149899,0.001168311666075785,0.006580671983600993,False,False,False,0,0,0,False,0,0,False,False,False,False,False,none,NO_CANDIDATE,ml28-frozen__priority-aware-cooldown4__weekly-cap2__no-adaptive
KZT_RUB,2026-06-22,0.150573,0.0023529654523981878,0.0037431803808771263,False,False,False,0,0,0,False,0,0,False,False,False,False,False,none,NO_CANDIDATE,ml28-frozen__priority-aware-cooldown4__weekly-cap2__no-adaptive
KZT_RUB,2026-06-23,0.151043,0.0027498574936036394,0.0026858382287908255,False,False,False,0,0,0,False,0,0,False,False,False,False,False,none,NO_CANDIDATE,ml28-frozen__priority-aware-cooldown4__weekly-cap2__no-adaptive
KZT_RUB,2026-06-24,0.153221,0.0011202774625214125,0.00037838452336144473,False,False,False,0,0,0,False,0,0,False,False,False,False,False,none,NO_CANDIDATE,ml28-frozen__priority-aware-cooldown4__weekly-cap2__no-adaptive
KZT_RUB,2026-06-25,0.153795,0.0019320176522423672,0.0002598662823582197,False,False,False,0,0,0,False,0,0,False,False,False,False,False,none,NO_CANDIDATE,ml28-frozen__priority-aware-cooldown4__weekly-cap2__no-adaptive
KZT_RUB,2026-06-26,0.155301,0.0003899174553950156,0.0019593615893432194,False,False,False,0,0,0,False,0,0,False,False,False,False,False,none,NO_CANDIDATE,ml28-frozen__priority-aware-cooldown4__weekly-cap2__no-adaptive
KZT_RUB,2026-06-29,0.158758,0.00031475283678491904,0.0006796752796972035,False,False,False,0,0,0,False,0,0,False,False,False,False,False,none,NO_CANDIDATE,ml28-frozen__priority-aware-cooldown4__weekly-cap2__no-adaptive
KZT_RUB,2026-06-30,0.159833,0.00040084754252114164,0.000587750208996874,False,False,False,0,0,0,False,0,0,False,False,False,False,False,none,NO_CANDIDATE,ml28-frozen__priority-aware-cooldown4__weekly-cap2__no-adaptive
KZT_RUB,2026-07-01,0.161108,0.00029396603456246736,0.001565695527807996,False,False,False,0,0,0,False,0,0,False,False,False,False,False,none,NO_CANDIDATE,ml28-frozen__priority-aware-cooldown4__weekly-cap2__no-adaptive
KZT_RUB,2026-07-02,0.162808,0.0003155418577202693,0.001000335762318642,False,False,False,0,0,0,False,0,0,False,False,False,False,False,none,NO_CANDIDATE,ml28-frozen__priority-aware-cooldown4__weekly-cap2__no-adaptive
KZT_RUB,2026-07-03,0.162603,0.000273154918479314,0.01932418730035667,False,False,False,0,0,0,False,0,0,False,False,False,False,False,none,NO_CANDIDATE,ml28-frozen__priority-aware-cooldown4__weekly-cap2__no-adaptive
KZT_RUB,2026-07-06,0.162764,0.0025872839880852505,0.004950839656912179,False,False,False,0,0,0,False,0,0,False,False,False,False,False,none,NO_CANDIDATE,ml28-frozen__priority-aware-cooldown4__weekly-cap2__no-adaptive
KZT_RUB,2026-07-07,0.165179,0.0007161467579082524,0.009775184151646755,False,False,False,0,0,0,False,0,0,False,False,False,False,False,none,NO_CANDIDATE,ml28-frozen__priority-aware-cooldown4__weekly-cap2__no-adaptive
KZT_RUB,2026-07-08,0.161273,0.09797527280641317,0.001563728145412892,False,False,False,0,0,0,False,1,0,False,False,False,False,False,none,NO_CANDIDATE,ml28-frozen__priority-aware-cooldown4__weekly-cap2__no-adaptive
KZT_RUB,2026-07-09,0.1622,0.020228632047954057,0.011912723646096105,False,False,False,0,0,0,False,0,0,False,False,False,False,False,none,NO_CANDIDATE,ml28-frozen__priority-aware-cooldown4__weekly-cap2__no-adaptive
KZT_RUB,2026-07-10,0.162251,0.03487733991202796,0.0021951416367856024,False,False,False,0,0,0,False,1,0,False,False,False,False,False,none,NO_CANDIDATE,ml28-frozen__priority-aware-cooldown4__weekly-cap2__no-adaptive
KZT_RUB,2026-07-13,0.16402,0.0015644654262772114,0.024996323215807376,False,False,False,0,0,0,False,1,0,False,False,False,False,False,none,NO_CANDIDATE,ml28-frozen__priority-aware-cooldown4__weekly-cap2__no-adaptive
KZT_RUB,2026-07-14,0.16488,0.006254704558995055,0.010676397105385364,False,False,False,0,0,0,False,0,0,False,False,False,False,False,none,NO_CANDIDATE,ml28-frozen__priority-aware-cooldown4__weekly-cap2__no-adaptive
KZT_RUB,2026-07-15,0.162418,0.009762873794593684,0.10205199939215819,False,False,False,0,0,0,True,0,0,False,False,False,False,False,none,NO_CANDIDATE,ml28-frozen__priority-aware-cooldown4__weekly-cap2__no-adaptive
KZT_RUB,2026-07-16,0.166262,0.0005123594967622934,0.011295948936605377,False,False,False,0,0,0,False,0,0,False,False,False,False,False,none,NO_CANDIDATE,ml28-frozen__priority-aware-cooldown4__weekly-cap2__no-adaptive
KZT_RUB,2026-07-17,0.166737,0.00046224919088254086,0.0009107990398383568,False,False,False,0,0,0,False,0,0,False,False,False,False,False,none,NO_CANDIDATE,ml28-frozen__priority-aware-cooldown4__weekly-cap2__no-adaptive
KZT_RUB,2026-07-20,0.165979,0.002608498773654715,0.007167560983717632,False,False,False,0,0,0,False,0,0,False,False,False,False,False,none,NO_CANDIDATE,ml28-frozen__priority-aware-cooldown4__weekly-cap2__no-adaptive
KZT_RUB,2026-07-21,0.16669,0.02746239388050717,0.1553519999146424,False,False,False,0,0,0,False,0,0,False,False,False,False,False,none,NO_CANDIDATE,ml28-frozen__priority-aware-cooldown4__weekly-cap2__no-adaptive
KZT_RUB,2026-07-22,0.167037,0.009418706062592947,0.007664809208605901,False,False,False,0,0,0,False,0,0,False,False,False,False,False,none,NO_CANDIDATE,ml28-frozen__priority-aware-cooldown4__weekly-cap2__no-adaptive
KZT_RUB,2026-07-23,0.167115,0.1664786554879353,0.295111741417064,False,False,False,0,0,0,False,0,0,False,False,False,False,False,none,NO_CANDIDATE,ml28-frozen__priority-aware-cooldown4__weekly-cap2__no-adaptive
KZT_RUB,2026-07-24,0.167657,0.14843286645519876,0.1112877090453813,False,False,False,0,0,0,False,0,0,False,False,False,False,False,none,NO_CANDIDATE,ml28-frozen__priority-aware-cooldown4__weekly-cap2__no-adaptive
KZT_RUB,2026-07-27,0.167542,0.006508949850336528,0.00834459207911418,False,False,False,0,0,0,False,0,0,False,False,False,False,False,none,NO_CANDIDATE,ml28-frozen__priority-aware-cooldown4__weekly-cap2__no-adaptive
KZT_RUB,2026-07-28,0.163878,0.28653004116374486,0.01396697051746204,False,False,True,0,1,0,True,0,1,False,False,False,False,True,positive_market_fact,POSITIVE_MARKET_FACT,ml28-frozen__priority-aware-cooldown4__weekly-cap2__no-adaptive
KZT_RUB,2026-07-29,0.16624,0.0672218551600667,0.03143308897152685,False,False,False,0,0,0,False,1,0,False,False,False,False,False,none,NO_CANDIDATE,ml28-frozen__priority-aware-cooldown4__weekly-cap2__no-adaptive
KZT_RUB,2026-07-30,0.166454,0.2386076330892953,0.025680899901776515,False,False,False,0,0,0,False,1,0,False,False,False,False,False,none,NO_CANDIDATE,ml28-frozen__priority-aware-cooldown4__weekly-cap2__no-adaptive
KZT_RUB,2026-07-31,0.167356,0.009065601175763327,0.01265586583994565,False,False,False,0,0,0,False,0,0,False,False,False,False,False,none,NO_CANDIDATE,ml28-frozen__priority-aware-cooldown4__weekly-cap2__no-adaptive
KZT_RUB,2026-08-03,0.167422,0.02393753817290365,0.12322229381716736,False,False,False,0,0,0,False,0,0,False,False,False,False,False,none,NO_CANDIDATE,ml28-frozen__priority-aware-cooldown4__weekly-cap2__no-adaptive
KZT_RUB,2026-08-04,0.169068,0.000808510201785519,0.0262223021314298,False,False,False,0,0,0,False,0,0,False,False,False,False,False,none,NO_CANDIDATE,ml28-frozen__priority-aware-cooldown4__weekly-cap2__no-adaptive
KZT_RUB,2026-08-05,0.170662,0.0006297120544379503,0.0033169316759344356,False,False,False,0,0,0,False,0,0,False,False,False,False,False,none,NO_CANDIDATE,ml28-frozen__priority-aware-cooldown4__weekly-cap2__no-adaptive
KZT_RUB,2026-08-06,0.171468,0.0004921742433968661,0.0022740794653980283,False,False,False,0,0,0,False,0,0,False,False,False,False,False,none,NO_CANDIDATE,ml28-frozen__priority-aware-cooldown4__weekly-cap2__no-adaptive
KZT_RUB,2026-08-07,0.173263,0.0002044925356067948,0.0016467452638646652,False,False,False,0,0,0,False,0,0,False,False,False,False,False,none,NO_CANDIDATE,ml28-frozen__priority-aware-cooldown4__weekly-cap2__no-adaptive
KZT_RUB,2026-08-10,0.175765,0.00017064889774004728,0.004282158609357936,False,False,False,0,0,0,False,0,0,False,False,False,False,False,none,NO_CANDIDATE,ml28-frozen__priority-aware-cooldown4__weekly-cap2__no-adaptive
KZT_RUB,2026-08-11,0.175784,0.00024038312838398405,0.003737685722919389,False,False,False,0,0,0,False,0,0,False,False,False,False,False,none,NO_CANDIDATE,ml28-frozen__priority-aware-cooldown4__weekly-cap2__no-adaptive
KZT_RUB,2026-08-12,0.176738,0.000404390969140141,0.004086626028295116,False,False,False,0,0,0,False,0,0,False,False,False,False,False,none,NO_CANDIDATE,ml28-frozen__priority-aware-cooldown4__weekly-cap2__no-adaptive
KZT_RUB,2026-08-13,0.178206,0.0005097474598162397,0.007773515335895,False,False,False,0,0,0,False,0,0,False,False,False,False,False,none,NO_CANDIDATE,ml28-frozen__priority-aware-cooldown4__weekly-cap2__no-adaptive
KZT_RUB,2026-08-14,0.180154,0.0007544025730985794,0.004053782638138005,False,False,False,0,0,0,False,0,0,False,False,False,False,False,none,NO_CANDIDATE,ml28-frozen__priority-aware-cooldown4__weekly-cap2__no-adaptive
KZT_RUB,2026-08-17,0.181743,0.0006725732305120362,0.003626126324062792,False,False,False,0,0,0,False,0,0,False,False,False,False,False,none,NO_CANDIDATE,ml28-frozen__priority-aware-cooldown4__weekly-cap2__no-adaptive
KZT_RUB,2026-08-18,0.183211,0.0003034321523235454,0.004056517376052061,False,False,False,0,0,0,False,0,0,False,False,False,False,False,none,NO_CANDIDATE,ml28-frozen__priority-aware-cooldown4__weekly-cap2__no-adaptive
KZT_RUB,2026-08-19,0.184582,0.0003206029639878537,0.004922426205780222,False,False,False,0,0,0,False,0,0,False,False,False,False,False,none,NO_CANDIDATE,ml28-frozen__priority-aware-cooldown4__weekly-cap2__no-adaptive
KZT_RUB,2026-08-20,0.185011,0.0014573237998303029,0.002925522285977528,False,False,False,0,0,0,False,0,0,False,False,False,False,False,none,NO_CANDIDATE,ml28-frozen__priority-aware-cooldown4__weekly-cap2__no-adaptive
KZT_RUB,2026-08-21,0.180336,0.2367479292202199,0.022500032298676472,False,False,False,0,0,0,False,0,0,False,False,False,False,False,none,NO_CANDIDATE,ml28-frozen__priority-aware-cooldown4__weekly-cap2__no-adaptive
KZT_RUB,2026-08-24,0.18096,0.07696906179334735,0.02996098143647038,False,False,False,0,0,0,True,0,0,False,False,False,False,False,none,NO_CANDIDATE,ml28-frozen__priority-aware-cooldown4__weekly-cap2__no-adaptive
TJS_RUB,2026-01-01,8.45593,0.28950852581623326,0.33824572661836555,False,False,False,0,0,0,True,0,0,False,False,False,False,False,none,NO_CANDIDATE,ml28-frozen__priority-aware-cooldown4__weekly-cap2__no-adaptive
TJS_RUB,2026-01-02,8.45593,0.22506295347466032,0.3751806012957637,False,False,False,0,0,0,True,0,0,False,False,False,False,False,none,NO_CANDIDATE,ml28-frozen__priority-aware-cooldown4__weekly-cap2__no-adaptive
TJS_RUB,2026-01-05,8.45593,0.11794213717398053,0.15610760245977107,False,False,False,0,0,0,True,0,0,False,False,False,False,False,none,NO_CANDIDATE,ml28-frozen__priority-aware-cooldown4__weekly-cap2__no-adaptive
TJS_RUB,2026-01-06,8.45593,0.11794213717398053,0.15610760245977107,False,False,False,0,0,0,True,0,0,False,False,False,False,False,none,NO_CANDIDATE,ml28-frozen__priority-aware-cooldown4__weekly-cap2__no-adaptive
TJS_RUB,2026-01-07,8.45593,0.11794213717398053,0.15610760245977107,False,False,False,0,0,0,False,0,0,False,False,False,False,False,none,NO_CANDIDATE,ml28-frozen__priority-aware-cooldown4__weekly-cap2__no-adaptive
TJS_RUB,2026-01-08,8.45593,0.11794213717398053,0.15610760245977107,False,False,False,0,0,0,False,0,0,False,False,False,False,False,none,NO_CANDIDATE,ml28-frozen__priority-aware-cooldown4__weekly-cap2__no-adaptive
TJS_RUB,2026-01-09,8.45593,0.11794213717398053,0.15610760245977107,False,False,False,0,0,0,False,0,0,False,False,False,False,False,none,NO_CANDIDATE,ml28-frozen__priority-aware-cooldown4__weekly-cap2__no-adaptive
TJS_RUB,2026-01-12,8.45593,0.11794213717398053,0.15610760245977107,False,False,False,0,0,0,False,0,0,False,False,False,False,False,none,NO_CANDIDATE,ml28-frozen__priority-aware-cooldown4__weekly-cap2__no-adaptive
TJS_RUB,2026-01-13,8.43554,0.49017438584261874,0.09048754989444395,False,False,False,0,0,0,False,0,0,False,False,False,False,False,none,NO_CANDIDATE,ml28-frozen__priority-aware-cooldown4__weekly-cap2__no-adaptive
TJS_RUB,2026-01-14,8.43868,0.5632025498800975,0.1832118847298746,False,False,False,0,0,0,False,0,0,False,False,False,False,False,none,NO_CANDIDATE,ml28-frozen__priority-aware-cooldown4__weekly-cap2__no-adaptive
TJS_RUB,2026-01-15,8.408,0.6516351863622437,0.03524558050333681,False,False,False,0,0,0,False,0,0,False,False,False,False,False,none,NO_CANDIDATE,ml28-frozen__priority-aware-cooldown4__weekly-cap2__no-adaptive
TJS_RUB,2026-01-16,8.40492,0.7224174912525583,0.0012468008073650875,False,False,False,0,0,0,False,0,0,False,False,False,False,False,none,NO_CANDIDATE,ml28-frozen__priority-aware-cooldown4__weekly-cap2__no-adaptive
TJS_RUB,2026-01-19,8.34315,0.5866869862273736,0.0001642017114442154,False,False,True,1,1,1,False,0,1,False,False,False,False,True,positive_market_fact,POSITIVE_MARKET_FACT,ml28-frozen__priority-aware-cooldown4__weekly-cap2__no-adaptive
TJS_RUB,2026-01-20,8.33515,0.256689071530308,8.450070809673815e-05,False,False,True,1,1,1,False,0,1,False,True,False,False,False,none,COOLDOWN,ml28-frozen__priority-aware-cooldown4__weekly-cap2__no-adaptive
TJS_RUB,2026-01-21,8.34465,0.13811815676402306,0.0004228061647804067,False,False,True,0,1,0,False,0,1,False,True,False,False,False,none,COOLDOWN,ml28-frozen__priority-aware-cooldown4__weekly-cap2__no-adaptive
TJS_RUB,2026-01-22,8.30068,0.5726115732711841,0.0014469323899315143,False,False,True,0,1,1,False,0,1,False,True,False,False,False,none,COOLDOWN,ml28-frozen__priority-aware-cooldown4__weekly-cap2__no-adaptive
TJS_RUB,2026-01-23,8.13556,0.8994906045945381,0.0006117527134644344,True,False,True,0,1,1,True,0,1,True,False,False,False,True,good_day,GOOD_DAY,ml28-frozen__priority-aware-cooldown4__weekly-cap2__no-adaptive
TJS_RUB,2026-01-26,8.1155,0.8879099152995631,0.0010872799968277298,True,False,True,1,1,1,True,0,1,True,True,False,False,False,none,COOLDOWN,ml28-frozen__priority-aware-cooldown4__weekly-cap2__no-adaptive
TJS_RUB,2026-01-27,8.12456,0.9147218935558568,0.0051215125630461895,True,False,True,0,1,1,True,0,1,True,True,False,False,False,none,COOLDOWN,ml28-frozen__priority-aware-cooldown4__weekly-cap2__no-adaptive
TJS_RUB,2026-01-28,8.18151,0.8797266243592288,0.12368816873412167,True,False,True,0,1,0,False,0,1,True,False,False,False,True,good_day,GOOD_DAY,ml28-frozen__priority-aware-cooldown4__weekly-cap2__no-adaptive
TJS_RUB,2026-01-29,8.15524,0.8347095531981495,0.003498222012961449,True,False,True,0,1,0,True,0,1,True,True,False,False,False,none,COOLDOWN,ml28-frozen__priority-aware-cooldown4__weekly-cap2__no-adaptive
TJS_RUB,2026-01-30,8.10701,0.9547757610420987,0.0029208206103637922,True,False,True,0,0,1,True,0,1,True,True,False,False,False,none,COOLDOWN,ml28-frozen__priority-aware-cooldown4__weekly-cap2__no-adaptive
TJS_RUB,2026-02-02,8.08152,0.9768093506633044,0.0006043403873344944,True,False,True,1,0,1,True,0,1,True,False,False,False,True,good_day,GOOD_DAY,ml28-frozen__priority-aware-cooldown4__weekly-cap2__no-adaptive
TJS_RUB,2026-02-03,8.21913,0.015515586313098378,0.5675387437237842,False,False,False,0,0,0,False,0,0,False,False,False,False,False,none,NO_CANDIDATE,ml28-frozen__priority-aware-cooldown4__weekly-cap2__no-adaptive
TJS_RUB,2026-02-04,8.22419,0.046249694292146815,0.035227190547185594,False,False,False,0,0,0,False,0,0,False,False,False,False,False,none,NO_CANDIDATE,ml28-frozen__priority-aware-cooldown4__weekly-cap2__no-adaptive
TJS_RUB,2026-02-05,8.21655,0.03731647714026679,0.26483790792096384,False,False,False,0,0,0,False,0,0,False,False,False,False,False,none,NO_CANDIDATE,ml28-frozen__priority-aware-cooldown4__weekly-cap2__no-adaptive
TJS_RUB,2026-02-06,8.16358,0.8198527448848582,0.06822745022495645,True,False,False,0,0,0,False,0,0,False,True,False,False,False,none,COOLDOWN,ml28-frozen__priority-aware-cooldown4__weekly-cap2__no-adaptive
TJS_RUB,2026-02-09,8.21471,0.021292602522914875,0.5536336398297578,False,False,False,0,0,0,False,0,0,False,False,False,False,False,none,NO_CANDIDATE,ml28-frozen__priority-aware-cooldown4__weekly-cap2__no-adaptive
TJS_RUB,2026-02-10,8.28278,0.11259596700965967,0.9231770426797503,False,True,False,0,0,0,False,0,0,False,False,False,False,True,window_closing,WINDOW_CLOSING,ml28-frozen__priority-aware-cooldown4__weekly-cap2__no-adaptive
TJS_RUB,2026-02-11,8.21951,0.34733772108121613,0.27532416265486165,False,False,False,0,0,0,False,0,0,False,False,False,False,False,none,NO_CANDIDATE,ml28-frozen__priority-aware-cooldown4__weekly-cap2__no-adaptive
TJS_RUB,2026-02-12,8.2355,0.3370308392605393,0.5809766129857926,False,False,False,0,0,0,False,0,0,False,False,False,False,False,none,NO_CANDIDATE,ml28-frozen__priority-aware-cooldown4__weekly-cap2__no-adaptive
TJS_RUB,2026-02-13,8.19066,0.4092432127515501,0.04293475869940647,False,False,False,0,0,0,False,0,0,False,False,False,False,False,none,NO_CANDIDATE,ml28-frozen__priority-aware-cooldown4__weekly-cap2__no-adaptive
TJS_RUB,2026-02-16,8.17201,0.8318940926930216,0.0021713875840029756,True,False,False,0,0,0,False,0,0,False,False,False,False,True,good_day,GOOD_DAY,ml28-frozen__priority-aware-cooldown4__weekly-cap2__no-adaptive
TJS_RUB,2026-02-17,8.11121,0.8850147600416991,0.0005624293440550861,True,False,True,1,1,0,True,0,1,True,True,False,False,False,none,COOLDOWN,ml28-frozen__priority-aware-cooldown4__weekly-cap2__no-adaptive
TJS_RUB,2026-02-18,8.11554,0.9254598828800588,0.0032904679483638385,True,False,True,0,1,0,True,0,1,True,True,False,False,False,none,COOLDOWN,ml28-frozen__priority-aware-cooldown4__weekly-cap2__no-adaptive
TJS_RUB,2026-02-19,8.0576,0.7611595009957743,0.0007051032857418068,False,False,True,0,1,1,True,0,1,False,True,False,False,False,none,COOLDOWN,ml28-frozen__priority-aware-cooldown4__weekly-cap2__no-adaptive
TJS_RUB,2026-02-20,8.10316,0.8725656359863193,0.0009360866450096835,True,False,True,0,1,0,True,0,1,True,True,False,False,False,none,COOLDOWN,ml28-frozen__priority-aware-cooldown4__weekly-cap2__no-adaptive
TJS_RUB,2026-02-23,8.11537,0.8570003332545754,0.0016212696398198044,True,False,False,0,0,0,True,0,0,False,False,False,False,True,good_day,GOOD_DAY,ml28-frozen__priority-aware-cooldown4__weekly-cap2__no-adaptive
TJS_RUB,2026-02-24,8.11537,0.8884037470678797,0.001211114436534501,True,False,False,0,0,0,True,0,0,False,True,False,False,False,none,COOLDOWN,ml28-frozen__priority-aware-cooldown4__weekly-cap2__no-adaptive
TJS_RUB,2026-02-25,8.09736,0.9292850312989591,0.00791289235220723,True,False,False,0,0,0,True,0,0,False,True,False,False,False,none,COOLDOWN,ml28-frozen__priority-aware-cooldown4__weekly-cap2__no-adaptive
TJS_RUB,2026-02-26,8.06827,0.9534758540863594,0.0023654570246069155,True,False,True,0,0,1,True,0,1,True,True,False,False,False,none,COOLDOWN,ml28-frozen__priority-aware-cooldown4__weekly-cap2__no-adaptive
TJS_RUB,2026-02-27,8.12167,0.9253077308057378,0.07968646744127353,True,False,False,0,0,0,True,0,0,False,True,False,False,False,none,COOLDOWN,ml28-frozen__priority-aware-cooldown4__weekly-cap2__no-adaptive
TJS_RUB,2026-03-02,8.12474,0.913305926553328,0.013783165968467893,True,False,False,0,0,0,True,0,0,False,False,False,False,True,good_day,GOOD_DAY,ml28-frozen__priority-aware-cooldown4__weekly-cap2__no-adaptive
TJS_RUB,2026-03-03,8.09998,0.9672409584102938,0.0021015042397103446,True,False,False,0,0,0,True,0,0,False,True,False,False,False,none,COOLDOWN,ml28-frozen__priority-aware-cooldown4__weekly-cap2__no-adaptive
TJS_RUB,2026-03-04,8.13285,0.8955304830433991,0.0036349542429375678,True,False,False,0,0,0,True,0,0,False,True,False,False,False,none,COOLDOWN,ml28-frozen__priority-aware-cooldown4__weekly-cap2__no-adaptive
TJS_RUB,2026-03-05,8.14047,0.41928629722338145,0.014483739417249942,False,False,False,0,0,0,True,0,0,False,False,False,False,False,none,NO_CANDIDATE,ml28-frozen__priority-aware-cooldown4__weekly-cap2__no-adaptive
TJS_RUB,2026-03-06,8.16614,0.2511578449548355,0.6035870834228801,False,False,False,0,0,0,False,1,0,False,False,False,False,False,none,NO_CANDIDATE,ml28-frozen__priority-aware-cooldown4__weekly-cap2__no-adaptive
TJS_RUB,2026-03-09,8.2664,0.009732750760568946,0.2276870851582231,False,False,False,0,0,0,False,0,0,False,False,False,False,False,none,NO_CANDIDATE,ml28-frozen__priority-aware-cooldown4__weekly-cap2__no-adaptive
TJS_RUB,2026-03-10,8.2664,0.011155627936332133,0.24023752532604822,False,False,False,0,0,0,False,0,0,False,False,False,False,False,none,NO_CANDIDATE,ml28-frozen__priority-aware-cooldown4__weekly-cap2__no-adaptive
TJS_RUB,2026-03-11,8.20119,0.025111105385696626,0.5907010351910871,False,False,False,0,0,0,False,1,0,False,False,False,False,False,none,NO_CANDIDATE,ml28-frozen__priority-aware-cooldown4__weekly-cap2__no-adaptive
TJS_RUB,2026-03-12,8.23651,0.01070277921276068,0.44449621564163877,False,False,False,0,0,0,False,1,0,False,False,False,False,False,none,NO_CANDIDATE,ml28-frozen__priority-aware-cooldown4__weekly-cap2__no-adaptive
TJS_RUB,2026-03-13,8.22673,0.1718399541181971,0.04701758489399466,False,False,False,0,0,0,False,1,0,False,False,False,False,False,none,NO_CANDIDATE,ml28-frozen__priority-aware-cooldown4__weekly-cap2__no-adaptive
TJS_RUB,2026-03-16,8.34542,0.003714412472911715,0.033246842186308606,False,False,False,0,0,0,False,0,0,False,False,False,False,False,none,NO_CANDIDATE,ml28-frozen__priority-aware-cooldown4__weekly-cap2__no-adaptive
TJS_RUB,2026-03-17,8.43691,0.001976819105829451,0.0027923996930689712,False,False,False,0,0,0,False,0,0,False,False,False,False,False,none,NO_CANDIDATE,ml28-frozen__priority-aware-cooldown4__weekly-cap2__no-adaptive
TJS_RUB,2026-03-18,8.52327,0.0016646219111354354,0.0006515142265128367,False,False,False,0,0,0,False,0,0,False,False,False,False,False,none,NO_CANDIDATE,ml28-frozen__priority-aware-cooldown4__weekly-cap2__no-adaptive
TJS_RUB,2026-03-19,8.65174,0.001227681755856343,0.000874683889626632,False,False,False,0,0,0,False,0,0,False,False,False,False,False,none,NO_CANDIDATE,ml28-frozen__priority-aware-cooldown4__weekly-cap2__no-adaptive
TJS_RUB,2026-03-20,8.82992,0.0015181962983346806,0.0007638966546191274,False,False,False,0,0,0,False,0,0,False,False,False,False,False,none,NO_CANDIDATE,ml28-frozen__priority-aware-cooldown4__weekly-cap2__no-adaptive
TJS_RUB,2026-03-23,8.80604,0.002466635627327556,0.00037355371522492507,False,False,False,0,0,0,False,0,0,False,False,False,False,False,none,NO_CANDIDATE,ml28-frozen__priority-aware-cooldown4__weekly-cap2__no-adaptive
TJS_RUB,2026-03-24,8.80604,0.006664337983645609,0.0024954773362138648,False,False,False,0,0,0,False,0,0,False,False,False,False,False,none,NO_CANDIDATE,ml28-frozen__priority-aware-cooldown4__weekly-cap2__no-adaptive
TJS_RUB,2026-03-25,8.48757,0.12931121121090142,0.026695532889657633,False,False,False,0,0,0,False,0,0,False,False,False,False,False,none,NO_CANDIDATE,ml28-frozen__priority-aware-cooldown4__weekly-cap2__no-adaptive
TJS_RUB,2026-03-26,8.46229,0.08282260128554036,0.008742602844199688,False,False,True,0,1,0,False,0,1,False,False,False,False,True,positive_market_fact,POSITIVE_MARKET_FACT,ml28-frozen__priority-aware-cooldown4__weekly-cap2__no-adaptive
TJS_RUB,2026-03-27,8.61033,0.02770484654063515,0.031138858651399502,False,False,True,0,1,0,False,0,1,False,True,False,False,False,none,COOLDOWN,ml28-frozen__priority-aware-cooldown4__weekly-cap2__no-adaptive
TJS_RUB,2026-03-30,8.50685,0.14082078697539172,0.04322956537821844,False,False,True,0,1,0,False,0,1,False,True,False,False,False,none,COOLDOWN,ml28-frozen__priority-aware-cooldown4__weekly-cap2__no-adaptive
TJS_RUB,2026-03-31,8.46996,0.4416548590371508,0.0020694088816152383,False,False,True,0,1,0,False,0,1,False,False,False,False,True,positive_market_fact,POSITIVE_MARKET_FACT,ml28-frozen__priority-aware-cooldown4__weekly-cap2__no-adaptive
TJS_RUB,2026-04-01,8.46526,0.18500830193183115,0.0013070441614392823,False,False,True,1,0,0,False,0,1,False,True,False,False,False,none,COOLDOWN,ml28-frozen__priority-aware-cooldown4__weekly-cap2__no-adaptive
TJS_RUB,2026-04-02,8.42187,0.378117364846065,0.0460597512589655,False,False,True,1,0,0,False,0,1,False,True,False,False,False,none,COOLDOWN,ml28-frozen__priority-aware-cooldown4__weekly-cap2__no-adaptive
TJS_RUB,2026-04-03,8.38,0.8982122348017518,0.016135734216053237,True,False,True,1,1,0,False,0,1,True,False,False,False,True,good_day,GOOD_DAY,ml28-frozen__priority-aware-cooldown4__weekly-cap2__no-adaptive
TJS_RUB,2026-04-06,8.32786,0.6705612202456661,0.005348375770699523,False,False,True,1,1,0,False,0,1,False,True,False,False,False,none,COOLDOWN,ml28-frozen__priority-aware-cooldown4__weekly-cap2__no-adaptive
TJS_RUB,2026-04-07,8.22213,0.8879762570720999,0.0008326136629815729,True,False,True,1,1,1,False,0,1,True,True,False,False,False,none,COOLDOWN,ml28-frozen__priority-aware-cooldown4__weekly-cap2__no-adaptive
TJS_RUB,2026-04-08,8.2443,0.8502314408578705,0.0017110321595653183,True,False,True,0,1,0,False,0,1,True,False,False,False,True,good_day,GOOD_DAY,ml28-frozen__priority-aware-cooldown4__weekly-cap2__no-adaptive
TJS_RUB,2026-04-09,8.19769,0.6422743119014072,0.0002446760888045251,False,False,True,0,1,1,False,0,1,False,True,False,False,False,none,COOLDOWN,ml28-frozen__priority-aware-cooldown4__weekly-cap2__no-adaptive
TJS_RUB,2026-04-10,8.15906,0.7718268856464634,0.0006900902168516318,False,False,True,0,1,1,False,0,1,False,True,False,False,False,none,COOLDOWN,ml28-frozen__priority-aware-cooldown4__weekly-cap2__no-adaptive
TJS_RUB,2026-04-13,8.08169,0.5620245321829582,0.0004539039602179163,False,False,True,1,1,1,False,0,1,False,False,False,False,True,positive_market_fact,POSITIVE_MARKET_FACT,ml28-frozen__priority-aware-cooldown4__weekly-cap2__no-adaptive
TJS_RUB,2026-04-14,8.01903,0.5651304028006484,0.0002947003025125157,False,False,True,1,1,1,False,0,1,False,True,False,False,False,none,COOLDOWN,ml28-frozen__priority-aware-cooldown4__weekly-cap2__no-adaptive
TJS_RUB,2026-04-15,7.9843,0.4318706783005651,0.00013575701597317585,False,False,True,1,1,1,False,0,1,False,True,False,False,False,none,COOLDOWN,ml28-frozen__priority-aware-cooldown4__weekly-cap2__no-adaptive
TJS_RUB,2026-04-16,7.93405,0.5095124395864886,0.0001501385570151534,False,False,True,1,1,1,True,0,1,False,True,False,False,False,none,COOLDOWN,ml28-frozen__priority-aware-cooldown4__weekly-cap2__no-adaptive
TJS_RUB,2026-04-17,8.02384,0.08470029528058226,0.032725711514168955,False,False,True,0,1,1,False,0,1,False,True,False,False,False,none,COOLDOWN,ml28-frozen__priority-aware-cooldown4__weekly-cap2__no-adaptive
TJS_RUB,2026-04-20,8.03473,0.1252732947616329,0.025063668472907148,False,False,False,0,0,0,False,0,0,False,False,False,False,False,none,NO_CANDIDATE,ml28-frozen__priority-aware-cooldown4__weekly-cap2__no-adaptive
TJS_RUB,2026-04-21,7.95519,0.4383554666841664,0.0003042098212506002,False,False,True,0,0,1,True,0,1,False,False,False,False,True,positive_market_fact,POSITIVE_MARKET_FACT,ml28-frozen__priority-aware-cooldown4__weekly-cap2__no-adaptive
TJS_RUB,2026-04-22,7.8915,0.5647916612794702,0.0002893504424012559,False,False,True,0,1,1,True,0,1,False,True,False,False,False,none,COOLDOWN,ml28-frozen__priority-aware-cooldown4__weekly-cap2__no-adaptive
TJS_RUB,2026-04-23,7.94091,0.32483349150686297,0.002139779908474107,False,False,True,0,0,1,True,0,1,False,True,False,False,False,none,COOLDOWN,ml28-frozen__priority-aware-cooldown4__weekly-cap2__no-adaptive
TJS_RUB,2026-04-24,7.93053,0.43000418388614947,0.00037211901293488235,False,False,True,0,1,1,True,0,1,False,True,False,False,False,none,COOLDOWN,ml28-frozen__priority-aware-cooldown4__weekly-cap2__no-adaptive
TJS_RUB,2026-04-27,8.00866,0.006143460786754208,0.844977798196748,False,True,False,0,0,0,False,0,0,False,False,False,False,True,window_closing,WINDOW_CLOSING,ml28-frozen__priority-aware-cooldown4__weekly-cap2__no-adaptive
TJS_RUB,2026-04-28,7.93939,0.7300385261919317,0.0035611497757932153,False,False,True,0,0,1,True,0,1,False,True,False,False,False,none,COOLDOWN,ml28-frozen__priority-aware-cooldown4__weekly-cap2__no-adaptive
TJS_RUB,2026-04-29,7.92735,0.938275016450836,0.00931047500999736,True,False,True,0,0,1,True,0,1,True,True,False,False,False,none,COOLDOWN,ml28-frozen__priority-aware-cooldown4__weekly-cap2__no-adaptive
TJS_RUB,2026-04-30,7.95384,0.9225837228085567,0.08184574816325267,True,False,False,0,0,0,True,0,0,False,True,False,False,False,none,COOLDOWN,ml28-frozen__priority-aware-cooldown4__weekly-cap2__no-adaptive
TJS_RUB,2026-05-01,7.95683,0.9133895145402232,0.007991226692329833,True,False,False,0,0,0,True,0,0,False,True,False,False,False,none,COOLDOWN,ml28-frozen__priority-aware-cooldown4__weekly-cap2__no-adaptive
TJS_RUB,2026-05-04,7.95683,0.9306450535576378,0.017820375628668773,True,False,False,0,0,0,False,0,0,False,False,False,False,True,good_day,GOOD_DAY,ml28-frozen__priority-aware-cooldown4__weekly-cap2__no-adaptive
TJS_RUB,2026-05-05,8.03327,0.06184689323472379,0.49687140849471273,False,False,False,0,0,0,False,0,0,False,False,False,False,False,none,NO_CANDIDATE,ml28-frozen__priority-aware-cooldown4__weekly-cap2__no-adaptive
TJS_RUB,2026-05-06,8.03438,0.04445704310396362,0.6500353502500277,False,False,False,0,0,0,False,0,0,False,False,False,False,False,none,NO_CANDIDATE,ml28-frozen__priority-aware-cooldown4__weekly-cap2__no-adaptive
TJS_RUB,2026-05-07,8.01985,0.025346812439200346,0.7882390429044579,False,False,False,0,0,0,False,0,0,False,False,False,False,False,none,NO_CANDIDATE,ml28-frozen__priority-aware-cooldown4__weekly-cap2__no-adaptive
TJS_RUB,2026-05-08,7.96058,0.9286399355793403,0.0033140892436210657,True,False,False,0,0,0,False,0,0,False,True,False,False,False,none,COOLDOWN,ml28-frozen__priority-aware-cooldown4__weekly-cap2__no-adaptive
TJS_RUB,2026-05-11,7.93162,0.9783895626195348,0.0006169306646072649,True,False,True,1,0,0,False,0,1,True,False,False,False,True,good_day,GOOD_DAY,ml28-frozen__priority-aware-cooldown4__weekly-cap2__no-adaptive
TJS_RUB,2026-05-12,7.93162,0.9778600913104711,0.0010834891630785784,True,False,True,1,1,0,False,0,1,True,True,False,False,False,none,COOLDOWN,ml28-frozen__priority-aware-cooldown4__weekly-cap2__no-adaptive
TJS_RUB,2026-05-13,7.8855,0.8904347273250551,0.0003405002960853544,True,False,True,1,1,1,False,0,1,True,True,False,False,False,none,COOLDOWN,ml28-frozen__priority-aware-cooldown4__weekly-cap2__no-adaptive
TJS_RUB,2026-05-14,7.83845,0.9548968446737423,0.00018750004105454272,True,False,True,1,1,1,False,0,1,True,True,False,False,False,none,COOLDOWN,ml28-frozen__priority-aware-cooldown4__weekly-cap2__no-adaptive
TJS_RUB,2026-05-15,7.82063,0.9386964963067936,6.743361670764208e-05,True,False,True,1,1,1,False,0,1,True,True,False,False,False,none,COOLDOWN,ml28-frozen__priority-aware-cooldown4__weekly-cap2__no-adaptive
TJS_RUB,2026-05-18,7.82531,0.6357760635832436,0.00017374129277076213,False,False,True,0,1,1,False,0,1,False,False,False,False,True,positive_market_fact,POSITIVE_MARKET_FACT,ml28-frozen__priority-aware-cooldown4__weekly-cap2__no-adaptive
TJS_RUB,2026-05-19,7.74208,0.5192976090057966,0.00010201449566765434,False,False,True,0,1,1,False,0,1,False,True,False,False,False,none,COOLDOWN,ml28-frozen__priority-aware-cooldown4__weekly-cap2__no-adaptive
TJS_RUB,2026-05-20,7.6422,0.6068819532097549,0.00020748940639803533,False,False,True,0,1,1,True,0,1,False,True,False,False,False,none,COOLDOWN,ml28-frozen__priority-aware-cooldown4__weekly-cap2__no-adaptive
TJS_RUB,2026-05-21,7.61455,0.663018586948171,0.00011537666915171585,False,False,True,1,1,1,True,0,1,False,True,False,False,False,none,COOLDOWN,ml28-frozen__priority-aware-cooldown4__weekly-cap2__no-adaptive
TJS_RUB,2026-05-22,7.62119,0.7131459731774706,0.0007128394266778877,False,False,True,0,1,1,True,0,1,False,True,False,False,False,none,COOLDOWN,ml28-frozen__priority-aware-cooldown4__weekly-cap2__no-adaptive
TJS_RUB,2026-05-25,7.67396,0.7474595619560993,0.0033707324340011883,False,False,True,0,1,0,True,0,1,False,False,False,False,True,positive_market_fact,POSITIVE_MARKET_FACT,ml28-frozen__priority-aware-cooldown4__weekly-cap2__no-adaptive
TJS_RUB,2026-05-26,7.71028,0.018254565061266475,0.4553768997082433,False,False,False,0,0,0,False,0,0,False,False,False,False,False,none,NO_CANDIDATE,ml28-frozen__priority-aware-cooldown4__weekly-cap2__no-adaptive
TJS_RUB,2026-05-27,7.74622,0.02370950236603553,0.08553097645895427,False,False,False,0,0,0,False,0,0,False,False,False,False,False,none,NO_CANDIDATE,ml28-frozen__priority-aware-cooldown4__weekly-cap2__no-adaptive
TJS_RUB,2026-05-28,7.66334,0.9036882604660161,0.0003897816877907158,True,False,True,0,0,1,True,0,1,True,False,False,False,True,good_day,GOOD_DAY,ml28-frozen__priority-aware-cooldown4__weekly-cap2__no-adaptive
TJS_RUB,2026-05-29,7.71309,0.15572686163136185,0.049398994537355426,False,False,False,0,0,0,False,1,0,False,False,False,False,False,none,NO_CANDIDATE,ml28-frozen__priority-aware-cooldown4__weekly-cap2__no-adaptive
TJS_RUB,2026-06-01,7.67536,0.9647623586888745,0.001294212734614179,True,False,False,0,0,0,True,0,0,False,True,False,False,False,none,COOLDOWN,ml28-frozen__priority-aware-cooldown4__weekly-cap2__no-adaptive
TJS_RUB,2026-06-02,7.73849,0.37722485958124014,0.43816277943384985,False,False,False,0,0,0,True,0,0,False,False,False,False,False,none,NO_CANDIDATE,ml28-frozen__priority-aware-cooldown4__weekly-cap2__no-adaptive
TJS_RUB,2026-06-03,7.84429,0.00221100265640049,0.0547808774941012,False,False,False,0,0,0,False,0,0,False,False,False,False,False,none,NO_CANDIDATE,ml28-frozen__priority-aware-cooldown4__weekly-cap2__no-adaptive
TJS_RUB,2026-06-04,7.91167,0.0023332434493681534,0.0011309196032510173,False,False,False,0,0,0,False,0,0,False,False,False,False,False,none,NO_CANDIDATE,ml28-frozen__priority-aware-cooldown4__weekly-cap2__no-adaptive
TJS_RUB,2026-06-05,8.00591,0.0024442099743151474,0.0006800784528139646,False,False,False,0,0,0,False,0,0,False,False,False,False,False,none,NO_CANDIDATE,ml28-frozen__priority-aware-cooldown4__weekly-cap2__no-adaptive
TJS_RUB,2026-06-08,7.91682,0.0038199268337065235,0.001476555304140724,False,False,False,0,0,0,False,0,0,False,False,False,False,False,none,NO_CANDIDATE,ml28-frozen__priority-aware-cooldown4__weekly-cap2__no-adaptive
TJS_RUB,2026-06-09,7.83535,0.011732722116169828,0.009703374993034551,False,False,False,0,0,0,False,0,0,False,False,False,False,False,none,NO_CANDIDATE,ml28-frozen__priority-aware-cooldown4__weekly-cap2__no-adaptive
TJS_RUB,2026-06-10,7.66882,0.5257458260967013,0.0005889465419407991,False,False,True,1,1,0,True,0,1,False,False,False,False,True,positive_market_fact,POSITIVE_MARKET_FACT,ml28-frozen__priority-aware-cooldown4__weekly-cap2__no-adaptive
TJS_RUB,2026-06-11,7.68128,0.4876337291253827,0.0016904642692058152,False,False,True,0,1,0,True,0,1,False,True,False,False,False,none,COOLDOWN,ml28-frozen__priority-aware-cooldown4__weekly-cap2__no-adaptive
TJS_RUB,2026-06-12,7.71269,0.20322877019754518,0.014046854808370922,False,False,True,0,1,0,True,0,1,False,True,False,False,False,none,COOLDOWN,ml28-frozen__priority-aware-cooldown4__weekly-cap2__no-adaptive
TJS_RUB,2026-06-15,7.71269,0.027927499317420425,0.012476118225575651,False,False,True,0,1,0,True,0,1,False,False,False,False,True,positive_market_fact,POSITIVE_MARKET_FACT,ml28-frozen__priority-aware-cooldown4__weekly-cap2__no-adaptive
TJS_RUB,2026-06-16,7.77533,0.008968722379624683,0.20968092937795044,False,False,False,0,0,0,False,1,0,False,False,False,False,False,none,NO_CANDIDATE,ml28-frozen__priority-aware-cooldown4__weekly-cap2__no-adaptive
TJS_RUB,2026-06-17,7.7587,0.03057534380600784,0.01982909808446263,False,False,False,0,0,0,False,1,0,False,False,False,False,False,none,NO_CANDIDATE,ml28-frozen__priority-aware-cooldown4__weekly-cap2__no-adaptive
TJS_RUB,2026-06-18,7.83373,0.013789968181062245,0.025727130877117952,False,False,False,0,0,0,False,0,0,False,False,False,False,False,none,NO_CANDIDATE,ml28-frozen__priority-aware-cooldown4__weekly-cap2__no-adaptive
TJS_RUB,2026-06-19,7.8785,0.01234647440757936,0.010425408759988231,False,False,False,0,0,0,False,0,0,False,False,False,False,False,none,NO_CANDIDATE,ml28-frozen__priority-aware-cooldown4__weekly-cap2__no-adaptive
TJS_RUB,2026-06-22,7.88649,0.0357388896270691,0.01423284655183227,False,False,False,0,0,0,False,0,0,False,False,False,False,False,none,NO_CANDIDATE,ml28-frozen__priority-aware-cooldown4__weekly-cap2__no-adaptive
TJS_RUB,2026-06-23,7.93983,0.02132053978750955,0.014438539933494364,False,False,False,0,0,0,False,0,0,False,False,False,False,False,none,NO_CANDIDATE,ml28-frozen__priority-aware-cooldown4__weekly-cap2__no-adaptive
TJS_RUB,2026-06-24,8.03065,0.0043761218331442656,0.001633455155767214,False,False,False,0,0,0,False,0,0,False,False,False,False,False,none,NO_CANDIDATE,ml28-frozen__priority-aware-cooldown4__weekly-cap2__no-adaptive
TJS_RUB,2026-06-25,8.04287,0.0030943117550644205,0.0005657659448059224,False,False,False,0,0,0,False,0,0,False,False,False,False,False,none,NO_CANDIDATE,ml28-frozen__priority-aware-cooldown4__weekly-cap2__no-adaptive
TJS_RUB,2026-06-26,8.14555,0.0009607911877511704,0.0006145936844395925,False,False,False,0,0,0,False,0,0,False,False,False,False,False,none,NO_CANDIDATE,ml28-frozen__priority-aware-cooldown4__weekly-cap2__no-adaptive
TJS_RUB,2026-06-29,8.31529,0.0008807028564153713,0.00018218051679319628,False,False,False,0,0,0,False,0,0,False,False,False,False,False,none,NO_CANDIDATE,ml28-frozen__priority-aware-cooldown4__weekly-cap2__no-adaptive
TJS_RUB,2026-06-30,8.39004,0.0018065220012671382,5.341160542466576e-05,False,False,False,0,0,0,False,0,0,False,False,False,False,False,none,NO_CANDIDATE,ml28-frozen__priority-aware-cooldown4__weekly-cap2__no-adaptive
TJS_RUB,2026-07-01,8.44105,0.001556733202401997,8.030936522796254e-05,False,False,False,0,0,0,False,0,0,False,False,False,False,False,none,NO_CANDIDATE,ml28-frozen__priority-aware-cooldown4__weekly-cap2__no-adaptive
TJS_RUB,2026-07-02,8.43411,0.002002259625702281,0.0008188895478902259,False,False,False,0,0,0,False,0,0,False,False,False,False,False,none,NO_CANDIDATE,ml28-frozen__priority-aware-cooldown4__weekly-cap2__no-adaptive
TJS_RUB,2026-07-03,8.3962,0.003058350763502728,0.0027765708541028075,False,False,False,0,0,0,False,0,0,False,False,False,False,False,none,NO_CANDIDATE,ml28-frozen__priority-aware-cooldown4__weekly-cap2__no-adaptive
TJS_RUB,2026-07-06,8.32002,0.39368290453498106,0.0027931071631362944,False,False,True,1,0,0,False,0,1,False,False,False,False,True,positive_market_fact,POSITIVE_MARKET_FACT,ml28-frozen__priority-aware-cooldown4__weekly-cap2__no-adaptive
TJS_RUB,2026-07-07,8.4037,0.3705802168120735,0.004150551548181225,False,False,False,0,0,0,False,0,0,False,False,False,False,False,none,NO_CANDIDATE,ml28-frozen__priority-aware-cooldown4__weekly-cap2__no-adaptive
TJS_RUB,2026-07-08,8.20498,0.17450997263118662,0.0018889682993244125,False,False,True,0,1,0,True,0,1,False,True,False,False,False,none,COOLDOWN,ml28-frozen__priority-aware-cooldown4__weekly-cap2__no-adaptive
TJS_RUB,2026-07-09,8.23828,0.22872345934883778,0.03273781482187482,False,False,True,0,1,0,True,0,1,False,True,False,False,False,none,COOLDOWN,ml28-frozen__priority-aware-cooldown4__weekly-cap2__no-adaptive
TJS_RUB,2026-07-10,8.21415,0.29196456655851155,0.005042951115613324,False,False,True,0,1,0,True,0,1,False,True,False,False,False,none,COOLDOWN,ml28-frozen__priority-aware-cooldown4__weekly-cap2__no-adaptive
TJS_RUB,2026-07-13,8.28387,0.13903049067225848,0.26757448155334174,False,False,False,0,0,0,True,0,0,False,False,False,False,False,none,NO_CANDIDATE,ml28-frozen__priority-aware-cooldown4__weekly-cap2__no-adaptive
TJS_RUB,2026-07-14,8.27918,0.3333878805093795,0.007204788092499992,False,False,True,0,1,0,True,0,1,False,False,False,False,True,positive_market_fact,POSITIVE_MARKET_FACT,ml28-frozen__priority-aware-cooldown4__weekly-cap2__no-adaptive
TJS_RUB,2026-07-15,8.37344,0.015529235041023905,0.01667336126450085,False,False,False,0,0,0,False,0,0,False,False,False,False,False,none,NO_CANDIDATE,ml28-frozen__priority-aware-cooldown4__weekly-cap2__no-adaptive
TJS_RUB,2026-07-16,8.42376,0.02127660608628087,0.0018683001869107406,False,False,False,0,0,0,False,0,0,False,False,False,False,False,none,NO_CANDIDATE,ml28-frozen__priority-aware-cooldown4__weekly-cap2__no-adaptive
TJS_RUB,2026-07-17,8.46234,0.01108802098356454,0.002206155054317386,False,False,False,0,0,0,False,0,0,False,False,False,False,False,none,NO_CANDIDATE,ml28-frozen__priority-aware-cooldown4__weekly-cap2__no-adaptive
TJS_RUB,2026-07-20,8.47554,0.008085247886501857,0.01841447406875955,False,False,False,0,0,0,False,0,0,False,False,False,False,False,none,NO_CANDIDATE,ml28-frozen__priority-aware-cooldown4__weekly-cap2__no-adaptive
TJS_RUB,2026-07-21,8.46228,0.03981320686232799,0.09043295488663942,False,False,False,0,0,0,False,0,0,False,False,False,False,False,none,NO_CANDIDATE,ml28-frozen__priority-aware-cooldown4__weekly-cap2__no-adaptive
TJS_RUB,2026-07-22,8.48801,0.004176257436630576,0.5217345416429628,False,False,False,0,0,0,False,0,0,False,False,False,False,False,none,NO_CANDIDATE,ml28-frozen__priority-aware-cooldown4__weekly-cap2__no-adaptive
TJS_RUB,2026-07-23,8.48238,0.07960321832223177,0.21899569155701923,False,False,False,0,0,0,False,0,0,False,False,False,False,False,none,NO_CANDIDATE,ml28-frozen__priority-aware-cooldown4__weekly-cap2__no-adaptive
TJS_RUB,2026-07-24,8.47648,0.11545703667064819,0.15926895168802435,False,False,False,0,0,0,False,0,0,False,False,False,False,False,none,NO_CANDIDATE,ml28-frozen__priority-aware-cooldown4__weekly-cap2__no-adaptive
TJS_RUB,2026-07-27,8.42301,0.663977498259756,0.001743639554356091,False,False,True,1,0,0,True,0,1,False,False,False,False,True,positive_market_fact,POSITIVE_MARKET_FACT,ml28-frozen__priority-aware-cooldown4__weekly-cap2__no-adaptive
TJS_RUB,2026-07-28,8.43101,0.8350422917156006,0.0023812283015498255,True,False,False,0,0,0,True,0,0,False,False,False,False,True,good_day,GOOD_DAY,ml28-frozen__priority-aware-cooldown4__weekly-cap2__no-adaptive
TJS_RUB,2026-07-29,8.51268,0.6896296162189531,0.18032795746991673,False,False,False,0,0,0,False,1,0,False,False,False,False,False,none,NO_CANDIDATE,ml28-frozen__priority-aware-cooldown4__weekly-cap2__no-adaptive
TJS_RUB,2026-07-30,8.58517,0.017034810212264762,0.02743624099161298,False,False,False,0,0,0,False,1,0,False,False,False,False,False,none,NO_CANDIDATE,ml28-frozen__priority-aware-cooldown4__weekly-cap2__no-adaptive
TJS_RUB,2026-07-31,8.63089,0.0037573616631879033,0.07933471668471877,False,False,False,0,0,0,False,0,0,False,False,False,False,False,none,NO_CANDIDATE,ml28-frozen__priority-aware-cooldown4__weekly-cap2__no-adaptive
TJS_RUB,2026-08-03,8.59216,0.016694981782054065,0.004868330760196709,False,False,False,0,0,0,False,0,0,False,False,False,False,False,none,NO_CANDIDATE,ml28-frozen__priority-aware-cooldown4__weekly-cap2__no-adaptive
TJS_RUB,2026-08-04,8.65757,0.01933745204669011,0.011332163499636488,False,False,False,0,0,0,False,0,0,False,False,False,False,False,none,NO_CANDIDATE,ml28-frozen__priority-aware-cooldown4__weekly-cap2__no-adaptive
TJS_RUB,2026-08-05,8.77043,0.004905316333100884,0.0027425360746952407,False,False,False,0,0,0,False,0,0,False,False,False,False,False,none,NO_CANDIDATE,ml28-frozen__priority-aware-cooldown4__weekly-cap2__no-adaptive
TJS_RUB,2026-08-06,8.76114,0.004000035652526628,0.002580698531813046,False,False,False,0,0,0,False,0,0,False,False,False,False,False,none,NO_CANDIDATE,ml28-frozen__priority-aware-cooldown4__weekly-cap2__no-adaptive
TJS_RUB,2026-08-07,8.80312,0.004881747630714869,0.010275665228461866,False,False,False,0,0,0,False,0,0,False,False,False,False,False,none,NO_CANDIDATE,ml28-frozen__priority-aware-cooldown4__weekly-cap2__no-adaptive
TJS_RUB,2026-08-10,8.88517,0.003602656077945192,0.0037384814269882847,False,False,False,0,0,0,False,0,0,False,False,False,False,False,none,NO_CANDIDATE,ml28-frozen__priority-aware-cooldown4__weekly-cap2__no-adaptive
TJS_RUB,2026-08-11,8.9271,0.006486366024090155,0.0005147646509443131,False,False,False,0,0,0,False,0,0,False,False,False,False,False,none,NO_CANDIDATE,ml28-frozen__priority-aware-cooldown4__weekly-cap2__no-adaptive
TJS_RUB,2026-08-12,8.90205,0.012583315015601304,0.0041495481144538885,False,False,False,0,0,0,False,0,0,False,False,False,False,False,none,NO_CANDIDATE,ml28-frozen__priority-aware-cooldown4__weekly-cap2__no-adaptive
TJS_RUB,2026-08-13,8.96991,0.008199412305072493,0.002065606862410448,False,False,False,0,0,0,False,0,0,False,False,False,False,False,none,NO_CANDIDATE,ml28-frozen__priority-aware-cooldown4__weekly-cap2__no-adaptive
TJS_RUB,2026-08-14,9.04757,0.006339264164079815,0.004374568757431202,False,False,False,0,0,0,False,0,0,False,False,False,False,False,none,NO_CANDIDATE,ml28-frozen__priority-aware-cooldown4__weekly-cap2__no-adaptive
TJS_RUB,2026-08-17,9.12736,0.0035786213090716686,0.0008255259451312576,False,False,False,0,0,0,False,0,0,False,False,False,False,False,none,NO_CANDIDATE,ml28-frozen__priority-aware-cooldown4__weekly-cap2__no-adaptive
TJS_RUB,2026-08-18,9.18143,0.003578992600092633,0.001451166225032804,False,False,False,0,0,0,False,0,0,False,False,False,False,False,none,NO_CANDIDATE,ml28-frozen__priority-aware-cooldown4__weekly-cap2__no-adaptive
TJS_RUB,2026-08-19,9.19991,0.005108903849922879,0.0021121281107535,False,False,False,0,0,0,False,0,0,False,False,False,False,False,none,NO_CANDIDATE,ml28-frozen__priority-aware-cooldown4__weekly-cap2__no-adaptive
TJS_RUB,2026-08-20,9.19611,0.015532953800297702,0.002042542286742652,False,False,False,0,0,0,False,0,0,False,False,False,False,False,none,NO_CANDIDATE,ml28-frozen__priority-aware-cooldown4__weekly-cap2__no-adaptive
TJS_RUB,2026-08-21,9.00931,0.20345505003097114,0.022117669617703433,False,False,False,0,0,0,False,1,0,False,False,False,False,False,none,NO_CANDIDATE,ml28-frozen__priority-aware-cooldown4__weekly-cap2__no-adaptive
TJS_RUB,2026-08-24,8.97026,0.439677778082705,0.0007290676431077756,False,False,True,1,1,0,True,0,1,False,False,False,False,True,positive_market_fact,POSITIVE_MARKET_FACT,ml28-frozen__priority-aware-cooldown4__weekly-cap2__no-adaptive
UZS_RUB,2026-01-01,0.0065165,0.01451791367232931,0.058791017328603486,False,False,False,0,0,0,False,0,0,False,False,False,False,False,none,NO_CANDIDATE,ml28-frozen__priority-aware-cooldown4__weekly-cap2__no-adaptive
UZS_RUB,2026-01-02,0.0065165,0.006804315609361146,0.07852331316791367,False,False,False,0,0,0,False,0,0,False,False,False,False,False,none,NO_CANDIDATE,ml28-frozen__priority-aware-cooldown4__weekly-cap2__no-adaptive
UZS_RUB,2026-01-05,0.0065165,0.0029138490520571247,0.0213743679888746,False,False,False,0,0,0,False,0,0,False,False,False,False,False,none,NO_CANDIDATE,ml28-frozen__priority-aware-cooldown4__weekly-cap2__no-adaptive
UZS_RUB,2026-01-06,0.0065165,0.0029138490520571247,0.0213743679888746,False,False,False,0,0,0,False,0,0,False,False,False,False,False,none,NO_CANDIDATE,ml28-frozen__priority-aware-cooldown4__weekly-cap2__no-adaptive
UZS_RUB,2026-01-07,0.0065165,0.0029138490520571247,0.0213743679888746,False,False,False,0,0,0,False,0,0,False,False,False,False,False,none,NO_CANDIDATE,ml28-frozen__priority-aware-cooldown4__weekly-cap2__no-adaptive
UZS_RUB,2026-01-08,0.0065165,0.0029138490520571247,0.0213743679888746,False,False,False,0,0,0,False,0,0,False,False,False,False,False,none,NO_CANDIDATE,ml28-frozen__priority-aware-cooldown4__weekly-cap2__no-adaptive
UZS_RUB,2026-01-09,0.0065165,0.0029138490520571247,0.0213743679888746,False,False,False,0,0,0,False,0,0,False,False,False,False,False,none,NO_CANDIDATE,ml28-frozen__priority-aware-cooldown4__weekly-cap2__no-adaptive
UZS_RUB,2026-01-12,0.0065165,0.0029138490520571247,0.0213743679888746,False,False,False,0,0,0,False,0,0,False,False,False,False,False,none,NO_CANDIDATE,ml28-frozen__priority-aware-cooldown4__weekly-cap2__no-adaptive
UZS_RUB,2026-01-13,0.00651212,0.004555409713914974,0.07037204552574872,False,False,False,0,0,0,False,0,0,False,False,False,False,False,none,NO_CANDIDATE,ml28-frozen__priority-aware-cooldown4__weekly-cap2__no-adaptive
UZS_RUB,2026-01-14,0.00654486,0.002610897965714259,0.19368273235889522,False,False,False,0,0,0,False,0,0,False,False,False,False,False,none,NO_CANDIDATE,ml28-frozen__priority-aware-cooldown4__weekly-cap2__no-adaptive
UZS_RUB,2026-01-15,0.00654666,0.015680591736799865,0.11206043173909595,False,False,False,0,0,0,False,0,0,False,False,False,False,False,none,NO_CANDIDATE,ml28-frozen__priority-aware-cooldown4__weekly-cap2__no-adaptive
UZS_RUB,2026-01-16,0.00656059,0.039517185377410495,0.008779761153864557,False,False,False,0,0,0,False,0,0,False,False,False,False,False,none,NO_CANDIDATE,ml28-frozen__priority-aware-cooldown4__weekly-cap2__no-adaptive
UZS_RUB,2026-01-19,0.00650628,0.09725427193310222,0.0005517136550116346,False,False,False,0,0,0,False,0,0,False,False,False,False,False,none,NO_CANDIDATE,ml28-frozen__priority-aware-cooldown4__weekly-cap2__no-adaptive
UZS_RUB,2026-01-20,0.00645208,0.4394235743456647,8.644409045402803e-05,False,False,False,0,0,0,False,0,0,False,False,False,False,False,none,NO_CANDIDATE,ml28-frozen__priority-aware-cooldown4__weekly-cap2__no-adaptive
UZS_RUB,2026-01-21,0.00644602,0.32804905328587114,0.0011156825405170667,False,False,True,1,1,0,False,0,1,False,False,False,False,True,positive_market_fact,POSITIVE_MARKET_FACT,ml28-frozen__priority-aware-cooldown4__weekly-cap2__no-adaptive
UZS_RUB,2026-01-22,0.00639461,0.6606576419501714,0.0002756647038162924,False,False,True,1,1,1,False,0,1,False,True,False,False,False,none,COOLDOWN,ml28-frozen__priority-aware-cooldown4__weekly-cap2__no-adaptive
UZS_RUB,2026-01-23,0.00626503,0.7688087439971596,0.00019832576594362247,False,False,True,1,1,1,False,0,1,False,True,False,False,False,none,COOLDOWN,ml28-frozen__priority-aware-cooldown4__weekly-cap2__no-adaptive
UZS_RUB,2026-01-26,0.00628257,0.4597985579974551,0.0013538404862692085,False,False,True,0,1,1,False,0,1,False,False,False,False,True,positive_market_fact,POSITIVE_MARKET_FACT,ml28-frozen__priority-aware-cooldown4__weekly-cap2__no-adaptive
UZS_RUB,2026-01-27,0.0062828,0.21088219553328783,0.0013570376291619243,False,False,True,0,1,0,False,0,1,False,True,False,False,False,none,COOLDOWN,ml28-frozen__priority-aware-cooldown4__weekly-cap2__no-adaptive
UZS_RUB,2026-01-28,0.00631199,0.17377058802755002,0.009632460220299672,False,False,True,0,1,0,False,0,1,False,True,False,False,False,none,COOLDOWN,ml28-frozen__priority-aware-cooldown4__weekly-cap2__no-adaptive
UZS_RUB,2026-01-29,0.00626726,0.4562989808710869,0.0018614091865208652,False,False,True,0,1,1,False,0,1,False,True,False,False,False,none,COOLDOWN,ml28-frozen__priority-aware-cooldown4__weekly-cap2__no-adaptive
UZS_RUB,2026-01-30,0.00623203,0.7903898101895407,0.0023972256846235885,False,False,True,0,0,1,True,0,1,False,True,False,False,False,none,COOLDOWN,ml28-frozen__priority-aware-cooldown4__weekly-cap2__no-adaptive
UZS_RUB,2026-02-02,0.00619482,0.9304998745912635,0.00023635404434532375,True,False,True,1,1,1,True,0,1,True,False,False,False,True,good_day,GOOD_DAY,ml28-frozen__priority-aware-cooldown4__weekly-cap2__no-adaptive
UZS_RUB,2026-02-03,0.00629156,0.2939241610574992,0.11859704012447868,False,False,False,0,0,0,False,0,0,False,False,False,False,False,none,NO_CANDIDATE,ml28-frozen__priority-aware-cooldown4__weekly-cap2__no-adaptive
UZS_RUB,2026-02-04,0.00627992,0.2819409124507343,0.04277242809439877,False,False,False,0,0,0,False,0,0,False,False,False,False,False,none,NO_CANDIDATE,ml28-frozen__priority-aware-cooldown4__weekly-cap2__no-adaptive
UZS_RUB,2026-02-05,0.00627031,0.1461993758170502,0.06898674810261773,False,False,False,0,0,0,False,0,0,False,False,False,False,False,none,NO_CANDIDATE,ml28-frozen__priority-aware-cooldown4__weekly-cap2__no-adaptive
UZS_RUB,2026-02-06,0.00623416,0.8818952702169427,0.010604476833483726,True,False,True,1,0,0,True,0,1,True,True,False,False,False,none,COOLDOWN,ml28-frozen__priority-aware-cooldown4__weekly-cap2__no-adaptive
UZS_RUB,2026-02-09,0.00626294,0.16399838368974867,0.36311026310085787,False,False,False,0,0,0,False,0,0,False,False,False,False,False,none,NO_CANDIDATE,ml28-frozen__priority-aware-cooldown4__weekly-cap2__no-adaptive
UZS_RUB,2026-02-10,0.0063026,0.34031049623850057,0.8884021703112728,False,True,False,0,0,0,False,0,0,False,False,False,False,True,window_closing,WINDOW_CLOSING,ml28-frozen__priority-aware-cooldown4__weekly-cap2__no-adaptive
UZS_RUB,2026-02-11,0.00627207,0.43468143631179207,0.2875952456334939,False,False,False,0,0,0,False,0,0,False,False,False,False,False,none,NO_CANDIDATE,ml28-frozen__priority-aware-cooldown4__weekly-cap2__no-adaptive
UZS_RUB,2026-02-12,0.00630446,0.5116716804723072,0.31748384662472723,False,False,False,0,0,0,False,0,0,False,False,False,False,False,none,NO_CANDIDATE,ml28-frozen__priority-aware-cooldown4__weekly-cap2__no-adaptive
UZS_RUB,2026-02-13,0.00628793,0.48641395347829525,0.01747231702948774,False,False,False,0,0,0,True,0,0,False,False,False,False,False,none,NO_CANDIDATE,ml28-frozen__priority-aware-cooldown4__weekly-cap2__no-adaptive
UZS_RUB,2026-02-16,0.00631655,0.307222553094772,0.032771309750814014,False,False,False,0,0,0,False,0,0,False,False,False,False,False,none,NO_CANDIDATE,ml28-frozen__priority-aware-cooldown4__weekly-cap2__no-adaptive
UZS_RUB,2026-02-17,0.00628482,0.6921189795581167,0.004466191387689688,False,False,False,0,0,0,True,0,0,False,False,False,False,False,none,NO_CANDIDATE,ml28-frozen__priority-aware-cooldown4__weekly-cap2__no-adaptive
UZS_RUB,2026-02-18,0.00632228,0.28363356574536625,0.02292132943281919,False,False,False,0,0,0,True,0,0,False,False,False,False,False,none,NO_CANDIDATE,ml28-frozen__priority-aware-cooldown4__weekly-cap2__no-adaptive
UZS_RUB,2026-02-19,0.00627674,0.7703934497819601,0.0037416134898291026,False,False,False,0,0,0,True,0,0,False,False,False,False,False,none,NO_CANDIDATE,ml28-frozen__priority-aware-cooldown4__weekly-cap2__no-adaptive
UZS_RUB,2026-02-20,0.0062978,0.6693798120124634,0.013563402641753302,False,False,False,0,0,0,True,0,0,False,False,False,False,False,none,NO_CANDIDATE,ml28-frozen__priority-aware-cooldown4__weekly-cap2__no-adaptive
UZS_RUB,2026-02-23,0.00628455,0.8722025842544364,0.07973131143024112,True,False,False,0,0,0,True,0,0,False,False,False,False,True,good_day,GOOD_DAY,ml28-frozen__priority-aware-cooldown4__weekly-cap2__no-adaptive
UZS_RUB,2026-02-24,0.00628455,0.9241869042326554,0.044979792839947616,True,False,False,0,0,0,True,0,0,False,True,False,False,False,none,COOLDOWN,ml28-frozen__priority-aware-cooldown4__weekly-cap2__no-adaptive
UZS_RUB,2026-02-25,0.00628784,0.8882044645194528,0.09636273890789177,True,False,False,0,0,0,True,0,0,False,True,False,False,False,none,COOLDOWN,ml28-frozen__priority-aware-cooldown4__weekly-cap2__no-adaptive
UZS_RUB,2026-02-26,0.00630034,0.8180878020487423,0.025119058660956955,True,False,False,0,0,0,True,0,0,False,True,False,False,False,none,COOLDOWN,ml28-frozen__priority-aware-cooldown4__weekly-cap2__no-adaptive
UZS_RUB,2026-02-27,0.0063545,0.03966218244167549,0.2721321402706148,False,False,False,0,0,0,False,0,0,False,False,False,False,False,none,NO_CANDIDATE,ml28-frozen__priority-aware-cooldown4__weekly-cap2__no-adaptive
UZS_RUB,2026-03-02,0.00634838,0.17354059819931816,0.8260041151645785,False,True,False,0,0,0,False,1,0,False,False,False,False,True,window_closing,WINDOW_CLOSING,ml28-frozen__priority-aware-cooldown4__weekly-cap2__no-adaptive
UZS_RUB,2026-03-03,0.00633058,0.5332832356721962,0.14600792673371238,False,False,False,0,0,0,True,0,0,False,False,False,False,False,none,NO_CANDIDATE,ml28-frozen__priority-aware-cooldown4__weekly-cap2__no-adaptive
UZS_RUB,2026-03-04,0.00635628,0.20374074233156264,0.07508289648551339,False,False,False,0,0,0,False,1,0,False,False,False,False,False,none,NO_CANDIDATE,ml28-frozen__priority-aware-cooldown4__weekly-cap2__no-adaptive
UZS_RUB,2026-03-05,0.00638769,0.053941960413616784,0.01941907413897969,False,False,False,0,0,0,False,1,0,False,False,False,False,False,none,NO_CANDIDATE,ml28-frozen__priority-aware-cooldown4__weekly-cap2__no-adaptive
UZS_RUB,2026-03-06,0.0064219,0.012088362093566807,0.41768480873494873,False,False,False,0,0,0,False,0,0,False,False,False,False,False,none,NO_CANDIDATE,ml28-frozen__priority-aware-cooldown4__weekly-cap2__no-adaptive
UZS_RUB,2026-03-09,0.00649236,0.0027861602167749233,0.0006197291194241385,False,False,False,0,0,0,False,0,0,False,False,False,False,False,none,NO_CANDIDATE,ml28-frozen__priority-aware-cooldown4__weekly-cap2__no-adaptive
UZS_RUB,2026-03-10,0.00649236,0.002713784813415215,0.0005777552257637962,False,False,False,0,0,0,False,0,0,False,False,False,False,False,none,NO_CANDIDATE,ml28-frozen__priority-aware-cooldown4__weekly-cap2__no-adaptive
UZS_RUB,2026-03-11,0.00647629,0.011955360664691793,0.0008859941717621542,False,False,False,0,0,0,False,0,0,False,False,False,False,False,none,NO_CANDIDATE,ml28-frozen__priority-aware-cooldown4__weekly-cap2__no-adaptive
UZS_RUB,2026-03-12,0.00651529,0.012182791440504966,0.00023145218464952475,False,False,False,0,0,0,False,0,0,False,False,False,False,False,none,NO_CANDIDATE,ml28-frozen__priority-aware-cooldown4__weekly-cap2__no-adaptive
UZS_RUB,2026-03-13,0.00653318,0.012456474884290364,0.0003122650312970937,False,False,False,0,0,0,False,0,0,False,False,False,False,False,none,NO_CANDIDATE,ml28-frozen__priority-aware-cooldown4__weekly-cap2__no-adaptive
UZS_RUB,2026-03-16,0.00664028,0.0023907313536100433,0.0012113157944534064,False,False,False,0,0,0,False,0,0,False,False,False,False,False,none,NO_CANDIDATE,ml28-frozen__priority-aware-cooldown4__weekly-cap2__no-adaptive
UZS_RUB,2026-03-17,0.00670335,0.0011779482676527212,0.005678987241566666,False,False,False,0,0,0,False,0,0,False,False,False,False,False,none,NO_CANDIDATE,ml28-frozen__priority-aware-cooldown4__weekly-cap2__no-adaptive
UZS_RUB,2026-03-18,0.00675326,0.002481902483744203,0.006514987830782577,False,False,False,0,0,0,False,0,0,False,False,False,False,False,none,NO_CANDIDATE,ml28-frozen__priority-aware-cooldown4__weekly-cap2__no-adaptive
UZS_RUB,2026-03-19,0.00682543,0.0017383183569777197,0.0010243212237196616,False,False,False,0,0,0,False,0,0,False,False,False,False,False,none,NO_CANDIDATE,ml28-frozen__priority-aware-cooldown4__weekly-cap2__no-adaptive
UZS_RUB,2026-03-20,0.00695845,0.0037828672829772086,0.0016467823404653639,False,False,False,0,0,0,False,0,0,False,False,False,False,False,none,NO_CANDIDATE,ml28-frozen__priority-aware-cooldown4__weekly-cap2__no-adaptive
UZS_RUB,2026-03-23,0.00688958,0.0054366893540378405,0.0007435579401600197,False,False,False,0,0,0,False,0,0,False,False,False,False,False,none,NO_CANDIDATE,ml28-frozen__priority-aware-cooldown4__weekly-cap2__no-adaptive
UZS_RUB,2026-03-24,0.00671554,0.19621597768337376,0.005719181484290954,False,False,False,0,0,0,False,0,0,False,False,False,False,False,none,NO_CANDIDATE,ml28-frozen__priority-aware-cooldown4__weekly-cap2__no-adaptive
UZS_RUB,2026-03-25,0.00663827,0.24574384863642562,0.0015952488187546633,False,False,True,1,1,0,False,0,1,False,False,False,False,True,positive_market_fact,POSITIVE_MARKET_FACT,ml28-frozen__priority-aware-cooldown4__weekly-cap2__no-adaptive
UZS_RUB,2026-03-26,0.00663176,0.1963074831279044,0.0007998091533031294,False,False,True,1,1,0,False,0,1,False,True,False,False,False,none,COOLDOWN,ml28-frozen__priority-aware-cooldown4__weekly-cap2__no-adaptive
UZS_RUB,2026-03-27,0.00674321,0.017039018870019993,0.009884829145157056,False,False,True,0,1,0,False,0,1,False,True,False,False,False,none,COOLDOWN,ml28-frozen__priority-aware-cooldown4__weekly-cap2__no-adaptive
UZS_RUB,2026-03-30,0.00665363,0.1909228920736163,0.00768396960273438,False,False,True,0,1,0,False,0,1,False,False,False,False,True,positive_market_fact,POSITIVE_MARKET_FACT,ml28-frozen__priority-aware-cooldown4__weekly-cap2__no-adaptive
UZS_RUB,2026-03-31,0.00665772,0.24573711952989125,0.0012800908447766312,False,False,False,0,0,0,False,0,0,False,False,False,False,False,none,NO_CANDIDATE,ml28-frozen__priority-aware-cooldown4__weekly-cap2__no-adaptive
UZS_RUB,2026-04-01,0.00666303,0.1922499081304061,0.006194913291246087,False,False,False,0,0,0,False,0,0,False,False,False,False,False,none,NO_CANDIDATE,ml28-frozen__priority-aware-cooldown4__weekly-cap2__no-adaptive
UZS_RUB,2026-04-02,0.00666303,0.18672781130157634,0.005070094397834842,False,False,False,0,0,0,False,0,0,False,False,False,False,False,none,NO_CANDIDATE,ml28-frozen__priority-aware-cooldown4__weekly-cap2__no-adaptive
UZS_RUB,2026-04-03,0.00661187,0.8627925740031319,0.0017903752520517608,True,False,True,0,1,0,False,0,1,True,False,False,False,True,good_day,GOOD_DAY,ml28-frozen__priority-aware-cooldown4__weekly-cap2__no-adaptive
UZS_RUB,2026-04-06,0.00655094,0.8680497810216983,0.0006590375369374146,True,False,True,0,1,0,False,0,1,True,True,False,False,False,none,COOLDOWN,ml28-frozen__priority-aware-cooldown4__weekly-cap2__no-adaptive
UZS_RUB,2026-04-07,0.00646616,0.9475380283642542,9.620902242498828e-05,True,False,True,1,1,1,False,0,1,True,True,False,False,False,none,COOLDOWN,ml28-frozen__priority-aware-cooldown4__weekly-cap2__no-adaptive
UZS_RUB,2026-04-08,0.00645061,0.9506487843608761,0.00012348157440360345,True,False,True,1,1,1,False,0,1,True,False,False,False,True,good_day,GOOD_DAY,ml28-frozen__priority-aware-cooldown4__weekly-cap2__no-adaptive
UZS_RUB,2026-04-09,0.00640338,0.8676422843155918,0.0001596924996235565,True,False,True,1,1,1,False,0,1,True,True,False,False,False,none,COOLDOWN,ml28-frozen__priority-aware-cooldown4__weekly-cap2__no-adaptive
UZS_RUB,2026-04-10,0.00638095,0.8586398900116217,0.00022308972695182056,True,False,True,1,1,1,False,0,1,True,True,False,False,False,none,COOLDOWN,ml28-frozen__priority-aware-cooldown4__weekly-cap2__no-adaptive
UZS_RUB,2026-04-13,0.0063307,0.5445785624098315,4.132388825198396e-05,False,False,True,1,1,1,False,0,1,False,False,False,False,True,positive_market_fact,POSITIVE_MARKET_FACT,ml28-frozen__priority-aware-cooldown4__weekly-cap2__no-adaptive
UZS_RUB,2026-04-14,0.006288,0.4930053772335082,0.00011562000225473532,False,False,True,1,1,1,False,0,1,False,True,False,False,False,none,COOLDOWN,ml28-frozen__priority-aware-cooldown4__weekly-cap2__no-adaptive
UZS_RUB,2026-04-15,0.00624749,0.27941718417030953,9.352693788619643e-05,False,False,True,1,1,1,False,0,1,False,True,False,False,False,none,COOLDOWN,ml28-frozen__priority-aware-cooldown4__weekly-cap2__no-adaptive
UZS_RUB,2026-04-16,0.00617161,0.3329906564650924,6.106367371983835e-05,False,False,True,1,1,1,True,0,1,False,True,False,False,False,none,COOLDOWN,ml28-frozen__priority-aware-cooldown4__weekly-cap2__no-adaptive
UZS_RUB,2026-04-17,0.00625439,0.019228063213960037,0.0047570272808312684,False,False,True,0,1,1,False,0,1,False,True,False,False,False,none,COOLDOWN,ml28-frozen__priority-aware-cooldown4__weekly-cap2__no-adaptive
UZS_RUB,2026-04-20,0.00627066,0.014152590790171733,0.007796181010551767,False,False,False,0,0,0,False,0,0,False,False,False,False,False,none,NO_CANDIDATE,ml28-frozen__priority-aware-cooldown4__weekly-cap2__no-adaptive
UZS_RUB,2026-04-21,0.00621931,0.16393840090920714,0.00022514449306637284,False,False,True,0,1,1,True,0,1,False,False,False,False,True,positive_market_fact,POSITIVE_MARKET_FACT,ml28-frozen__priority-aware-cooldown4__weekly-cap2__no-adaptive
UZS_RUB,2026-04-22,0.0061846,0.24288155177072154,9.720074813442232e-05,False,False,True,0,1,1,True,0,1,False,True,False,False,False,none,COOLDOWN,ml28-frozen__priority-aware-cooldown4__weekly-cap2__no-adaptive
UZS_RUB,2026-04-23,0.00622791,0.06836297228036485,0.0019206459503769977,False,False,True,0,0,1,True,0,1,False,True,False,False,False,none,COOLDOWN,ml28-frozen__priority-aware-cooldown4__weekly-cap2__no-adaptive
UZS_RUB,2026-04-24,0.00622796,0.37412477498072955,0.00025996481487938083,False,False,False,0,0,0,True,0,0,False,False,False,False,False,none,NO_CANDIDATE,ml28-frozen__priority-aware-cooldown4__weekly-cap2__no-adaptive
UZS_RUB,2026-04-27,0.00628322,0.035180427270797926,0.8269837542893319,False,True,False,0,0,0,False,0,0,False,False,False,False,True,window_closing,WINDOW_CLOSING,ml28-frozen__priority-aware-cooldown4__weekly-cap2__no-adaptive
UZS_RUB,2026-04-28,0.00619633,0.6885209179350241,0.026021175427649448,False,False,True,0,0,1,True,0,1,False,True,False,False,False,none,COOLDOWN,ml28-frozen__priority-aware-cooldown4__weekly-cap2__no-adaptive
UZS_RUB,2026-04-29,0.00620945,0.864095824843224,0.03380751822895178,True,False,True,0,0,1,False,0,1,True,True,False,False,False,none,COOLDOWN,ml28-frozen__priority-aware-cooldown4__weekly-cap2__no-adaptive
UZS_RUB,2026-04-30,0.00625319,0.18234444219419169,0.0657951498475509,False,False,False,0,0,0,False,0,0,False,False,False,False,False,none,NO_CANDIDATE,ml28-frozen__priority-aware-cooldown4__weekly-cap2__no-adaptive
UZS_RUB,2026-05-01,0.00626603,0.061418345558937194,0.30692595264308964,False,False,False,0,0,0,False,0,0,False,False,False,False,False,none,NO_CANDIDATE,ml28-frozen__priority-aware-cooldown4__weekly-cap2__no-adaptive
UZS_RUB,2026-05-04,0.00626603,0.03128151955191518,0.4972520508741286,False,False,False,0,0,0,False,0,0,False,False,False,False,False,none,NO_CANDIDATE,ml28-frozen__priority-aware-cooldown4__weekly-cap2__no-adaptive
UZS_RUB,2026-05-05,0.00628996,0.15192215855773566,0.4267211983466123,False,False,False,0,0,0,False,0,0,False,False,False,False,False,none,NO_CANDIDATE,ml28-frozen__priority-aware-cooldown4__weekly-cap2__no-adaptive
UZS_RUB,2026-05-06,0.00625932,0.1403899898344959,0.24685581475796706,False,False,False,0,0,0,False,0,0,False,False,False,False,False,none,NO_CANDIDATE,ml28-frozen__priority-aware-cooldown4__weekly-cap2__no-adaptive
UZS_RUB,2026-05-07,0.00623015,0.9376314439988174,0.13628729437263876,True,False,False,0,0,0,False,0,0,False,False,False,False,True,good_day,GOOD_DAY,ml28-frozen__priority-aware-cooldown4__weekly-cap2__no-adaptive
UZS_RUB,2026-05-08,0.0061594,0.9084848141851939,0.0007042589689449319,True,False,True,1,1,1,False,0,1,True,True,False,False,False,none,COOLDOWN,ml28-frozen__priority-aware-cooldown4__weekly-cap2__no-adaptive
UZS_RUB,2026-05-11,0.00611898,0.9495834846416744,0.0003531504662007014,True,False,True,1,1,1,False,0,1,True,True,False,False,False,none,COOLDOWN,ml28-frozen__priority-aware-cooldown4__weekly-cap2__no-adaptive
UZS_RUB,2026-05-12,0.00611898,0.9606470288775381,0.00037299929974038225,True,False,True,1,1,1,False,0,1,True,False,False,False,True,good_day,GOOD_DAY,ml28-frozen__priority-aware-cooldown4__weekly-cap2__no-adaptive
UZS_RUB,2026-05-13,0.00607525,0.928205863438019,0.00015296899511923562,True,False,True,1,1,1,False,0,1,True,True,False,False,False,none,COOLDOWN,ml28-frozen__priority-aware-cooldown4__weekly-cap2__no-adaptive
UZS_RUB,2026-05-14,0.00607467,0.8605185175717243,0.000141822215811687,True,False,True,1,1,1,False,0,1,True,True,False,False,False,none,COOLDOWN,ml28-frozen__priority-aware-cooldown4__weekly-cap2__no-adaptive
UZS_RUB,2026-05-15,0.00610742,0.7529304240555912,0.000257556752124754,False,False,True,0,0,1,False,0,1,False,True,False,False,False,none,COOLDOWN,ml28-frozen__priority-aware-cooldown4__weekly-cap2__no-adaptive
UZS_RUB,2026-05-18,0.00610092,0.8645066851997739,0.00045461728350615333,True,False,False,0,0,0,False,0,0,False,False,False,False,True,good_day,GOOD_DAY,ml28-frozen__priority-aware-cooldown4__weekly-cap2__no-adaptive
UZS_RUB,2026-05-19,0.00601948,0.8847047813807374,0.0001137062414148301,True,False,True,0,1,1,False,0,1,True,True,False,False,False,none,COOLDOWN,ml28-frozen__priority-aware-cooldown4__weekly-cap2__no-adaptive
UZS_RUB,2026-05-20,0.00591355,0.6287377628763545,0.00010817718109257875,False,False,True,1,1,1,True,0,1,False,True,False,False,False,none,COOLDOWN,ml28-frozen__priority-aware-cooldown4__weekly-cap2__no-adaptive
UZS_RUB,2026-05-21,0.00587528,0.49777183968102034,0.0001855249871783068,False,False,True,1,1,1,True,0,1,False,True,False,False,False,none,COOLDOWN,ml28-frozen__priority-aware-cooldown4__weekly-cap2__no-adaptive
UZS_RUB,2026-05-22,0.00588877,0.7398354803305404,0.0009280355488885068,False,False,True,0,1,1,True,0,1,False,True,False,False,False,none,COOLDOWN,ml28-frozen__priority-aware-cooldown4__weekly-cap2__no-adaptive
UZS_RUB,2026-05-25,0.00594417,0.1081731208805429,0.008536287631952823,False,False,True,0,1,0,False,0,1,False,False,False,False,True,positive_market_fact,POSITIVE_MARKET_FACT,ml28-frozen__priority-aware-cooldown4__weekly-cap2__no-adaptive
UZS_RUB,2026-05-26,0.00596325,0.030001866914097237,0.030218042594031408,False,False,False,0,0,0,False,0,0,False,False,False,False,False,none,NO_CANDIDATE,ml28-frozen__priority-aware-cooldown4__weekly-cap2__no-adaptive
UZS_RUB,2026-05-27,0.00597137,0.004959694061323339,0.02446615489583572,False,False,False,0,0,0,False,0,0,False,False,False,False,False,none,NO_CANDIDATE,ml28-frozen__priority-aware-cooldown4__weekly-cap2__no-adaptive
UZS_RUB,2026-05-28,0.00590748,0.8492452727562861,0.003918573729627683,True,False,True,0,0,1,True,0,1,True,False,False,False,True,good_day,GOOD_DAY,ml28-frozen__priority-aware-cooldown4__weekly-cap2__no-adaptive
UZS_RUB,2026-05-29,0.00594666,0.5147323920692117,0.02527962027155519,False,False,False,0,0,0,False,1,0,False,False,False,False,False,none,NO_CANDIDATE,ml28-frozen__priority-aware-cooldown4__weekly-cap2__no-adaptive
UZS_RUB,2026-06-01,0.00591758,0.9169098743918832,0.0008118535049480817,True,False,False,0,0,0,True,0,0,False,True,False,False,False,none,COOLDOWN,ml28-frozen__priority-aware-cooldown4__weekly-cap2__no-adaptive
UZS_RUB,2026-06-02,0.0059882,0.06516218540176759,0.04805156376709567,False,False,False,0,0,0,False,1,0,False,False,False,False,False,none,NO_CANDIDATE,ml28-frozen__priority-aware-cooldown4__weekly-cap2__no-adaptive
UZS_RUB,2026-06-03,0.00607976,0.0033231918927736945,0.003982320582786052,False,False,False,0,0,0,False,0,0,False,False,False,False,False,none,NO_CANDIDATE,ml28-frozen__priority-aware-cooldown4__weekly-cap2__no-adaptive
UZS_RUB,2026-06-04,0.00612694,0.00229220621603282,0.0018636263597021441,False,False,False,0,0,0,False,0,0,False,False,False,False,False,none,NO_CANDIDATE,ml28-frozen__priority-aware-cooldown4__weekly-cap2__no-adaptive
UZS_RUB,2026-06-05,0.00619274,0.0035221996717302783,0.002043916016647244,False,False,False,0,0,0,False,0,0,False,False,False,False,False,none,NO_CANDIDATE,ml28-frozen__priority-aware-cooldown4__weekly-cap2__no-adaptive
UZS_RUB,2026-06-08,0.00619274,0.0027047747603432867,0.000692104596309413,False,False,False,0,0,0,False,0,0,False,False,False,False,False,none,NO_CANDIDATE,ml28-frozen__priority-aware-cooldown4__weekly-cap2__no-adaptive
UZS_RUB,2026-06-09,0.00609856,0.002677429692215714,0.0016589588137343918,False,False,False,0,0,0,False,0,0,False,False,False,False,False,none,NO_CANDIDATE,ml28-frozen__priority-aware-cooldown4__weekly-cap2__no-adaptive
UZS_RUB,2026-06-10,0.00596016,0.26589393415215706,0.0005405715453220953,False,False,True,0,1,0,True,0,1,False,False,False,False,True,positive_market_fact,POSITIVE_MARKET_FACT,ml28-frozen__priority-aware-cooldown4__weekly-cap2__no-adaptive
UZS_RUB,2026-06-11,0.00595562,0.36342885879243597,0.00303584184216755,False,False,True,1,1,0,True,0,1,False,True,False,False,False,none,COOLDOWN,ml28-frozen__priority-aware-cooldown4__weekly-cap2__no-adaptive
UZS_RUB,2026-06-12,0.00598509,0.5024146744125554,0.0017797013463002284,False,False,True,0,1,0,True,0,1,False,True,False,False,False,none,COOLDOWN,ml28-frozen__priority-aware-cooldown4__weekly-cap2__no-adaptive
UZS_RUB,2026-06-15,0.00598509,0.23472510876984254,0.00465666016940277,False,False,True,0,1,0,True,0,1,False,False,False,False,True,positive_market_fact,POSITIVE_MARKET_FACT,ml28-frozen__priority-aware-cooldown4__weekly-cap2__no-adaptive
UZS_RUB,2026-06-16,0.00604777,0.025432667535602586,0.004121188922343224,False,False,False,0,0,0,False,0,0,False,False,False,False,False,none,NO_CANDIDATE,ml28-frozen__priority-aware-cooldown4__weekly-cap2__no-adaptive
UZS_RUB,2026-06-17,0.0060055,0.04450028224266232,0.025874694256526047,False,False,False,0,0,0,True,0,0,False,False,False,False,False,none,NO_CANDIDATE,ml28-frozen__priority-aware-cooldown4__weekly-cap2__no-adaptive
UZS_RUB,2026-06-18,0.00603614,0.010445162454375441,0.1352142364848365,False,False,False,0,0,0,False,1,0,False,False,False,False,False,none,NO_CANDIDATE,ml28-frozen__priority-aware-cooldown4__weekly-cap2__no-adaptive
UZS_RUB,2026-06-19,0.00606998,0.005821226024620948,0.024754383237506332,False,False,False,0,0,0,False,1,0,False,False,False,False,False,none,NO_CANDIDATE,ml28-frozen__priority-aware-cooldown4__weekly-cap2__no-adaptive
UZS_RUB,2026-06-22,0.00609025,0.009458538896212721,0.032707553743899616,False,False,False,0,0,0,False,1,0,False,False,False,False,False,none,NO_CANDIDATE,ml28-frozen__priority-aware-cooldown4__weekly-cap2__no-adaptive
UZS_RUB,2026-06-23,0.00615208,0.0034727854843344757,0.003944054999712913,False,False,False,0,0,0,False,0,0,False,False,False,False,False,none,NO_CANDIDATE,ml28-frozen__priority-aware-cooldown4__weekly-cap2__no-adaptive
UZS_RUB,2026-06-24,0.00620952,0.001818822425922569,0.0007658794398492167,False,False,False,0,0,0,False,0,0,False,False,False,False,False,none,NO_CANDIDATE,ml28-frozen__priority-aware-cooldown4__weekly-cap2__no-adaptive
UZS_RUB,2026-06-25,0.00621851,0.000993651880358816,0.0011797054867904958,False,False,False,0,0,0,False,0,0,False,False,False,False,False,none,NO_CANDIDATE,ml28-frozen__priority-aware-cooldown4__weekly-cap2__no-adaptive
UZS_RUB,2026-06-26,0.0062958,0.0003247004426464526,0.0022528904547902935,False,False,False,0,0,0,False,0,0,False,False,False,False,False,none,NO_CANDIDATE,ml28-frozen__priority-aware-cooldown4__weekly-cap2__no-adaptive
UZS_RUB,2026-06-29,0.00641679,0.0003911675558590436,0.001285502896005609,False,False,False,0,0,0,False,0,0,False,False,False,False,False,none,NO_CANDIDATE,ml28-frozen__priority-aware-cooldown4__weekly-cap2__no-adaptive
UZS_RUB,2026-06-30,0.00644681,0.0015889080206618871,0.00096107571777626,False,False,False,0,0,0,False,0,0,False,False,False,False,False,none,NO_CANDIDATE,ml28-frozen__priority-aware-cooldown4__weekly-cap2__no-adaptive
UZS_RUB,2026-07-01,0.00651743,0.0010124716042675917,0.0008990470688420659,False,False,False,0,0,0,False,0,0,False,False,False,False,False,none,NO_CANDIDATE,ml28-frozen__priority-aware-cooldown4__weekly-cap2__no-adaptive
UZS_RUB,2026-07-02,0.00655804,0.002051890850249185,0.002241258705720717,False,False,False,0,0,0,False,0,0,False,False,False,False,False,none,NO_CANDIDATE,ml28-frozen__priority-aware-cooldown4__weekly-cap2__no-adaptive
UZS_RUB,2026-07-03,0.00654337,0.0013948503746647857,0.003947551023794199,False,False,False,0,0,0,False,0,0,False,False,False,False,False,none,NO_CANDIDATE,ml28-frozen__priority-aware-cooldown4__weekly-cap2__no-adaptive
UZS_RUB,2026-07-06,0.00644956,0.06637802634137543,0.011303310963811035,False,False,False,0,0,0,False,0,0,False,False,False,False,False,none,NO_CANDIDATE,ml28-frozen__priority-aware-cooldown4__weekly-cap2__no-adaptive
UZS_RUB,2026-07-07,0.00647477,0.08635799566518816,0.015142460985797008,False,False,False,0,0,0,False,0,0,False,False,False,False,False,none,NO_CANDIDATE,ml28-frozen__priority-aware-cooldown4__weekly-cap2__no-adaptive
UZS_RUB,2026-07-08,0.00633257,0.42027717101886897,0.0009714919707573119,False,False,True,0,1,0,True,0,1,False,False,False,False,True,positive_market_fact,POSITIVE_MARKET_FACT,ml28-frozen__priority-aware-cooldown4__weekly-cap2__no-adaptive
UZS_RUB,2026-07-09,0.00636436,0.46760310147410256,0.0014122530091485405,False,False,True,0,1,0,True,0,1,False,True,False,False,False,none,COOLDOWN,ml28-frozen__priority-aware-cooldown4__weekly-cap2__no-adaptive
UZS_RUB,2026-07-10,0.00632107,0.22485526710109455,0.010408642337907184,False,False,True,0,1,0,True,0,1,False,True,False,False,False,none,COOLDOWN,ml28-frozen__priority-aware-cooldown4__weekly-cap2__no-adaptive
UZS_RUB,2026-07-13,0.00634853,0.19118239725884392,0.09767485537205063,False,False,True,0,1,0,True,0,1,False,False,False,False,True,positive_market_fact,POSITIVE_MARKET_FACT,ml28-frozen__priority-aware-cooldown4__weekly-cap2__no-adaptive
UZS_RUB,2026-07-14,0.00633607,0.3094202657895064,0.005066438371741526,False,False,True,0,1,0,True,0,1,False,True,False,False,False,none,COOLDOWN,ml28-frozen__priority-aware-cooldown4__weekly-cap2__no-adaptive
UZS_RUB,2026-07-15,0.00642255,0.007031760409431156,0.0039820726010616845,False,False,False,0,0,0,False,1,0,False,False,False,False,False,none,NO_CANDIDATE,ml28-frozen__priority-aware-cooldown4__weekly-cap2__no-adaptive
UZS_RUB,2026-07-16,0.00644858,0.002198124345722071,0.01304686029081151,False,False,False,0,0,0,False,0,0,False,False,False,False,False,none,NO_CANDIDATE,ml28-frozen__priority-aware-cooldown4__weekly-cap2__no-adaptive
UZS_RUB,2026-07-17,0.00647613,0.0022723386425224945,0.0006852329392645117,False,False,False,0,0,0,False,0,0,False,False,False,False,False,none,NO_CANDIDATE,ml28-frozen__priority-aware-cooldown4__weekly-cap2__no-adaptive
UZS_RUB,2026-07-20,0.00651626,0.0006619210296315267,0.005474376941237589,False,False,False,0,0,0,False,0,0,False,False,False,False,False,none,NO_CANDIDATE,ml28-frozen__priority-aware-cooldown4__weekly-cap2__no-adaptive
UZS_RUB,2026-07-21,0.0065481,0.0008435968388459013,0.007513096539156298,False,False,False,0,0,0,False,0,0,False,False,False,False,False,none,NO_CANDIDATE,ml28-frozen__priority-aware-cooldown4__weekly-cap2__no-adaptive
UZS_RUB,2026-07-22,0.00655351,0.0013407226514082977,0.03067692142691354,False,False,False,0,0,0,False,0,0,False,False,False,False,False,none,NO_CANDIDATE,ml28-frozen__priority-aware-cooldown4__weekly-cap2__no-adaptive
UZS_RUB,2026-07-23,0.00651312,0.01952266405865517,0.22686201133274875,False,False,False,0,0,0,False,0,0,False,False,False,False,False,none,NO_CANDIDATE,ml28-frozen__priority-aware-cooldown4__weekly-cap2__no-adaptive
UZS_RUB,2026-07-24,0.00647876,0.22943141300032946,0.182243834260862,False,False,False,0,0,0,False,0,0,False,False,False,False,False,none,NO_CANDIDATE,ml28-frozen__priority-aware-cooldown4__weekly-cap2__no-adaptive
UZS_RUB,2026-07-27,0.00649224,0.6537063759978746,0.03234855970966234,False,False,False,0,0,0,True,0,0,False,False,False,False,False,none,NO_CANDIDATE,ml28-frozen__priority-aware-cooldown4__weekly-cap2__no-adaptive
UZS_RUB,2026-07-28,0.00650744,0.5121903926066825,0.04338919368359736,False,False,False,0,0,0,True,0,0,False,False,False,False,False,none,NO_CANDIDATE,ml28-frozen__priority-aware-cooldown4__weekly-cap2__no-adaptive
UZS_RUB,2026-07-29,0.00653077,0.2901894116570781,0.13634322421634565,False,False,False,0,0,0,True,0,0,False,False,False,False,False,none,NO_CANDIDATE,ml28-frozen__priority-aware-cooldown4__weekly-cap2__no-adaptive
UZS_RUB,2026-07-30,0.00659371,0.00317329804921568,0.20545192694576034,False,False,False,0,0,0,False,1,0,False,False,False,False,False,none,NO_CANDIDATE,ml28-frozen__priority-aware-cooldown4__weekly-cap2__no-adaptive
UZS_RUB,2026-07-31,0.00665123,0.003091773920517837,0.00315997305572629,False,False,False,0,0,0,False,0,0,False,False,False,False,False,none,NO_CANDIDATE,ml28-frozen__priority-aware-cooldown4__weekly-cap2__no-adaptive
UZS_RUB,2026-08-03,0.00664402,0.007146729671276728,0.0023488664029389125,False,False,False,0,0,0,False,0,0,False,False,False,False,False,none,NO_CANDIDATE,ml28-frozen__priority-aware-cooldown4__weekly-cap2__no-adaptive
UZS_RUB,2026-08-04,0.00667826,0.01476413669804501,0.0026709022531665313,False,False,False,0,0,0,False,0,0,False,False,False,False,False,none,NO_CANDIDATE,ml28-frozen__priority-aware-cooldown4__weekly-cap2__no-adaptive
UZS_RUB,2026-08-05,0.00679347,0.0025198970323745133,0.0006471927930808528,False,False,False,0,0,0,False,0,0,False,False,False,False,False,none,NO_CANDIDATE,ml28-frozen__priority-aware-cooldown4__weekly-cap2__no-adaptive
UZS_RUB,2026-08-06,0.00680838,0.005270345682625113,0.0011019188384479325,False,False,False,0,0,0,False,0,0,False,False,False,False,False,none,NO_CANDIDATE,ml28-frozen__priority-aware-cooldown4__weekly-cap2__no-adaptive
UZS_RUB,2026-08-07,0.006832,0.002779790616747995,0.0018248449723709383,False,False,False,0,0,0,False,0,0,False,False,False,False,False,none,NO_CANDIDATE,ml28-frozen__priority-aware-cooldown4__weekly-cap2__no-adaptive
UZS_RUB,2026-08-10,0.00687465,0.005833081925038916,0.0009166601606886484,False,False,False,0,0,0,False,0,0,False,False,False,False,False,none,NO_CANDIDATE,ml28-frozen__priority-aware-cooldown4__weekly-cap2__no-adaptive
UZS_RUB,2026-08-11,0.00692155,0.004630094357336933,0.0006440754036280943,False,False,False,0,0,0,False,0,0,False,False,False,False,False,none,NO_CANDIDATE,ml28-frozen__priority-aware-cooldown4__weekly-cap2__no-adaptive
UZS_RUB,2026-08-12,0.00690213,0.008694832461947813,0.0171649181496467,False,False,False,0,0,0,False,0,0,False,False,False,False,False,none,NO_CANDIDATE,ml28-frozen__priority-aware-cooldown4__weekly-cap2__no-adaptive
UZS_RUB,2026-08-13,0.00698049,0.009178498095980167,0.0003177280259898686,False,False,False,0,0,0,False,0,0,False,False,False,False,False,none,NO_CANDIDATE,ml28-frozen__priority-aware-cooldown4__weekly-cap2__no-adaptive
UZS_RUB,2026-08-14,0.00701387,0.004433069950341781,0.002473655281054002,False,False,False,0,0,0,False,0,0,False,False,False,False,False,none,NO_CANDIDATE,ml28-frozen__priority-aware-cooldown4__weekly-cap2__no-adaptive
UZS_RUB,2026-08-17,0.00708206,0.0036149298906075584,0.002268769341800856,False,False,False,0,0,0,False,0,0,False,False,False,False,False,none,NO_CANDIDATE,ml28-frozen__priority-aware-cooldown4__weekly-cap2__no-adaptive
UZS_RUB,2026-08-18,0.0071493,0.0015437713375956335,0.005585979553602654,False,False,False,0,0,0,False,0,0,False,False,False,False,False,none,NO_CANDIDATE,ml28-frozen__priority-aware-cooldown4__weekly-cap2__no-adaptive
UZS_RUB,2026-08-19,0.00718242,0.002973950622643904,0.002233219664030784,False,False,False,0,0,0,False,0,0,False,False,False,False,False,none,NO_CANDIDATE,ml28-frozen__priority-aware-cooldown4__weekly-cap2__no-adaptive
UZS_RUB,2026-08-20,0.0072019,0.0018600804798643083,0.001895820370886208,False,False,False,0,0,0,False,0,0,False,False,False,False,False,none,NO_CANDIDATE,ml28-frozen__priority-aware-cooldown4__weekly-cap2__no-adaptive
UZS_RUB,2026-08-21,0.00706705,0.03401976376859306,0.08844063422806098,False,False,False,0,0,0,False,0,0,False,False,False,False,False,none,NO_CANDIDATE,ml28-frozen__priority-aware-cooldown4__weekly-cap2__no-adaptive
UZS_RUB,2026-08-24,0.00699924,0.34727395899615665,0.003631425000351162,False,False,True,0,1,0,True,0,1,False,False,False,False,True,positive_market_fact,POSITIVE_MARKET_FACT,ml28-frozen__priority-aware-cooldown4__weekly-cap2__no-adaptive
