date,type,corridor,label,rate
2025-01-01,Closing,AMD_RUB,0,0.256456
2025-01-01,Closing,KGS_RUB,0,1.16874
2025-01-01,Closing,KZT_RUB,0,0.19486
2025-01-01,Closing,TJS_RUB,0,9.30026
2025-01-01,Closing,UZS_RUB,0,0.00786965
2025-01-01,Fact,AMD_RUB,0,0.256456
2025-01-01,Fact,KGS_RUB,0,1.16874
2025-01-01,Fact,KZT_RUB,0,0.19486
2025-01-01,Fact,TJS_RUB,0,9.30026
2025-01-01,Fact,UZS_RUB,0,0.00786965
2025-01-01,Good day,AMD_RUB,1,0.256456
2025-01-01,Good day,KGS_RUB,1,1.16874
2025-01-01,Good day,KZT_RUB,1,0.19486
2025-01-01,Good day,TJS_RUB,1,9.30026
2025-01-01,Good day,UZS_RUB,1,0.00786965
2025-01-01,Кандидат,AMD_RUB,1,0.256456
2025-01-01,Кандидат,KGS_RUB,1,1.16874
2025-01-01,Кандидат,KZT_RUB,1,0.19486
2025-01-01,Кандидат,TJS_RUB,1,9.30026
2025-01-01,Кандидат,UZS_RUB,1,0.00786965
2025-01-02,Closing,AMD_RUB,0,0.256456
2025-01-02,Closing,KGS_RUB,0,1.16874
2025-01-02,Closing,KZT_RUB,0,0.19486
2025-01-02,Closing,TJS_RUB,0,9.30026
2025-01-02,Closing,UZS_RUB,0,0.00786965
2025-01-02,Fact,AMD_RUB,0,0.256456
2025-01-02,Fact,KGS_RUB,0,1.16874
2025-01-02,Fact,KZT_RUB,0,0.19486
2025-01-02,Fact,TJS_RUB,0,9.30026
2025-01-02,Fact,UZS_RUB,0,0.00786965
2025-01-02,Good day,AMD_RUB,0,0.256456
2025-01-02,Good day,KGS_RUB,0,1.16874
2025-01-02,Good day,KZT_RUB,0,0.19486
2025-01-02,Good day,TJS_RUB,0,9.30026
2025-01-02,Good day,UZS_RUB,0,0.00786965
2025-01-02,Кандидат,AMD_RUB,1,0.256456
2025-01-02,Кандидат,KGS_RUB,1,1.16874
2025-01-02,Кандидат,KZT_RUB,1,0.19486
2025-01-02,Кандидат,TJS_RUB,1,9.30026
2025-01-02,Кандидат,UZS_RUB,1,0.00786965
2025-01-03,Closing,AMD_RUB,0,0.256456
2025-01-03,Closing,KGS_RUB,0,1.16874
2025-01-03,Closing,KZT_RUB,0,0.19486
2025-01-03,Closing,TJS_RUB,0,9.30026
2025-01-03,Closing,UZS_RUB,0,0.00786965
2025-01-03,Fact,AMD_RUB,0,0.256456
2025-01-03,Fact,KGS_RUB,0,1.16874
2025-01-03,Fact,KZT_RUB,0,0.19486
2025-01-03,Fact,TJS_RUB,0,9.30026
2025-01-03,Fact,UZS_RUB,0,0.00786965
2025-01-03,Good day,AMD_RUB,0,0.256456
2025-01-03,Good day,KGS_RUB,0,1.16874
2025-01-03,Good day,KZT_RUB,0,0.19486
2025-01-03,Good day,TJS_RUB,0,9.30026
2025-01-03,Good day,UZS_RUB,0,0.00786965
2025-01-03,Кандидат,AMD_RUB,1,0.256456
2025-01-03,Кандидат,KGS_RUB,1,1.16874
2025-01-03,Кандидат,KZT_RUB,1,0.19486
2025-01-03,Кандидат,TJS_RUB,1,9.30026
2025-01-03,Кандидат,UZS_RUB,1,0.00786965
2025-01-06,Closing,AMD_RUB,0,0.256456
2025-01-06,Closing,KGS_RUB,0,1.16874
2025-01-06,Closing,KZT_RUB,0,0.19486
2025-01-06,Closing,TJS_RUB,0,9.30026
2025-01-06,Closing,UZS_RUB,0,0.00786965
2025-01-06,Fact,AMD_RUB,0,0.256456
2025-01-06,Fact,KGS_RUB,0,1.16874
2025-01-06,Fact,KZT_RUB,0,0.19486
2025-01-06,Fact,TJS_RUB,0,9.30026
2025-01-06,Fact,UZS_RUB,0,0.00786965
2025-01-06,Good day,AMD_RUB,1,0.256456
2025-01-06,Good day,KGS_RUB,1,1.16874
2025-01-06,Good day,KZT_RUB,1,0.19486
2025-01-06,Good day,TJS_RUB,1,9.30026
2025-01-06,Good day,UZS_RUB,1,0.00786965
2025-01-06,Кандидат,AMD_RUB,1,0.256456
2025-01-06,Кандидат,KGS_RUB,1,1.16874
2025-01-06,Кандидат,KZT_RUB,1,0.19486
2025-01-06,Кандидат,TJS_RUB,1,9.30026
2025-01-06,Кандидат,UZS_RUB,1,0.00786965
2025-01-07,Closing,AMD_RUB,0,0.256456
2025-01-07,Closing,KGS_RUB,0,1.16874
2025-01-07,Closing,KZT_RUB,0,0.19486
2025-01-07,Closing,TJS_RUB,0,9.30026
2025-01-07,Closing,UZS_RUB,0,0.00786965
2025-01-07,Fact,AMD_RUB,0,0.256456
2025-01-07,Fact,KGS_RUB,0,1.16874
2025-01-07,Fact,KZT_RUB,0,0.19486
2025-01-07,Fact,TJS_RUB,0,9.30026
2025-01-07,Fact,UZS_RUB,0,0.00786965
2025-01-07,Good day,AMD_RUB,0,0.256456
2025-01-07,Good day,KGS_RUB,0,1.16874
2025-01-07,Good day,KZT_RUB,0,0.19486
2025-01-07,Good day,TJS_RUB,0,9.30026
2025-01-07,Good day,UZS_RUB,0,0.00786965
2025-01-07,Кандидат,AMD_RUB,1,0.256456
2025-01-07,Кандидат,KGS_RUB,1,1.16874
2025-01-07,Кандидат,KZT_RUB,1,0.19486
2025-01-07,Кандидат,TJS_RUB,1,9.30026
2025-01-07,Кандидат,UZS_RUB,1,0.00786965
2025-01-08,Closing,AMD_RUB,0,0.256456
2025-01-08,Closing,KGS_RUB,0,1.16874
2025-01-08,Closing,KZT_RUB,0,0.19486
2025-01-08,Closing,TJS_RUB,0,9.30026
2025-01-08,Closing,UZS_RUB,0,0.00786965
2025-01-08,Fact,AMD_RUB,0,0.256456
2025-01-08,Fact,KGS_RUB,0,1.16874
2025-01-08,Fact,KZT_RUB,0,0.19486
2025-01-08,Fact,TJS_RUB,0,9.30026
2025-01-08,Fact,UZS_RUB,0,0.00786965
2025-01-08,Good day,AMD_RUB,0,0.256456
2025-01-08,Good day,KGS_RUB,0,1.16874
2025-01-08,Good day,KZT_RUB,0,0.19486
2025-01-08,Good day,TJS_RUB,0,9.30026
2025-01-08,Good day,UZS_RUB,0,0.00786965
2025-01-08,Кандидат,AMD_RUB,1,0.256456
2025-01-08,Кандидат,KGS_RUB,1,1.16874
2025-01-08,Кандидат,KZT_RUB,1,0.19486
2025-01-08,Кандидат,TJS_RUB,1,9.30026
2025-01-08,Кандидат,UZS_RUB,1,0.00786965
2025-01-09,Closing,AMD_RUB,0,0.256456
2025-01-09,Closing,KGS_RUB,0,1.16874
2025-01-09,Closing,KZT_RUB,0,0.19486
2025-01-09,Closing,TJS_RUB,0,9.30026
2025-01-09,Closing,UZS_RUB,0,0.00786965
2025-01-09,Fact,AMD_RUB,0,0.256456
2025-01-09,Fact,KGS_RUB,0,1.16874
2025-01-09,Fact,KZT_RUB,0,0.19486
2025-01-09,Fact,TJS_RUB,0,9.30026
2025-01-09,Fact,UZS_RUB,0,0.00786965
2025-01-09,Good day,AMD_RUB,0,0.256456
2025-01-09,Good day,KGS_RUB,0,1.16874
2025-01-09,Good day,KZT_RUB,0,0.19486
2025-01-09,Good day,TJS_RUB,0,9.30026
2025-01-09,Good day,UZS_RUB,0,0.00786965
2025-01-09,Кандидат,AMD_RUB,1,0.256456
2025-01-09,Кандидат,KGS_RUB,1,1.16874
2025-01-09,Кандидат,KZT_RUB,1,0.19486
2025-01-09,Кандидат,TJS_RUB,1,9.30026
2025-01-09,Кандидат,UZS_RUB,1,0.00786965
2025-01-10,Closing,AMD_RUB,0,0.257758
2025-01-10,Closing,KGS_RUB,0,1.17576
2025-01-10,Closing,KZT_RUB,0,0.194016
2025-01-10,Closing,TJS_RUB,0,9.35036
2025-01-10,Closing,UZS_RUB,0,0.00789102
2025-01-10,Fact,AMD_RUB,0,0.257758
2025-01-10,Fact,KGS_RUB,0,1.17576
2025-01-10,Fact,KZT_RUB,0,0.194016
2025-01-10,Fact,TJS_RUB,0,9.35036
2025-01-10,Fact,UZS_RUB,0,0.00789102
2025-01-10,Good day,AMD_RUB,0,0.257758
2025-01-10,Good day,KGS_RUB,0,1.17576
2025-01-10,Good day,KZT_RUB,0,0.194016
2025-01-10,Good day,TJS_RUB,0,9.35036
2025-01-10,Good day,UZS_RUB,0,0.00789102
2025-01-10,Кандидат,AMD_RUB,1,0.257758
2025-01-10,Кандидат,KGS_RUB,1,1.17576
2025-01-10,Кандидат,KZT_RUB,1,0.194016
2025-01-10,Кандидат,TJS_RUB,1,9.35036
2025-01-10,Кандидат,UZS_RUB,1,0.00789102
2025-01-13,Closing,AMD_RUB,0,0.256815
2025-01-13,Closing,KGS_RUB,0,1.17143
2025-01-13,Closing,KZT_RUB,0,0.194216
2025-01-13,Closing,TJS_RUB,0,9.30854
2025-01-13,Closing,UZS_RUB,0,0.00787567
2025-01-13,Fact,AMD_RUB,0,0.256815
2025-01-13,Fact,KGS_RUB,0,1.17143
2025-01-13,Fact,KZT_RUB,0,0.194216
2025-01-13,Fact,TJS_RUB,0,9.30854
2025-01-13,Fact,UZS_RUB,0,0.00787567
2025-01-13,Good day,AMD_RUB,1,0.256815
2025-01-13,Good day,KGS_RUB,1,1.17143
2025-01-13,Good day,KZT_RUB,1,0.194216
2025-01-13,Good day,TJS_RUB,1,9.30854
2025-01-13,Good day,UZS_RUB,1,0.00787567
2025-01-13,Кандидат,AMD_RUB,1,0.256815
2025-01-13,Кандидат,KGS_RUB,1,1.17143
2025-01-13,Кандидат,KZT_RUB,1,0.194216
2025-01-13,Кандидат,TJS_RUB,1,9.30854
2025-01-13,Кандидат,UZS_RUB,1,0.00787567
2025-01-14,Closing,AMD_RUB,0,0.258567
2025-01-14,Closing,KGS_RUB,0,1.17467
2025-01-14,Closing,KZT_RUB,0,0.194962
2025-01-14,Closing,TJS_RUB,0,9.38419
2025-01-14,Closing,UZS_RUB,0,0.00792684
2025-01-14,Fact,AMD_RUB,0,0.258567
2025-01-14,Fact,KGS_RUB,0,1.17467
2025-01-14,Fact,KZT_RUB,0,0.194962
2025-01-14,Fact,TJS_RUB,0,9.38419
2025-01-14,Fact,UZS_RUB,0,0.00792684
2025-01-14,Good day,AMD_RUB,0,0.258567
2025-01-14,Good day,KGS_RUB,0,1.17467
2025-01-14,Good day,KZT_RUB,0,0.194962
2025-01-14,Good day,TJS_RUB,0,9.38419
2025-01-14,Good day,UZS_RUB,0,0.00792684
2025-01-14,Кандидат,AMD_RUB,1,0.258567
2025-01-14,Кандидат,KGS_RUB,1,1.17467
2025-01-14,Кандидат,KZT_RUB,1,0.194962
2025-01-14,Кандидат,TJS_RUB,1,9.38419
2025-01-14,Кандидат,UZS_RUB,1,0.00792684
2025-01-15,Closing,AMD_RUB,0,0.260038
2025-01-15,Closing,KGS_RUB,0,1.18282
2025-01-15,Closing,KZT_RUB,0,0.195713
2025-01-15,Closing,TJS_RUB,0,9.45088
2025-01-15,Closing,UZS_RUB,0,0.00797389
2025-01-15,Fact,AMD_RUB,0,0.260038
2025-01-15,Fact,KGS_RUB,0,1.18282
2025-01-15,Fact,KZT_RUB,0,0.195713
2025-01-15,Fact,TJS_RUB,0,9.45088
2025-01-15,Fact,UZS_RUB,0,0.00797389
2025-01-15,Good day,AMD_RUB,0,0.260038
2025-01-15,Good day,KGS_RUB,0,1.18282
2025-01-15,Good day,KZT_RUB,0,0.195713
2025-01-15,Good day,TJS_RUB,0,9.45088
2025-01-15,Good day,UZS_RUB,0,0.00797389
2025-01-15,Кандидат,AMD_RUB,0,0.260038
2025-01-15,Кандидат,KGS_RUB,0,1.18282
2025-01-15,Кандидат,KZT_RUB,1,0.195713
2025-01-15,Кандидат,TJS_RUB,0,9.45088
2025-01-15,Кандидат,UZS_RUB,0,0.00797389
2025-01-16,Closing,AMD_RUB,0,0.258253
2025-01-16,Closing,KGS_RUB,0,1.17563
2025-01-16,Closing,KZT_RUB,0,0.193889
2025-01-16,Closing,TJS_RUB,0,9.39167
2025-01-16,Closing,UZS_RUB,0,0.00792597
2025-01-16,Fact,AMD_RUB,0,0.258253
2025-01-16,Fact,KGS_RUB,0,1.17563
2025-01-16,Fact,KZT_RUB,0,0.193889
2025-01-16,Fact,TJS_RUB,0,9.39167
2025-01-16,Fact,UZS_RUB,0,0.00792597
2025-01-16,Good day,AMD_RUB,0,0.258253
2025-01-16,Good day,KGS_RUB,0,1.17563
2025-01-16,Good day,KZT_RUB,0,0.193889
2025-01-16,Good day,TJS_RUB,0,9.39167
2025-01-16,Good day,UZS_RUB,0,0.00792597
2025-01-16,Кандидат,AMD_RUB,1,0.258253
2025-01-16,Кандидат,KGS_RUB,1,1.17563
2025-01-16,Кандидат,KZT_RUB,1,0.193889
2025-01-16,Кандидат,TJS_RUB,1,9.39167
2025-01-16,Кандидат,UZS_RUB,1,0.00792597
2025-01-17,Closing,AMD_RUB,0,0.257162
2025-01-17,Closing,KGS_RUB,0,1.17069
2025-01-17,Closing,KZT_RUB,0,0.193272
2025-01-17,Closing,TJS_RUB,0,9.35224
2025-01-17,Closing,UZS_RUB,0,0.00789817
2025-01-17,Fact,AMD_RUB,0,0.257162
2025-01-17,Fact,KGS_RUB,0,1.17069
2025-01-17,Fact,KZT_RUB,0,0.193272
2025-01-17,Fact,TJS_RUB,0,9.35224
2025-01-17,Fact,UZS_RUB,0,0.00789817
2025-01-17,Good day,AMD_RUB,0,0.257162
2025-01-17,Good day,KGS_RUB,0,1.17069
2025-01-17,Good day,KZT_RUB,0,0.193272
2025-01-17,Good day,TJS_RUB,0,9.35224
2025-01-17,Good day,UZS_RUB,0,0.00789817
2025-01-17,Кандидат,AMD_RUB,1,0.257162
2025-01-17,Кандидат,KGS_RUB,1,1.17069
2025-01-17,Кандидат,KZT_RUB,1,0.193272
2025-01-17,Кандидат,TJS_RUB,1,9.35224
2025-01-17,Кандидат,UZS_RUB,1,0.00789817
2025-01-20,Closing,AMD_RUB,0,0.256715
2025-01-20,Closing,KGS_RUB,0,1.17111
2025-01-20,Closing,KZT_RUB,0,0.193361
2025-01-20,Closing,TJS_RUB,0,9.35242
2025-01-20,Closing,UZS_RUB,0,0.00790518
2025-01-20,Fact,AMD_RUB,0,0.256715
2025-01-20,Fact,KGS_RUB,0,1.17111
2025-01-20,Fact,KZT_RUB,0,0.193361
2025-01-20,Fact,TJS_RUB,0,9.35242
2025-01-20,Fact,UZS_RUB,0,0.00790518
2025-01-20,Good day,AMD_RUB,1,0.256715
2025-01-20,Good day,KGS_RUB,1,1.17111
2025-01-20,Good day,KZT_RUB,1,0.193361
2025-01-20,Good day,TJS_RUB,1,9.35242
2025-01-20,Good day,UZS_RUB,1,0.00790518
2025-01-20,Кандидат,AMD_RUB,1,0.256715
2025-01-20,Кандидат,KGS_RUB,1,1.17111
2025-01-20,Кандидат,KZT_RUB,1,0.193361
2025-01-20,Кандидат,TJS_RUB,1,9.35242
2025-01-20,Кандидат,UZS_RUB,1,0.00790518
2025-01-21,Closing,AMD_RUB,0,0.255764
2025-01-21,Closing,KGS_RUB,0,1.16593
2025-01-21,Closing,KZT_RUB,0,0.19233
2025-01-21,Closing,TJS_RUB,0,9.3188
2025-01-21,Closing,UZS_RUB,0,0.00786287
2025-01-21,Fact,AMD_RUB,0,0.255764
2025-01-21,Fact,KGS_RUB,0,1.16593
2025-01-21,Fact,KZT_RUB,0,0.19233
2025-01-21,Fact,TJS_RUB,0,9.3188
2025-01-21,Fact,UZS_RUB,0,0.00786287
2025-01-21,Good day,AMD_RUB,0,0.255764
2025-01-21,Good day,KGS_RUB,0,1.16593
2025-01-21,Good day,KZT_RUB,0,0.19233
2025-01-21,Good day,TJS_RUB,0,9.3188
2025-01-21,Good day,UZS_RUB,0,0.00786287
2025-01-21,Кандидат,AMD_RUB,1,0.255764
2025-01-21,Кандидат,KGS_RUB,1,1.16593
2025-01-21,Кандидат,KZT_RUB,1,0.19233
2025-01-21,Кандидат,TJS_RUB,1,9.3188
2025-01-21,Кандидат,UZS_RUB,1,0.00786287
2025-01-22,Closing,AMD_RUB,0,0.250547
2025-01-22,Closing,KGS_RUB,0,1.14269
2025-01-22,Closing,KZT_RUB,0,0.188547
2025-01-22,Closing,TJS_RUB,0,9.12895
2025-01-22,Closing,UZS_RUB,0,0.00770154
2025-01-22,Fact,AMD_RUB,0,0.250547
2025-01-22,Fact,KGS_RUB,0,1.14269
2025-01-22,Fact,KZT_RUB,0,0.188547
2025-01-22,Fact,TJS_RUB,0,9.12895
2025-01-22,Fact,UZS_RUB,0,0.00770154
2025-01-22,Good day,AMD_RUB,0,0.250547
2025-01-22,Good day,KGS_RUB,0,1.14269
2025-01-22,Good day,KZT_RUB,0,0.188547
2025-01-22,Good day,TJS_RUB,0,9.12895
2025-01-22,Good day,UZS_RUB,0,0.00770154
2025-01-22,Кандидат,AMD_RUB,1,0.250547
2025-01-22,Кандидат,KGS_RUB,1,1.14269
2025-01-22,Кандидат,KZT_RUB,1,0.188547
2025-01-22,Кандидат,TJS_RUB,1,9.12895
2025-01-22,Кандидат,UZS_RUB,0,0.00770154
2025-01-23,Closing,AMD_RUB,0,0.246477
2025-01-23,Closing,KGS_RUB,0,1.12385
2025-01-23,Closing,KZT_RUB,0,0.186285
2025-01-23,Closing,TJS_RUB,0,8.97841
2025-01-23,Closing,UZS_RUB,0,0.00756909
2025-01-23,Fact,AMD_RUB,0,0.246477
2025-01-23,Fact,KGS_RUB,0,1.12385
2025-01-23,Fact,KZT_RUB,0,0.186285
2025-01-23,Fact,TJS_RUB,0,8.97841
2025-01-23,Fact,UZS_RUB,0,0.00756909
2025-01-23,Good day,AMD_RUB,0,0.246477
2025-01-23,Good day,KGS_RUB,0,1.12385
2025-01-23,Good day,KZT_RUB,0,0.186285
2025-01-23,Good day,TJS_RUB,0,8.97841
2025-01-23,Good day,UZS_RUB,0,0.00756909
2025-01-23,Кандидат,AMD_RUB,1,0.246477
2025-01-23,Кандидат,KGS_RUB,1,1.12385
2025-01-23,Кандидат,KZT_RUB,1,0.186285
2025-01-23,Кандидат,TJS_RUB,1,8.97841
2025-01-23,Кандидат,UZS_RUB,0,0.00756909
2025-01-24,Closing,AMD_RUB,0,0.24844
2025-01-24,Closing,KGS_RUB,0,1.13322
2025-01-24,Closing,KZT_RUB,0,0.19024
2025-01-24,Closing,TJS_RUB,0,9.05251
2025-01-24,Closing,UZS_RUB,0,0.00762878
2025-01-24,Fact,AMD_RUB,0,0.24844
2025-01-24,Fact,KGS_RUB,0,1.13322
2025-01-24,Fact,KZT_RUB,0,0.19024
2025-01-24,Fact,TJS_RUB,0,9.05251
2025-01-24,Fact,UZS_RUB,0,0.00762878
2025-01-24,Good day,AMD_RUB,0,0.24844
2025-01-24,Good day,KGS_RUB,0,1.13322
2025-01-24,Good day,KZT_RUB,0,0.19024
2025-01-24,Good day,TJS_RUB,0,9.05251
2025-01-24,Good day,UZS_RUB,0,0.00762878
2025-01-24,Кандидат,AMD_RUB,1,0.24844
2025-01-24,Кандидат,KGS_RUB,1,1.13322
2025-01-24,Кандидат,KZT_RUB,0,0.19024
2025-01-24,Кандидат,TJS_RUB,1,9.05251
2025-01-24,Кандидат,UZS_RUB,0,0.00762878
2025-01-27,Closing,AMD_RUB,0,0.246293
2025-01-27,Closing,KGS_RUB,0,1.12365
2025-01-27,Closing,KZT_RUB,0,0.188093
2025-01-27,Closing,TJS_RUB,0,8.9763
2025-01-27,Closing,UZS_RUB,0,0.00757089
2025-01-27,Fact,AMD_RUB,0,0.246293
2025-01-27,Fact,KGS_RUB,0,1.12365
2025-01-27,Fact,KZT_RUB,0,0.188093
2025-01-27,Fact,TJS_RUB,0,8.9763
2025-01-27,Fact,UZS_RUB,0,0.00757089
2025-01-27,Good day,AMD_RUB,1,0.246293
2025-01-27,Good day,KGS_RUB,1,1.12365
2025-01-27,Good day,KZT_RUB,1,0.188093
2025-01-27,Good day,TJS_RUB,1,8.9763
2025-01-27,Good day,UZS_RUB,1,0.00757089
2025-01-27,Кандидат,AMD_RUB,1,0.246293
2025-01-27,Кандидат,KGS_RUB,1,1.12365
2025-01-27,Кандидат,KZT_RUB,1,0.188093
2025-01-27,Кандидат,TJS_RUB,1,8.9763
2025-01-27,Кандидат,UZS_RUB,1,0.00757089
2025-01-28,Closing,AMD_RUB,0,0.24383
2025-01-28,Closing,KGS_RUB,0,1.11071
2025-01-28,Closing,KZT_RUB,0,0.187571
2025-01-28,Closing,TJS_RUB,0,8.87147
2025-01-28,Closing,UZS_RUB,0,0.00748952
2025-01-28,Fact,AMD_RUB,0,0.24383
2025-01-28,Fact,KGS_RUB,0,1.11071
2025-01-28,Fact,KZT_RUB,0,0.187571
2025-01-28,Fact,TJS_RUB,0,8.87147
2025-01-28,Fact,UZS_RUB,0,0.00748952
2025-01-28,Good day,AMD_RUB,0,0.24383
2025-01-28,Good day,KGS_RUB,0,1.11071
2025-01-28,Good day,KZT_RUB,0,0.187571
2025-01-28,Good day,TJS_RUB,0,8.87147
2025-01-28,Good day,UZS_RUB,0,0.00748952
2025-01-28,Кандидат,AMD_RUB,1,0.24383
2025-01-28,Кандидат,KGS_RUB,1,1.11071
2025-01-28,Кандидат,KZT_RUB,1,0.187571
2025-01-28,Кандидат,TJS_RUB,0,8.87147
2025-01-28,Кандидат,UZS_RUB,0,0.00748952
2025-01-29,Closing,AMD_RUB,0,0.245923
2025-01-29,Closing,KGS_RUB,0,1.12025
2025-01-29,Closing,KZT_RUB,0,0.189573
2025-01-29,Closing,TJS_RUB,0,8.94763
2025-01-29,Closing,UZS_RUB,0,0.00755718
2025-01-29,Fact,AMD_RUB,0,0.245923
2025-01-29,Fact,KGS_RUB,0,1.12025
2025-01-29,Fact,KZT_RUB,0,0.189573
2025-01-29,Fact,TJS_RUB,0,8.94763
2025-01-29,Fact,UZS_RUB,0,0.00755718
2025-01-29,Good day,AMD_RUB,0,0.245923
2025-01-29,Good day,KGS_RUB,0,1.12025
2025-01-29,Good day,KZT_RUB,0,0.189573
2025-01-29,Good day,TJS_RUB,0,8.94763
2025-01-29,Good day,UZS_RUB,0,0.00755718
2025-01-29,Кандидат,AMD_RUB,1,0.245923
2025-01-29,Кандидат,KGS_RUB,1,1.12025
2025-01-29,Кандидат,KZT_RUB,0,0.189573
2025-01-29,Кандидат,TJS_RUB,1,8.94763
2025-01-29,Кандидат,UZS_RUB,0,0.00755718
2025-01-30,Closing,AMD_RUB,0,0.246096
2025-01-30,Closing,KGS_RUB,0,1.12078
2025-01-30,Closing,KZT_RUB,0,0.189899
2025-01-30,Closing,TJS_RUB,0,8.97272
2025-01-30,Closing,UZS_RUB,0,0.00755397
2025-01-30,Fact,AMD_RUB,0,0.246096
2025-01-30,Fact,KGS_RUB,0,1.12078
2025-01-30,Fact,KZT_RUB,0,0.189899
2025-01-30,Fact,TJS_RUB,0,8.97272
2025-01-30,Fact,UZS_RUB,0,0.00755397
2025-01-30,Good day,AMD_RUB,0,0.246096
2025-01-30,Good day,KGS_RUB,0,1.12078
2025-01-30,Good day,KZT_RUB,0,0.189899
2025-01-30,Good day,TJS_RUB,0,8.97272
2025-01-30,Good day,UZS_RUB,0,0.00755397
2025-01-30,Кандидат,AMD_RUB,1,0.246096
2025-01-30,Кандидат,KGS_RUB,1,1.12078
2025-01-30,Кандидат,KZT_RUB,0,0.189899
2025-01-30,Кандидат,TJS_RUB,0,8.97272
2025-01-30,Кандидат,UZS_RUB,0,0.00755397
2025-01-31,Closing,AMD_RUB,0,0.246296
2025-01-31,Closing,KGS_RUB,0,1.12071
2025-01-31,Closing,KZT_RUB,0,0.189622
2025-01-31,Closing,TJS_RUB,0,8.98678
2025-01-31,Closing,UZS_RUB,0,0.00755734
2025-01-31,Fact,AMD_RUB,0,0.246296
2025-01-31,Fact,KGS_RUB,0,1.12071
2025-01-31,Fact,KZT_RUB,0,0.189622
2025-01-31,Fact,TJS_RUB,0,8.98678
2025-01-31,Fact,UZS_RUB,0,0.00755734
2025-01-31,Good day,AMD_RUB,0,0.246296
2025-01-31,Good day,KGS_RUB,0,1.12071
2025-01-31,Good day,KZT_RUB,0,0.189622
2025-01-31,Good day,TJS_RUB,0,8.98678
2025-01-31,Good day,UZS_RUB,0,0.00755734
2025-01-31,Кандидат,AMD_RUB,0,0.246296
2025-01-31,Кандидат,KGS_RUB,1,1.12071
2025-01-31,Кандидат,KZT_RUB,0,0.189622
2025-01-31,Кандидат,TJS_RUB,0,8.98678
2025-01-31,Кандидат,UZS_RUB,1,0.00755734
2025-02-03,Closing,AMD_RUB,0,0.246158
2025-02-03,Closing,KGS_RUB,0,1.11848
2025-02-03,Closing,KZT_RUB,0,0.188358
2025-02-03,Closing,TJS_RUB,0,8.95358
2025-02-03,Closing,UZS_RUB,0,0.00754886
2025-02-03,Fact,AMD_RUB,0,0.246158
2025-02-03,Fact,KGS_RUB,0,1.11848
2025-02-03,Fact,KZT_RUB,0,0.188358
2025-02-03,Fact,TJS_RUB,0,8.95358
2025-02-03,Fact,UZS_RUB,0,0.00754886
2025-02-03,Good day,AMD_RUB,1,0.246158
2025-02-03,Good day,KGS_RUB,1,1.11848
2025-02-03,Good day,KZT_RUB,1,0.188358
2025-02-03,Good day,TJS_RUB,1,8.95358
2025-02-03,Good day,UZS_RUB,1,0.00754886
2025-02-03,Кандидат,AMD_RUB,1,0.246158
2025-02-03,Кандидат,KGS_RUB,1,1.11848
2025-02-03,Кандидат,KZT_RUB,1,0.188358
2025-02-03,Кандидат,TJS_RUB,1,8.95358
2025-02-03,Кандидат,UZS_RUB,1,0.00754886
2025-02-04,Closing,AMD_RUB,0,0.251753
2025-02-04,Closing,KGS_RUB,0,1.14286
2025-02-04,Closing,KZT_RUB,0,0.192889
2025-02-04,Closing,TJS_RUB,0,9.14796
2025-02-04,Closing,UZS_RUB,0,0.00770273
2025-02-04,Fact,AMD_RUB,0,0.251753
2025-02-04,Fact,KGS_RUB,0,1.14286
2025-02-04,Fact,KZT_RUB,0,0.192889
2025-02-04,Fact,TJS_RUB,0,9.14796
2025-02-04,Fact,UZS_RUB,0,0.00770273
2025-02-04,Good day,AMD_RUB,0,0.251753
2025-02-04,Good day,KGS_RUB,0,1.14286
2025-02-04,Good day,KZT_RUB,0,0.192889
2025-02-04,Good day,TJS_RUB,0,9.14796
2025-02-04,Good day,UZS_RUB,0,0.00770273
2025-02-04,Кандидат,AMD_RUB,0,0.251753
2025-02-04,Кандидат,KGS_RUB,0,1.14286
2025-02-04,Кандидат,KZT_RUB,0,0.192889
2025-02-04,Кандидат,TJS_RUB,0,9.14796
2025-02-04,Кандидат,UZS_RUB,0,0.00770273
2025-02-05,Closing,AMD_RUB,0,0.248377
2025-02-05,Closing,KGS_RUB,0,1.12674
2025-02-05,Closing,KZT_RUB,0,0.188906
2025-02-05,Closing,TJS_RUB,0,9.00566
2025-02-05,Closing,UZS_RUB,0,0.00758826
2025-02-05,Fact,AMD_RUB,0,0.248377
2025-02-05,Fact,KGS_RUB,0,1.12674
2025-02-05,Fact,KZT_RUB,0,0.188906
2025-02-05,Fact,TJS_RUB,0,9.00566
2025-02-05,Fact,UZS_RUB,0,0.00758826
2025-02-05,Good day,AMD_RUB,0,0.248377
2025-02-05,Good day,KGS_RUB,0,1.12674
2025-02-05,Good day,KZT_RUB,0,0.188906
2025-02-05,Good day,TJS_RUB,0,9.00566
2025-02-05,Good day,UZS_RUB,0,0.00758826
2025-02-05,Кандидат,AMD_RUB,0,0.248377
2025-02-05,Кандидат,KGS_RUB,0,1.12674
2025-02-05,Кандидат,KZT_RUB,1,0.188906
2025-02-05,Кандидат,TJS_RUB,0,9.00566
2025-02-05,Кандидат,UZS_RUB,0,0.00758826
2025-02-06,Closing,AMD_RUB,0,0.247253
2025-02-06,Closing,KGS_RUB,0,1.12128
2025-02-06,Closing,KZT_RUB,0,0.188471
2025-02-06,Closing,TJS_RUB,0,8.96238
2025-02-06,Closing,UZS_RUB,0,0.00754337
2025-02-06,Fact,AMD_RUB,0,0.247253
2025-02-06,Fact,KGS_RUB,0,1.12128
2025-02-06,Fact,KZT_RUB,0,0.188471
2025-02-06,Fact,TJS_RUB,0,8.96238
2025-02-06,Fact,UZS_RUB,0,0.00754337
2025-02-06,Good day,AMD_RUB,0,0.247253
2025-02-06,Good day,KGS_RUB,0,1.12128
2025-02-06,Good day,KZT_RUB,0,0.188471
2025-02-06,Good day,TJS_RUB,0,8.96238
2025-02-06,Good day,UZS_RUB,0,0.00754337
2025-02-06,Кандидат,AMD_RUB,0,0.247253
2025-02-06,Кандидат,KGS_RUB,1,1.12128
2025-02-06,Кандидат,KZT_RUB,1,0.188471
2025-02-06,Кандидат,TJS_RUB,0,8.96238
2025-02-06,Кандидат,UZS_RUB,1,0.00754337
2025-02-07,Closing,AMD_RUB,0,0.244211
2025-02-07,Closing,KGS_RUB,0,1.10818
2025-02-07,Closing,KZT_RUB,0,0.187822
2025-02-07,Closing,TJS_RUB,0,8.85455
2025-02-07,Closing,UZS_RUB,0,0.00746307
2025-02-07,Fact,AMD_RUB,0,0.244211
2025-02-07,Fact,KGS_RUB,0,1.10818
2025-02-07,Fact,KZT_RUB,0,0.187822
2025-02-07,Fact,TJS_RUB,0,8.85455
2025-02-07,Fact,UZS_RUB,0,0.00746307
2025-02-07,Good day,AMD_RUB,0,0.244211
2025-02-07,Good day,KGS_RUB,0,1.10818
2025-02-07,Good day,KZT_RUB,0,0.187822
2025-02-07,Good day,TJS_RUB,0,8.85455
2025-02-07,Good day,UZS_RUB,0,0.00746307
2025-02-07,Кандидат,AMD_RUB,1,0.244211
2025-02-07,Кандидат,KGS_RUB,1,1.10818
2025-02-07,Кандидат,KZT_RUB,1,0.187822
2025-02-07,Кандидат,TJS_RUB,1,8.85455
2025-02-07,Кандидат,UZS_RUB,0,0.00746307
2025-02-10,Closing,AMD_RUB,0,0.245176
2025-02-10,Closing,KGS_RUB,0,1.11236
2025-02-10,Closing,KZT_RUB,0,0.188772
2025-02-10,Closing,TJS_RUB,0,8.88992
2025-02-10,Closing,UZS_RUB,0,0.00750019
2025-02-10,Fact,AMD_RUB,0,0.245176
2025-02-10,Fact,KGS_RUB,0,1.11236
2025-02-10,Fact,KZT_RUB,0,0.188772
2025-02-10,Fact,TJS_RUB,0,8.88992
2025-02-10,Fact,UZS_RUB,0,0.00750019
2025-02-10,Good day,AMD_RUB,1,0.245176
2025-02-10,Good day,KGS_RUB,1,1.11236
2025-02-10,Good day,KZT_RUB,1,0.188772
2025-02-10,Good day,TJS_RUB,1,8.88992
2025-02-10,Good day,UZS_RUB,0,0.00750019
2025-02-10,Кандидат,AMD_RUB,1,0.245176
2025-02-10,Кандидат,KGS_RUB,1,1.11236
2025-02-10,Кандидат,KZT_RUB,1,0.188772
2025-02-10,Кандидат,TJS_RUB,1,8.88992
2025-02-10,Кандидат,UZS_RUB,0,0.00750019
2025-02-11,Closing,AMD_RUB,0,0.244146
2025-02-11,Closing,KGS_RUB,0,1.10671
2025-02-11,Closing,KZT_RUB,0,0.189331
2025-02-11,Closing,TJS_RUB,0,8.84598
2025-02-11,Closing,UZS_RUB,0,0.00746948
2025-02-11,Fact,AMD_RUB,0,0.244146
2025-02-11,Fact,KGS_RUB,0,1.10671
2025-02-11,Fact,KZT_RUB,0,0.189331
2025-02-11,Fact,TJS_RUB,0,8.84598
2025-02-11,Fact,UZS_RUB,1,0.00746948
2025-02-11,Good day,AMD_RUB,0,0.244146
2025-02-11,Good day,KGS_RUB,0,1.10671
2025-02-11,Good day,KZT_RUB,0,0.189331
2025-02-11,Good day,TJS_RUB,0,8.84598
2025-02-11,Good day,UZS_RUB,0,0.00746948
2025-02-11,Кандидат,AMD_RUB,1,0.244146
2025-02-11,Кандидат,KGS_RUB,1,1.10671
2025-02-11,Кандидат,KZT_RUB,1,0.189331
2025-02-11,Кандидат,TJS_RUB,1,8.84598
2025-02-11,Кандидат,UZS_RUB,0,0.00746948
2025-02-12,Closing,AMD_RUB,0,0.241596
2025-02-12,Closing,KGS_RUB,0,1.09551
2025-02-12,Closing,KZT_RUB,0,0.187668
2025-02-12,Closing,TJS_RUB,0,8.75315
2025-02-12,Closing,UZS_RUB,0,0.00738536
2025-02-12,Fact,AMD_RUB,0,0.241596
2025-02-12,Fact,KGS_RUB,0,1.09551
2025-02-12,Fact,KZT_RUB,0,0.187668
2025-02-12,Fact,TJS_RUB,0,8.75315
2025-02-12,Fact,UZS_RUB,0,0.00738536
2025-02-12,Good day,AMD_RUB,0,0.241596
2025-02-12,Good day,KGS_RUB,0,1.09551
2025-02-12,Good day,KZT_RUB,0,0.187668
2025-02-12,Good day,TJS_RUB,0,8.75315
2025-02-12,Good day,UZS_RUB,0,0.00738536
2025-02-12,Кандидат,AMD_RUB,1,0.241596
2025-02-12,Кандидат,KGS_RUB,1,1.09551
2025-02-12,Кандидат,KZT_RUB,1,0.187668
2025-02-12,Кандидат,TJS_RUB,1,8.75315
2025-02-12,Кандидат,UZS_RUB,0,0.00738536
2025-02-13,Closing,AMD_RUB,0,0.237161
2025-02-13,Closing,KGS_RUB,0,1.07545
2025-02-13,Closing,KZT_RUB,0,0.185709
2025-02-13,Closing,TJS_RUB,0,8.59196
2025-02-13,Closing,UZS_RUB,0,0.00724565
2025-02-13,Fact,AMD_RUB,0,0.237161
2025-02-13,Fact,KGS_RUB,0,1.07545
2025-02-13,Fact,KZT_RUB,0,0.185709
2025-02-13,Fact,TJS_RUB,0,8.59196
2025-02-13,Fact,UZS_RUB,0,0.00724565
2025-02-13,Good day,AMD_RUB,0,0.237161
2025-02-13,Good day,KGS_RUB,0,1.07545
2025-02-13,Good day,KZT_RUB,0,0.185709
2025-02-13,Good day,TJS_RUB,0,8.59196
2025-02-13,Good day,UZS_RUB,0,0.00724565
2025-02-13,Кандидат,AMD_RUB,0,0.237161
2025-02-13,Кандидат,KGS_RUB,0,1.07545
2025-02-13,Кандидат,KZT_RUB,1,0.185709
2025-02-13,Кандидат,TJS_RUB,0,8.59196
2025-02-13,Кандидат,UZS_RUB,0,0.00724565
2025-02-14,Closing,AMD_RUB,0,0.229633
2025-02-14,Closing,KGS_RUB,0,1.04095
2025-02-14,Closing,KZT_RUB,0,0.181587
2025-02-14,Closing,TJS_RUB,0,8.31959
2025-02-14,Closing,UZS_RUB,0,0.0070083
2025-02-14,Fact,AMD_RUB,0,0.229633
2025-02-14,Fact,KGS_RUB,0,1.04095
2025-02-14,Fact,KZT_RUB,0,0.181587
2025-02-14,Fact,TJS_RUB,0,8.31959
2025-02-14,Fact,UZS_RUB,0,0.0070083
2025-02-14,Good day,AMD_RUB,0,0.229633
2025-02-14,Good day,KGS_RUB,0,1.04095
2025-02-14,Good day,KZT_RUB,0,0.181587
2025-02-14,Good day,TJS_RUB,0,8.31959
2025-02-14,Good day,UZS_RUB,0,0.0070083
2025-02-14,Кандидат,AMD_RUB,0,0.229633
2025-02-14,Кандидат,KGS_RUB,0,1.04095
2025-02-14,Кандидат,KZT_RUB,1,0.181587
2025-02-14,Кандидат,TJS_RUB,0,8.31959
2025-02-14,Кандидат,UZS_RUB,0,0.0070083
2025-02-17,Closing,AMD_RUB,0,0.227762
2025-02-17,Closing,KGS_RUB,0,1.0327
2025-02-17,Closing,KZT_RUB,0,0.181389
2025-02-17,Closing,TJS_RUB,0,8.25366
2025-02-17,Closing,UZS_RUB,0,0.00694481
2025-02-17,Fact,AMD_RUB,0,0.227762
2025-02-17,Fact,KGS_RUB,0,1.0327
2025-02-17,Fact,KZT_RUB,0,0.181389
2025-02-17,Fact,TJS_RUB,0,8.25366
2025-02-17,Fact,UZS_RUB,0,0.00694481
2025-02-17,Good day,AMD_RUB,1,0.227762
2025-02-17,Good day,KGS_RUB,1,1.0327
2025-02-17,Good day,KZT_RUB,1,0.181389
2025-02-17,Good day,TJS_RUB,1,8.25366
2025-02-17,Good day,UZS_RUB,1,0.00694481
2025-02-17,Кандидат,AMD_RUB,1,0.227762
2025-02-17,Кандидат,KGS_RUB,1,1.0327
2025-02-17,Кандидат,KZT_RUB,1,0.181389
2025-02-17,Кандидат,TJS_RUB,1,8.25366
2025-02-17,Кандидат,UZS_RUB,1,0.00694481
2025-02-18,Closing,AMD_RUB,0,0.230669
2025-02-18,Closing,KGS_RUB,0,1.04557
2025-02-18,Closing,KZT_RUB,0,0.184612
2025-02-18,Closing,TJS_RUB,0,8.35615
2025-02-18,Closing,UZS_RUB,0,0.00703715
2025-02-18,Fact,AMD_RUB,0,0.230669
2025-02-18,Fact,KGS_RUB,0,1.04557
2025-02-18,Fact,KZT_RUB,0,0.184612
2025-02-18,Fact,TJS_RUB,0,8.35615
2025-02-18,Fact,UZS_RUB,0,0.00703715
2025-02-18,Good day,AMD_RUB,0,0.230669
2025-02-18,Good day,KGS_RUB,0,1.04557
2025-02-18,Good day,KZT_RUB,0,0.184612
2025-02-18,Good day,TJS_RUB,0,8.35615
2025-02-18,Good day,UZS_RUB,0,0.00703715
2025-02-18,Кандидат,AMD_RUB,0,0.230669
2025-02-18,Кандидат,KGS_RUB,0,1.04557
2025-02-18,Кандидат,KZT_RUB,0,0.184612
2025-02-18,Кандидат,TJS_RUB,0,8.35615
2025-02-18,Кандидат,UZS_RUB,0,0.00703715
2025-02-19,Closing,AMD_RUB,0,0.230522
2025-02-19,Closing,KGS_RUB,0,1.04448
2025-02-19,Closing,KZT_RUB,0,0.183137
2025-02-19,Closing,TJS_RUB,0,8.34519
2025-02-19,Closing,UZS_RUB,0,0.00703629
2025-02-19,Fact,AMD_RUB,0,0.230522
2025-02-19,Fact,KGS_RUB,0,1.04448
2025-02-19,Fact,KZT_RUB,0,0.183137
2025-02-19,Fact,TJS_RUB,0,8.34519
2025-02-19,Fact,UZS_RUB,0,0.00703629
2025-02-19,Good day,AMD_RUB,0,0.230522
2025-02-19,Good day,KGS_RUB,0,1.04448
2025-02-19,Good day,KZT_RUB,0,0.183137
2025-02-19,Good day,TJS_RUB,0,8.34519
2025-02-19,Good day,UZS_RUB,0,0.00703629
2025-02-19,Кандидат,AMD_RUB,0,0.230522
2025-02-19,Кандидат,KGS_RUB,0,1.04448
2025-02-19,Кандидат,KZT_RUB,1,0.183137
2025-02-19,Кандидат,TJS_RUB,0,8.34519
2025-02-19,Кандидат,UZS_RUB,0,0.00703629
2025-02-20,Closing,AMD_RUB,0,0.228512
2025-02-20,Closing,KGS_RUB,0,1.03404
2025-02-20,Closing,KZT_RUB,0,0.18162
2025-02-20,Closing,TJS_RUB,0,8.25717
2025-02-20,Closing,UZS_RUB,0,0.00697189
2025-02-20,Fact,AMD_RUB,0,0.228512
2025-02-20,Fact,KGS_RUB,0,1.03404
2025-02-20,Fact,KZT_RUB,0,0.18162
2025-02-20,Fact,TJS_RUB,0,8.25717
2025-02-20,Fact,UZS_RUB,0,0.00697189
2025-02-20,Good day,AMD_RUB,0,0.228512
2025-02-20,Good day,KGS_RUB,0,1.03404
2025-02-20,Good day,KZT_RUB,0,0.18162
2025-02-20,Good day,TJS_RUB,0,8.25717
2025-02-20,Good day,UZS_RUB,0,0.00697189
2025-02-20,Кандидат,AMD_RUB,1,0.228512
2025-02-20,Кандидат,KGS_RUB,1,1.03404
2025-02-20,Кандидат,KZT_RUB,1,0.18162
2025-02-20,Кандидат,TJS_RUB,1,8.25717
2025-02-20,Кандидат,UZS_RUB,0,0.00697189
2025-02-21,Closing,AMD_RUB,0,0.223901
2025-02-21,Closing,KGS_RUB,0,1.01212
2025-02-21,Closing,KZT_RUB,0,0.175752
2025-02-21,Closing,TJS_RUB,0,8.08217
2025-02-21,Closing,UZS_RUB,0,0.00683476
2025-02-21,Fact,AMD_RUB,0,0.223901
2025-02-21,Fact,KGS_RUB,0,1.01212
2025-02-21,Fact,KZT_RUB,0,0.175752
2025-02-21,Fact,TJS_RUB,0,8.08217
2025-02-21,Fact,UZS_RUB,0,0.00683476
2025-02-21,Good day,AMD_RUB,0,0.223901
2025-02-21,Good day,KGS_RUB,0,1.01212
2025-02-21,Good day,KZT_RUB,0,0.175752
2025-02-21,Good day,TJS_RUB,0,8.08217
2025-02-21,Good day,UZS_RUB,0,0.00683476
2025-02-21,Кандидат,AMD_RUB,1,0.223901
2025-02-21,Кандидат,KGS_RUB,0,1.01212
2025-02-21,Кандидат,KZT_RUB,1,0.175752
2025-02-21,Кандидат,TJS_RUB,1,8.08217
2025-02-21,Кандидат,UZS_RUB,0,0.00683476
2025-02-24,Closing,AMD_RUB,0,0.223543
2025-02-24,Closing,KGS_RUB,0,1.00821
2025-02-24,Closing,KZT_RUB,0,0.17642
2025-02-24,Closing,TJS_RUB,0,8.04992
2025-02-24,Closing,UZS_RUB,0,0.00681888
2025-02-24,Fact,AMD_RUB,1,0.223543
2025-02-24,Fact,KGS_RUB,1,1.00821
2025-02-24,Fact,KZT_RUB,0,0.17642
2025-02-24,Fact,TJS_RUB,1,8.04992
2025-02-24,Fact,UZS_RUB,1,0.00681888
2025-02-24,Good day,AMD_RUB,0,0.223543
2025-02-24,Good day,KGS_RUB,0,1.00821
2025-02-24,Good day,KZT_RUB,1,0.17642
2025-02-24,Good day,TJS_RUB,0,8.04992
2025-02-24,Good day,UZS_RUB,0,0.00681888
2025-02-24,Кандидат,AMD_RUB,0,0.223543
2025-02-24,Кандидат,KGS_RUB,0,1.00821
2025-02-24,Кандидат,KZT_RUB,1,0.17642
2025-02-24,Кандидат,TJS_RUB,0,8.04992
2025-02-24,Кандидат,UZS_RUB,0,0.00681888
2025-02-25,Closing,AMD_RUB,0,0.223931
2025-02-25,Closing,KGS_RUB,0,1.00865
2025-02-25,Closing,KZT_RUB,0,0.175546
2025-02-25,Closing,TJS_RUB,0,8.06349
2025-02-25,Closing,UZS_RUB,0,0.00682915
2025-02-25,Fact,AMD_RUB,0,0.223931
2025-02-25,Fact,KGS_RUB,0,1.00865
2025-02-25,Fact,KZT_RUB,0,0.175546
2025-02-25,Fact,TJS_RUB,0,8.06349
2025-02-25,Fact,UZS_RUB,0,0.00682915
2025-02-25,Good day,AMD_RUB,0,0.223931
2025-02-25,Good day,KGS_RUB,0,1.00865
2025-02-25,Good day,KZT_RUB,0,0.175546
2025-02-25,Good day,TJS_RUB,0,8.06349
2025-02-25,Good day,UZS_RUB,0,0.00682915
2025-02-25,Кандидат,AMD_RUB,0,0.223931
2025-02-25,Кандидат,KGS_RUB,0,1.00865
2025-02-25,Кандидат,KZT_RUB,1,0.175546
2025-02-25,Кандидат,TJS_RUB,0,8.06349
2025-02-25,Кандидат,UZS_RUB,0,0.00682915
2025-02-26,Closing,AMD_RUB,0,0.220129
2025-02-26,Closing,KGS_RUB,0,0.99065
2025-02-26,Closing,KZT_RUB,0,0.172268
2025-02-26,Closing,TJS_RUB,0,7.91954
2025-02-26,Closing,UZS_RUB,0,0.00671569
2025-02-26,Fact,AMD_RUB,0,0.220129
2025-02-26,Fact,KGS_RUB,0,0.99065
2025-02-26,Fact,KZT_RUB,0,0.172268
2025-02-26,Fact,TJS_RUB,0,7.91954
2025-02-26,Fact,UZS_RUB,0,0.00671569
2025-02-26,Good day,AMD_RUB,0,0.220129
2025-02-26,Good day,KGS_RUB,0,0.99065
2025-02-26,Good day,KZT_RUB,0,0.172268
2025-02-26,Good day,TJS_RUB,0,7.91954
2025-02-26,Good day,UZS_RUB,0,0.00671569
2025-02-26,Кандидат,AMD_RUB,0,0.220129
2025-02-26,Кандидат,KGS_RUB,0,0.99065
2025-02-26,Кандидат,KZT_RUB,0,0.172268
2025-02-26,Кандидат,TJS_RUB,0,7.91954
2025-02-26,Кандидат,UZS_RUB,0,0.00671569
2025-02-27,Closing,AMD_RUB,0,0.218363
2025-02-27,Closing,KGS_RUB,0,0.98259
2025-02-27,Closing,KZT_RUB,0,0.172307
2025-02-27,Closing,TJS_RUB,0,7.85138
2025-02-27,Closing,UZS_RUB,0,0.00666903
2025-02-27,Fact,AMD_RUB,0,0.218363
2025-02-27,Fact,KGS_RUB,0,0.98259
2025-02-27,Fact,KZT_RUB,0,0.172307
2025-02-27,Fact,TJS_RUB,0,7.85138
2025-02-27,Fact,UZS_RUB,0,0.00666903
2025-02-27,Good day,AMD_RUB,0,0.218363
2025-02-27,Good day,KGS_RUB,0,0.98259
2025-02-27,Good day,KZT_RUB,0,0.172307
2025-02-27,Good day,TJS_RUB,0,7.85138
2025-02-27,Good day,UZS_RUB,0,0.00666903
2025-02-27,Кандидат,AMD_RUB,0,0.218363
2025-02-27,Кандидат,KGS_RUB,0,0.98259
2025-02-27,Кандидат,KZT_RUB,0,0.172307
2025-02-27,Кандидат,TJS_RUB,0,7.85138
2025-02-27,Кандидат,UZS_RUB,0,0.00666903
2025-02-28,Closing,AMD_RUB,0,0.222999
2025-02-28,Closing,KGS_RUB,0,1.00282
2025-02-28,Closing,KZT_RUB,0,0.174946
2025-02-28,Closing,TJS_RUB,0,8.01505
2025-02-28,Closing,UZS_RUB,0,0.00680878
2025-02-28,Fact,AMD_RUB,0,0.222999
2025-02-28,Fact,KGS_RUB,0,1.00282
2025-02-28,Fact,KZT_RUB,0,0.174946
2025-02-28,Fact,TJS_RUB,0,8.01505
2025-02-28,Fact,UZS_RUB,0,0.00680878
2025-02-28,Good day,AMD_RUB,0,0.222999
2025-02-28,Good day,KGS_RUB,0,1.00282
2025-02-28,Good day,KZT_RUB,0,0.174946
2025-02-28,Good day,TJS_RUB,0,8.01505
2025-02-28,Good day,UZS_RUB,0,0.00680878
2025-02-28,Кандидат,AMD_RUB,0,0.222999
2025-02-28,Кандидат,KGS_RUB,0,1.00282
2025-02-28,Кандидат,KZT_RUB,0,0.174946
2025-02-28,Кандидат,TJS_RUB,0,8.01505
2025-02-28,Кандидат,UZS_RUB,0,0.00680878
2025-03-03,Closing,AMD_RUB,0,0.224372
2025-03-03,Closing,KGS_RUB,0,1.00924
2025-03-03,Closing,KZT_RUB,0,0.175989
2025-03-03,Closing,TJS_RUB,0,8.08442
2025-03-03,Closing,UZS_RUB,0,0.00685364
2025-03-03,Fact,AMD_RUB,0,0.224372
2025-03-03,Fact,KGS_RUB,0,1.00924
2025-03-03,Fact,KZT_RUB,0,0.175989
2025-03-03,Fact,TJS_RUB,0,8.08442
2025-03-03,Fact,UZS_RUB,0,0.00685364
2025-03-03,Good day,AMD_RUB,0,0.224372
2025-03-03,Good day,KGS_RUB,0,1.00924
2025-03-03,Good day,KZT_RUB,0,0.175989
2025-03-03,Good day,TJS_RUB,0,8.08442
2025-03-03,Good day,UZS_RUB,0,0.00685364
2025-03-03,Кандидат,AMD_RUB,0,0.224372
2025-03-03,Кандидат,KGS_RUB,0,1.00924
2025-03-03,Кандидат,KZT_RUB,0,0.175989
2025-03-03,Кандидат,TJS_RUB,0,8.08442
2025-03-03,Кандидат,UZS_RUB,0,0.00685364
2025-03-04,Closing,AMD_RUB,0,0.2267
2025-03-04,Closing,KGS_RUB,0,1.02058
2025-03-04,Closing,KZT_RUB,0,0.178778
2025-03-04,Closing,TJS_RUB,0,8.17238
2025-03-04,Closing,UZS_RUB,0,0.00692391
2025-03-04,Fact,AMD_RUB,0,0.2267
2025-03-04,Fact,KGS_RUB,0,1.02058
2025-03-04,Fact,KZT_RUB,0,0.178778
2025-03-04,Fact,TJS_RUB,0,8.17238
2025-03-04,Fact,UZS_RUB,0,0.00692391
2025-03-04,Good day,AMD_RUB,0,0.2267
2025-03-04,Good day,KGS_RUB,0,1.02058
2025-03-04,Good day,KZT_RUB,0,0.178778
2025-03-04,Good day,TJS_RUB,0,8.17238
2025-03-04,Good day,UZS_RUB,0,0.00692391
2025-03-04,Кандидат,AMD_RUB,0,0.2267
2025-03-04,Кандидат,KGS_RUB,0,1.02058
2025-03-04,Кандидат,KZT_RUB,0,0.178778
2025-03-04,Кандидат,TJS_RUB,0,8.17238
2025-03-04,Кандидат,UZS_RUB,0,0.00692391
2025-03-05,Closing,AMD_RUB,0,0.22659
2025-03-05,Closing,KGS_RUB,0,1.02056
2025-03-05,Closing,KZT_RUB,0,0.178808
2025-03-05,Closing,TJS_RUB,0,8.15527
2025-03-05,Closing,UZS_RUB,0,0.0069197
2025-03-05,Fact,AMD_RUB,0,0.22659
2025-03-05,Fact,KGS_RUB,0,1.02056
2025-03-05,Fact,KZT_RUB,0,0.178808
2025-03-05,Fact,TJS_RUB,0,8.15527
2025-03-05,Fact,UZS_RUB,0,0.0069197
2025-03-05,Good day,AMD_RUB,0,0.22659
2025-03-05,Good day,KGS_RUB,0,1.02056
2025-03-05,Good day,KZT_RUB,0,0.178808
2025-03-05,Good day,TJS_RUB,0,8.15527
2025-03-05,Good day,UZS_RUB,0,0.0069197
2025-03-05,Кандидат,AMD_RUB,0,0.22659
2025-03-05,Кандидат,KGS_RUB,0,1.02056
2025-03-05,Кандидат,KZT_RUB,0,0.178808
2025-03-05,Кандидат,TJS_RUB,0,8.15527
2025-03-05,Кандидат,UZS_RUB,0,0.0069197
2025-03-06,Closing,AMD_RUB,0,0.227714
2025-03-06,Closing,KGS_RUB,0,1.02673
2025-03-06,Closing,KZT_RUB,0,0.179669
2025-03-06,Closing,TJS_RUB,0,8.2091
2025-03-06,Closing,UZS_RUB,0,0.0069585
2025-03-06,Fact,AMD_RUB,0,0.227714
2025-03-06,Fact,KGS_RUB,0,1.02673
2025-03-06,Fact,KZT_RUB,0,0.179669
2025-03-06,Fact,TJS_RUB,0,8.2091
2025-03-06,Fact,UZS_RUB,0,0.0069585
2025-03-06,Good day,AMD_RUB,0,0.227714
2025-03-06,Good day,KGS_RUB,0,1.02673
2025-03-06,Good day,KZT_RUB,0,0.179669
2025-03-06,Good day,TJS_RUB,0,8.2091
2025-03-06,Good day,UZS_RUB,0,0.0069585
2025-03-06,Кандидат,AMD_RUB,0,0.227714
2025-03-06,Кандидат,KGS_RUB,0,1.02673
2025-03-06,Кандидат,KZT_RUB,0,0.179669
2025-03-06,Кандидат,TJS_RUB,0,8.2091
2025-03-06,Кандидат,UZS_RUB,0,0.0069585
2025-03-07,Closing,AMD_RUB,0,0.227007
2025-03-07,Closing,KGS_RUB,0,1.02436
2025-03-07,Closing,KZT_RUB,0,0.180331
2025-03-07,Closing,TJS_RUB,0,8.1894
2025-03-07,Closing,UZS_RUB,0,0.0069434
2025-03-07,Fact,AMD_RUB,0,0.227007
2025-03-07,Fact,KGS_RUB,0,1.02436
2025-03-07,Fact,KZT_RUB,0,0.180331
2025-03-07,Fact,TJS_RUB,0,8.1894
2025-03-07,Fact,UZS_RUB,0,0.0069434
2025-03-07,Good day,AMD_RUB,0,0.227007
2025-03-07,Good day,KGS_RUB,0,1.02436
2025-03-07,Good day,KZT_RUB,0,0.180331
2025-03-07,Good day,TJS_RUB,0,8.1894
2025-03-07,Good day,UZS_RUB,0,0.0069434
2025-03-07,Кандидат,AMD_RUB,0,0.227007
2025-03-07,Кандидат,KGS_RUB,0,1.02436
2025-03-07,Кандидат,KZT_RUB,0,0.180331
2025-03-07,Кандидат,TJS_RUB,0,8.1894
2025-03-07,Кандидат,UZS_RUB,0,0.0069434
2025-03-10,Closing,AMD_RUB,0,0.225901
2025-03-10,Closing,KGS_RUB,0,1.01928
2025-03-10,Closing,KZT_RUB,0,0.179728
2025-03-10,Closing,TJS_RUB,0,8.15452
2025-03-10,Closing,UZS_RUB,0,0.00689996
2025-03-10,Fact,AMD_RUB,0,0.225901
2025-03-10,Fact,KGS_RUB,0,1.01928
2025-03-10,Fact,KZT_RUB,0,0.179728
2025-03-10,Fact,TJS_RUB,0,8.15452
2025-03-10,Fact,UZS_RUB,0,0.00689996
2025-03-10,Good day,AMD_RUB,0,0.225901
2025-03-10,Good day,KGS_RUB,0,1.01928
2025-03-10,Good day,KZT_RUB,0,0.179728
2025-03-10,Good day,TJS_RUB,0,8.15452
2025-03-10,Good day,UZS_RUB,0,0.00689996
2025-03-10,Кандидат,AMD_RUB,0,0.225901
2025-03-10,Кандидат,KGS_RUB,0,1.01928
2025-03-10,Кандидат,KZT_RUB,0,0.179728
2025-03-10,Кандидат,TJS_RUB,0,8.15452
2025-03-10,Кандидат,UZS_RUB,0,0.00689996
2025-03-11,Closing,AMD_RUB,0,0.223918
2025-03-11,Closing,KGS_RUB,0,1.01072
2025-03-11,Closing,KZT_RUB,0,0.178618
2025-03-11,Closing,TJS_RUB,0,8.07255
2025-03-11,Closing,UZS_RUB,0,0.00684198
2025-03-11,Fact,AMD_RUB,0,0.223918
2025-03-11,Fact,KGS_RUB,1,1.01072
2025-03-11,Fact,KZT_RUB,0,0.178618
2025-03-11,Fact,TJS_RUB,1,8.07255
2025-03-11,Fact,UZS_RUB,1,0.00684198
2025-03-11,Good day,AMD_RUB,1,0.223918
2025-03-11,Good day,KGS_RUB,0,1.01072
2025-03-11,Good day,KZT_RUB,0,0.178618
2025-03-11,Good day,TJS_RUB,0,8.07255
2025-03-11,Good day,UZS_RUB,0,0.00684198
2025-03-11,Кандидат,AMD_RUB,1,0.223918
2025-03-11,Кандидат,KGS_RUB,0,1.01072
2025-03-11,Кандидат,KZT_RUB,0,0.178618
2025-03-11,Кандидат,TJS_RUB,0,8.07255
2025-03-11,Кандидат,UZS_RUB,0,0.00684198
2025-03-12,Closing,AMD_RUB,0,0.219691
2025-03-12,Closing,KGS_RUB,0,0.98991
2025-03-12,Closing,KZT_RUB,0,0.174939
2025-03-12,Closing,TJS_RUB,0,7.9063
2025-03-12,Closing,UZS_RUB,0,0.00668981
2025-03-12,Fact,AMD_RUB,0,0.219691
2025-03-12,Fact,KGS_RUB,0,0.98991
2025-03-12,Fact,KZT_RUB,0,0.174939
2025-03-12,Fact,TJS_RUB,0,7.9063
2025-03-12,Fact,UZS_RUB,0,0.00668981
2025-03-12,Good day,AMD_RUB,0,0.219691
2025-03-12,Good day,KGS_RUB,0,0.98991
2025-03-12,Good day,KZT_RUB,1,0.174939
2025-03-12,Good day,TJS_RUB,0,7.9063
2025-03-12,Good day,UZS_RUB,0,0.00668981
2025-03-12,Кандидат,AMD_RUB,1,0.219691
2025-03-12,Кандидат,KGS_RUB,0,0.98991
2025-03-12,Кандидат,KZT_RUB,1,0.174939
2025-03-12,Кандидат,TJS_RUB,0,7.9063
2025-03-12,Кандидат,UZS_RUB,0,0.00668981
2025-03-13,Closing,AMD_RUB,0,0.220173
2025-03-13,Closing,KGS_RUB,0,0.99051
2025-03-13,Closing,KZT_RUB,0,0.177308
2025-03-13,Closing,TJS_RUB,0,7.91654
2025-03-13,Closing,UZS_RUB,0,0.00669818
2025-03-13,Fact,AMD_RUB,0,0.220173
2025-03-13,Fact,KGS_RUB,0,0.99051
2025-03-13,Fact,KZT_RUB,0,0.177308
2025-03-13,Fact,TJS_RUB,0,7.91654
2025-03-13,Fact,UZS_RUB,0,0.00669818
2025-03-13,Good day,AMD_RUB,0,0.220173
2025-03-13,Good day,KGS_RUB,0,0.99051
2025-03-13,Good day,KZT_RUB,0,0.177308
2025-03-13,Good day,TJS_RUB,1,7.91654
2025-03-13,Good day,UZS_RUB,0,0.00669818
2025-03-13,Кандидат,AMD_RUB,1,0.220173
2025-03-13,Кандидат,KGS_RUB,0,0.99051
2025-03-13,Кандидат,KZT_RUB,0,0.177308
2025-03-13,Кандидат,TJS_RUB,1,7.91654
2025-03-13,Кандидат,UZS_RUB,0,0.00669818
2025-03-14,Closing,AMD_RUB,0,0.22055
2025-03-14,Closing,KGS_RUB,0,0.9905
2025-03-14,Closing,KZT_RUB,0,0.177081
2025-03-14,Closing,TJS_RUB,0,7.91641
2025-03-14,Closing,UZS_RUB,0,0.00670426
2025-03-14,Fact,AMD_RUB,0,0.22055
2025-03-14,Fact,KGS_RUB,0,0.9905
2025-03-14,Fact,KZT_RUB,0,0.177081
2025-03-14,Fact,TJS_RUB,0,7.91641
2025-03-14,Fact,UZS_RUB,0,0.00670426
2025-03-14,Good day,AMD_RUB,0,0.22055
2025-03-14,Good day,KGS_RUB,0,0.9905
2025-03-14,Good day,KZT_RUB,0,0.177081
2025-03-14,Good day,TJS_RUB,0,7.91641
2025-03-14,Good day,UZS_RUB,1,0.00670426
2025-03-14,Кандидат,AMD_RUB,1,0.22055
2025-03-14,Кандидат,KGS_RUB,0,0.9905
2025-03-14,Кандидат,KZT_RUB,0,0.177081
2025-03-14,Кандидат,TJS_RUB,1,7.91641
2025-03-14,Кандидат,UZS_RUB,1,0.00670426
2025-03-17,Closing,AMD_RUB,0,0.218434
2025-03-17,Closing,KGS_RUB,0,0.9785
2025-03-17,Closing,KZT_RUB,0,0.17277
2025-03-17,Closing,TJS_RUB,0,7.82807
2025-03-17,Closing,UZS_RUB,0,0.00661375
2025-03-17,Fact,AMD_RUB,0,0.218434
2025-03-17,Fact,KGS_RUB,1,0.9785
2025-03-17,Fact,KZT_RUB,1,0.17277
2025-03-17,Fact,TJS_RUB,0,7.82807
2025-03-17,Fact,UZS_RUB,0,0.00661375
2025-03-17,Good day,AMD_RUB,1,0.218434
2025-03-17,Good day,KGS_RUB,0,0.9785
2025-03-17,Good day,KZT_RUB,0,0.17277
2025-03-17,Good day,TJS_RUB,0,7.82807
2025-03-17,Good day,UZS_RUB,0,0.00661375
2025-03-17,Кандидат,AMD_RUB,1,0.218434
2025-03-17,Кандидат,KGS_RUB,0,0.9785
2025-03-17,Кандидат,KZT_RUB,0,0.17277
2025-03-17,Кандидат,TJS_RUB,0,7.82807
2025-03-17,Кандидат,UZS_RUB,1,0.00661375
2025-03-18,Closing,AMD_RUB,0,0.21488
2025-03-18,Closing,KGS_RUB,0,0.96464
2025-03-18,Closing,KZT_RUB,0,0.166893
2025-03-18,Closing,TJS_RUB,0,7.70712
2025-03-18,Closing,UZS_RUB,0,0.0065085
2025-03-18,Fact,AMD_RUB,0,0.21488
2025-03-18,Fact,KGS_RUB,0,0.96464
2025-03-18,Fact,KZT_RUB,0,0.166893
2025-03-18,Fact,TJS_RUB,1,7.70712
2025-03-18,Fact,UZS_RUB,0,0.0065085
2025-03-18,Good day,AMD_RUB,0,0.21488
2025-03-18,Good day,KGS_RUB,0,0.96464
2025-03-18,Good day,KZT_RUB,0,0.166893
2025-03-18,Good day,TJS_RUB,0,7.70712
2025-03-18,Good day,UZS_RUB,0,0.0065085
2025-03-18,Кандидат,AMD_RUB,0,0.21488
2025-03-18,Кандидат,KGS_RUB,0,0.96464
2025-03-18,Кандидат,KZT_RUB,0,0.166893
2025-03-18,Кандидат,TJS_RUB,0,7.70712
2025-03-18,Кандидат,UZS_RUB,0,0.0065085
2025-03-19,Closing,AMD_RUB,0,0.208146
2025-03-19,Closing,KGS_RUB,0,0.93664
2025-03-19,Closing,KZT_RUB,0,0.163317
2025-03-19,Closing,TJS_RUB,0,7.45725
2025-03-19,Closing,UZS_RUB,0,0.00629679
2025-03-19,Fact,AMD_RUB,0,0.208146
2025-03-19,Fact,KGS_RUB,0,0.93664
2025-03-19,Fact,KZT_RUB,0,0.163317
2025-03-19,Fact,TJS_RUB,0,7.45725
2025-03-19,Fact,UZS_RUB,1,0.00629679
2025-03-19,Good day,AMD_RUB,0,0.208146
2025-03-19,Good day,KGS_RUB,0,0.93664
2025-03-19,Good day,KZT_RUB,0,0.163317
2025-03-19,Good day,TJS_RUB,0,7.45725
2025-03-19,Good day,UZS_RUB,0,0.00629679
2025-03-19,Кандидат,AMD_RUB,0,0.208146
2025-03-19,Кандидат,KGS_RUB,0,0.93664
2025-03-19,Кандидат,KZT_RUB,0,0.163317
2025-03-19,Кандидат,TJS_RUB,0,7.45725
2025-03-19,Кандидат,UZS_RUB,0,0.00629679
2025-03-20,Closing,AMD_RUB,0,0.211581
2025-03-20,Closing,KGS_RUB,0,0.96775
2025-03-20,Closing,KZT_RUB,0,0.166896
2025-03-20,Closing,TJS_RUB,1,7.58049
2025-03-20,Closing,UZS_RUB,1,0.00640467
2025-03-20,Fact,AMD_RUB,0,0.211581
2025-03-20,Fact,KGS_RUB,0,0.96775
2025-03-20,Fact,KZT_RUB,0,0.166896
2025-03-20,Fact,TJS_RUB,0,7.58049
2025-03-20,Fact,UZS_RUB,0,0.00640467
2025-03-20,Good day,AMD_RUB,0,0.211581
2025-03-20,Good day,KGS_RUB,0,0.96775
2025-03-20,Good day,KZT_RUB,0,0.166896
2025-03-20,Good day,TJS_RUB,0,7.58049
2025-03-20,Good day,UZS_RUB,0,0.00640467
2025-03-20,Кандидат,AMD_RUB,0,0.211581
2025-03-20,Кандидат,KGS_RUB,0,0.96775
2025-03-20,Кандидат,KZT_RUB,0,0.166896
2025-03-20,Кандидат,TJS_RUB,0,7.58049
2025-03-20,Кандидат,UZS_RUB,0,0.00640467
2025-03-21,Closing,AMD_RUB,0,0.215152
2025-03-21,Closing,KGS_RUB,0,0.98243
2025-03-21,Closing,KZT_RUB,0,0.168683
2025-03-21,Closing,TJS_RUB,0,7.72251
2025-03-21,Closing,UZS_RUB,0,0.00652887
2025-03-21,Fact,AMD_RUB,0,0.215152
2025-03-21,Fact,KGS_RUB,0,0.98243
2025-03-21,Fact,KZT_RUB,0,0.168683
2025-03-21,Fact,TJS_RUB,0,7.72251
2025-03-21,Fact,UZS_RUB,0,0.00652887
2025-03-21,Good day,AMD_RUB,0,0.215152
2025-03-21,Good day,KGS_RUB,0,0.98243
2025-03-21,Good day,KZT_RUB,0,0.168683
2025-03-21,Good day,TJS_RUB,0,7.72251
2025-03-21,Good day,UZS_RUB,0,0.00652887
2025-03-21,Кандидат,AMD_RUB,0,0.215152
2025-03-21,Кандидат,KGS_RUB,0,0.98243
2025-03-21,Кандидат,KZT_RUB,0,0.168683
2025-03-21,Кандидат,TJS_RUB,0,7.72251
2025-03-21,Кандидат,UZS_RUB,0,0.00652887
2025-03-24,Closing,AMD_RUB,0,0.215621
2025-03-24,Closing,KGS_RUB,0,0.98527
2025-03-24,Closing,KZT_RUB,0,0.168327
2025-03-24,Closing,TJS_RUB,0,7.74489
2025-03-24,Closing,UZS_RUB,0,0.00654778
2025-03-24,Fact,AMD_RUB,1,0.215621
2025-03-24,Fact,KGS_RUB,0,0.98527
2025-03-24,Fact,KZT_RUB,1,0.168327
2025-03-24,Fact,TJS_RUB,0,7.74489
2025-03-24,Fact,UZS_RUB,0,0.00654778
2025-03-24,Good day,AMD_RUB,0,0.215621
2025-03-24,Good day,KGS_RUB,0,0.98527
2025-03-24,Good day,KZT_RUB,0,0.168327
2025-03-24,Good day,TJS_RUB,0,7.74489
2025-03-24,Good day,UZS_RUB,0,0.00654778
2025-03-24,Кандидат,AMD_RUB,0,0.215621
2025-03-24,Кандидат,KGS_RUB,0,0.98527
2025-03-24,Кандидат,KZT_RUB,0,0.168327
2025-03-24,Кандидат,TJS_RUB,0,7.74489
2025-03-24,Кандидат,UZS_RUB,0,0.00654778
2025-03-25,Closing,AMD_RUB,0,0.214056
2025-03-25,Closing,KGS_RUB,0,0.96751
2025-03-25,Closing,KZT_RUB,0,0.166803
2025-03-25,Closing,TJS_RUB,0,7.67477
2025-03-25,Closing,UZS_RUB,0,0.00648145
2025-03-25,Fact,AMD_RUB,0,0.214056
2025-03-25,Fact,KGS_RUB,1,0.96751
2025-03-25,Fact,KZT_RUB,0,0.166803
2025-03-25,Fact,TJS_RUB,1,7.67477
2025-03-25,Fact,UZS_RUB,1,0.00648145
2025-03-25,Good day,AMD_RUB,0,0.214056
2025-03-25,Good day,KGS_RUB,0,0.96751
2025-03-25,Good day,KZT_RUB,0,0.166803
2025-03-25,Good day,TJS_RUB,0,7.67477
2025-03-25,Good day,UZS_RUB,0,0.00648145
2025-03-25,Кандидат,AMD_RUB,0,0.214056
2025-03-25,Кандидат,KGS_RUB,0,0.96751
2025-03-25,Кандидат,KZT_RUB,0,0.166803
2025-03-25,Кандидат,TJS_RUB,0,7.67477
2025-03-25,Кандидат,UZS_RUB,0,0.00648145
2025-03-26,Closing,AMD_RUB,0,0.214888
2025-03-26,Closing,KGS_RUB,0,0.97371
2025-03-26,Closing,KZT_RUB,0,0.167438
2025-03-26,Closing,TJS_RUB,0,7.70398
2025-03-26,Closing,UZS_RUB,0,0.00650286
2025-03-26,Fact,AMD_RUB,0,0.214888
2025-03-26,Fact,KGS_RUB,0,0.97371
2025-03-26,Fact,KZT_RUB,0,0.167438
2025-03-26,Fact,TJS_RUB,0,7.70398
2025-03-26,Fact,UZS_RUB,0,0.00650286
2025-03-26,Good day,AMD_RUB,0,0.214888
2025-03-26,Good day,KGS_RUB,0,0.97371
2025-03-26,Good day,KZT_RUB,0,0.167438
2025-03-26,Good day,TJS_RUB,0,7.70398
2025-03-26,Good day,UZS_RUB,0,0.00650286
2025-03-26,Кандидат,AMD_RUB,0,0.214888
2025-03-26,Кандидат,KGS_RUB,0,0.97371
2025-03-26,Кандидат,KZT_RUB,0,0.167438
2025-03-26,Кандидат,TJS_RUB,0,7.70398
2025-03-26,Кандидат,UZS_RUB,0,0.00650286
2025-03-27,Closing,AMD_RUB,0,0.214922
2025-03-27,Closing,KGS_RUB,0,0.973974
2025-03-27,Closing,KZT_RUB,0,0.167465
2025-03-27,Closing,TJS_RUB,0,7.70522
2025-03-27,Closing,UZS_RUB,0,0.00651281
2025-03-27,Fact,AMD_RUB,0,0.214922
2025-03-27,Fact,KGS_RUB,0,0.973974
2025-03-27,Fact,KZT_RUB,0,0.167465
2025-03-27,Fact,TJS_RUB,0,7.70522
2025-03-27,Fact,UZS_RUB,0,0.00651281
2025-03-27,Good day,AMD_RUB,0,0.214922
2025-03-27,Good day,KGS_RUB,0,0.973974
2025-03-27,Good day,KZT_RUB,0,0.167465
2025-03-27,Good day,TJS_RUB,0,7.70522
2025-03-27,Good day,UZS_RUB,0,0.00651281
2025-03-27,Кандидат,AMD_RUB,0,0.214922
2025-03-27,Кандидат,KGS_RUB,0,0.973974
2025-03-27,Кандидат,KZT_RUB,0,0.167465
2025-03-27,Кандидат,TJS_RUB,0,7.70522
2025-03-27,Кандидат,UZS_RUB,0,0.00651281
2025-03-28,Closing,AMD_RUB,0,0.213968
2025-03-28,Closing,KGS_RUB,0,0.969187
2025-03-28,Closing,KZT_RUB,0,0.167065
2025-03-28,Closing,TJS_RUB,0,7.6712
2025-03-28,Closing,UZS_RUB,0,0.00649419
2025-03-28,Fact,AMD_RUB,0,0.213968
2025-03-28,Fact,KGS_RUB,0,0.969187
2025-03-28,Fact,KZT_RUB,0,0.167065
2025-03-28,Fact,TJS_RUB,0,7.6712
2025-03-28,Fact,UZS_RUB,0,0.00649419
2025-03-28,Good day,AMD_RUB,0,0.213968
2025-03-28,Good day,KGS_RUB,0,0.969187
2025-03-28,Good day,KZT_RUB,0,0.167065
2025-03-28,Good day,TJS_RUB,0,7.6712
2025-03-28,Good day,UZS_RUB,0,0.00649419
2025-03-28,Кандидат,AMD_RUB,0,0.213968
2025-03-28,Кандидат,KGS_RUB,0,0.969187
2025-03-28,Кандидат,KZT_RUB,0,0.167065
2025-03-28,Кандидат,TJS_RUB,0,7.6712
2025-03-28,Кандидат,UZS_RUB,0,0.00649419
2025-03-31,Closing,AMD_RUB,0,0.213696
2025-03-31,Closing,KGS_RUB,0,0.968534
2025-03-31,Closing,KZT_RUB,0,0.16795
2025-03-31,Closing,TJS_RUB,0,7.67423
2025-03-31,Closing,UZS_RUB,0,0.0064803
2025-03-31,Fact,AMD_RUB,0,0.213696
2025-03-31,Fact,KGS_RUB,1,0.968534
2025-03-31,Fact,KZT_RUB,0,0.16795
2025-03-31,Fact,TJS_RUB,0,7.67423
2025-03-31,Fact,UZS_RUB,1,0.0064803
2025-03-31,Good day,AMD_RUB,0,0.213696
2025-03-31,Good day,KGS_RUB,0,0.968534
2025-03-31,Good day,KZT_RUB,1,0.16795
2025-03-31,Good day,TJS_RUB,0,7.67423
2025-03-31,Good day,UZS_RUB,0,0.0064803
2025-03-31,Кандидат,AMD_RUB,0,0.213696
2025-03-31,Кандидат,KGS_RUB,0,0.968534
2025-03-31,Кандидат,KZT_RUB,1,0.16795
2025-03-31,Кандидат,TJS_RUB,0,7.67423
2025-03-31,Кандидат,UZS_RUB,0,0.0064803
2025-04-01,Closing,AMD_RUB,0,0.218342
2025-04-01,Closing,KGS_RUB,0,0.988338
2025-04-01,Closing,KZT_RUB,0,0.169831
2025-04-01,Closing,TJS_RUB,0,7.84068
2025-04-01,Closing,UZS_RUB,0,0.00662085
2025-04-01,Fact,AMD_RUB,0,0.218342
2025-04-01,Fact,KGS_RUB,0,0.988338
2025-04-01,Fact,KZT_RUB,0,0.169831
2025-04-01,Fact,TJS_RUB,0,7.84068
2025-04-01,Fact,UZS_RUB,0,0.00662085
2025-04-01,Good day,AMD_RUB,0,0.218342
2025-04-01,Good day,KGS_RUB,0,0.988338
2025-04-01,Good day,KZT_RUB,0,0.169831
2025-04-01,Good day,TJS_RUB,0,7.84068
2025-04-01,Good day,UZS_RUB,0,0.00662085
2025-04-01,Кандидат,AMD_RUB,0,0.218342
2025-04-01,Кандидат,KGS_RUB,0,0.988338
2025-04-01,Кандидат,KZT_RUB,0,0.169831
2025-04-01,Кандидат,TJS_RUB,0,7.84068
2025-04-01,Кандидат,UZS_RUB,0,0.00662085
2025-04-02,Closing,AMD_RUB,0,0.217005
2025-04-02,Closing,KGS_RUB,0,0.979316
2025-04-02,Closing,KZT_RUB,0,0.168247
2025-04-02,Closing,TJS_RUB,0,7.7833
2025-04-02,Closing,UZS_RUB,0,0.00656023
2025-04-02,Fact,AMD_RUB,0,0.217005
2025-04-02,Fact,KGS_RUB,0,0.979316
2025-04-02,Fact,KZT_RUB,0,0.168247
2025-04-02,Fact,TJS_RUB,0,7.7833
2025-04-02,Fact,UZS_RUB,0,0.00656023
2025-04-02,Good day,AMD_RUB,0,0.217005
2025-04-02,Good day,KGS_RUB,0,0.979316
2025-04-02,Good day,KZT_RUB,0,0.168247
2025-04-02,Good day,TJS_RUB,0,7.7833
2025-04-02,Good day,UZS_RUB,0,0.00656023
2025-04-02,Кандидат,AMD_RUB,0,0.217005
2025-04-02,Кандидат,KGS_RUB,0,0.979316
2025-04-02,Кандидат,KZT_RUB,1,0.168247
2025-04-02,Кандидат,TJS_RUB,0,7.7833
2025-04-02,Кандидат,UZS_RUB,0,0.00656023
2025-04-03,Closing,AMD_RUB,0,0.216158
2025-04-03,Closing,KGS_RUB,0,0.974435
2025-04-03,Closing,KZT_RUB,0,0.168046
2025-04-03,Closing,TJS_RUB,0,7.75011
2025-04-03,Closing,UZS_RUB,0,0.00654166
2025-04-03,Fact,AMD_RUB,0,0.216158
2025-04-03,Fact,KGS_RUB,0,0.974435
2025-04-03,Fact,KZT_RUB,0,0.168046
2025-04-03,Fact,TJS_RUB,0,7.75011
2025-04-03,Fact,UZS_RUB,0,0.00654166
2025-04-03,Good day,AMD_RUB,0,0.216158
2025-04-03,Good day,KGS_RUB,0,0.974435
2025-04-03,Good day,KZT_RUB,0,0.168046
2025-04-03,Good day,TJS_RUB,0,7.75011
2025-04-03,Good day,UZS_RUB,0,0.00654166
2025-04-03,Кандидат,AMD_RUB,0,0.216158
2025-04-03,Кандидат,KGS_RUB,0,0.974435
2025-04-03,Кандидат,KZT_RUB,1,0.168046
2025-04-03,Кандидат,TJS_RUB,0,7.75011
2025-04-03,Кандидат,UZS_RUB,0,0.00654166
2025-04-04,Closing,AMD_RUB,0,0.215637
2025-04-04,Closing,KGS_RUB,0,0.973145
2025-04-04,Closing,KZT_RUB,0,0.167743
2025-04-04,Closing,TJS_RUB,0,7.75843
2025-04-04,Closing,UZS_RUB,0,0.00653372
2025-04-04,Fact,AMD_RUB,1,0.215637
2025-04-04,Fact,KGS_RUB,0,0.973145
2025-04-04,Fact,KZT_RUB,0,0.167743
2025-04-04,Fact,TJS_RUB,0,7.75843
2025-04-04,Fact,UZS_RUB,0,0.00653372
2025-04-04,Good day,AMD_RUB,0,0.215637
2025-04-04,Good day,KGS_RUB,0,0.973145
2025-04-04,Good day,KZT_RUB,0,0.167743
2025-04-04,Good day,TJS_RUB,0,7.75843
2025-04-04,Good day,UZS_RUB,0,0.00653372
2025-04-04,Кандидат,AMD_RUB,0,0.215637
2025-04-04,Кандидат,KGS_RUB,0,0.973145
2025-04-04,Кандидат,KZT_RUB,1,0.167743
2025-04-04,Кандидат,TJS_RUB,0,7.75843
2025-04-04,Кандидат,UZS_RUB,0,0.00653372
2025-04-07,Closing,AMD_RUB,0,0.215422
2025-04-07,Closing,KGS_RUB,0,0.971287
2025-04-07,Closing,KZT_RUB,0,0.168027
2025-04-07,Closing,TJS_RUB,0,7.74872
2025-04-07,Closing,UZS_RUB,0,0.0065228
2025-04-07,Fact,AMD_RUB,0,0.215422
2025-04-07,Fact,KGS_RUB,1,0.971287
2025-04-07,Fact,KZT_RUB,0,0.168027
2025-04-07,Fact,TJS_RUB,0,7.74872
2025-04-07,Fact,UZS_RUB,0,0.0065228
2025-04-07,Good day,AMD_RUB,1,0.215422
2025-04-07,Good day,KGS_RUB,0,0.971287
2025-04-07,Good day,KZT_RUB,1,0.168027
2025-04-07,Good day,TJS_RUB,0,7.74872
2025-04-07,Good day,UZS_RUB,1,0.0065228
2025-04-07,Кандидат,AMD_RUB,1,0.215422
2025-04-07,Кандидат,KGS_RUB,0,0.971287
2025-04-07,Кандидат,KZT_RUB,1,0.168027
2025-04-07,Кандидат,TJS_RUB,0,7.74872
2025-04-07,Кандидат,UZS_RUB,1,0.0065228
2025-04-08,Closing,AMD_RUB,0,0.220354
2025-04-08,Closing,KGS_RUB,0,0.992588
2025-04-08,Closing,KZT_RUB,0,0.170895
2025-04-08,Closing,TJS_RUB,0,7.91016
2025-04-08,Closing,UZS_RUB,0,0.00665697
2025-04-08,Fact,AMD_RUB,0,0.220354
2025-04-08,Fact,KGS_RUB,0,0.992588
2025-04-08,Fact,KZT_RUB,0,0.170895
2025-04-08,Fact,TJS_RUB,0,7.91016
2025-04-08,Fact,UZS_RUB,0,0.00665697
2025-04-08,Good day,AMD_RUB,0,0.220354
2025-04-08,Good day,KGS_RUB,0,0.992588
2025-04-08,Good day,KZT_RUB,0,0.170895
2025-04-08,Good day,TJS_RUB,0,7.91016
2025-04-08,Good day,UZS_RUB,0,0.00665697
2025-04-08,Кандидат,AMD_RUB,0,0.220354
2025-04-08,Кандидат,KGS_RUB,0,0.992588
2025-04-08,Кандидат,KZT_RUB,0,0.170895
2025-04-08,Кандидат,TJS_RUB,0,7.91016
2025-04-08,Кандидат,UZS_RUB,0,0.00665697
2025-04-09,Closing,AMD_RUB,0,0.218573
2025-04-09,Closing,KGS_RUB,0,0.981702
2025-04-09,Closing,KZT_RUB,0,0.16489
2025-04-09,Closing,TJS_RUB,0,7.84643
2025-04-09,Closing,UZS_RUB,0,0.00659121
2025-04-09,Fact,AMD_RUB,0,0.218573
2025-04-09,Fact,KGS_RUB,0,0.981702
2025-04-09,Fact,KZT_RUB,0,0.16489
2025-04-09,Fact,TJS_RUB,0,7.84643
2025-04-09,Fact,UZS_RUB,0,0.00659121
2025-04-09,Good day,AMD_RUB,0,0.218573
2025-04-09,Good day,KGS_RUB,0,0.981702
2025-04-09,Good day,KZT_RUB,0,0.16489
2025-04-09,Good day,TJS_RUB,0,7.84643
2025-04-09,Good day,UZS_RUB,0,0.00659121
2025-04-09,Кандидат,AMD_RUB,0,0.218573
2025-04-09,Кандидат,KGS_RUB,0,0.981702
2025-04-09,Кандидат,KZT_RUB,1,0.16489
2025-04-09,Кандидат,TJS_RUB,0,7.84643
2025-04-09,Кандидат,UZS_RUB,0,0.00659121
2025-04-10,Closing,AMD_RUB,0,0.219747
2025-04-10,Closing,KGS_RUB,0,0.985138
2025-04-10,Closing,KZT_RUB,0,0.166019
2025-04-10,Closing,TJS_RUB,0,7.90846
2025-04-10,Closing,UZS_RUB,0,0.00664273
2025-04-10,Fact,AMD_RUB,0,0.219747
2025-04-10,Fact,KGS_RUB,0,0.985138
2025-04-10,Fact,KZT_RUB,0,0.166019
2025-04-10,Fact,TJS_RUB,0,7.90846
2025-04-10,Fact,UZS_RUB,0,0.00664273
2025-04-10,Good day,AMD_RUB,0,0.219747
2025-04-10,Good day,KGS_RUB,0,0.985138
2025-04-10,Good day,KZT_RUB,0,0.166019
2025-04-10,Good day,TJS_RUB,0,7.90846
2025-04-10,Good day,UZS_RUB,0,0.00664273
2025-04-10,Кандидат,AMD_RUB,0,0.219747
2025-04-10,Кандидат,KGS_RUB,0,0.985138
2025-04-10,Кандидат,KZT_RUB,1,0.166019
2025-04-10,Кандидат,TJS_RUB,0,7.90846
2025-04-10,Кандидат,UZS_RUB,0,0.00664273
2025-04-11,Closing,AMD_RUB,0,0.217387
2025-04-11,Closing,KGS_RUB,0,0.972166
2025-04-11,Closing,KZT_RUB,0,0.163341
2025-04-11,Closing,TJS_RUB,0,7.81303
2025-04-11,Closing,UZS_RUB,0,0.00655314
2025-04-11,Fact,AMD_RUB,0,0.217387
2025-04-11,Fact,KGS_RUB,0,0.972166
2025-04-11,Fact,KZT_RUB,0,0.163341
2025-04-11,Fact,TJS_RUB,0,7.81303
2025-04-11,Fact,UZS_RUB,0,0.00655314
2025-04-11,Good day,AMD_RUB,0,0.217387
2025-04-11,Good day,KGS_RUB,0,0.972166
2025-04-11,Good day,KZT_RUB,0,0.163341
2025-04-11,Good day,TJS_RUB,0,7.81303
2025-04-11,Good day,UZS_RUB,0,0.00655314
2025-04-11,Кандидат,AMD_RUB,1,0.217387
2025-04-11,Кандидат,KGS_RUB,0,0.972166
2025-04-11,Кандидат,KZT_RUB,1,0.163341
2025-04-11,Кандидат,TJS_RUB,0,7.81303
2025-04-11,Кандидат,UZS_RUB,1,0.00655314
2025-04-14,Closing,AMD_RUB,0,0.214806
2025-04-14,Closing,KGS_RUB,0,0.960595
2025-04-14,Closing,KZT_RUB,0,0.163058
2025-04-14,Closing,TJS_RUB,0,7.70827
2025-04-14,Closing,UZS_RUB,0,0.0064776
2025-04-14,Fact,AMD_RUB,0,0.214806
2025-04-14,Fact,KGS_RUB,1,0.960595
2025-04-14,Fact,KZT_RUB,0,0.163058
2025-04-14,Fact,TJS_RUB,0,7.70827
2025-04-14,Fact,UZS_RUB,0,0.0064776
2025-04-14,Good day,AMD_RUB,1,0.214806
2025-04-14,Good day,KGS_RUB,0,0.960595
2025-04-14,Good day,KZT_RUB,1,0.163058
2025-04-14,Good day,TJS_RUB,1,7.70827
2025-04-14,Good day,UZS_RUB,1,0.0064776
2025-04-14,Кандидат,AMD_RUB,1,0.214806
2025-04-14,Кандидат,KGS_RUB,0,0.960595
2025-04-14,Кандидат,KZT_RUB,1,0.163058
2025-04-14,Кандидат,TJS_RUB,1,7.70827
2025-04-14,Кандидат,UZS_RUB,1,0.0064776
2025-04-15,Closing,AMD_RUB,0,0.211724
2025-04-15,Closing,KGS_RUB,0,0.946451
2025-04-15,Closing,KZT_RUB,0,0.160732
2025-04-15,Closing,TJS_RUB,0,7.60105
2025-04-15,Closing,UZS_RUB,0,0.00637635
2025-04-15,Fact,AMD_RUB,0,0.211724
2025-04-15,Fact,KGS_RUB,0,0.946451
2025-04-15,Fact,KZT_RUB,0,0.160732
2025-04-15,Fact,TJS_RUB,0,7.60105
2025-04-15,Fact,UZS_RUB,0,0.00637635
2025-04-15,Good day,AMD_RUB,0,0.211724
2025-04-15,Good day,KGS_RUB,1,0.946451
2025-04-15,Good day,KZT_RUB,0,0.160732
2025-04-15,Good day,TJS_RUB,0,7.60105
2025-04-15,Good day,UZS_RUB,0,0.00637635
2025-04-15,Кандидат,AMD_RUB,1,0.211724
2025-04-15,Кандидат,KGS_RUB,1,0.946451
2025-04-15,Кандидат,KZT_RUB,1,0.160732
2025-04-15,Кандидат,TJS_RUB,0,7.60105
2025-04-15,Кандидат,UZS_RUB,1,0.00637635
2025-04-16,Closing,AMD_RUB,0,0.210659
2025-04-16,Closing,KGS_RUB,0,0.941121
2025-04-16,Closing,KZT_RUB,0,0.158817
2025-04-16,Closing,TJS_RUB,0,7.56631
2025-04-16,Closing,UZS_RUB,0,0.00634565
2025-04-16,Fact,AMD_RUB,0,0.210659
2025-04-16,Fact,KGS_RUB,0,0.941121
2025-04-16,Fact,KZT_RUB,0,0.158817
2025-04-16,Fact,TJS_RUB,0,7.56631
2025-04-16,Fact,UZS_RUB,0,0.00634565
2025-04-16,Good day,AMD_RUB,0,0.210659
2025-04-16,Good day,KGS_RUB,0,0.941121
2025-04-16,Good day,KZT_RUB,0,0.158817
2025-04-16,Good day,TJS_RUB,0,7.56631
2025-04-16,Good day,UZS_RUB,0,0.00634565
2025-04-16,Кандидат,AMD_RUB,0,0.210659
2025-04-16,Кандидат,KGS_RUB,0,0.941121
2025-04-16,Кандидат,KZT_RUB,1,0.158817
2025-04-16,Кандидат,TJS_RUB,0,7.56631
2025-04-16,Кандидат,UZS_RUB,1,0.00634565
2025-04-17,Closing,AMD_RUB,0,0.21108
2025-04-17,Closing,KGS_RUB,0,0.944766
2025-04-17,Closing,KZT_RUB,0,0.159775
2025-04-17,Closing,TJS_RUB,0,7.59287
2025-04-17,Closing,UZS_RUB,0,0.00636237
2025-04-17,Fact,AMD_RUB,0,0.21108
2025-04-17,Fact,KGS_RUB,0,0.944766
2025-04-17,Fact,KZT_RUB,0,0.159775
2025-04-17,Fact,TJS_RUB,0,7.59287
2025-04-17,Fact,UZS_RUB,0,0.00636237
2025-04-17,Good day,AMD_RUB,0,0.21108
2025-04-17,Good day,KGS_RUB,0,0.944766
2025-04-17,Good day,KZT_RUB,0,0.159775
2025-04-17,Good day,TJS_RUB,0,7.59287
2025-04-17,Good day,UZS_RUB,0,0.00636237
2025-04-17,Кандидат,AMD_RUB,0,0.21108
2025-04-17,Кандидат,KGS_RUB,0,0.944766
2025-04-17,Кандидат,KZT_RUB,1,0.159775
2025-04-17,Кандидат,TJS_RUB,0,7.59287
2025-04-17,Кандидат,UZS_RUB,1,0.00636237
2025-04-18,Closing,AMD_RUB,0,0.209802
2025-04-18,Closing,KGS_RUB,0,0.940235
2025-04-18,Closing,KZT_RUB,0,0.157226
2025-04-18,Closing,TJS_RUB,0,7.55242
2025-04-18,Closing,UZS_RUB,0,0.00631186
2025-04-18,Fact,AMD_RUB,0,0.209802
2025-04-18,Fact,KGS_RUB,0,0.940235
2025-04-18,Fact,KZT_RUB,0,0.157226
2025-04-18,Fact,TJS_RUB,0,7.55242
2025-04-18,Fact,UZS_RUB,0,0.00631186
2025-04-18,Good day,AMD_RUB,0,0.209802
2025-04-18,Good day,KGS_RUB,0,0.940235
2025-04-18,Good day,KZT_RUB,0,0.157226
2025-04-18,Good day,TJS_RUB,0,7.55242
2025-04-18,Good day,UZS_RUB,0,0.00631186
2025-04-18,Кандидат,AMD_RUB,0,0.209802
2025-04-18,Кандидат,KGS_RUB,0,0.940235
2025-04-18,Кандидат,KZT_RUB,1,0.157226
2025-04-18,Кандидат,TJS_RUB,0,7.55242
2025-04-18,Кандидат,UZS_RUB,0,0.00631186
2025-04-21,Closing,AMD_RUB,0,0.207565
2025-04-21,Closing,KGS_RUB,0,0.93154
2025-04-21,Closing,KZT_RUB,0,0.155079
2025-04-21,Closing,TJS_RUB,0,7.50234
2025-04-21,Closing,UZS_RUB,0,0.00625844
2025-04-21,Fact,AMD_RUB,1,0.207565
2025-04-21,Fact,KGS_RUB,1,0.93154
2025-04-21,Fact,KZT_RUB,0,0.155079
2025-04-21,Fact,TJS_RUB,1,7.50234
2025-04-21,Fact,UZS_RUB,0,0.00625844
2025-04-21,Good day,AMD_RUB,0,0.207565
2025-04-21,Good day,KGS_RUB,0,0.93154
2025-04-21,Good day,KZT_RUB,1,0.155079
2025-04-21,Good day,TJS_RUB,0,7.50234
2025-04-21,Good day,UZS_RUB,1,0.00625844
2025-04-21,Кандидат,AMD_RUB,0,0.207565
2025-04-21,Кандидат,KGS_RUB,0,0.93154
2025-04-21,Кандидат,KZT_RUB,1,0.155079
2025-04-21,Кандидат,TJS_RUB,0,7.50234
2025-04-21,Кандидат,UZS_RUB,1,0.00625844
2025-04-22,Closing,AMD_RUB,0,0.206806
2025-04-22,Closing,KGS_RUB,0,0.929685
2025-04-22,Closing,KZT_RUB,0,0.154742
2025-04-22,Closing,TJS_RUB,0,7.53904
2025-04-22,Closing,UZS_RUB,0,0.00624196
2025-04-22,Fact,AMD_RUB,0,0.206806
2025-04-22,Fact,KGS_RUB,0,0.929685
2025-04-22,Fact,KZT_RUB,0,0.154742
2025-04-22,Fact,TJS_RUB,0,7.53904
2025-04-22,Fact,UZS_RUB,0,0.00624196
2025-04-22,Good day,AMD_RUB,0,0.206806
2025-04-22,Good day,KGS_RUB,0,0.929685
2025-04-22,Good day,KZT_RUB,0,0.154742
2025-04-22,Good day,TJS_RUB,0,7.53904
2025-04-22,Good day,UZS_RUB,0,0.00624196
2025-04-22,Кандидат,AMD_RUB,0,0.206806
2025-04-22,Кандидат,KGS_RUB,0,0.929685
2025-04-22,Кандидат,KZT_RUB,1,0.154742
2025-04-22,Кандидат,TJS_RUB,0,7.53904
2025-04-22,Кандидат,UZS_RUB,1,0.00624196
2025-04-23,Closing,AMD_RUB,0,0.208807
2025-04-23,Closing,KGS_RUB,0,0.937692
2025-04-23,Closing,KZT_RUB,0,0.156198
2025-04-23,Closing,TJS_RUB,0,7.62453
2025-04-23,Closing,UZS_RUB,0,0.00631017
2025-04-23,Fact,AMD_RUB,0,0.208807
2025-04-23,Fact,KGS_RUB,0,0.937692
2025-04-23,Fact,KZT_RUB,0,0.156198
2025-04-23,Fact,TJS_RUB,0,7.62453
2025-04-23,Fact,UZS_RUB,0,0.00631017
2025-04-23,Good day,AMD_RUB,0,0.208807
2025-04-23,Good day,KGS_RUB,0,0.937692
2025-04-23,Good day,KZT_RUB,0,0.156198
2025-04-23,Good day,TJS_RUB,0,7.62453
2025-04-23,Good day,UZS_RUB,0,0.00631017
2025-04-23,Кандидат,AMD_RUB,0,0.208807
2025-04-23,Кандидат,KGS_RUB,0,0.937692
2025-04-23,Кандидат,KZT_RUB,1,0.156198
2025-04-23,Кандидат,TJS_RUB,0,7.62453
2025-04-23,Кандидат,UZS_RUB,0,0.00631017
2025-04-24,Closing,AMD_RUB,0,0.211428
2025-04-24,Closing,KGS_RUB,0,0.946791
2025-04-24,Closing,KZT_RUB,0,0.158982
2025-04-24,Closing,TJS_RUB,0,7.73085
2025-04-24,Closing,UZS_RUB,0,0.00639521
2025-04-24,Fact,AMD_RUB,0,0.211428
2025-04-24,Fact,KGS_RUB,0,0.946791
2025-04-24,Fact,KZT_RUB,0,0.158982
2025-04-24,Fact,TJS_RUB,0,7.73085
2025-04-24,Fact,UZS_RUB,0,0.00639521
2025-04-24,Good day,AMD_RUB,0,0.211428
2025-04-24,Good day,KGS_RUB,0,0.946791
2025-04-24,Good day,KZT_RUB,0,0.158982
2025-04-24,Good day,TJS_RUB,0,7.73085
2025-04-24,Good day,UZS_RUB,0,0.00639521
2025-04-24,Кандидат,AMD_RUB,0,0.211428
2025-04-24,Кандидат,KGS_RUB,0,0.946791
2025-04-24,Кандидат,KZT_RUB,0,0.158982
2025-04-24,Кандидат,TJS_RUB,0,7.73085
2025-04-24,Кандидат,UZS_RUB,0,0.00639521
2025-04-25,Closing,AMD_RUB,0,0.212691
2025-04-25,Closing,KGS_RUB,0,0.948905
2025-04-25,Closing,KZT_RUB,0,0.159849
2025-04-25,Closing,TJS_RUB,0,7.7894
2025-04-25,Closing,UZS_RUB,0,0.00642771
2025-04-25,Fact,AMD_RUB,0,0.212691
2025-04-25,Fact,KGS_RUB,0,0.948905
2025-04-25,Fact,KZT_RUB,0,0.159849
2025-04-25,Fact,TJS_RUB,0,7.7894
2025-04-25,Fact,UZS_RUB,0,0.00642771
2025-04-25,Good day,AMD_RUB,0,0.212691
2025-04-25,Good day,KGS_RUB,0,0.948905
2025-04-25,Good day,KZT_RUB,0,0.159849
2025-04-25,Good day,TJS_RUB,0,7.7894
2025-04-25,Good day,UZS_RUB,0,0.00642771
2025-04-25,Кандидат,AMD_RUB,0,0.212691
2025-04-25,Кандидат,KGS_RUB,0,0.948905
2025-04-25,Кандидат,KZT_RUB,0,0.159849
2025-04-25,Кандидат,TJS_RUB,0,7.7894
2025-04-25,Кандидат,UZS_RUB,0,0.00642771
2025-04-28,Closing,AMD_RUB,0,0.211756
2025-04-28,Closing,KGS_RUB,0,0.945168
2025-04-28,Closing,KZT_RUB,0,0.159825
2025-04-28,Closing,TJS_RUB,0,7.77051
2025-04-28,Closing,UZS_RUB,0,0.00639389
2025-04-28,Fact,AMD_RUB,0,0.211756
2025-04-28,Fact,KGS_RUB,0,0.945168
2025-04-28,Fact,KZT_RUB,0,0.159825
2025-04-28,Fact,TJS_RUB,0,7.77051
2025-04-28,Fact,UZS_RUB,0,0.00639389
2025-04-28,Good day,AMD_RUB,0,0.211756
2025-04-28,Good day,KGS_RUB,0,0.945168
2025-04-28,Good day,KZT_RUB,0,0.159825
2025-04-28,Good day,TJS_RUB,0,7.77051
2025-04-28,Good day,UZS_RUB,0,0.00639389
2025-04-28,Кандидат,AMD_RUB,0,0.211756
2025-04-28,Кандидат,KGS_RUB,0,0.945168
2025-04-28,Кандидат,KZT_RUB,0,0.159825
2025-04-28,Кандидат,TJS_RUB,0,7.77051
2025-04-28,Кандидат,UZS_RUB,0,0.00639389
2025-04-29,Closing,AMD_RUB,0,0.211952
2025-04-29,Closing,KGS_RUB,0,0.94393
2025-04-29,Closing,KZT_RUB,0,0.160276
2025-04-29,Closing,TJS_RUB,0,7.77539
2025-04-29,Closing,UZS_RUB,0,0.00637075
2025-04-29,Fact,AMD_RUB,0,0.211952
2025-04-29,Fact,KGS_RUB,0,0.94393
2025-04-29,Fact,KZT_RUB,0,0.160276
2025-04-29,Fact,TJS_RUB,0,7.77539
2025-04-29,Fact,UZS_RUB,0,0.00637075
2025-04-29,Good day,AMD_RUB,0,0.211952
2025-04-29,Good day,KGS_RUB,0,0.94393
2025-04-29,Good day,KZT_RUB,0,0.160276
2025-04-29,Good day,TJS_RUB,0,7.77539
2025-04-29,Good day,UZS_RUB,0,0.00637075
2025-04-29,Кандидат,AMD_RUB,0,0.211952
2025-04-29,Кандидат,KGS_RUB,0,0.94393
2025-04-29,Кандидат,KZT_RUB,0,0.160276
2025-04-29,Кандидат,TJS_RUB,0,7.77539
2025-04-29,Кандидат,UZS_RUB,0,0.00637075
2025-04-30,Closing,AMD_RUB,0,0.209428
2025-04-30,Closing,KGS_RUB,0,0.932666
2025-04-30,Closing,KZT_RUB,0,0.158779
2025-04-30,Closing,TJS_RUB,0,7.695
2025-04-30,Closing,UZS_RUB,0,0.00629912
2025-04-30,Fact,AMD_RUB,0,0.209428
2025-04-30,Fact,KGS_RUB,0,0.932666
2025-04-30,Fact,KZT_RUB,0,0.158779
2025-04-30,Fact,TJS_RUB,0,7.695
2025-04-30,Fact,UZS_RUB,0,0.00629912
2025-04-30,Good day,AMD_RUB,0,0.209428
2025-04-30,Good day,KGS_RUB,1,0.932666
2025-04-30,Good day,KZT_RUB,0,0.158779
2025-04-30,Good day,TJS_RUB,0,7.695
2025-04-30,Good day,UZS_RUB,1,0.00629912
2025-04-30,Кандидат,AMD_RUB,0,0.209428
2025-04-30,Кандидат,KGS_RUB,1,0.932666
2025-04-30,Кандидат,KZT_RUB,0,0.158779
2025-04-30,Кандидат,TJS_RUB,0,7.695
2025-04-30,Кандидат,UZS_RUB,1,0.00629912
2025-05-01,Closing,AMD_RUB,1,0.208989
2025-05-01,Closing,KGS_RUB,0,0.931885
2025-05-01,Closing,KZT_RUB,0,0.159067
2025-05-01,Closing,TJS_RUB,0,7.7012
2025-05-01,Closing,UZS_RUB,0,0.00630111
2025-05-01,Fact,AMD_RUB,0,0.208989
2025-05-01,Fact,KGS_RUB,0,0.931885
2025-05-01,Fact,KZT_RUB,0,0.159067
2025-05-01,Fact,TJS_RUB,0,7.7012
2025-05-01,Fact,UZS_RUB,0,0.00630111
2025-05-01,Good day,AMD_RUB,0,0.208989
2025-05-01,Good day,KGS_RUB,0,0.931885
2025-05-01,Good day,KZT_RUB,0,0.159067
2025-05-01,Good day,TJS_RUB,0,7.7012
2025-05-01,Good day,UZS_RUB,0,0.00630111
2025-05-01,Кандидат,AMD_RUB,0,0.208989
2025-05-01,Кандидат,KGS_RUB,0,0.931885
2025-05-01,Кандидат,KZT_RUB,0,0.159067
2025-05-01,Кандидат,TJS_RUB,0,7.7012
2025-05-01,Кандидат,UZS_RUB,1,0.00630111
2025-05-02,Closing,AMD_RUB,0,0.208989
2025-05-02,Closing,KGS_RUB,0,0.931885
2025-05-02,Closing,KZT_RUB,0,0.159067
2025-05-02,Closing,TJS_RUB,0,7.7012
2025-05-02,Closing,UZS_RUB,0,0.00630111
2025-05-02,Fact,AMD_RUB,0,0.208989
2025-05-02,Fact,KGS_RUB,0,0.931885
2025-05-02,Fact,KZT_RUB,0,0.159067
2025-05-02,Fact,TJS_RUB,1,7.7012
2025-05-02,Fact,UZS_RUB,0,0.00630111
2025-05-02,Good day,AMD_RUB,0,0.208989
2025-05-02,Good day,KGS_RUB,0,0.931885
2025-05-02,Good day,KZT_RUB,0,0.159067
2025-05-02,Good day,TJS_RUB,0,7.7012
2025-05-02,Good day,UZS_RUB,0,0.00630111
2025-05-02,Кандидат,AMD_RUB,0,0.208989
2025-05-02,Кандидат,KGS_RUB,0,0.931885
2025-05-02,Кандидат,KZT_RUB,0,0.159067
2025-05-02,Кандидат,TJS_RUB,0,7.7012
2025-05-02,Кандидат,UZS_RUB,1,0.00630111
2025-05-05,Closing,AMD_RUB,0,0.208989
2025-05-05,Closing,KGS_RUB,0,0.931885
2025-05-05,Closing,KZT_RUB,0,0.159067
2025-05-05,Closing,TJS_RUB,0,7.7012
2025-05-05,Closing,UZS_RUB,0,0.00630111
2025-05-05,Fact,AMD_RUB,0,0.208989
2025-05-05,Fact,KGS_RUB,0,0.931885
2025-05-05,Fact,KZT_RUB,0,0.159067
2025-05-05,Fact,TJS_RUB,0,7.7012
2025-05-05,Fact,UZS_RUB,0,0.00630111
2025-05-05,Good day,AMD_RUB,0,0.208989
2025-05-05,Good day,KGS_RUB,1,0.931885
2025-05-05,Good day,KZT_RUB,1,0.159067
2025-05-05,Good day,TJS_RUB,1,7.7012
2025-05-05,Good day,UZS_RUB,1,0.00630111
2025-05-05,Кандидат,AMD_RUB,1,0.208989
2025-05-05,Кандидат,KGS_RUB,1,0.931885
2025-05-05,Кандидат,KZT_RUB,1,0.159067
2025-05-05,Кандидат,TJS_RUB,1,7.7012
2025-05-05,Кандидат,UZS_RUB,1,0.00630111
2025-05-06,Closing,AMD_RUB,0,0.210326
2025-05-06,Closing,KGS_RUB,0,0.936692
2025-05-06,Closing,KZT_RUB,0,0.158698
2025-05-06,Closing,TJS_RUB,0,7.88534
2025-05-06,Closing,UZS_RUB,0,0.00634249
2025-05-06,Fact,AMD_RUB,0,0.210326
2025-05-06,Fact,KGS_RUB,0,0.936692
2025-05-06,Fact,KZT_RUB,0,0.158698
2025-05-06,Fact,TJS_RUB,0,7.88534
2025-05-06,Fact,UZS_RUB,0,0.00634249
2025-05-06,Good day,AMD_RUB,1,0.210326
2025-05-06,Good day,KGS_RUB,0,0.936692
2025-05-06,Good day,KZT_RUB,0,0.158698
2025-05-06,Good day,TJS_RUB,0,7.88534
2025-05-06,Good day,UZS_RUB,0,0.00634249
2025-05-06,Кандидат,AMD_RUB,1,0.210326
2025-05-06,Кандидат,KGS_RUB,0,0.936692
2025-05-06,Кандидат,KZT_RUB,1,0.158698
2025-05-06,Кандидат,TJS_RUB,0,7.88534
2025-05-06,Кандидат,UZS_RUB,1,0.00634249
2025-05-07,Closing,AMD_RUB,0,0.207889
2025-05-07,Closing,KGS_RUB,0,0.925836
2025-05-07,Closing,KZT_RUB,0,0.156142
2025-05-07,Closing,TJS_RUB,0,7.77495
2025-05-07,Closing,UZS_RUB,0,0.00625787
2025-05-07,Fact,AMD_RUB,0,0.207889
2025-05-07,Fact,KGS_RUB,0,0.925836
2025-05-07,Fact,KZT_RUB,0,0.156142
2025-05-07,Fact,TJS_RUB,0,7.77495
2025-05-07,Fact,UZS_RUB,0,0.00625787
2025-05-07,Good day,AMD_RUB,0,0.207889
2025-05-07,Good day,KGS_RUB,0,0.925836
2025-05-07,Good day,KZT_RUB,0,0.156142
2025-05-07,Good day,TJS_RUB,0,7.77495
2025-05-07,Good day,UZS_RUB,0,0.00625787
2025-05-07,Кандидат,AMD_RUB,0,0.207889
2025-05-07,Кандидат,KGS_RUB,1,0.925836
2025-05-07,Кандидат,KZT_RUB,1,0.156142
2025-05-07,Кандидат,TJS_RUB,0,7.77495
2025-05-07,Кандидат,UZS_RUB,1,0.00625787
2025-05-08,Closing,AMD_RUB,0,0.20772
2025-05-08,Closing,KGS_RUB,0,0.924656
2025-05-08,Closing,KZT_RUB,0,0.157165
2025-05-08,Closing,TJS_RUB,0,7.75915
2025-05-08,Closing,UZS_RUB,0,0.00625622
2025-05-08,Fact,AMD_RUB,0,0.20772
2025-05-08,Fact,KGS_RUB,0,0.924656
2025-05-08,Fact,KZT_RUB,0,0.157165
2025-05-08,Fact,TJS_RUB,0,7.75915
2025-05-08,Fact,UZS_RUB,0,0.00625622
2025-05-08,Good day,AMD_RUB,0,0.20772
2025-05-08,Good day,KGS_RUB,0,0.924656
2025-05-08,Good day,KZT_RUB,0,0.157165
2025-05-08,Good day,TJS_RUB,0,7.75915
2025-05-08,Good day,UZS_RUB,0,0.00625622
2025-05-08,Кандидат,AMD_RUB,0,0.20772
2025-05-08,Кандидат,KGS_RUB,1,0.924656
2025-05-08,Кандидат,KZT_RUB,1,0.157165
2025-05-08,Кандидат,TJS_RUB,1,7.75915
2025-05-08,Кандидат,UZS_RUB,1,0.00625622
2025-05-09,Closing,AMD_RUB,0,0.20772
2025-05-09,Closing,KGS_RUB,0,0.924656
2025-05-09,Closing,KZT_RUB,0,0.157165
2025-05-09,Closing,TJS_RUB,0,7.75915
2025-05-09,Closing,UZS_RUB,0,0.00625622
2025-05-09,Fact,AMD_RUB,0,0.20772
2025-05-09,Fact,KGS_RUB,0,0.924656
2025-05-09,Fact,KZT_RUB,0,0.157165
2025-05-09,Fact,TJS_RUB,0,7.75915
2025-05-09,Fact,UZS_RUB,0,0.00625622
2025-05-09,Good day,AMD_RUB,0,0.20772
2025-05-09,Good day,KGS_RUB,0,0.924656
2025-05-09,Good day,KZT_RUB,0,0.157165
2025-05-09,Good day,TJS_RUB,0,7.75915
2025-05-09,Good day,UZS_RUB,0,0.00625622
2025-05-09,Кандидат,AMD_RUB,0,0.20772
2025-05-09,Кандидат,KGS_RUB,1,0.924656
2025-05-09,Кандидат,KZT_RUB,1,0.157165
2025-05-09,Кандидат,TJS_RUB,1,7.75915
2025-05-09,Кандидат,UZS_RUB,1,0.00625622
2025-05-12,Closing,AMD_RUB,0,0.20772
2025-05-12,Closing,KGS_RUB,0,0.924656
2025-05-12,Closing,KZT_RUB,0,0.157165
2025-05-12,Closing,TJS_RUB,0,7.75915
2025-05-12,Closing,UZS_RUB,0,0.00625622
2025-05-12,Fact,AMD_RUB,0,0.20772
2025-05-12,Fact,KGS_RUB,0,0.924656
2025-05-12,Fact,KZT_RUB,0,0.157165
2025-05-12,Fact,TJS_RUB,0,7.75915
2025-05-12,Fact,UZS_RUB,0,0.00625622
2025-05-12,Good day,AMD_RUB,0,0.20772
2025-05-12,Good day,KGS_RUB,1,0.924656
2025-05-12,Good day,KZT_RUB,1,0.157165
2025-05-12,Good day,TJS_RUB,1,7.75915
2025-05-12,Good day,UZS_RUB,1,0.00625622
2025-05-12,Кандидат,AMD_RUB,0,0.20772
2025-05-12,Кандидат,KGS_RUB,1,0.924656
2025-05-12,Кандидат,KZT_RUB,1,0.157165
2025-05-12,Кандидат,TJS_RUB,1,7.75915
2025-05-12,Кандидат,UZS_RUB,1,0.00625622
2025-05-13,Closing,AMD_RUB,0,0.208014
2025-05-13,Closing,KGS_RUB,0,0.924966
2025-05-13,Closing,KZT_RUB,0,0.156757
2025-05-13,Closing,TJS_RUB,0,7.766
2025-05-13,Closing,UZS_RUB,0,0.00627998
2025-05-13,Fact,AMD_RUB,1,0.208014
2025-05-13,Fact,KGS_RUB,0,0.924966
2025-05-13,Fact,KZT_RUB,0,0.156757
2025-05-13,Fact,TJS_RUB,0,7.766
2025-05-13,Fact,UZS_RUB,0,0.00627998
2025-05-13,Good day,AMD_RUB,0,0.208014
2025-05-13,Good day,KGS_RUB,0,0.924966
2025-05-13,Good day,KZT_RUB,0,0.156757
2025-05-13,Good day,TJS_RUB,0,7.766
2025-05-13,Good day,UZS_RUB,0,0.00627998
2025-05-13,Кандидат,AMD_RUB,0,0.208014
2025-05-13,Кандидат,KGS_RUB,1,0.924966
2025-05-13,Кандидат,KZT_RUB,1,0.156757
2025-05-13,Кандидат,TJS_RUB,1,7.766
2025-05-13,Кандидат,UZS_RUB,1,0.00627998
2025-05-14,Closing,AMD_RUB,0,0.20756
2025-05-14,Closing,KGS_RUB,0,0.921098
2025-05-14,Closing,KZT_RUB,0,0.156791
2025-05-14,Closing,TJS_RUB,0,7.73352
2025-05-14,Closing,UZS_RUB,0,0.00624634
2025-05-14,Fact,AMD_RUB,0,0.20756
2025-05-14,Fact,KGS_RUB,0,0.921098
2025-05-14,Fact,KZT_RUB,0,0.156791
2025-05-14,Fact,TJS_RUB,0,7.73352
2025-05-14,Fact,UZS_RUB,0,0.00624634
2025-05-14,Good day,AMD_RUB,0,0.20756
2025-05-14,Good day,KGS_RUB,0,0.921098
2025-05-14,Good day,KZT_RUB,0,0.156791
2025-05-14,Good day,TJS_RUB,0,7.73352
2025-05-14,Good day,UZS_RUB,0,0.00624634
2025-05-14,Кандидат,AMD_RUB,0,0.20756
2025-05-14,Кандидат,KGS_RUB,1,0.921098
2025-05-14,Кандидат,KZT_RUB,1,0.156791
2025-05-14,Кандидат,TJS_RUB,0,7.73352
2025-05-14,Кандидат,UZS_RUB,1,0.00624634
2025-05-15,Closing,AMD_RUB,0,0.206767
2025-05-15,Closing,KGS_RUB,0,0.917366
2025-05-15,Closing,KZT_RUB,0,0.157283
2025-05-15,Closing,TJS_RUB,0,7.71552
2025-05-15,Closing,UZS_RUB,0,0.00620193
2025-05-15,Fact,AMD_RUB,0,0.206767
2025-05-15,Fact,KGS_RUB,0,0.917366
2025-05-15,Fact,KZT_RUB,0,0.157283
2025-05-15,Fact,TJS_RUB,0,7.71552
2025-05-15,Fact,UZS_RUB,0,0.00620193
2025-05-15,Good day,AMD_RUB,0,0.206767
2025-05-15,Good day,KGS_RUB,0,0.917366
2025-05-15,Good day,KZT_RUB,0,0.157283
2025-05-15,Good day,TJS_RUB,0,7.71552
2025-05-15,Good day,UZS_RUB,0,0.00620193
2025-05-15,Кандидат,AMD_RUB,0,0.206767
2025-05-15,Кандидат,KGS_RUB,1,0.917366
2025-05-15,Кандидат,KZT_RUB,1,0.157283
2025-05-15,Кандидат,TJS_RUB,1,7.71552
2025-05-15,Кандидат,UZS_RUB,1,0.00620193
2025-05-16,Closing,AMD_RUB,0,0.20756
2025-05-16,Closing,KGS_RUB,0,0.918392
2025-05-16,Closing,KZT_RUB,0,0.158656
2025-05-16,Closing,TJS_RUB,0,7.72415
2025-05-16,Closing,UZS_RUB,0,0.0061874
2025-05-16,Fact,AMD_RUB,0,0.20756
2025-05-16,Fact,KGS_RUB,0,0.918392
2025-05-16,Fact,KZT_RUB,0,0.158656
2025-05-16,Fact,TJS_RUB,0,7.72415
2025-05-16,Fact,UZS_RUB,0,0.0061874
2025-05-16,Good day,AMD_RUB,0,0.20756
2025-05-16,Good day,KGS_RUB,0,0.918392
2025-05-16,Good day,KZT_RUB,0,0.158656
2025-05-16,Good day,TJS_RUB,0,7.72415
2025-05-16,Good day,UZS_RUB,0,0.0061874
2025-05-16,Кандидат,AMD_RUB,0,0.20756
2025-05-16,Кандидат,KGS_RUB,1,0.918392
2025-05-16,Кандидат,KZT_RUB,0,0.158656
2025-05-16,Кандидат,TJS_RUB,1,7.72415
2025-05-16,Кандидат,UZS_RUB,1,0.0061874
2025-05-19,Closing,AMD_RUB,0,0.209067
2025-05-19,Closing,KGS_RUB,0,0.923601
2025-05-19,Closing,KZT_RUB,0,0.15819
2025-05-19,Closing,TJS_RUB,0,7.77761
2025-05-19,Closing,UZS_RUB,0,0.0062296
2025-05-19,Fact,AMD_RUB,0,0.209067
2025-05-19,Fact,KGS_RUB,0,0.923601
2025-05-19,Fact,KZT_RUB,0,0.15819
2025-05-19,Fact,TJS_RUB,0,7.77761
2025-05-19,Fact,UZS_RUB,0,0.0062296
2025-05-19,Good day,AMD_RUB,0,0.209067
2025-05-19,Good day,KGS_RUB,1,0.923601
2025-05-19,Good day,KZT_RUB,1,0.15819
2025-05-19,Good day,TJS_RUB,1,7.77761
2025-05-19,Good day,UZS_RUB,1,0.0062296
2025-05-19,Кандидат,AMD_RUB,0,0.209067
2025-05-19,Кандидат,KGS_RUB,1,0.923601
2025-05-19,Кандидат,KZT_RUB,1,0.15819
2025-05-19,Кандидат,TJS_RUB,1,7.77761
2025-05-19,Кандидат,UZS_RUB,1,0.0062296
2025-05-20,Closing,AMD_RUB,0,0.208218
2025-05-20,Closing,KGS_RUB,0,0.919539
2025-05-20,Closing,KZT_RUB,0,0.157826
2025-05-20,Closing,TJS_RUB,0,7.7502
2025-05-20,Closing,UZS_RUB,0,0.00622537
2025-05-20,Fact,AMD_RUB,0,0.208218
2025-05-20,Fact,KGS_RUB,0,0.919539
2025-05-20,Fact,KZT_RUB,0,0.157826
2025-05-20,Fact,TJS_RUB,0,7.7502
2025-05-20,Fact,UZS_RUB,0,0.00622537
2025-05-20,Good day,AMD_RUB,1,0.208218
2025-05-20,Good day,KGS_RUB,0,0.919539
2025-05-20,Good day,KZT_RUB,0,0.157826
2025-05-20,Good day,TJS_RUB,0,7.7502
2025-05-20,Good day,UZS_RUB,0,0.00622537
2025-05-20,Кандидат,AMD_RUB,1,0.208218
2025-05-20,Кандидат,KGS_RUB,1,0.919539
2025-05-20,Кандидат,KZT_RUB,1,0.157826
2025-05-20,Кандидат,TJS_RUB,1,7.7502
2025-05-20,Кандидат,UZS_RUB,1,0.00622537
2025-05-21,Closing,AMD_RUB,0,0.208634
2025-05-21,Closing,KGS_RUB,0,0.918325
2025-05-21,Closing,KZT_RUB,0,0.157225
2025-05-21,Closing,TJS_RUB,0,7.77736
2025-05-21,Closing,UZS_RUB,0,0.00624565
2025-05-21,Fact,AMD_RUB,0,0.208634
2025-05-21,Fact,KGS_RUB,0,0.918325
2025-05-21,Fact,KZT_RUB,0,0.157225
2025-05-21,Fact,TJS_RUB,0,7.77736
2025-05-21,Fact,UZS_RUB,0,0.00624565
2025-05-21,Good day,AMD_RUB,0,0.208634
2025-05-21,Good day,KGS_RUB,0,0.918325
2025-05-21,Good day,KZT_RUB,0,0.157225
2025-05-21,Good day,TJS_RUB,0,7.77736
2025-05-21,Good day,UZS_RUB,0,0.00624565
2025-05-21,Кандидат,AMD_RUB,1,0.208634
2025-05-21,Кандидат,KGS_RUB,1,0.918325
2025-05-21,Кандидат,KZT_RUB,1,0.157225
2025-05-21,Кандидат,TJS_RUB,1,7.77736
2025-05-21,Кандидат,UZS_RUB,1,0.00624565
2025-05-22,Closing,AMD_RUB,0,0.207118
2025-05-22,Closing,KGS_RUB,0,0.911984
2025-05-22,Closing,KZT_RUB,0,0.155892
2025-05-22,Closing,TJS_RUB,0,7.73287
2025-05-22,Closing,UZS_RUB,0,0.0061858
2025-05-22,Fact,AMD_RUB,0,0.207118
2025-05-22,Fact,KGS_RUB,0,0.911984
2025-05-22,Fact,KZT_RUB,0,0.155892
2025-05-22,Fact,TJS_RUB,0,7.73287
2025-05-22,Fact,UZS_RUB,0,0.0061858
2025-05-22,Good day,AMD_RUB,0,0.207118
2025-05-22,Good day,KGS_RUB,0,0.911984
2025-05-22,Good day,KZT_RUB,0,0.155892
2025-05-22,Good day,TJS_RUB,0,7.73287
2025-05-22,Good day,UZS_RUB,0,0.0061858
2025-05-22,Кандидат,AMD_RUB,1,0.207118
2025-05-22,Кандидат,KGS_RUB,1,0.911984
2025-05-22,Кандидат,KZT_RUB,1,0.155892
2025-05-22,Кандидат,TJS_RUB,1,7.73287
2025-05-22,Кандидат,UZS_RUB,1,0.0061858
2025-05-23,Closing,AMD_RUB,0,0.207407
2025-05-23,Closing,KGS_RUB,0,0.911786
2025-05-23,Closing,KZT_RUB,0,0.156164
2025-05-23,Closing,TJS_RUB,0,7.74088
2025-05-23,Closing,UZS_RUB,0,0.00616294
2025-05-23,Fact,AMD_RUB,0,0.207407
2025-05-23,Fact,KGS_RUB,0,0.911786
2025-05-23,Fact,KZT_RUB,0,0.156164
2025-05-23,Fact,TJS_RUB,0,7.74088
2025-05-23,Fact,UZS_RUB,0,0.00616294
2025-05-23,Good day,AMD_RUB,0,0.207407
2025-05-23,Good day,KGS_RUB,0,0.911786
2025-05-23,Good day,KZT_RUB,0,0.156164
2025-05-23,Good day,TJS_RUB,0,7.74088
2025-05-23,Good day,UZS_RUB,0,0.00616294
2025-05-23,Кандидат,AMD_RUB,1,0.207407
2025-05-23,Кандидат,KGS_RUB,1,0.911786
2025-05-23,Кандидат,KZT_RUB,1,0.156164
2025-05-23,Кандидат,TJS_RUB,1,7.74088
2025-05-23,Кандидат,UZS_RUB,1,0.00616294
2025-05-26,Closing,AMD_RUB,0,0.207705
2025-05-26,Closing,KGS_RUB,0,0.911501
2025-05-26,Closing,KZT_RUB,0,0.157199
2025-05-26,Closing,TJS_RUB,0,7.75752
2025-05-26,Closing,UZS_RUB,0,0.00617697
2025-05-26,Fact,AMD_RUB,0,0.207705
2025-05-26,Fact,KGS_RUB,0,0.911501
2025-05-26,Fact,KZT_RUB,0,0.157199
2025-05-26,Fact,TJS_RUB,0,7.75752
2025-05-26,Fact,UZS_RUB,0,0.00617697
2025-05-26,Good day,AMD_RUB,1,0.207705
2025-05-26,Good day,KGS_RUB,1,0.911501
2025-05-26,Good day,KZT_RUB,1,0.157199
2025-05-26,Good day,TJS_RUB,1,7.75752
2025-05-26,Good day,UZS_RUB,1,0.00617697
2025-05-26,Кандидат,AMD_RUB,1,0.207705
2025-05-26,Кандидат,KGS_RUB,1,0.911501
2025-05-26,Кандидат,KZT_RUB,1,0.157199
2025-05-26,Кандидат,TJS_RUB,1,7.75752
2025-05-26,Кандидат,UZS_RUB,1,0.00617697
2025-05-27,Closing,AMD_RUB,0,0.207369
2025-05-27,Closing,KGS_RUB,0,0.910907
2025-05-27,Closing,KZT_RUB,0,0.155937
2025-05-27,Closing,TJS_RUB,0,7.79021
2025-05-27,Closing,UZS_RUB,0,0.0061675
2025-05-27,Fact,AMD_RUB,0,0.207369
2025-05-27,Fact,KGS_RUB,0,0.910907
2025-05-27,Fact,KZT_RUB,0,0.155937
2025-05-27,Fact,TJS_RUB,0,7.79021
2025-05-27,Fact,UZS_RUB,0,0.0061675
2025-05-27,Good day,AMD_RUB,0,0.207369
2025-05-27,Good day,KGS_RUB,0,0.910907
2025-05-27,Good day,KZT_RUB,0,0.155937
2025-05-27,Good day,TJS_RUB,0,7.79021
2025-05-27,Good day,UZS_RUB,0,0.0061675
2025-05-27,Кандидат,AMD_RUB,0,0.207369
2025-05-27,Кандидат,KGS_RUB,1,0.910907
2025-05-27,Кандидат,KZT_RUB,1,0.155937
2025-05-27,Кандидат,TJS_RUB,1,7.79021
2025-05-27,Кандидат,UZS_RUB,1,0.0061675
2025-05-28,Closing,AMD_RUB,0,0.207143
2025-05-28,Closing,KGS_RUB,0,0.910436
2025-05-28,Closing,KZT_RUB,0,0.155795
2025-05-28,Closing,TJS_RUB,0,7.82575
2025-05-28,Closing,UZS_RUB,0,0.00615286
2025-05-28,Fact,AMD_RUB,0,0.207143
2025-05-28,Fact,KGS_RUB,0,0.910436
2025-05-28,Fact,KZT_RUB,0,0.155795
2025-05-28,Fact,TJS_RUB,0,7.82575
2025-05-28,Fact,UZS_RUB,0,0.00615286
2025-05-28,Good day,AMD_RUB,0,0.207143
2025-05-28,Good day,KGS_RUB,0,0.910436
2025-05-28,Good day,KZT_RUB,0,0.155795
2025-05-28,Good day,TJS_RUB,0,7.82575
2025-05-28,Good day,UZS_RUB,0,0.00615286
2025-05-28,Кандидат,AMD_RUB,1,0.207143
2025-05-28,Кандидат,KGS_RUB,1,0.910436
2025-05-28,Кандидат,KZT_RUB,1,0.155795
2025-05-28,Кандидат,TJS_RUB,0,7.82575
2025-05-28,Кандидат,UZS_RUB,1,0.00615286
2025-05-29,Closing,AMD_RUB,0,0.207107
2025-05-29,Closing,KGS_RUB,0,0.910277
2025-05-29,Closing,KZT_RUB,0,0.155427
2025-05-29,Closing,TJS_RUB,0,7.86404
2025-05-29,Closing,UZS_RUB,0,0.0061771
2025-05-29,Fact,AMD_RUB,0,0.207107
2025-05-29,Fact,KGS_RUB,0,0.910277
2025-05-29,Fact,KZT_RUB,0,0.155427
2025-05-29,Fact,TJS_RUB,0,7.86404
2025-05-29,Fact,UZS_RUB,0,0.0061771
2025-05-29,Good day,AMD_RUB,0,0.207107
2025-05-29,Good day,KGS_RUB,0,0.910277
2025-05-29,Good day,KZT_RUB,0,0.155427
2025-05-29,Good day,TJS_RUB,0,7.86404
2025-05-29,Good day,UZS_RUB,0,0.0061771
2025-05-29,Кандидат,AMD_RUB,1,0.207107
2025-05-29,Кандидат,KGS_RUB,1,0.910277
2025-05-29,Кандидат,KZT_RUB,1,0.155427
2025-05-29,Кандидат,TJS_RUB,0,7.86404
2025-05-29,Кандидат,UZS_RUB,1,0.0061771
2025-05-30,Closing,AMD_RUB,0,0.204339
2025-05-30,Closing,KGS_RUB,0,0.897621
2025-05-30,Closing,KZT_RUB,0,0.153117
2025-05-30,Closing,TJS_RUB,0,7.84029
2025-05-30,Closing,UZS_RUB,0,0.0061177
2025-05-30,Fact,AMD_RUB,0,0.204339
2025-05-30,Fact,KGS_RUB,0,0.897621
2025-05-30,Fact,KZT_RUB,0,0.153117
2025-05-30,Fact,TJS_RUB,0,7.84029
2025-05-30,Fact,UZS_RUB,0,0.0061177
2025-05-30,Good day,AMD_RUB,0,0.204339
2025-05-30,Good day,KGS_RUB,0,0.897621
2025-05-30,Good day,KZT_RUB,0,0.153117
2025-05-30,Good day,TJS_RUB,0,7.84029
2025-05-30,Good day,UZS_RUB,0,0.0061177
2025-05-30,Кандидат,AMD_RUB,0,0.204339
2025-05-30,Кандидат,KGS_RUB,1,0.897621
2025-05-30,Кандидат,KZT_RUB,1,0.153117
2025-05-30,Кандидат,TJS_RUB,0,7.84029
2025-05-30,Кандидат,UZS_RUB,1,0.0061177
2025-06-02,Closing,AMD_RUB,0,0.204764
2025-06-02,Closing,KGS_RUB,0,0.898995
2025-06-02,Closing,KZT_RUB,0,0.154375
2025-06-02,Closing,TJS_RUB,0,7.8736
2025-06-02,Closing,UZS_RUB,0,0.00615723
2025-06-02,Fact,AMD_RUB,0,0.204764
2025-06-02,Fact,KGS_RUB,0,0.898995
2025-06-02,Fact,KZT_RUB,0,0.154375
2025-06-02,Fact,TJS_RUB,0,7.8736
2025-06-02,Fact,UZS_RUB,0,0.00615723
2025-06-02,Good day,AMD_RUB,1,0.204764
2025-06-02,Good day,KGS_RUB,1,0.898995
2025-06-02,Good day,KZT_RUB,1,0.154375
2025-06-02,Good day,TJS_RUB,0,7.8736
2025-06-02,Good day,UZS_RUB,1,0.00615723
2025-06-02,Кандидат,AMD_RUB,1,0.204764
2025-06-02,Кандидат,KGS_RUB,1,0.898995
2025-06-02,Кандидат,KZT_RUB,1,0.154375
2025-06-02,Кандидат,TJS_RUB,0,7.8736
2025-06-02,Кандидат,UZS_RUB,1,0.00615723
2025-06-03,Closing,AMD_RUB,0,0.206091
2025-06-03,Closing,KGS_RUB,0,0.904843
2025-06-03,Closing,KZT_RUB,0,0.154908
2025-06-03,Closing,TJS_RUB,0,7.96125
2025-06-03,Closing,UZS_RUB,0,0.00618654
2025-06-03,Fact,AMD_RUB,0,0.206091
2025-06-03,Fact,KGS_RUB,0,0.904843
2025-06-03,Fact,KZT_RUB,0,0.154908
2025-06-03,Fact,TJS_RUB,0,7.96125
2025-06-03,Fact,UZS_RUB,0,0.00618654
2025-06-03,Good day,AMD_RUB,0,0.206091
2025-06-03,Good day,KGS_RUB,0,0.904843
2025-06-03,Good day,KZT_RUB,0,0.154908
2025-06-03,Good day,TJS_RUB,0,7.96125
2025-06-03,Good day,UZS_RUB,0,0.00618654
2025-06-03,Кандидат,AMD_RUB,1,0.206091
2025-06-03,Кандидат,KGS_RUB,1,0.904843
2025-06-03,Кандидат,KZT_RUB,0,0.154908
2025-06-03,Кандидат,TJS_RUB,0,7.96125
2025-06-03,Кандидат,UZS_RUB,0,0.00618654
2025-06-04,Closing,AMD_RUB,0,0.205426
2025-06-04,Closing,KGS_RUB,0,0.901714
2025-06-04,Closing,KZT_RUB,0,0.154203
2025-06-04,Closing,TJS_RUB,0,7.97231
2025-06-04,Closing,UZS_RUB,0,0.00614393
2025-06-04,Fact,AMD_RUB,0,0.205426
2025-06-04,Fact,KGS_RUB,0,0.901714
2025-06-04,Fact,KZT_RUB,0,0.154203
2025-06-04,Fact,TJS_RUB,0,7.97231
2025-06-04,Fact,UZS_RUB,0,0.00614393
2025-06-04,Good day,AMD_RUB,0,0.205426
2025-06-04,Good day,KGS_RUB,0,0.901714
2025-06-04,Good day,KZT_RUB,0,0.154203
2025-06-04,Good day,TJS_RUB,0,7.97231
2025-06-04,Good day,UZS_RUB,0,0.00614393
2025-06-04,Кандидат,AMD_RUB,1,0.205426
2025-06-04,Кандидат,KGS_RUB,1,0.901714
2025-06-04,Кандидат,KZT_RUB,1,0.154203
2025-06-04,Кандидат,TJS_RUB,0,7.97231
2025-06-04,Кандидат,UZS_RUB,1,0.00614393
2025-06-05,Closing,AMD_RUB,0,0.204561
2025-06-05,Closing,KGS_RUB,0,0.897684
2025-06-05,Closing,KZT_RUB,0,0.153295
2025-06-05,Closing,TJS_RUB,0,7.93668
2025-06-05,Closing,UZS_RUB,0,0.00610565
2025-06-05,Fact,AMD_RUB,0,0.204561
2025-06-05,Fact,KGS_RUB,0,0.897684
2025-06-05,Fact,KZT_RUB,0,0.153295
2025-06-05,Fact,TJS_RUB,0,7.93668
2025-06-05,Fact,UZS_RUB,0,0.00610565
2025-06-05,Good day,AMD_RUB,0,0.204561
2025-06-05,Good day,KGS_RUB,0,0.897684
2025-06-05,Good day,KZT_RUB,0,0.153295
2025-06-05,Good day,TJS_RUB,0,7.93668
2025-06-05,Good day,UZS_RUB,0,0.00610565
2025-06-05,Кандидат,AMD_RUB,1,0.204561
2025-06-05,Кандидат,KGS_RUB,1,0.897684
2025-06-05,Кандидат,KZT_RUB,1,0.153295
2025-06-05,Кандидат,TJS_RUB,0,7.93668
2025-06-05,Кандидат,UZS_RUB,1,0.00610565
2025-06-06,Closing,AMD_RUB,0,0.206383
2025-06-06,Closing,KGS_RUB,0,0.904828
2025-06-06,Closing,KZT_RUB,0,0.154645
2025-06-06,Closing,TJS_RUB,0,8.00445
2025-06-06,Closing,UZS_RUB,0,0.00616649
2025-06-06,Fact,AMD_RUB,0,0.206383
2025-06-06,Fact,KGS_RUB,0,0.904828
2025-06-06,Fact,KZT_RUB,0,0.154645
2025-06-06,Fact,TJS_RUB,0,8.00445
2025-06-06,Fact,UZS_RUB,0,0.00616649
2025-06-06,Good day,AMD_RUB,0,0.206383
2025-06-06,Good day,KGS_RUB,0,0.904828
2025-06-06,Good day,KZT_RUB,0,0.154645
2025-06-06,Good day,TJS_RUB,0,8.00445
2025-06-06,Good day,UZS_RUB,0,0.00616649
2025-06-06,Кандидат,AMD_RUB,0,0.206383
2025-06-06,Кандидат,KGS_RUB,1,0.904828
2025-06-06,Кандидат,KZT_RUB,1,0.154645
2025-06-06,Кандидат,TJS_RUB,0,8.00445
2025-06-06,Кандидат,UZS_RUB,1,0.00616649
2025-06-09,Closing,AMD_RUB,0,0.206463
2025-06-09,Closing,KGS_RUB,0,0.905321
2025-06-09,Closing,KZT_RUB,0,0.155178
2025-06-09,Closing,TJS_RUB,0,8.00881
2025-06-09,Closing,UZS_RUB,0,0.00616985
2025-06-09,Fact,AMD_RUB,0,0.206463
2025-06-09,Fact,KGS_RUB,0,0.905321
2025-06-09,Fact,KZT_RUB,0,0.155178
2025-06-09,Fact,TJS_RUB,0,8.00881
2025-06-09,Fact,UZS_RUB,0,0.00616985
2025-06-09,Good day,AMD_RUB,0,0.206463
2025-06-09,Good day,KGS_RUB,1,0.905321
2025-06-09,Good day,KZT_RUB,0,0.155178
2025-06-09,Good day,TJS_RUB,0,8.00881
2025-06-09,Good day,UZS_RUB,0,0.00616985
2025-06-09,Кандидат,AMD_RUB,0,0.206463
2025-06-09,Кандидат,KGS_RUB,1,0.905321
2025-06-09,Кандидат,KZT_RUB,0,0.155178
2025-06-09,Кандидат,TJS_RUB,0,8.00881
2025-06-09,Кандидат,UZS_RUB,0,0.00616985
2025-06-10,Closing,AMD_RUB,0,0.206615
2025-06-10,Closing,KGS_RUB,0,0.905138
2025-06-10,Closing,KZT_RUB,0,0.155147
2025-06-10,Closing,TJS_RUB,0,7.98965
2025-06-10,Closing,UZS_RUB,0,0.00619481
2025-06-10,Fact,AMD_RUB,0,0.206615
2025-06-10,Fact,KGS_RUB,0,0.905138
2025-06-10,Fact,KZT_RUB,0,0.155147
2025-06-10,Fact,TJS_RUB,0,7.98965
2025-06-10,Fact,UZS_RUB,0,0.00619481
2025-06-10,Good day,AMD_RUB,0,0.206615
2025-06-10,Good day,KGS_RUB,0,0.905138
2025-06-10,Good day,KZT_RUB,0,0.155147
2025-06-10,Good day,TJS_RUB,0,7.98965
2025-06-10,Good day,UZS_RUB,0,0.00619481
2025-06-10,Кандидат,AMD_RUB,0,0.206615
2025-06-10,Кандидат,KGS_RUB,1,0.905138
2025-06-10,Кандидат,KZT_RUB,0,0.155147
2025-06-10,Кандидат,TJS_RUB,0,7.98965
2025-06-10,Кандидат,UZS_RUB,0,0.00619481
2025-06-11,Closing,AMD_RUB,0,0.204934
2025-06-11,Closing,KGS_RUB,0,0.898803
2025-06-11,Closing,KZT_RUB,0,0.154573
2025-06-11,Closing,TJS_RUB,0,7.91528
2025-06-11,Closing,UZS_RUB,0,0.00618313
2025-06-11,Fact,AMD_RUB,0,0.204934
2025-06-11,Fact,KGS_RUB,0,0.898803
2025-06-11,Fact,KZT_RUB,0,0.154573
2025-06-11,Fact,TJS_RUB,0,7.91528
2025-06-11,Fact,UZS_RUB,0,0.00618313
2025-06-11,Good day,AMD_RUB,1,0.204934
2025-06-11,Good day,KGS_RUB,0,0.898803
2025-06-11,Good day,KZT_RUB,1,0.154573
2025-06-11,Good day,TJS_RUB,1,7.91528
2025-06-11,Good day,UZS_RUB,0,0.00618313
2025-06-11,Кандидат,AMD_RUB,1,0.204934
2025-06-11,Кандидат,KGS_RUB,1,0.898803
2025-06-11,Кандидат,KZT_RUB,1,0.154573
2025-06-11,Кандидат,TJS_RUB,1,7.91528
2025-06-11,Кандидат,UZS_RUB,0,0.00618313
2025-06-12,Closing,AMD_RUB,0,0.206139
2025-06-12,Closing,KGS_RUB,0,0.903405
2025-06-12,Closing,KZT_RUB,0,0.155389
2025-06-12,Closing,TJS_RUB,0,7.95581
2025-06-12,Closing,UZS_RUB,0,0.00623327
2025-06-12,Fact,AMD_RUB,0,0.206139
2025-06-12,Fact,KGS_RUB,0,0.903405
2025-06-12,Fact,KZT_RUB,0,0.155389
2025-06-12,Fact,TJS_RUB,0,7.95581
2025-06-12,Fact,UZS_RUB,0,0.00623327
2025-06-12,Good day,AMD_RUB,0,0.206139
2025-06-12,Good day,KGS_RUB,0,0.903405
2025-06-12,Good day,KZT_RUB,0,0.155389
2025-06-12,Good day,TJS_RUB,0,7.95581
2025-06-12,Good day,UZS_RUB,0,0.00623327
2025-06-12,Кандидат,AMD_RUB,1,0.206139
2025-06-12,Кандидат,KGS_RUB,1,0.903405
2025-06-12,Кандидат,KZT_RUB,0,0.155389
2025-06-12,Кандидат,TJS_RUB,0,7.95581
2025-06-12,Кандидат,UZS_RUB,0,0.00623327
2025-06-13,Closing,AMD_RUB,0,0.206139
2025-06-13,Closing,KGS_RUB,0,0.903405
2025-06-13,Closing,KZT_RUB,0,0.155389
2025-06-13,Closing,TJS_RUB,0,7.95581
2025-06-13,Closing,UZS_RUB,0,0.00623327
2025-06-13,Fact,AMD_RUB,0,0.206139
2025-06-13,Fact,KGS_RUB,0,0.903405
2025-06-13,Fact,KZT_RUB,0,0.155389
2025-06-13,Fact,TJS_RUB,0,7.95581
2025-06-13,Fact,UZS_RUB,0,0.00623327
2025-06-13,Good day,AMD_RUB,0,0.206139
2025-06-13,Good day,KGS_RUB,0,0.903405
2025-06-13,Good day,KZT_RUB,0,0.155389
2025-06-13,Good day,TJS_RUB,0,7.95581
2025-06-13,Good day,UZS_RUB,0,0.00623327
2025-06-13,Кандидат,AMD_RUB,1,0.206139
2025-06-13,Кандидат,KGS_RUB,1,0.903405
2025-06-13,Кандидат,KZT_RUB,0,0.155389
2025-06-13,Кандидат,TJS_RUB,1,7.95581
2025-06-13,Кандидат,UZS_RUB,0,0.00623327
2025-06-16,Closing,AMD_RUB,0,0.206139
2025-06-16,Closing,KGS_RUB,0,0.903405
2025-06-16,Closing,KZT_RUB,0,0.155389
2025-06-16,Closing,TJS_RUB,0,7.95581
2025-06-16,Closing,UZS_RUB,0,0.00623327
2025-06-16,Fact,AMD_RUB,0,0.206139
2025-06-16,Fact,KGS_RUB,0,0.903405
2025-06-16,Fact,KZT_RUB,0,0.155389
2025-06-16,Fact,TJS_RUB,0,7.95581
2025-06-16,Fact,UZS_RUB,0,0.00623327
2025-06-16,Good day,AMD_RUB,1,0.206139
2025-06-16,Good day,KGS_RUB,1,0.903405
2025-06-16,Good day,KZT_RUB,1,0.155389
2025-06-16,Good day,TJS_RUB,1,7.95581
2025-06-16,Good day,UZS_RUB,0,0.00623327
2025-06-16,Кандидат,AMD_RUB,1,0.206139
2025-06-16,Кандидат,KGS_RUB,1,0.903405
2025-06-16,Кандидат,KZT_RUB,1,0.155389
2025-06-16,Кандидат,TJS_RUB,1,7.95581
2025-06-16,Кандидат,UZS_RUB,0,0.00623327
2025-06-17,Closing,AMD_RUB,0,0.204572
2025-06-17,Closing,KGS_RUB,0,0.897732
2025-06-17,Closing,KZT_RUB,0,0.153357
2025-06-17,Closing,TJS_RUB,0,7.74274
2025-06-17,Closing,UZS_RUB,0,0.00615246
2025-06-17,Fact,AMD_RUB,0,0.204572
2025-06-17,Fact,KGS_RUB,0,0.897732
2025-06-17,Fact,KZT_RUB,0,0.153357
2025-06-17,Fact,TJS_RUB,0,7.74274
2025-06-17,Fact,UZS_RUB,0,0.00615246
2025-06-17,Good day,AMD_RUB,0,0.204572
2025-06-17,Good day,KGS_RUB,0,0.897732
2025-06-17,Good day,KZT_RUB,0,0.153357
2025-06-17,Good day,TJS_RUB,0,7.74274
2025-06-17,Good day,UZS_RUB,1,0.00615246
2025-06-17,Кандидат,AMD_RUB,1,0.204572
2025-06-17,Кандидат,KGS_RUB,1,0.897732
2025-06-17,Кандидат,KZT_RUB,1,0.153357
2025-06-17,Кандидат,TJS_RUB,1,7.74274
2025-06-17,Кандидат,UZS_RUB,1,0.00615246
2025-06-18,Closing,AMD_RUB,0,0.204834
2025-06-18,Closing,KGS_RUB,0,0.900097
2025-06-18,Closing,KZT_RUB,0,0.153605
2025-06-18,Closing,TJS_RUB,0,7.77532
2025-06-18,Closing,UZS_RUB,0,0.00619054
2025-06-18,Fact,AMD_RUB,0,0.204834
2025-06-18,Fact,KGS_RUB,0,0.900097
2025-06-18,Fact,KZT_RUB,0,0.153605
2025-06-18,Fact,TJS_RUB,0,7.77532
2025-06-18,Fact,UZS_RUB,0,0.00619054
2025-06-18,Good day,AMD_RUB,0,0.204834
2025-06-18,Good day,KGS_RUB,0,0.900097
2025-06-18,Good day,KZT_RUB,0,0.153605
2025-06-18,Good day,TJS_RUB,0,7.77532
2025-06-18,Good day,UZS_RUB,0,0.00619054
2025-06-18,Кандидат,AMD_RUB,1,0.204834
2025-06-18,Кандидат,KGS_RUB,1,0.900097
2025-06-18,Кандидат,KZT_RUB,1,0.153605
2025-06-18,Кандидат,TJS_RUB,1,7.77532
2025-06-18,Кандидат,UZS_RUB,1,0.00619054
2025-06-19,Closing,AMD_RUB,0,0.204759
2025-06-19,Closing,KGS_RUB,0,0.900142
2025-06-19,Closing,KZT_RUB,0,0.152126
2025-06-19,Closing,TJS_RUB,0,7.80431
2025-06-19,Closing,UZS_RUB,0,0.00621381
2025-06-19,Fact,AMD_RUB,0,0.204759
2025-06-19,Fact,KGS_RUB,0,0.900142
2025-06-19,Fact,KZT_RUB,0,0.152126
2025-06-19,Fact,TJS_RUB,0,7.80431
2025-06-19,Fact,UZS_RUB,0,0.00621381
2025-06-19,Good day,AMD_RUB,0,0.204759
2025-06-19,Good day,KGS_RUB,0,0.900142
2025-06-19,Good day,KZT_RUB,0,0.152126
2025-06-19,Good day,TJS_RUB,0,7.80431
2025-06-19,Good day,UZS_RUB,0,0.00621381
2025-06-19,Кандидат,AMD_RUB,1,0.204759
2025-06-19,Кандидат,KGS_RUB,1,0.900142
2025-06-19,Кандидат,KZT_RUB,1,0.152126
2025-06-19,Кандидат,TJS_RUB,1,7.80431
2025-06-19,Кандидат,UZS_RUB,1,0.00621381
2025-06-20,Closing,AMD_RUB,0,0.203955
2025-06-20,Closing,KGS_RUB,0,0.897472
2025-06-20,Closing,KZT_RUB,0,0.151277
2025-06-20,Closing,TJS_RUB,0,7.91855
2025-06-20,Closing,UZS_RUB,0,0.00621968
2025-06-20,Fact,AMD_RUB,0,0.203955
2025-06-20,Fact,KGS_RUB,0,0.897472
2025-06-20,Fact,KZT_RUB,0,0.151277
2025-06-20,Fact,TJS_RUB,0,7.91855
2025-06-20,Fact,UZS_RUB,0,0.00621968
2025-06-20,Good day,AMD_RUB,0,0.203955
2025-06-20,Good day,KGS_RUB,0,0.897472
2025-06-20,Good day,KZT_RUB,0,0.151277
2025-06-20,Good day,TJS_RUB,0,7.91855
2025-06-20,Good day,UZS_RUB,0,0.00621968
2025-06-20,Кандидат,AMD_RUB,1,0.203955
2025-06-20,Кандидат,KGS_RUB,1,0.897472
2025-06-20,Кандидат,KZT_RUB,1,0.151277
2025-06-20,Кандидат,TJS_RUB,0,7.91855
2025-06-20,Кандидат,UZS_RUB,0,0.00621968
2025-06-23,Closing,AMD_RUB,0,0.203541
2025-06-23,Closing,KGS_RUB,0,0.897674
2025-06-23,Closing,KZT_RUB,0,0.151095
2025-06-23,Closing,TJS_RUB,0,7.92017
2025-06-23,Closing,UZS_RUB,1,0.0062505
2025-06-23,Fact,AMD_RUB,0,0.203541
2025-06-23,Fact,KGS_RUB,0,0.897674
2025-06-23,Fact,KZT_RUB,0,0.151095
2025-06-23,Fact,TJS_RUB,0,7.92017
2025-06-23,Fact,UZS_RUB,0,0.0062505
2025-06-23,Good day,AMD_RUB,1,0.203541
2025-06-23,Good day,KGS_RUB,1,0.897674
2025-06-23,Good day,KZT_RUB,1,0.151095
2025-06-23,Good day,TJS_RUB,0,7.92017
2025-06-23,Good day,UZS_RUB,0,0.0062505
2025-06-23,Кандидат,AMD_RUB,1,0.203541
2025-06-23,Кандидат,KGS_RUB,1,0.897674
2025-06-23,Кандидат,KZT_RUB,1,0.151095
2025-06-23,Кандидат,TJS_RUB,0,7.92017
2025-06-23,Кандидат,UZS_RUB,0,0.0062505
2025-06-24,Closing,AMD_RUB,0,0.202788
2025-06-24,Closing,KGS_RUB,0,0.895654
2025-06-24,Closing,KZT_RUB,0,0.150109
2025-06-24,Closing,TJS_RUB,0,7.90831
2025-06-24,Closing,UZS_RUB,0,0.00626492
2025-06-24,Fact,AMD_RUB,0,0.202788
2025-06-24,Fact,KGS_RUB,0,0.895654
2025-06-24,Fact,KZT_RUB,0,0.150109
2025-06-24,Fact,TJS_RUB,0,7.90831
2025-06-24,Fact,UZS_RUB,0,0.00626492
2025-06-24,Good day,AMD_RUB,0,0.202788
2025-06-24,Good day,KGS_RUB,0,0.895654
2025-06-24,Good day,KZT_RUB,0,0.150109
2025-06-24,Good day,TJS_RUB,0,7.90831
2025-06-24,Good day,UZS_RUB,0,0.00626492
2025-06-24,Кандидат,AMD_RUB,1,0.202788
2025-06-24,Кандидат,KGS_RUB,1,0.895654
2025-06-24,Кандидат,KZT_RUB,1,0.150109
2025-06-24,Кандидат,TJS_RUB,0,7.90831
2025-06-24,Кандидат,UZS_RUB,0,0.00626492
2025-06-25,Closing,AMD_RUB,0,0.203281
2025-06-25,Closing,KGS_RUB,0,0.898272
2025-06-25,Closing,KZT_RUB,0,0.149752
2025-06-25,Closing,TJS_RUB,0,7.91418
2025-06-25,Closing,UZS_RUB,0,0.00631611
2025-06-25,Fact,AMD_RUB,0,0.203281
2025-06-25,Fact,KGS_RUB,0,0.898272
2025-06-25,Fact,KZT_RUB,0,0.149752
2025-06-25,Fact,TJS_RUB,0,7.91418
2025-06-25,Fact,UZS_RUB,0,0.00631611
2025-06-25,Good day,AMD_RUB,0,0.203281
2025-06-25,Good day,KGS_RUB,0,0.898272
2025-06-25,Good day,KZT_RUB,0,0.149752
2025-06-25,Good day,TJS_RUB,0,7.91418
2025-06-25,Good day,UZS_RUB,0,0.00631611
2025-06-25,Кандидат,AMD_RUB,1,0.203281
2025-06-25,Кандидат,KGS_RUB,1,0.898272
2025-06-25,Кандидат,KZT_RUB,1,0.149752
2025-06-25,Кандидат,TJS_RUB,0,7.91418
2025-06-25,Кандидат,UZS_RUB,0,0.00631611
2025-06-26,Closing,AMD_RUB,0,0.202953
2025-06-26,Closing,KGS_RUB,0,0.896414
2025-06-26,Closing,KZT_RUB,0,0.150591
2025-06-26,Closing,TJS_RUB,1,7.89467
2025-06-26,Closing,UZS_RUB,0,0.00627764
2025-06-26,Fact,AMD_RUB,0,0.202953
2025-06-26,Fact,KGS_RUB,0,0.896414
2025-06-26,Fact,KZT_RUB,0,0.150591
2025-06-26,Fact,TJS_RUB,0,7.89467
2025-06-26,Fact,UZS_RUB,0,0.00627764
2025-06-26,Good day,AMD_RUB,0,0.202953
2025-06-26,Good day,KGS_RUB,0,0.896414
2025-06-26,Good day,KZT_RUB,0,0.150591
2025-06-26,Good day,TJS_RUB,0,7.89467
2025-06-26,Good day,UZS_RUB,0,0.00627764
2025-06-26,Кандидат,AMD_RUB,1,0.202953
2025-06-26,Кандидат,KGS_RUB,1,0.896414
2025-06-26,Кандидат,KZT_RUB,1,0.150591
2025-06-26,Кандидат,TJS_RUB,0,7.89467
2025-06-26,Кандидат,UZS_RUB,0,0.00627764
2025-06-27,Closing,AMD_RUB,0,0.203195
2025-06-27,Closing,KGS_RUB,0,0.89599
2025-06-27,Closing,KZT_RUB,0,0.150842
2025-06-27,Closing,TJS_RUB,0,7.90001
2025-06-27,Closing,UZS_RUB,0,0.00624107
2025-06-27,Fact,AMD_RUB,0,0.203195
2025-06-27,Fact,KGS_RUB,0,0.89599
2025-06-27,Fact,KZT_RUB,0,0.150842
2025-06-27,Fact,TJS_RUB,0,7.90001
2025-06-27,Fact,UZS_RUB,0,0.00624107
2025-06-27,Good day,AMD_RUB,0,0.203195
2025-06-27,Good day,KGS_RUB,0,0.89599
2025-06-27,Good day,KZT_RUB,0,0.150842
2025-06-27,Good day,TJS_RUB,0,7.90001
2025-06-27,Good day,UZS_RUB,0,0.00624107
2025-06-27,Кандидат,AMD_RUB,1,0.203195
2025-06-27,Кандидат,KGS_RUB,1,0.89599
2025-06-27,Кандидат,KZT_RUB,1,0.150842
2025-06-27,Кандидат,TJS_RUB,0,7.90001
2025-06-27,Кандидат,UZS_RUB,0,0.00624107
2025-06-30,Closing,AMD_RUB,0,0.204175
2025-06-30,Closing,KGS_RUB,0,0.897871
2025-06-30,Closing,KZT_RUB,0,0.151384
2025-06-30,Closing,TJS_RUB,0,7.92595
2025-06-30,Closing,UZS_RUB,0,0.00623438
2025-06-30,Fact,AMD_RUB,0,0.204175
2025-06-30,Fact,KGS_RUB,0,0.897871
2025-06-30,Fact,KZT_RUB,0,0.151384
2025-06-30,Fact,TJS_RUB,0,7.92595
2025-06-30,Fact,UZS_RUB,0,0.00623438
2025-06-30,Good day,AMD_RUB,1,0.204175
2025-06-30,Good day,KGS_RUB,1,0.897871
2025-06-30,Good day,KZT_RUB,0,0.151384
2025-06-30,Good day,TJS_RUB,0,7.92595
2025-06-30,Good day,UZS_RUB,1,0.00623438
2025-06-30,Кандидат,AMD_RUB,1,0.204175
2025-06-30,Кандидат,KGS_RUB,1,0.897871
2025-06-30,Кандидат,KZT_RUB,0,0.151384
2025-06-30,Кандидат,TJS_RUB,1,7.92595
2025-06-30,Кандидат,UZS_RUB,1,0.00623438
2025-07-01,Closing,AMD_RUB,0,0.204251
2025-07-01,Closing,KGS_RUB,0,0.898194
2025-07-01,Closing,KZT_RUB,0,0.150903
2025-07-01,Closing,TJS_RUB,0,7.932
2025-07-01,Closing,UZS_RUB,0,0.00620575
2025-07-01,Fact,AMD_RUB,0,0.204251
2025-07-01,Fact,KGS_RUB,0,0.898194
2025-07-01,Fact,KZT_RUB,0,0.150903
2025-07-01,Fact,TJS_RUB,0,7.932
2025-07-01,Fact,UZS_RUB,0,0.00620575
2025-07-01,Good day,AMD_RUB,0,0.204251
2025-07-01,Good day,KGS_RUB,0,0.898194
2025-07-01,Good day,KZT_RUB,1,0.150903
2025-07-01,Good day,TJS_RUB,1,7.932
2025-07-01,Good day,UZS_RUB,0,0.00620575
2025-07-01,Кандидат,AMD_RUB,1,0.204251
2025-07-01,Кандидат,KGS_RUB,1,0.898194
2025-07-01,Кандидат,KZT_RUB,1,0.150903
2025-07-01,Кандидат,TJS_RUB,1,7.932
2025-07-01,Кандидат,UZS_RUB,1,0.00620575
2025-07-02,Closing,AMD_RUB,0,0.203514
2025-07-02,Closing,KGS_RUB,0,0.896719
2025-07-02,Closing,KZT_RUB,0,0.150909
2025-07-02,Closing,TJS_RUB,0,7.95848
2025-07-02,Closing,UZS_RUB,0,0.0061771
2025-07-02,Fact,AMD_RUB,0,0.203514
2025-07-02,Fact,KGS_RUB,0,0.896719
2025-07-02,Fact,KZT_RUB,0,0.150909
2025-07-02,Fact,TJS_RUB,0,7.95848
2025-07-02,Fact,UZS_RUB,0,0.0061771
2025-07-02,Good day,AMD_RUB,0,0.203514
2025-07-02,Good day,KGS_RUB,0,0.896719
2025-07-02,Good day,KZT_RUB,0,0.150909
2025-07-02,Good day,TJS_RUB,0,7.95848
2025-07-02,Good day,UZS_RUB,0,0.0061771
2025-07-02,Кандидат,AMD_RUB,1,0.203514
2025-07-02,Кандидат,KGS_RUB,1,0.896719
2025-07-02,Кандидат,KZT_RUB,1,0.150909
2025-07-02,Кандидат,TJS_RUB,1,7.95848
2025-07-02,Кандидат,UZS_RUB,1,0.0061771
2025-07-03,Closing,AMD_RUB,0,0.204556
2025-07-03,Closing,KGS_RUB,0,0.899417
2025-07-03,Closing,KZT_RUB,0,0.151464
2025-07-03,Closing,TJS_RUB,0,7.97684
2025-07-03,Closing,UZS_RUB,0,0.0062049
2025-07-03,Fact,AMD_RUB,0,0.204556
2025-07-03,Fact,KGS_RUB,0,0.899417
2025-07-03,Fact,KZT_RUB,0,0.151464
2025-07-03,Fact,TJS_RUB,0,7.97684
2025-07-03,Fact,UZS_RUB,0,0.0062049
2025-07-03,Good day,AMD_RUB,0,0.204556
2025-07-03,Good day,KGS_RUB,0,0.899417
2025-07-03,Good day,KZT_RUB,0,0.151464
2025-07-03,Good day,TJS_RUB,0,7.97684
2025-07-03,Good day,UZS_RUB,0,0.0062049
2025-07-03,Кандидат,AMD_RUB,1,0.204556
2025-07-03,Кандидат,KGS_RUB,1,0.899417
2025-07-03,Кандидат,KZT_RUB,0,0.151464
2025-07-03,Кандидат,TJS_RUB,0,7.97684
2025-07-03,Кандидат,UZS_RUB,1,0.0062049
2025-07-04,Closing,AMD_RUB,0,0.204919
2025-07-04,Closing,KGS_RUB,0,0.900893
2025-07-04,Closing,KZT_RUB,0,0.151982
2025-07-04,Closing,TJS_RUB,0,8.06039
2025-07-04,Closing,UZS_RUB,0,0.00625674
2025-07-04,Fact,AMD_RUB,0,0.204919
2025-07-04,Fact,KGS_RUB,0,0.900893
2025-07-04,Fact,KZT_RUB,0,0.151982
2025-07-04,Fact,TJS_RUB,0,8.06039
2025-07-04,Fact,UZS_RUB,0,0.00625674
2025-07-04,Good day,AMD_RUB,0,0.204919
2025-07-04,Good day,KGS_RUB,0,0.900893
2025-07-04,Good day,KZT_RUB,0,0.151982
2025-07-04,Good day,TJS_RUB,0,8.06039
2025-07-04,Good day,UZS_RUB,0,0.00625674
2025-07-04,Кандидат,AMD_RUB,0,0.204919
2025-07-04,Кандидат,KGS_RUB,1,0.900893
2025-07-04,Кандидат,KZT_RUB,0,0.151982
2025-07-04,Кандидат,TJS_RUB,0,8.06039
2025-07-04,Кандидат,UZS_RUB,0,0.00625674
2025-07-07,Closing,AMD_RUB,0,0.205162
2025-07-07,Closing,KGS_RUB,0,0.901491
2025-07-07,Closing,KZT_RUB,0,0.151732
2025-07-07,Closing,TJS_RUB,0,8.06575
2025-07-07,Closing,UZS_RUB,0,0.00627792
2025-07-07,Fact,AMD_RUB,0,0.205162
2025-07-07,Fact,KGS_RUB,0,0.901491
2025-07-07,Fact,KZT_RUB,0,0.151732
2025-07-07,Fact,TJS_RUB,0,8.06575
2025-07-07,Fact,UZS_RUB,0,0.00627792
2025-07-07,Good day,AMD_RUB,1,0.205162
2025-07-07,Good day,KGS_RUB,1,0.901491
2025-07-07,Good day,KZT_RUB,1,0.151732
2025-07-07,Good day,TJS_RUB,0,8.06575
2025-07-07,Good day,UZS_RUB,0,0.00627792
2025-07-07,Кандидат,AMD_RUB,1,0.205162
2025-07-07,Кандидат,KGS_RUB,1,0.901491
2025-07-07,Кандидат,KZT_RUB,1,0.151732
2025-07-07,Кандидат,TJS_RUB,0,8.06575
2025-07-07,Кандидат,UZS_RUB,0,0.00627792
2025-07-08,Closing,AMD_RUB,0,0.204937
2025-07-08,Closing,KGS_RUB,0,0.900154
2025-07-08,Closing,KZT_RUB,0,0.151525
2025-07-08,Closing,TJS_RUB,0,8.08779
2025-07-08,Closing,UZS_RUB,0,0.00624416
2025-07-08,Fact,AMD_RUB,0,0.204937
2025-07-08,Fact,KGS_RUB,0,0.900154
2025-07-08,Fact,KZT_RUB,0,0.151525
2025-07-08,Fact,TJS_RUB,0,8.08779
2025-07-08,Fact,UZS_RUB,0,0.00624416
2025-07-08,Good day,AMD_RUB,0,0.204937
2025-07-08,Good day,KGS_RUB,0,0.900154
2025-07-08,Good day,KZT_RUB,0,0.151525
2025-07-08,Good day,TJS_RUB,0,8.08779
2025-07-08,Good day,UZS_RUB,0,0.00624416
2025-07-08,Кандидат,AMD_RUB,1,0.204937
2025-07-08,Кандидат,KGS_RUB,1,0.900154
2025-07-08,Кандидат,KZT_RUB,1,0.151525
2025-07-08,Кандидат,TJS_RUB,0,8.08779
2025-07-08,Кандидат,UZS_RUB,0,0.00624416
2025-07-09,Closing,AMD_RUB,0,0.203462
2025-07-09,Closing,KGS_RUB,0,0.893862
2025-07-09,Closing,KZT_RUB,0,0.150465
2025-07-09,Closing,TJS_RUB,0,8.09773
2025-07-09,Closing,UZS_RUB,0,0.00616627
2025-07-09,Fact,AMD_RUB,0,0.203462
2025-07-09,Fact,KGS_RUB,0,0.893862
2025-07-09,Fact,KZT_RUB,0,0.150465
2025-07-09,Fact,TJS_RUB,0,8.09773
2025-07-09,Fact,UZS_RUB,0,0.00616627
2025-07-09,Good day,AMD_RUB,0,0.203462
2025-07-09,Good day,KGS_RUB,0,0.893862
2025-07-09,Good day,KZT_RUB,0,0.150465
2025-07-09,Good day,TJS_RUB,0,8.09773
2025-07-09,Good day,UZS_RUB,1,0.00616627
2025-07-09,Кандидат,AMD_RUB,1,0.203462
2025-07-09,Кандидат,KGS_RUB,1,0.893862
2025-07-09,Кандидат,KZT_RUB,1,0.150465
2025-07-09,Кандидат,TJS_RUB,0,8.09773
2025-07-09,Кандидат,UZS_RUB,1,0.00616627
2025-07-10,Closing,AMD_RUB,0,0.20367
2025-07-10,Closing,KGS_RUB,0,0.893913
2025-07-10,Closing,KZT_RUB,0,0.150454
2025-07-10,Closing,TJS_RUB,0,8.0982
2025-07-10,Closing,UZS_RUB,0,0.00614948
2025-07-10,Fact,AMD_RUB,0,0.20367
2025-07-10,Fact,KGS_RUB,0,0.893913
2025-07-10,Fact,KZT_RUB,0,0.150454
2025-07-10,Fact,TJS_RUB,0,8.0982
2025-07-10,Fact,UZS_RUB,0,0.00614948
2025-07-10,Good day,AMD_RUB,0,0.20367
2025-07-10,Good day,KGS_RUB,0,0.893913
2025-07-10,Good day,KZT_RUB,0,0.150454
2025-07-10,Good day,TJS_RUB,0,8.0982
2025-07-10,Good day,UZS_RUB,0,0.00614948
2025-07-10,Кандидат,AMD_RUB,1,0.20367
2025-07-10,Кандидат,KGS_RUB,1,0.893913
2025-07-10,Кандидат,KZT_RUB,1,0.150454
2025-07-10,Кандидат,TJS_RUB,0,8.0982
2025-07-10,Кандидат,UZS_RUB,1,0.00614948
2025-07-11,Closing,AMD_RUB,0,0.20301
2025-07-11,Closing,KGS_RUB,0,0.890828
2025-07-11,Closing,KZT_RUB,0,0.150111
2025-07-11,Closing,TJS_RUB,0,8.05948
2025-07-11,Closing,UZS_RUB,0,0.00615672
2025-07-11,Fact,AMD_RUB,0,0.20301
2025-07-11,Fact,KGS_RUB,0,0.890828
2025-07-11,Fact,KZT_RUB,0,0.150111
2025-07-11,Fact,TJS_RUB,0,8.05948
2025-07-11,Fact,UZS_RUB,0,0.00615672
2025-07-11,Good day,AMD_RUB,0,0.20301
2025-07-11,Good day,KGS_RUB,0,0.890828
2025-07-11,Good day,KZT_RUB,0,0.150111
2025-07-11,Good day,TJS_RUB,0,8.05948
2025-07-11,Good day,UZS_RUB,0,0.00615672
2025-07-11,Кандидат,AMD_RUB,1,0.20301
2025-07-11,Кандидат,KGS_RUB,1,0.890828
2025-07-11,Кандидат,KZT_RUB,1,0.150111
2025-07-11,Кандидат,TJS_RUB,0,8.05948
2025-07-11,Кандидат,UZS_RUB,1,0.00615672
2025-07-14,Closing,AMD_RUB,0,0.202874
2025-07-14,Closing,KGS_RUB,0,0.890629
2025-07-14,Closing,KZT_RUB,0,0.150259
2025-07-14,Closing,TJS_RUB,0,8.04004
2025-07-14,Closing,UZS_RUB,0,0.00616459
2025-07-14,Fact,AMD_RUB,0,0.202874
2025-07-14,Fact,KGS_RUB,0,0.890629
2025-07-14,Fact,KZT_RUB,0,0.150259
2025-07-14,Fact,TJS_RUB,0,8.04004
2025-07-14,Fact,UZS_RUB,0,0.00616459
2025-07-14,Good day,AMD_RUB,1,0.202874
2025-07-14,Good day,KGS_RUB,1,0.890629
2025-07-14,Good day,KZT_RUB,1,0.150259
2025-07-14,Good day,TJS_RUB,1,8.04004
2025-07-14,Good day,UZS_RUB,1,0.00616459
2025-07-14,Кандидат,AMD_RUB,1,0.202874
2025-07-14,Кандидат,KGS_RUB,1,0.890629
2025-07-14,Кандидат,KZT_RUB,1,0.150259
2025-07-14,Кандидат,TJS_RUB,1,8.04004
2025-07-14,Кандидат,UZS_RUB,1,0.00616459
2025-07-15,Closing,AMD_RUB,0,0.20402
2025-07-15,Closing,KGS_RUB,0,0.896264
2025-07-15,Closing,KZT_RUB,0,0.150447
2025-07-15,Closing,TJS_RUB,0,8.09028
2025-07-15,Closing,UZS_RUB,0,0.00621259
2025-07-15,Fact,AMD_RUB,0,0.20402
2025-07-15,Fact,KGS_RUB,0,0.896264
2025-07-15,Fact,KZT_RUB,0,0.150447
2025-07-15,Fact,TJS_RUB,0,8.09028
2025-07-15,Fact,UZS_RUB,0,0.00621259
2025-07-15,Good day,AMD_RUB,0,0.20402
2025-07-15,Good day,KGS_RUB,0,0.896264
2025-07-15,Good day,KZT_RUB,0,0.150447
2025-07-15,Good day,TJS_RUB,0,8.09028
2025-07-15,Good day,UZS_RUB,0,0.00621259
2025-07-15,Кандидат,AMD_RUB,1,0.20402
2025-07-15,Кандидат,KGS_RUB,1,0.896264
2025-07-15,Кандидат,KZT_RUB,1,0.150447
2025-07-15,Кандидат,TJS_RUB,1,8.09028
2025-07-15,Кандидат,UZS_RUB,0,0.00621259
2025-07-16,Closing,AMD_RUB,0,0.202953
2025-07-16,Closing,KGS_RUB,0,0.891463
2025-07-16,Closing,KZT_RUB,0,0.148707
2025-07-16,Closing,TJS_RUB,0,8.12439
2025-07-16,Closing,UZS_RUB,0,0.00613887
2025-07-16,Fact,AMD_RUB,0,0.202953
2025-07-16,Fact,KGS_RUB,0,0.891463
2025-07-16,Fact,KZT_RUB,0,0.148707
2025-07-16,Fact,TJS_RUB,0,8.12439
2025-07-16,Fact,UZS_RUB,0,0.00613887
2025-07-16,Good day,AMD_RUB,0,0.202953
2025-07-16,Good day,KGS_RUB,0,0.891463
2025-07-16,Good day,KZT_RUB,0,0.148707
2025-07-16,Good day,TJS_RUB,0,8.12439
2025-07-16,Good day,UZS_RUB,0,0.00613887
2025-07-16,Кандидат,AMD_RUB,1,0.202953
2025-07-16,Кандидат,KGS_RUB,1,0.891463
2025-07-16,Кандидат,KZT_RUB,1,0.148707
2025-07-16,Кандидат,TJS_RUB,0,8.12439
2025-07-16,Кандидат,UZS_RUB,1,0.00613887
2025-07-17,Closing,AMD_RUB,0,0.203038
2025-07-17,Closing,KGS_RUB,0,0.891464
2025-07-17,Closing,KZT_RUB,0,0.148247
2025-07-17,Closing,TJS_RUB,0,8.1244
2025-07-17,Closing,UZS_RUB,0,0.00610094
2025-07-17,Fact,AMD_RUB,0,0.203038
2025-07-17,Fact,KGS_RUB,0,0.891464
2025-07-17,Fact,KZT_RUB,0,0.148247
2025-07-17,Fact,TJS_RUB,0,8.1244
2025-07-17,Fact,UZS_RUB,0,0.00610094
2025-07-17,Good day,AMD_RUB,0,0.203038
2025-07-17,Good day,KGS_RUB,0,0.891464
2025-07-17,Good day,KZT_RUB,0,0.148247
2025-07-17,Good day,TJS_RUB,0,8.1244
2025-07-17,Good day,UZS_RUB,0,0.00610094
2025-07-17,Кандидат,AMD_RUB,1,0.203038
2025-07-17,Кандидат,KGS_RUB,1,0.891464
2025-07-17,Кандидат,KZT_RUB,1,0.148247
2025-07-17,Кандидат,TJS_RUB,0,8.1244
2025-07-17,Кандидат,UZS_RUB,1,0.00610094
2025-07-18,Closing,AMD_RUB,0,0.203545
2025-07-18,Closing,KGS_RUB,0,0.894061
2025-07-18,Closing,KZT_RUB,0,0.148501
2025-07-18,Closing,TJS_RUB,0,8.15759
2025-07-18,Closing,UZS_RUB,0,0.00612819
2025-07-18,Fact,AMD_RUB,0,0.203545
2025-07-18,Fact,KGS_RUB,0,0.894061
2025-07-18,Fact,KZT_RUB,0,0.148501
2025-07-18,Fact,TJS_RUB,0,8.15759
2025-07-18,Fact,UZS_RUB,0,0.00612819
2025-07-18,Good day,AMD_RUB,0,0.203545
2025-07-18,Good day,KGS_RUB,0,0.894061
2025-07-18,Good day,KZT_RUB,0,0.148501
2025-07-18,Good day,TJS_RUB,0,8.15759
2025-07-18,Good day,UZS_RUB,0,0.00612819
2025-07-18,Кандидат,AMD_RUB,1,0.203545
2025-07-18,Кандидат,KGS_RUB,1,0.894061
2025-07-18,Кандидат,KZT_RUB,1,0.148501
2025-07-18,Кандидат,TJS_RUB,0,8.15759
2025-07-18,Кандидат,UZS_RUB,1,0.00612819
2025-07-21,Closing,AMD_RUB,0,0.203818
2025-07-21,Closing,KGS_RUB,0,0.895516
2025-07-21,Closing,KZT_RUB,0,0.147
2025-07-21,Closing,TJS_RUB,1,8.15674
2025-07-21,Closing,UZS_RUB,0,0.00618674
2025-07-21,Fact,AMD_RUB,0,0.203818
2025-07-21,Fact,KGS_RUB,0,0.895516
2025-07-21,Fact,KZT_RUB,0,0.147
2025-07-21,Fact,TJS_RUB,0,8.15674
2025-07-21,Fact,UZS_RUB,0,0.00618674
2025-07-21,Good day,AMD_RUB,1,0.203818
2025-07-21,Good day,KGS_RUB,1,0.895516
2025-07-21,Good day,KZT_RUB,1,0.147
2025-07-21,Good day,TJS_RUB,0,8.15674
2025-07-21,Good day,UZS_RUB,0,0.00618674
2025-07-21,Кандидат,AMD_RUB,1,0.203818
2025-07-21,Кандидат,KGS_RUB,1,0.895516
2025-07-21,Кандидат,KZT_RUB,1,0.147
2025-07-21,Кандидат,TJS_RUB,0,8.15674
2025-07-21,Кандидат,UZS_RUB,0,0.00618674
2025-07-22,Closing,AMD_RUB,0,0.204068
2025-07-22,Closing,KGS_RUB,0,0.895682
2025-07-22,Closing,KZT_RUB,0,0.146788
2025-07-22,Closing,TJS_RUB,0,8.17511
2025-07-22,Closing,UZS_RUB,0,0.00622723
2025-07-22,Fact,AMD_RUB,0,0.204068
2025-07-22,Fact,KGS_RUB,0,0.895682
2025-07-22,Fact,KZT_RUB,0,0.146788
2025-07-22,Fact,TJS_RUB,0,8.17511
2025-07-22,Fact,UZS_RUB,0,0.00622723
2025-07-22,Good day,AMD_RUB,0,0.204068
2025-07-22,Good day,KGS_RUB,0,0.895682
2025-07-22,Good day,KZT_RUB,0,0.146788
2025-07-22,Good day,TJS_RUB,0,8.17511
2025-07-22,Good day,UZS_RUB,0,0.00622723
2025-07-22,Кандидат,AMD_RUB,1,0.204068
2025-07-22,Кандидат,KGS_RUB,1,0.895682
2025-07-22,Кандидат,KZT_RUB,1,0.146788
2025-07-22,Кандидат,TJS_RUB,0,8.17511
2025-07-22,Кандидат,UZS_RUB,0,0.00622723
2025-07-23,Closing,AMD_RUB,0,0.203371
2025-07-23,Closing,KGS_RUB,0,0.892947
2025-07-23,Closing,KZT_RUB,0,0.147492
2025-07-23,Closing,TJS_RUB,0,8.15015
2025-07-23,Closing,UZS_RUB,0,0.00619575
2025-07-23,Fact,AMD_RUB,0,0.203371
2025-07-23,Fact,KGS_RUB,0,0.892947
2025-07-23,Fact,KZT_RUB,0,0.147492
2025-07-23,Fact,TJS_RUB,0,8.15015
2025-07-23,Fact,UZS_RUB,0,0.00619575
2025-07-23,Good day,AMD_RUB,0,0.203371
2025-07-23,Good day,KGS_RUB,0,0.892947
2025-07-23,Good day,KZT_RUB,0,0.147492
2025-07-23,Good day,TJS_RUB,0,8.15015
2025-07-23,Good day,UZS_RUB,0,0.00619575
2025-07-23,Кандидат,AMD_RUB,1,0.203371
2025-07-23,Кандидат,KGS_RUB,1,0.892947
2025-07-23,Кандидат,KZT_RUB,1,0.147492
2025-07-23,Кандидат,TJS_RUB,0,8.15015
2025-07-23,Кандидат,UZS_RUB,0,0.00619575
2025-07-24,Closing,AMD_RUB,0,0.204344
2025-07-24,Closing,KGS_RUB,0,0.897866
2025-07-24,Closing,KZT_RUB,0,0.147469
2025-07-24,Closing,TJS_RUB,0,8.1857
2025-07-24,Closing,UZS_RUB,0,0.00617503
2025-07-24,Fact,AMD_RUB,0,0.204344
2025-07-24,Fact,KGS_RUB,0,0.897866
2025-07-24,Fact,KZT_RUB,0,0.147469
2025-07-24,Fact,TJS_RUB,0,8.1857
2025-07-24,Fact,UZS_RUB,0,0.00617503
2025-07-24,Good day,AMD_RUB,0,0.204344
2025-07-24,Good day,KGS_RUB,0,0.897866
2025-07-24,Good day,KZT_RUB,0,0.147469
2025-07-24,Good day,TJS_RUB,0,8.1857
2025-07-24,Good day,UZS_RUB,0,0.00617503
2025-07-24,Кандидат,AMD_RUB,1,0.204344
2025-07-24,Кандидат,KGS_RUB,1,0.897866
2025-07-24,Кандидат,KZT_RUB,1,0.147469
2025-07-24,Кандидат,TJS_RUB,0,8.1857
2025-07-24,Кандидат,UZS_RUB,0,0.00617503
2025-07-25,Closing,AMD_RUB,0,0.20551
2025-07-25,Closing,KGS_RUB,0,0.90332
2025-07-25,Closing,KZT_RUB,0,0.14641
2025-07-25,Closing,TJS_RUB,0,8.22897
2025-07-25,Closing,UZS_RUB,1,0.00617921
2025-07-25,Fact,AMD_RUB,0,0.20551
2025-07-25,Fact,KGS_RUB,0,0.90332
2025-07-25,Fact,KZT_RUB,0,0.14641
2025-07-25,Fact,TJS_RUB,0,8.22897
2025-07-25,Fact,UZS_RUB,0,0.00617921
2025-07-25,Good day,AMD_RUB,0,0.20551
2025-07-25,Good day,KGS_RUB,0,0.90332
2025-07-25,Good day,KZT_RUB,0,0.14641
2025-07-25,Good day,TJS_RUB,0,8.22897
2025-07-25,Good day,UZS_RUB,0,0.00617921
2025-07-25,Кандидат,AMD_RUB,0,0.20551
2025-07-25,Кандидат,KGS_RUB,0,0.90332
2025-07-25,Кандидат,KZT_RUB,1,0.14641
2025-07-25,Кандидат,TJS_RUB,0,8.22897
2025-07-25,Кандидат,UZS_RUB,0,0.00617921
2025-07-28,Closing,AMD_RUB,0,0.207201
2025-07-28,Closing,KGS_RUB,0,0.911257
2025-07-28,Closing,KZT_RUB,0,0.146795
2025-07-28,Closing,TJS_RUB,0,8.34026
2025-07-28,Closing,UZS_RUB,0,0.00628702
2025-07-28,Fact,AMD_RUB,0,0.207201
2025-07-28,Fact,KGS_RUB,0,0.911257
2025-07-28,Fact,KZT_RUB,0,0.146795
2025-07-28,Fact,TJS_RUB,0,8.34026
2025-07-28,Fact,UZS_RUB,0,0.00628702
2025-07-28,Good day,AMD_RUB,0,0.207201
2025-07-28,Good day,KGS_RUB,0,0.911257
2025-07-28,Good day,KZT_RUB,1,0.146795
2025-07-28,Good day,TJS_RUB,0,8.34026
2025-07-28,Good day,UZS_RUB,0,0.00628702
2025-07-28,Кандидат,AMD_RUB,0,0.207201
2025-07-28,Кандидат,KGS_RUB,0,0.911257
2025-07-28,Кандидат,KZT_RUB,1,0.146795
2025-07-28,Кандидат,TJS_RUB,0,8.34026
2025-07-28,Кандидат,UZS_RUB,0,0.00628702
2025-07-29,Closing,AMD_RUB,0,0.207359
2025-07-29,Closing,KGS_RUB,0,0.911549
2025-07-29,Closing,KZT_RUB,0,0.14605
2025-07-29,Closing,TJS_RUB,0,8.33917
2025-07-29,Closing,UZS_RUB,0,0.0063249
2025-07-29,Fact,AMD_RUB,0,0.207359
2025-07-29,Fact,KGS_RUB,0,0.911549
2025-07-29,Fact,KZT_RUB,0,0.14605
2025-07-29,Fact,TJS_RUB,0,8.33917
2025-07-29,Fact,UZS_RUB,0,0.0063249
2025-07-29,Good day,AMD_RUB,0,0.207359
2025-07-29,Good day,KGS_RUB,0,0.911549
2025-07-29,Good day,KZT_RUB,0,0.14605
2025-07-29,Good day,TJS_RUB,0,8.33917
2025-07-29,Good day,UZS_RUB,0,0.0063249
2025-07-29,Кандидат,AMD_RUB,0,0.207359
2025-07-29,Кандидат,KGS_RUB,0,0.911549
2025-07-29,Кандидат,KZT_RUB,1,0.14605
2025-07-29,Кандидат,TJS_RUB,0,8.33917
2025-07-29,Кандидат,UZS_RUB,0,0.0063249
2025-07-30,Closing,AMD_RUB,0,0.214203
2025-07-30,Closing,KGS_RUB,0,0.94163
2025-07-30,Closing,KZT_RUB,0,0.151851
2025-07-30,Closing,TJS_RUB,0,8.61598
2025-07-30,Closing,UZS_RUB,0,0.00657004
2025-07-30,Fact,AMD_RUB,0,0.214203
2025-07-30,Fact,KGS_RUB,0,0.94163
2025-07-30,Fact,KZT_RUB,0,0.151851
2025-07-30,Fact,TJS_RUB,0,8.61598
2025-07-30,Fact,UZS_RUB,0,0.00657004
2025-07-30,Good day,AMD_RUB,0,0.214203
2025-07-30,Good day,KGS_RUB,0,0.94163
2025-07-30,Good day,KZT_RUB,0,0.151851
2025-07-30,Good day,TJS_RUB,0,8.61598
2025-07-30,Good day,UZS_RUB,0,0.00657004
2025-07-30,Кандидат,AMD_RUB,0,0.214203
2025-07-30,Кандидат,KGS_RUB,0,0.94163
2025-07-30,Кандидат,KZT_RUB,0,0.151851
2025-07-30,Кандидат,TJS_RUB,0,8.61598
2025-07-30,Кандидат,UZS_RUB,0,0.00657004
2025-07-31,Closing,AMD_RUB,0,0.2132
2025-07-31,Closing,KGS_RUB,0,0.935788
2025-07-31,Closing,KZT_RUB,0,0.150978
2025-07-31,Closing,TJS_RUB,0,8.58959
2025-07-31,Closing,UZS_RUB,0,0.00654677
2025-07-31,Fact,AMD_RUB,0,0.2132
2025-07-31,Fact,KGS_RUB,0,0.935788
2025-07-31,Fact,KZT_RUB,0,0.150978
2025-07-31,Fact,TJS_RUB,0,8.58959
2025-07-31,Fact,UZS_RUB,0,0.00654677
2025-07-31,Good day,AMD_RUB,0,0.2132
2025-07-31,Good day,KGS_RUB,0,0.935788
2025-07-31,Good day,KZT_RUB,0,0.150978
2025-07-31,Good day,TJS_RUB,0,8.58959
2025-07-31,Good day,UZS_RUB,0,0.00654677
2025-07-31,Кандидат,AMD_RUB,0,0.2132
2025-07-31,Кандидат,KGS_RUB,0,0.935788
2025-07-31,Кандидат,KZT_RUB,0,0.150978
2025-07-31,Кандидат,TJS_RUB,0,8.58959
2025-07-31,Кандидат,UZS_RUB,0,0.00654677
2025-08-01,Closing,AMD_RUB,0,0.209255
2025-08-01,Closing,KGS_RUB,0,0.918425
2025-08-01,Closing,KZT_RUB,0,0.147003
2025-08-01,Closing,TJS_RUB,0,8.43021
2025-08-01,Closing,UZS_RUB,0,0.00637858
2025-08-01,Fact,AMD_RUB,0,0.209255
2025-08-01,Fact,KGS_RUB,0,0.918425
2025-08-01,Fact,KZT_RUB,0,0.147003
2025-08-01,Fact,TJS_RUB,0,8.43021
2025-08-01,Fact,UZS_RUB,0,0.00637858
2025-08-01,Good day,AMD_RUB,0,0.209255
2025-08-01,Good day,KGS_RUB,0,0.918425
2025-08-01,Good day,KZT_RUB,0,0.147003
2025-08-01,Good day,TJS_RUB,0,8.43021
2025-08-01,Good day,UZS_RUB,0,0.00637858
2025-08-01,Кандидат,AMD_RUB,0,0.209255
2025-08-01,Кандидат,KGS_RUB,0,0.918425
2025-08-01,Кандидат,KZT_RUB,1,0.147003
2025-08-01,Кандидат,TJS_RUB,0,8.43021
2025-08-01,Кандидат,UZS_RUB,0,0.00637858
2025-08-04,Closing,AMD_RUB,0,0.209435
2025-08-04,Closing,KGS_RUB,0,0.918569
2025-08-04,Closing,KZT_RUB,0,0.148543
2025-08-04,Closing,TJS_RUB,0,8.45425
2025-08-04,Closing,UZS_RUB,0,0.00632889
2025-08-04,Fact,AMD_RUB,0,0.209435
2025-08-04,Fact,KGS_RUB,0,0.918569
2025-08-04,Fact,KZT_RUB,0,0.148543
2025-08-04,Fact,TJS_RUB,0,8.45425
2025-08-04,Fact,UZS_RUB,1,0.00632889
2025-08-04,Good day,AMD_RUB,0,0.209435
2025-08-04,Good day,KGS_RUB,0,0.918569
2025-08-04,Good day,KZT_RUB,0,0.148543
2025-08-04,Good day,TJS_RUB,0,8.45425
2025-08-04,Good day,UZS_RUB,0,0.00632889
2025-08-04,Кандидат,AMD_RUB,0,0.209435
2025-08-04,Кандидат,KGS_RUB,0,0.918569
2025-08-04,Кандидат,KZT_RUB,0,0.148543
2025-08-04,Кандидат,TJS_RUB,0,8.45425
2025-08-04,Кандидат,UZS_RUB,0,0.00632889
2025-08-05,Closing,AMD_RUB,0,0.207721
2025-08-05,Closing,KGS_RUB,0,0.911076
2025-08-05,Closing,KZT_RUB,0,0.146664
2025-08-05,Closing,TJS_RUB,0,8.39712
2025-08-05,Closing,UZS_RUB,0,0.00626111
2025-08-05,Fact,AMD_RUB,0,0.207721
2025-08-05,Fact,KGS_RUB,0,0.911076
2025-08-05,Fact,KZT_RUB,0,0.146664
2025-08-05,Fact,TJS_RUB,0,8.39712
2025-08-05,Fact,UZS_RUB,0,0.00626111
2025-08-05,Good day,AMD_RUB,1,0.207721
2025-08-05,Good day,KGS_RUB,1,0.911076
2025-08-05,Good day,KZT_RUB,1,0.146664
2025-08-05,Good day,TJS_RUB,1,8.39712
2025-08-05,Good day,UZS_RUB,1,0.00626111
2025-08-05,Кандидат,AMD_RUB,1,0.207721
2025-08-05,Кандидат,KGS_RUB,1,0.911076
2025-08-05,Кандидат,KZT_RUB,1,0.146664
2025-08-05,Кандидат,TJS_RUB,1,8.39712
2025-08-05,Кандидат,UZS_RUB,1,0.00626111
2025-08-06,Closing,AMD_RUB,0,0.208445
2025-08-06,Closing,KGS_RUB,0,0.915369
2025-08-06,Closing,KZT_RUB,0,0.147741
2025-08-06,Closing,TJS_RUB,0,8.46828
2025-08-06,Closing,UZS_RUB,0,0.00634238
2025-08-06,Fact,AMD_RUB,0,0.208445
2025-08-06,Fact,KGS_RUB,0,0.915369
2025-08-06,Fact,KZT_RUB,0,0.147741
2025-08-06,Fact,TJS_RUB,0,8.46828
2025-08-06,Fact,UZS_RUB,0,0.00634238
2025-08-06,Good day,AMD_RUB,0,0.208445
2025-08-06,Good day,KGS_RUB,0,0.915369
2025-08-06,Good day,KZT_RUB,0,0.147741
2025-08-06,Good day,TJS_RUB,0,8.46828
2025-08-06,Good day,UZS_RUB,0,0.00634238
2025-08-06,Кандидат,AMD_RUB,1,0.208445
2025-08-06,Кандидат,KGS_RUB,1,0.915369
2025-08-06,Кандидат,KZT_RUB,0,0.147741
2025-08-06,Кандидат,TJS_RUB,0,8.46828
2025-08-06,Кандидат,UZS_RUB,0,0.00634238
2025-08-07,Closing,AMD_RUB,0,0.209006
2025-08-07,Closing,KGS_RUB,0,0.916997
2025-08-07,Closing,KZT_RUB,0,0.149185
2025-08-07,Closing,TJS_RUB,0,8.54254
2025-08-07,Closing,UZS_RUB,0,0.00640256
2025-08-07,Fact,AMD_RUB,0,0.209006
2025-08-07,Fact,KGS_RUB,0,0.916997
2025-08-07,Fact,KZT_RUB,0,0.149185
2025-08-07,Fact,TJS_RUB,0,8.54254
2025-08-07,Fact,UZS_RUB,0,0.00640256
2025-08-07,Good day,AMD_RUB,0,0.209006
2025-08-07,Good day,KGS_RUB,0,0.916997
2025-08-07,Good day,KZT_RUB,0,0.149185
2025-08-07,Good day,TJS_RUB,0,8.54254
2025-08-07,Good day,UZS_RUB,0,0.00640256
2025-08-07,Кандидат,AMD_RUB,1,0.209006
2025-08-07,Кандидат,KGS_RUB,1,0.916997
2025-08-07,Кандидат,KZT_RUB,0,0.149185
2025-08-07,Кандидат,TJS_RUB,0,8.54254
2025-08-07,Кандидат,UZS_RUB,0,0.00640256
2025-08-08,Closing,AMD_RUB,0,0.20692
2025-08-08,Closing,KGS_RUB,0,0.907772
2025-08-08,Closing,KZT_RUB,0,0.147946
2025-08-08,Closing,TJS_RUB,0,8.45661
2025-08-08,Closing,UZS_RUB,0,0.00634926
2025-08-08,Fact,AMD_RUB,0,0.20692
2025-08-08,Fact,KGS_RUB,0,0.907772
2025-08-08,Fact,KZT_RUB,0,0.147946
2025-08-08,Fact,TJS_RUB,0,8.45661
2025-08-08,Fact,UZS_RUB,0,0.00634926
2025-08-08,Good day,AMD_RUB,0,0.20692
2025-08-08,Good day,KGS_RUB,0,0.907772
2025-08-08,Good day,KZT_RUB,0,0.147946
2025-08-08,Good day,TJS_RUB,0,8.45661
2025-08-08,Good day,UZS_RUB,0,0.00634926
2025-08-08,Кандидат,AMD_RUB,1,0.20692
2025-08-08,Кандидат,KGS_RUB,1,0.907772
2025-08-08,Кандидат,KZT_RUB,0,0.147946
2025-08-08,Кандидат,TJS_RUB,0,8.45661
2025-08-08,Кандидат,UZS_RUB,0,0.00634926
2025-08-11,Closing,AMD_RUB,0,0.207981
2025-08-11,Closing,KGS_RUB,0,0.912288
2025-08-11,Closing,KZT_RUB,0,0.14791
2025-08-11,Closing,TJS_RUB,1,8.50629
2025-08-11,Closing,UZS_RUB,1,0.00633485
2025-08-11,Fact,AMD_RUB,0,0.207981
2025-08-11,Fact,KGS_RUB,0,0.912288
2025-08-11,Fact,KZT_RUB,0,0.14791
2025-08-11,Fact,TJS_RUB,0,8.50629
2025-08-11,Fact,UZS_RUB,0,0.00633485
2025-08-11,Good day,AMD_RUB,1,0.207981
2025-08-11,Good day,KGS_RUB,1,0.912288
2025-08-11,Good day,KZT_RUB,1,0.14791
2025-08-11,Good day,TJS_RUB,0,8.50629
2025-08-11,Good day,UZS_RUB,0,0.00633485
2025-08-11,Кандидат,AMD_RUB,1,0.207981
2025-08-11,Кандидат,KGS_RUB,1,0.912288
2025-08-11,Кандидат,KZT_RUB,1,0.14791
2025-08-11,Кандидат,TJS_RUB,0,8.50629
2025-08-11,Кандидат,UZS_RUB,0,0.00633485
2025-08-12,Closing,AMD_RUB,0,0.207695
2025-08-12,Closing,KGS_RUB,0,0.911235
2025-08-12,Closing,KZT_RUB,0,0.147672
2025-08-12,Closing,TJS_RUB,0,8.50015
2025-08-12,Closing,UZS_RUB,0,0.00628651
2025-08-12,Fact,AMD_RUB,0,0.207695
2025-08-12,Fact,KGS_RUB,0,0.911235
2025-08-12,Fact,KZT_RUB,0,0.147672
2025-08-12,Fact,TJS_RUB,0,8.50015
2025-08-12,Fact,UZS_RUB,0,0.00628651
2025-08-12,Good day,AMD_RUB,0,0.207695
2025-08-12,Good day,KGS_RUB,0,0.911235
2025-08-12,Good day,KZT_RUB,0,0.147672
2025-08-12,Good day,TJS_RUB,0,8.50015
2025-08-12,Good day,UZS_RUB,0,0.00628651
2025-08-12,Кандидат,AMD_RUB,1,0.207695
2025-08-12,Кандидат,KGS_RUB,1,0.911235
2025-08-12,Кандидат,KZT_RUB,1,0.147672
2025-08-12,Кандидат,TJS_RUB,0,8.50015
2025-08-12,Кандидат,UZS_RUB,1,0.00628651
2025-08-13,Closing,AMD_RUB,0,0.208101
2025-08-13,Closing,KGS_RUB,0,0.914384
2025-08-13,Closing,KZT_RUB,0,0.147185
2025-08-13,Closing,TJS_RUB,0,8.53136
2025-08-13,Closing,UZS_RUB,0,0.00634436
2025-08-13,Fact,AMD_RUB,0,0.208101
2025-08-13,Fact,KGS_RUB,0,0.914384
2025-08-13,Fact,KZT_RUB,0,0.147185
2025-08-13,Fact,TJS_RUB,0,8.53136
2025-08-13,Fact,UZS_RUB,0,0.00634436
2025-08-13,Good day,AMD_RUB,0,0.208101
2025-08-13,Good day,KGS_RUB,0,0.914384
2025-08-13,Good day,KZT_RUB,0,0.147185
2025-08-13,Good day,TJS_RUB,0,8.53136
2025-08-13,Good day,UZS_RUB,0,0.00634436
2025-08-13,Кандидат,AMD_RUB,1,0.208101
2025-08-13,Кандидат,KGS_RUB,1,0.914384
2025-08-13,Кандидат,KZT_RUB,1,0.147185
2025-08-13,Кандидат,TJS_RUB,0,8.53136
2025-08-13,Кандидат,UZS_RUB,0,0.00634436
2025-08-14,Closing,AMD_RUB,0,0.207538
2025-08-14,Closing,KGS_RUB,0,0.911313
2025-08-14,Closing,KZT_RUB,0,0.146791
2025-08-14,Closing,TJS_RUB,0,8.51025
2025-08-14,Closing,UZS_RUB,0,0.00636325
2025-08-14,Fact,AMD_RUB,0,0.207538
2025-08-14,Fact,KGS_RUB,0,0.911313
2025-08-14,Fact,KZT_RUB,0,0.146791
2025-08-14,Fact,TJS_RUB,0,8.51025
2025-08-14,Fact,UZS_RUB,0,0.00636325
2025-08-14,Good day,AMD_RUB,0,0.207538
2025-08-14,Good day,KGS_RUB,0,0.911313
2025-08-14,Good day,KZT_RUB,0,0.146791
2025-08-14,Good day,TJS_RUB,0,8.51025
2025-08-14,Good day,UZS_RUB,0,0.00636325
2025-08-14,Кандидат,AMD_RUB,1,0.207538
2025-08-14,Кандидат,KGS_RUB,1,0.911313
2025-08-14,Кандидат,KZT_RUB,1,0.146791
2025-08-14,Кандидат,TJS_RUB,0,8.51025
2025-08-14,Кандидат,UZS_RUB,0,0.00636325
2025-08-15,Closing,AMD_RUB,0,0.207993
2025-08-15,Closing,KGS_RUB,0,0.912868
2025-08-15,Closing,KZT_RUB,0,0.148274
2025-08-15,Closing,TJS_RUB,0,8.52795
2025-08-15,Closing,UZS_RUB,0,0.00638237
2025-08-15,Fact,AMD_RUB,0,0.207993
2025-08-15,Fact,KGS_RUB,0,0.912868
2025-08-15,Fact,KZT_RUB,0,0.148274
2025-08-15,Fact,TJS_RUB,0,8.52795
2025-08-15,Fact,UZS_RUB,0,0.00638237
2025-08-15,Good day,AMD_RUB,0,0.207993
2025-08-15,Good day,KGS_RUB,0,0.912868
2025-08-15,Good day,KZT_RUB,0,0.148274
2025-08-15,Good day,TJS_RUB,0,8.52795
2025-08-15,Good day,UZS_RUB,0,0.00638237
2025-08-15,Кандидат,AMD_RUB,1,0.207993
2025-08-15,Кандидат,KGS_RUB,1,0.912868
2025-08-15,Кандидат,KZT_RUB,0,0.148274
2025-08-15,Кандидат,TJS_RUB,0,8.52795
2025-08-15,Кандидат,UZS_RUB,0,0.00638237
2025-08-18,Closing,AMD_RUB,0,0.208881
2025-08-18,Closing,KGS_RUB,0,0.915211
2025-08-18,Closing,KZT_RUB,0,0.148732
2025-08-18,Closing,TJS_RUB,1,8.56111
2025-08-18,Closing,UZS_RUB,0,0.00636009
2025-08-18,Fact,AMD_RUB,0,0.208881
2025-08-18,Fact,KGS_RUB,0,0.915211
2025-08-18,Fact,KZT_RUB,0,0.148732
2025-08-18,Fact,TJS_RUB,0,8.56111
2025-08-18,Fact,UZS_RUB,0,0.00636009
2025-08-18,Good day,AMD_RUB,1,0.208881
2025-08-18,Good day,KGS_RUB,1,0.915211
2025-08-18,Good day,KZT_RUB,0,0.148732
2025-08-18,Good day,TJS_RUB,0,8.56111
2025-08-18,Good day,UZS_RUB,0,0.00636009
2025-08-18,Кандидат,AMD_RUB,1,0.208881
2025-08-18,Кандидат,KGS_RUB,1,0.915211
2025-08-18,Кандидат,KZT_RUB,0,0.148732
2025-08-18,Кандидат,TJS_RUB,0,8.56111
2025-08-18,Кандидат,UZS_RUB,0,0.00636009
2025-08-19,Closing,AMD_RUB,0,0.209841
2025-08-19,Closing,KGS_RUB,0,0.919675
2025-08-19,Closing,KZT_RUB,0,0.148697
2025-08-19,Closing,TJS_RUB,0,8.59661
2025-08-19,Closing,UZS_RUB,1,0.00640975
2025-08-19,Fact,AMD_RUB,0,0.209841
2025-08-19,Fact,KGS_RUB,0,0.919675
2025-08-19,Fact,KZT_RUB,0,0.148697
2025-08-19,Fact,TJS_RUB,0,8.59661
2025-08-19,Fact,UZS_RUB,0,0.00640975
2025-08-19,Good day,AMD_RUB,0,0.209841
2025-08-19,Good day,KGS_RUB,0,0.919675
2025-08-19,Good day,KZT_RUB,0,0.148697
2025-08-19,Good day,TJS_RUB,0,8.59661
2025-08-19,Good day,UZS_RUB,0,0.00640975
2025-08-19,Кандидат,AMD_RUB,0,0.209841
2025-08-19,Кандидат,KGS_RUB,1,0.919675
2025-08-19,Кандидат,KZT_RUB,0,0.148697
2025-08-19,Кандидат,TJS_RUB,0,8.59661
2025-08-19,Кандидат,UZS_RUB,0,0.00640975
2025-08-20,Closing,AMD_RUB,0,0.209799
2025-08-20,Closing,KGS_RUB,0,0.918772
2025-08-20,Closing,KZT_RUB,0,0.14879
2025-08-20,Closing,TJS_RUB,0,8.58817
2025-08-20,Closing,UZS_RUB,0,0.00642917
2025-08-20,Fact,AMD_RUB,0,0.209799
2025-08-20,Fact,KGS_RUB,0,0.918772
2025-08-20,Fact,KZT_RUB,0,0.14879
2025-08-20,Fact,TJS_RUB,0,8.58817
2025-08-20,Fact,UZS_RUB,0,0.00642917
2025-08-20,Good day,AMD_RUB,0,0.209799
2025-08-20,Good day,KGS_RUB,0,0.918772
2025-08-20,Good day,KZT_RUB,0,0.14879
2025-08-20,Good day,TJS_RUB,0,8.58817
2025-08-20,Good day,UZS_RUB,0,0.00642917
2025-08-20,Кандидат,AMD_RUB,0,0.209799
2025-08-20,Кандидат,KGS_RUB,1,0.918772
2025-08-20,Кандидат,KZT_RUB,0,0.14879
2025-08-20,Кандидат,TJS_RUB,0,8.58817
2025-08-20,Кандидат,UZS_RUB,0,0.00642917
2025-08-21,Closing,AMD_RUB,0,0.209276
2025-08-21,Closing,KGS_RUB,0,0.916084
2025-08-21,Closing,KZT_RUB,0,0.148736
2025-08-21,Closing,TJS_RUB,0,8.55077
2025-08-21,Closing,UZS_RUB,0,0.00639561
2025-08-21,Fact,AMD_RUB,0,0.209276
2025-08-21,Fact,KGS_RUB,0,0.916084
2025-08-21,Fact,KZT_RUB,0,0.148736
2025-08-21,Fact,TJS_RUB,0,8.55077
2025-08-21,Fact,UZS_RUB,0,0.00639561
2025-08-21,Good day,AMD_RUB,0,0.209276
2025-08-21,Good day,KGS_RUB,0,0.916084
2025-08-21,Good day,KZT_RUB,0,0.148736
2025-08-21,Good day,TJS_RUB,0,8.55077
2025-08-21,Good day,UZS_RUB,0,0.00639561
2025-08-21,Кандидат,AMD_RUB,1,0.209276
2025-08-21,Кандидат,KGS_RUB,1,0.916084
2025-08-21,Кандидат,KZT_RUB,0,0.148736
2025-08-21,Кандидат,TJS_RUB,1,8.55077
2025-08-21,Кандидат,UZS_RUB,0,0.00639561
2025-08-22,Closing,AMD_RUB,0,0.209707
2025-08-22,Closing,KGS_RUB,0,0.917743
2025-08-22,Closing,KZT_RUB,0,0.149081
2025-08-22,Closing,TJS_RUB,0,8.53067
2025-08-22,Closing,UZS_RUB,0,0.00643767
2025-08-22,Fact,AMD_RUB,0,0.209707
2025-08-22,Fact,KGS_RUB,0,0.917743
2025-08-22,Fact,KZT_RUB,0,0.149081
2025-08-22,Fact,TJS_RUB,0,8.53067
2025-08-22,Fact,UZS_RUB,0,0.00643767
2025-08-22,Good day,AMD_RUB,0,0.209707
2025-08-22,Good day,KGS_RUB,0,0.917743
2025-08-22,Good day,KZT_RUB,0,0.149081
2025-08-22,Good day,TJS_RUB,0,8.53067
2025-08-22,Good day,UZS_RUB,0,0.00643767
2025-08-22,Кандидат,AMD_RUB,0,0.209707
2025-08-22,Кандидат,KGS_RUB,1,0.917743
2025-08-22,Кандидат,KZT_RUB,0,0.149081
2025-08-22,Кандидат,TJS_RUB,1,8.53067
2025-08-22,Кандидат,UZS_RUB,0,0.00643767
2025-08-25,Closing,AMD_RUB,0,0.211044
2025-08-25,Closing,KGS_RUB,0,0.923621
2025-08-25,Closing,KZT_RUB,0,0.150162
2025-08-25,Closing,TJS_RUB,0,8.58328
2025-08-25,Closing,UZS_RUB,0,0.00650485
2025-08-25,Fact,AMD_RUB,0,0.211044
2025-08-25,Fact,KGS_RUB,0,0.923621
2025-08-25,Fact,KZT_RUB,0,0.150162
2025-08-25,Fact,TJS_RUB,0,8.58328
2025-08-25,Fact,UZS_RUB,0,0.00650485
2025-08-25,Good day,AMD_RUB,0,0.211044
2025-08-25,Good day,KGS_RUB,0,0.923621
2025-08-25,Good day,KZT_RUB,0,0.150162
2025-08-25,Good day,TJS_RUB,1,8.58328
2025-08-25,Good day,UZS_RUB,0,0.00650485
2025-08-25,Кандидат,AMD_RUB,0,0.211044
2025-08-25,Кандидат,KGS_RUB,0,0.923621
2025-08-25,Кандидат,KZT_RUB,0,0.150162
2025-08-25,Кандидат,TJS_RUB,1,8.58328
2025-08-25,Кандидат,UZS_RUB,0,0.00650485
2025-08-26,Closing,AMD_RUB,0,0.210763
2025-08-26,Closing,KGS_RUB,0,0.923471
2025-08-26,Closing,KZT_RUB,0,0.150155
2025-08-26,Closing,TJS_RUB,0,8.44427
2025-08-26,Closing,UZS_RUB,0,0.00652939
2025-08-26,Fact,AMD_RUB,0,0.210763
2025-08-26,Fact,KGS_RUB,0,0.923471
2025-08-26,Fact,KZT_RUB,0,0.150155
2025-08-26,Fact,TJS_RUB,0,8.44427
2025-08-26,Fact,UZS_RUB,0,0.00652939
2025-08-26,Good day,AMD_RUB,1,0.210763
2025-08-26,Good day,KGS_RUB,1,0.923471
2025-08-26,Good day,KZT_RUB,0,0.150155
2025-08-26,Good day,TJS_RUB,0,8.44427
2025-08-26,Good day,UZS_RUB,0,0.00652939
2025-08-26,Кандидат,AMD_RUB,1,0.210763
2025-08-26,Кандидат,KGS_RUB,1,0.923471
2025-08-26,Кандидат,KZT_RUB,0,0.150155
2025-08-26,Кандидат,TJS_RUB,1,8.44427
2025-08-26,Кандидат,UZS_RUB,0,0.00652939
2025-08-27,Closing,AMD_RUB,0,0.210522
2025-08-27,Closing,KGS_RUB,0,0.921887
2025-08-27,Closing,KZT_RUB,0,0.150239
2025-08-27,Closing,TJS_RUB,0,8.38524
2025-08-27,Closing,UZS_RUB,0,0.00654381
2025-08-27,Fact,AMD_RUB,0,0.210522
2025-08-27,Fact,KGS_RUB,0,0.921887
2025-08-27,Fact,KZT_RUB,0,0.150239
2025-08-27,Fact,TJS_RUB,0,8.38524
2025-08-27,Fact,UZS_RUB,0,0.00654381
2025-08-27,Good day,AMD_RUB,0,0.210522
2025-08-27,Good day,KGS_RUB,0,0.921887
2025-08-27,Good day,KZT_RUB,0,0.150239
2025-08-27,Good day,TJS_RUB,0,8.38524
2025-08-27,Good day,UZS_RUB,0,0.00654381
2025-08-27,Кандидат,AMD_RUB,1,0.210522
2025-08-27,Кандидат,KGS_RUB,1,0.921887
2025-08-27,Кандидат,KZT_RUB,0,0.150239
2025-08-27,Кандидат,TJS_RUB,1,8.38524
2025-08-27,Кандидат,UZS_RUB,0,0.00654381
2025-08-28,Closing,AMD_RUB,0,0.210444
2025-08-28,Closing,KGS_RUB,0,0.920917
2025-08-28,Closing,KZT_RUB,0,0.150677
2025-08-28,Closing,TJS_RUB,0,8.37529
2025-08-28,Closing,UZS_RUB,0,0.00651108
2025-08-28,Fact,AMD_RUB,0,0.210444
2025-08-28,Fact,KGS_RUB,0,0.920917
2025-08-28,Fact,KZT_RUB,0,0.150677
2025-08-28,Fact,TJS_RUB,0,8.37529
2025-08-28,Fact,UZS_RUB,0,0.00651108
2025-08-28,Good day,AMD_RUB,0,0.210444
2025-08-28,Good day,KGS_RUB,0,0.920917
2025-08-28,Good day,KZT_RUB,0,0.150677
2025-08-28,Good day,TJS_RUB,0,8.37529
2025-08-28,Good day,UZS_RUB,0,0.00651108
2025-08-28,Кандидат,AMD_RUB,1,0.210444
2025-08-28,Кандидат,KGS_RUB,1,0.920917
2025-08-28,Кандидат,KZT_RUB,0,0.150677
2025-08-28,Кандидат,TJS_RUB,1,8.37529
2025-08-28,Кандидат,UZS_RUB,0,0.00651108
2025-08-29,Closing,AMD_RUB,0,0.209656
2025-08-29,Closing,KGS_RUB,0,0.91913
2025-08-29,Closing,KZT_RUB,0,0.149344
2025-08-29,Closing,TJS_RUB,0,8.36678
2025-08-29,Closing,UZS_RUB,1,0.00646837
2025-08-29,Fact,AMD_RUB,0,0.209656
2025-08-29,Fact,KGS_RUB,0,0.91913
2025-08-29,Fact,KZT_RUB,0,0.149344
2025-08-29,Fact,TJS_RUB,0,8.36678
2025-08-29,Fact,UZS_RUB,0,0.00646837
2025-08-29,Good day,AMD_RUB,0,0.209656
2025-08-29,Good day,KGS_RUB,0,0.91913
2025-08-29,Good day,KZT_RUB,1,0.149344
2025-08-29,Good day,TJS_RUB,0,8.36678
2025-08-29,Good day,UZS_RUB,0,0.00646837
2025-08-29,Кандидат,AMD_RUB,1,0.209656
2025-08-29,Кандидат,KGS_RUB,1,0.91913
2025-08-29,Кандидат,KZT_RUB,1,0.149344
2025-08-29,Кандидат,TJS_RUB,1,8.36678
2025-08-29,Кандидат,UZS_RUB,0,0.00646837
2025-09-01,Closing,AMD_RUB,0,0.210006
2025-09-01,Closing,KGS_RUB,0,0.919217
2025-09-01,Closing,KZT_RUB,0,0.149382
2025-09-01,Closing,TJS_RUB,0,8.40465
2025-09-01,Closing,UZS_RUB,0,0.0064356
2025-09-01,Fact,AMD_RUB,0,0.210006
2025-09-01,Fact,KGS_RUB,0,0.919217
2025-09-01,Fact,KZT_RUB,0,0.149382
2025-09-01,Fact,TJS_RUB,0,8.40465
2025-09-01,Fact,UZS_RUB,0,0.0064356
2025-09-01,Good day,AMD_RUB,1,0.210006
2025-09-01,Good day,KGS_RUB,1,0.919217
2025-09-01,Good day,KZT_RUB,0,0.149382
2025-09-01,Good day,TJS_RUB,1,8.40465
2025-09-01,Good day,UZS_RUB,0,0.0064356
2025-09-01,Кандидат,AMD_RUB,1,0.210006
2025-09-01,Кандидат,KGS_RUB,1,0.919217
2025-09-01,Кандидат,KZT_RUB,0,0.149382
2025-09-01,Кандидат,TJS_RUB,1,8.40465
2025-09-01,Кандидат,UZS_RUB,1,0.0064356
2025-09-02,Closing,AMD_RUB,0,0.210204
2025-09-02,Closing,KGS_RUB,0,0.92033
2025-09-02,Closing,KZT_RUB,0,0.149341
2025-09-02,Closing,TJS_RUB,0,8.50161
2025-09-02,Closing,UZS_RUB,0,0.00644317
2025-09-02,Fact,AMD_RUB,0,0.210204
2025-09-02,Fact,KGS_RUB,0,0.92033
2025-09-02,Fact,KZT_RUB,0,0.149341
2025-09-02,Fact,TJS_RUB,0,8.50161
2025-09-02,Fact,UZS_RUB,0,0.00644317
2025-09-02,Good day,AMD_RUB,0,0.210204
2025-09-02,Good day,KGS_RUB,0,0.92033
2025-09-02,Good day,KZT_RUB,0,0.149341
2025-09-02,Good day,TJS_RUB,0,8.50161
2025-09-02,Good day,UZS_RUB,0,0.00644317
2025-09-02,Кандидат,AMD_RUB,1,0.210204
2025-09-02,Кандидат,KGS_RUB,1,0.92033
2025-09-02,Кандидат,KZT_RUB,1,0.149341
2025-09-02,Кандидат,TJS_RUB,0,8.50161
2025-09-02,Кандидат,UZS_RUB,1,0.00644317
2025-09-03,Closing,AMD_RUB,0,0.210606
2025-09-03,Closing,KGS_RUB,0,0.922325
2025-09-03,Closing,KZT_RUB,0,0.149654
2025-09-03,Closing,TJS_RUB,0,8.55824
2025-09-03,Closing,UZS_RUB,0,0.00646791
2025-09-03,Fact,AMD_RUB,0,0.210606
2025-09-03,Fact,KGS_RUB,0,0.922325
2025-09-03,Fact,KZT_RUB,0,0.149654
2025-09-03,Fact,TJS_RUB,0,8.55824
2025-09-03,Fact,UZS_RUB,0,0.00646791
2025-09-03,Good day,AMD_RUB,0,0.210606
2025-09-03,Good day,KGS_RUB,0,0.922325
2025-09-03,Good day,KZT_RUB,1,0.149654
2025-09-03,Good day,TJS_RUB,0,8.55824
2025-09-03,Good day,UZS_RUB,1,0.00646791
2025-09-03,Кандидат,AMD_RUB,1,0.210606
2025-09-03,Кандидат,KGS_RUB,1,0.922325
2025-09-03,Кандидат,KZT_RUB,1,0.149654
2025-09-03,Кандидат,TJS_RUB,0,8.55824
2025-09-03,Кандидат,UZS_RUB,1,0.00646791
2025-09-04,Closing,AMD_RUB,0,0.211287
2025-09-04,Closing,KGS_RUB,0,0.924652
2025-09-04,Closing,KZT_RUB,0,0.149845
2025-09-04,Closing,TJS_RUB,0,8.59536
2025-09-04,Closing,UZS_RUB,0,0.00650805
2025-09-04,Fact,AMD_RUB,0,0.211287
2025-09-04,Fact,KGS_RUB,0,0.924652
2025-09-04,Fact,KZT_RUB,0,0.149845
2025-09-04,Fact,TJS_RUB,0,8.59536
2025-09-04,Fact,UZS_RUB,0,0.00650805
2025-09-04,Good day,AMD_RUB,0,0.211287
2025-09-04,Good day,KGS_RUB,0,0.924652
2025-09-04,Good day,KZT_RUB,0,0.149845
2025-09-04,Good day,TJS_RUB,0,8.59536
2025-09-04,Good day,UZS_RUB,0,0.00650805
2025-09-04,Кандидат,AMD_RUB,1,0.211287
2025-09-04,Кандидат,KGS_RUB,1,0.924652
2025-09-04,Кандидат,KZT_RUB,1,0.149845
2025-09-04,Кандидат,TJS_RUB,0,8.59536
2025-09-04,Кандидат,UZS_RUB,0,0.00650805
2025-09-05,Closing,AMD_RUB,0,0.212682
2025-09-05,Closing,KGS_RUB,0,0.929648
2025-09-05,Closing,KZT_RUB,0,0.150501
2025-09-05,Closing,TJS_RUB,0,8.5903
2025-09-05,Closing,UZS_RUB,0,0.00656975
2025-09-05,Fact,AMD_RUB,0,0.212682
2025-09-05,Fact,KGS_RUB,0,0.929648
2025-09-05,Fact,KZT_RUB,0,0.150501
2025-09-05,Fact,TJS_RUB,0,8.5903
2025-09-05,Fact,UZS_RUB,0,0.00656975
2025-09-05,Good day,AMD_RUB,0,0.212682
2025-09-05,Good day,KGS_RUB,0,0.929648
2025-09-05,Good day,KZT_RUB,0,0.150501
2025-09-05,Good day,TJS_RUB,0,8.5903
2025-09-05,Good day,UZS_RUB,0,0.00656975
2025-09-05,Кандидат,AMD_RUB,0,0.212682
2025-09-05,Кандидат,KGS_RUB,0,0.929648
2025-09-05,Кандидат,KZT_RUB,1,0.150501
2025-09-05,Кандидат,TJS_RUB,0,8.5903
2025-09-05,Кандидат,UZS_RUB,0,0.00656975
2025-09-08,Closing,AMD_RUB,0,0.213067
2025-09-08,Closing,KGS_RUB,0,0.932597
2025-09-08,Closing,KZT_RUB,1,0.151015
2025-09-08,Closing,TJS_RUB,0,8.61755
2025-09-08,Closing,UZS_RUB,1,0.00655742
2025-09-08,Fact,AMD_RUB,0,0.213067
2025-09-08,Fact,KGS_RUB,0,0.932597
2025-09-08,Fact,KZT_RUB,0,0.151015
2025-09-08,Fact,TJS_RUB,0,8.61755
2025-09-08,Fact,UZS_RUB,0,0.00655742
2025-09-08,Good day,AMD_RUB,0,0.213067
2025-09-08,Good day,KGS_RUB,0,0.932597
2025-09-08,Good day,KZT_RUB,0,0.151015
2025-09-08,Good day,TJS_RUB,0,8.61755
2025-09-08,Good day,UZS_RUB,0,0.00655742
2025-09-08,Кандидат,AMD_RUB,0,0.213067
2025-09-08,Кандидат,KGS_RUB,0,0.932597
2025-09-08,Кандидат,KZT_RUB,0,0.151015
2025-09-08,Кандидат,TJS_RUB,0,8.61755
2025-09-08,Кандидат,UZS_RUB,0,0.00655742
2025-09-09,Closing,AMD_RUB,0,0.215267
2025-09-09,Closing,KGS_RUB,0,0.941563
2025-09-09,Closing,KZT_RUB,0,0.153073
2025-09-09,Closing,TJS_RUB,0,8.6981
2025-09-09,Closing,UZS_RUB,0,0.00657624
2025-09-09,Fact,AMD_RUB,0,0.215267
2025-09-09,Fact,KGS_RUB,0,0.941563
2025-09-09,Fact,KZT_RUB,0,0.153073
2025-09-09,Fact,TJS_RUB,0,8.6981
2025-09-09,Fact,UZS_RUB,0,0.00657624
2025-09-09,Good day,AMD_RUB,0,0.215267
2025-09-09,Good day,KGS_RUB,0,0.941563
2025-09-09,Good day,KZT_RUB,0,0.153073
2025-09-09,Good day,TJS_RUB,0,8.6981
2025-09-09,Good day,UZS_RUB,0,0.00657624
2025-09-09,Кандидат,AMD_RUB,0,0.215267
2025-09-09,Кандидат,KGS_RUB,0,0.941563
2025-09-09,Кандидат,KZT_RUB,0,0.153073
2025-09-09,Кандидат,TJS_RUB,0,8.6981
2025-09-09,Кандидат,UZS_RUB,0,0.00657624
2025-09-10,Closing,AMD_RUB,0,0.217372
2025-09-10,Closing,KGS_RUB,0,0.951887
2025-09-10,Closing,KZT_RUB,0,0.155556
2025-09-10,Closing,TJS_RUB,0,8.79347
2025-09-10,Closing,UZS_RUB,0,0.00669184
2025-09-10,Fact,AMD_RUB,0,0.217372
2025-09-10,Fact,KGS_RUB,0,0.951887
2025-09-10,Fact,KZT_RUB,0,0.155556
2025-09-10,Fact,TJS_RUB,0,8.79347
2025-09-10,Fact,UZS_RUB,0,0.00669184
2025-09-10,Good day,AMD_RUB,0,0.217372
2025-09-10,Good day,KGS_RUB,0,0.951887
2025-09-10,Good day,KZT_RUB,0,0.155556
2025-09-10,Good day,TJS_RUB,0,8.79347
2025-09-10,Good day,UZS_RUB,0,0.00669184
2025-09-10,Кандидат,AMD_RUB,0,0.217372
2025-09-10,Кандидат,KGS_RUB,0,0.951887
2025-09-10,Кандидат,KZT_RUB,0,0.155556
2025-09-10,Кандидат,TJS_RUB,0,8.79347
2025-09-10,Кандидат,UZS_RUB,0,0.00669184
2025-09-11,Closing,AMD_RUB,0,0.222022
2025-09-11,Closing,KGS_RUB,0,0.971082
2025-09-11,Closing,KZT_RUB,0,0.158211
2025-09-11,Closing,TJS_RUB,0,8.97079
2025-09-11,Closing,UZS_RUB,0,0.00687334
2025-09-11,Fact,AMD_RUB,0,0.222022
2025-09-11,Fact,KGS_RUB,0,0.971082
2025-09-11,Fact,KZT_RUB,0,0.158211
2025-09-11,Fact,TJS_RUB,0,8.97079
2025-09-11,Fact,UZS_RUB,0,0.00687334
2025-09-11,Good day,AMD_RUB,0,0.222022
2025-09-11,Good day,KGS_RUB,0,0.971082
2025-09-11,Good day,KZT_RUB,0,0.158211
2025-09-11,Good day,TJS_RUB,0,8.97079
2025-09-11,Good day,UZS_RUB,0,0.00687334
2025-09-11,Кандидат,AMD_RUB,0,0.222022
2025-09-11,Кандидат,KGS_RUB,0,0.971082
2025-09-11,Кандидат,KZT_RUB,0,0.158211
2025-09-11,Кандидат,TJS_RUB,0,8.97079
2025-09-11,Кандидат,UZS_RUB,0,0.00687334
2025-09-12,Closing,AMD_RUB,0,0.223814
2025-09-12,Closing,KGS_RUB,0,0.979585
2025-09-12,Closing,KZT_RUB,0,0.159169
2025-09-12,Closing,TJS_RUB,0,9.00407
2025-09-12,Closing,UZS_RUB,0,0.00693032
2025-09-12,Fact,AMD_RUB,0,0.223814
2025-09-12,Fact,KGS_RUB,0,0.979585
2025-09-12,Fact,KZT_RUB,0,0.159169
2025-09-12,Fact,TJS_RUB,0,9.00407
2025-09-12,Fact,UZS_RUB,0,0.00693032
2025-09-12,Good day,AMD_RUB,0,0.223814
2025-09-12,Good day,KGS_RUB,0,0.979585
2025-09-12,Good day,KZT_RUB,0,0.159169
2025-09-12,Good day,TJS_RUB,0,9.00407
2025-09-12,Good day,UZS_RUB,0,0.00693032
2025-09-12,Кандидат,AMD_RUB,0,0.223814
2025-09-12,Кандидат,KGS_RUB,0,0.979585
2025-09-12,Кандидат,KZT_RUB,0,0.159169
2025-09-12,Кандидат,TJS_RUB,0,9.00407
2025-09-12,Кандидат,UZS_RUB,0,0.00693032
2025-09-15,Closing,AMD_RUB,0,0.220043
2025-09-15,Closing,KGS_RUB,0,0.964892
2025-09-15,Closing,KZT_RUB,0,0.156581
2025-09-15,Closing,TJS_RUB,0,8.86901
2025-09-15,Closing,UZS_RUB,0,0.00677894
2025-09-15,Fact,AMD_RUB,0,0.220043
2025-09-15,Fact,KGS_RUB,0,0.964892
2025-09-15,Fact,KZT_RUB,0,0.156581
2025-09-15,Fact,TJS_RUB,0,8.86901
2025-09-15,Fact,UZS_RUB,0,0.00677894
2025-09-15,Good day,AMD_RUB,0,0.220043
2025-09-15,Good day,KGS_RUB,0,0.964892
2025-09-15,Good day,KZT_RUB,0,0.156581
2025-09-15,Good day,TJS_RUB,0,8.86901
2025-09-15,Good day,UZS_RUB,0,0.00677894
2025-09-15,Кандидат,AMD_RUB,0,0.220043
2025-09-15,Кандидат,KGS_RUB,0,0.964892
2025-09-15,Кандидат,KZT_RUB,0,0.156581
2025-09-15,Кандидат,TJS_RUB,0,8.86901
2025-09-15,Кандидат,UZS_RUB,0,0.00677894
2025-09-16,Closing,AMD_RUB,0,0.21683
2025-09-16,Closing,KGS_RUB,0,0.949935
2025-09-16,Closing,KZT_RUB,0,0.153598
2025-09-16,Closing,TJS_RUB,0,8.73089
2025-09-16,Closing,UZS_RUB,0,0.00668487
2025-09-16,Fact,AMD_RUB,0,0.21683
2025-09-16,Fact,KGS_RUB,0,0.949935
2025-09-16,Fact,KZT_RUB,0,0.153598
2025-09-16,Fact,TJS_RUB,0,8.73089
2025-09-16,Fact,UZS_RUB,0,0.00668487
2025-09-16,Good day,AMD_RUB,0,0.21683
2025-09-16,Good day,KGS_RUB,0,0.949935
2025-09-16,Good day,KZT_RUB,0,0.153598
2025-09-16,Good day,TJS_RUB,0,8.73089
2025-09-16,Good day,UZS_RUB,0,0.00668487
2025-09-16,Кандидат,AMD_RUB,0,0.21683
2025-09-16,Кандидат,KGS_RUB,0,0.949935
2025-09-16,Кандидат,KZT_RUB,0,0.153598
2025-09-16,Кандидат,TJS_RUB,0,8.73089
2025-09-16,Кандидат,UZS_RUB,0,0.00668487
2025-09-17,Closing,AMD_RUB,0,0.216214
2025-09-17,Closing,KGS_RUB,0,0.947252
2025-09-17,Closing,KZT_RUB,0,0.153065
2025-09-17,Closing,TJS_RUB,1,8.74895
2025-09-17,Closing,UZS_RUB,0,0.00671029
2025-09-17,Fact,AMD_RUB,1,0.216214
2025-09-17,Fact,KGS_RUB,1,0.947252
2025-09-17,Fact,KZT_RUB,1,0.153065
2025-09-17,Fact,TJS_RUB,0,8.74895
2025-09-17,Fact,UZS_RUB,0,0.00671029
2025-09-17,Good day,AMD_RUB,0,0.216214
2025-09-17,Good day,KGS_RUB,0,0.947252
2025-09-17,Good day,KZT_RUB,0,0.153065
2025-09-17,Good day,TJS_RUB,0,8.74895
2025-09-17,Good day,UZS_RUB,0,0.00671029
2025-09-17,Кандидат,AMD_RUB,0,0.216214
2025-09-17,Кандидат,KGS_RUB,0,0.947252
2025-09-17,Кандидат,KZT_RUB,0,0.153065
2025-09-17,Кандидат,TJS_RUB,0,8.74895
2025-09-17,Кандидат,UZS_RUB,0,0.00671029
2025-09-18,Closing,AMD_RUB,0,0.216741
2025-09-18,Closing,KGS_RUB,0,0.949099
2025-09-18,Closing,KZT_RUB,0,0.153832
2025-09-18,Closing,TJS_RUB,0,8.76614
2025-09-18,Closing,UZS_RUB,0,0.00675601
2025-09-18,Fact,AMD_RUB,0,0.216741
2025-09-18,Fact,KGS_RUB,0,0.949099
2025-09-18,Fact,KZT_RUB,0,0.153832
2025-09-18,Fact,TJS_RUB,0,8.76614
2025-09-18,Fact,UZS_RUB,1,0.00675601
2025-09-18,Good day,AMD_RUB,0,0.216741
2025-09-18,Good day,KGS_RUB,0,0.949099
2025-09-18,Good day,KZT_RUB,0,0.153832
2025-09-18,Good day,TJS_RUB,0,8.76614
2025-09-18,Good day,UZS_RUB,0,0.00675601
2025-09-18,Кандидат,AMD_RUB,0,0.216741
2025-09-18,Кандидат,KGS_RUB,0,0.949099
2025-09-18,Кандидат,KZT_RUB,0,0.153832
2025-09-18,Кандидат,TJS_RUB,0,8.76614
2025-09-18,Кандидат,UZS_RUB,0,0.00675601
2025-09-19,Closing,AMD_RUB,0,0.217393
2025-09-19,Closing,KGS_RUB,0,0.951086
2025-09-19,Closing,KZT_RUB,0,0.153736
2025-09-19,Closing,TJS_RUB,0,8.81307
2025-09-19,Closing,UZS_RUB,0,0.00678723
2025-09-19,Fact,AMD_RUB,0,0.217393
2025-09-19,Fact,KGS_RUB,0,0.951086
2025-09-19,Fact,KZT_RUB,0,0.153736
2025-09-19,Fact,TJS_RUB,0,8.81307
2025-09-19,Fact,UZS_RUB,0,0.00678723
2025-09-19,Good day,AMD_RUB,1,0.217393
2025-09-19,Good day,KGS_RUB,0,0.951086
2025-09-19,Good day,KZT_RUB,0,0.153736
2025-09-19,Good day,TJS_RUB,0,8.81307
2025-09-19,Good day,UZS_RUB,0,0.00678723
2025-09-19,Кандидат,AMD_RUB,1,0.217393
2025-09-19,Кандидат,KGS_RUB,0,0.951086
2025-09-19,Кандидат,KZT_RUB,0,0.153736
2025-09-19,Кандидат,TJS_RUB,0,8.81307
2025-09-19,Кандидат,UZS_RUB,0,0.00678723
2025-09-22,Closing,AMD_RUB,0,0.218337
2025-09-22,Closing,KGS_RUB,0,0.955865
2025-09-22,Closing,KZT_RUB,0,0.154414
2025-09-22,Closing,TJS_RUB,0,8.86177
2025-09-22,Closing,UZS_RUB,1,0.00678785
2025-09-22,Fact,AMD_RUB,0,0.218337
2025-09-22,Fact,KGS_RUB,0,0.955865
2025-09-22,Fact,KZT_RUB,1,0.154414
2025-09-22,Fact,TJS_RUB,0,8.86177
2025-09-22,Fact,UZS_RUB,0,0.00678785
2025-09-22,Good day,AMD_RUB,0,0.218337
2025-09-22,Good day,KGS_RUB,1,0.955865
2025-09-22,Good day,KZT_RUB,0,0.154414
2025-09-22,Good day,TJS_RUB,0,8.86177
2025-09-22,Good day,UZS_RUB,0,0.00678785
2025-09-22,Кандидат,AMD_RUB,1,0.218337
2025-09-22,Кандидат,KGS_RUB,1,0.955865
2025-09-22,Кандидат,KZT_RUB,0,0.154414
2025-09-22,Кандидат,TJS_RUB,0,8.86177
2025-09-22,Кандидат,UZS_RUB,0,0.00678785
2025-09-23,Closing,AMD_RUB,0,0.219112
2025-09-23,Closing,KGS_RUB,0,0.960762
2025-09-23,Closing,KZT_RUB,0,0.155248
2025-09-23,Closing,TJS_RUB,0,8.91198
2025-09-23,Closing,UZS_RUB,0,0.0068032
2025-09-23,Fact,AMD_RUB,0,0.219112
2025-09-23,Fact,KGS_RUB,0,0.960762
2025-09-23,Fact,KZT_RUB,0,0.155248
2025-09-23,Fact,TJS_RUB,0,8.91198
2025-09-23,Fact,UZS_RUB,0,0.0068032
2025-09-23,Good day,AMD_RUB,0,0.219112
2025-09-23,Good day,KGS_RUB,0,0.960762
2025-09-23,Good day,KZT_RUB,0,0.155248
2025-09-23,Good day,TJS_RUB,0,8.91198
2025-09-23,Good day,UZS_RUB,0,0.0068032
2025-09-23,Кандидат,AMD_RUB,0,0.219112
2025-09-23,Кандидат,KGS_RUB,0,0.960762
2025-09-23,Кандидат,KZT_RUB,0,0.155248
2025-09-23,Кандидат,TJS_RUB,0,8.91198
2025-09-23,Кандидат,UZS_RUB,0,0.0068032
2025-09-24,Closing,AMD_RUB,0,0.217711
2025-09-24,Closing,KGS_RUB,0,0.953123
2025-09-24,Closing,KZT_RUB,0,0.153594
2025-09-24,Closing,TJS_RUB,0,8.84403
2025-09-24,Closing,UZS_RUB,0,0.00680017
2025-09-24,Fact,AMD_RUB,0,0.217711
2025-09-24,Fact,KGS_RUB,0,0.953123
2025-09-24,Fact,KZT_RUB,0,0.153594
2025-09-24,Fact,TJS_RUB,0,8.84403
2025-09-24,Fact,UZS_RUB,0,0.00680017
2025-09-24,Good day,AMD_RUB,1,0.217711
2025-09-24,Good day,KGS_RUB,0,0.953123
2025-09-24,Good day,KZT_RUB,0,0.153594
2025-09-24,Good day,TJS_RUB,0,8.84403
2025-09-24,Good day,UZS_RUB,0,0.00680017
2025-09-24,Кандидат,AMD_RUB,1,0.217711
2025-09-24,Кандидат,KGS_RUB,1,0.953123
2025-09-24,Кандидат,KZT_RUB,0,0.153594
2025-09-24,Кандидат,TJS_RUB,0,8.84403
2025-09-24,Кандидат,UZS_RUB,0,0.00680017
2025-09-25,Closing,AMD_RUB,0,0.219459
2025-09-25,Closing,KGS_RUB,0,0.960451
2025-09-25,Closing,KZT_RUB,0,0.15411
2025-09-25,Closing,TJS_RUB,0,8.92036
2025-09-25,Closing,UZS_RUB,0,0.00690093
2025-09-25,Fact,AMD_RUB,0,0.219459
2025-09-25,Fact,KGS_RUB,0,0.960451
2025-09-25,Fact,KZT_RUB,0,0.15411
2025-09-25,Fact,TJS_RUB,0,8.92036
2025-09-25,Fact,UZS_RUB,0,0.00690093
2025-09-25,Good day,AMD_RUB,0,0.219459
2025-09-25,Good day,KGS_RUB,0,0.960451
2025-09-25,Good day,KZT_RUB,0,0.15411
2025-09-25,Good day,TJS_RUB,0,8.92036
2025-09-25,Good day,UZS_RUB,0,0.00690093
2025-09-25,Кандидат,AMD_RUB,0,0.219459
2025-09-25,Кандидат,KGS_RUB,0,0.960451
2025-09-25,Кандидат,KZT_RUB,0,0.15411
2025-09-25,Кандидат,TJS_RUB,0,8.92036
2025-09-25,Кандидат,UZS_RUB,0,0.00690093
2025-09-26,Closing,AMD_RUB,0,0.218027
2025-09-26,Closing,KGS_RUB,0,0.956054
2025-09-26,Closing,KZT_RUB,0,0.154029
2025-09-26,Closing,TJS_RUB,0,8.89085
2025-09-26,Closing,UZS_RUB,0,0.00684232
2025-09-26,Fact,AMD_RUB,0,0.218027
2025-09-26,Fact,KGS_RUB,0,0.956054
2025-09-26,Fact,KZT_RUB,0,0.154029
2025-09-26,Fact,TJS_RUB,0,8.89085
2025-09-26,Fact,UZS_RUB,0,0.00684232
2025-09-26,Good day,AMD_RUB,0,0.218027
2025-09-26,Good day,KGS_RUB,0,0.956054
2025-09-26,Good day,KZT_RUB,0,0.154029
2025-09-26,Good day,TJS_RUB,0,8.89085
2025-09-26,Good day,UZS_RUB,0,0.00684232
2025-09-26,Кандидат,AMD_RUB,1,0.218027
2025-09-26,Кандидат,KGS_RUB,1,0.956054
2025-09-26,Кандидат,KZT_RUB,0,0.154029
2025-09-26,Кандидат,TJS_RUB,0,8.89085
2025-09-26,Кандидат,UZS_RUB,0,0.00684232
2025-09-29,Closing,AMD_RUB,0,0.218473
2025-09-29,Closing,KGS_RUB,0,0.95611
2025-09-29,Closing,KZT_RUB,0,0.154356
2025-09-29,Closing,TJS_RUB,0,8.89137
2025-09-29,Closing,UZS_RUB,0,0.00685359
2025-09-29,Fact,AMD_RUB,0,0.218473
2025-09-29,Fact,KGS_RUB,0,0.95611
2025-09-29,Fact,KZT_RUB,0,0.154356
2025-09-29,Fact,TJS_RUB,0,8.89137
2025-09-29,Fact,UZS_RUB,0,0.00685359
2025-09-29,Good day,AMD_RUB,1,0.218473
2025-09-29,Good day,KGS_RUB,1,0.95611
2025-09-29,Good day,KZT_RUB,1,0.154356
2025-09-29,Good day,TJS_RUB,1,8.89137
2025-09-29,Good day,UZS_RUB,1,0.00685359
2025-09-29,Кандидат,AMD_RUB,1,0.218473
2025-09-29,Кандидат,KGS_RUB,1,0.95611
2025-09-29,Кандидат,KZT_RUB,1,0.154356
2025-09-29,Кандидат,TJS_RUB,1,8.89137
2025-09-29,Кандидат,UZS_RUB,1,0.00685359
2025-09-30,Closing,AMD_RUB,0,0.216506
2025-09-30,Closing,KGS_RUB,0,0.948121
2025-09-30,Closing,KZT_RUB,0,0.152257
2025-09-30,Closing,TJS_RUB,0,8.8173
2025-09-30,Closing,UZS_RUB,0,0.00682674
2025-09-30,Fact,AMD_RUB,0,0.216506
2025-09-30,Fact,KGS_RUB,0,0.948121
2025-09-30,Fact,KZT_RUB,0,0.152257
2025-09-30,Fact,TJS_RUB,0,8.8173
2025-09-30,Fact,UZS_RUB,0,0.00682674
2025-09-30,Good day,AMD_RUB,0,0.216506
2025-09-30,Good day,KGS_RUB,0,0.948121
2025-09-30,Good day,KZT_RUB,0,0.152257
2025-09-30,Good day,TJS_RUB,0,8.8173
2025-09-30,Good day,UZS_RUB,0,0.00682674
2025-09-30,Кандидат,AMD_RUB,1,0.216506
2025-09-30,Кандидат,KGS_RUB,1,0.948121
2025-09-30,Кандидат,KZT_RUB,1,0.152257
2025-09-30,Кандидат,TJS_RUB,1,8.8173
2025-09-30,Кандидат,UZS_RUB,1,0.00682674
2025-10-01,Closing,AMD_RUB,0,0.215958
2025-10-01,Closing,KGS_RUB,0,0.945072
2025-10-01,Closing,KZT_RUB,0,0.150528
2025-10-01,Closing,TJS_RUB,0,8.78972
2025-10-01,Closing,UZS_RUB,0,0.00684538
2025-10-01,Fact,AMD_RUB,0,0.215958
2025-10-01,Fact,KGS_RUB,0,0.945072
2025-10-01,Fact,KZT_RUB,0,0.150528
2025-10-01,Fact,TJS_RUB,0,8.78972
2025-10-01,Fact,UZS_RUB,0,0.00684538
2025-10-01,Good day,AMD_RUB,0,0.215958
2025-10-01,Good day,KGS_RUB,0,0.945072
2025-10-01,Good day,KZT_RUB,0,0.150528
2025-10-01,Good day,TJS_RUB,0,8.78972
2025-10-01,Good day,UZS_RUB,0,0.00684538
2025-10-01,Кандидат,AMD_RUB,1,0.215958
2025-10-01,Кандидат,KGS_RUB,1,0.945072
2025-10-01,Кандидат,KZT_RUB,1,0.150528
2025-10-01,Кандидат,TJS_RUB,1,8.78972
2025-10-01,Кандидат,UZS_RUB,1,0.00684538
2025-10-02,Closing,AMD_RUB,0,0.21293
2025-10-02,Closing,KGS_RUB,0,0.931923
2025-10-02,Closing,KZT_RUB,0,0.148429
2025-10-02,Closing,TJS_RUB,0,8.68363
2025-10-02,Closing,UZS_RUB,0,0.00675326
2025-10-02,Fact,AMD_RUB,0,0.21293
2025-10-02,Fact,KGS_RUB,0,0.931923
2025-10-02,Fact,KZT_RUB,0,0.148429
2025-10-02,Fact,TJS_RUB,0,8.68363
2025-10-02,Fact,UZS_RUB,0,0.00675326
2025-10-02,Good day,AMD_RUB,0,0.21293
2025-10-02,Good day,KGS_RUB,0,0.931923
2025-10-02,Good day,KZT_RUB,0,0.148429
2025-10-02,Good day,TJS_RUB,0,8.68363
2025-10-02,Good day,UZS_RUB,0,0.00675326
2025-10-02,Кандидат,AMD_RUB,1,0.21293
2025-10-02,Кандидат,KGS_RUB,1,0.931923
2025-10-02,Кандидат,KZT_RUB,1,0.148429
2025-10-02,Кандидат,TJS_RUB,1,8.68363
2025-10-02,Кандидат,UZS_RUB,1,0.00675326
2025-10-03,Closing,AMD_RUB,0,0.211323
2025-10-03,Closing,KGS_RUB,0,0.926341
2025-10-03,Closing,KZT_RUB,0,0.147516
2025-10-03,Closing,TJS_RUB,0,8.64128
2025-10-03,Closing,UZS_RUB,0,0.00670373
2025-10-03,Fact,AMD_RUB,0,0.211323
2025-10-03,Fact,KGS_RUB,0,0.926341
2025-10-03,Fact,KZT_RUB,0,0.147516
2025-10-03,Fact,TJS_RUB,0,8.64128
2025-10-03,Fact,UZS_RUB,0,0.00670373
2025-10-03,Good day,AMD_RUB,0,0.211323
2025-10-03,Good day,KGS_RUB,0,0.926341
2025-10-03,Good day,KZT_RUB,0,0.147516
2025-10-03,Good day,TJS_RUB,0,8.64128
2025-10-03,Good day,UZS_RUB,0,0.00670373
2025-10-03,Кандидат,AMD_RUB,1,0.211323
2025-10-03,Кандидат,KGS_RUB,1,0.926341
2025-10-03,Кандидат,KZT_RUB,1,0.147516
2025-10-03,Кандидат,TJS_RUB,1,8.64128
2025-10-03,Кандидат,UZS_RUB,1,0.00670373
2025-10-06,Closing,AMD_RUB,0,0.213964
2025-10-06,Closing,KGS_RUB,0,0.936611
2025-10-06,Closing,KZT_RUB,1,0.149731
2025-10-06,Closing,TJS_RUB,0,8.79043
2025-10-06,Closing,UZS_RUB,0,0.0067685
2025-10-06,Fact,AMD_RUB,1,0.213964
2025-10-06,Fact,KGS_RUB,1,0.936611
2025-10-06,Fact,KZT_RUB,0,0.149731
2025-10-06,Fact,TJS_RUB,1,8.79043
2025-10-06,Fact,UZS_RUB,0,0.0067685
2025-10-06,Good day,AMD_RUB,0,0.213964
2025-10-06,Good day,KGS_RUB,0,0.936611
2025-10-06,Good day,KZT_RUB,0,0.149731
2025-10-06,Good day,TJS_RUB,0,8.79043
2025-10-06,Good day,UZS_RUB,1,0.0067685
2025-10-06,Кандидат,AMD_RUB,0,0.213964
2025-10-06,Кандидат,KGS_RUB,0,0.936611
2025-10-06,Кандидат,KZT_RUB,0,0.149731
2025-10-06,Кандидат,TJS_RUB,0,8.79043
2025-10-06,Кандидат,UZS_RUB,1,0.0067685
2025-10-07,Closing,AMD_RUB,0,0.216948
2025-10-07,Closing,KGS_RUB,0,0.949114
2025-10-07,Closing,KZT_RUB,0,0.151579
2025-10-07,Closing,TJS_RUB,0,8.91036
2025-10-07,Closing,UZS_RUB,0,0.00688198
2025-10-07,Fact,AMD_RUB,0,0.216948
2025-10-07,Fact,KGS_RUB,0,0.949114
2025-10-07,Fact,KZT_RUB,0,0.151579
2025-10-07,Fact,TJS_RUB,0,8.91036
2025-10-07,Fact,UZS_RUB,0,0.00688198
2025-10-07,Good day,AMD_RUB,0,0.216948
2025-10-07,Good day,KGS_RUB,0,0.949114
2025-10-07,Good day,KZT_RUB,0,0.151579
2025-10-07,Good day,TJS_RUB,0,8.91036
2025-10-07,Good day,UZS_RUB,0,0.00688198
2025-10-07,Кандидат,AMD_RUB,0,0.216948
2025-10-07,Кандидат,KGS_RUB,0,0.949114
2025-10-07,Кандидат,KZT_RUB,0,0.151579
2025-10-07,Кандидат,TJS_RUB,0,8.91036
2025-10-07,Кандидат,UZS_RUB,0,0.00688198
2025-10-08,Closing,AMD_RUB,0,0.214136
2025-10-08,Closing,KGS_RUB,0,0.936934
2025-10-08,Closing,KZT_RUB,0,0.150155
2025-10-08,Closing,TJS_RUB,1,8.79602
2025-10-08,Closing,UZS_RUB,0,0.0068149
2025-10-08,Fact,AMD_RUB,0,0.214136
2025-10-08,Fact,KGS_RUB,0,0.936934
2025-10-08,Fact,KZT_RUB,0,0.150155
2025-10-08,Fact,TJS_RUB,0,8.79602
2025-10-08,Fact,UZS_RUB,0,0.0068149
2025-10-08,Good day,AMD_RUB,0,0.214136
2025-10-08,Good day,KGS_RUB,0,0.936934
2025-10-08,Good day,KZT_RUB,0,0.150155
2025-10-08,Good day,TJS_RUB,0,8.79602
2025-10-08,Good day,UZS_RUB,0,0.0068149
2025-10-08,Кандидат,AMD_RUB,0,0.214136
2025-10-08,Кандидат,KGS_RUB,0,0.936934
2025-10-08,Кандидат,KZT_RUB,0,0.150155
2025-10-08,Кандидат,TJS_RUB,0,8.79602
2025-10-08,Кандидат,UZS_RUB,0,0.0068149
2025-10-09,Closing,AMD_RUB,0,0.213058
2025-10-09,Closing,KGS_RUB,0,0.932508
2025-10-09,Closing,KZT_RUB,0,0.15056
2025-10-09,Closing,TJS_RUB,0,8.75239
2025-10-09,Closing,UZS_RUB,0,0.00677382
2025-10-09,Fact,AMD_RUB,0,0.213058
2025-10-09,Fact,KGS_RUB,0,0.932508
2025-10-09,Fact,KZT_RUB,0,0.15056
2025-10-09,Fact,TJS_RUB,0,8.75239
2025-10-09,Fact,UZS_RUB,0,0.00677382
2025-10-09,Good day,AMD_RUB,1,0.213058
2025-10-09,Good day,KGS_RUB,1,0.932508
2025-10-09,Good day,KZT_RUB,0,0.15056
2025-10-09,Good day,TJS_RUB,0,8.75239
2025-10-09,Good day,UZS_RUB,0,0.00677382
2025-10-09,Кандидат,AMD_RUB,1,0.213058
2025-10-09,Кандидат,KGS_RUB,1,0.932508
2025-10-09,Кандидат,KZT_RUB,0,0.15056
2025-10-09,Кандидат,TJS_RUB,0,8.75239
2025-10-09,Кандидат,UZS_RUB,0,0.00677382
2025-10-10,Closing,AMD_RUB,0,0.21281
2025-10-10,Closing,KGS_RUB,0,0.930966
2025-10-10,Closing,KZT_RUB,0,0.150743
2025-10-10,Closing,TJS_RUB,0,8.74017
2025-10-10,Closing,UZS_RUB,0,0.00674371
2025-10-10,Fact,AMD_RUB,0,0.21281
2025-10-10,Fact,KGS_RUB,0,0.930966
2025-10-10,Fact,KZT_RUB,0,0.150743
2025-10-10,Fact,TJS_RUB,0,8.74017
2025-10-10,Fact,UZS_RUB,0,0.00674371
2025-10-10,Good day,AMD_RUB,0,0.21281
2025-10-10,Good day,KGS_RUB,0,0.930966
2025-10-10,Good day,KZT_RUB,0,0.150743
2025-10-10,Good day,TJS_RUB,0,8.74017
2025-10-10,Good day,UZS_RUB,0,0.00674371
2025-10-10,Кандидат,AMD_RUB,1,0.21281
2025-10-10,Кандидат,KGS_RUB,1,0.930966
2025-10-10,Кандидат,KZT_RUB,0,0.150743
2025-10-10,Кандидат,TJS_RUB,0,8.74017
2025-10-10,Кандидат,UZS_RUB,1,0.00674371
2025-10-13,Closing,AMD_RUB,0,0.212161
2025-10-13,Closing,KGS_RUB,0,0.928414
2025-10-13,Closing,KZT_RUB,0,0.149924
2025-10-13,Closing,TJS_RUB,0,8.73798
2025-10-13,Closing,UZS_RUB,0,0.00669696
2025-10-13,Fact,AMD_RUB,0,0.212161
2025-10-13,Fact,KGS_RUB,0,0.928414
2025-10-13,Fact,KZT_RUB,0,0.149924
2025-10-13,Fact,TJS_RUB,1,8.73798
2025-10-13,Fact,UZS_RUB,0,0.00669696
2025-10-13,Good day,AMD_RUB,0,0.212161
2025-10-13,Good day,KGS_RUB,0,0.928414
2025-10-13,Good day,KZT_RUB,0,0.149924
2025-10-13,Good day,TJS_RUB,0,8.73798
2025-10-13,Good day,UZS_RUB,1,0.00669696
2025-10-13,Кандидат,AMD_RUB,1,0.212161
2025-10-13,Кандидат,KGS_RUB,1,0.928414
2025-10-13,Кандидат,KZT_RUB,0,0.149924
2025-10-13,Кандидат,TJS_RUB,0,8.73798
2025-10-13,Кандидат,UZS_RUB,1,0.00669696
2025-10-14,Closing,AMD_RUB,0,0.211346
2025-10-14,Closing,KGS_RUB,0,0.924583
2025-10-14,Closing,KZT_RUB,0,0.149992
2025-10-14,Closing,TJS_RUB,0,8.72653
2025-10-14,Closing,UZS_RUB,0,0.0066597
2025-10-14,Fact,AMD_RUB,0,0.211346
2025-10-14,Fact,KGS_RUB,0,0.924583
2025-10-14,Fact,KZT_RUB,0,0.149992
2025-10-14,Fact,TJS_RUB,0,8.72653
2025-10-14,Fact,UZS_RUB,0,0.0066597
2025-10-14,Good day,AMD_RUB,1,0.211346
2025-10-14,Good day,KGS_RUB,1,0.924583
2025-10-14,Good day,KZT_RUB,1,0.149992
2025-10-14,Good day,TJS_RUB,1,8.72653
2025-10-14,Good day,UZS_RUB,0,0.0066597
2025-10-14,Кандидат,AMD_RUB,1,0.211346
2025-10-14,Кандидат,KGS_RUB,1,0.924583
2025-10-14,Кандидат,KZT_RUB,1,0.149992
2025-10-14,Кандидат,TJS_RUB,1,8.72653
2025-10-14,Кандидат,UZS_RUB,1,0.0066597
2025-10-15,Closing,AMD_RUB,0,0.208895
2025-10-15,Closing,KGS_RUB,0,0.914338
2025-10-15,Closing,KZT_RUB,0,0.148686
2025-10-15,Closing,TJS_RUB,0,8.64383
2025-10-15,Closing,UZS_RUB,0,0.00658122
2025-10-15,Fact,AMD_RUB,0,0.208895
2025-10-15,Fact,KGS_RUB,0,0.914338
2025-10-15,Fact,KZT_RUB,0,0.148686
2025-10-15,Fact,TJS_RUB,0,8.64383
2025-10-15,Fact,UZS_RUB,0,0.00658122
2025-10-15,Good day,AMD_RUB,0,0.208895
2025-10-15,Good day,KGS_RUB,0,0.914338
2025-10-15,Good day,KZT_RUB,0,0.148686
2025-10-15,Good day,TJS_RUB,0,8.64383
2025-10-15,Good day,UZS_RUB,0,0.00658122
2025-10-15,Кандидат,AMD_RUB,1,0.208895
2025-10-15,Кандидат,KGS_RUB,1,0.914338
2025-10-15,Кандидат,KZT_RUB,1,0.148686
2025-10-15,Кандидат,TJS_RUB,1,8.64383
2025-10-15,Кандидат,UZS_RUB,1,0.00658122
2025-10-16,Closing,AMD_RUB,0,0.206023
2025-10-16,Closing,KGS_RUB,0,0.901532
2025-10-16,Closing,KZT_RUB,0,0.146369
2025-10-16,Closing,TJS_RUB,0,8.52452
2025-10-16,Closing,UZS_RUB,0,0.00647011
2025-10-16,Fact,AMD_RUB,0,0.206023
2025-10-16,Fact,KGS_RUB,0,0.901532
2025-10-16,Fact,KZT_RUB,0,0.146369
2025-10-16,Fact,TJS_RUB,0,8.52452
2025-10-16,Fact,UZS_RUB,0,0.00647011
2025-10-16,Good day,AMD_RUB,0,0.206023
2025-10-16,Good day,KGS_RUB,0,0.901532
2025-10-16,Good day,KZT_RUB,0,0.146369
2025-10-16,Good day,TJS_RUB,0,8.52452
2025-10-16,Good day,UZS_RUB,0,0.00647011
2025-10-16,Кандидат,AMD_RUB,1,0.206023
2025-10-16,Кандидат,KGS_RUB,1,0.901532
2025-10-16,Кандидат,KZT_RUB,1,0.146369
2025-10-16,Кандидат,TJS_RUB,1,8.52452
2025-10-16,Кандидат,UZS_RUB,1,0.00647011
2025-10-17,Closing,AMD_RUB,0,0.206766
2025-10-17,Closing,KGS_RUB,0,0.904333
2025-10-17,Closing,KZT_RUB,0,0.146571
2025-10-17,Closing,TJS_RUB,0,8.56693
2025-10-17,Closing,UZS_RUB,0,0.00646445
2025-10-17,Fact,AMD_RUB,0,0.206766
2025-10-17,Fact,KGS_RUB,0,0.904333
2025-10-17,Fact,KZT_RUB,0,0.146571
2025-10-17,Fact,TJS_RUB,0,8.56693
2025-10-17,Fact,UZS_RUB,0,0.00646445
2025-10-17,Good day,AMD_RUB,0,0.206766
2025-10-17,Good day,KGS_RUB,0,0.904333
2025-10-17,Good day,KZT_RUB,0,0.146571
2025-10-17,Good day,TJS_RUB,0,8.56693
2025-10-17,Good day,UZS_RUB,0,0.00646445
2025-10-17,Кандидат,AMD_RUB,1,0.206766
2025-10-17,Кандидат,KGS_RUB,1,0.904333
2025-10-17,Кандидат,KZT_RUB,1,0.146571
2025-10-17,Кандидат,TJS_RUB,1,8.56693
2025-10-17,Кандидат,UZS_RUB,1,0.00646445
2025-10-20,Closing,AMD_RUB,0,0.211672
2025-10-20,Closing,KGS_RUB,0,0.926054
2025-10-20,Closing,KZT_RUB,0,0.150572
2025-10-20,Closing,TJS_RUB,0,8.77945
2025-10-20,Closing,UZS_RUB,0,0.00665928
2025-10-20,Fact,AMD_RUB,0,0.211672
2025-10-20,Fact,KGS_RUB,0,0.926054
2025-10-20,Fact,KZT_RUB,0,0.150572
2025-10-20,Fact,TJS_RUB,0,8.77945
2025-10-20,Fact,UZS_RUB,0,0.00665928
2025-10-20,Good day,AMD_RUB,0,0.211672
2025-10-20,Good day,KGS_RUB,0,0.926054
2025-10-20,Good day,KZT_RUB,0,0.150572
2025-10-20,Good day,TJS_RUB,0,8.77945
2025-10-20,Good day,UZS_RUB,0,0.00665928
2025-10-20,Кандидат,AMD_RUB,0,0.211672
2025-10-20,Кандидат,KGS_RUB,0,0.926054
2025-10-20,Кандидат,KZT_RUB,0,0.150572
2025-10-20,Кандидат,TJS_RUB,0,8.77945
2025-10-20,Кандидат,UZS_RUB,0,0.00665928
2025-10-21,Closing,AMD_RUB,0,0.212418
2025-10-21,Closing,KGS_RUB,0,0.93034
2025-10-21,Closing,KZT_RUB,0,0.151697
2025-10-21,Closing,TJS_RUB,0,8.82831
2025-10-21,Closing,UZS_RUB,0,0.00671924
2025-10-21,Fact,AMD_RUB,0,0.212418
2025-10-21,Fact,KGS_RUB,0,0.93034
2025-10-21,Fact,KZT_RUB,0,0.151697
2025-10-21,Fact,TJS_RUB,0,8.82831
2025-10-21,Fact,UZS_RUB,0,0.00671924
2025-10-21,Good day,AMD_RUB,0,0.212418
2025-10-21,Good day,KGS_RUB,0,0.93034
2025-10-21,Good day,KZT_RUB,0,0.151697
2025-10-21,Good day,TJS_RUB,0,8.82831
2025-10-21,Good day,UZS_RUB,0,0.00671924
2025-10-21,Кандидат,AMD_RUB,0,0.212418
2025-10-21,Кандидат,KGS_RUB,0,0.93034
2025-10-21,Кандидат,KZT_RUB,0,0.151697
2025-10-21,Кандидат,TJS_RUB,0,8.82831
2025-10-21,Кандидат,UZS_RUB,0,0.00671924
2025-10-22,Closing,AMD_RUB,0,0.212657
2025-10-22,Closing,KGS_RUB,0,0.930217
2025-10-22,Closing,KZT_RUB,0,0.15117
2025-10-22,Closing,TJS_RUB,0,8.83127
2025-10-22,Closing,UZS_RUB,0,0.00674515
2025-10-22,Fact,AMD_RUB,0,0.212657
2025-10-22,Fact,KGS_RUB,0,0.930217
2025-10-22,Fact,KZT_RUB,0,0.15117
2025-10-22,Fact,TJS_RUB,0,8.83127
2025-10-22,Fact,UZS_RUB,0,0.00674515
2025-10-22,Good day,AMD_RUB,0,0.212657
2025-10-22,Good day,KGS_RUB,0,0.930217
2025-10-22,Good day,KZT_RUB,0,0.15117
2025-10-22,Good day,TJS_RUB,0,8.83127
2025-10-22,Good day,UZS_RUB,0,0.00674515
2025-10-22,Кандидат,AMD_RUB,0,0.212657
2025-10-22,Кандидат,KGS_RUB,0,0.930217
2025-10-22,Кандидат,KZT_RUB,0,0.15117
2025-10-22,Кандидат,TJS_RUB,0,8.83127
2025-10-22,Кандидат,UZS_RUB,0,0.00674515
2025-10-23,Closing,AMD_RUB,0,0.213471
2025-10-23,Closing,KGS_RUB,0,0.933732
2025-10-23,Closing,KZT_RUB,0,0.151617
2025-10-23,Closing,TJS_RUB,0,8.86464
2025-10-23,Closing,UZS_RUB,0,0.00679833
2025-10-23,Fact,AMD_RUB,0,0.213471
2025-10-23,Fact,KGS_RUB,0,0.933732
2025-10-23,Fact,KZT_RUB,0,0.151617
2025-10-23,Fact,TJS_RUB,0,8.86464
2025-10-23,Fact,UZS_RUB,0,0.00679833
2025-10-23,Good day,AMD_RUB,0,0.213471
2025-10-23,Good day,KGS_RUB,0,0.933732
2025-10-23,Good day,KZT_RUB,0,0.151617
2025-10-23,Good day,TJS_RUB,0,8.86464
2025-10-23,Good day,UZS_RUB,0,0.00679833
2025-10-23,Кандидат,AMD_RUB,0,0.213471
2025-10-23,Кандидат,KGS_RUB,0,0.933732
2025-10-23,Кандидат,KZT_RUB,0,0.151617
2025-10-23,Кандидат,TJS_RUB,0,8.86464
2025-10-23,Кандидат,UZS_RUB,0,0.00679833
2025-10-24,Closing,AMD_RUB,0,0.212446
2025-10-24,Closing,KGS_RUB,0,0.92932
2025-10-24,Closing,KZT_RUB,0,0.150909
2025-10-24,Closing,TJS_RUB,0,8.78669
2025-10-24,Closing,UZS_RUB,0,0.00671573
2025-10-24,Fact,AMD_RUB,0,0.212446
2025-10-24,Fact,KGS_RUB,0,0.92932
2025-10-24,Fact,KZT_RUB,0,0.150909
2025-10-24,Fact,TJS_RUB,0,8.78669
2025-10-24,Fact,UZS_RUB,0,0.00671573
2025-10-24,Good day,AMD_RUB,0,0.212446
2025-10-24,Good day,KGS_RUB,0,0.92932
2025-10-24,Good day,KZT_RUB,0,0.150909
2025-10-24,Good day,TJS_RUB,0,8.78669
2025-10-24,Good day,UZS_RUB,0,0.00671573
2025-10-24,Кандидат,AMD_RUB,0,0.212446
2025-10-24,Кандидат,KGS_RUB,0,0.92932
2025-10-24,Кандидат,KZT_RUB,0,0.150909
2025-10-24,Кандидат,TJS_RUB,0,8.78669
2025-10-24,Кандидат,UZS_RUB,0,0.00671573
2025-10-27,Closing,AMD_RUB,0,0.211386
2025-10-27,Closing,KGS_RUB,0,0.925915
2025-10-27,Closing,KZT_RUB,0,0.150474
2025-10-27,Closing,TJS_RUB,0,8.75451
2025-10-27,Closing,UZS_RUB,0,0.00667566
2025-10-27,Fact,AMD_RUB,0,0.211386
2025-10-27,Fact,KGS_RUB,0,0.925915
2025-10-27,Fact,KZT_RUB,0,0.150474
2025-10-27,Fact,TJS_RUB,0,8.75451
2025-10-27,Fact,UZS_RUB,0,0.00667566
2025-10-27,Good day,AMD_RUB,0,0.211386
2025-10-27,Good day,KGS_RUB,0,0.925915
2025-10-27,Good day,KZT_RUB,0,0.150474
2025-10-27,Good day,TJS_RUB,0,8.75451
2025-10-27,Good day,UZS_RUB,0,0.00667566
2025-10-27,Кандидат,AMD_RUB,0,0.211386
2025-10-27,Кандидат,KGS_RUB,0,0.925915
2025-10-27,Кандидат,KZT_RUB,0,0.150474
2025-10-27,Кандидат,TJS_RUB,0,8.75451
2025-10-27,Кандидат,UZS_RUB,0,0.00667566
2025-10-28,Closing,AMD_RUB,0,0.206388
2025-10-28,Closing,KGS_RUB,0,0.9032
2025-10-28,Closing,KZT_RUB,0,0.146776
2025-10-28,Closing,TJS_RUB,0,8.47804
2025-10-28,Closing,UZS_RUB,0,0.00651832
2025-10-28,Fact,AMD_RUB,0,0.206388
2025-10-28,Fact,KGS_RUB,0,0.9032
2025-10-28,Fact,KZT_RUB,0,0.146776
2025-10-28,Fact,TJS_RUB,0,8.47804
2025-10-28,Fact,UZS_RUB,0,0.00651832
2025-10-28,Good day,AMD_RUB,1,0.206388
2025-10-28,Good day,KGS_RUB,1,0.9032
2025-10-28,Good day,KZT_RUB,1,0.146776
2025-10-28,Good day,TJS_RUB,1,8.47804
2025-10-28,Good day,UZS_RUB,1,0.00651832
2025-10-28,Кандидат,AMD_RUB,1,0.206388
2025-10-28,Кандидат,KGS_RUB,1,0.9032
2025-10-28,Кандидат,KZT_RUB,1,0.146776
2025-10-28,Кандидат,TJS_RUB,1,8.47804
2025-10-28,Кандидат,UZS_RUB,1,0.00651832
2025-10-29,Closing,AMD_RUB,0,0.20852
2025-10-29,Closing,KGS_RUB,0,0.91272
2025-10-29,Closing,KZT_RUB,0,0.148324
2025-10-29,Closing,TJS_RUB,0,8.58676
2025-10-29,Closing,UZS_RUB,0,0.00662195
2025-10-29,Fact,AMD_RUB,0,0.20852
2025-10-29,Fact,KGS_RUB,0,0.91272
2025-10-29,Fact,KZT_RUB,0,0.148324
2025-10-29,Fact,TJS_RUB,0,8.58676
2025-10-29,Fact,UZS_RUB,0,0.00662195
2025-10-29,Good day,AMD_RUB,0,0.20852
2025-10-29,Good day,KGS_RUB,0,0.91272
2025-10-29,Good day,KZT_RUB,0,0.148324
2025-10-29,Good day,TJS_RUB,0,8.58676
2025-10-29,Good day,UZS_RUB,0,0.00662195
2025-10-29,Кандидат,AMD_RUB,0,0.20852
2025-10-29,Кандидат,KGS_RUB,0,0.91272
2025-10-29,Кандидат,KZT_RUB,0,0.148324
2025-10-29,Кандидат,TJS_RUB,0,8.58676
2025-10-29,Кандидат,UZS_RUB,0,0.00662195
2025-10-30,Closing,AMD_RUB,0,0.207703
2025-10-30,Closing,KGS_RUB,0,0.908765
2025-10-30,Closing,KZT_RUB,0,0.148315
2025-10-30,Closing,TJS_RUB,0,8.54762
2025-10-30,Closing,UZS_RUB,0,0.00662016
2025-10-30,Fact,AMD_RUB,0,0.207703
2025-10-30,Fact,KGS_RUB,0,0.908765
2025-10-30,Fact,KZT_RUB,0,0.148315
2025-10-30,Fact,TJS_RUB,0,8.54762
2025-10-30,Fact,UZS_RUB,0,0.00662016
2025-10-30,Good day,AMD_RUB,0,0.207703
2025-10-30,Good day,KGS_RUB,0,0.908765
2025-10-30,Good day,KZT_RUB,0,0.148315
2025-10-30,Good day,TJS_RUB,0,8.54762
2025-10-30,Good day,UZS_RUB,0,0.00662016
2025-10-30,Кандидат,AMD_RUB,1,0.207703
2025-10-30,Кандидат,KGS_RUB,1,0.908765
2025-10-30,Кандидат,KZT_RUB,0,0.148315
2025-10-30,Кандидат,TJS_RUB,1,8.54762
2025-10-30,Кандидат,UZS_RUB,0,0.00662016
2025-10-31,Closing,AMD_RUB,0,0.210346
2025-10-31,Closing,KGS_RUB,0,0.920568
2025-10-31,Closing,KZT_RUB,0,0.151851
2025-10-31,Closing,TJS_RUB,0,8.66983
2025-10-31,Closing,UZS_RUB,0,0.00671394
2025-10-31,Fact,AMD_RUB,0,0.210346
2025-10-31,Fact,KGS_RUB,0,0.920568
2025-10-31,Fact,KZT_RUB,0,0.151851
2025-10-31,Fact,TJS_RUB,0,8.66983
2025-10-31,Fact,UZS_RUB,0,0.00671394
2025-10-31,Good day,AMD_RUB,0,0.210346
2025-10-31,Good day,KGS_RUB,0,0.920568
2025-10-31,Good day,KZT_RUB,0,0.151851
2025-10-31,Good day,TJS_RUB,0,8.66983
2025-10-31,Good day,UZS_RUB,0,0.00671394
2025-10-31,Кандидат,AMD_RUB,0,0.210346
2025-10-31,Кандидат,KGS_RUB,0,0.920568
2025-10-31,Кандидат,KZT_RUB,0,0.151851
2025-10-31,Кандидат,TJS_RUB,0,8.66983
2025-10-31,Кандидат,UZS_RUB,0,0.00671394
2025-11-03,Closing,AMD_RUB,0,0.211384
2025-11-03,Closing,KGS_RUB,0,0.924941
2025-11-03,Closing,KZT_RUB,0,0.15248
2025-11-03,Closing,TJS_RUB,0,8.72774
2025-11-03,Closing,UZS_RUB,0,0.00672637
2025-11-03,Fact,AMD_RUB,0,0.211384
2025-11-03,Fact,KGS_RUB,0,0.924941
2025-11-03,Fact,KZT_RUB,0,0.15248
2025-11-03,Fact,TJS_RUB,0,8.72774
2025-11-03,Fact,UZS_RUB,0,0.00672637
2025-11-03,Good day,AMD_RUB,0,0.211384
2025-11-03,Good day,KGS_RUB,0,0.924941
2025-11-03,Good day,KZT_RUB,0,0.15248
2025-11-03,Good day,TJS_RUB,0,8.72774
2025-11-03,Good day,UZS_RUB,0,0.00672637
2025-11-03,Кандидат,AMD_RUB,0,0.211384
2025-11-03,Кандидат,KGS_RUB,0,0.924941
2025-11-03,Кандидат,KZT_RUB,0,0.15248
2025-11-03,Кандидат,TJS_RUB,0,8.72774
2025-11-03,Кандидат,UZS_RUB,0,0.00672637
2025-11-04,Closing,AMD_RUB,0,0.211384
2025-11-04,Closing,KGS_RUB,0,0.924941
2025-11-04,Closing,KZT_RUB,0,0.15248
2025-11-04,Closing,TJS_RUB,0,8.72774
2025-11-04,Closing,UZS_RUB,0,0.00672637
2025-11-04,Fact,AMD_RUB,0,0.211384
2025-11-04,Fact,KGS_RUB,0,0.924941
2025-11-04,Fact,KZT_RUB,0,0.15248
2025-11-04,Fact,TJS_RUB,0,8.72774
2025-11-04,Fact,UZS_RUB,0,0.00672637
2025-11-04,Good day,AMD_RUB,0,0.211384
2025-11-04,Good day,KGS_RUB,0,0.924941
2025-11-04,Good day,KZT_RUB,0,0.15248
2025-11-04,Good day,TJS_RUB,0,8.72774
2025-11-04,Good day,UZS_RUB,0,0.00672637
2025-11-04,Кандидат,AMD_RUB,0,0.211384
2025-11-04,Кандидат,KGS_RUB,0,0.924941
2025-11-04,Кандидат,KZT_RUB,0,0.15248
2025-11-04,Кандидат,TJS_RUB,0,8.72774
2025-11-04,Кандидат,UZS_RUB,0,0.00672637
2025-11-05,Closing,AMD_RUB,0,0.211384
2025-11-05,Closing,KGS_RUB,0,0.924941
2025-11-05,Closing,KZT_RUB,0,0.15248
2025-11-05,Closing,TJS_RUB,0,8.72774
2025-11-05,Closing,UZS_RUB,0,0.00672637
2025-11-05,Fact,AMD_RUB,0,0.211384
2025-11-05,Fact,KGS_RUB,0,0.924941
2025-11-05,Fact,KZT_RUB,0,0.15248
2025-11-05,Fact,TJS_RUB,0,8.72774
2025-11-05,Fact,UZS_RUB,0,0.00672637
2025-11-05,Good day,AMD_RUB,0,0.211384
2025-11-05,Good day,KGS_RUB,0,0.924941
2025-11-05,Good day,KZT_RUB,0,0.15248
2025-11-05,Good day,TJS_RUB,0,8.72774
2025-11-05,Good day,UZS_RUB,0,0.00672637
2025-11-05,Кандидат,AMD_RUB,0,0.211384
2025-11-05,Кандидат,KGS_RUB,0,0.924941
2025-11-05,Кандидат,KZT_RUB,0,0.15248
2025-11-05,Кандидат,TJS_RUB,0,8.72774
2025-11-05,Кандидат,UZS_RUB,0,0.00672637
2025-11-06,Closing,AMD_RUB,0,0.212219
2025-11-06,Closing,KGS_RUB,0,0.928399
2025-11-06,Closing,KZT_RUB,0,0.155388
2025-11-06,Closing,TJS_RUB,0,8.75461
2025-11-06,Closing,UZS_RUB,0,0.00679366
2025-11-06,Fact,AMD_RUB,0,0.212219
2025-11-06,Fact,KGS_RUB,0,0.928399
2025-11-06,Fact,KZT_RUB,0,0.155388
2025-11-06,Fact,TJS_RUB,0,8.75461
2025-11-06,Fact,UZS_RUB,0,0.00679366
2025-11-06,Good day,AMD_RUB,0,0.212219
2025-11-06,Good day,KGS_RUB,0,0.928399
2025-11-06,Good day,KZT_RUB,0,0.155388
2025-11-06,Good day,TJS_RUB,0,8.75461
2025-11-06,Good day,UZS_RUB,0,0.00679366
2025-11-06,Кандидат,AMD_RUB,0,0.212219
2025-11-06,Кандидат,KGS_RUB,0,0.928399
2025-11-06,Кандидат,KZT_RUB,0,0.155388
2025-11-06,Кандидат,TJS_RUB,0,8.75461
2025-11-06,Кандидат,UZS_RUB,0,0.00679366
2025-11-07,Closing,AMD_RUB,0,0.21276
2025-11-07,Closing,KGS_RUB,0,0.930549
2025-11-07,Closing,KZT_RUB,0,0.155021
2025-11-07,Closing,TJS_RUB,0,8.77318
2025-11-07,Closing,UZS_RUB,0,0.00679799
2025-11-07,Fact,AMD_RUB,0,0.21276
2025-11-07,Fact,KGS_RUB,0,0.930549
2025-11-07,Fact,KZT_RUB,0,0.155021
2025-11-07,Fact,TJS_RUB,0,8.77318
2025-11-07,Fact,UZS_RUB,0,0.00679799
2025-11-07,Good day,AMD_RUB,0,0.21276
2025-11-07,Good day,KGS_RUB,0,0.930549
2025-11-07,Good day,KZT_RUB,0,0.155021
2025-11-07,Good day,TJS_RUB,0,8.77318
2025-11-07,Good day,UZS_RUB,0,0.00679799
2025-11-07,Кандидат,AMD_RUB,0,0.21276
2025-11-07,Кандидат,KGS_RUB,0,0.930549
2025-11-07,Кандидат,KZT_RUB,0,0.155021
2025-11-07,Кандидат,TJS_RUB,0,8.77318
2025-11-07,Кандидат,UZS_RUB,0,0.00679799
2025-11-10,Closing,AMD_RUB,0,0.212333
2025-11-10,Closing,KGS_RUB,0,0.928824
2025-11-10,Closing,KZT_RUB,0,0.15419
2025-11-10,Closing,TJS_RUB,0,8.75692
2025-11-10,Closing,UZS_RUB,0,0.0067559
2025-11-10,Fact,AMD_RUB,0,0.212333
2025-11-10,Fact,KGS_RUB,0,0.928824
2025-11-10,Fact,KZT_RUB,0,0.15419
2025-11-10,Fact,TJS_RUB,0,8.75692
2025-11-10,Fact,UZS_RUB,0,0.0067559
2025-11-10,Good day,AMD_RUB,1,0.212333
2025-11-10,Good day,KGS_RUB,1,0.928824
2025-11-10,Good day,KZT_RUB,0,0.15419
2025-11-10,Good day,TJS_RUB,0,8.75692
2025-11-10,Good day,UZS_RUB,1,0.0067559
2025-11-10,Кандидат,AMD_RUB,1,0.212333
2025-11-10,Кандидат,KGS_RUB,1,0.928824
2025-11-10,Кандидат,KZT_RUB,0,0.15419
2025-11-10,Кандидат,TJS_RUB,0,8.75692
2025-11-10,Кандидат,UZS_RUB,1,0.0067559
2025-11-11,Closing,AMD_RUB,0,0.211738
2025-11-11,Closing,KGS_RUB,0,0.926395
2025-11-11,Closing,KZT_RUB,0,0.154012
2025-11-11,Closing,TJS_RUB,0,8.73401
2025-11-11,Closing,UZS_RUB,0,0.00671736
2025-11-11,Fact,AMD_RUB,0,0.211738
2025-11-11,Fact,KGS_RUB,0,0.926395
2025-11-11,Fact,KZT_RUB,1,0.154012
2025-11-11,Fact,TJS_RUB,0,8.73401
2025-11-11,Fact,UZS_RUB,0,0.00671736
2025-11-11,Good day,AMD_RUB,0,0.211738
2025-11-11,Good day,KGS_RUB,0,0.926395
2025-11-11,Good day,KZT_RUB,0,0.154012
2025-11-11,Good day,TJS_RUB,1,8.73401
2025-11-11,Good day,UZS_RUB,0,0.00671736
2025-11-11,Кандидат,AMD_RUB,1,0.211738
2025-11-11,Кандидат,KGS_RUB,1,0.926395
2025-11-11,Кандидат,KZT_RUB,0,0.154012
2025-11-11,Кандидат,TJS_RUB,1,8.73401
2025-11-11,Кандидат,UZS_RUB,1,0.00671736
2025-11-12,Closing,AMD_RUB,0,0.212685
2025-11-12,Closing,KGS_RUB,0,0.930317
2025-11-12,Closing,KZT_RUB,0,0.155384
2025-11-12,Closing,TJS_RUB,0,8.76693
2025-11-12,Closing,UZS_RUB,0,0.00677125
2025-11-12,Fact,AMD_RUB,0,0.212685
2025-11-12,Fact,KGS_RUB,0,0.930317
2025-11-12,Fact,KZT_RUB,0,0.155384
2025-11-12,Fact,TJS_RUB,0,8.76693
2025-11-12,Fact,UZS_RUB,0,0.00677125
2025-11-12,Good day,AMD_RUB,0,0.212685
2025-11-12,Good day,KGS_RUB,0,0.930317
2025-11-12,Good day,KZT_RUB,0,0.155384
2025-11-12,Good day,TJS_RUB,0,8.76693
2025-11-12,Good day,UZS_RUB,0,0.00677125
2025-11-12,Кандидат,AMD_RUB,1,0.212685
2025-11-12,Кандидат,KGS_RUB,1,0.930317
2025-11-12,Кандидат,KZT_RUB,0,0.155384
2025-11-12,Кандидат,TJS_RUB,1,8.76693
2025-11-12,Кандидат,UZS_RUB,1,0.00677125
2025-11-13,Closing,AMD_RUB,0,0.212738
2025-11-13,Closing,KGS_RUB,0,0.929505
2025-11-13,Closing,KZT_RUB,0,0.154746
2025-11-13,Closing,TJS_RUB,0,8.75928
2025-11-13,Closing,UZS_RUB,0,0.00677942
2025-11-13,Fact,AMD_RUB,0,0.212738
2025-11-13,Fact,KGS_RUB,0,0.929505
2025-11-13,Fact,KZT_RUB,0,0.154746
2025-11-13,Fact,TJS_RUB,0,8.75928
2025-11-13,Fact,UZS_RUB,0,0.00677942
2025-11-13,Good day,AMD_RUB,0,0.212738
2025-11-13,Good day,KGS_RUB,0,0.929505
2025-11-13,Good day,KZT_RUB,0,0.154746
2025-11-13,Good day,TJS_RUB,0,8.75928
2025-11-13,Good day,UZS_RUB,0,0.00677942
2025-11-13,Кандидат,AMD_RUB,1,0.212738
2025-11-13,Кандидат,KGS_RUB,1,0.929505
2025-11-13,Кандидат,KZT_RUB,0,0.154746
2025-11-13,Кандидат,TJS_RUB,1,8.75928
2025-11-13,Кандидат,UZS_RUB,1,0.00677942
2025-11-14,Closing,AMD_RUB,0,0.210843
2025-11-14,Closing,KGS_RUB,0,0.921681
2025-11-14,Closing,KZT_RUB,0,0.153628
2025-11-14,Closing,TJS_RUB,0,8.68601
2025-11-14,Closing,UZS_RUB,0,0.00673226
2025-11-14,Fact,AMD_RUB,0,0.210843
2025-11-14,Fact,KGS_RUB,0,0.921681
2025-11-14,Fact,KZT_RUB,0,0.153628
2025-11-14,Fact,TJS_RUB,0,8.68601
2025-11-14,Fact,UZS_RUB,0,0.00673226
2025-11-14,Good day,AMD_RUB,0,0.210843
2025-11-14,Good day,KGS_RUB,0,0.921681
2025-11-14,Good day,KZT_RUB,1,0.153628
2025-11-14,Good day,TJS_RUB,0,8.68601
2025-11-14,Good day,UZS_RUB,0,0.00673226
2025-11-14,Кандидат,AMD_RUB,1,0.210843
2025-11-14,Кандидат,KGS_RUB,1,0.921681
2025-11-14,Кандидат,KZT_RUB,1,0.153628
2025-11-14,Кандидат,TJS_RUB,1,8.68601
2025-11-14,Кандидат,UZS_RUB,1,0.00673226
2025-11-17,Closing,AMD_RUB,0,0.212309
2025-11-17,Closing,KGS_RUB,0,0.927703
2025-11-17,Closing,KZT_RUB,0,0.154729
2025-11-17,Closing,TJS_RUB,0,8.74276
2025-11-17,Closing,UZS_RUB,0,0.00676904
2025-11-17,Fact,AMD_RUB,0,0.212309
2025-11-17,Fact,KGS_RUB,0,0.927703
2025-11-17,Fact,KZT_RUB,0,0.154729
2025-11-17,Fact,TJS_RUB,0,8.74276
2025-11-17,Fact,UZS_RUB,0,0.00676904
2025-11-17,Good day,AMD_RUB,1,0.212309
2025-11-17,Good day,KGS_RUB,1,0.927703
2025-11-17,Good day,KZT_RUB,0,0.154729
2025-11-17,Good day,TJS_RUB,1,8.74276
2025-11-17,Good day,UZS_RUB,1,0.00676904
2025-11-17,Кандидат,AMD_RUB,1,0.212309
2025-11-17,Кандидат,KGS_RUB,1,0.927703
2025-11-17,Кандидат,KZT_RUB,1,0.154729
2025-11-17,Кандидат,TJS_RUB,1,8.74276
2025-11-17,Кандидат,UZS_RUB,1,0.00676904
2025-11-18,Closing,AMD_RUB,0,0.212539
2025-11-18,Closing,KGS_RUB,0,0.927732
2025-11-18,Closing,KZT_RUB,0,0.155365
2025-11-18,Closing,TJS_RUB,0,8.74389
2025-11-18,Closing,UZS_RUB,0,0.00673861
2025-11-18,Fact,AMD_RUB,0,0.212539
2025-11-18,Fact,KGS_RUB,0,0.927732
2025-11-18,Fact,KZT_RUB,0,0.155365
2025-11-18,Fact,TJS_RUB,0,8.74389
2025-11-18,Fact,UZS_RUB,0,0.00673861
2025-11-18,Good day,AMD_RUB,0,0.212539
2025-11-18,Good day,KGS_RUB,0,0.927732
2025-11-18,Good day,KZT_RUB,0,0.155365
2025-11-18,Good day,TJS_RUB,0,8.74389
2025-11-18,Good day,UZS_RUB,0,0.00673861
2025-11-18,Кандидат,AMD_RUB,1,0.212539
2025-11-18,Кандидат,KGS_RUB,1,0.927732
2025-11-18,Кандидат,KZT_RUB,0,0.155365
2025-11-18,Кандидат,TJS_RUB,1,8.74389
2025-11-18,Кандидат,UZS_RUB,1,0.00673861
2025-11-19,Closing,AMD_RUB,0,0.21218
2025-11-19,Closing,KGS_RUB,0,0.926882
2025-11-19,Closing,KZT_RUB,0,0.154643
2025-11-19,Closing,TJS_RUB,0,8.73208
2025-11-19,Closing,UZS_RUB,0,0.00674898
2025-11-19,Fact,AMD_RUB,0,0.21218
2025-11-19,Fact,KGS_RUB,0,0.926882
2025-11-19,Fact,KZT_RUB,0,0.154643
2025-11-19,Fact,TJS_RUB,0,8.73208
2025-11-19,Fact,UZS_RUB,0,0.00674898
2025-11-19,Good day,AMD_RUB,0,0.21218
2025-11-19,Good day,KGS_RUB,0,0.926882
2025-11-19,Good day,KZT_RUB,1,0.154643
2025-11-19,Good day,TJS_RUB,0,8.73208
2025-11-19,Good day,UZS_RUB,0,0.00674898
2025-11-19,Кандидат,AMD_RUB,1,0.21218
2025-11-19,Кандидат,KGS_RUB,1,0.926882
2025-11-19,Кандидат,KZT_RUB,1,0.154643
2025-11-19,Кандидат,TJS_RUB,1,8.73208
2025-11-19,Кандидат,UZS_RUB,1,0.00674898
2025-11-20,Closing,AMD_RUB,0,0.212192
2025-11-20,Closing,KGS_RUB,0,0.925612
2025-11-20,Closing,KZT_RUB,0,0.155361
2025-11-20,Closing,TJS_RUB,0,8.72043
2025-11-20,Closing,UZS_RUB,0,0.0067789
2025-11-20,Fact,AMD_RUB,0,0.212192
2025-11-20,Fact,KGS_RUB,0,0.925612
2025-11-20,Fact,KZT_RUB,0,0.155361
2025-11-20,Fact,TJS_RUB,0,8.72043
2025-11-20,Fact,UZS_RUB,0,0.0067789
2025-11-20,Good day,AMD_RUB,0,0.212192
2025-11-20,Good day,KGS_RUB,0,0.925612
2025-11-20,Good day,KZT_RUB,0,0.155361
2025-11-20,Good day,TJS_RUB,0,8.72043
2025-11-20,Good day,UZS_RUB,0,0.0067789
2025-11-20,Кандидат,AMD_RUB,1,0.212192
2025-11-20,Кандидат,KGS_RUB,1,0.925612
2025-11-20,Кандидат,KZT_RUB,0,0.155361
2025-11-20,Кандидат,TJS_RUB,1,8.72043
2025-11-20,Кандидат,UZS_RUB,1,0.0067789
2025-11-21,Closing,AMD_RUB,0,0.211313
2025-11-21,Closing,KGS_RUB,0,0.92318
2025-11-21,Closing,KZT_RUB,0,0.15543
2025-11-21,Closing,TJS_RUB,0,8.69686
2025-11-21,Closing,UZS_RUB,0,0.00677798
2025-11-21,Fact,AMD_RUB,0,0.211313
2025-11-21,Fact,KGS_RUB,0,0.92318
2025-11-21,Fact,KZT_RUB,0,0.15543
2025-11-21,Fact,TJS_RUB,0,8.69686
2025-11-21,Fact,UZS_RUB,0,0.00677798
2025-11-21,Good day,AMD_RUB,0,0.211313
2025-11-21,Good day,KGS_RUB,0,0.92318
2025-11-21,Good day,KZT_RUB,0,0.15543
2025-11-21,Good day,TJS_RUB,0,8.69686
2025-11-21,Good day,UZS_RUB,0,0.00677798
2025-11-21,Кандидат,AMD_RUB,1,0.211313
2025-11-21,Кандидат,KGS_RUB,1,0.92318
2025-11-21,Кандидат,KZT_RUB,0,0.15543
2025-11-21,Кандидат,TJS_RUB,1,8.69686
2025-11-21,Кандидат,UZS_RUB,1,0.00677798
2025-11-24,Closing,AMD_RUB,0,0.207082
2025-11-24,Closing,KGS_RUB,0,0.903655
2025-11-24,Closing,KZT_RUB,0,0.152501
2025-11-24,Closing,TJS_RUB,0,8.50559
2025-11-24,Closing,UZS_RUB,0,0.00663255
2025-11-24,Fact,AMD_RUB,0,0.207082
2025-11-24,Fact,KGS_RUB,0,0.903655
2025-11-24,Fact,KZT_RUB,0,0.152501
2025-11-24,Fact,TJS_RUB,0,8.50559
2025-11-24,Fact,UZS_RUB,0,0.00663255
2025-11-24,Good day,AMD_RUB,1,0.207082
2025-11-24,Good day,KGS_RUB,1,0.903655
2025-11-24,Good day,KZT_RUB,1,0.152501
2025-11-24,Good day,TJS_RUB,1,8.50559
2025-11-24,Good day,UZS_RUB,1,0.00663255
2025-11-24,Кандидат,AMD_RUB,1,0.207082
2025-11-24,Кандидат,KGS_RUB,1,0.903655
2025-11-24,Кандидат,KZT_RUB,1,0.152501
2025-11-24,Кандидат,TJS_RUB,1,8.50559
2025-11-24,Кандидат,UZS_RUB,1,0.00663255
2025-11-25,Closing,AMD_RUB,0,0.206814
2025-11-25,Closing,KGS_RUB,0,0.902461
2025-11-25,Closing,KZT_RUB,0,0.152162
2025-11-25,Closing,TJS_RUB,0,8.49381
2025-11-25,Closing,UZS_RUB,0,0.0065924
2025-11-25,Fact,AMD_RUB,0,0.206814
2025-11-25,Fact,KGS_RUB,0,0.902461
2025-11-25,Fact,KZT_RUB,0,0.152162
2025-11-25,Fact,TJS_RUB,0,8.49381
2025-11-25,Fact,UZS_RUB,0,0.0065924
2025-11-25,Good day,AMD_RUB,0,0.206814
2025-11-25,Good day,KGS_RUB,0,0.902461
2025-11-25,Good day,KZT_RUB,0,0.152162
2025-11-25,Good day,TJS_RUB,0,8.49381
2025-11-25,Good day,UZS_RUB,0,0.0065924
2025-11-25,Кандидат,AMD_RUB,1,0.206814
2025-11-25,Кандидат,KGS_RUB,1,0.902461
2025-11-25,Кандидат,KZT_RUB,1,0.152162
2025-11-25,Кандидат,TJS_RUB,1,8.49381
2025-11-25,Кандидат,UZS_RUB,1,0.0065924
2025-11-26,Closing,AMD_RUB,0,0.20708
2025-11-26,Closing,KGS_RUB,0,0.902933
2025-11-26,Closing,KZT_RUB,0,0.151855
2025-11-26,Closing,TJS_RUB,0,8.49798
2025-11-26,Closing,UZS_RUB,0,0.00658654
2025-11-26,Fact,AMD_RUB,0,0.20708
2025-11-26,Fact,KGS_RUB,0,0.902933
2025-11-26,Fact,KZT_RUB,0,0.151855
2025-11-26,Fact,TJS_RUB,0,8.49798
2025-11-26,Fact,UZS_RUB,0,0.00658654
2025-11-26,Good day,AMD_RUB,0,0.20708
2025-11-26,Good day,KGS_RUB,0,0.902933
2025-11-26,Good day,KZT_RUB,0,0.151855
2025-11-26,Good day,TJS_RUB,0,8.49798
2025-11-26,Good day,UZS_RUB,0,0.00658654
2025-11-26,Кандидат,AMD_RUB,1,0.20708
2025-11-26,Кандидат,KGS_RUB,1,0.902933
2025-11-26,Кандидат,KZT_RUB,1,0.151855
2025-11-26,Кандидат,TJS_RUB,1,8.49798
2025-11-26,Кандидат,UZS_RUB,1,0.00658654
2025-11-27,Closing,AMD_RUB,0,0.206219
2025-11-27,Closing,KGS_RUB,0,0.898732
2025-11-27,Closing,KZT_RUB,0,0.151609
2025-11-27,Closing,TJS_RUB,0,8.45844
2025-11-27,Closing,UZS_RUB,0,0.00658414
2025-11-27,Fact,AMD_RUB,0,0.206219
2025-11-27,Fact,KGS_RUB,0,0.898732
2025-11-27,Fact,KZT_RUB,0,0.151609
2025-11-27,Fact,TJS_RUB,0,8.45844
2025-11-27,Fact,UZS_RUB,0,0.00658414
2025-11-27,Good day,AMD_RUB,0,0.206219
2025-11-27,Good day,KGS_RUB,0,0.898732
2025-11-27,Good day,KZT_RUB,0,0.151609
2025-11-27,Good day,TJS_RUB,0,8.45844
2025-11-27,Good day,UZS_RUB,0,0.00658414
2025-11-27,Кандидат,AMD_RUB,1,0.206219
2025-11-27,Кандидат,KGS_RUB,1,0.898732
2025-11-27,Кандидат,KZT_RUB,1,0.151609
2025-11-27,Кандидат,TJS_RUB,1,8.45844
2025-11-27,Кандидат,UZS_RUB,1,0.00658414
2025-11-28,Closing,AMD_RUB,0,0.205344
2025-11-28,Closing,KGS_RUB,0,0.8948
2025-11-28,Closing,KZT_RUB,0,0.150864
2025-11-28,Closing,TJS_RUB,0,8.42661
2025-11-28,Closing,UZS_RUB,0,0.00658584
2025-11-28,Fact,AMD_RUB,0,0.205344
2025-11-28,Fact,KGS_RUB,0,0.8948
2025-11-28,Fact,KZT_RUB,0,0.150864
2025-11-28,Fact,TJS_RUB,0,8.42661
2025-11-28,Fact,UZS_RUB,0,0.00658584
2025-11-28,Good day,AMD_RUB,0,0.205344
2025-11-28,Good day,KGS_RUB,0,0.8948
2025-11-28,Good day,KZT_RUB,0,0.150864
2025-11-28,Good day,TJS_RUB,0,8.42661
2025-11-28,Good day,UZS_RUB,0,0.00658584
2025-11-28,Кандидат,AMD_RUB,1,0.205344
2025-11-28,Кандидат,KGS_RUB,1,0.8948
2025-11-28,Кандидат,KZT_RUB,1,0.150864
2025-11-28,Кандидат,TJS_RUB,1,8.42661
2025-11-28,Кандидат,UZS_RUB,1,0.00658584
2025-12-01,Closing,AMD_RUB,0,0.205092
2025-12-01,Closing,KGS_RUB,0,0.89455
2025-12-01,Closing,KZT_RUB,0,0.151353
2025-12-01,Closing,TJS_RUB,0,8.42425
2025-12-01,Closing,UZS_RUB,0,0.00657254
2025-12-01,Fact,AMD_RUB,1,0.205092
2025-12-01,Fact,KGS_RUB,0,0.89455
2025-12-01,Fact,KZT_RUB,0,0.151353
2025-12-01,Fact,TJS_RUB,0,8.42425
2025-12-01,Fact,UZS_RUB,0,0.00657254
2025-12-01,Good day,AMD_RUB,0,0.205092
2025-12-01,Good day,KGS_RUB,1,0.89455
2025-12-01,Good day,KZT_RUB,1,0.151353
2025-12-01,Good day,TJS_RUB,1,8.42425
2025-12-01,Good day,UZS_RUB,1,0.00657254
2025-12-01,Кандидат,AMD_RUB,0,0.205092
2025-12-01,Кандидат,KGS_RUB,1,0.89455
2025-12-01,Кандидат,KZT_RUB,1,0.151353
2025-12-01,Кандидат,TJS_RUB,1,8.42425
2025-12-01,Кандидат,UZS_RUB,1,0.00657254
2025-12-02,Closing,AMD_RUB,0,0.203842
2025-12-02,Closing,KGS_RUB,0,0.888539
2025-12-02,Closing,KZT_RUB,0,0.151606
2025-12-02,Closing,TJS_RUB,0,8.38244
2025-12-02,Closing,UZS_RUB,0,0.00650725
2025-12-02,Fact,AMD_RUB,0,0.203842
2025-12-02,Fact,KGS_RUB,0,0.888539
2025-12-02,Fact,KZT_RUB,0,0.151606
2025-12-02,Fact,TJS_RUB,0,8.38244
2025-12-02,Fact,UZS_RUB,0,0.00650725
2025-12-02,Good day,AMD_RUB,0,0.203842
2025-12-02,Good day,KGS_RUB,0,0.888539
2025-12-02,Good day,KZT_RUB,0,0.151606
2025-12-02,Good day,TJS_RUB,0,8.38244
2025-12-02,Good day,UZS_RUB,0,0.00650725
2025-12-02,Кандидат,AMD_RUB,0,0.203842
2025-12-02,Кандидат,KGS_RUB,1,0.888539
2025-12-02,Кандидат,KZT_RUB,1,0.151606
2025-12-02,Кандидат,TJS_RUB,1,8.38244
2025-12-02,Кандидат,UZS_RUB,1,0.00650725
2025-12-03,Closing,AMD_RUB,0,0.203187
2025-12-03,Closing,KGS_RUB,0,0.885799
2025-12-03,Closing,KZT_RUB,0,0.150868
2025-12-03,Closing,TJS_RUB,0,8.35659
2025-12-03,Closing,UZS_RUB,0,0.00651193
2025-12-03,Fact,AMD_RUB,0,0.203187
2025-12-03,Fact,KGS_RUB,0,0.885799
2025-12-03,Fact,KZT_RUB,0,0.150868
2025-12-03,Fact,TJS_RUB,0,8.35659
2025-12-03,Fact,UZS_RUB,0,0.00651193
2025-12-03,Good day,AMD_RUB,0,0.203187
2025-12-03,Good day,KGS_RUB,0,0.885799
2025-12-03,Good day,KZT_RUB,0,0.150868
2025-12-03,Good day,TJS_RUB,0,8.35659
2025-12-03,Good day,UZS_RUB,0,0.00651193
2025-12-03,Кандидат,AMD_RUB,0,0.203187
2025-12-03,Кандидат,KGS_RUB,1,0.885799
2025-12-03,Кандидат,KZT_RUB,1,0.150868
2025-12-03,Кандидат,TJS_RUB,1,8.35659
2025-12-03,Кандидат,UZS_RUB,1,0.00651193
2025-12-04,Closing,AMD_RUB,0,0.204501
2025-12-04,Closing,KGS_RUB,0,0.891431
2025-12-04,Closing,KZT_RUB,0,0.153396
2025-12-04,Closing,TJS_RUB,0,8.42262
2025-12-04,Closing,UZS_RUB,0,0.00656141
2025-12-04,Fact,AMD_RUB,0,0.204501
2025-12-04,Fact,KGS_RUB,0,0.891431
2025-12-04,Fact,KZT_RUB,0,0.153396
2025-12-04,Fact,TJS_RUB,0,8.42262
2025-12-04,Fact,UZS_RUB,0,0.00656141
2025-12-04,Good day,AMD_RUB,1,0.204501
2025-12-04,Good day,KGS_RUB,0,0.891431
2025-12-04,Good day,KZT_RUB,0,0.153396
2025-12-04,Good day,TJS_RUB,0,8.42262
2025-12-04,Good day,UZS_RUB,0,0.00656141
2025-12-04,Кандидат,AMD_RUB,1,0.204501
2025-12-04,Кандидат,KGS_RUB,1,0.891431
2025-12-04,Кандидат,KZT_RUB,0,0.153396
2025-12-04,Кандидат,TJS_RUB,1,8.42262
2025-12-04,Кандидат,UZS_RUB,1,0.00656141
2025-12-05,Closing,AMD_RUB,0,0.201949
2025-12-05,Closing,KGS_RUB,0,0.880169
2025-12-05,Closing,KZT_RUB,0,0.152753
2025-12-05,Closing,TJS_RUB,0,8.32072
2025-12-05,Closing,UZS_RUB,0,0.00646141
2025-12-05,Fact,AMD_RUB,0,0.201949
2025-12-05,Fact,KGS_RUB,0,0.880169
2025-12-05,Fact,KZT_RUB,0,0.152753
2025-12-05,Fact,TJS_RUB,0,8.32072
2025-12-05,Fact,UZS_RUB,0,0.00646141
2025-12-05,Good day,AMD_RUB,0,0.201949
2025-12-05,Good day,KGS_RUB,0,0.880169
2025-12-05,Good day,KZT_RUB,0,0.152753
2025-12-05,Good day,TJS_RUB,0,8.32072
2025-12-05,Good day,UZS_RUB,0,0.00646141
2025-12-05,Кандидат,AMD_RUB,1,0.201949
2025-12-05,Кандидат,KGS_RUB,1,0.880169
2025-12-05,Кандидат,KZT_RUB,0,0.152753
2025-12-05,Кандидат,TJS_RUB,1,8.32072
2025-12-05,Кандидат,UZS_RUB,1,0.00646141
2025-12-08,Closing,AMD_RUB,0,0.199459
2025-12-08,Closing,KGS_RUB,0,0.87014
2025-12-08,Closing,KZT_RUB,0,0.152294
2025-12-08,Closing,TJS_RUB,0,8.22937
2025-12-08,Closing,UZS_RUB,0,0.00636063
2025-12-08,Fact,AMD_RUB,0,0.199459
2025-12-08,Fact,KGS_RUB,0,0.87014
2025-12-08,Fact,KZT_RUB,0,0.152294
2025-12-08,Fact,TJS_RUB,0,8.22937
2025-12-08,Fact,UZS_RUB,0,0.00636063
2025-12-08,Good day,AMD_RUB,0,0.199459
2025-12-08,Good day,KGS_RUB,1,0.87014
2025-12-08,Good day,KZT_RUB,1,0.152294
2025-12-08,Good day,TJS_RUB,1,8.22937
2025-12-08,Good day,UZS_RUB,1,0.00636063
2025-12-08,Кандидат,AMD_RUB,1,0.199459
2025-12-08,Кандидат,KGS_RUB,1,0.87014
2025-12-08,Кандидат,KZT_RUB,1,0.152294
2025-12-08,Кандидат,TJS_RUB,1,8.22937
2025-12-08,Кандидат,UZS_RUB,1,0.00636063
2025-12-09,Closing,AMD_RUB,1,0.202525
2025-12-09,Closing,KGS_RUB,0,0.883628
2025-12-09,Closing,KZT_RUB,0,0.153171
2025-12-09,Closing,TJS_RUB,0,8.35694
2025-12-09,Closing,UZS_RUB,0,0.00645923
2025-12-09,Fact,AMD_RUB,0,0.202525
2025-12-09,Fact,KGS_RUB,0,0.883628
2025-12-09,Fact,KZT_RUB,0,0.153171
2025-12-09,Fact,TJS_RUB,0,8.35694
2025-12-09,Fact,UZS_RUB,0,0.00645923
2025-12-09,Good day,AMD_RUB,0,0.202525
2025-12-09,Good day,KGS_RUB,0,0.883628
2025-12-09,Good day,KZT_RUB,0,0.153171
2025-12-09,Good day,TJS_RUB,0,8.35694
2025-12-09,Good day,UZS_RUB,0,0.00645923
2025-12-09,Кандидат,AMD_RUB,0,0.202525
2025-12-09,Кандидат,KGS_RUB,0,0.883628
2025-12-09,Кандидат,KZT_RUB,0,0.153171
2025-12-09,Кандидат,TJS_RUB,0,8.35694
2025-12-09,Кандидат,UZS_RUB,0,0.00645923
2025-12-10,Closing,AMD_RUB,0,0.201248
2025-12-10,Closing,KGS_RUB,0,0.878312
2025-12-10,Closing,KZT_RUB,0,0.151108
2025-12-10,Closing,TJS_RUB,0,8.32251
2025-12-10,Closing,UZS_RUB,0,0.00640599
2025-12-10,Fact,AMD_RUB,0,0.201248
2025-12-10,Fact,KGS_RUB,0,0.878312
2025-12-10,Fact,KZT_RUB,0,0.151108
2025-12-10,Fact,TJS_RUB,0,8.32251
2025-12-10,Fact,UZS_RUB,0,0.00640599
2025-12-10,Good day,AMD_RUB,0,0.201248
2025-12-10,Good day,KGS_RUB,0,0.878312
2025-12-10,Good day,KZT_RUB,0,0.151108
2025-12-10,Good day,TJS_RUB,0,8.32251
2025-12-10,Good day,UZS_RUB,0,0.00640599
2025-12-10,Кандидат,AMD_RUB,1,0.201248
2025-12-10,Кандидат,KGS_RUB,1,0.878312
2025-12-10,Кандидат,KZT_RUB,1,0.151108
2025-12-10,Кандидат,TJS_RUB,0,8.32251
2025-12-10,Кандидат,UZS_RUB,1,0.00640599
2025-12-11,Closing,AMD_RUB,0,0.204022
2025-12-11,Closing,KGS_RUB,0,0.890792
2025-12-11,Closing,KZT_RUB,0,0.151338
2025-12-11,Closing,TJS_RUB,0,8.43967
2025-12-11,Closing,UZS_RUB,0,0.00648993
2025-12-11,Fact,AMD_RUB,0,0.204022
2025-12-11,Fact,KGS_RUB,0,0.890792
2025-12-11,Fact,KZT_RUB,0,0.151338
2025-12-11,Fact,TJS_RUB,0,8.43967
2025-12-11,Fact,UZS_RUB,0,0.00648993
2025-12-11,Good day,AMD_RUB,0,0.204022
2025-12-11,Good day,KGS_RUB,0,0.890792
2025-12-11,Good day,KZT_RUB,0,0.151338
2025-12-11,Good day,TJS_RUB,0,8.43967
2025-12-11,Good day,UZS_RUB,0,0.00648993
2025-12-11,Кандидат,AMD_RUB,0,0.204022
2025-12-11,Кандидат,KGS_RUB,0,0.890792
2025-12-11,Кандидат,KZT_RUB,1,0.151338
2025-12-11,Кандидат,TJS_RUB,0,8.43967
2025-12-11,Кандидат,UZS_RUB,0,0.00648993
2025-12-12,Closing,AMD_RUB,0,0.207783
2025-12-12,Closing,KGS_RUB,0,0.907259
2025-12-12,Closing,KZT_RUB,0,0.15305
2025-12-12,Closing,TJS_RUB,0,8.59968
2025-12-12,Closing,UZS_RUB,0,0.00660015
2025-12-12,Fact,AMD_RUB,0,0.207783
2025-12-12,Fact,KGS_RUB,0,0.907259
2025-12-12,Fact,KZT_RUB,0,0.15305
2025-12-12,Fact,TJS_RUB,0,8.59968
2025-12-12,Fact,UZS_RUB,0,0.00660015
2025-12-12,Good day,AMD_RUB,0,0.207783
2025-12-12,Good day,KGS_RUB,0,0.907259
2025-12-12,Good day,KZT_RUB,0,0.15305
2025-12-12,Good day,TJS_RUB,0,8.59968
2025-12-12,Good day,UZS_RUB,0,0.00660015
2025-12-12,Кандидат,AMD_RUB,0,0.207783
2025-12-12,Кандидат,KGS_RUB,0,0.907259
2025-12-12,Кандидат,KZT_RUB,0,0.15305
2025-12-12,Кандидат,TJS_RUB,0,8.59968
2025-12-12,Кандидат,UZS_RUB,0,0.00660015
2025-12-15,Closing,AMD_RUB,0,0.208842
2025-12-15,Closing,KGS_RUB,0,0.911716
2025-12-15,Closing,KZT_RUB,0,0.15332
2025-12-15,Closing,TJS_RUB,0,8.63136
2025-12-15,Closing,UZS_RUB,0,0.00661796
2025-12-15,Fact,AMD_RUB,0,0.208842
2025-12-15,Fact,KGS_RUB,0,0.911716
2025-12-15,Fact,KZT_RUB,0,0.15332
2025-12-15,Fact,TJS_RUB,0,8.63136
2025-12-15,Fact,UZS_RUB,0,0.00661796
2025-12-15,Good day,AMD_RUB,0,0.208842
2025-12-15,Good day,KGS_RUB,0,0.911716
2025-12-15,Good day,KZT_RUB,0,0.15332
2025-12-15,Good day,TJS_RUB,0,8.63136
2025-12-15,Good day,UZS_RUB,0,0.00661796
2025-12-15,Кандидат,AMD_RUB,0,0.208842
2025-12-15,Кандидат,KGS_RUB,0,0.911716
2025-12-15,Кандидат,KZT_RUB,0,0.15332
2025-12-15,Кандидат,TJS_RUB,0,8.63136
2025-12-15,Кандидат,UZS_RUB,0,0.00661796
2025-12-16,Closing,AMD_RUB,0,0.208146
2025-12-16,Closing,KGS_RUB,0,0.908513
2025-12-16,Closing,KZT_RUB,0,0.152091
2025-12-16,Closing,TJS_RUB,0,8.60104
2025-12-16,Closing,UZS_RUB,0,0.0065672
2025-12-16,Fact,AMD_RUB,0,0.208146
2025-12-16,Fact,KGS_RUB,0,0.908513
2025-12-16,Fact,KZT_RUB,0,0.152091
2025-12-16,Fact,TJS_RUB,0,8.60104
2025-12-16,Fact,UZS_RUB,0,0.0065672
2025-12-16,Good day,AMD_RUB,0,0.208146
2025-12-16,Good day,KGS_RUB,0,0.908513
2025-12-16,Good day,KZT_RUB,1,0.152091
2025-12-16,Good day,TJS_RUB,0,8.60104
2025-12-16,Good day,UZS_RUB,0,0.0065672
2025-12-16,Кандидат,AMD_RUB,0,0.208146
2025-12-16,Кандидат,KGS_RUB,0,0.908513
2025-12-16,Кандидат,KZT_RUB,1,0.152091
2025-12-16,Кандидат,TJS_RUB,0,8.60104
2025-12-16,Кандидат,UZS_RUB,0,0.0065672
2025-12-17,Closing,AMD_RUB,0,0.208063
2025-12-17,Closing,KGS_RUB,0,0.908293
2025-12-17,Closing,KZT_RUB,0,0.152865
2025-12-17,Closing,TJS_RUB,0,8.61536
2025-12-17,Closing,UZS_RUB,0,0.00656146
2025-12-17,Fact,AMD_RUB,0,0.208063
2025-12-17,Fact,KGS_RUB,0,0.908293
2025-12-17,Fact,KZT_RUB,0,0.152865
2025-12-17,Fact,TJS_RUB,0,8.61536
2025-12-17,Fact,UZS_RUB,0,0.00656146
2025-12-17,Good day,AMD_RUB,0,0.208063
2025-12-17,Good day,KGS_RUB,0,0.908293
2025-12-17,Good day,KZT_RUB,0,0.152865
2025-12-17,Good day,TJS_RUB,0,8.61536
2025-12-17,Good day,UZS_RUB,0,0.00656146
2025-12-17,Кандидат,AMD_RUB,0,0.208063
2025-12-17,Кандидат,KGS_RUB,0,0.908293
2025-12-17,Кандидат,KZT_RUB,0,0.152865
2025-12-17,Кандидат,TJS_RUB,0,8.61536
2025-12-17,Кандидат,UZS_RUB,0,0.00656146
2025-12-18,Closing,AMD_RUB,0,0.210658
2025-12-18,Closing,KGS_RUB,0,0.919162
2025-12-18,Closing,KZT_RUB,0,0.154694
2025-12-18,Closing,TJS_RUB,0,8.69996
2025-12-18,Closing,UZS_RUB,0,0.00666519
2025-12-18,Fact,AMD_RUB,0,0.210658
2025-12-18,Fact,KGS_RUB,0,0.919162
2025-12-18,Fact,KZT_RUB,0,0.154694
2025-12-18,Fact,TJS_RUB,0,8.69996
2025-12-18,Fact,UZS_RUB,0,0.00666519
2025-12-18,Good day,AMD_RUB,0,0.210658
2025-12-18,Good day,KGS_RUB,0,0.919162
2025-12-18,Good day,KZT_RUB,0,0.154694
2025-12-18,Good day,TJS_RUB,0,8.69996
2025-12-18,Good day,UZS_RUB,0,0.00666519
2025-12-18,Кандидат,AMD_RUB,0,0.210658
2025-12-18,Кандидат,KGS_RUB,0,0.919162
2025-12-18,Кандидат,KZT_RUB,0,0.154694
2025-12-18,Кандидат,TJS_RUB,0,8.69996
2025-12-18,Кандидат,UZS_RUB,0,0.00666519
2025-12-19,Closing,AMD_RUB,0,0.209777
2025-12-19,Closing,KGS_RUB,0,0.915153
2025-12-19,Closing,KZT_RUB,0,0.155607
2025-12-19,Closing,TJS_RUB,0,8.66286
2025-12-19,Closing,UZS_RUB,0,0.00665719
2025-12-19,Fact,AMD_RUB,0,0.209777
2025-12-19,Fact,KGS_RUB,0,0.915153
2025-12-19,Fact,KZT_RUB,0,0.155607
2025-12-19,Fact,TJS_RUB,0,8.66286
2025-12-19,Fact,UZS_RUB,0,0.00665719
2025-12-19,Good day,AMD_RUB,0,0.209777
2025-12-19,Good day,KGS_RUB,0,0.915153
2025-12-19,Good day,KZT_RUB,0,0.155607
2025-12-19,Good day,TJS_RUB,0,8.66286
2025-12-19,Good day,UZS_RUB,0,0.00665719
2025-12-19,Кандидат,AMD_RUB,0,0.209777
2025-12-19,Кандидат,KGS_RUB,0,0.915153
2025-12-19,Кандидат,KZT_RUB,0,0.155607
2025-12-19,Кандидат,TJS_RUB,0,8.66286
2025-12-19,Кандидат,UZS_RUB,0,0.00665719
2025-12-22,Closing,AMD_RUB,0,0.211608
2025-12-22,Closing,KGS_RUB,0,0.923065
2025-12-22,Closing,KZT_RUB,0,0.157184
2025-12-22,Closing,TJS_RUB,0,8.73643
2025-12-22,Closing,UZS_RUB,0,0.006729
2025-12-22,Fact,AMD_RUB,0,0.211608
2025-12-22,Fact,KGS_RUB,0,0.923065
2025-12-22,Fact,KZT_RUB,0,0.157184
2025-12-22,Fact,TJS_RUB,0,8.73643
2025-12-22,Fact,UZS_RUB,0,0.006729
2025-12-22,Good day,AMD_RUB,0,0.211608
2025-12-22,Good day,KGS_RUB,0,0.923065
2025-12-22,Good day,KZT_RUB,0,0.157184
2025-12-22,Good day,TJS_RUB,0,8.73643
2025-12-22,Good day,UZS_RUB,0,0.006729
2025-12-22,Кандидат,AMD_RUB,0,0.211608
2025-12-22,Кандидат,KGS_RUB,0,0.923065
2025-12-22,Кандидат,KZT_RUB,0,0.157184
2025-12-22,Кандидат,TJS_RUB,0,8.73643
2025-12-22,Кандидат,UZS_RUB,0,0.006729
2025-12-23,Closing,AMD_RUB,0,0.207902
2025-12-23,Closing,KGS_RUB,0,0.906971
2025-12-23,Closing,KZT_RUB,0,0.153218
2025-12-23,Closing,TJS_RUB,0,8.58411
2025-12-23,Closing,UZS_RUB,0,0.00661168
2025-12-23,Fact,AMD_RUB,0,0.207902
2025-12-23,Fact,KGS_RUB,0,0.906971
2025-12-23,Fact,KZT_RUB,0,0.153218
2025-12-23,Fact,TJS_RUB,0,8.58411
2025-12-23,Fact,UZS_RUB,0,0.00661168
2025-12-23,Good day,AMD_RUB,1,0.207902
2025-12-23,Good day,KGS_RUB,1,0.906971
2025-12-23,Good day,KZT_RUB,1,0.153218
2025-12-23,Good day,TJS_RUB,1,8.58411
2025-12-23,Good day,UZS_RUB,1,0.00661168
2025-12-23,Кандидат,AMD_RUB,1,0.207902
2025-12-23,Кандидат,KGS_RUB,1,0.906971
2025-12-23,Кандидат,KZT_RUB,1,0.153218
2025-12-23,Кандидат,TJS_RUB,1,8.58411
2025-12-23,Кандидат,UZS_RUB,1,0.00661168
2025-12-24,Closing,AMD_RUB,0,0.205963
2025-12-24,Closing,KGS_RUB,0,0.898628
2025-12-24,Closing,KZT_RUB,0,0.152586
2025-12-24,Closing,TJS_RUB,0,8.50515
2025-12-24,Closing,UZS_RUB,0,0.00652032
2025-12-24,Fact,AMD_RUB,0,0.205963
2025-12-24,Fact,KGS_RUB,0,0.898628
2025-12-24,Fact,KZT_RUB,0,0.152586
2025-12-24,Fact,TJS_RUB,0,8.50515
2025-12-24,Fact,UZS_RUB,0,0.00652032
2025-12-24,Good day,AMD_RUB,0,0.205963
2025-12-24,Good day,KGS_RUB,0,0.898628
2025-12-24,Good day,KZT_RUB,0,0.152586
2025-12-24,Good day,TJS_RUB,0,8.50515
2025-12-24,Good day,UZS_RUB,0,0.00652032
2025-12-24,Кандидат,AMD_RUB,1,0.205963
2025-12-24,Кандидат,KGS_RUB,1,0.898628
2025-12-24,Кандидат,KZT_RUB,1,0.152586
2025-12-24,Кандидат,TJS_RUB,1,8.50515
2025-12-24,Кандидат,UZS_RUB,1,0.00652032
2025-12-25,Closing,AMD_RUB,0,0.205623
2025-12-25,Closing,KGS_RUB,0,0.896933
2025-12-25,Closing,KZT_RUB,0,0.153743
2025-12-25,Closing,TJS_RUB,0,8.48507
2025-12-25,Closing,UZS_RUB,0,0.00649978
2025-12-25,Fact,AMD_RUB,0,0.205623
2025-12-25,Fact,KGS_RUB,0,0.896933
2025-12-25,Fact,KZT_RUB,0,0.153743
2025-12-25,Fact,TJS_RUB,0,8.48507
2025-12-25,Fact,UZS_RUB,0,0.00649978
2025-12-25,Good day,AMD_RUB,0,0.205623
2025-12-25,Good day,KGS_RUB,0,0.896933
2025-12-25,Good day,KZT_RUB,0,0.153743
2025-12-25,Good day,TJS_RUB,0,8.48507
2025-12-25,Good day,UZS_RUB,0,0.00649978
2025-12-25,Кандидат,AMD_RUB,1,0.205623
2025-12-25,Кандидат,KGS_RUB,1,0.896933
2025-12-25,Кандидат,KZT_RUB,0,0.153743
2025-12-25,Кандидат,TJS_RUB,1,8.48507
2025-12-25,Кандидат,UZS_RUB,1,0.00649978
2025-12-26,Closing,AMD_RUB,0,0.204148
2025-12-26,Closing,KGS_RUB,0,0.890616
2025-12-26,Closing,KZT_RUB,0,0.152416
2025-12-26,Closing,TJS_RUB,0,8.42066
2025-12-26,Closing,UZS_RUB,0,0.0064482
2025-12-26,Fact,AMD_RUB,0,0.204148
2025-12-26,Fact,KGS_RUB,0,0.890616
2025-12-26,Fact,KZT_RUB,0,0.152416
2025-12-26,Fact,TJS_RUB,0,8.42066
2025-12-26,Fact,UZS_RUB,0,0.0064482
2025-12-26,Good day,AMD_RUB,0,0.204148
2025-12-26,Good day,KGS_RUB,0,0.890616
2025-12-26,Good day,KZT_RUB,0,0.152416
2025-12-26,Good day,TJS_RUB,0,8.42066
2025-12-26,Good day,UZS_RUB,0,0.0064482
2025-12-26,Кандидат,AMD_RUB,1,0.204148
2025-12-26,Кандидат,KGS_RUB,1,0.890616
2025-12-26,Кандидат,KZT_RUB,1,0.152416
2025-12-26,Кандидат,TJS_RUB,1,8.42066
2025-12-26,Кандидат,UZS_RUB,1,0.0064482
2025-12-29,Closing,AMD_RUB,0,0.203666
2025-12-29,Closing,KGS_RUB,0,0.888674
2025-12-29,Closing,KZT_RUB,0,0.151503
2025-12-29,Closing,TJS_RUB,0,8.40162
2025-12-29,Closing,UZS_RUB,0,0.00644358
2025-12-29,Fact,AMD_RUB,0,0.203666
2025-12-29,Fact,KGS_RUB,0,0.888674
2025-12-29,Fact,KZT_RUB,0,0.151503
2025-12-29,Fact,TJS_RUB,0,8.40162
2025-12-29,Fact,UZS_RUB,0,0.00644358
2025-12-29,Good day,AMD_RUB,1,0.203666
2025-12-29,Good day,KGS_RUB,1,0.888674
2025-12-29,Good day,KZT_RUB,1,0.151503
2025-12-29,Good day,TJS_RUB,1,8.40162
2025-12-29,Good day,UZS_RUB,1,0.00644358
2025-12-29,Кандидат,AMD_RUB,1,0.203666
2025-12-29,Кандидат,KGS_RUB,1,0.888674
2025-12-29,Кандидат,KZT_RUB,1,0.151503
2025-12-29,Кандидат,TJS_RUB,1,8.40162
2025-12-29,Кандидат,UZS_RUB,1,0.00644358
2025-12-30,Closing,AMD_RUB,0,0.203027
2025-12-30,Closing,KGS_RUB,0,0.886
2025-12-30,Closing,KZT_RUB,0,0.153481
2025-12-30,Closing,TJS_RUB,0,8.37505
2025-12-30,Closing,UZS_RUB,0,0.00644029
2025-12-30,Fact,AMD_RUB,0,0.203027
2025-12-30,Fact,KGS_RUB,0,0.886
2025-12-30,Fact,KZT_RUB,0,0.153481
2025-12-30,Fact,TJS_RUB,0,8.37505
2025-12-30,Fact,UZS_RUB,0,0.00644029
2025-12-30,Good day,AMD_RUB,0,0.203027
2025-12-30,Good day,KGS_RUB,0,0.886
2025-12-30,Good day,KZT_RUB,0,0.153481
2025-12-30,Good day,TJS_RUB,0,8.37505
2025-12-30,Good day,UZS_RUB,0,0.00644029
2025-12-30,Кандидат,AMD_RUB,1,0.203027
2025-12-30,Кандидат,KGS_RUB,1,0.886
2025-12-30,Кандидат,KZT_RUB,0,0.153481
2025-12-30,Кандидат,TJS_RUB,1,8.37505
2025-12-30,Кандидат,UZS_RUB,1,0.00644029
2025-12-31,Closing,AMD_RUB,0,0.205126
2025-12-31,Closing,KGS_RUB,0,0.894861
2025-12-31,Closing,KZT_RUB,0,0.154978
2025-12-31,Closing,TJS_RUB,0,8.45593
2025-12-31,Closing,UZS_RUB,0,0.0065165
2025-12-31,Fact,AMD_RUB,0,0.205126
2025-12-31,Fact,KGS_RUB,0,0.894861
2025-12-31,Fact,KZT_RUB,0,0.154978
2025-12-31,Fact,TJS_RUB,0,8.45593
2025-12-31,Fact,UZS_RUB,0,0.0065165
2025-12-31,Good day,AMD_RUB,0,0.205126
2025-12-31,Good day,KGS_RUB,0,0.894861
2025-12-31,Good day,KZT_RUB,0,0.154978
2025-12-31,Good day,TJS_RUB,0,8.45593
2025-12-31,Good day,UZS_RUB,0,0.0065165
2025-12-31,Кандидат,AMD_RUB,0,0.205126
2025-12-31,Кандидат,KGS_RUB,0,0.894861
2025-12-31,Кандидат,KZT_RUB,0,0.154978
2025-12-31,Кандидат,TJS_RUB,1,8.45593
2025-12-31,Кандидат,UZS_RUB,0,0.0065165
2026-01-01,Closing,AMD_RUB,0,0.205126
2026-01-01,Closing,KGS_RUB,0,0.894861
2026-01-01,Closing,KZT_RUB,0,0.154978
2026-01-01,Closing,TJS_RUB,0,8.45593
2026-01-01,Closing,UZS_RUB,0,0.0065165
2026-01-01,Fact,AMD_RUB,0,0.205126
2026-01-01,Fact,KGS_RUB,0,0.894861
2026-01-01,Fact,KZT_RUB,0,0.154978
2026-01-01,Fact,TJS_RUB,0,8.45593
2026-01-01,Fact,UZS_RUB,0,0.0065165
2026-01-01,Good day,AMD_RUB,0,0.205126
2026-01-01,Good day,KGS_RUB,0,0.894861
2026-01-01,Good day,KZT_RUB,0,0.154978
2026-01-01,Good day,TJS_RUB,0,8.45593
2026-01-01,Good day,UZS_RUB,0,0.0065165
2026-01-01,Кандидат,AMD_RUB,0,0.205126
2026-01-01,Кандидат,KGS_RUB,0,0.894861
2026-01-01,Кандидат,KZT_RUB,0,0.154978
2026-01-01,Кандидат,TJS_RUB,1,8.45593
2026-01-01,Кандидат,UZS_RUB,0,0.0065165
2026-01-02,Closing,AMD_RUB,0,0.205126
2026-01-02,Closing,KGS_RUB,0,0.894861
2026-01-02,Closing,KZT_RUB,0,0.154978
2026-01-02,Closing,TJS_RUB,0,8.45593
2026-01-02,Closing,UZS_RUB,0,0.0065165
2026-01-02,Fact,AMD_RUB,0,0.205126
2026-01-02,Fact,KGS_RUB,0,0.894861
2026-01-02,Fact,KZT_RUB,0,0.154978
2026-01-02,Fact,TJS_RUB,0,8.45593
2026-01-02,Fact,UZS_RUB,0,0.0065165
2026-01-02,Good day,AMD_RUB,0,0.205126
2026-01-02,Good day,KGS_RUB,0,0.894861
2026-01-02,Good day,KZT_RUB,0,0.154978
2026-01-02,Good day,TJS_RUB,0,8.45593
2026-01-02,Good day,UZS_RUB,0,0.0065165
2026-01-02,Кандидат,AMD_RUB,0,0.205126
2026-01-02,Кандидат,KGS_RUB,0,0.894861
2026-01-02,Кандидат,KZT_RUB,0,0.154978
2026-01-02,Кандидат,TJS_RUB,1,8.45593
2026-01-02,Кандидат,UZS_RUB,0,0.0065165
2026-01-05,Closing,AMD_RUB,0,0.205126
2026-01-05,Closing,KGS_RUB,0,0.894861
2026-01-05,Closing,KZT_RUB,0,0.154978
2026-01-05,Closing,TJS_RUB,0,8.45593
2026-01-05,Closing,UZS_RUB,0,0.0065165
2026-01-05,Fact,AMD_RUB,0,0.205126
2026-01-05,Fact,KGS_RUB,0,0.894861
2026-01-05,Fact,KZT_RUB,0,0.154978
2026-01-05,Fact,TJS_RUB,0,8.45593
2026-01-05,Fact,UZS_RUB,0,0.0065165
2026-01-05,Good day,AMD_RUB,0,0.205126
2026-01-05,Good day,KGS_RUB,0,0.894861
2026-01-05,Good day,KZT_RUB,0,0.154978
2026-01-05,Good day,TJS_RUB,1,8.45593
2026-01-05,Good day,UZS_RUB,0,0.0065165
2026-01-05,Кандидат,AMD_RUB,0,0.205126
2026-01-05,Кандидат,KGS_RUB,0,0.894861
2026-01-05,Кандидат,KZT_RUB,0,0.154978
2026-01-05,Кандидат,TJS_RUB,1,8.45593
2026-01-05,Кандидат,UZS_RUB,0,0.0065165
2026-01-06,Closing,AMD_RUB,0,0.205126
2026-01-06,Closing,KGS_RUB,0,0.894861
2026-01-06,Closing,KZT_RUB,0,0.154978
2026-01-06,Closing,TJS_RUB,0,8.45593
2026-01-06,Closing,UZS_RUB,0,0.0065165
2026-01-06,Fact,AMD_RUB,0,0.205126
2026-01-06,Fact,KGS_RUB,0,0.894861
2026-01-06,Fact,KZT_RUB,0,0.154978
2026-01-06,Fact,TJS_RUB,0,8.45593
2026-01-06,Fact,UZS_RUB,0,0.0065165
2026-01-06,Good day,AMD_RUB,0,0.205126
2026-01-06,Good day,KGS_RUB,0,0.894861
2026-01-06,Good day,KZT_RUB,0,0.154978
2026-01-06,Good day,TJS_RUB,0,8.45593
2026-01-06,Good day,UZS_RUB,0,0.0065165
2026-01-06,Кандидат,AMD_RUB,0,0.205126
2026-01-06,Кандидат,KGS_RUB,0,0.894861
2026-01-06,Кандидат,KZT_RUB,0,0.154978
2026-01-06,Кандидат,TJS_RUB,1,8.45593
2026-01-06,Кандидат,UZS_RUB,0,0.0065165
2026-01-07,Closing,AMD_RUB,0,0.205126
2026-01-07,Closing,KGS_RUB,0,0.894861
2026-01-07,Closing,KZT_RUB,0,0.154978
2026-01-07,Closing,TJS_RUB,0,8.45593
2026-01-07,Closing,UZS_RUB,0,0.0065165
2026-01-07,Fact,AMD_RUB,0,0.205126
2026-01-07,Fact,KGS_RUB,0,0.894861
2026-01-07,Fact,KZT_RUB,0,0.154978
2026-01-07,Fact,TJS_RUB,0,8.45593
2026-01-07,Fact,UZS_RUB,0,0.0065165
2026-01-07,Good day,AMD_RUB,0,0.205126
2026-01-07,Good day,KGS_RUB,0,0.894861
2026-01-07,Good day,KZT_RUB,0,0.154978
2026-01-07,Good day,TJS_RUB,0,8.45593
2026-01-07,Good day,UZS_RUB,0,0.0065165
2026-01-07,Кандидат,AMD_RUB,0,0.205126
2026-01-07,Кандидат,KGS_RUB,0,0.894861
2026-01-07,Кандидат,KZT_RUB,0,0.154978
2026-01-07,Кандидат,TJS_RUB,1,8.45593
2026-01-07,Кандидат,UZS_RUB,0,0.0065165
2026-01-08,Closing,AMD_RUB,0,0.205126
2026-01-08,Closing,KGS_RUB,0,0.894861
2026-01-08,Closing,KZT_RUB,0,0.154978
2026-01-08,Closing,TJS_RUB,0,8.45593
2026-01-08,Closing,UZS_RUB,0,0.0065165
2026-01-08,Fact,AMD_RUB,0,0.205126
2026-01-08,Fact,KGS_RUB,0,0.894861
2026-01-08,Fact,KZT_RUB,0,0.154978
2026-01-08,Fact,TJS_RUB,0,8.45593
2026-01-08,Fact,UZS_RUB,0,0.0065165
2026-01-08,Good day,AMD_RUB,0,0.205126
2026-01-08,Good day,KGS_RUB,0,0.894861
2026-01-08,Good day,KZT_RUB,0,0.154978
2026-01-08,Good day,TJS_RUB,0,8.45593
2026-01-08,Good day,UZS_RUB,0,0.0065165
2026-01-08,Кандидат,AMD_RUB,0,0.205126
2026-01-08,Кандидат,KGS_RUB,0,0.894861
2026-01-08,Кандидат,KZT_RUB,0,0.154978
2026-01-08,Кандидат,TJS_RUB,1,8.45593
2026-01-08,Кандидат,UZS_RUB,0,0.0065165
2026-01-09,Closing,AMD_RUB,0,0.205126
2026-01-09,Closing,KGS_RUB,0,0.894861
2026-01-09,Closing,KZT_RUB,0,0.154978
2026-01-09,Closing,TJS_RUB,0,8.45593
2026-01-09,Closing,UZS_RUB,0,0.0065165
2026-01-09,Fact,AMD_RUB,0,0.205126
2026-01-09,Fact,KGS_RUB,0,0.894861
2026-01-09,Fact,KZT_RUB,0,0.154978
2026-01-09,Fact,TJS_RUB,0,8.45593
2026-01-09,Fact,UZS_RUB,0,0.0065165
2026-01-09,Good day,AMD_RUB,0,0.205126
2026-01-09,Good day,KGS_RUB,0,0.894861
2026-01-09,Good day,KZT_RUB,1,0.154978
2026-01-09,Good day,TJS_RUB,0,8.45593
2026-01-09,Good day,UZS_RUB,0,0.0065165
2026-01-09,Кандидат,AMD_RUB,0,0.205126
2026-01-09,Кандидат,KGS_RUB,0,0.894861
2026-01-09,Кандидат,KZT_RUB,1,0.154978
2026-01-09,Кандидат,TJS_RUB,1,8.45593
2026-01-09,Кандидат,UZS_RUB,0,0.0065165
2026-01-12,Closing,AMD_RUB,0,0.205126
2026-01-12,Closing,KGS_RUB,0,0.894861
2026-01-12,Closing,KZT_RUB,0,0.154978
2026-01-12,Closing,TJS_RUB,0,8.45593
2026-01-12,Closing,UZS_RUB,0,0.0065165
2026-01-12,Fact,AMD_RUB,0,0.205126
2026-01-12,Fact,KGS_RUB,0,0.894861
2026-01-12,Fact,KZT_RUB,0,0.154978
2026-01-12,Fact,TJS_RUB,0,8.45593
2026-01-12,Fact,UZS_RUB,0,0.0065165
2026-01-12,Good day,AMD_RUB,1,0.205126
2026-01-12,Good day,KGS_RUB,1,0.894861
2026-01-12,Good day,KZT_RUB,0,0.154978
2026-01-12,Good day,TJS_RUB,1,8.45593
2026-01-12,Good day,UZS_RUB,1,0.0065165
2026-01-12,Кандидат,AMD_RUB,1,0.205126
2026-01-12,Кандидат,KGS_RUB,1,0.894861
2026-01-12,Кандидат,KZT_RUB,1,0.154978
2026-01-12,Кандидат,TJS_RUB,1,8.45593
2026-01-12,Кандидат,UZS_RUB,1,0.0065165
2026-01-13,Closing,AMD_RUB,0,0.20672
2026-01-13,Closing,KGS_RUB,0,0.900987
2026-01-13,Closing,KZT_RUB,0,0.154511
2026-01-13,Closing,TJS_RUB,0,8.43554
2026-01-13,Closing,UZS_RUB,0,0.00651212
2026-01-13,Fact,AMD_RUB,0,0.20672
2026-01-13,Fact,KGS_RUB,0,0.900987
2026-01-13,Fact,KZT_RUB,0,0.154511
2026-01-13,Fact,TJS_RUB,0,8.43554
2026-01-13,Fact,UZS_RUB,0,0.00651212
2026-01-13,Good day,AMD_RUB,0,0.20672
2026-01-13,Good day,KGS_RUB,0,0.900987
2026-01-13,Good day,KZT_RUB,0,0.154511
2026-01-13,Good day,TJS_RUB,0,8.43554
2026-01-13,Good day,UZS_RUB,0,0.00651212
2026-01-13,Кандидат,AMD_RUB,1,0.20672
2026-01-13,Кандидат,KGS_RUB,1,0.900987
2026-01-13,Кандидат,KZT_RUB,1,0.154511
2026-01-13,Кандидат,TJS_RUB,1,8.43554
2026-01-13,Кандидат,UZS_RUB,1,0.00651212
2026-01-14,Closing,AMD_RUB,0,0.207055
2026-01-14,Closing,KGS_RUB,0,0.901699
2026-01-14,Closing,KZT_RUB,0,0.154662
2026-01-14,Closing,TJS_RUB,0,8.43868
2026-01-14,Closing,UZS_RUB,0,0.00654486
2026-01-14,Fact,AMD_RUB,0,0.207055
2026-01-14,Fact,KGS_RUB,0,0.901699
2026-01-14,Fact,KZT_RUB,0,0.154662
2026-01-14,Fact,TJS_RUB,0,8.43868
2026-01-14,Fact,UZS_RUB,0,0.00654486
2026-01-14,Good day,AMD_RUB,0,0.207055
2026-01-14,Good day,KGS_RUB,0,0.901699
2026-01-14,Good day,KZT_RUB,1,0.154662
2026-01-14,Good day,TJS_RUB,0,8.43868
2026-01-14,Good day,UZS_RUB,0,0.00654486
2026-01-14,Кандидат,AMD_RUB,1,0.207055
2026-01-14,Кандидат,KGS_RUB,1,0.901699
2026-01-14,Кандидат,KZT_RUB,1,0.154662
2026-01-14,Кандидат,TJS_RUB,1,8.43868
2026-01-14,Кандидат,UZS_RUB,1,0.00654486
2026-01-15,Closing,AMD_RUB,0,0.206587
2026-01-15,Closing,KGS_RUB,0,0.898486
2026-01-15,Closing,KZT_RUB,0,0.154137
2026-01-15,Closing,TJS_RUB,0,8.408
2026-01-15,Closing,UZS_RUB,0,0.00654666
2026-01-15,Fact,AMD_RUB,0,0.206587
2026-01-15,Fact,KGS_RUB,0,0.898486
2026-01-15,Fact,KZT_RUB,0,0.154137
2026-01-15,Fact,TJS_RUB,0,8.408
2026-01-15,Fact,UZS_RUB,0,0.00654666
2026-01-15,Good day,AMD_RUB,0,0.206587
2026-01-15,Good day,KGS_RUB,0,0.898486
2026-01-15,Good day,KZT_RUB,0,0.154137
2026-01-15,Good day,TJS_RUB,0,8.408
2026-01-15,Good day,UZS_RUB,0,0.00654666
2026-01-15,Кандидат,AMD_RUB,1,0.206587
2026-01-15,Кандидат,KGS_RUB,1,0.898486
2026-01-15,Кандидат,KZT_RUB,1,0.154137
2026-01-15,Кандидат,TJS_RUB,1,8.408
2026-01-15,Кандидат,UZS_RUB,1,0.00654666
2026-01-16,Closing,AMD_RUB,0,0.206969
2026-01-16,Closing,KGS_RUB,0,0.897987
2026-01-16,Closing,KZT_RUB,0,0.153847
2026-01-16,Closing,TJS_RUB,0,8.40492
2026-01-16,Closing,UZS_RUB,0,0.00656059
2026-01-16,Fact,AMD_RUB,0,0.206969
2026-01-16,Fact,KGS_RUB,0,0.897987
2026-01-16,Fact,KZT_RUB,0,0.153847
2026-01-16,Fact,TJS_RUB,0,8.40492
2026-01-16,Fact,UZS_RUB,0,0.00656059
2026-01-16,Good day,AMD_RUB,0,0.206969
2026-01-16,Good day,KGS_RUB,0,0.897987
2026-01-16,Good day,KZT_RUB,0,0.153847
2026-01-16,Good day,TJS_RUB,0,8.40492
2026-01-16,Good day,UZS_RUB,0,0.00656059
2026-01-16,Кандидат,AMD_RUB,1,0.206969
2026-01-16,Кандидат,KGS_RUB,1,0.897987
2026-01-16,Кандидат,KZT_RUB,1,0.153847
2026-01-16,Кандидат,TJS_RUB,1,8.40492
2026-01-16,Кандидат,UZS_RUB,1,0.00656059
2026-01-19,Closing,AMD_RUB,0,0.20483
2026-01-19,Closing,KGS_RUB,0,0.890031
2026-01-19,Closing,KZT_RUB,0,0.15233
2026-01-19,Closing,TJS_RUB,0,8.34315
2026-01-19,Closing,UZS_RUB,0,0.00650628
2026-01-19,Fact,AMD_RUB,0,0.20483
2026-01-19,Fact,KGS_RUB,0,0.890031
2026-01-19,Fact,KZT_RUB,0,0.15233
2026-01-19,Fact,TJS_RUB,0,8.34315
2026-01-19,Fact,UZS_RUB,0,0.00650628
2026-01-19,Good day,AMD_RUB,1,0.20483
2026-01-19,Good day,KGS_RUB,1,0.890031
2026-01-19,Good day,KZT_RUB,1,0.15233
2026-01-19,Good day,TJS_RUB,1,8.34315
2026-01-19,Good day,UZS_RUB,1,0.00650628
2026-01-19,Кандидат,AMD_RUB,1,0.20483
2026-01-19,Кандидат,KGS_RUB,1,0.890031
2026-01-19,Кандидат,KZT_RUB,1,0.15233
2026-01-19,Кандидат,TJS_RUB,1,8.34315
2026-01-19,Кандидат,UZS_RUB,1,0.00650628
2026-01-20,Closing,AMD_RUB,0,0.205227
2026-01-20,Closing,KGS_RUB,0,0.889178
2026-01-20,Closing,KZT_RUB,0,0.151825
2026-01-20,Closing,TJS_RUB,0,8.33515
2026-01-20,Closing,UZS_RUB,0,0.00645208
2026-01-20,Fact,AMD_RUB,0,0.205227
2026-01-20,Fact,KGS_RUB,0,0.889178
2026-01-20,Fact,KZT_RUB,0,0.151825
2026-01-20,Fact,TJS_RUB,0,8.33515
2026-01-20,Fact,UZS_RUB,0,0.00645208
2026-01-20,Good day,AMD_RUB,0,0.205227
2026-01-20,Good day,KGS_RUB,0,0.889178
2026-01-20,Good day,KZT_RUB,0,0.151825
2026-01-20,Good day,TJS_RUB,0,8.33515
2026-01-20,Good day,UZS_RUB,0,0.00645208
2026-01-20,Кандидат,AMD_RUB,1,0.205227
2026-01-20,Кандидат,KGS_RUB,1,0.889178
2026-01-20,Кандидат,KZT_RUB,1,0.151825
2026-01-20,Кандидат,TJS_RUB,1,8.33515
2026-01-20,Кандидат,UZS_RUB,1,0.00645208
2026-01-21,Closing,AMD_RUB,0,0.205229
2026-01-21,Closing,KGS_RUB,0,0.889934
2026-01-21,Closing,KZT_RUB,0,0.152708
2026-01-21,Closing,TJS_RUB,0,8.34465
2026-01-21,Closing,UZS_RUB,0,0.00644602
2026-01-21,Fact,AMD_RUB,0,0.205229
2026-01-21,Fact,KGS_RUB,0,0.889934
2026-01-21,Fact,KZT_RUB,0,0.152708
2026-01-21,Fact,TJS_RUB,0,8.34465
2026-01-21,Fact,UZS_RUB,0,0.00644602
2026-01-21,Good day,AMD_RUB,0,0.205229
2026-01-21,Good day,KGS_RUB,0,0.889934
2026-01-21,Good day,KZT_RUB,0,0.152708
2026-01-21,Good day,TJS_RUB,0,8.34465
2026-01-21,Good day,UZS_RUB,0,0.00644602
2026-01-21,Кандидат,AMD_RUB,1,0.205229
2026-01-21,Кандидат,KGS_RUB,1,0.889934
2026-01-21,Кандидат,KZT_RUB,1,0.152708
2026-01-21,Кандидат,TJS_RUB,1,8.34465
2026-01-21,Кандидат,UZS_RUB,1,0.00644602
2026-01-22,Closing,AMD_RUB,0,0.204452
2026-01-22,Closing,KGS_RUB,0,0.886403
2026-01-22,Closing,KZT_RUB,0,0.152876
2026-01-22,Closing,TJS_RUB,0,8.30068
2026-01-22,Closing,UZS_RUB,0,0.00639461
2026-01-22,Fact,AMD_RUB,0,0.204452
2026-01-22,Fact,KGS_RUB,0,0.886403
2026-01-22,Fact,KZT_RUB,0,0.152876
2026-01-22,Fact,TJS_RUB,0,8.30068
2026-01-22,Fact,UZS_RUB,0,0.00639461
2026-01-22,Good day,AMD_RUB,0,0.204452
2026-01-22,Good day,KGS_RUB,0,0.886403
2026-01-22,Good day,KZT_RUB,0,0.152876
2026-01-22,Good day,TJS_RUB,0,8.30068
2026-01-22,Good day,UZS_RUB,0,0.00639461
2026-01-22,Кандидат,AMD_RUB,1,0.204452
2026-01-22,Кандидат,KGS_RUB,1,0.886403
2026-01-22,Кандидат,KZT_RUB,1,0.152876
2026-01-22,Кандидат,TJS_RUB,1,8.30068
2026-01-22,Кандидат,UZS_RUB,1,0.00639461
2026-01-23,Closing,AMD_RUB,0,0.200586
2026-01-23,Closing,KGS_RUB,0,0.869505
2026-01-23,Closing,KZT_RUB,0,0.150066
2026-01-23,Closing,TJS_RUB,0,8.13556
2026-01-23,Closing,UZS_RUB,0,0.00626503
2026-01-23,Fact,AMD_RUB,0,0.200586
2026-01-23,Fact,KGS_RUB,0,0.869505
2026-01-23,Fact,KZT_RUB,0,0.150066
2026-01-23,Fact,TJS_RUB,0,8.13556
2026-01-23,Fact,UZS_RUB,0,0.00626503
2026-01-23,Good day,AMD_RUB,0,0.200586
2026-01-23,Good day,KGS_RUB,0,0.869505
2026-01-23,Good day,KZT_RUB,0,0.150066
2026-01-23,Good day,TJS_RUB,0,8.13556
2026-01-23,Good day,UZS_RUB,0,0.00626503
2026-01-23,Кандидат,AMD_RUB,1,0.200586
2026-01-23,Кандидат,KGS_RUB,1,0.869505
2026-01-23,Кандидат,KZT_RUB,1,0.150066
2026-01-23,Кандидат,TJS_RUB,1,8.13556
2026-01-23,Кандидат,UZS_RUB,1,0.00626503
2026-01-26,Closing,AMD_RUB,0,0.200292
2026-01-26,Closing,KGS_RUB,0,0.86821
2026-01-26,Closing,KZT_RUB,0,0.150135
2026-01-26,Closing,TJS_RUB,0,8.1155
2026-01-26,Closing,UZS_RUB,0,0.00628257
2026-01-26,Fact,AMD_RUB,0,0.200292
2026-01-26,Fact,KGS_RUB,0,0.86821
2026-01-26,Fact,KZT_RUB,0,0.150135
2026-01-26,Fact,TJS_RUB,0,8.1155
2026-01-26,Fact,UZS_RUB,0,0.00628257
2026-01-26,Good day,AMD_RUB,1,0.200292
2026-01-26,Good day,KGS_RUB,1,0.86821
2026-01-26,Good day,KZT_RUB,1,0.150135
2026-01-26,Good day,TJS_RUB,1,8.1155
2026-01-26,Good day,UZS_RUB,1,0.00628257
2026-01-26,Кандидат,AMD_RUB,1,0.200292
2026-01-26,Кандидат,KGS_RUB,1,0.86821
2026-01-26,Кандидат,KZT_RUB,1,0.150135
2026-01-26,Кандидат,TJS_RUB,1,8.1155
2026-01-26,Кандидат,UZS_RUB,1,0.00628257
2026-01-27,Closing,AMD_RUB,0,0.200628
2026-01-27,Closing,KGS_RUB,0,0.869184
2026-01-27,Closing,KZT_RUB,0,0.151008
2026-01-27,Closing,TJS_RUB,0,8.12456
2026-01-27,Closing,UZS_RUB,0,0.0062828
2026-01-27,Fact,AMD_RUB,0,0.200628
2026-01-27,Fact,KGS_RUB,0,0.869184
2026-01-27,Fact,KZT_RUB,0,0.151008
2026-01-27,Fact,TJS_RUB,0,8.12456
2026-01-27,Fact,UZS_RUB,0,0.0062828
2026-01-27,Good day,AMD_RUB,0,0.200628
2026-01-27,Good day,KGS_RUB,0,0.869184
2026-01-27,Good day,KZT_RUB,0,0.151008
2026-01-27,Good day,TJS_RUB,0,8.12456
2026-01-27,Good day,UZS_RUB,0,0.0062828
2026-01-27,Кандидат,AMD_RUB,1,0.200628
2026-01-27,Кандидат,KGS_RUB,1,0.869184
2026-01-27,Кандидат,KZT_RUB,1,0.151008
2026-01-27,Кандидат,TJS_RUB,1,8.12456
2026-01-27,Кандидат,UZS_RUB,1,0.0062828
2026-01-28,Closing,AMD_RUB,0,0.202059
2026-01-28,Closing,KGS_RUB,0,0.875389
2026-01-28,Closing,KZT_RUB,0,0.152558
2026-01-28,Closing,TJS_RUB,0,8.18151
2026-01-28,Closing,UZS_RUB,0,0.00631199
2026-01-28,Fact,AMD_RUB,0,0.202059
2026-01-28,Fact,KGS_RUB,0,0.875389
2026-01-28,Fact,KZT_RUB,0,0.152558
2026-01-28,Fact,TJS_RUB,0,8.18151
2026-01-28,Fact,UZS_RUB,0,0.00631199
2026-01-28,Good day,AMD_RUB,0,0.202059
2026-01-28,Good day,KGS_RUB,0,0.875389
2026-01-28,Good day,KZT_RUB,0,0.152558
2026-01-28,Good day,TJS_RUB,0,8.18151
2026-01-28,Good day,UZS_RUB,0,0.00631199
2026-01-28,Кандидат,AMD_RUB,1,0.202059
2026-01-28,Кандидат,KGS_RUB,1,0.875389
2026-01-28,Кандидат,KZT_RUB,0,0.152558
2026-01-28,Кандидат,TJS_RUB,1,8.18151
2026-01-28,Кандидат,UZS_RUB,1,0.00631199
2026-01-29,Closing,AMD_RUB,0,0.201304
2026-01-29,Closing,KGS_RUB,0,0.872112
2026-01-29,Closing,KZT_RUB,0,0.151843
2026-01-29,Closing,TJS_RUB,0,8.15524
2026-01-29,Closing,UZS_RUB,0,0.00626726
2026-01-29,Fact,AMD_RUB,0,0.201304
2026-01-29,Fact,KGS_RUB,0,0.872112
2026-01-29,Fact,KZT_RUB,0,0.151843
2026-01-29,Fact,TJS_RUB,0,8.15524
2026-01-29,Fact,UZS_RUB,0,0.00626726
2026-01-29,Good day,AMD_RUB,0,0.201304
2026-01-29,Good day,KGS_RUB,0,0.872112
2026-01-29,Good day,KZT_RUB,0,0.151843
2026-01-29,Good day,TJS_RUB,0,8.15524
2026-01-29,Good day,UZS_RUB,0,0.00626726
2026-01-29,Кандидат,AMD_RUB,1,0.201304
2026-01-29,Кандидат,KGS_RUB,1,0.872112
2026-01-29,Кандидат,KZT_RUB,0,0.151843
2026-01-29,Кандидат,TJS_RUB,1,8.15524
2026-01-29,Кандидат,UZS_RUB,1,0.00626726
2026-01-30,Closing,AMD_RUB,0,0.200541
2026-01-30,Closing,KGS_RUB,0,0.869355
2026-01-30,Closing,KZT_RUB,0,0.150873
2026-01-30,Closing,TJS_RUB,0,8.10701
2026-01-30,Closing,UZS_RUB,0,0.00623203
2026-01-30,Fact,AMD_RUB,0,0.200541
2026-01-30,Fact,KGS_RUB,0,0.869355
2026-01-30,Fact,KZT_RUB,0,0.150873
2026-01-30,Fact,TJS_RUB,0,8.10701
2026-01-30,Fact,UZS_RUB,0,0.00623203
2026-01-30,Good day,AMD_RUB,0,0.200541
2026-01-30,Good day,KGS_RUB,0,0.869355
2026-01-30,Good day,KZT_RUB,0,0.150873
2026-01-30,Good day,TJS_RUB,0,8.10701
2026-01-30,Good day,UZS_RUB,0,0.00623203
2026-01-30,Кандидат,AMD_RUB,1,0.200541
2026-01-30,Кандидат,KGS_RUB,1,0.869355
2026-01-30,Кандидат,KZT_RUB,1,0.150873
2026-01-30,Кандидат,TJS_RUB,1,8.10701
2026-01-30,Кандидат,UZS_RUB,1,0.00623203
2026-02-02,Closing,AMD_RUB,0,0.200012
2026-02-02,Closing,KGS_RUB,0,0.866011
2026-02-02,Closing,KZT_RUB,0,0.150511
2026-02-02,Closing,TJS_RUB,0,8.08152
2026-02-02,Closing,UZS_RUB,0,0.00619482
2026-02-02,Fact,AMD_RUB,0,0.200012
2026-02-02,Fact,KGS_RUB,0,0.866011
2026-02-02,Fact,KZT_RUB,0,0.150511
2026-02-02,Fact,TJS_RUB,0,8.08152
2026-02-02,Fact,UZS_RUB,0,0.00619482
2026-02-02,Good day,AMD_RUB,1,0.200012
2026-02-02,Good day,KGS_RUB,1,0.866011
2026-02-02,Good day,KZT_RUB,1,0.150511
2026-02-02,Good day,TJS_RUB,1,8.08152
2026-02-02,Good day,UZS_RUB,1,0.00619482
2026-02-02,Кандидат,AMD_RUB,1,0.200012
2026-02-02,Кандидат,KGS_RUB,1,0.866011
2026-02-02,Кандидат,KZT_RUB,1,0.150511
2026-02-02,Кандидат,TJS_RUB,1,8.08152
2026-02-02,Кандидат,UZS_RUB,1,0.00619482
2026-02-03,Closing,AMD_RUB,0,0.203209
2026-02-03,Closing,KGS_RUB,0,0.880758
2026-02-03,Closing,KZT_RUB,0,0.153731
2026-02-03,Closing,TJS_RUB,0,8.21913
2026-02-03,Closing,UZS_RUB,0,0.00629156
2026-02-03,Fact,AMD_RUB,0,0.203209
2026-02-03,Fact,KGS_RUB,0,0.880758
2026-02-03,Fact,KZT_RUB,0,0.153731
2026-02-03,Fact,TJS_RUB,0,8.21913
2026-02-03,Fact,UZS_RUB,0,0.00629156
2026-02-03,Good day,AMD_RUB,0,0.203209
2026-02-03,Good day,KGS_RUB,0,0.880758
2026-02-03,Good day,KZT_RUB,0,0.153731
2026-02-03,Good day,TJS_RUB,0,8.21913
2026-02-03,Good day,UZS_RUB,0,0.00629156
2026-02-03,Кандидат,AMD_RUB,0,0.203209
2026-02-03,Кандидат,KGS_RUB,0,0.880758
2026-02-03,Кандидат,KZT_RUB,0,0.153731
2026-02-03,Кандидат,TJS_RUB,0,8.21913
2026-02-03,Кандидат,UZS_RUB,0,0.00629156
2026-02-04,Closing,AMD_RUB,0,0.203419
2026-02-04,Closing,KGS_RUB,0,0.880294
2026-02-04,Closing,KZT_RUB,0,0.152388
2026-02-04,Closing,TJS_RUB,0,8.22419
2026-02-04,Closing,UZS_RUB,0,0.00627992
2026-02-04,Fact,AMD_RUB,0,0.203419
2026-02-04,Fact,KGS_RUB,0,0.880294
2026-02-04,Fact,KZT_RUB,0,0.152388
2026-02-04,Fact,TJS_RUB,0,8.22419
2026-02-04,Fact,UZS_RUB,0,0.00627992
2026-02-04,Good day,AMD_RUB,0,0.203419
2026-02-04,Good day,KGS_RUB,0,0.880294
2026-02-04,Good day,KZT_RUB,0,0.152388
2026-02-04,Good day,TJS_RUB,0,8.22419
2026-02-04,Good day,UZS_RUB,0,0.00627992
2026-02-04,Кандидат,AMD_RUB,0,0.203419
2026-02-04,Кандидат,KGS_RUB,0,0.880294
2026-02-04,Кандидат,KZT_RUB,0,0.152388
2026-02-04,Кандидат,TJS_RUB,0,8.22419
2026-02-04,Кандидат,UZS_RUB,0,0.00627992
2026-02-05,Closing,AMD_RUB,0,0.203326
2026-02-05,Closing,KGS_RUB,0,0.879476
2026-02-05,Closing,KZT_RUB,0,0.152769
2026-02-05,Closing,TJS_RUB,0,8.21655
2026-02-05,Closing,UZS_RUB,0,0.00627031
2026-02-05,Fact,AMD_RUB,0,0.203326
2026-02-05,Fact,KGS_RUB,0,0.879476
2026-02-05,Fact,KZT_RUB,0,0.152769
2026-02-05,Fact,TJS_RUB,0,8.21655
2026-02-05,Fact,UZS_RUB,0,0.00627031
2026-02-05,Good day,AMD_RUB,0,0.203326
2026-02-05,Good day,KGS_RUB,0,0.879476
2026-02-05,Good day,KZT_RUB,0,0.152769
2026-02-05,Good day,TJS_RUB,0,8.21655
2026-02-05,Good day,UZS_RUB,0,0.00627031
2026-02-05,Кандидат,AMD_RUB,0,0.203326
2026-02-05,Кандидат,KGS_RUB,0,0.879476
2026-02-05,Кандидат,KZT_RUB,0,0.152769
2026-02-05,Кандидат,TJS_RUB,0,8.21655
2026-02-05,Кандидат,UZS_RUB,0,0.00627031
2026-02-06,Closing,AMD_RUB,0,0.202514
2026-02-06,Closing,KGS_RUB,0,0.875384
2026-02-06,Closing,KZT_RUB,0,0.153519
2026-02-06,Closing,TJS_RUB,0,8.16358
2026-02-06,Closing,UZS_RUB,0,0.00623416
2026-02-06,Fact,AMD_RUB,0,0.202514
2026-02-06,Fact,KGS_RUB,0,0.875384
2026-02-06,Fact,KZT_RUB,0,0.153519
2026-02-06,Fact,TJS_RUB,0,8.16358
2026-02-06,Fact,UZS_RUB,0,0.00623416
2026-02-06,Good day,AMD_RUB,0,0.202514
2026-02-06,Good day,KGS_RUB,0,0.875384
2026-02-06,Good day,KZT_RUB,0,0.153519
2026-02-06,Good day,TJS_RUB,0,8.16358
2026-02-06,Good day,UZS_RUB,0,0.00623416
2026-02-06,Кандидат,AMD_RUB,0,0.202514
2026-02-06,Кандидат,KGS_RUB,0,0.875384
2026-02-06,Кандидат,KZT_RUB,0,0.153519
2026-02-06,Кандидат,TJS_RUB,0,8.16358
2026-02-06,Кандидат,UZS_RUB,1,0.00623416
2026-02-09,Closing,AMD_RUB,0,0.204008
2026-02-09,Closing,KGS_RUB,0,0.881121
2026-02-09,Closing,KZT_RUB,0,0.155633
2026-02-09,Closing,TJS_RUB,0,8.21471
2026-02-09,Closing,UZS_RUB,0,0.00626294
2026-02-09,Fact,AMD_RUB,0,0.204008
2026-02-09,Fact,KGS_RUB,0,0.881121
2026-02-09,Fact,KZT_RUB,0,0.155633
2026-02-09,Fact,TJS_RUB,0,8.21471
2026-02-09,Fact,UZS_RUB,0,0.00626294
2026-02-09,Good day,AMD_RUB,0,0.204008
2026-02-09,Good day,KGS_RUB,0,0.881121
2026-02-09,Good day,KZT_RUB,0,0.155633
2026-02-09,Good day,TJS_RUB,0,8.21471
2026-02-09,Good day,UZS_RUB,0,0.00626294
2026-02-09,Кандидат,AMD_RUB,0,0.204008
2026-02-09,Кандидат,KGS_RUB,0,0.881121
2026-02-09,Кандидат,KZT_RUB,0,0.155633
2026-02-09,Кандидат,TJS_RUB,0,8.21471
2026-02-09,Кандидат,UZS_RUB,0,0.00626294
2026-02-10,Closing,AMD_RUB,0,0.20544
2026-02-10,Closing,KGS_RUB,0,0.887938
2026-02-10,Closing,KZT_RUB,0,0.156986
2026-02-10,Closing,TJS_RUB,0,8.28278
2026-02-10,Closing,UZS_RUB,0,0.0063026
2026-02-10,Fact,AMD_RUB,0,0.20544
2026-02-10,Fact,KGS_RUB,0,0.887938
2026-02-10,Fact,KZT_RUB,0,0.156986
2026-02-10,Fact,TJS_RUB,0,8.28278
2026-02-10,Fact,UZS_RUB,0,0.0063026
2026-02-10,Good day,AMD_RUB,0,0.20544
2026-02-10,Good day,KGS_RUB,0,0.887938
2026-02-10,Good day,KZT_RUB,0,0.156986
2026-02-10,Good day,TJS_RUB,0,8.28278
2026-02-10,Good day,UZS_RUB,0,0.0063026
2026-02-10,Кандидат,AMD_RUB,0,0.20544
2026-02-10,Кандидат,KGS_RUB,0,0.887938
2026-02-10,Кандидат,KZT_RUB,0,0.156986
2026-02-10,Кандидат,TJS_RUB,0,8.28278
2026-02-10,Кандидат,UZS_RUB,0,0.0063026
2026-02-11,Closing,AMD_RUB,0,0.204322
2026-02-11,Closing,KGS_RUB,0,0.882894
2026-02-11,Closing,KZT_RUB,0,0.156057
2026-02-11,Closing,TJS_RUB,0,8.21951
2026-02-11,Closing,UZS_RUB,0,0.00627207
2026-02-11,Fact,AMD_RUB,0,0.204322
2026-02-11,Fact,KGS_RUB,0,0.882894
2026-02-11,Fact,KZT_RUB,0,0.156057
2026-02-11,Fact,TJS_RUB,0,8.21951
2026-02-11,Fact,UZS_RUB,0,0.00627207
2026-02-11,Good day,AMD_RUB,0,0.204322
2026-02-11,Good day,KGS_RUB,0,0.882894
2026-02-11,Good day,KZT_RUB,0,0.156057
2026-02-11,Good day,TJS_RUB,0,8.21951
2026-02-11,Good day,UZS_RUB,0,0.00627207
2026-02-11,Кандидат,AMD_RUB,0,0.204322
2026-02-11,Кандидат,KGS_RUB,0,0.882894
2026-02-11,Кандидат,KZT_RUB,0,0.156057
2026-02-11,Кандидат,TJS_RUB,0,8.21951
2026-02-11,Кандидат,UZS_RUB,0,0.00627207
2026-02-12,Closing,AMD_RUB,0,0.205199
2026-02-12,Closing,KGS_RUB,0,0.885818
2026-02-12,Closing,KZT_RUB,0,0.157487
2026-02-12,Closing,TJS_RUB,0,8.2355
2026-02-12,Closing,UZS_RUB,0,0.00630446
2026-02-12,Fact,AMD_RUB,0,0.205199
2026-02-12,Fact,KGS_RUB,0,0.885818
2026-02-12,Fact,KZT_RUB,0,0.157487
2026-02-12,Fact,TJS_RUB,0,8.2355
2026-02-12,Fact,UZS_RUB,0,0.00630446
2026-02-12,Good day,AMD_RUB,0,0.205199
2026-02-12,Good day,KGS_RUB,0,0.885818
2026-02-12,Good day,KZT_RUB,0,0.157487
2026-02-12,Good day,TJS_RUB,0,8.2355
2026-02-12,Good day,UZS_RUB,0,0.00630446
2026-02-12,Кандидат,AMD_RUB,0,0.205199
2026-02-12,Кандидат,KGS_RUB,0,0.885818
2026-02-12,Кандидат,KZT_RUB,0,0.157487
2026-02-12,Кандидат,TJS_RUB,0,8.2355
2026-02-12,Кандидат,UZS_RUB,0,0.00630446
2026-02-13,Closing,AMD_RUB,0,0.204434
2026-02-13,Closing,KGS_RUB,0,0.882653
2026-02-13,Closing,KZT_RUB,0,0.15734
2026-02-13,Closing,TJS_RUB,0,8.19066
2026-02-13,Closing,UZS_RUB,0,0.00628793
2026-02-13,Fact,AMD_RUB,0,0.204434
2026-02-13,Fact,KGS_RUB,0,0.882653
2026-02-13,Fact,KZT_RUB,0,0.15734
2026-02-13,Fact,TJS_RUB,0,8.19066
2026-02-13,Fact,UZS_RUB,0,0.00628793
2026-02-13,Good day,AMD_RUB,1,0.204434
2026-02-13,Good day,KGS_RUB,1,0.882653
2026-02-13,Good day,KZT_RUB,0,0.15734
2026-02-13,Good day,TJS_RUB,1,8.19066
2026-02-13,Good day,UZS_RUB,1,0.00628793
2026-02-13,Кандидат,AMD_RUB,1,0.204434
2026-02-13,Кандидат,KGS_RUB,1,0.882653
2026-02-13,Кандидат,KZT_RUB,0,0.15734
2026-02-13,Кандидат,TJS_RUB,1,8.19066
2026-02-13,Кандидат,UZS_RUB,1,0.00628793
2026-02-16,Closing,AMD_RUB,0,0.204792
2026-02-16,Closing,KGS_RUB,0,0.882726
2026-02-16,Closing,KZT_RUB,0,0.156175
2026-02-16,Closing,TJS_RUB,0,8.17201
2026-02-16,Closing,UZS_RUB,0,0.00631655
2026-02-16,Fact,AMD_RUB,0,0.204792
2026-02-16,Fact,KGS_RUB,0,0.882726
2026-02-16,Fact,KZT_RUB,0,0.156175
2026-02-16,Fact,TJS_RUB,0,8.17201
2026-02-16,Fact,UZS_RUB,0,0.00631655
2026-02-16,Good day,AMD_RUB,0,0.204792
2026-02-16,Good day,KGS_RUB,0,0.882726
2026-02-16,Good day,KZT_RUB,0,0.156175
2026-02-16,Good day,TJS_RUB,0,8.17201
2026-02-16,Good day,UZS_RUB,0,0.00631655
2026-02-16,Кандидат,AMD_RUB,0,0.204792
2026-02-16,Кандидат,KGS_RUB,1,0.882726
2026-02-16,Кандидат,KZT_RUB,0,0.156175
2026-02-16,Кандидат,TJS_RUB,1,8.17201
2026-02-16,Кандидат,UZS_RUB,0,0.00631655
2026-02-17,Closing,AMD_RUB,0,0.202876
2026-02-17,Closing,KGS_RUB,0,0.876159
2026-02-17,Closing,KZT_RUB,0,0.154476
2026-02-17,Closing,TJS_RUB,0,8.11121
2026-02-17,Closing,UZS_RUB,0,0.00628482
2026-02-17,Fact,AMD_RUB,0,0.202876
2026-02-17,Fact,KGS_RUB,0,0.876159
2026-02-17,Fact,KZT_RUB,0,0.154476
2026-02-17,Fact,TJS_RUB,0,8.11121
2026-02-17,Fact,UZS_RUB,0,0.00628482
2026-02-17,Good day,AMD_RUB,0,0.202876
2026-02-17,Good day,KGS_RUB,0,0.876159
2026-02-17,Good day,KZT_RUB,1,0.154476
2026-02-17,Good day,TJS_RUB,0,8.11121
2026-02-17,Good day,UZS_RUB,0,0.00628482
2026-02-17,Кандидат,AMD_RUB,1,0.202876
2026-02-17,Кандидат,KGS_RUB,1,0.876159
2026-02-17,Кандидат,KZT_RUB,1,0.154476
2026-02-17,Кандидат,TJS_RUB,1,8.11121
2026-02-17,Кандидат,UZS_RUB,1,0.00628482
2026-02-18,Closing,AMD_RUB,0,0.203643
2026-02-18,Closing,KGS_RUB,0,0.877517
2026-02-18,Closing,KZT_RUB,0,0.155983
2026-02-18,Closing,TJS_RUB,0,8.11554
2026-02-18,Closing,UZS_RUB,0,0.00632228
2026-02-18,Fact,AMD_RUB,0,0.203643
2026-02-18,Fact,KGS_RUB,0,0.877517
2026-02-18,Fact,KZT_RUB,0,0.155983
2026-02-18,Fact,TJS_RUB,0,8.11554
2026-02-18,Fact,UZS_RUB,0,0.00632228
2026-02-18,Good day,AMD_RUB,1,0.203643
2026-02-18,Good day,KGS_RUB,1,0.877517
2026-02-18,Good day,KZT_RUB,0,0.155983
2026-02-18,Good day,TJS_RUB,1,8.11554
2026-02-18,Good day,UZS_RUB,1,0.00632228
2026-02-18,Кандидат,AMD_RUB,1,0.203643
2026-02-18,Кандидат,KGS_RUB,1,0.877517
2026-02-18,Кандидат,KZT_RUB,1,0.155983
2026-02-18,Кандидат,TJS_RUB,1,8.11554
2026-02-18,Кандидат,UZS_RUB,1,0.00632228
2026-02-19,Closing,AMD_RUB,0,0.201627
2026-02-19,Closing,KGS_RUB,0,0.870811
2026-02-19,Closing,KZT_RUB,0,0.155416
2026-02-19,Closing,TJS_RUB,0,8.0576
2026-02-19,Closing,UZS_RUB,0,0.00627674
2026-02-19,Fact,AMD_RUB,0,0.201627
2026-02-19,Fact,KGS_RUB,0,0.870811
2026-02-19,Fact,KZT_RUB,0,0.155416
2026-02-19,Fact,TJS_RUB,0,8.0576
2026-02-19,Fact,UZS_RUB,0,0.00627674
2026-02-19,Good day,AMD_RUB,0,0.201627
2026-02-19,Good day,KGS_RUB,0,0.870811
2026-02-19,Good day,KZT_RUB,0,0.155416
2026-02-19,Good day,TJS_RUB,0,8.0576
2026-02-19,Good day,UZS_RUB,0,0.00627674
2026-02-19,Кандидат,AMD_RUB,1,0.201627
2026-02-19,Кандидат,KGS_RUB,1,0.870811
2026-02-19,Кандидат,KZT_RUB,1,0.155416
2026-02-19,Кандидат,TJS_RUB,1,8.0576
2026-02-19,Кандидат,UZS_RUB,1,0.00627674
2026-02-20,Closing,AMD_RUB,0,0.203323
2026-02-20,Closing,KGS_RUB,0,0.876392
2026-02-20,Closing,KZT_RUB,0,0.156633
2026-02-20,Closing,TJS_RUB,0,8.10316
2026-02-20,Closing,UZS_RUB,0,0.0062978
2026-02-20,Fact,AMD_RUB,0,0.203323
2026-02-20,Fact,KGS_RUB,0,0.876392
2026-02-20,Fact,KZT_RUB,0,0.156633
2026-02-20,Fact,TJS_RUB,0,8.10316
2026-02-20,Fact,UZS_RUB,0,0.0062978
2026-02-20,Good day,AMD_RUB,0,0.203323
2026-02-20,Good day,KGS_RUB,0,0.876392
2026-02-20,Good day,KZT_RUB,0,0.156633
2026-02-20,Good day,TJS_RUB,0,8.10316
2026-02-20,Good day,UZS_RUB,0,0.0062978
2026-02-20,Кандидат,AMD_RUB,1,0.203323
2026-02-20,Кандидат,KGS_RUB,1,0.876392
2026-02-20,Кандидат,KZT_RUB,0,0.156633
2026-02-20,Кандидат,TJS_RUB,1,8.10316
2026-02-20,Кандидат,UZS_RUB,1,0.0062978
2026-02-23,Closing,AMD_RUB,0,0.203683
2026-02-23,Closing,KGS_RUB,0,0.877666
2026-02-23,Closing,KZT_RUB,0,0.156902
2026-02-23,Closing,TJS_RUB,0,8.11537
2026-02-23,Closing,UZS_RUB,0,0.00628455
2026-02-23,Fact,AMD_RUB,0,0.203683
2026-02-23,Fact,KGS_RUB,0,0.877666
2026-02-23,Fact,KZT_RUB,0,0.156902
2026-02-23,Fact,TJS_RUB,0,8.11537
2026-02-23,Fact,UZS_RUB,0,0.00628455
2026-02-23,Good day,AMD_RUB,0,0.203683
2026-02-23,Good day,KGS_RUB,1,0.877666
2026-02-23,Good day,KZT_RUB,0,0.156902
2026-02-23,Good day,TJS_RUB,1,8.11537
2026-02-23,Good day,UZS_RUB,1,0.00628455
2026-02-23,Кандидат,AMD_RUB,0,0.203683
2026-02-23,Кандидат,KGS_RUB,1,0.877666
2026-02-23,Кандидат,KZT_RUB,0,0.156902
2026-02-23,Кандидат,TJS_RUB,1,8.11537
2026-02-23,Кандидат,UZS_RUB,1,0.00628455
2026-02-24,Closing,AMD_RUB,0,0.203683
2026-02-24,Closing,KGS_RUB,0,0.877666
2026-02-24,Closing,KZT_RUB,0,0.156902
2026-02-24,Closing,TJS_RUB,0,8.11537
2026-02-24,Closing,UZS_RUB,0,0.00628455
2026-02-24,Fact,AMD_RUB,0,0.203683
2026-02-24,Fact,KGS_RUB,0,0.877666
2026-02-24,Fact,KZT_RUB,0,0.156902
2026-02-24,Fact,TJS_RUB,0,8.11537
2026-02-24,Fact,UZS_RUB,0,0.00628455
2026-02-24,Good day,AMD_RUB,0,0.203683
2026-02-24,Good day,KGS_RUB,0,0.877666
2026-02-24,Good day,KZT_RUB,0,0.156902
2026-02-24,Good day,TJS_RUB,0,8.11537
2026-02-24,Good day,UZS_RUB,0,0.00628455
2026-02-24,Кандидат,AMD_RUB,0,0.203683
2026-02-24,Кандидат,KGS_RUB,1,0.877666
2026-02-24,Кандидат,KZT_RUB,0,0.156902
2026-02-24,Кандидат,TJS_RUB,1,8.11537
2026-02-24,Кандидат,UZS_RUB,1,0.00628455
2026-02-25,Closing,AMD_RUB,0,0.202822
2026-02-25,Closing,KGS_RUB,0,0.87632
2026-02-25,Closing,KZT_RUB,0,0.154091
2026-02-25,Closing,TJS_RUB,0,8.09736
2026-02-25,Closing,UZS_RUB,0,0.00628784
2026-02-25,Fact,AMD_RUB,0,0.202822
2026-02-25,Fact,KGS_RUB,0,0.87632
2026-02-25,Fact,KZT_RUB,0,0.154091
2026-02-25,Fact,TJS_RUB,0,8.09736
2026-02-25,Fact,UZS_RUB,0,0.00628784
2026-02-25,Good day,AMD_RUB,1,0.202822
2026-02-25,Good day,KGS_RUB,0,0.87632
2026-02-25,Good day,KZT_RUB,1,0.154091
2026-02-25,Good day,TJS_RUB,0,8.09736
2026-02-25,Good day,UZS_RUB,0,0.00628784
2026-02-25,Кандидат,AMD_RUB,1,0.202822
2026-02-25,Кандидат,KGS_RUB,1,0.87632
2026-02-25,Кандидат,KZT_RUB,1,0.154091
2026-02-25,Кандидат,TJS_RUB,1,8.09736
2026-02-25,Кандидат,UZS_RUB,1,0.00628784
2026-02-26,Closing,AMD_RUB,0,0.202875
2026-02-26,Closing,KGS_RUB,0,0.874417
2026-02-26,Closing,KZT_RUB,0,0.153905
2026-02-26,Closing,TJS_RUB,0,8.06827
2026-02-26,Closing,UZS_RUB,0,0.00630034
2026-02-26,Fact,AMD_RUB,0,0.202875
2026-02-26,Fact,KGS_RUB,0,0.874417
2026-02-26,Fact,KZT_RUB,0,0.153905
2026-02-26,Fact,TJS_RUB,0,8.06827
2026-02-26,Fact,UZS_RUB,0,0.00630034
2026-02-26,Good day,AMD_RUB,0,0.202875
2026-02-26,Good day,KGS_RUB,0,0.874417
2026-02-26,Good day,KZT_RUB,0,0.153905
2026-02-26,Good day,TJS_RUB,0,8.06827
2026-02-26,Good day,UZS_RUB,0,0.00630034
2026-02-26,Кандидат,AMD_RUB,1,0.202875
2026-02-26,Кандидат,KGS_RUB,1,0.874417
2026-02-26,Кандидат,KZT_RUB,1,0.153905
2026-02-26,Кандидат,TJS_RUB,1,8.06827
2026-02-26,Кандидат,UZS_RUB,1,0.00630034
2026-02-27,Closing,AMD_RUB,0,0.204545
2026-02-27,Closing,KGS_RUB,0,0.881896
2026-02-27,Closing,KZT_RUB,0,0.153856
2026-02-27,Closing,TJS_RUB,0,8.12167
2026-02-27,Closing,UZS_RUB,0,0.0063545
2026-02-27,Fact,AMD_RUB,0,0.204545
2026-02-27,Fact,KGS_RUB,0,0.881896
2026-02-27,Fact,KZT_RUB,0,0.153856
2026-02-27,Fact,TJS_RUB,0,8.12167
2026-02-27,Fact,UZS_RUB,0,0.0063545
2026-02-27,Good day,AMD_RUB,0,0.204545
2026-02-27,Good day,KGS_RUB,0,0.881896
2026-02-27,Good day,KZT_RUB,0,0.153856
2026-02-27,Good day,TJS_RUB,0,8.12167
2026-02-27,Good day,UZS_RUB,0,0.0063545
2026-02-27,Кандидат,AMD_RUB,0,0.204545
2026-02-27,Кандидат,KGS_RUB,0,0.881896
2026-02-27,Кандидат,KZT_RUB,1,0.153856
2026-02-27,Кандидат,TJS_RUB,1,8.12167
2026-02-27,Кандидат,UZS_RUB,0,0.0063545
2026-03-02,Closing,AMD_RUB,0,0.20497
2026-03-02,Closing,KGS_RUB,0,0.883632
2026-03-02,Closing,KZT_RUB,0,0.154008
2026-03-02,Closing,TJS_RUB,0,8.12474
2026-03-02,Closing,UZS_RUB,0,0.00634838
2026-03-02,Fact,AMD_RUB,0,0.20497
2026-03-02,Fact,KGS_RUB,0,0.883632
2026-03-02,Fact,KZT_RUB,0,0.154008
2026-03-02,Fact,TJS_RUB,0,8.12474
2026-03-02,Fact,UZS_RUB,0,0.00634838
2026-03-02,Good day,AMD_RUB,0,0.20497
2026-03-02,Good day,KGS_RUB,0,0.883632
2026-03-02,Good day,KZT_RUB,1,0.154008
2026-03-02,Good day,TJS_RUB,1,8.12474
2026-03-02,Good day,UZS_RUB,0,0.00634838
2026-03-02,Кандидат,AMD_RUB,0,0.20497
2026-03-02,Кандидат,KGS_RUB,0,0.883632
2026-03-02,Кандидат,KZT_RUB,1,0.154008
2026-03-02,Кандидат,TJS_RUB,1,8.12474
2026-03-02,Кандидат,UZS_RUB,0,0.00634838
2026-03-03,Closing,AMD_RUB,0,0.204769
2026-03-03,Closing,KGS_RUB,0,0.882534
2026-03-03,Closing,KZT_RUB,0,0.155104
2026-03-03,Closing,TJS_RUB,0,8.09998
2026-03-03,Closing,UZS_RUB,0,0.00633058
2026-03-03,Fact,AMD_RUB,0,0.204769
2026-03-03,Fact,KGS_RUB,0,0.882534
2026-03-03,Fact,KZT_RUB,0,0.155104
2026-03-03,Fact,TJS_RUB,0,8.09998
2026-03-03,Fact,UZS_RUB,0,0.00633058
2026-03-03,Good day,AMD_RUB,1,0.204769
2026-03-03,Good day,KGS_RUB,1,0.882534
2026-03-03,Good day,KZT_RUB,0,0.155104
2026-03-03,Good day,TJS_RUB,0,8.09998
2026-03-03,Good day,UZS_RUB,1,0.00633058
2026-03-03,Кандидат,AMD_RUB,1,0.204769
2026-03-03,Кандидат,KGS_RUB,1,0.882534
2026-03-03,Кандидат,KZT_RUB,1,0.155104
2026-03-03,Кандидат,TJS_RUB,1,8.09998
2026-03-03,Кандидат,UZS_RUB,1,0.00633058
2026-03-04,Closing,AMD_RUB,0,0.205866
2026-03-04,Closing,KGS_RUB,0,0.887476
2026-03-04,Closing,KZT_RUB,0,0.154416
2026-03-04,Closing,TJS_RUB,0,8.13285
2026-03-04,Closing,UZS_RUB,0,0.00635628
2026-03-04,Fact,AMD_RUB,0,0.205866
2026-03-04,Fact,KGS_RUB,0,0.887476
2026-03-04,Fact,KZT_RUB,0,0.154416
2026-03-04,Fact,TJS_RUB,0,8.13285
2026-03-04,Fact,UZS_RUB,0,0.00635628
2026-03-04,Good day,AMD_RUB,0,0.205866
2026-03-04,Good day,KGS_RUB,0,0.887476
2026-03-04,Good day,KZT_RUB,0,0.154416
2026-03-04,Good day,TJS_RUB,0,8.13285
2026-03-04,Good day,UZS_RUB,0,0.00635628
2026-03-04,Кандидат,AMD_RUB,0,0.205866
2026-03-04,Кандидат,KGS_RUB,0,0.887476
2026-03-04,Кандидат,KZT_RUB,1,0.154416
2026-03-04,Кандидат,TJS_RUB,1,8.13285
2026-03-04,Кандидат,UZS_RUB,0,0.00635628
2026-03-05,Closing,AMD_RUB,0,0.205899
2026-03-05,Closing,KGS_RUB,0,0.889662
2026-03-05,Closing,KZT_RUB,0,0.156198
2026-03-05,Closing,TJS_RUB,0,8.14047
2026-03-05,Closing,UZS_RUB,0,0.00638769
2026-03-05,Fact,AMD_RUB,0,0.205899
2026-03-05,Fact,KGS_RUB,0,0.889662
2026-03-05,Fact,KZT_RUB,0,0.156198
2026-03-05,Fact,TJS_RUB,0,8.14047
2026-03-05,Fact,UZS_RUB,0,0.00638769
2026-03-05,Good day,AMD_RUB,0,0.205899
2026-03-05,Good day,KGS_RUB,0,0.889662
2026-03-05,Good day,KZT_RUB,0,0.156198
2026-03-05,Good day,TJS_RUB,0,8.14047
2026-03-05,Good day,UZS_RUB,0,0.00638769
2026-03-05,Кандидат,AMD_RUB,0,0.205899
2026-03-05,Кандидат,KGS_RUB,0,0.889662
2026-03-05,Кандидат,KZT_RUB,0,0.156198
2026-03-05,Кандидат,TJS_RUB,1,8.14047
2026-03-05,Кандидат,UZS_RUB,0,0.00638769
2026-03-06,Closing,AMD_RUB,0,0.207076
2026-03-06,Closing,KGS_RUB,0,0.894178
2026-03-06,Closing,KZT_RUB,0,0.156433
2026-03-06,Closing,TJS_RUB,0,8.16614
2026-03-06,Closing,UZS_RUB,0,0.0064219
2026-03-06,Fact,AMD_RUB,0,0.207076
2026-03-06,Fact,KGS_RUB,0,0.894178
2026-03-06,Fact,KZT_RUB,0,0.156433
2026-03-06,Fact,TJS_RUB,0,8.16614
2026-03-06,Fact,UZS_RUB,0,0.0064219
2026-03-06,Good day,AMD_RUB,0,0.207076
2026-03-06,Good day,KGS_RUB,0,0.894178
2026-03-06,Good day,KZT_RUB,0,0.156433
2026-03-06,Good day,TJS_RUB,0,8.16614
2026-03-06,Good day,UZS_RUB,0,0.0064219
2026-03-06,Кандидат,AMD_RUB,0,0.207076
2026-03-06,Кандидат,KGS_RUB,0,0.894178
2026-03-06,Кандидат,KZT_RUB,0,0.156433
2026-03-06,Кандидат,TJS_RUB,0,8.16614
2026-03-06,Кандидат,UZS_RUB,0,0.0064219
2026-03-09,Closing,AMD_RUB,0,0.209774
2026-03-09,Closing,KGS_RUB,0,0.905089
2026-03-09,Closing,KZT_RUB,0,0.160431
2026-03-09,Closing,TJS_RUB,0,8.2664
2026-03-09,Closing,UZS_RUB,0,0.00649236
2026-03-09,Fact,AMD_RUB,0,0.209774
2026-03-09,Fact,KGS_RUB,0,0.905089
2026-03-09,Fact,KZT_RUB,0,0.160431
2026-03-09,Fact,TJS_RUB,0,8.2664
2026-03-09,Fact,UZS_RUB,0,0.00649236
2026-03-09,Good day,AMD_RUB,0,0.209774
2026-03-09,Good day,KGS_RUB,0,0.905089
2026-03-09,Good day,KZT_RUB,0,0.160431
2026-03-09,Good day,TJS_RUB,0,8.2664
2026-03-09,Good day,UZS_RUB,0,0.00649236
2026-03-09,Кандидат,AMD_RUB,0,0.209774
2026-03-09,Кандидат,KGS_RUB,0,0.905089
2026-03-09,Кандидат,KZT_RUB,0,0.160431
2026-03-09,Кандидат,TJS_RUB,0,8.2664
2026-03-09,Кандидат,UZS_RUB,0,0.00649236
2026-03-10,Closing,AMD_RUB,0,0.209774
2026-03-10,Closing,KGS_RUB,0,0.905089
2026-03-10,Closing,KZT_RUB,0,0.160431
2026-03-10,Closing,TJS_RUB,0,8.2664
2026-03-10,Closing,UZS_RUB,0,0.00649236
2026-03-10,Fact,AMD_RUB,0,0.209774
2026-03-10,Fact,KGS_RUB,0,0.905089
2026-03-10,Fact,KZT_RUB,0,0.160431
2026-03-10,Fact,TJS_RUB,0,8.2664
2026-03-10,Fact,UZS_RUB,0,0.00649236
2026-03-10,Good day,AMD_RUB,0,0.209774
2026-03-10,Good day,KGS_RUB,0,0.905089
2026-03-10,Good day,KZT_RUB,0,0.160431
2026-03-10,Good day,TJS_RUB,0,8.2664
2026-03-10,Good day,UZS_RUB,0,0.00649236
2026-03-10,Кандидат,AMD_RUB,0,0.209774
2026-03-10,Кандидат,KGS_RUB,0,0.905089
2026-03-10,Кандидат,KZT_RUB,0,0.160431
2026-03-10,Кандидат,TJS_RUB,0,8.2664
2026-03-10,Кандидат,UZS_RUB,0,0.00649236
2026-03-11,Closing,AMD_RUB,0,0.208631
2026-03-11,Closing,KGS_RUB,0,0.900396
2026-03-11,Closing,KZT_RUB,0,0.15944
2026-03-11,Closing,TJS_RUB,0,8.20119
2026-03-11,Closing,UZS_RUB,0,0.00647629
2026-03-11,Fact,AMD_RUB,0,0.208631
2026-03-11,Fact,KGS_RUB,0,0.900396
2026-03-11,Fact,KZT_RUB,0,0.15944
2026-03-11,Fact,TJS_RUB,0,8.20119
2026-03-11,Fact,UZS_RUB,0,0.00647629
2026-03-11,Good day,AMD_RUB,0,0.208631
2026-03-11,Good day,KGS_RUB,0,0.900396
2026-03-11,Good day,KZT_RUB,0,0.15944
2026-03-11,Good day,TJS_RUB,0,8.20119
2026-03-11,Good day,UZS_RUB,0,0.00647629
2026-03-11,Кандидат,AMD_RUB,0,0.208631
2026-03-11,Кандидат,KGS_RUB,0,0.900396
2026-03-11,Кандидат,KZT_RUB,0,0.15944
2026-03-11,Кандидат,TJS_RUB,0,8.20119
2026-03-11,Кандидат,UZS_RUB,0,0.00647629
2026-03-12,Closing,AMD_RUB,0,0.209579
2026-03-12,Closing,KGS_RUB,0,0.904151
2026-03-12,Closing,KZT_RUB,0,0.160841
2026-03-12,Closing,TJS_RUB,0,8.23651
2026-03-12,Closing,UZS_RUB,0,0.00651529
2026-03-12,Fact,AMD_RUB,0,0.209579
2026-03-12,Fact,KGS_RUB,0,0.904151
2026-03-12,Fact,KZT_RUB,0,0.160841
2026-03-12,Fact,TJS_RUB,0,8.23651
2026-03-12,Fact,UZS_RUB,0,0.00651529
2026-03-12,Good day,AMD_RUB,0,0.209579
2026-03-12,Good day,KGS_RUB,0,0.904151
2026-03-12,Good day,KZT_RUB,0,0.160841
2026-03-12,Good day,TJS_RUB,0,8.23651
2026-03-12,Good day,UZS_RUB,0,0.00651529
2026-03-12,Кандидат,AMD_RUB,0,0.209579
2026-03-12,Кандидат,KGS_RUB,0,0.904151
2026-03-12,Кандидат,KZT_RUB,0,0.160841
2026-03-12,Кандидат,TJS_RUB,0,8.23651
2026-03-12,Кандидат,UZS_RUB,0,0.00651529
2026-03-13,Closing,AMD_RUB,0,0.209483
2026-03-13,Closing,KGS_RUB,0,0.904141
2026-03-13,Closing,KZT_RUB,0,0.161563
2026-03-13,Closing,TJS_RUB,0,8.22673
2026-03-13,Closing,UZS_RUB,0,0.00653318
2026-03-13,Fact,AMD_RUB,0,0.209483
2026-03-13,Fact,KGS_RUB,0,0.904141
2026-03-13,Fact,KZT_RUB,0,0.161563
2026-03-13,Fact,TJS_RUB,0,8.22673
2026-03-13,Fact,UZS_RUB,0,0.00653318
2026-03-13,Good day,AMD_RUB,0,0.209483
2026-03-13,Good day,KGS_RUB,0,0.904141
2026-03-13,Good day,KZT_RUB,0,0.161563
2026-03-13,Good day,TJS_RUB,0,8.22673
2026-03-13,Good day,UZS_RUB,0,0.00653318
2026-03-13,Кандидат,AMD_RUB,0,0.209483
2026-03-13,Кандидат,KGS_RUB,0,0.904141
2026-03-13,Кандидат,KZT_RUB,0,0.161563
2026-03-13,Кандидат,TJS_RUB,0,8.22673
2026-03-13,Кандидат,UZS_RUB,0,0.00653318
2026-03-16,Closing,AMD_RUB,0,0.212495
2026-03-16,Closing,KGS_RUB,0,0.917389
2026-03-16,Closing,KZT_RUB,0,0.163166
2026-03-16,Closing,TJS_RUB,0,8.34542
2026-03-16,Closing,UZS_RUB,0,0.00664028
2026-03-16,Fact,AMD_RUB,0,0.212495
2026-03-16,Fact,KGS_RUB,0,0.917389
2026-03-16,Fact,KZT_RUB,0,0.163166
2026-03-16,Fact,TJS_RUB,0,8.34542
2026-03-16,Fact,UZS_RUB,0,0.00664028
2026-03-16,Good day,AMD_RUB,0,0.212495
2026-03-16,Good day,KGS_RUB,0,0.917389
2026-03-16,Good day,KZT_RUB,0,0.163166
2026-03-16,Good day,TJS_RUB,0,8.34542
2026-03-16,Good day,UZS_RUB,0,0.00664028
2026-03-16,Кандидат,AMD_RUB,0,0.212495
2026-03-16,Кандидат,KGS_RUB,0,0.917389
2026-03-16,Кандидат,KZT_RUB,0,0.163166
2026-03-16,Кандидат,TJS_RUB,0,8.34542
2026-03-16,Кандидат,UZS_RUB,0,0.00664028
2026-03-17,Closing,AMD_RUB,0,0.214758
2026-03-17,Closing,KGS_RUB,0,0.926835
2026-03-17,Closing,KZT_RUB,0,0.164977
2026-03-17,Closing,TJS_RUB,0,8.43691
2026-03-17,Closing,UZS_RUB,0,0.00670335
2026-03-17,Fact,AMD_RUB,0,0.214758
2026-03-17,Fact,KGS_RUB,0,0.926835
2026-03-17,Fact,KZT_RUB,0,0.164977
2026-03-17,Fact,TJS_RUB,0,8.43691
2026-03-17,Fact,UZS_RUB,0,0.00670335
2026-03-17,Good day,AMD_RUB,0,0.214758
2026-03-17,Good day,KGS_RUB,0,0.926835
2026-03-17,Good day,KZT_RUB,0,0.164977
2026-03-17,Good day,TJS_RUB,0,8.43691
2026-03-17,Good day,UZS_RUB,0,0.00670335
2026-03-17,Кандидат,AMD_RUB,0,0.214758
2026-03-17,Кандидат,KGS_RUB,0,0.926835
2026-03-17,Кандидат,KZT_RUB,0,0.164977
2026-03-17,Кандидат,TJS_RUB,0,8.43691
2026-03-17,Кандидат,UZS_RUB,0,0.00670335
2026-03-18,Closing,AMD_RUB,0,0.217004
2026-03-18,Closing,KGS_RUB,0,0.936653
2026-03-18,Closing,KZT_RUB,0,0.16847
2026-03-18,Closing,TJS_RUB,0,8.52327
2026-03-18,Closing,UZS_RUB,0,0.00675326
2026-03-18,Fact,AMD_RUB,0,0.217004
2026-03-18,Fact,KGS_RUB,0,0.936653
2026-03-18,Fact,KZT_RUB,0,0.16847
2026-03-18,Fact,TJS_RUB,0,8.52327
2026-03-18,Fact,UZS_RUB,0,0.00675326
2026-03-18,Good day,AMD_RUB,0,0.217004
2026-03-18,Good day,KGS_RUB,0,0.936653
2026-03-18,Good day,KZT_RUB,0,0.16847
2026-03-18,Good day,TJS_RUB,0,8.52327
2026-03-18,Good day,UZS_RUB,0,0.00675326
2026-03-18,Кандидат,AMD_RUB,0,0.217004
2026-03-18,Кандидат,KGS_RUB,0,0.936653
2026-03-18,Кандидат,KZT_RUB,0,0.16847
2026-03-18,Кандидат,TJS_RUB,0,8.52327
2026-03-18,Кандидат,UZS_RUB,0,0.00675326
2026-03-19,Closing,AMD_RUB,0,0.220265
2026-03-19,Closing,KGS_RUB,0,0.950553
2026-03-19,Closing,KZT_RUB,0,0.173533
2026-03-19,Closing,TJS_RUB,0,8.65174
2026-03-19,Closing,UZS_RUB,0,0.00682543
2026-03-19,Fact,AMD_RUB,0,0.220265
2026-03-19,Fact,KGS_RUB,0,0.950553
2026-03-19,Fact,KZT_RUB,0,0.173533
2026-03-19,Fact,TJS_RUB,0,8.65174
2026-03-19,Fact,UZS_RUB,0,0.00682543
2026-03-19,Good day,AMD_RUB,0,0.220265
2026-03-19,Good day,KGS_RUB,0,0.950553
2026-03-19,Good day,KZT_RUB,0,0.173533
2026-03-19,Good day,TJS_RUB,0,8.65174
2026-03-19,Good day,UZS_RUB,0,0.00682543
2026-03-19,Кандидат,AMD_RUB,0,0.220265
2026-03-19,Кандидат,KGS_RUB,0,0.950553
2026-03-19,Кандидат,KZT_RUB,0,0.173533
2026-03-19,Кандидат,TJS_RUB,0,8.65174
2026-03-19,Кандидат,UZS_RUB,0,0.00682543
2026-03-20,Closing,AMD_RUB,0,0.224736
2026-03-20,Closing,KGS_RUB,0,0.970154
2026-03-20,Closing,KZT_RUB,0,0.175833
2026-03-20,Closing,TJS_RUB,0,8.82992
2026-03-20,Closing,UZS_RUB,0,0.00695845
2026-03-20,Fact,AMD_RUB,0,0.224736
2026-03-20,Fact,KGS_RUB,0,0.970154
2026-03-20,Fact,KZT_RUB,0,0.175833
2026-03-20,Fact,TJS_RUB,0,8.82992
2026-03-20,Fact,UZS_RUB,0,0.00695845
2026-03-20,Good day,AMD_RUB,0,0.224736
2026-03-20,Good day,KGS_RUB,0,0.970154
2026-03-20,Good day,KZT_RUB,0,0.175833
2026-03-20,Good day,TJS_RUB,0,8.82992
2026-03-20,Good day,UZS_RUB,0,0.00695845
2026-03-20,Кандидат,AMD_RUB,0,0.224736
2026-03-20,Кандидат,KGS_RUB,0,0.970154
2026-03-20,Кандидат,KZT_RUB,0,0.175833
2026-03-20,Кандидат,TJS_RUB,0,8.82992
2026-03-20,Кандидат,UZS_RUB,0,0.00695845
2026-03-23,Closing,AMD_RUB,0,0.222512
2026-03-23,Closing,KGS_RUB,0,0.960551
2026-03-23,Closing,KZT_RUB,0,0.174155
2026-03-23,Closing,TJS_RUB,0,8.80604
2026-03-23,Closing,UZS_RUB,0,0.00688958
2026-03-23,Fact,AMD_RUB,0,0.222512
2026-03-23,Fact,KGS_RUB,0,0.960551
2026-03-23,Fact,KZT_RUB,0,0.174155
2026-03-23,Fact,TJS_RUB,0,8.80604
2026-03-23,Fact,UZS_RUB,0,0.00688958
2026-03-23,Good day,AMD_RUB,0,0.222512
2026-03-23,Good day,KGS_RUB,0,0.960551
2026-03-23,Good day,KZT_RUB,0,0.174155
2026-03-23,Good day,TJS_RUB,0,8.80604
2026-03-23,Good day,UZS_RUB,0,0.00688958
2026-03-23,Кандидат,AMD_RUB,0,0.222512
2026-03-23,Кандидат,KGS_RUB,0,0.960551
2026-03-23,Кандидат,KZT_RUB,0,0.174155
2026-03-23,Кандидат,TJS_RUB,0,8.80604
2026-03-23,Кандидат,UZS_RUB,0,0.00688958
2026-03-24,Closing,AMD_RUB,0,0.21696
2026-03-24,Closing,KGS_RUB,0,0.936264
2026-03-24,Closing,KZT_RUB,0,0.169752
2026-03-24,Closing,TJS_RUB,0,8.80604
2026-03-24,Closing,UZS_RUB,0,0.00671554
2026-03-24,Fact,AMD_RUB,0,0.21696
2026-03-24,Fact,KGS_RUB,0,0.936264
2026-03-24,Fact,KZT_RUB,0,0.169752
2026-03-24,Fact,TJS_RUB,0,8.80604
2026-03-24,Fact,UZS_RUB,0,0.00671554
2026-03-24,Good day,AMD_RUB,0,0.21696
2026-03-24,Good day,KGS_RUB,0,0.936264
2026-03-24,Good day,KZT_RUB,0,0.169752
2026-03-24,Good day,TJS_RUB,0,8.80604
2026-03-24,Good day,UZS_RUB,0,0.00671554
2026-03-24,Кандидат,AMD_RUB,0,0.21696
2026-03-24,Кандидат,KGS_RUB,0,0.936264
2026-03-24,Кандидат,KZT_RUB,0,0.169752
2026-03-24,Кандидат,TJS_RUB,0,8.80604
2026-03-24,Кандидат,UZS_RUB,0,0.00671554
2026-03-25,Closing,AMD_RUB,0,0.214567
2026-03-25,Closing,KGS_RUB,0,0.925807
2026-03-25,Closing,KZT_RUB,0,0.167853
2026-03-25,Closing,TJS_RUB,0,8.48757
2026-03-25,Closing,UZS_RUB,0,0.00663827
2026-03-25,Fact,AMD_RUB,0,0.214567
2026-03-25,Fact,KGS_RUB,1,0.925807
2026-03-25,Fact,KZT_RUB,1,0.167853
2026-03-25,Fact,TJS_RUB,0,8.48757
2026-03-25,Fact,UZS_RUB,1,0.00663827
2026-03-25,Good day,AMD_RUB,1,0.214567
2026-03-25,Good day,KGS_RUB,0,0.925807
2026-03-25,Good day,KZT_RUB,0,0.167853
2026-03-25,Good day,TJS_RUB,0,8.48757
2026-03-25,Good day,UZS_RUB,0,0.00663827
2026-03-25,Кандидат,AMD_RUB,1,0.214567
2026-03-25,Кандидат,KGS_RUB,0,0.925807
2026-03-25,Кандидат,KZT_RUB,0,0.167853
2026-03-25,Кандидат,TJS_RUB,0,8.48757
2026-03-25,Кандидат,UZS_RUB,0,0.00663827
2026-03-26,Closing,AMD_RUB,0,0.213996
2026-03-26,Closing,KGS_RUB,0,0.923041
2026-03-26,Closing,KZT_RUB,0,0.167353
2026-03-26,Closing,TJS_RUB,0,8.46229
2026-03-26,Closing,UZS_RUB,0,0.00663176
2026-03-26,Fact,AMD_RUB,0,0.213996
2026-03-26,Fact,KGS_RUB,0,0.923041
2026-03-26,Fact,KZT_RUB,0,0.167353
2026-03-26,Fact,TJS_RUB,1,8.46229
2026-03-26,Fact,UZS_RUB,0,0.00663176
2026-03-26,Good day,AMD_RUB,0,0.213996
2026-03-26,Good day,KGS_RUB,0,0.923041
2026-03-26,Good day,KZT_RUB,0,0.167353
2026-03-26,Good day,TJS_RUB,0,8.46229
2026-03-26,Good day,UZS_RUB,0,0.00663176
2026-03-26,Кандидат,AMD_RUB,1,0.213996
2026-03-26,Кандидат,KGS_RUB,0,0.923041
2026-03-26,Кандидат,KZT_RUB,0,0.167353
2026-03-26,Кандидат,TJS_RUB,0,8.46229
2026-03-26,Кандидат,UZS_RUB,0,0.00663176
2026-03-27,Closing,AMD_RUB,0,0.217647
2026-03-27,Closing,KGS_RUB,0,0.939181
2026-03-27,Closing,KZT_RUB,0,0.170281
2026-03-27,Closing,TJS_RUB,0,8.61033
2026-03-27,Closing,UZS_RUB,0,0.00674321
2026-03-27,Fact,AMD_RUB,0,0.217647
2026-03-27,Fact,KGS_RUB,0,0.939181
2026-03-27,Fact,KZT_RUB,0,0.170281
2026-03-27,Fact,TJS_RUB,0,8.61033
2026-03-27,Fact,UZS_RUB,0,0.00674321
2026-03-27,Good day,AMD_RUB,0,0.217647
2026-03-27,Good day,KGS_RUB,0,0.939181
2026-03-27,Good day,KZT_RUB,0,0.170281
2026-03-27,Good day,TJS_RUB,0,8.61033
2026-03-27,Good day,UZS_RUB,0,0.00674321
2026-03-27,Кандидат,AMD_RUB,0,0.217647
2026-03-27,Кандидат,KGS_RUB,0,0.939181
2026-03-27,Кандидат,KZT_RUB,0,0.170281
2026-03-27,Кандидат,TJS_RUB,0,8.61033
2026-03-27,Кандидат,UZS_RUB,0,0.00674321
2026-03-30,Closing,AMD_RUB,0,0.215134
2026-03-30,Closing,KGS_RUB,0,0.927894
2026-03-30,Closing,KZT_RUB,0,0.168409
2026-03-30,Closing,TJS_RUB,0,8.50685
2026-03-30,Closing,UZS_RUB,0,0.00665363
2026-03-30,Fact,AMD_RUB,0,0.215134
2026-03-30,Fact,KGS_RUB,0,0.927894
2026-03-30,Fact,KZT_RUB,0,0.168409
2026-03-30,Fact,TJS_RUB,0,8.50685
2026-03-30,Fact,UZS_RUB,0,0.00665363
2026-03-30,Good day,AMD_RUB,1,0.215134
2026-03-30,Good day,KGS_RUB,1,0.927894
2026-03-30,Good day,KZT_RUB,1,0.168409
2026-03-30,Good day,TJS_RUB,1,8.50685
2026-03-30,Good day,UZS_RUB,1,0.00665363
2026-03-30,Кандидат,AMD_RUB,1,0.215134
2026-03-30,Кандидат,KGS_RUB,1,0.927894
2026-03-30,Кандидат,KZT_RUB,1,0.168409
2026-03-30,Кандидат,TJS_RUB,1,8.50685
2026-03-30,Кандидат,UZS_RUB,1,0.00665363
2026-03-31,Closing,AMD_RUB,0,0.21533
2026-03-31,Closing,KGS_RUB,0,0.929623
2026-03-31,Closing,KZT_RUB,0,0.168478
2026-03-31,Closing,TJS_RUB,0,8.46996
2026-03-31,Closing,UZS_RUB,0,0.00665772
2026-03-31,Fact,AMD_RUB,0,0.21533
2026-03-31,Fact,KGS_RUB,0,0.929623
2026-03-31,Fact,KZT_RUB,0,0.168478
2026-03-31,Fact,TJS_RUB,0,8.46996
2026-03-31,Fact,UZS_RUB,0,0.00665772
2026-03-31,Good day,AMD_RUB,0,0.21533
2026-03-31,Good day,KGS_RUB,0,0.929623
2026-03-31,Good day,KZT_RUB,0,0.168478
2026-03-31,Good day,TJS_RUB,0,8.46996
2026-03-31,Good day,UZS_RUB,0,0.00665772
2026-03-31,Кандидат,AMD_RUB,1,0.21533
2026-03-31,Кандидат,KGS_RUB,1,0.929623
2026-03-31,Кандидат,KZT_RUB,1,0.168478
2026-03-31,Кандидат,TJS_RUB,1,8.46996
2026-03-31,Кандидат,UZS_RUB,1,0.00665772
2026-04-01,Closing,AMD_RUB,0,0.215427
2026-04-01,Closing,KGS_RUB,0,0.929107
2026-04-01,Closing,KZT_RUB,0,0.16873
2026-04-01,Closing,TJS_RUB,0,8.46526
2026-04-01,Closing,UZS_RUB,0,0.00666303
2026-04-01,Fact,AMD_RUB,0,0.215427
2026-04-01,Fact,KGS_RUB,0,0.929107
2026-04-01,Fact,KZT_RUB,0,0.16873
2026-04-01,Fact,TJS_RUB,0,8.46526
2026-04-01,Fact,UZS_RUB,0,0.00666303
2026-04-01,Good day,AMD_RUB,0,0.215427
2026-04-01,Good day,KGS_RUB,0,0.929107
2026-04-01,Good day,KZT_RUB,0,0.16873
2026-04-01,Good day,TJS_RUB,0,8.46526
2026-04-01,Good day,UZS_RUB,0,0.00666303
2026-04-01,Кандидат,AMD_RUB,1,0.215427
2026-04-01,Кандидат,KGS_RUB,1,0.929107
2026-04-01,Кандидат,KZT_RUB,1,0.16873
2026-04-01,Кандидат,TJS_RUB,1,8.46526
2026-04-01,Кандидат,UZS_RUB,1,0.00666303
2026-04-02,Closing,AMD_RUB,0,0.213725
2026-04-02,Closing,KGS_RUB,0,0.921937
2026-04-02,Closing,KZT_RUB,0,0.168397
2026-04-02,Closing,TJS_RUB,0,8.42187
2026-04-02,Closing,UZS_RUB,0,0.00666303
2026-04-02,Fact,AMD_RUB,0,0.213725
2026-04-02,Fact,KGS_RUB,0,0.921937
2026-04-02,Fact,KZT_RUB,0,0.168397
2026-04-02,Fact,TJS_RUB,0,8.42187
2026-04-02,Fact,UZS_RUB,0,0.00666303
2026-04-02,Good day,AMD_RUB,0,0.213725
2026-04-02,Good day,KGS_RUB,0,0.921937
2026-04-02,Good day,KZT_RUB,0,0.168397
2026-04-02,Good day,TJS_RUB,0,8.42187
2026-04-02,Good day,UZS_RUB,0,0.00666303
2026-04-02,Кандидат,AMD_RUB,1,0.213725
2026-04-02,Кандидат,KGS_RUB,1,0.921937
2026-04-02,Кандидат,KZT_RUB,1,0.168397
2026-04-02,Кандидат,TJS_RUB,1,8.42187
2026-04-02,Кандидат,UZS_RUB,1,0.00666303
2026-04-03,Closing,AMD_RUB,0,0.213108
2026-04-03,Closing,KGS_RUB,0,0.918631
2026-04-03,Closing,KZT_RUB,0,0.16909
2026-04-03,Closing,TJS_RUB,0,8.38
2026-04-03,Closing,UZS_RUB,0,0.00661187
2026-04-03,Fact,AMD_RUB,0,0.213108
2026-04-03,Fact,KGS_RUB,0,0.918631
2026-04-03,Fact,KZT_RUB,0,0.16909
2026-04-03,Fact,TJS_RUB,0,8.38
2026-04-03,Fact,UZS_RUB,0,0.00661187
2026-04-03,Good day,AMD_RUB,0,0.213108
2026-04-03,Good day,KGS_RUB,0,0.918631
2026-04-03,Good day,KZT_RUB,0,0.16909
2026-04-03,Good day,TJS_RUB,0,8.38
2026-04-03,Good day,UZS_RUB,0,0.00661187
2026-04-03,Кандидат,AMD_RUB,1,0.213108
2026-04-03,Кандидат,KGS_RUB,0,0.918631
2026-04-03,Кандидат,KZT_RUB,0,0.16909
2026-04-03,Кандидат,TJS_RUB,1,8.38
2026-04-03,Кандидат,UZS_RUB,1,0.00661187
2026-04-06,Closing,AMD_RUB,0,0.211495
2026-04-06,Closing,KGS_RUB,0,0.911713
2026-04-06,Closing,KZT_RUB,0,0.168807
2026-04-06,Closing,TJS_RUB,0,8.32786
2026-04-06,Closing,UZS_RUB,0,0.00655094
2026-04-06,Fact,AMD_RUB,0,0.211495
2026-04-06,Fact,KGS_RUB,0,0.911713
2026-04-06,Fact,KZT_RUB,0,0.168807
2026-04-06,Fact,TJS_RUB,0,8.32786
2026-04-06,Fact,UZS_RUB,0,0.00655094
2026-04-06,Good day,AMD_RUB,1,0.211495
2026-04-06,Good day,KGS_RUB,1,0.911713
2026-04-06,Good day,KZT_RUB,1,0.168807
2026-04-06,Good day,TJS_RUB,1,8.32786
2026-04-06,Good day,UZS_RUB,1,0.00655094
2026-04-06,Кандидат,AMD_RUB,1,0.211495
2026-04-06,Кандидат,KGS_RUB,1,0.911713
2026-04-06,Кандидат,KZT_RUB,1,0.168807
2026-04-06,Кандидат,TJS_RUB,1,8.32786
2026-04-06,Кандидат,UZS_RUB,1,0.00655094
2026-04-07,Closing,AMD_RUB,0,0.209037
2026-04-07,Closing,KGS_RUB,0,0.90026
2026-04-07,Closing,KZT_RUB,0,0.167342
2026-04-07,Closing,TJS_RUB,0,8.22213
2026-04-07,Closing,UZS_RUB,0,0.00646616
2026-04-07,Fact,AMD_RUB,0,0.209037
2026-04-07,Fact,KGS_RUB,0,0.90026
2026-04-07,Fact,KZT_RUB,0,0.167342
2026-04-07,Fact,TJS_RUB,0,8.22213
2026-04-07,Fact,UZS_RUB,0,0.00646616
2026-04-07,Good day,AMD_RUB,0,0.209037
2026-04-07,Good day,KGS_RUB,0,0.90026
2026-04-07,Good day,KZT_RUB,0,0.167342
2026-04-07,Good day,TJS_RUB,0,8.22213
2026-04-07,Good day,UZS_RUB,0,0.00646616
2026-04-07,Кандидат,AMD_RUB,1,0.209037
2026-04-07,Кандидат,KGS_RUB,1,0.90026
2026-04-07,Кандидат,KZT_RUB,1,0.167342
2026-04-07,Кандидат,TJS_RUB,1,8.22213
2026-04-07,Кандидат,UZS_RUB,1,0.00646616
2026-04-08,Closing,AMD_RUB,0,0.209179
2026-04-08,Closing,KGS_RUB,0,0.90051
2026-04-08,Closing,KZT_RUB,0,0.168871
2026-04-08,Closing,TJS_RUB,0,8.2443
2026-04-08,Closing,UZS_RUB,0,0.00645061
2026-04-08,Fact,AMD_RUB,0,0.209179
2026-04-08,Fact,KGS_RUB,0,0.90051
2026-04-08,Fact,KZT_RUB,0,0.168871
2026-04-08,Fact,TJS_RUB,0,8.2443
2026-04-08,Fact,UZS_RUB,0,0.00645061
2026-04-08,Good day,AMD_RUB,0,0.209179
2026-04-08,Good day,KGS_RUB,0,0.90051
2026-04-08,Good day,KZT_RUB,0,0.168871
2026-04-08,Good day,TJS_RUB,0,8.2443
2026-04-08,Good day,UZS_RUB,0,0.00645061
2026-04-08,Кандидат,AMD_RUB,1,0.209179
2026-04-08,Кандидат,KGS_RUB,0,0.90051
2026-04-08,Кандидат,KZT_RUB,1,0.168871
2026-04-08,Кандидат,TJS_RUB,1,8.2443
2026-04-08,Кандидат,UZS_RUB,1,0.00645061
2026-04-09,Closing,AMD_RUB,0,0.208079
2026-04-09,Closing,KGS_RUB,0,0.895418
2026-04-09,Closing,KZT_RUB,0,0.17009
2026-04-09,Closing,TJS_RUB,0,8.19769
2026-04-09,Closing,UZS_RUB,0,0.00640338
2026-04-09,Fact,AMD_RUB,0,0.208079
2026-04-09,Fact,KGS_RUB,0,0.895418
2026-04-09,Fact,KZT_RUB,0,0.17009
2026-04-09,Fact,TJS_RUB,0,8.19769
2026-04-09,Fact,UZS_RUB,0,0.00640338
2026-04-09,Good day,AMD_RUB,0,0.208079
2026-04-09,Good day,KGS_RUB,0,0.895418
2026-04-09,Good day,KZT_RUB,0,0.17009
2026-04-09,Good day,TJS_RUB,0,8.19769
2026-04-09,Good day,UZS_RUB,0,0.00640338
2026-04-09,Кандидат,AMD_RUB,1,0.208079
2026-04-09,Кандидат,KGS_RUB,0,0.895418
2026-04-09,Кандидат,KZT_RUB,0,0.17009
2026-04-09,Кандидат,TJS_RUB,1,8.19769
2026-04-09,Кандидат,UZS_RUB,0,0.00640338
2026-04-10,Closing,AMD_RUB,0,0.206979
2026-04-10,Closing,KGS_RUB,0,0.890085
2026-04-10,Closing,KZT_RUB,0,0.16376
2026-04-10,Closing,TJS_RUB,0,8.15906
2026-04-10,Closing,UZS_RUB,0,0.00638095
2026-04-10,Fact,AMD_RUB,0,0.206979
2026-04-10,Fact,KGS_RUB,0,0.890085
2026-04-10,Fact,KZT_RUB,0,0.16376
2026-04-10,Fact,TJS_RUB,0,8.15906
2026-04-10,Fact,UZS_RUB,0,0.00638095
2026-04-10,Good day,AMD_RUB,0,0.206979
2026-04-10,Good day,KGS_RUB,0,0.890085
2026-04-10,Good day,KZT_RUB,0,0.16376
2026-04-10,Good day,TJS_RUB,0,8.15906
2026-04-10,Good day,UZS_RUB,0,0.00638095
2026-04-10,Кандидат,AMD_RUB,1,0.206979
2026-04-10,Кандидат,KGS_RUB,0,0.890085
2026-04-10,Кандидат,KZT_RUB,1,0.16376
2026-04-10,Кандидат,TJS_RUB,1,8.15906
2026-04-10,Кандидат,UZS_RUB,1,0.00638095
2026-04-13,Closing,AMD_RUB,0,0.204861
2026-04-13,Closing,KGS_RUB,0,0.880188
2026-04-13,Closing,KZT_RUB,0,0.160419
2026-04-13,Closing,TJS_RUB,0,8.08169
2026-04-13,Closing,UZS_RUB,0,0.0063307
2026-04-13,Fact,AMD_RUB,0,0.204861
2026-04-13,Fact,KGS_RUB,1,0.880188
2026-04-13,Fact,KZT_RUB,0,0.160419
2026-04-13,Fact,TJS_RUB,0,8.08169
2026-04-13,Fact,UZS_RUB,0,0.0063307
2026-04-13,Good day,AMD_RUB,1,0.204861
2026-04-13,Good day,KGS_RUB,0,0.880188
2026-04-13,Good day,KZT_RUB,1,0.160419
2026-04-13,Good day,TJS_RUB,1,8.08169
2026-04-13,Good day,UZS_RUB,1,0.0063307
2026-04-13,Кандидат,AMD_RUB,1,0.204861
2026-04-13,Кандидат,KGS_RUB,0,0.880188
2026-04-13,Кандидат,KZT_RUB,1,0.160419
2026-04-13,Кандидат,TJS_RUB,1,8.08169
2026-04-13,Кандидат,UZS_RUB,1,0.0063307
2026-04-14,Closing,AMD_RUB,0,0.203227
2026-04-14,Closing,KGS_RUB,0,0.871914
2026-04-14,Closing,KZT_RUB,0,0.161158
2026-04-14,Closing,TJS_RUB,0,8.01903
2026-04-14,Closing,UZS_RUB,0,0.006288
2026-04-14,Fact,AMD_RUB,0,0.203227
2026-04-14,Fact,KGS_RUB,0,0.871914
2026-04-14,Fact,KZT_RUB,0,0.161158
2026-04-14,Fact,TJS_RUB,0,8.01903
2026-04-14,Fact,UZS_RUB,0,0.006288
2026-04-14,Good day,AMD_RUB,0,0.203227
2026-04-14,Good day,KGS_RUB,0,0.871914
2026-04-14,Good day,KZT_RUB,0,0.161158
2026-04-14,Good day,TJS_RUB,0,8.01903
2026-04-14,Good day,UZS_RUB,0,0.006288
2026-04-14,Кандидат,AMD_RUB,0,0.203227
2026-04-14,Кандидат,KGS_RUB,0,0.871914
2026-04-14,Кандидат,KZT_RUB,1,0.161158
2026-04-14,Кандидат,TJS_RUB,1,8.01903
2026-04-14,Кандидат,UZS_RUB,1,0.006288
2026-04-15,Closing,AMD_RUB,0,0.202173
2026-04-15,Closing,KGS_RUB,0,0.867389
2026-04-15,Closing,KZT_RUB,0,0.159725
2026-04-15,Closing,TJS_RUB,0,7.9843
2026-04-15,Closing,UZS_RUB,0,0.00624749
2026-04-15,Fact,AMD_RUB,0,0.202173
2026-04-15,Fact,KGS_RUB,0,0.867389
2026-04-15,Fact,KZT_RUB,0,0.159725
2026-04-15,Fact,TJS_RUB,0,7.9843
2026-04-15,Fact,UZS_RUB,0,0.00624749
2026-04-15,Good day,AMD_RUB,0,0.202173
2026-04-15,Good day,KGS_RUB,1,0.867389
2026-04-15,Good day,KZT_RUB,0,0.159725
2026-04-15,Good day,TJS_RUB,0,7.9843
2026-04-15,Good day,UZS_RUB,0,0.00624749
2026-04-15,Кандидат,AMD_RUB,0,0.202173
2026-04-15,Кандидат,KGS_RUB,1,0.867389
2026-04-15,Кандидат,KZT_RUB,1,0.159725
2026-04-15,Кандидат,TJS_RUB,1,7.9843
2026-04-15,Кандидат,UZS_RUB,1,0.00624749
2026-04-16,Closing,AMD_RUB,0,0.200904
2026-04-16,Closing,KGS_RUB,0,0.860316
2026-04-16,Closing,KZT_RUB,0,0.157734
2026-04-16,Closing,TJS_RUB,0,7.93405
2026-04-16,Closing,UZS_RUB,0,0.00617161
2026-04-16,Fact,AMD_RUB,0,0.200904
2026-04-16,Fact,KGS_RUB,0,0.860316
2026-04-16,Fact,KZT_RUB,0,0.157734
2026-04-16,Fact,TJS_RUB,0,7.93405
2026-04-16,Fact,UZS_RUB,0,0.00617161
2026-04-16,Good day,AMD_RUB,0,0.200904
2026-04-16,Good day,KGS_RUB,0,0.860316
2026-04-16,Good day,KZT_RUB,0,0.157734
2026-04-16,Good day,TJS_RUB,0,7.93405
2026-04-16,Good day,UZS_RUB,0,0.00617161
2026-04-16,Кандидат,AMD_RUB,0,0.200904
2026-04-16,Кандидат,KGS_RUB,0,0.860316
2026-04-16,Кандидат,KZT_RUB,1,0.157734
2026-04-16,Кандидат,TJS_RUB,0,7.93405
2026-04-16,Кандидат,UZS_RUB,0,0.00617161
2026-04-17,Closing,AMD_RUB,0,0.203352
2026-04-17,Closing,KGS_RUB,0,0.870053
2026-04-17,Closing,KZT_RUB,0,0.160492
2026-04-17,Closing,TJS_RUB,0,8.02384
2026-04-17,Closing,UZS_RUB,0,0.00625439
2026-04-17,Fact,AMD_RUB,0,0.203352
2026-04-17,Fact,KGS_RUB,0,0.870053
2026-04-17,Fact,KZT_RUB,0,0.160492
2026-04-17,Fact,TJS_RUB,0,8.02384
2026-04-17,Fact,UZS_RUB,0,0.00625439
2026-04-17,Good day,AMD_RUB,0,0.203352
2026-04-17,Good day,KGS_RUB,0,0.870053
2026-04-17,Good day,KZT_RUB,0,0.160492
2026-04-17,Good day,TJS_RUB,0,8.02384
2026-04-17,Good day,UZS_RUB,0,0.00625439
2026-04-17,Кандидат,AMD_RUB,0,0.203352
2026-04-17,Кандидат,KGS_RUB,0,0.870053
2026-04-17,Кандидат,KZT_RUB,0,0.160492
2026-04-17,Кандидат,TJS_RUB,0,8.02384
2026-04-17,Кандидат,UZS_RUB,0,0.00625439
2026-04-20,Closing,AMD_RUB,0,0.203455
2026-04-20,Closing,KGS_RUB,0,0.86968
2026-04-20,Closing,KZT_RUB,0,0.161315
2026-04-20,Closing,TJS_RUB,0,8.03473
2026-04-20,Closing,UZS_RUB,0,0.00627066
2026-04-20,Fact,AMD_RUB,0,0.203455
2026-04-20,Fact,KGS_RUB,1,0.86968
2026-04-20,Fact,KZT_RUB,0,0.161315
2026-04-20,Fact,TJS_RUB,0,8.03473
2026-04-20,Fact,UZS_RUB,0,0.00627066
2026-04-20,Good day,AMD_RUB,0,0.203455
2026-04-20,Good day,KGS_RUB,0,0.86968
2026-04-20,Good day,KZT_RUB,0,0.161315
2026-04-20,Good day,TJS_RUB,0,8.03473
2026-04-20,Good day,UZS_RUB,0,0.00627066
2026-04-20,Кандидат,AMD_RUB,0,0.203455
2026-04-20,Кандидат,KGS_RUB,0,0.86968
2026-04-20,Кандидат,KZT_RUB,0,0.161315
2026-04-20,Кандидат,TJS_RUB,0,8.03473
2026-04-20,Кандидат,UZS_RUB,0,0.00627066
2026-04-21,Closing,AMD_RUB,0,0.201789
2026-04-21,Closing,KGS_RUB,0,0.860343
2026-04-21,Closing,KZT_RUB,0,0.160242
2026-04-21,Closing,TJS_RUB,0,7.95519
2026-04-21,Closing,UZS_RUB,0,0.00621931
2026-04-21,Fact,AMD_RUB,1,0.201789
2026-04-21,Fact,KGS_RUB,0,0.860343
2026-04-21,Fact,KZT_RUB,1,0.160242
2026-04-21,Fact,TJS_RUB,1,7.95519
2026-04-21,Fact,UZS_RUB,1,0.00621931
2026-04-21,Good day,AMD_RUB,0,0.201789
2026-04-21,Good day,KGS_RUB,0,0.860343
2026-04-21,Good day,KZT_RUB,0,0.160242
2026-04-21,Good day,TJS_RUB,0,7.95519
2026-04-21,Good day,UZS_RUB,0,0.00621931
2026-04-21,Кандидат,AMD_RUB,0,0.201789
2026-04-21,Кандидат,KGS_RUB,0,0.860343
2026-04-21,Кандидат,KZT_RUB,0,0.160242
2026-04-21,Кандидат,TJS_RUB,0,7.95519
2026-04-21,Кандидат,UZS_RUB,0,0.00621931
2026-04-22,Closing,AMD_RUB,0,0.200192
2026-04-22,Closing,KGS_RUB,0,0.852956
2026-04-22,Closing,KZT_RUB,0,0.158874
2026-04-22,Closing,TJS_RUB,0,7.8915
2026-04-22,Closing,UZS_RUB,0,0.0061846
2026-04-22,Fact,AMD_RUB,0,0.200192
2026-04-22,Fact,KGS_RUB,0,0.852956
2026-04-22,Fact,KZT_RUB,0,0.158874
2026-04-22,Fact,TJS_RUB,0,7.8915
2026-04-22,Fact,UZS_RUB,0,0.0061846
2026-04-22,Good day,AMD_RUB,0,0.200192
2026-04-22,Good day,KGS_RUB,0,0.852956
2026-04-22,Good day,KZT_RUB,1,0.158874
2026-04-22,Good day,TJS_RUB,1,7.8915
2026-04-22,Good day,UZS_RUB,0,0.0061846
2026-04-22,Кандидат,AMD_RUB,0,0.200192
2026-04-22,Кандидат,KGS_RUB,0,0.852956
2026-04-22,Кандидат,KZT_RUB,1,0.158874
2026-04-22,Кандидат,TJS_RUB,1,7.8915
2026-04-22,Кандидат,UZS_RUB,0,0.0061846
2026-04-23,Closing,AMD_RUB,0,0.201406
2026-04-23,Closing,KGS_RUB,0,0.857849
2026-04-23,Closing,KZT_RUB,0,0.161383
2026-04-23,Closing,TJS_RUB,0,7.94091
2026-04-23,Closing,UZS_RUB,0,0.00622791
2026-04-23,Fact,AMD_RUB,0,0.201406
2026-04-23,Fact,KGS_RUB,0,0.857849
2026-04-23,Fact,KZT_RUB,0,0.161383
2026-04-23,Fact,TJS_RUB,0,7.94091
2026-04-23,Fact,UZS_RUB,0,0.00622791
2026-04-23,Good day,AMD_RUB,0,0.201406
2026-04-23,Good day,KGS_RUB,0,0.857849
2026-04-23,Good day,KZT_RUB,0,0.161383
2026-04-23,Good day,TJS_RUB,0,7.94091
2026-04-23,Good day,UZS_RUB,0,0.00622791
2026-04-23,Кандидат,AMD_RUB,0,0.201406
2026-04-23,Кандидат,KGS_RUB,0,0.857849
2026-04-23,Кандидат,KZT_RUB,0,0.161383
2026-04-23,Кандидат,TJS_RUB,1,7.94091
2026-04-23,Кандидат,UZS_RUB,0,0.00622791
2026-04-24,Closing,AMD_RUB,0,0.201261
2026-04-24,Closing,KGS_RUB,0,0.856085
2026-04-24,Closing,KZT_RUB,0,0.162201
2026-04-24,Closing,TJS_RUB,0,7.93053
2026-04-24,Closing,UZS_RUB,0,0.00622796
2026-04-24,Fact,AMD_RUB,0,0.201261
2026-04-24,Fact,KGS_RUB,0,0.856085
2026-04-24,Fact,KZT_RUB,0,0.162201
2026-04-24,Fact,TJS_RUB,0,7.93053
2026-04-24,Fact,UZS_RUB,0,0.00622796
2026-04-24,Good day,AMD_RUB,0,0.201261
2026-04-24,Good day,KGS_RUB,0,0.856085
2026-04-24,Good day,KZT_RUB,0,0.162201
2026-04-24,Good day,TJS_RUB,0,7.93053
2026-04-24,Good day,UZS_RUB,1,0.00622796
2026-04-24,Кандидат,AMD_RUB,0,0.201261
2026-04-24,Кандидат,KGS_RUB,0,0.856085
2026-04-24,Кандидат,KZT_RUB,0,0.162201
2026-04-24,Кандидат,TJS_RUB,1,7.93053
2026-04-24,Кандидат,UZS_RUB,1,0.00622796
2026-04-27,Closing,AMD_RUB,0,0.203123
2026-04-27,Closing,KGS_RUB,0,0.864125
2026-04-27,Closing,KZT_RUB,0,0.163172
2026-04-27,Closing,TJS_RUB,0,8.00866
2026-04-27,Closing,UZS_RUB,0,0.00628322
2026-04-27,Fact,AMD_RUB,0,0.203123
2026-04-27,Fact,KGS_RUB,0,0.864125
2026-04-27,Fact,KZT_RUB,0,0.163172
2026-04-27,Fact,TJS_RUB,0,8.00866
2026-04-27,Fact,UZS_RUB,0,0.00628322
2026-04-27,Good day,AMD_RUB,0,0.203123
2026-04-27,Good day,KGS_RUB,0,0.864125
2026-04-27,Good day,KZT_RUB,0,0.163172
2026-04-27,Good day,TJS_RUB,0,8.00866
2026-04-27,Good day,UZS_RUB,0,0.00628322
2026-04-27,Кандидат,AMD_RUB,0,0.203123
2026-04-27,Кандидат,KGS_RUB,0,0.864125
2026-04-27,Кандидат,KZT_RUB,0,0.163172
2026-04-27,Кандидат,TJS_RUB,0,8.00866
2026-04-27,Кандидат,UZS_RUB,0,0.00628322
2026-04-28,Closing,AMD_RUB,0,0.201335
2026-04-28,Closing,KGS_RUB,0,0.855627
2026-04-28,Closing,KZT_RUB,0,0.160926
2026-04-28,Closing,TJS_RUB,0,7.93939
2026-04-28,Closing,UZS_RUB,0,0.00619633
2026-04-28,Fact,AMD_RUB,1,0.201335
2026-04-28,Fact,KGS_RUB,1,0.855627
2026-04-28,Fact,KZT_RUB,0,0.160926
2026-04-28,Fact,TJS_RUB,0,7.93939
2026-04-28,Fact,UZS_RUB,0,0.00619633
2026-04-28,Good day,AMD_RUB,0,0.201335
2026-04-28,Good day,KGS_RUB,0,0.855627
2026-04-28,Good day,KZT_RUB,0,0.160926
2026-04-28,Good day,TJS_RUB,1,7.93939
2026-04-28,Good day,UZS_RUB,0,0.00619633
2026-04-28,Кандидат,AMD_RUB,0,0.201335
2026-04-28,Кандидат,KGS_RUB,0,0.855627
2026-04-28,Кандидат,KZT_RUB,0,0.160926
2026-04-28,Кандидат,TJS_RUB,1,7.93939
2026-04-28,Кандидат,UZS_RUB,1,0.00619633
2026-04-29,Closing,AMD_RUB,0,0.201117
2026-04-29,Closing,KGS_RUB,0,0.854341
2026-04-29,Closing,KZT_RUB,0,0.162098
2026-04-29,Closing,TJS_RUB,0,7.92735
2026-04-29,Closing,UZS_RUB,0,0.00620945
2026-04-29,Fact,AMD_RUB,0,0.201117
2026-04-29,Fact,KGS_RUB,0,0.854341
2026-04-29,Fact,KZT_RUB,0,0.162098
2026-04-29,Fact,TJS_RUB,0,7.92735
2026-04-29,Fact,UZS_RUB,0,0.00620945
2026-04-29,Good day,AMD_RUB,0,0.201117
2026-04-29,Good day,KGS_RUB,0,0.854341
2026-04-29,Good day,KZT_RUB,0,0.162098
2026-04-29,Good day,TJS_RUB,0,7.92735
2026-04-29,Good day,UZS_RUB,1,0.00620945
2026-04-29,Кандидат,AMD_RUB,0,0.201117
2026-04-29,Кандидат,KGS_RUB,0,0.854341
2026-04-29,Кандидат,KZT_RUB,0,0.162098
2026-04-29,Кандидат,TJS_RUB,1,7.92735
2026-04-29,Кандидат,UZS_RUB,1,0.00620945
2026-04-30,Closing,AMD_RUB,0,0.201731
2026-04-30,Closing,KGS_RUB,0,0.85647
2026-04-30,Closing,KZT_RUB,0,0.163777
2026-04-30,Closing,TJS_RUB,0,7.95384
2026-04-30,Closing,UZS_RUB,0,0.00625319
2026-04-30,Fact,AMD_RUB,0,0.201731
2026-04-30,Fact,KGS_RUB,0,0.85647
2026-04-30,Fact,KZT_RUB,0,0.163777
2026-04-30,Fact,TJS_RUB,0,7.95384
2026-04-30,Fact,UZS_RUB,0,0.00625319
2026-04-30,Good day,AMD_RUB,1,0.201731
2026-04-30,Good day,KGS_RUB,1,0.85647
2026-04-30,Good day,KZT_RUB,0,0.163777
2026-04-30,Good day,TJS_RUB,0,7.95384
2026-04-30,Good day,UZS_RUB,0,0.00625319
2026-04-30,Кандидат,AMD_RUB,1,0.201731
2026-04-30,Кандидат,KGS_RUB,1,0.85647
2026-04-30,Кандидат,KZT_RUB,0,0.163777
2026-04-30,Кандидат,TJS_RUB,1,7.95384
2026-04-30,Кандидат,UZS_RUB,0,0.00625319
2026-05-01,Closing,AMD_RUB,0,0.201741
2026-05-01,Closing,KGS_RUB,0,0.855651
2026-05-01,Closing,KZT_RUB,0,0.162066
2026-05-01,Closing,TJS_RUB,0,7.95683
2026-05-01,Closing,UZS_RUB,0,0.00626603
2026-05-01,Fact,AMD_RUB,0,0.201741
2026-05-01,Fact,KGS_RUB,0,0.855651
2026-05-01,Fact,KZT_RUB,0,0.162066
2026-05-01,Fact,TJS_RUB,0,7.95683
2026-05-01,Fact,UZS_RUB,0,0.00626603
2026-05-01,Good day,AMD_RUB,0,0.201741
2026-05-01,Good day,KGS_RUB,0,0.855651
2026-05-01,Good day,KZT_RUB,0,0.162066
2026-05-01,Good day,TJS_RUB,0,7.95683
2026-05-01,Good day,UZS_RUB,0,0.00626603
2026-05-01,Кандидат,AMD_RUB,1,0.201741
2026-05-01,Кандидат,KGS_RUB,1,0.855651
2026-05-01,Кандидат,KZT_RUB,0,0.162066
2026-05-01,Кандидат,TJS_RUB,1,7.95683
2026-05-01,Кандидат,UZS_RUB,0,0.00626603
2026-05-04,Closing,AMD_RUB,0,0.201741
2026-05-04,Closing,KGS_RUB,0,0.855651
2026-05-04,Closing,KZT_RUB,0,0.162066
2026-05-04,Closing,TJS_RUB,0,7.95683
2026-05-04,Closing,UZS_RUB,0,0.00626603
2026-05-04,Fact,AMD_RUB,0,0.201741
2026-05-04,Fact,KGS_RUB,0,0.855651
2026-05-04,Fact,KZT_RUB,0,0.162066
2026-05-04,Fact,TJS_RUB,0,7.95683
2026-05-04,Fact,UZS_RUB,0,0.00626603
2026-05-04,Good day,AMD_RUB,0,0.201741
2026-05-04,Good day,KGS_RUB,0,0.855651
2026-05-04,Good day,KZT_RUB,1,0.162066
2026-05-04,Good day,TJS_RUB,1,7.95683
2026-05-04,Good day,UZS_RUB,0,0.00626603
2026-05-04,Кандидат,AMD_RUB,1,0.201741
2026-05-04,Кандидат,KGS_RUB,1,0.855651
2026-05-04,Кандидат,KZT_RUB,1,0.162066
2026-05-04,Кандидат,TJS_RUB,1,7.95683
2026-05-04,Кандидат,UZS_RUB,0,0.00626603
2026-05-05,Closing,AMD_RUB,0,0.20346
2026-05-05,Closing,KGS_RUB,0,0.862942
2026-05-05,Closing,KZT_RUB,0,0.162966
2026-05-05,Closing,TJS_RUB,0,8.03327
2026-05-05,Closing,UZS_RUB,0,0.00628996
2026-05-05,Fact,AMD_RUB,0,0.20346
2026-05-05,Fact,KGS_RUB,0,0.862942
2026-05-05,Fact,KZT_RUB,0,0.162966
2026-05-05,Fact,TJS_RUB,0,8.03327
2026-05-05,Fact,UZS_RUB,0,0.00628996
2026-05-05,Good day,AMD_RUB,0,0.20346
2026-05-05,Good day,KGS_RUB,0,0.862942
2026-05-05,Good day,KZT_RUB,0,0.162966
2026-05-05,Good day,TJS_RUB,0,8.03327
2026-05-05,Good day,UZS_RUB,0,0.00628996
2026-05-05,Кандидат,AMD_RUB,0,0.20346
2026-05-05,Кандидат,KGS_RUB,0,0.862942
2026-05-05,Кандидат,KZT_RUB,0,0.162966
2026-05-05,Кандидат,TJS_RUB,0,8.03327
2026-05-05,Кандидат,UZS_RUB,0,0.00628996
2026-05-06,Closing,AMD_RUB,0,0.203393
2026-05-06,Closing,KGS_RUB,0,0.861866
2026-05-06,Closing,KZT_RUB,0,0.162196
2026-05-06,Closing,TJS_RUB,0,8.03438
2026-05-06,Closing,UZS_RUB,0,0.00625932
2026-05-06,Fact,AMD_RUB,0,0.203393
2026-05-06,Fact,KGS_RUB,0,0.861866
2026-05-06,Fact,KZT_RUB,0,0.162196
2026-05-06,Fact,TJS_RUB,0,8.03438
2026-05-06,Fact,UZS_RUB,0,0.00625932
2026-05-06,Good day,AMD_RUB,0,0.203393
2026-05-06,Good day,KGS_RUB,1,0.861866
2026-05-06,Good day,KZT_RUB,0,0.162196
2026-05-06,Good day,TJS_RUB,0,8.03438
2026-05-06,Good day,UZS_RUB,0,0.00625932
2026-05-06,Кандидат,AMD_RUB,0,0.203393
2026-05-06,Кандидат,KGS_RUB,1,0.861866
2026-05-06,Кандидат,KZT_RUB,1,0.162196
2026-05-06,Кандидат,TJS_RUB,0,8.03438
2026-05-06,Кандидат,UZS_RUB,0,0.00625932
2026-05-07,Closing,AMD_RUB,0,0.20331
2026-05-07,Closing,KGS_RUB,0,0.860492
2026-05-07,Closing,KZT_RUB,0,0.16177
2026-05-07,Closing,TJS_RUB,0,8.01985
2026-05-07,Closing,UZS_RUB,0,0.00623015
2026-05-07,Fact,AMD_RUB,0,0.20331
2026-05-07,Fact,KGS_RUB,0,0.860492
2026-05-07,Fact,KZT_RUB,0,0.16177
2026-05-07,Fact,TJS_RUB,0,8.01985
2026-05-07,Fact,UZS_RUB,0,0.00623015
2026-05-07,Good day,AMD_RUB,0,0.20331
2026-05-07,Good day,KGS_RUB,0,0.860492
2026-05-07,Good day,KZT_RUB,0,0.16177
2026-05-07,Good day,TJS_RUB,0,8.01985
2026-05-07,Good day,UZS_RUB,1,0.00623015
2026-05-07,Кандидат,AMD_RUB,0,0.20331
2026-05-07,Кандидат,KGS_RUB,1,0.860492
2026-05-07,Кандидат,KZT_RUB,1,0.16177
2026-05-07,Кандидат,TJS_RUB,0,8.01985
2026-05-07,Кандидат,UZS_RUB,1,0.00623015
2026-05-08,Closing,AMD_RUB,0,0.202071
2026-05-08,Closing,KGS_RUB,0,0.853586
2026-05-08,Closing,KZT_RUB,0,0.161026
2026-05-08,Closing,TJS_RUB,0,7.96058
2026-05-08,Closing,UZS_RUB,0,0.0061594
2026-05-08,Fact,AMD_RUB,0,0.202071
2026-05-08,Fact,KGS_RUB,0,0.853586
2026-05-08,Fact,KZT_RUB,0,0.161026
2026-05-08,Fact,TJS_RUB,0,7.96058
2026-05-08,Fact,UZS_RUB,0,0.0061594
2026-05-08,Good day,AMD_RUB,1,0.202071
2026-05-08,Good day,KGS_RUB,0,0.853586
2026-05-08,Good day,KZT_RUB,0,0.161026
2026-05-08,Good day,TJS_RUB,0,7.96058
2026-05-08,Good day,UZS_RUB,0,0.0061594
2026-05-08,Кандидат,AMD_RUB,1,0.202071
2026-05-08,Кандидат,KGS_RUB,1,0.853586
2026-05-08,Кандидат,KZT_RUB,1,0.161026
2026-05-08,Кандидат,TJS_RUB,1,7.96058
2026-05-08,Кандидат,UZS_RUB,1,0.0061594
2026-05-11,Closing,AMD_RUB,0,0.20134
2026-05-11,Closing,KGS_RUB,0,0.849873
2026-05-11,Closing,KZT_RUB,0,0.160325
2026-05-11,Closing,TJS_RUB,0,7.93162
2026-05-11,Closing,UZS_RUB,0,0.00611898
2026-05-11,Fact,AMD_RUB,0,0.20134
2026-05-11,Fact,KGS_RUB,0,0.849873
2026-05-11,Fact,KZT_RUB,0,0.160325
2026-05-11,Fact,TJS_RUB,0,7.93162
2026-05-11,Fact,UZS_RUB,0,0.00611898
2026-05-11,Good day,AMD_RUB,0,0.20134
2026-05-11,Good day,KGS_RUB,1,0.849873
2026-05-11,Good day,KZT_RUB,1,0.160325
2026-05-11,Good day,TJS_RUB,1,7.93162
2026-05-11,Good day,UZS_RUB,0,0.00611898
2026-05-11,Кандидат,AMD_RUB,0,0.20134
2026-05-11,Кандидат,KGS_RUB,1,0.849873
2026-05-11,Кандидат,KZT_RUB,1,0.160325
2026-05-11,Кандидат,TJS_RUB,1,7.93162
2026-05-11,Кандидат,UZS_RUB,1,0.00611898
2026-05-12,Closing,AMD_RUB,0,0.20134
2026-05-12,Closing,KGS_RUB,0,0.849873
2026-05-12,Closing,KZT_RUB,0,0.160325
2026-05-12,Closing,TJS_RUB,0,7.93162
2026-05-12,Closing,UZS_RUB,0,0.00611898
2026-05-12,Fact,AMD_RUB,0,0.20134
2026-05-12,Fact,KGS_RUB,0,0.849873
2026-05-12,Fact,KZT_RUB,0,0.160325
2026-05-12,Fact,TJS_RUB,0,7.93162
2026-05-12,Fact,UZS_RUB,0,0.00611898
2026-05-12,Good day,AMD_RUB,0,0.20134
2026-05-12,Good day,KGS_RUB,0,0.849873
2026-05-12,Good day,KZT_RUB,0,0.160325
2026-05-12,Good day,TJS_RUB,0,7.93162
2026-05-12,Good day,UZS_RUB,1,0.00611898
2026-05-12,Кандидат,AMD_RUB,0,0.20134
2026-05-12,Кандидат,KGS_RUB,1,0.849873
2026-05-12,Кандидат,KZT_RUB,1,0.160325
2026-05-12,Кандидат,TJS_RUB,1,7.93162
2026-05-12,Кандидат,UZS_RUB,1,0.00611898
2026-05-13,Closing,AMD_RUB,0,0.200173
2026-05-13,Closing,KGS_RUB,0,0.843771
2026-05-13,Closing,KZT_RUB,0,0.15997
2026-05-13,Closing,TJS_RUB,0,7.8855
2026-05-13,Closing,UZS_RUB,0,0.00607525
2026-05-13,Fact,AMD_RUB,1,0.200173
2026-05-13,Fact,KGS_RUB,0,0.843771
2026-05-13,Fact,KZT_RUB,0,0.15997
2026-05-13,Fact,TJS_RUB,0,7.8855
2026-05-13,Fact,UZS_RUB,0,0.00607525
2026-05-13,Good day,AMD_RUB,0,0.200173
2026-05-13,Good day,KGS_RUB,0,0.843771
2026-05-13,Good day,KZT_RUB,0,0.15997
2026-05-13,Good day,TJS_RUB,0,7.8855
2026-05-13,Good day,UZS_RUB,0,0.00607525
2026-05-13,Кандидат,AMD_RUB,0,0.200173
2026-05-13,Кандидат,KGS_RUB,1,0.843771
2026-05-13,Кандидат,KZT_RUB,1,0.15997
2026-05-13,Кандидат,TJS_RUB,1,7.8855
2026-05-13,Кандидат,UZS_RUB,1,0.00607525
2026-05-14,Closing,AMD_RUB,0,0.198958
2026-05-14,Closing,KGS_RUB,0,0.838674
2026-05-14,Closing,KZT_RUB,0,0.158095
2026-05-14,Closing,TJS_RUB,0,7.83845
2026-05-14,Closing,UZS_RUB,0,0.00607467
2026-05-14,Fact,AMD_RUB,0,0.198958
2026-05-14,Fact,KGS_RUB,0,0.838674
2026-05-14,Fact,KZT_RUB,0,0.158095
2026-05-14,Fact,TJS_RUB,0,7.83845
2026-05-14,Fact,UZS_RUB,0,0.00607467
2026-05-14,Good day,AMD_RUB,0,0.198958
2026-05-14,Good day,KGS_RUB,0,0.838674
2026-05-14,Good day,KZT_RUB,0,0.158095
2026-05-14,Good day,TJS_RUB,0,7.83845
2026-05-14,Good day,UZS_RUB,0,0.00607467
2026-05-14,Кандидат,AMD_RUB,0,0.198958
2026-05-14,Кандидат,KGS_RUB,0,0.838674
2026-05-14,Кандидат,KZT_RUB,1,0.158095
2026-05-14,Кандидат,TJS_RUB,0,7.83845
2026-05-14,Кандидат,UZS_RUB,1,0.00607467
2026-05-15,Closing,AMD_RUB,0,0.198326
2026-05-15,Closing,KGS_RUB,0,0.836346
2026-05-15,Closing,KZT_RUB,0,0.156402
2026-05-15,Closing,TJS_RUB,0,7.82063
2026-05-15,Closing,UZS_RUB,0,0.00610742
2026-05-15,Fact,AMD_RUB,0,0.198326
2026-05-15,Fact,KGS_RUB,0,0.836346
2026-05-15,Fact,KZT_RUB,0,0.156402
2026-05-15,Fact,TJS_RUB,0,7.82063
2026-05-15,Fact,UZS_RUB,0,0.00610742
2026-05-15,Good day,AMD_RUB,0,0.198326
2026-05-15,Good day,KGS_RUB,0,0.836346
2026-05-15,Good day,KZT_RUB,0,0.156402
2026-05-15,Good day,TJS_RUB,0,7.82063
2026-05-15,Good day,UZS_RUB,0,0.00610742
2026-05-15,Кандидат,AMD_RUB,0,0.198326
2026-05-15,Кандидат,KGS_RUB,0,0.836346
2026-05-15,Кандидат,KZT_RUB,1,0.156402
2026-05-15,Кандидат,TJS_RUB,0,7.82063
2026-05-15,Кандидат,UZS_RUB,1,0.00610742
2026-05-18,Closing,AMD_RUB,0,0.198592
2026-05-18,Closing,KGS_RUB,0,0.836221
2026-05-18,Closing,KZT_RUB,0,0.154264
2026-05-18,Closing,TJS_RUB,0,7.82531
2026-05-18,Closing,UZS_RUB,0,0.00610092
2026-05-18,Fact,AMD_RUB,1,0.198592
2026-05-18,Fact,KGS_RUB,0,0.836221
2026-05-18,Fact,KZT_RUB,0,0.154264
2026-05-18,Fact,TJS_RUB,0,7.82531
2026-05-18,Fact,UZS_RUB,0,0.00610092
2026-05-18,Good day,AMD_RUB,0,0.198592
2026-05-18,Good day,KGS_RUB,1,0.836221
2026-05-18,Good day,KZT_RUB,1,0.154264
2026-05-18,Good day,TJS_RUB,1,7.82531
2026-05-18,Good day,UZS_RUB,1,0.00610092
2026-05-18,Кандидат,AMD_RUB,0,0.198592
2026-05-18,Кандидат,KGS_RUB,1,0.836221
2026-05-18,Кандидат,KZT_RUB,1,0.154264
2026-05-18,Кандидат,TJS_RUB,1,7.82531
2026-05-18,Кандидат,UZS_RUB,1,0.00610092
2026-05-19,Closing,AMD_RUB,0,0.196581
2026-05-19,Closing,KGS_RUB,0,0.827326
2026-05-19,Closing,KZT_RUB,0,0.15388
2026-05-19,Closing,TJS_RUB,0,7.74208
2026-05-19,Closing,UZS_RUB,0,0.00601948
2026-05-19,Fact,AMD_RUB,0,0.196581
2026-05-19,Fact,KGS_RUB,0,0.827326
2026-05-19,Fact,KZT_RUB,0,0.15388
2026-05-19,Fact,TJS_RUB,0,7.74208
2026-05-19,Fact,UZS_RUB,0,0.00601948
2026-05-19,Good day,AMD_RUB,0,0.196581
2026-05-19,Good day,KGS_RUB,0,0.827326
2026-05-19,Good day,KZT_RUB,0,0.15388
2026-05-19,Good day,TJS_RUB,0,7.74208
2026-05-19,Good day,UZS_RUB,0,0.00601948
2026-05-19,Кандидат,AMD_RUB,0,0.196581
2026-05-19,Кандидат,KGS_RUB,1,0.827326
2026-05-19,Кандидат,KZT_RUB,1,0.15388
2026-05-19,Кандидат,TJS_RUB,1,7.74208
2026-05-19,Кандидат,UZS_RUB,1,0.00601948
2026-05-20,Closing,AMD_RUB,0,0.193619
2026-05-20,Closing,KGS_RUB,0,0.815238
2026-05-20,Closing,KZT_RUB,0,0.152471
2026-05-20,Closing,TJS_RUB,0,7.6422
2026-05-20,Closing,UZS_RUB,0,0.00591355
2026-05-20,Fact,AMD_RUB,0,0.193619
2026-05-20,Fact,KGS_RUB,0,0.815238
2026-05-20,Fact,KZT_RUB,0,0.152471
2026-05-20,Fact,TJS_RUB,0,7.6422
2026-05-20,Fact,UZS_RUB,0,0.00591355
2026-05-20,Good day,AMD_RUB,0,0.193619
2026-05-20,Good day,KGS_RUB,0,0.815238
2026-05-20,Good day,KZT_RUB,0,0.152471
2026-05-20,Good day,TJS_RUB,0,7.6422
2026-05-20,Good day,UZS_RUB,0,0.00591355
2026-05-20,Кандидат,AMD_RUB,0,0.193619
2026-05-20,Кандидат,KGS_RUB,1,0.815238
2026-05-20,Кандидат,KZT_RUB,1,0.152471
2026-05-20,Кандидат,TJS_RUB,1,7.6422
2026-05-20,Кандидат,UZS_RUB,1,0.00591355
2026-05-21,Closing,AMD_RUB,0,0.192869
2026-05-21,Closing,KGS_RUB,0,0.811331
2026-05-21,Closing,KZT_RUB,0,0.150342
2026-05-21,Closing,TJS_RUB,0,7.61455
2026-05-21,Closing,UZS_RUB,0,0.00587528
2026-05-21,Fact,AMD_RUB,0,0.192869
2026-05-21,Fact,KGS_RUB,0,0.811331
2026-05-21,Fact,KZT_RUB,0,0.150342
2026-05-21,Fact,TJS_RUB,0,7.61455
2026-05-21,Fact,UZS_RUB,0,0.00587528
2026-05-21,Good day,AMD_RUB,1,0.192869
2026-05-21,Good day,KGS_RUB,0,0.811331
2026-05-21,Good day,KZT_RUB,0,0.150342
2026-05-21,Good day,TJS_RUB,0,7.61455
2026-05-21,Good day,UZS_RUB,0,0.00587528
2026-05-21,Кандидат,AMD_RUB,1,0.192869
2026-05-21,Кандидат,KGS_RUB,1,0.811331
2026-05-21,Кандидат,KZT_RUB,1,0.150342
2026-05-21,Кандидат,TJS_RUB,1,7.61455
2026-05-21,Кандидат,UZS_RUB,1,0.00587528
2026-05-22,Closing,AMD_RUB,0,0.192438
2026-05-22,Closing,KGS_RUB,0,0.809493
2026-05-22,Closing,KZT_RUB,0,0.150052
2026-05-22,Closing,TJS_RUB,0,7.62119
2026-05-22,Closing,UZS_RUB,0,0.00588877
2026-05-22,Fact,AMD_RUB,0,0.192438
2026-05-22,Fact,KGS_RUB,0,0.809493
2026-05-22,Fact,KZT_RUB,0,0.150052
2026-05-22,Fact,TJS_RUB,0,7.62119
2026-05-22,Fact,UZS_RUB,0,0.00588877
2026-05-22,Good day,AMD_RUB,0,0.192438
2026-05-22,Good day,KGS_RUB,0,0.809493
2026-05-22,Good day,KZT_RUB,0,0.150052
2026-05-22,Good day,TJS_RUB,0,7.62119
2026-05-22,Good day,UZS_RUB,0,0.00588877
2026-05-22,Кандидат,AMD_RUB,1,0.192438
2026-05-22,Кандидат,KGS_RUB,1,0.809493
2026-05-22,Кандидат,KZT_RUB,1,0.150052
2026-05-22,Кандидат,TJS_RUB,1,7.62119
2026-05-22,Кандидат,UZS_RUB,1,0.00588877
2026-05-25,Closing,AMD_RUB,0,0.193518
2026-05-25,Closing,KGS_RUB,0,0.814282
2026-05-25,Closing,KZT_RUB,0,0.151043
2026-05-25,Closing,TJS_RUB,0,7.67396
2026-05-25,Closing,UZS_RUB,0,0.00594417
2026-05-25,Fact,AMD_RUB,0,0.193518
2026-05-25,Fact,KGS_RUB,0,0.814282
2026-05-25,Fact,KZT_RUB,0,0.151043
2026-05-25,Fact,TJS_RUB,0,7.67396
2026-05-25,Fact,UZS_RUB,1,0.00594417
2026-05-25,Good day,AMD_RUB,0,0.193518
2026-05-25,Good day,KGS_RUB,1,0.814282
2026-05-25,Good day,KZT_RUB,1,0.151043
2026-05-25,Good day,TJS_RUB,1,7.67396
2026-05-25,Good day,UZS_RUB,0,0.00594417
2026-05-25,Кандидат,AMD_RUB,1,0.193518
2026-05-25,Кандидат,KGS_RUB,1,0.814282
2026-05-25,Кандидат,KZT_RUB,1,0.151043
2026-05-25,Кандидат,TJS_RUB,1,7.67396
2026-05-25,Кандидат,UZS_RUB,0,0.00594417
2026-05-26,Closing,AMD_RUB,1,0.194413
2026-05-26,Closing,KGS_RUB,0,0.818136
2026-05-26,Closing,KZT_RUB,0,0.151967
2026-05-26,Closing,TJS_RUB,0,7.71028
2026-05-26,Closing,UZS_RUB,0,0.00596325
2026-05-26,Fact,AMD_RUB,0,0.194413
2026-05-26,Fact,KGS_RUB,0,0.818136
2026-05-26,Fact,KZT_RUB,0,0.151967
2026-05-26,Fact,TJS_RUB,0,7.71028
2026-05-26,Fact,UZS_RUB,0,0.00596325
2026-05-26,Good day,AMD_RUB,0,0.194413
2026-05-26,Good day,KGS_RUB,0,0.818136
2026-05-26,Good day,KZT_RUB,0,0.151967
2026-05-26,Good day,TJS_RUB,0,7.71028
2026-05-26,Good day,UZS_RUB,0,0.00596325
2026-05-26,Кандидат,AMD_RUB,0,0.194413
2026-05-26,Кандидат,KGS_RUB,0,0.818136
2026-05-26,Кандидат,KZT_RUB,0,0.151967
2026-05-26,Кандидат,TJS_RUB,0,7.71028
2026-05-26,Кандидат,UZS_RUB,0,0.00596325
2026-05-27,Closing,AMD_RUB,0,0.194888
2026-05-27,Closing,KGS_RUB,0,0.819531
2026-05-27,Closing,KZT_RUB,0,0.151685
2026-05-27,Closing,TJS_RUB,0,7.74622
2026-05-27,Closing,UZS_RUB,0,0.00597137
2026-05-27,Fact,AMD_RUB,0,0.194888
2026-05-27,Fact,KGS_RUB,0,0.819531
2026-05-27,Fact,KZT_RUB,0,0.151685
2026-05-27,Fact,TJS_RUB,0,7.74622
2026-05-27,Fact,UZS_RUB,0,0.00597137
2026-05-27,Good day,AMD_RUB,0,0.194888
2026-05-27,Good day,KGS_RUB,0,0.819531
2026-05-27,Good day,KZT_RUB,0,0.151685
2026-05-27,Good day,TJS_RUB,0,7.74622
2026-05-27,Good day,UZS_RUB,0,0.00597137
2026-05-27,Кандидат,AMD_RUB,0,0.194888
2026-05-27,Кандидат,KGS_RUB,0,0.819531
2026-05-27,Кандидат,KZT_RUB,0,0.151685
2026-05-27,Кандидат,TJS_RUB,0,7.74622
2026-05-27,Кандидат,UZS_RUB,0,0.00597137
2026-05-28,Closing,AMD_RUB,0,0.19264
2026-05-28,Closing,KGS_RUB,0,0.810763
2026-05-28,Closing,KZT_RUB,0,0.14849
2026-05-28,Closing,TJS_RUB,0,7.66334
2026-05-28,Closing,UZS_RUB,0,0.00590748
2026-05-28,Fact,AMD_RUB,0,0.19264
2026-05-28,Fact,KGS_RUB,0,0.810763
2026-05-28,Fact,KZT_RUB,0,0.14849
2026-05-28,Fact,TJS_RUB,0,7.66334
2026-05-28,Fact,UZS_RUB,0,0.00590748
2026-05-28,Good day,AMD_RUB,0,0.19264
2026-05-28,Good day,KGS_RUB,0,0.810763
2026-05-28,Good day,KZT_RUB,0,0.14849
2026-05-28,Good day,TJS_RUB,0,7.66334
2026-05-28,Good day,UZS_RUB,1,0.00590748
2026-05-28,Кандидат,AMD_RUB,1,0.19264
2026-05-28,Кандидат,KGS_RUB,1,0.810763
2026-05-28,Кандидат,KZT_RUB,1,0.14849
2026-05-28,Кандидат,TJS_RUB,1,7.66334
2026-05-28,Кандидат,UZS_RUB,1,0.00590748
2026-05-29,Closing,AMD_RUB,0,0.193918
2026-05-29,Closing,KGS_RUB,0,0.816141
2026-05-29,Closing,KZT_RUB,0,0.149475
2026-05-29,Closing,TJS_RUB,0,7.71309
2026-05-29,Closing,UZS_RUB,0,0.00594666
2026-05-29,Fact,AMD_RUB,0,0.193918
2026-05-29,Fact,KGS_RUB,0,0.816141
2026-05-29,Fact,KZT_RUB,0,0.149475
2026-05-29,Fact,TJS_RUB,0,7.71309
2026-05-29,Fact,UZS_RUB,0,0.00594666
2026-05-29,Good day,AMD_RUB,0,0.193918
2026-05-29,Good day,KGS_RUB,0,0.816141
2026-05-29,Good day,KZT_RUB,0,0.149475
2026-05-29,Good day,TJS_RUB,0,7.71309
2026-05-29,Good day,UZS_RUB,0,0.00594666
2026-05-29,Кандидат,AMD_RUB,1,0.193918
2026-05-29,Кандидат,KGS_RUB,1,0.816141
2026-05-29,Кандидат,KZT_RUB,1,0.149475
2026-05-29,Кандидат,TJS_RUB,0,7.71309
2026-05-29,Кандидат,UZS_RUB,0,0.00594666
2026-06-01,Closing,AMD_RUB,0,0.192901
2026-06-01,Closing,KGS_RUB,0,0.812149
2026-06-01,Closing,KZT_RUB,0,0.146272
2026-06-01,Closing,TJS_RUB,0,7.67536
2026-06-01,Closing,UZS_RUB,0,0.00591758
2026-06-01,Fact,AMD_RUB,0,0.192901
2026-06-01,Fact,KGS_RUB,0,0.812149
2026-06-01,Fact,KZT_RUB,0,0.146272
2026-06-01,Fact,TJS_RUB,0,7.67536
2026-06-01,Fact,UZS_RUB,0,0.00591758
2026-06-01,Good day,AMD_RUB,1,0.192901
2026-06-01,Good day,KGS_RUB,1,0.812149
2026-06-01,Good day,KZT_RUB,1,0.146272
2026-06-01,Good day,TJS_RUB,1,7.67536
2026-06-01,Good day,UZS_RUB,0,0.00591758
2026-06-01,Кандидат,AMD_RUB,1,0.192901
2026-06-01,Кандидат,KGS_RUB,1,0.812149
2026-06-01,Кандидат,KZT_RUB,1,0.146272
2026-06-01,Кандидат,TJS_RUB,1,7.67536
2026-06-01,Кандидат,UZS_RUB,1,0.00591758
2026-06-02,Closing,AMD_RUB,0,0.194253
2026-06-02,Closing,KGS_RUB,0,0.818218
2026-06-02,Closing,KZT_RUB,0,0.147244
2026-06-02,Closing,TJS_RUB,0,7.73849
2026-06-02,Closing,UZS_RUB,0,0.0059882
2026-06-02,Fact,AMD_RUB,0,0.194253
2026-06-02,Fact,KGS_RUB,0,0.818218
2026-06-02,Fact,KZT_RUB,0,0.147244
2026-06-02,Fact,TJS_RUB,0,7.73849
2026-06-02,Fact,UZS_RUB,0,0.0059882
2026-06-02,Good day,AMD_RUB,0,0.194253
2026-06-02,Good day,KGS_RUB,0,0.818218
2026-06-02,Good day,KZT_RUB,0,0.147244
2026-06-02,Good day,TJS_RUB,0,7.73849
2026-06-02,Good day,UZS_RUB,0,0.0059882
2026-06-02,Кандидат,AMD_RUB,1,0.194253
2026-06-02,Кандидат,KGS_RUB,1,0.818218
2026-06-02,Кандидат,KZT_RUB,1,0.147244
2026-06-02,Кандидат,TJS_RUB,1,7.73849
2026-06-02,Кандидат,UZS_RUB,0,0.0059882
2026-06-03,Closing,AMD_RUB,0,0.19689
2026-06-03,Closing,KGS_RUB,0,0.829728
2026-06-03,Closing,KZT_RUB,0,0.148396
2026-06-03,Closing,TJS_RUB,0,7.84429
2026-06-03,Closing,UZS_RUB,0,0.00607976
2026-06-03,Fact,AMD_RUB,0,0.19689
2026-06-03,Fact,KGS_RUB,0,0.829728
2026-06-03,Fact,KZT_RUB,0,0.148396
2026-06-03,Fact,TJS_RUB,0,7.84429
2026-06-03,Fact,UZS_RUB,0,0.00607976
2026-06-03,Good day,AMD_RUB,0,0.19689
2026-06-03,Good day,KGS_RUB,0,0.829728
2026-06-03,Good day,KZT_RUB,0,0.148396
2026-06-03,Good day,TJS_RUB,0,7.84429
2026-06-03,Good day,UZS_RUB,0,0.00607976
2026-06-03,Кандидат,AMD_RUB,0,0.19689
2026-06-03,Кандидат,KGS_RUB,0,0.829728
2026-06-03,Кандидат,KZT_RUB,0,0.148396
2026-06-03,Кандидат,TJS_RUB,0,7.84429
2026-06-03,Кандидат,UZS_RUB,0,0.00607976
2026-06-04,Closing,AMD_RUB,0,0.199022
2026-06-04,Closing,KGS_RUB,0,0.838692
2026-06-04,Closing,KZT_RUB,0,0.148725
2026-06-04,Closing,TJS_RUB,0,7.91167
2026-06-04,Closing,UZS_RUB,0,0.00612694
2026-06-04,Fact,AMD_RUB,0,0.199022
2026-06-04,Fact,KGS_RUB,0,0.838692
2026-06-04,Fact,KZT_RUB,0,0.148725
2026-06-04,Fact,TJS_RUB,0,7.91167
2026-06-04,Fact,UZS_RUB,0,0.00612694
2026-06-04,Good day,AMD_RUB,0,0.199022
2026-06-04,Good day,KGS_RUB,0,0.838692
2026-06-04,Good day,KZT_RUB,0,0.148725
2026-06-04,Good day,TJS_RUB,0,7.91167
2026-06-04,Good day,UZS_RUB,0,0.00612694
2026-06-04,Кандидат,AMD_RUB,0,0.199022
2026-06-04,Кандидат,KGS_RUB,0,0.838692
2026-06-04,Кандидат,KZT_RUB,0,0.148725
2026-06-04,Кандидат,TJS_RUB,0,7.91167
2026-06-04,Кандидат,UZS_RUB,0,0.00612694
2026-06-05,Closing,AMD_RUB,0,0.201567
2026-06-05,Closing,KGS_RUB,0,0.849578
2026-06-05,Closing,KZT_RUB,0,0.151837
2026-06-05,Closing,TJS_RUB,0,8.00591
2026-06-05,Closing,UZS_RUB,0,0.00619274
2026-06-05,Fact,AMD_RUB,0,0.201567
2026-06-05,Fact,KGS_RUB,0,0.849578
2026-06-05,Fact,KZT_RUB,0,0.151837
2026-06-05,Fact,TJS_RUB,0,8.00591
2026-06-05,Fact,UZS_RUB,0,0.00619274
2026-06-05,Good day,AMD_RUB,0,0.201567
2026-06-05,Good day,KGS_RUB,0,0.849578
2026-06-05,Good day,KZT_RUB,0,0.151837
2026-06-05,Good day,TJS_RUB,0,8.00591
2026-06-05,Good day,UZS_RUB,0,0.00619274
2026-06-05,Кандидат,AMD_RUB,0,0.201567
2026-06-05,Кандидат,KGS_RUB,0,0.849578
2026-06-05,Кандидат,KZT_RUB,0,0.151837
2026-06-05,Кандидат,TJS_RUB,0,8.00591
2026-06-05,Кандидат,UZS_RUB,0,0.00619274
2026-06-08,Closing,AMD_RUB,0,0.199351
2026-06-08,Closing,KGS_RUB,0,0.840125
2026-06-08,Closing,KZT_RUB,0,0.151376
2026-06-08,Closing,TJS_RUB,0,7.91682
2026-06-08,Closing,UZS_RUB,0,0.00619274
2026-06-08,Fact,AMD_RUB,0,0.199351
2026-06-08,Fact,KGS_RUB,0,0.840125
2026-06-08,Fact,KZT_RUB,0,0.151376
2026-06-08,Fact,TJS_RUB,0,7.91682
2026-06-08,Fact,UZS_RUB,0,0.00619274
2026-06-08,Good day,AMD_RUB,0,0.199351
2026-06-08,Good day,KGS_RUB,0,0.840125
2026-06-08,Good day,KZT_RUB,0,0.151376
2026-06-08,Good day,TJS_RUB,0,7.91682
2026-06-08,Good day,UZS_RUB,0,0.00619274
2026-06-08,Кандидат,AMD_RUB,0,0.199351
2026-06-08,Кандидат,KGS_RUB,0,0.840125
2026-06-08,Кандидат,KZT_RUB,0,0.151376
2026-06-08,Кандидат,TJS_RUB,0,7.91682
2026-06-08,Кандидат,UZS_RUB,0,0.00619274
2026-06-09,Closing,AMD_RUB,0,0.198802
2026-06-09,Closing,KGS_RUB,0,0.837789
2026-06-09,Closing,KZT_RUB,0,0.150304
2026-06-09,Closing,TJS_RUB,0,7.83535
2026-06-09,Closing,UZS_RUB,0,0.00609856
2026-06-09,Fact,AMD_RUB,0,0.198802
2026-06-09,Fact,KGS_RUB,0,0.837789
2026-06-09,Fact,KZT_RUB,0,0.150304
2026-06-09,Fact,TJS_RUB,0,7.83535
2026-06-09,Fact,UZS_RUB,0,0.00609856
2026-06-09,Good day,AMD_RUB,0,0.198802
2026-06-09,Good day,KGS_RUB,0,0.837789
2026-06-09,Good day,KZT_RUB,0,0.150304
2026-06-09,Good day,TJS_RUB,0,7.83535
2026-06-09,Good day,UZS_RUB,0,0.00609856
2026-06-09,Кандидат,AMD_RUB,0,0.198802
2026-06-09,Кандидат,KGS_RUB,0,0.837789
2026-06-09,Кандидат,KZT_RUB,0,0.150304
2026-06-09,Кандидат,TJS_RUB,0,7.83535
2026-06-09,Кандидат,UZS_RUB,0,0.00609856
2026-06-10,Closing,AMD_RUB,0,0.194685
2026-06-10,Closing,KGS_RUB,0,0.820264
2026-06-10,Closing,KZT_RUB,1,0.147968
2026-06-10,Closing,TJS_RUB,0,7.66882
2026-06-10,Closing,UZS_RUB,0,0.00596016
2026-06-10,Fact,AMD_RUB,0,0.194685
2026-06-10,Fact,KGS_RUB,0,0.820264
2026-06-10,Fact,KZT_RUB,0,0.147968
2026-06-10,Fact,TJS_RUB,0,7.66882
2026-06-10,Fact,UZS_RUB,0,0.00596016
2026-06-10,Good day,AMD_RUB,1,0.194685
2026-06-10,Good day,KGS_RUB,1,0.820264
2026-06-10,Good day,KZT_RUB,0,0.147968
2026-06-10,Good day,TJS_RUB,1,7.66882
2026-06-10,Good day,UZS_RUB,1,0.00596016
2026-06-10,Кандидат,AMD_RUB,1,0.194685
2026-06-10,Кандидат,KGS_RUB,1,0.820264
2026-06-10,Кандидат,KZT_RUB,0,0.147968
2026-06-10,Кандидат,TJS_RUB,1,7.66882
2026-06-10,Кандидат,UZS_RUB,1,0.00596016
2026-06-11,Closing,AMD_RUB,0,0.194846
2026-06-11,Closing,KGS_RUB,0,0.820926
2026-06-11,Closing,KZT_RUB,0,0.146446
2026-06-11,Closing,TJS_RUB,0,7.68128
2026-06-11,Closing,UZS_RUB,0,0.00595562
2026-06-11,Fact,AMD_RUB,0,0.194846
2026-06-11,Fact,KGS_RUB,0,0.820926
2026-06-11,Fact,KZT_RUB,0,0.146446
2026-06-11,Fact,TJS_RUB,0,7.68128
2026-06-11,Fact,UZS_RUB,0,0.00595562
2026-06-11,Good day,AMD_RUB,0,0.194846
2026-06-11,Good day,KGS_RUB,0,0.820926
2026-06-11,Good day,KZT_RUB,0,0.146446
2026-06-11,Good day,TJS_RUB,0,7.68128
2026-06-11,Good day,UZS_RUB,0,0.00595562
2026-06-11,Кандидат,AMD_RUB,0,0.194846
2026-06-11,Кандидат,KGS_RUB,0,0.820926
2026-06-11,Кандидат,KZT_RUB,1,0.146446
2026-06-11,Кандидат,TJS_RUB,1,7.68128
2026-06-11,Кандидат,UZS_RUB,1,0.00595562
2026-06-12,Closing,AMD_RUB,0,0.195179
2026-06-12,Closing,KGS_RUB,0,0.822272
2026-06-12,Closing,KZT_RUB,0,0.147174
2026-06-12,Closing,TJS_RUB,0,7.71269
2026-06-12,Closing,UZS_RUB,0,0.00598509
2026-06-12,Fact,AMD_RUB,0,0.195179
2026-06-12,Fact,KGS_RUB,0,0.822272
2026-06-12,Fact,KZT_RUB,0,0.147174
2026-06-12,Fact,TJS_RUB,0,7.71269
2026-06-12,Fact,UZS_RUB,0,0.00598509
2026-06-12,Good day,AMD_RUB,0,0.195179
2026-06-12,Good day,KGS_RUB,0,0.822272
2026-06-12,Good day,KZT_RUB,0,0.147174
2026-06-12,Good day,TJS_RUB,0,7.71269
2026-06-12,Good day,UZS_RUB,0,0.00598509
2026-06-12,Кандидат,AMD_RUB,1,0.195179
2026-06-12,Кандидат,KGS_RUB,1,0.822272
2026-06-12,Кандидат,KZT_RUB,1,0.147174
2026-06-12,Кандидат,TJS_RUB,1,7.71269
2026-06-12,Кандидат,UZS_RUB,1,0.00598509
2026-06-15,Closing,AMD_RUB,0,0.195179
2026-06-15,Closing,KGS_RUB,0,0.822272
2026-06-15,Closing,KZT_RUB,0,0.147174
2026-06-15,Closing,TJS_RUB,0,7.71269
2026-06-15,Closing,UZS_RUB,0,0.00598509
2026-06-15,Fact,AMD_RUB,0,0.195179
2026-06-15,Fact,KGS_RUB,0,0.822272
2026-06-15,Fact,KZT_RUB,0,0.147174
2026-06-15,Fact,TJS_RUB,0,7.71269
2026-06-15,Fact,UZS_RUB,0,0.00598509
2026-06-15,Good day,AMD_RUB,1,0.195179
2026-06-15,Good day,KGS_RUB,1,0.822272
2026-06-15,Good day,KZT_RUB,1,0.147174
2026-06-15,Good day,TJS_RUB,1,7.71269
2026-06-15,Good day,UZS_RUB,1,0.00598509
2026-06-15,Кандидат,AMD_RUB,1,0.195179
2026-06-15,Кандидат,KGS_RUB,1,0.822272
2026-06-15,Кандидат,KZT_RUB,1,0.147174
2026-06-15,Кандидат,TJS_RUB,1,7.71269
2026-06-15,Кандидат,UZS_RUB,1,0.00598509
2026-06-16,Closing,AMD_RUB,0,0.196846
2026-06-16,Closing,KGS_RUB,0,0.828488
2026-06-16,Closing,KZT_RUB,0,0.148062
2026-06-16,Closing,TJS_RUB,0,7.77533
2026-06-16,Closing,UZS_RUB,0,0.00604777
2026-06-16,Fact,AMD_RUB,0,0.196846
2026-06-16,Fact,KGS_RUB,0,0.828488
2026-06-16,Fact,KZT_RUB,0,0.148062
2026-06-16,Fact,TJS_RUB,0,7.77533
2026-06-16,Fact,UZS_RUB,0,0.00604777
2026-06-16,Good day,AMD_RUB,0,0.196846
2026-06-16,Good day,KGS_RUB,0,0.828488
2026-06-16,Good day,KZT_RUB,0,0.148062
2026-06-16,Good day,TJS_RUB,0,7.77533
2026-06-16,Good day,UZS_RUB,0,0.00604777
2026-06-16,Кандидат,AMD_RUB,0,0.196846
2026-06-16,Кандидат,KGS_RUB,0,0.828488
2026-06-16,Кандидат,KZT_RUB,0,0.148062
2026-06-16,Кандидат,TJS_RUB,0,7.77533
2026-06-16,Кандидат,UZS_RUB,0,0.00604777
2026-06-17,Closing,AMD_RUB,0,0.195918
2026-06-17,Closing,KGS_RUB,0,0.824915
2026-06-17,Closing,KZT_RUB,0,0.146812
2026-06-17,Closing,TJS_RUB,0,7.7587
2026-06-17,Closing,UZS_RUB,0,0.0060055
2026-06-17,Fact,AMD_RUB,0,0.195918
2026-06-17,Fact,KGS_RUB,0,0.824915
2026-06-17,Fact,KZT_RUB,0,0.146812
2026-06-17,Fact,TJS_RUB,0,7.7587
2026-06-17,Fact,UZS_RUB,0,0.0060055
2026-06-17,Good day,AMD_RUB,0,0.195918
2026-06-17,Good day,KGS_RUB,0,0.824915
2026-06-17,Good day,KZT_RUB,0,0.146812
2026-06-17,Good day,TJS_RUB,0,7.7587
2026-06-17,Good day,UZS_RUB,0,0.0060055
2026-06-17,Кандидат,AMD_RUB,1,0.195918
2026-06-17,Кандидат,KGS_RUB,1,0.824915
2026-06-17,Кандидат,KZT_RUB,1,0.146812
2026-06-17,Кандидат,TJS_RUB,0,7.7587
2026-06-17,Кандидат,UZS_RUB,1,0.0060055
2026-06-18,Closing,AMD_RUB,0,0.197652
2026-06-18,Closing,KGS_RUB,0,0.83188
2026-06-18,Closing,KZT_RUB,0,0.149328
2026-06-18,Closing,TJS_RUB,0,7.83373
2026-06-18,Closing,UZS_RUB,0,0.00603614
2026-06-18,Fact,AMD_RUB,0,0.197652
2026-06-18,Fact,KGS_RUB,0,0.83188
2026-06-18,Fact,KZT_RUB,0,0.149328
2026-06-18,Fact,TJS_RUB,0,7.83373
2026-06-18,Fact,UZS_RUB,0,0.00603614
2026-06-18,Good day,AMD_RUB,0,0.197652
2026-06-18,Good day,KGS_RUB,0,0.83188
2026-06-18,Good day,KZT_RUB,0,0.149328
2026-06-18,Good day,TJS_RUB,0,7.83373
2026-06-18,Good day,UZS_RUB,0,0.00603614
2026-06-18,Кандидат,AMD_RUB,0,0.197652
2026-06-18,Кандидат,KGS_RUB,0,0.83188
2026-06-18,Кандидат,KZT_RUB,0,0.149328
2026-06-18,Кандидат,TJS_RUB,0,7.83373
2026-06-18,Кандидат,UZS_RUB,0,0.00603614
2026-06-19,Closing,AMD_RUB,0,0.199243
2026-06-19,Closing,KGS_RUB,0,0.838869
2026-06-19,Closing,KZT_RUB,0,0.149899
2026-06-19,Closing,TJS_RUB,0,7.8785
2026-06-19,Closing,UZS_RUB,0,0.00606998
2026-06-19,Fact,AMD_RUB,0,0.199243
2026-06-19,Fact,KGS_RUB,0,0.838869
2026-06-19,Fact,KZT_RUB,0,0.149899
2026-06-19,Fact,TJS_RUB,0,7.8785
2026-06-19,Fact,UZS_RUB,0,0.00606998
2026-06-19,Good day,AMD_RUB,0,0.199243
2026-06-19,Good day,KGS_RUB,0,0.838869
2026-06-19,Good day,KZT_RUB,0,0.149899
2026-06-19,Good day,TJS_RUB,0,7.8785
2026-06-19,Good day,UZS_RUB,0,0.00606998
2026-06-19,Кандидат,AMD_RUB,0,0.199243
2026-06-19,Кандидат,KGS_RUB,0,0.838869
2026-06-19,Кандидат,KZT_RUB,0,0.149899
2026-06-19,Кандидат,TJS_RUB,0,7.8785
2026-06-19,Кандидат,UZS_RUB,0,0.00606998
2026-06-22,Closing,AMD_RUB,0,0.199481
2026-06-22,Closing,KGS_RUB,0,0.839783
2026-06-22,Closing,KZT_RUB,0,0.150573
2026-06-22,Closing,TJS_RUB,0,7.88649
2026-06-22,Closing,UZS_RUB,0,0.00609025
2026-06-22,Fact,AMD_RUB,0,0.199481
2026-06-22,Fact,KGS_RUB,0,0.839783
2026-06-22,Fact,KZT_RUB,0,0.150573
2026-06-22,Fact,TJS_RUB,0,7.88649
2026-06-22,Fact,UZS_RUB,0,0.00609025
2026-06-22,Good day,AMD_RUB,0,0.199481
2026-06-22,Good day,KGS_RUB,0,0.839783
2026-06-22,Good day,KZT_RUB,0,0.150573
2026-06-22,Good day,TJS_RUB,0,7.88649
2026-06-22,Good day,UZS_RUB,0,0.00609025
2026-06-22,Кандидат,AMD_RUB,0,0.199481
2026-06-22,Кандидат,KGS_RUB,0,0.839783
2026-06-22,Кандидат,KZT_RUB,0,0.150573
2026-06-22,Кандидат,TJS_RUB,0,7.88649
2026-06-22,Кандидат,UZS_RUB,0,0.00609025
2026-06-23,Closing,AMD_RUB,0,0.20041
2026-06-23,Closing,KGS_RUB,0,0.843511
2026-06-23,Closing,KZT_RUB,0,0.151043
2026-06-23,Closing,TJS_RUB,0,7.93983
2026-06-23,Closing,UZS_RUB,0,0.00615208
2026-06-23,Fact,AMD_RUB,0,0.20041
2026-06-23,Fact,KGS_RUB,0,0.843511
2026-06-23,Fact,KZT_RUB,0,0.151043
2026-06-23,Fact,TJS_RUB,0,7.93983
2026-06-23,Fact,UZS_RUB,0,0.00615208
2026-06-23,Good day,AMD_RUB,0,0.20041
2026-06-23,Good day,KGS_RUB,0,0.843511
2026-06-23,Good day,KZT_RUB,0,0.151043
2026-06-23,Good day,TJS_RUB,0,7.93983
2026-06-23,Good day,UZS_RUB,0,0.00615208
2026-06-23,Кандидат,AMD_RUB,0,0.20041
2026-06-23,Кандидат,KGS_RUB,0,0.843511
2026-06-23,Кандидат,KZT_RUB,0,0.151043
2026-06-23,Кандидат,TJS_RUB,0,7.93983
2026-06-23,Кандидат,UZS_RUB,0,0.00615208
2026-06-24,Closing,AMD_RUB,0,0.202728
2026-06-24,Closing,KGS_RUB,0,0.853288
2026-06-24,Closing,KZT_RUB,0,0.153221
2026-06-24,Closing,TJS_RUB,0,8.03065
2026-06-24,Closing,UZS_RUB,0,0.00620952
2026-06-24,Fact,AMD_RUB,0,0.202728
2026-06-24,Fact,KGS_RUB,0,0.853288
2026-06-24,Fact,KZT_RUB,0,0.153221
2026-06-24,Fact,TJS_RUB,0,8.03065
2026-06-24,Fact,UZS_RUB,0,0.00620952
2026-06-24,Good day,AMD_RUB,0,0.202728
2026-06-24,Good day,KGS_RUB,0,0.853288
2026-06-24,Good day,KZT_RUB,0,0.153221
2026-06-24,Good day,TJS_RUB,0,8.03065
2026-06-24,Good day,UZS_RUB,0,0.00620952
2026-06-24,Кандидат,AMD_RUB,0,0.202728
2026-06-24,Кандидат,KGS_RUB,0,0.853288
2026-06-24,Кандидат,KZT_RUB,0,0.153221
2026-06-24,Кандидат,TJS_RUB,0,8.03065
2026-06-24,Кандидат,UZS_RUB,0,0.00620952
2026-06-25,Closing,AMD_RUB,0,0.203228
2026-06-25,Closing,KGS_RUB,0,0.855046
2026-06-25,Closing,KZT_RUB,0,0.153795
2026-06-25,Closing,TJS_RUB,0,8.04287
2026-06-25,Closing,UZS_RUB,0,0.00621851
2026-06-25,Fact,AMD_RUB,0,0.203228
2026-06-25,Fact,KGS_RUB,0,0.855046
2026-06-25,Fact,KZT_RUB,0,0.153795
2026-06-25,Fact,TJS_RUB,0,8.04287
2026-06-25,Fact,UZS_RUB,0,0.00621851
2026-06-25,Good day,AMD_RUB,0,0.203228
2026-06-25,Good day,KGS_RUB,0,0.855046
2026-06-25,Good day,KZT_RUB,0,0.153795
2026-06-25,Good day,TJS_RUB,0,8.04287
2026-06-25,Good day,UZS_RUB,0,0.00621851
2026-06-25,Кандидат,AMD_RUB,0,0.203228
2026-06-25,Кандидат,KGS_RUB,0,0.855046
2026-06-25,Кандидат,KZT_RUB,0,0.153795
2026-06-25,Кандидат,TJS_RUB,0,8.04287
2026-06-25,Кандидат,UZS_RUB,0,0.00621851
2026-06-26,Closing,AMD_RUB,0,0.205384
2026-06-26,Closing,KGS_RUB,0,0.864891
2026-06-26,Closing,KZT_RUB,0,0.155301
2026-06-26,Closing,TJS_RUB,0,8.14555
2026-06-26,Closing,UZS_RUB,0,0.0062958
2026-06-26,Fact,AMD_RUB,0,0.205384
2026-06-26,Fact,KGS_RUB,0,0.864891
2026-06-26,Fact,KZT_RUB,0,0.155301
2026-06-26,Fact,TJS_RUB,0,8.14555
2026-06-26,Fact,UZS_RUB,0,0.0062958
2026-06-26,Good day,AMD_RUB,0,0.205384
2026-06-26,Good day,KGS_RUB,0,0.864891
2026-06-26,Good day,KZT_RUB,0,0.155301
2026-06-26,Good day,TJS_RUB,0,8.14555
2026-06-26,Good day,UZS_RUB,0,0.0062958
2026-06-26,Кандидат,AMD_RUB,0,0.205384
2026-06-26,Кандидат,KGS_RUB,0,0.864891
2026-06-26,Кандидат,KZT_RUB,0,0.155301
2026-06-26,Кандидат,TJS_RUB,0,8.14555
2026-06-26,Кандидат,UZS_RUB,0,0.0062958
2026-06-29,Closing,AMD_RUB,0,0.209337
2026-06-29,Closing,KGS_RUB,0,0.881202
2026-06-29,Closing,KZT_RUB,0,0.158758
2026-06-29,Closing,TJS_RUB,0,8.31529
2026-06-29,Closing,UZS_RUB,0,0.00641679
2026-06-29,Fact,AMD_RUB,0,0.209337
2026-06-29,Fact,KGS_RUB,0,0.881202
2026-06-29,Fact,KZT_RUB,0,0.158758
2026-06-29,Fact,TJS_RUB,0,8.31529
2026-06-29,Fact,UZS_RUB,0,0.00641679
2026-06-29,Good day,AMD_RUB,0,0.209337
2026-06-29,Good day,KGS_RUB,0,0.881202
2026-06-29,Good day,KZT_RUB,0,0.158758
2026-06-29,Good day,TJS_RUB,0,8.31529
2026-06-29,Good day,UZS_RUB,0,0.00641679
2026-06-29,Кандидат,AMD_RUB,0,0.209337
2026-06-29,Кандидат,KGS_RUB,0,0.881202
2026-06-29,Кандидат,KZT_RUB,0,0.158758
2026-06-29,Кандидат,TJS_RUB,0,8.31529
2026-06-29,Кандидат,UZS_RUB,0,0.00641679
2026-06-30,Closing,AMD_RUB,0,0.211253
2026-06-30,Closing,KGS_RUB,0,0.889124
2026-06-30,Closing,KZT_RUB,0,0.159833
2026-06-30,Closing,TJS_RUB,0,8.39004
2026-06-30,Closing,UZS_RUB,0,0.00644681
2026-06-30,Fact,AMD_RUB,0,0.211253
2026-06-30,Fact,KGS_RUB,0,0.889124
2026-06-30,Fact,KZT_RUB,0,0.159833
2026-06-30,Fact,TJS_RUB,0,8.39004
2026-06-30,Fact,UZS_RUB,0,0.00644681
2026-06-30,Good day,AMD_RUB,0,0.211253
2026-06-30,Good day,KGS_RUB,0,0.889124
2026-06-30,Good day,KZT_RUB,0,0.159833
2026-06-30,Good day,TJS_RUB,0,8.39004
2026-06-30,Good day,UZS_RUB,0,0.00644681
2026-06-30,Кандидат,AMD_RUB,0,0.211253
2026-06-30,Кандидат,KGS_RUB,0,0.889124
2026-06-30,Кандидат,KZT_RUB,0,0.159833
2026-06-30,Кандидат,TJS_RUB,0,8.39004
2026-06-30,Кандидат,UZS_RUB,0,0.00644681
2026-07-01,Closing,AMD_RUB,0,0.212753
2026-07-01,Closing,KGS_RUB,0,0.895021
2026-07-01,Closing,KZT_RUB,0,0.161108
2026-07-01,Closing,TJS_RUB,0,8.44105
2026-07-01,Closing,UZS_RUB,0,0.00651743
2026-07-01,Fact,AMD_RUB,0,0.212753
2026-07-01,Fact,KGS_RUB,0,0.895021
2026-07-01,Fact,KZT_RUB,0,0.161108
2026-07-01,Fact,TJS_RUB,0,8.44105
2026-07-01,Fact,UZS_RUB,0,0.00651743
2026-07-01,Good day,AMD_RUB,0,0.212753
2026-07-01,Good day,KGS_RUB,0,0.895021
2026-07-01,Good day,KZT_RUB,0,0.161108
2026-07-01,Good day,TJS_RUB,0,8.44105
2026-07-01,Good day,UZS_RUB,0,0.00651743
2026-07-01,Кандидат,AMD_RUB,0,0.212753
2026-07-01,Кандидат,KGS_RUB,0,0.895021
2026-07-01,Кандидат,KZT_RUB,0,0.161108
2026-07-01,Кандидат,TJS_RUB,0,8.44105
2026-07-01,Кандидат,UZS_RUB,0,0.00651743
2026-07-02,Closing,AMD_RUB,0,0.212648
2026-07-02,Closing,KGS_RUB,0,0.894971
2026-07-02,Closing,KZT_RUB,0,0.162808
2026-07-02,Closing,TJS_RUB,0,8.43411
2026-07-02,Closing,UZS_RUB,0,0.00655804
2026-07-02,Fact,AMD_RUB,0,0.212648
2026-07-02,Fact,KGS_RUB,0,0.894971
2026-07-02,Fact,KZT_RUB,0,0.162808
2026-07-02,Fact,TJS_RUB,0,8.43411
2026-07-02,Fact,UZS_RUB,0,0.00655804
2026-07-02,Good day,AMD_RUB,0,0.212648
2026-07-02,Good day,KGS_RUB,0,0.894971
2026-07-02,Good day,KZT_RUB,0,0.162808
2026-07-02,Good day,TJS_RUB,0,8.43411
2026-07-02,Good day,UZS_RUB,0,0.00655804
2026-07-02,Кандидат,AMD_RUB,0,0.212648
2026-07-02,Кандидат,KGS_RUB,0,0.894971
2026-07-02,Кандидат,KZT_RUB,0,0.162808
2026-07-02,Кандидат,TJS_RUB,0,8.43411
2026-07-02,Кандидат,UZS_RUB,0,0.00655804
2026-07-03,Closing,AMD_RUB,0,0.211649
2026-07-03,Closing,KGS_RUB,0,0.89113
2026-07-03,Closing,KZT_RUB,0,0.162603
2026-07-03,Closing,TJS_RUB,0,8.3962
2026-07-03,Closing,UZS_RUB,0,0.00654337
2026-07-03,Fact,AMD_RUB,0,0.211649
2026-07-03,Fact,KGS_RUB,0,0.89113
2026-07-03,Fact,KZT_RUB,0,0.162603
2026-07-03,Fact,TJS_RUB,0,8.3962
2026-07-03,Fact,UZS_RUB,0,0.00654337
2026-07-03,Good day,AMD_RUB,0,0.211649
2026-07-03,Good day,KGS_RUB,0,0.89113
2026-07-03,Good day,KZT_RUB,0,0.162603
2026-07-03,Good day,TJS_RUB,0,8.3962
2026-07-03,Good day,UZS_RUB,0,0.00654337
2026-07-03,Кандидат,AMD_RUB,0,0.211649
2026-07-03,Кандидат,KGS_RUB,0,0.89113
2026-07-03,Кандидат,KZT_RUB,0,0.162603
2026-07-03,Кандидат,TJS_RUB,0,8.3962
2026-07-03,Кандидат,UZS_RUB,0,0.00654337
2026-07-06,Closing,AMD_RUB,0,0.209974
2026-07-06,Closing,KGS_RUB,0,0.883115
2026-07-06,Closing,KZT_RUB,0,0.162764
2026-07-06,Closing,TJS_RUB,0,8.32002
2026-07-06,Closing,UZS_RUB,0,0.00644956
2026-07-06,Fact,AMD_RUB,1,0.209974
2026-07-06,Fact,KGS_RUB,1,0.883115
2026-07-06,Fact,KZT_RUB,0,0.162764
2026-07-06,Fact,TJS_RUB,1,8.32002
2026-07-06,Fact,UZS_RUB,0,0.00644956
2026-07-06,Good day,AMD_RUB,0,0.209974
2026-07-06,Good day,KGS_RUB,0,0.883115
2026-07-06,Good day,KZT_RUB,0,0.162764
2026-07-06,Good day,TJS_RUB,0,8.32002
2026-07-06,Good day,UZS_RUB,0,0.00644956
2026-07-06,Кандидат,AMD_RUB,0,0.209974
2026-07-06,Кандидат,KGS_RUB,0,0.883115
2026-07-06,Кандидат,KZT_RUB,0,0.162764
2026-07-06,Кандидат,TJS_RUB,0,8.32002
2026-07-06,Кандидат,UZS_RUB,0,0.00644956
2026-07-07,Closing,AMD_RUB,0,0.212179
2026-07-07,Closing,KGS_RUB,0,0.891589
2026-07-07,Closing,KZT_RUB,0,0.165179
2026-07-07,Closing,TJS_RUB,0,8.4037
2026-07-07,Closing,UZS_RUB,0,0.00647477
2026-07-07,Fact,AMD_RUB,0,0.212179
2026-07-07,Fact,KGS_RUB,0,0.891589
2026-07-07,Fact,KZT_RUB,0,0.165179
2026-07-07,Fact,TJS_RUB,0,8.4037
2026-07-07,Fact,UZS_RUB,0,0.00647477
2026-07-07,Good day,AMD_RUB,0,0.212179
2026-07-07,Good day,KGS_RUB,0,0.891589
2026-07-07,Good day,KZT_RUB,0,0.165179
2026-07-07,Good day,TJS_RUB,0,8.4037
2026-07-07,Good day,UZS_RUB,1,0.00647477
2026-07-07,Кандидат,AMD_RUB,0,0.212179
2026-07-07,Кандидат,KGS_RUB,0,0.891589
2026-07-07,Кандидат,KZT_RUB,0,0.165179
2026-07-07,Кандидат,TJS_RUB,0,8.4037
2026-07-07,Кандидат,UZS_RUB,1,0.00647477
2026-07-08,Closing,AMD_RUB,0,0.207162
2026-07-08,Closing,KGS_RUB,0,0.870507
2026-07-08,Closing,KZT_RUB,0,0.161273
2026-07-08,Closing,TJS_RUB,0,8.20498
2026-07-08,Closing,UZS_RUB,0,0.00633257
2026-07-08,Fact,AMD_RUB,0,0.207162
2026-07-08,Fact,KGS_RUB,0,0.870507
2026-07-08,Fact,KZT_RUB,0,0.161273
2026-07-08,Fact,TJS_RUB,0,8.20498
2026-07-08,Fact,UZS_RUB,0,0.00633257
2026-07-08,Good day,AMD_RUB,1,0.207162
2026-07-08,Good day,KGS_RUB,1,0.870507
2026-07-08,Good day,KZT_RUB,0,0.161273
2026-07-08,Good day,TJS_RUB,1,8.20498
2026-07-08,Good day,UZS_RUB,0,0.00633257
2026-07-08,Кандидат,AMD_RUB,1,0.207162
2026-07-08,Кандидат,KGS_RUB,1,0.870507
2026-07-08,Кандидат,KZT_RUB,0,0.161273
2026-07-08,Кандидат,TJS_RUB,1,8.20498
2026-07-08,Кандидат,UZS_RUB,1,0.00633257
2026-07-09,Closing,AMD_RUB,0,0.208017
2026-07-09,Closing,KGS_RUB,0,0.873672
2026-07-09,Closing,KZT_RUB,0,0.1622
2026-07-09,Closing,TJS_RUB,0,8.23828
2026-07-09,Closing,UZS_RUB,0,0.00636436
2026-07-09,Fact,AMD_RUB,0,0.208017
2026-07-09,Fact,KGS_RUB,0,0.873672
2026-07-09,Fact,KZT_RUB,0,0.1622
2026-07-09,Fact,TJS_RUB,0,8.23828
2026-07-09,Fact,UZS_RUB,0,0.00636436
2026-07-09,Good day,AMD_RUB,0,0.208017
2026-07-09,Good day,KGS_RUB,0,0.873672
2026-07-09,Good day,KZT_RUB,0,0.1622
2026-07-09,Good day,TJS_RUB,0,8.23828
2026-07-09,Good day,UZS_RUB,0,0.00636436
2026-07-09,Кандидат,AMD_RUB,1,0.208017
2026-07-09,Кандидат,KGS_RUB,1,0.873672
2026-07-09,Кандидат,KZT_RUB,0,0.1622
2026-07-09,Кандидат,TJS_RUB,1,8.23828
2026-07-09,Кандидат,UZS_RUB,1,0.00636436
2026-07-10,Closing,AMD_RUB,0,0.206826
2026-07-10,Closing,KGS_RUB,0,0.868287
2026-07-10,Closing,KZT_RUB,0,0.162251
2026-07-10,Closing,TJS_RUB,0,8.21415
2026-07-10,Closing,UZS_RUB,0,0.00632107
2026-07-10,Fact,AMD_RUB,0,0.206826
2026-07-10,Fact,KGS_RUB,0,0.868287
2026-07-10,Fact,KZT_RUB,0,0.162251
2026-07-10,Fact,TJS_RUB,0,8.21415
2026-07-10,Fact,UZS_RUB,0,0.00632107
2026-07-10,Good day,AMD_RUB,0,0.206826
2026-07-10,Good day,KGS_RUB,0,0.868287
2026-07-10,Good day,KZT_RUB,0,0.162251
2026-07-10,Good day,TJS_RUB,0,8.21415
2026-07-10,Good day,UZS_RUB,0,0.00632107
2026-07-10,Кандидат,AMD_RUB,1,0.206826
2026-07-10,Кандидат,KGS_RUB,1,0.868287
2026-07-10,Кандидат,KZT_RUB,0,0.162251
2026-07-10,Кандидат,TJS_RUB,1,8.21415
2026-07-10,Кандидат,UZS_RUB,1,0.00632107
2026-07-13,Closing,AMD_RUB,0,0.20868
2026-07-13,Closing,KGS_RUB,0,0.876681
2026-07-13,Closing,KZT_RUB,0,0.16402
2026-07-13,Closing,TJS_RUB,0,8.28387
2026-07-13,Closing,UZS_RUB,0,0.00634853
2026-07-13,Fact,AMD_RUB,0,0.20868
2026-07-13,Fact,KGS_RUB,0,0.876681
2026-07-13,Fact,KZT_RUB,0,0.16402
2026-07-13,Fact,TJS_RUB,0,8.28387
2026-07-13,Fact,UZS_RUB,0,0.00634853
2026-07-13,Good day,AMD_RUB,1,0.20868
2026-07-13,Good day,KGS_RUB,1,0.876681
2026-07-13,Good day,KZT_RUB,0,0.16402
2026-07-13,Good day,TJS_RUB,1,8.28387
2026-07-13,Good day,UZS_RUB,1,0.00634853
2026-07-13,Кандидат,AMD_RUB,1,0.20868
2026-07-13,Кандидат,KGS_RUB,1,0.876681
2026-07-13,Кандидат,KZT_RUB,0,0.16402
2026-07-13,Кандидат,TJS_RUB,1,8.28387
2026-07-13,Кандидат,UZS_RUB,1,0.00634853
2026-07-14,Closing,AMD_RUB,0,0.208954
2026-07-14,Closing,KGS_RUB,0,0.876173
2026-07-14,Closing,KZT_RUB,0,0.16488
2026-07-14,Closing,TJS_RUB,0,8.27918
2026-07-14,Closing,UZS_RUB,0,0.00633607
2026-07-14,Fact,AMD_RUB,0,0.208954
2026-07-14,Fact,KGS_RUB,0,0.876173
2026-07-14,Fact,KZT_RUB,0,0.16488
2026-07-14,Fact,TJS_RUB,0,8.27918
2026-07-14,Fact,UZS_RUB,0,0.00633607
2026-07-14,Good day,AMD_RUB,0,0.208954
2026-07-14,Good day,KGS_RUB,0,0.876173
2026-07-14,Good day,KZT_RUB,0,0.16488
2026-07-14,Good day,TJS_RUB,0,8.27918
2026-07-14,Good day,UZS_RUB,0,0.00633607
2026-07-14,Кандидат,AMD_RUB,0,0.208954
2026-07-14,Кандидат,KGS_RUB,1,0.876173
2026-07-14,Кандидат,KZT_RUB,0,0.16488
2026-07-14,Кандидат,TJS_RUB,1,8.27918
2026-07-14,Кандидат,UZS_RUB,1,0.00633607
2026-07-15,Closing,AMD_RUB,0,0.211297
2026-07-15,Closing,KGS_RUB,0,0.886122
2026-07-15,Closing,KZT_RUB,0,0.162418
2026-07-15,Closing,TJS_RUB,0,8.37344
2026-07-15,Closing,UZS_RUB,0,0.00642255
2026-07-15,Fact,AMD_RUB,0,0.211297
2026-07-15,Fact,KGS_RUB,0,0.886122
2026-07-15,Fact,KZT_RUB,0,0.162418
2026-07-15,Fact,TJS_RUB,0,8.37344
2026-07-15,Fact,UZS_RUB,0,0.00642255
2026-07-15,Good day,AMD_RUB,0,0.211297
2026-07-15,Good day,KGS_RUB,0,0.886122
2026-07-15,Good day,KZT_RUB,1,0.162418
2026-07-15,Good day,TJS_RUB,0,8.37344
2026-07-15,Good day,UZS_RUB,0,0.00642255
2026-07-15,Кандидат,AMD_RUB,0,0.211297
2026-07-15,Кандидат,KGS_RUB,0,0.886122
2026-07-15,Кандидат,KZT_RUB,1,0.162418
2026-07-15,Кандидат,TJS_RUB,0,8.37344
2026-07-15,Кандидат,UZS_RUB,0,0.00642255
2026-07-16,Closing,AMD_RUB,0,0.212272
2026-07-16,Closing,KGS_RUB,0,0.891444
2026-07-16,Closing,KZT_RUB,0,0.166262
2026-07-16,Closing,TJS_RUB,0,8.42376
2026-07-16,Closing,UZS_RUB,0,0.00644858
2026-07-16,Fact,AMD_RUB,0,0.212272
2026-07-16,Fact,KGS_RUB,0,0.891444
2026-07-16,Fact,KZT_RUB,0,0.166262
2026-07-16,Fact,TJS_RUB,0,8.42376
2026-07-16,Fact,UZS_RUB,0,0.00644858
2026-07-16,Good day,AMD_RUB,0,0.212272
2026-07-16,Good day,KGS_RUB,0,0.891444
2026-07-16,Good day,KZT_RUB,0,0.166262
2026-07-16,Good day,TJS_RUB,0,8.42376
2026-07-16,Good day,UZS_RUB,0,0.00644858
2026-07-16,Кандидат,AMD_RUB,0,0.212272
2026-07-16,Кандидат,KGS_RUB,0,0.891444
2026-07-16,Кандидат,KZT_RUB,0,0.166262
2026-07-16,Кандидат,TJS_RUB,0,8.42376
2026-07-16,Кандидат,UZS_RUB,0,0.00644858
2026-07-17,Closing,AMD_RUB,0,0.213651
2026-07-17,Closing,KGS_RUB,0,0.895576
2026-07-17,Closing,KZT_RUB,0,0.166737
2026-07-17,Closing,TJS_RUB,0,8.46234
2026-07-17,Closing,UZS_RUB,0,0.00647613
2026-07-17,Fact,AMD_RUB,0,0.213651
2026-07-17,Fact,KGS_RUB,0,0.895576
2026-07-17,Fact,KZT_RUB,0,0.166737
2026-07-17,Fact,TJS_RUB,0,8.46234
2026-07-17,Fact,UZS_RUB,0,0.00647613
2026-07-17,Good day,AMD_RUB,0,0.213651
2026-07-17,Good day,KGS_RUB,0,0.895576
2026-07-17,Good day,KZT_RUB,0,0.166737
2026-07-17,Good day,TJS_RUB,0,8.46234
2026-07-17,Good day,UZS_RUB,0,0.00647613
2026-07-17,Кандидат,AMD_RUB,0,0.213651
2026-07-17,Кандидат,KGS_RUB,0,0.895576
2026-07-17,Кандидат,KZT_RUB,0,0.166737
2026-07-17,Кандидат,TJS_RUB,0,8.46234
2026-07-17,Кандидат,UZS_RUB,0,0.00647613
2026-07-20,Closing,AMD_RUB,0,0.213708
2026-07-20,Closing,KGS_RUB,0,0.896497
2026-07-20,Closing,KZT_RUB,0,0.165979
2026-07-20,Closing,TJS_RUB,0,8.47554
2026-07-20,Closing,UZS_RUB,0,0.00651626
2026-07-20,Fact,AMD_RUB,0,0.213708
2026-07-20,Fact,KGS_RUB,0,0.896497
2026-07-20,Fact,KZT_RUB,0,0.165979
2026-07-20,Fact,TJS_RUB,0,8.47554
2026-07-20,Fact,UZS_RUB,0,0.00651626
2026-07-20,Good day,AMD_RUB,0,0.213708
2026-07-20,Good day,KGS_RUB,0,0.896497
2026-07-20,Good day,KZT_RUB,0,0.165979
2026-07-20,Good day,TJS_RUB,0,8.47554
2026-07-20,Good day,UZS_RUB,0,0.00651626
2026-07-20,Кандидат,AMD_RUB,0,0.213708
2026-07-20,Кандидат,KGS_RUB,0,0.896497
2026-07-20,Кандидат,KZT_RUB,0,0.165979
2026-07-20,Кандидат,TJS_RUB,0,8.47554
2026-07-20,Кандидат,UZS_RUB,0,0.00651626
2026-07-21,Closing,AMD_RUB,0,0.214019
2026-07-21,Closing,KGS_RUB,0,0.895551
2026-07-21,Closing,KZT_RUB,0,0.16669
2026-07-21,Closing,TJS_RUB,0,8.46228
2026-07-21,Closing,UZS_RUB,0,0.0065481
2026-07-21,Fact,AMD_RUB,0,0.214019
2026-07-21,Fact,KGS_RUB,0,0.895551
2026-07-21,Fact,KZT_RUB,0,0.16669
2026-07-21,Fact,TJS_RUB,0,8.46228
2026-07-21,Fact,UZS_RUB,0,0.0065481
2026-07-21,Good day,AMD_RUB,0,0.214019
2026-07-21,Good day,KGS_RUB,0,0.895551
2026-07-21,Good day,KZT_RUB,0,0.16669
2026-07-21,Good day,TJS_RUB,0,8.46228
2026-07-21,Good day,UZS_RUB,0,0.0065481
2026-07-21,Кандидат,AMD_RUB,0,0.214019
2026-07-21,Кандидат,KGS_RUB,0,0.895551
2026-07-21,Кандидат,KZT_RUB,0,0.16669
2026-07-21,Кандидат,TJS_RUB,0,8.46228
2026-07-21,Кандидат,UZS_RUB,0,0.0065481
2026-07-22,Closing,AMD_RUB,0,0.21423
2026-07-22,Closing,KGS_RUB,0,0.898273
2026-07-22,Closing,KZT_RUB,0,0.167037
2026-07-22,Closing,TJS_RUB,0,8.48801
2026-07-22,Closing,UZS_RUB,0,0.00655351
2026-07-22,Fact,AMD_RUB,0,0.21423
2026-07-22,Fact,KGS_RUB,0,0.898273
2026-07-22,Fact,KZT_RUB,0,0.167037
2026-07-22,Fact,TJS_RUB,0,8.48801
2026-07-22,Fact,UZS_RUB,0,0.00655351
2026-07-22,Good day,AMD_RUB,0,0.21423
2026-07-22,Good day,KGS_RUB,0,0.898273
2026-07-22,Good day,KZT_RUB,0,0.167037
2026-07-22,Good day,TJS_RUB,0,8.48801
2026-07-22,Good day,UZS_RUB,0,0.00655351
2026-07-22,Кандидат,AMD_RUB,0,0.21423
2026-07-22,Кандидат,KGS_RUB,0,0.898273
2026-07-22,Кандидат,KZT_RUB,0,0.167037
2026-07-22,Кандидат,TJS_RUB,0,8.48801
2026-07-22,Кандидат,UZS_RUB,0,0.00655351
2026-07-23,Closing,AMD_RUB,0,0.213894
2026-07-23,Closing,KGS_RUB,0,0.897377
2026-07-23,Closing,KZT_RUB,0,0.167115
2026-07-23,Closing,TJS_RUB,0,8.48238
2026-07-23,Closing,UZS_RUB,0,0.00651312
2026-07-23,Fact,AMD_RUB,0,0.213894
2026-07-23,Fact,KGS_RUB,0,0.897377
2026-07-23,Fact,KZT_RUB,0,0.167115
2026-07-23,Fact,TJS_RUB,0,8.48238
2026-07-23,Fact,UZS_RUB,0,0.00651312
2026-07-23,Good day,AMD_RUB,0,0.213894
2026-07-23,Good day,KGS_RUB,0,0.897377
2026-07-23,Good day,KZT_RUB,0,0.167115
2026-07-23,Good day,TJS_RUB,0,8.48238
2026-07-23,Good day,UZS_RUB,0,0.00651312
2026-07-23,Кандидат,AMD_RUB,0,0.213894
2026-07-23,Кандидат,KGS_RUB,0,0.897377
2026-07-23,Кандидат,KZT_RUB,0,0.167115
2026-07-23,Кандидат,TJS_RUB,0,8.48238
2026-07-23,Кандидат,UZS_RUB,0,0.00651312
2026-07-24,Closing,AMD_RUB,0,0.21425
2026-07-24,Closing,KGS_RUB,0,0.896568
2026-07-24,Closing,KZT_RUB,0,0.167657
2026-07-24,Closing,TJS_RUB,0,8.47648
2026-07-24,Closing,UZS_RUB,0,0.00647876
2026-07-24,Fact,AMD_RUB,0,0.21425
2026-07-24,Fact,KGS_RUB,0,0.896568
2026-07-24,Fact,KZT_RUB,0,0.167657
2026-07-24,Fact,TJS_RUB,0,8.47648
2026-07-24,Fact,UZS_RUB,0,0.00647876
2026-07-24,Good day,AMD_RUB,0,0.21425
2026-07-24,Good day,KGS_RUB,0,0.896568
2026-07-24,Good day,KZT_RUB,0,0.167657
2026-07-24,Good day,TJS_RUB,0,8.47648
2026-07-24,Good day,UZS_RUB,0,0.00647876
2026-07-24,Кандидат,AMD_RUB,0,0.21425
2026-07-24,Кандидат,KGS_RUB,0,0.896568
2026-07-24,Кандидат,KZT_RUB,0,0.167657
2026-07-24,Кандидат,TJS_RUB,0,8.47648
2026-07-24,Кандидат,UZS_RUB,0,0.00647876
2026-07-27,Closing,AMD_RUB,0,0.213275
2026-07-27,Closing,KGS_RUB,0,0.89229
2026-07-27,Closing,KZT_RUB,0,0.167542
2026-07-27,Closing,TJS_RUB,0,8.42301
2026-07-27,Closing,UZS_RUB,0,0.00649224
2026-07-27,Fact,AMD_RUB,0,0.213275
2026-07-27,Fact,KGS_RUB,0,0.89229
2026-07-27,Fact,KZT_RUB,0,0.167542
2026-07-27,Fact,TJS_RUB,0,8.42301
2026-07-27,Fact,UZS_RUB,0,0.00649224
2026-07-27,Good day,AMD_RUB,1,0.213275
2026-07-27,Good day,KGS_RUB,1,0.89229
2026-07-27,Good day,KZT_RUB,1,0.167542
2026-07-27,Good day,TJS_RUB,1,8.42301
2026-07-27,Good day,UZS_RUB,1,0.00649224
2026-07-27,Кандидат,AMD_RUB,1,0.213275
2026-07-27,Кандидат,KGS_RUB,1,0.89229
2026-07-27,Кандидат,KZT_RUB,1,0.167542
2026-07-27,Кандидат,TJS_RUB,1,8.42301
2026-07-27,Кандидат,UZS_RUB,1,0.00649224
2026-07-28,Closing,AMD_RUB,0,0.212743
2026-07-28,Closing,KGS_RUB,0,0.892135
2026-07-28,Closing,KZT_RUB,0,0.163878
2026-07-28,Closing,TJS_RUB,0,8.43101
2026-07-28,Closing,UZS_RUB,0,0.00650744
2026-07-28,Fact,AMD_RUB,0,0.212743
2026-07-28,Fact,KGS_RUB,0,0.892135
2026-07-28,Fact,KZT_RUB,0,0.163878
2026-07-28,Fact,TJS_RUB,0,8.43101
2026-07-28,Fact,UZS_RUB,0,0.00650744
2026-07-28,Good day,AMD_RUB,0,0.212743
2026-07-28,Good day,KGS_RUB,0,0.892135
2026-07-28,Good day,KZT_RUB,0,0.163878
2026-07-28,Good day,TJS_RUB,0,8.43101
2026-07-28,Good day,UZS_RUB,0,0.00650744
2026-07-28,Кандидат,AMD_RUB,1,0.212743
2026-07-28,Кандидат,KGS_RUB,1,0.892135
2026-07-28,Кандидат,KZT_RUB,1,0.163878
2026-07-28,Кандидат,TJS_RUB,1,8.43101
2026-07-28,Кандидат,UZS_RUB,1,0.00650744
2026-07-29,Closing,AMD_RUB,0,0.214705
2026-07-29,Closing,KGS_RUB,0,0.89992
2026-07-29,Closing,KZT_RUB,0,0.16624
2026-07-29,Closing,TJS_RUB,0,8.51268
2026-07-29,Closing,UZS_RUB,0,0.00653077
2026-07-29,Fact,AMD_RUB,0,0.214705
2026-07-29,Fact,KGS_RUB,0,0.89992
2026-07-29,Fact,KZT_RUB,0,0.16624
2026-07-29,Fact,TJS_RUB,0,8.51268
2026-07-29,Fact,UZS_RUB,0,0.00653077
2026-07-29,Good day,AMD_RUB,0,0.214705
2026-07-29,Good day,KGS_RUB,0,0.89992
2026-07-29,Good day,KZT_RUB,0,0.16624
2026-07-29,Good day,TJS_RUB,0,8.51268
2026-07-29,Good day,UZS_RUB,0,0.00653077
2026-07-29,Кандидат,AMD_RUB,1,0.214705
2026-07-29,Кандидат,KGS_RUB,1,0.89992
2026-07-29,Кандидат,KZT_RUB,0,0.16624
2026-07-29,Кандидат,TJS_RUB,0,8.51268
2026-07-29,Кандидат,UZS_RUB,1,0.00653077
2026-07-30,Closing,AMD_RUB,0,0.216704
2026-07-30,Closing,KGS_RUB,0,0.907456
2026-07-30,Closing,KZT_RUB,0,0.166454
2026-07-30,Closing,TJS_RUB,0,8.58517
2026-07-30,Closing,UZS_RUB,0,0.00659371
2026-07-30,Fact,AMD_RUB,0,0.216704
2026-07-30,Fact,KGS_RUB,0,0.907456
2026-07-30,Fact,KZT_RUB,0,0.166454
2026-07-30,Fact,TJS_RUB,0,8.58517
2026-07-30,Fact,UZS_RUB,0,0.00659371
2026-07-30,Good day,AMD_RUB,0,0.216704
2026-07-30,Good day,KGS_RUB,0,0.907456
2026-07-30,Good day,KZT_RUB,0,0.166454
2026-07-30,Good day,TJS_RUB,0,8.58517
2026-07-30,Good day,UZS_RUB,0,0.00659371
2026-07-30,Кандидат,AMD_RUB,0,0.216704
2026-07-30,Кандидат,KGS_RUB,0,0.907456
2026-07-30,Кандидат,KZT_RUB,0,0.166454
2026-07-30,Кандидат,TJS_RUB,0,8.58517
2026-07-30,Кандидат,UZS_RUB,0,0.00659371
2026-07-31,Closing,AMD_RUB,0,0.217814
2026-07-31,Closing,KGS_RUB,0,0.913177
2026-07-31,Closing,KZT_RUB,0,0.167356
2026-07-31,Closing,TJS_RUB,0,8.63089
2026-07-31,Closing,UZS_RUB,0,0.00665123
2026-07-31,Fact,AMD_RUB,0,0.217814
2026-07-31,Fact,KGS_RUB,0,0.913177
2026-07-31,Fact,KZT_RUB,0,0.167356
2026-07-31,Fact,TJS_RUB,0,8.63089
2026-07-31,Fact,UZS_RUB,0,0.00665123
2026-07-31,Good day,AMD_RUB,0,0.217814
2026-07-31,Good day,KGS_RUB,0,0.913177
2026-07-31,Good day,KZT_RUB,0,0.167356
2026-07-31,Good day,TJS_RUB,0,8.63089
2026-07-31,Good day,UZS_RUB,0,0.00665123
2026-07-31,Кандидат,AMD_RUB,0,0.217814
2026-07-31,Кандидат,KGS_RUB,0,0.913177
2026-07-31,Кандидат,KZT_RUB,0,0.167356
2026-07-31,Кандидат,TJS_RUB,0,8.63089
2026-07-31,Кандидат,UZS_RUB,0,0.00665123
2026-08-03,Closing,AMD_RUB,0,0.216995
2026-08-03,Closing,KGS_RUB,0,0.908676
2026-08-03,Closing,KZT_RUB,0,0.167422
2026-08-03,Closing,TJS_RUB,0,8.59216
2026-08-03,Closing,UZS_RUB,0,0.00664402
2026-08-03,Fact,AMD_RUB,0,0.216995
2026-08-03,Fact,KGS_RUB,0,0.908676
2026-08-03,Fact,KZT_RUB,0,0.167422
2026-08-03,Fact,TJS_RUB,0,8.59216
2026-08-03,Fact,UZS_RUB,0,0.00664402
2026-08-03,Good day,AMD_RUB,0,0.216995
2026-08-03,Good day,KGS_RUB,0,0.908676
2026-08-03,Good day,KZT_RUB,0,0.167422
2026-08-03,Good day,TJS_RUB,0,8.59216
2026-08-03,Good day,UZS_RUB,0,0.00664402
2026-08-03,Кандидат,AMD_RUB,0,0.216995
2026-08-03,Кандидат,KGS_RUB,0,0.908676
2026-08-03,Кандидат,KZT_RUB,0,0.167422
2026-08-03,Кандидат,TJS_RUB,0,8.59216
2026-08-03,Кандидат,UZS_RUB,0,0.00664402
2026-08-04,Closing,AMD_RUB,0,0.218779
2026-08-04,Closing,KGS_RUB,0,0.915594
2026-08-04,Closing,KZT_RUB,0,0.169068
2026-08-04,Closing,TJS_RUB,0,8.65757
2026-08-04,Closing,UZS_RUB,0,0.00667826
2026-08-04,Fact,AMD_RUB,0,0.218779
2026-08-04,Fact,KGS_RUB,0,0.915594
2026-08-04,Fact,KZT_RUB,0,0.169068
2026-08-04,Fact,TJS_RUB,0,8.65757
2026-08-04,Fact,UZS_RUB,0,0.00667826
2026-08-04,Good day,AMD_RUB,0,0.218779
2026-08-04,Good day,KGS_RUB,0,0.915594
2026-08-04,Good day,KZT_RUB,0,0.169068
2026-08-04,Good day,TJS_RUB,0,8.65757
2026-08-04,Good day,UZS_RUB,0,0.00667826
2026-08-04,Кандидат,AMD_RUB,0,0.218779
2026-08-04,Кандидат,KGS_RUB,0,0.915594
2026-08-04,Кандидат,KZT_RUB,0,0.169068
2026-08-04,Кандидат,TJS_RUB,0,8.65757
2026-08-04,Кандидат,UZS_RUB,0,0.00667826
2026-08-05,Closing,AMD_RUB,0,0.221054
2026-08-05,Closing,KGS_RUB,0,0.92772
2026-08-05,Closing,KZT_RUB,0,0.170662
2026-08-05,Closing,TJS_RUB,0,8.77043
2026-08-05,Closing,UZS_RUB,0,0.00679347
2026-08-05,Fact,AMD_RUB,0,0.221054
2026-08-05,Fact,KGS_RUB,0,0.92772
2026-08-05,Fact,KZT_RUB,0,0.170662
2026-08-05,Fact,TJS_RUB,0,8.77043
2026-08-05,Fact,UZS_RUB,0,0.00679347
2026-08-05,Good day,AMD_RUB,0,0.221054
2026-08-05,Good day,KGS_RUB,0,0.92772
2026-08-05,Good day,KZT_RUB,0,0.170662
2026-08-05,Good day,TJS_RUB,0,8.77043
2026-08-05,Good day,UZS_RUB,0,0.00679347
2026-08-05,Кандидат,AMD_RUB,0,0.221054
2026-08-05,Кандидат,KGS_RUB,0,0.92772
2026-08-05,Кандидат,KZT_RUB,0,0.170662
2026-08-05,Кандидат,TJS_RUB,0,8.77043
2026-08-05,Кандидат,UZS_RUB,0,0.00679347
2026-08-06,Closing,AMD_RUB,0,0.221034
2026-08-06,Closing,KGS_RUB,0,0.925435
2026-08-06,Closing,KZT_RUB,0,0.171468
2026-08-06,Closing,TJS_RUB,0,8.76114
2026-08-06,Closing,UZS_RUB,0,0.00680838
2026-08-06,Fact,AMD_RUB,0,0.221034
2026-08-06,Fact,KGS_RUB,0,0.925435
2026-08-06,Fact,KZT_RUB,0,0.171468
2026-08-06,Fact,TJS_RUB,0,8.76114
2026-08-06,Fact,UZS_RUB,0,0.00680838
2026-08-06,Good day,AMD_RUB,0,0.221034
2026-08-06,Good day,KGS_RUB,0,0.925435
2026-08-06,Good day,KZT_RUB,0,0.171468
2026-08-06,Good day,TJS_RUB,0,8.76114
2026-08-06,Good day,UZS_RUB,0,0.00680838
2026-08-06,Кандидат,AMD_RUB,0,0.221034
2026-08-06,Кандидат,KGS_RUB,0,0.925435
2026-08-06,Кандидат,KZT_RUB,0,0.171468
2026-08-06,Кандидат,TJS_RUB,0,8.76114
2026-08-06,Кандидат,UZS_RUB,0,0.00680838
2026-08-07,Closing,AMD_RUB,0,0.222274
2026-08-07,Closing,KGS_RUB,0,0.930906
2026-08-07,Closing,KZT_RUB,0,0.173263
2026-08-07,Closing,TJS_RUB,0,8.80312
2026-08-07,Closing,UZS_RUB,0,0.006832
2026-08-07,Fact,AMD_RUB,0,0.222274
2026-08-07,Fact,KGS_RUB,0,0.930906
2026-08-07,Fact,KZT_RUB,0,0.173263
2026-08-07,Fact,TJS_RUB,0,8.80312
2026-08-07,Fact,UZS_RUB,0,0.006832
2026-08-07,Good day,AMD_RUB,0,0.222274
2026-08-07,Good day,KGS_RUB,0,0.930906
2026-08-07,Good day,KZT_RUB,0,0.173263
2026-08-07,Good day,TJS_RUB,0,8.80312
2026-08-07,Good day,UZS_RUB,0,0.006832
2026-08-07,Кандидат,AMD_RUB,0,0.222274
2026-08-07,Кандидат,KGS_RUB,0,0.930906
2026-08-07,Кандидат,KZT_RUB,0,0.173263
2026-08-07,Кандидат,TJS_RUB,0,8.80312
2026-08-07,Кандидат,UZS_RUB,0,0.006832
2026-08-10,Closing,AMD_RUB,0,0.224394
2026-08-10,Closing,KGS_RUB,0,0.939583
2026-08-10,Closing,KZT_RUB,0,0.175765
2026-08-10,Closing,TJS_RUB,0,8.88517
2026-08-10,Closing,UZS_RUB,0,0.00687465
2026-08-10,Fact,AMD_RUB,0,0.224394
2026-08-10,Fact,KGS_RUB,0,0.939583
2026-08-10,Fact,KZT_RUB,0,0.175765
2026-08-10,Fact,TJS_RUB,0,8.88517
2026-08-10,Fact,UZS_RUB,0,0.00687465
2026-08-10,Good day,AMD_RUB,0,0.224394
2026-08-10,Good day,KGS_RUB,0,0.939583
2026-08-10,Good day,KZT_RUB,0,0.175765
2026-08-10,Good day,TJS_RUB,0,8.88517
2026-08-10,Good day,UZS_RUB,0,0.00687465
2026-08-10,Кандидат,AMD_RUB,0,0.224394
2026-08-10,Кандидат,KGS_RUB,0,0.939583
2026-08-10,Кандидат,KZT_RUB,0,0.175765
2026-08-10,Кандидат,TJS_RUB,0,8.88517
2026-08-10,Кандидат,UZS_RUB,0,0.00687465
2026-08-11,Closing,AMD_RUB,0,0.225773
2026-08-11,Closing,KGS_RUB,0,0.944608
2026-08-11,Closing,KZT_RUB,0,0.175784
2026-08-11,Closing,TJS_RUB,0,8.9271
2026-08-11,Closing,UZS_RUB,0,0.00692155
2026-08-11,Fact,AMD_RUB,0,0.225773
2026-08-11,Fact,KGS_RUB,0,0.944608
2026-08-11,Fact,KZT_RUB,0,0.175784
2026-08-11,Fact,TJS_RUB,0,8.9271
2026-08-11,Fact,UZS_RUB,0,0.00692155
2026-08-11,Good day,AMD_RUB,0,0.225773
2026-08-11,Good day,KGS_RUB,0,0.944608
2026-08-11,Good day,KZT_RUB,0,0.175784
2026-08-11,Good day,TJS_RUB,0,8.9271
2026-08-11,Good day,UZS_RUB,0,0.00692155
2026-08-11,Кандидат,AMD_RUB,0,0.225773
2026-08-11,Кандидат,KGS_RUB,0,0.944608
2026-08-11,Кандидат,KZT_RUB,0,0.175784
2026-08-11,Кандидат,TJS_RUB,0,8.9271
2026-08-11,Кандидат,UZS_RUB,0,0.00692155
2026-08-12,Closing,AMD_RUB,0,0.225023
2026-08-12,Closing,KGS_RUB,0,0.941958
2026-08-12,Closing,KZT_RUB,0,0.176738
2026-08-12,Closing,TJS_RUB,0,8.90205
2026-08-12,Closing,UZS_RUB,0,0.00690213
2026-08-12,Fact,AMD_RUB,0,0.225023
2026-08-12,Fact,KGS_RUB,0,0.941958
2026-08-12,Fact,KZT_RUB,0,0.176738
2026-08-12,Fact,TJS_RUB,0,8.90205
2026-08-12,Fact,UZS_RUB,0,0.00690213
2026-08-12,Good day,AMD_RUB,0,0.225023
2026-08-12,Good day,KGS_RUB,0,0.941958
2026-08-12,Good day,KZT_RUB,0,0.176738
2026-08-12,Good day,TJS_RUB,0,8.90205
2026-08-12,Good day,UZS_RUB,0,0.00690213
2026-08-12,Кандидат,AMD_RUB,0,0.225023
2026-08-12,Кандидат,KGS_RUB,0,0.941958
2026-08-12,Кандидат,KZT_RUB,0,0.176738
2026-08-12,Кандидат,TJS_RUB,0,8.90205
2026-08-12,Кандидат,UZS_RUB,0,0.00690213
2026-08-13,Closing,AMD_RUB,0,0.226825
2026-08-13,Closing,KGS_RUB,0,0.949087
2026-08-13,Closing,KZT_RUB,0,0.178206
2026-08-13,Closing,TJS_RUB,0,8.96991
2026-08-13,Closing,UZS_RUB,0,0.00698049
2026-08-13,Fact,AMD_RUB,0,0.226825
2026-08-13,Fact,KGS_RUB,0,0.949087
2026-08-13,Fact,KZT_RUB,0,0.178206
2026-08-13,Fact,TJS_RUB,0,8.96991
2026-08-13,Fact,UZS_RUB,0,0.00698049
2026-08-13,Good day,AMD_RUB,0,0.226825
2026-08-13,Good day,KGS_RUB,0,0.949087
2026-08-13,Good day,KZT_RUB,0,0.178206
2026-08-13,Good day,TJS_RUB,0,8.96991
2026-08-13,Good day,UZS_RUB,0,0.00698049
2026-08-13,Кандидат,AMD_RUB,0,0.226825
2026-08-13,Кандидат,KGS_RUB,0,0.949087
2026-08-13,Кандидат,KZT_RUB,0,0.178206
2026-08-13,Кандидат,TJS_RUB,0,8.96991
2026-08-13,Кандидат,UZS_RUB,0,0.00698049
2026-08-14,Closing,AMD_RUB,0,0.229065
2026-08-14,Closing,KGS_RUB,0,0.958328
2026-08-14,Closing,KZT_RUB,0,0.180154
2026-08-14,Closing,TJS_RUB,0,9.04757
2026-08-14,Closing,UZS_RUB,0,0.00701387
2026-08-14,Fact,AMD_RUB,0,0.229065
2026-08-14,Fact,KGS_RUB,0,0.958328
2026-08-14,Fact,KZT_RUB,0,0.180154
2026-08-14,Fact,TJS_RUB,0,9.04757
2026-08-14,Fact,UZS_RUB,0,0.00701387
2026-08-14,Good day,AMD_RUB,0,0.229065
2026-08-14,Good day,KGS_RUB,0,0.958328
2026-08-14,Good day,KZT_RUB,0,0.180154
2026-08-14,Good day,TJS_RUB,0,9.04757
2026-08-14,Good day,UZS_RUB,0,0.00701387
2026-08-14,Кандидат,AMD_RUB,0,0.229065
2026-08-14,Кандидат,KGS_RUB,0,0.958328
2026-08-14,Кандидат,KZT_RUB,0,0.180154
2026-08-14,Кандидат,TJS_RUB,0,9.04757
2026-08-14,Кандидат,UZS_RUB,0,0.00701387
2026-08-17,Closing,AMD_RUB,0,0.231111
2026-08-17,Closing,KGS_RUB,0,0.96678
2026-08-17,Closing,KZT_RUB,0,0.181743
2026-08-17,Closing,TJS_RUB,0,9.12736
2026-08-17,Closing,UZS_RUB,0,0.00708206
2026-08-17,Fact,AMD_RUB,0,0.231111
2026-08-17,Fact,KGS_RUB,0,0.96678
2026-08-17,Fact,KZT_RUB,0,0.181743
2026-08-17,Fact,TJS_RUB,0,9.12736
2026-08-17,Fact,UZS_RUB,0,0.00708206
2026-08-17,Good day,AMD_RUB,0,0.231111
2026-08-17,Good day,KGS_RUB,0,0.96678
2026-08-17,Good day,KZT_RUB,0,0.181743
2026-08-17,Good day,TJS_RUB,0,9.12736
2026-08-17,Good day,UZS_RUB,0,0.00708206
2026-08-17,Кандидат,AMD_RUB,0,0.231111
2026-08-17,Кандидат,KGS_RUB,0,0.96678
2026-08-17,Кандидат,KZT_RUB,0,0.181743
2026-08-17,Кандидат,TJS_RUB,0,9.12736
2026-08-17,Кандидат,UZS_RUB,0,0.00708206
2026-08-18,Closing,AMD_RUB,0,0.232595
2026-08-18,Closing,KGS_RUB,0,0.97214
2026-08-18,Closing,KZT_RUB,0,0.183211
2026-08-18,Closing,TJS_RUB,0,9.18143
2026-08-18,Closing,UZS_RUB,0,0.0071493
2026-08-18,Fact,AMD_RUB,0,0.232595
2026-08-18,Fact,KGS_RUB,0,0.97214
2026-08-18,Fact,KZT_RUB,0,0.183211
2026-08-18,Fact,TJS_RUB,0,9.18143
2026-08-18,Fact,UZS_RUB,0,0.0071493
2026-08-18,Good day,AMD_RUB,0,0.232595
2026-08-18,Good day,KGS_RUB,0,0.97214
2026-08-18,Good day,KZT_RUB,0,0.183211
2026-08-18,Good day,TJS_RUB,0,9.18143
2026-08-18,Good day,UZS_RUB,0,0.0071493
2026-08-18,Кандидат,AMD_RUB,0,0.232595
2026-08-18,Кандидат,KGS_RUB,0,0.97214
2026-08-18,Кандидат,KZT_RUB,0,0.183211
2026-08-18,Кандидат,TJS_RUB,0,9.18143
2026-08-18,Кандидат,UZS_RUB,0,0.0071493
2026-08-19,Closing,AMD_RUB,0,0.233168
2026-08-19,Closing,KGS_RUB,0,0.973865
2026-08-19,Closing,KZT_RUB,0,0.184582
2026-08-19,Closing,TJS_RUB,0,9.19991
2026-08-19,Closing,UZS_RUB,0,0.00718242
2026-08-19,Fact,AMD_RUB,0,0.233168
2026-08-19,Fact,KGS_RUB,0,0.973865
2026-08-19,Fact,KZT_RUB,0,0.184582
2026-08-19,Fact,TJS_RUB,0,9.19991
2026-08-19,Fact,UZS_RUB,0,0.00718242
2026-08-19,Good day,AMD_RUB,0,0.233168
2026-08-19,Good day,KGS_RUB,0,0.973865
2026-08-19,Good day,KZT_RUB,0,0.184582
2026-08-19,Good day,TJS_RUB,0,9.19991
2026-08-19,Good day,UZS_RUB,0,0.00718242
2026-08-19,Кандидат,AMD_RUB,0,0.233168
2026-08-19,Кандидат,KGS_RUB,0,0.973865
2026-08-19,Кандидат,KZT_RUB,0,0.184582
2026-08-19,Кандидат,TJS_RUB,0,9.19991
2026-08-19,Кандидат,UZS_RUB,0,0.00718242
2026-08-20,Closing,AMD_RUB,0,0.233257
2026-08-20,Closing,KGS_RUB,0,0.973463
2026-08-20,Closing,KZT_RUB,0,0.185011
2026-08-20,Closing,TJS_RUB,0,9.19611
2026-08-20,Closing,UZS_RUB,0,0.0072019
2026-08-20,Fact,AMD_RUB,0,0.233257
2026-08-20,Fact,KGS_RUB,0,0.973463
2026-08-20,Fact,KZT_RUB,0,0.185011
2026-08-20,Fact,TJS_RUB,0,9.19611
2026-08-20,Fact,UZS_RUB,0,0.0072019
2026-08-20,Good day,AMD_RUB,0,0.233257
2026-08-20,Good day,KGS_RUB,0,0.973463
2026-08-20,Good day,KZT_RUB,0,0.185011
2026-08-20,Good day,TJS_RUB,0,9.19611
2026-08-20,Good day,UZS_RUB,0,0.0072019
2026-08-20,Кандидат,AMD_RUB,0,0.233257
2026-08-20,Кандидат,KGS_RUB,0,0.973463
2026-08-20,Кандидат,KZT_RUB,0,0.185011
2026-08-20,Кандидат,TJS_RUB,0,9.19611
2026-08-20,Кандидат,UZS_RUB,0,0.0072019
2026-08-21,Closing,AMD_RUB,0,0.228207
2026-08-21,Closing,KGS_RUB,0,0.953183
2026-08-21,Closing,KZT_RUB,0,0.180336
2026-08-21,Closing,TJS_RUB,0,9.00931
2026-08-21,Closing,UZS_RUB,0,0.00706705
2026-08-21,Fact,AMD_RUB,0,0.228207
2026-08-21,Fact,KGS_RUB,0,0.953183
2026-08-21,Fact,KZT_RUB,0,0.180336
2026-08-21,Fact,TJS_RUB,0,9.00931
2026-08-21,Fact,UZS_RUB,0,0.00706705
2026-08-21,Good day,AMD_RUB,0,0.228207
2026-08-21,Good day,KGS_RUB,0,0.953183
2026-08-21,Good day,KZT_RUB,0,0.180336
2026-08-21,Good day,TJS_RUB,0,9.00931
2026-08-21,Good day,UZS_RUB,0,0.00706705
2026-08-21,Кандидат,AMD_RUB,0,0.228207
2026-08-21,Кандидат,KGS_RUB,0,0.953183
2026-08-21,Кандидат,KZT_RUB,0,0.180336
2026-08-21,Кандидат,TJS_RUB,0,9.00931
2026-08-21,Кандидат,UZS_RUB,0,0.00706705
2026-08-24,Closing,AMD_RUB,0,0.227082
2026-08-24,Closing,KGS_RUB,0,0.948212
2026-08-24,Closing,KZT_RUB,0,0.18096
2026-08-24,Closing,TJS_RUB,0,8.97026
2026-08-24,Closing,UZS_RUB,0,0.00699924
2026-08-24,Fact,AMD_RUB,0,0.227082
2026-08-24,Fact,KGS_RUB,0,0.948212
2026-08-24,Fact,KZT_RUB,0,0.18096
2026-08-24,Fact,TJS_RUB,0,8.97026
2026-08-24,Fact,UZS_RUB,0,0.00699924
2026-08-24,Good day,AMD_RUB,1,0.227082
2026-08-24,Good day,KGS_RUB,1,0.948212
2026-08-24,Good day,KZT_RUB,1,0.18096
2026-08-24,Good day,TJS_RUB,1,8.97026
2026-08-24,Good day,UZS_RUB,1,0.00699924
2026-08-24,Кандидат,AMD_RUB,1,0.227082
2026-08-24,Кандидат,KGS_RUB,1,0.948212
2026-08-24,Кандидат,KZT_RUB,1,0.18096
2026-08-24,Кандидат,TJS_RUB,1,8.97026
2026-08-24,Кандидат,UZS_RUB,1,0.00699924
