corridor,date,rate_t,favourability_percentile_90,past_best_5,past_advantage_5,predicted_rate_h1,predicted_rate_h2,predicted_rate_h3,predicted_rate_h4,predicted_rate_h5,predicted_future_best_5,predicted_regret_5,actual_future_best_5,actual_regret_5
AMD_RUB,2025-07-12,0.202874,0.9888888888888889,0.20301,0.0006699177380424474,0.2028527350881482,0.2026864475750495,0.2028471232874214,0.2029938341222967,0.2030314502177598,0.2026864475750495,0.000924477384733869,0.202953,0.0
AMD_RUB,2025-07-15,0.20402,0.8777777777777778,0.202874,-0.005648826365133078,0.2041807342416632,0.2042045882531512,0.2042331093063607,0.20424417827821,0.2043068959237113,0.2041807342416632,0.0,0.202953,0.005229879423585984
AMD_RUB,2025-07-16,0.202953,0.9666666666666667,0.202874,-0.00038940426077267536,0.2027537947497572,0.2027574802900761,0.2030025441380143,0.2031101316523004,0.2031498235626609,0.2027537947497572,0.0009815339031342555,0.203038,0.0
AMD_RUB,2025-07-17,0.203038,0.9444444444444444,0.202874,-0.0008083835286926737,0.203038731235095,0.2030111169338869,0.2030445009514525,0.2032301210306902,0.2032291168403553,0.2030111169338869,0.00013240411210262387,0.203371,0.0
AMD_RUB,2025-07-18,0.203545,0.8777777777777778,0.202874,-0.003307471632639002,0.2036537970454105,0.2036850462745851,0.2037423624555345,0.2037977454078198,0.2038704824533213,0.2036537970454105,0.0,0.203371,0.0008548478223489031
AMD_RUB,2025-07-19,0.203818,0.8555555555555556,0.202874,-0.004653134457840829,0.2039052690214138,0.2039512088761459,0.2040704096638464,0.2041114165732918,0.2041464469954016,0.2039052690214138,0.0,0.203371,0.0021931330893248044
AMD_RUB,2025-07-22,0.204068,0.8222222222222222,0.202953,-0.005493882820160357,0.2041654242700468,0.2041731286156799,0.2042994855091238,0.204378996314375,0.2043968498633958,0.2041654242700468,0.0,0.203371,0.003415528157280922
AMD_RUB,2025-07-23,0.203371,0.9111111111111111,0.202953,-0.0020595901514143754,0.2033410394219947,0.2033236495320647,0.203453969660888,0.20355837319282,0.203591503209097,0.2033236495320647,0.00023282802334306847,0.204344,0.0
AMD_RUB,2025-07-24,0.204344,0.7666666666666666,0.203038,-0.006432293462307556,0.2045829238253245,0.2046350681719246,0.2046081864403714,0.2046926215747313,0.2047783909767262,0.2045829238253245,0.0,0.20551,0.0
AMD_RUB,2025-07-25,0.20551,0.6333333333333333,0.203371,-0.010517723765925338,0.2057625474772339,0.2058924496836915,0.2058931561873641,0.2059956419312525,0.2060148475891906,0.2057625474772339,0.0,0.207201,0.0
AMD_RUB,2025-07-26,0.207201,0.5111111111111111,0.203371,-0.01883257691607948,0.2074081499182485,0.2075299532180558,0.2076063225230552,0.2077847043247019,0.2076437794661421,0.2074081499182485,0.0,0.207359,0.0
AMD_RUB,2025-07-29,0.207359,0.5,0.203371,-0.019609482177891595,0.2074633820046831,0.2075803024037244,0.2077174121337905,0.207929042593205,0.207706609466581,0.2074633820046831,0.0,0.207721,0.0
AMD_RUB,2025-07-30,0.214203,0.16666666666666663,0.203371,-0.053262264531324564,0.2150351057764335,0.2149099199862583,0.2150358355347976,0.2150513012442114,0.2147035140841475,0.2147035140841475,0.0,0.207721,0.030261014084770128
AMD_RUB,2025-07-31,0.2132,0.19999999999999996,0.204344,-0.043338683788122,0.2132977855561397,0.2132720019215505,0.2132550850577924,0.2136476358679287,0.2136264142993674,0.2132550850577924,0.0,0.207721,0.025698874296435328
AMD_RUB,2025-08-01,0.209255,0.33333333333333337,0.20551,-0.018222957520315306,0.2087852684641292,0.20886564742592,0.209428330219602,0.209510610350277,0.2096354171292027,0.2087852684641292,0.002244780463409683,0.20692,0.01115863420228909
AMD_RUB,2025-08-02,0.209435,0.3111111111111111,0.207201,-0.010781801246133049,0.2096074922767355,0.209665864241976,0.2094998016342123,0.2095196589900588,0.2097206496722568,0.2094998016342123,0.0,0.20692,0.012008499056986735
AMD_RUB,2025-08-05,0.207721,0.4111111111111111,0.207359,-0.001745764591843138,0.2075498659672873,0.2076182296632611,0.2077075891949029,0.2077917168956949,0.2079766985626384,0.2075498659672873,0.000823864860619211,0.20692,0.003856133948902596
AMD_RUB,2025-08-06,0.208445,0.3666666666666667,0.207721,-0.0034854444182340853,0.2086249034525766,0.2087227044457183,0.2084954910792363,0.208616739485175,0.2086739845231897,0.2084954910792363,0.0,0.20692,0.007316078581880106
AMD_RUB,2025-08-07,0.209006,0.3222222222222222,0.207721,-0.006186182427390627,0.2091096583467648,0.2091676098091625,0.2090566836958699,0.2092323939706412,0.2092545133119053,0.2090566836958699,0.0,0.20692,0.009980574720342979
AMD_RUB,2025-08-08,0.20692,0.5444444444444445,0.207721,0.003856133948902596,0.2066029884371301,0.2067204230753811,0.2069239092859943,0.2070617057485173,0.2071883021423663,0.2066029884371301,0.0015320489216600402,0.207538,0.0
AMD_RUB,2025-08-09,0.207981,0.37777777777777777,0.20692,-0.005127585540305463,0.208180612206165,0.2082797280575237,0.2081356632757302,0.2082274171128666,0.2083778168631217,0.2081356632757302,0.0,0.207538,0.0021300022598218058
AMD_RUB,2025-08-12,0.207695,0.4222222222222223,0.20692,-0.0037454088536632416,0.2076075257189273,0.2076952898953198,0.2077180912159886,0.2078531887724117,0.207942142639914,0.2076075257189273,0.0004211670048518113,0.207538,0.0007559161270131226
AMD_RUB,2025-08-13,0.208101,0.34444444444444444,0.20692,-0.005707519814421106,0.2082162356187661,0.2083795473888633,0.2083429268868683,0.2084263584576766,0.208512020175896,0.2082162356187661,0.0,0.207538,0.002705417081128913
AMD_RUB,2025-08-14,0.207538,0.4555555555555556,0.20692,-0.0029866615116953773,0.207482729951496,0.2075219218912626,0.2076199676046364,0.2076947281933069,0.2078071034700484,0.207482729951496,0.0002663129089805362,0.207993,0.0
AMD_RUB,2025-08-15,0.207993,0.34444444444444444,0.20692,-0.0051855789677170815,0.2081119617571164,0.2083486420495192,0.2081798439932779,0.2082807138901702,0.2083617221118531,0.2081119617571164,0.0,0.208881,0.0
AMD_RUB,2025-08-16,0.208881,0.2666666666666667,0.207538,-0.00647110408696244,0.2090853073602381,0.2092812995941342,0.2091726023661297,0.2091969362558892,0.2093604830262434,0.2090853073602381,0.0,0.209276,0.0
AMD_RUB,2025-08-19,0.209841,0.1777777777777778,0.207538,-0.011096763002438106,0.2100733112293999,0.2103408530904961,0.2102065858889506,0.2102845845428358,0.2103141666977983,0.2100733112293999,0.0,0.209276,0.002692514808831496
AMD_RUB,2025-08-20,0.209799,0.18888888888888888,0.207538,-0.010894390424886108,0.2097865804278105,0.2100097099676361,0.2099908947932025,0.2101484208465344,0.2101548295233057,0.2097865804278105,5.919748039553923e-05,0.209276,0.0024928622157399387
AMD_RUB,2025-08-21,0.209276,0.21111111111111114,0.207538,-0.008374369994892451,0.2092386704373167,0.2093972184281319,0.209432793670897,0.2094988998436337,0.2095972123215747,0.2092386704373167,0.0001783747906271692,0.209707,0.0
AMD_RUB,2025-08-22,0.209707,0.1777777777777778,0.207993,-0.008240661945353897,0.2098262729538555,0.2100559675708954,0.2099099640421079,0.2099904310604521,0.210101905123282,0.2098262729538555,0.0,0.209656,0.00024319645982249277
AMD_RUB,2025-08-23,0.211044,0.11111111111111116,0.208881,-0.010355178307265851,0.2112486644619599,0.2114628216668572,0.2113725780905048,0.2114640106467328,0.2115413613806178,0.2112486644619599,0.0,0.209656,0.006576827580978375
AMD_RUB,2025-08-26,0.210763,0.11111111111111116,0.209276,-0.007105449263174067,0.2108492442544879,0.2110527654171907,0.2111109574371451,0.2111161213594029,0.2111554971848124,0.2108492442544879,0.0,0.209656,0.005252345051076313
AMD_RUB,2025-08-27,0.210522,0.12222222222222223,0.209276,-0.0059538599743878765,0.2104462768867227,0.2105169589026191,0.2107654872106631,0.2108224090477417,0.210821698914517,0.2104462768867227,0.00035969216175637804,0.209656,0.004113584328478629
AMD_RUB,2025-08-28,0.210444,0.12222222222222223,0.209276,-0.005581146428639703,0.2105278223897439,0.210632850147223,0.2106500284383622,0.2106978764389332,0.2107384664989253,0.2105278223897439,0.0,0.209656,0.0037444640854573338
AMD_RUB,2025-08-29,0.209656,0.1777777777777778,0.209707,0.00024319645982249277,0.2096554938662125,0.2096489190711507,0.2097175040805984,0.2098434104403336,0.2099304340697546,0.2096489190711507,3.377403389025678e-05,0.210006,0.0
AMD_RUB,2025-08-30,0.210006,0.12222222222222223,0.209656,-0.0016694013049947973,0.2101688891691541,0.2103177494416872,0.2102810353053445,0.2103243488126695,0.2104537343036066,0.2101688891691541,0.0,0.210204,0.0
AMD_RUB,2025-09-02,0.210204,0.12222222222222223,0.209656,-0.0026138054718204723,0.2103178731431562,0.2103661152344806,0.2105301984602807,0.2105975424909209,0.2106714508492489,0.2103178731431562,0.0,0.210606,0.0
AMD_RUB,2025-09-03,0.210606,0.0888888888888889,0.209656,-0.004531232113557345,0.2106744045537623,0.2109240978352904,0.2110211622136527,0.21107849804382,0.2110917702813206,0.2106744045537623,0.0,0.211287,0.0
AMD_RUB,2025-09-04,0.211287,0.06666666666666665,0.209656,-0.007779410081275964,0.2115209106212779,0.2118731760335829,0.2118734317507241,0.2117905444926161,0.2118538115608307,0.2115209106212779,0.0,0.212682,0.0
AMD_RUB,2025-09-05,0.212682,0.033333333333333326,0.209656,-0.014433166711184038,0.2129854502811642,0.2133084775833616,0.2133298783778129,0.2132874622468967,0.2133435548837774,0.2129854502811642,0.0,0.213067,0.0
AMD_RUB,2025-09-06,0.213067,0.022222222222222254,0.210006,-0.014575774025504072,0.2132692077919177,0.2136302083706314,0.2138025669815833,0.2137973284498748,0.2136940540570011,0.2132692077919177,0.0,0.215267,0.0
AMD_RUB,2025-09-09,0.215267,0.0,0.210204,-0.024086125858689578,0.2157949104803778,0.2159546590342592,0.2160513437820014,0.216065490227947,0.2159024430669326,0.2157949104803778,0.0,0.21683,0.0
AMD_RUB,2025-09-10,0.217372,0.0,0.210606,-0.03212634018024189,0.2179673108934108,0.2182359561014128,0.2181772521852236,0.2181710161652267,0.2180048252334281,0.2179673108934108,0.0,0.216214,0.005327273061847985
AMD_RUB,2025-09-11,0.222022,0.0,0.211287,-0.05080766918930173,0.2227307942850306,0.2228267016962103,0.2228357143403413,0.2227460342732195,0.2227965985678296,0.2227307942850306,0.0,0.216214,0.026159569772364936
AMD_RUB,2025-09-12,0.223814,0.0,0.212682,-0.05234105377982153,0.2242013203264232,0.2242162685806304,0.2245364676528115,0.2245050717373957,0.2243338575046939,0.2242013203264232,0.0,0.216214,0.03395676767315728
AMD_RUB,2025-09-13,0.220043,0.022222222222222254,0.213067,-0.03274087493605289,0.2197817729435978,0.2200325098884631,0.2202454983344423,0.2204690109115187,0.220527726228547,0.2197817729435978,0.0011871636743826946,0.216214,0.017401144321791646
AMD_RUB,2025-09-16,0.21683,0.0444444444444444,0.215267,-0.007260750602739895,0.2165692768143151,0.2166509639865719,0.2169066538024309,0.2168456339869631,0.2169675870949792,0.2165692768143151,0.0012024313318493862,0.216214,0.002840935294931538
AMD_RUB,2025-09-17,0.216214,0.05555555555555558,0.21683,0.002840935294931538,0.2163290090990261,0.216325328543487,0.2164345050026133,0.2162543366014436,0.2164278819879331,0.2162543366014436,0.0,0.216741,0.0
AMD_RUB,2025-09-18,0.216741,0.05555555555555558,0.216214,-0.002437399983349828,0.2168877441178964,0.2169478151214446,0.2168606590911053,0.2168932699539232,0.2170149714559328,0.2168606590911053,0.0,0.217393,0.0
AMD_RUB,2025-09-19,0.217393,0.033333333333333326,0.216214,-0.005452930892541711,0.2175571246454077,0.2177187949168391,0.2177014185663276,0.2178437394205477,0.2177401956613151,0.2175571246454077,0.0,0.217711,0.0
AMD_RUB,2025-09-20,0.218337,0.033333333333333326,0.216214,-0.00981897564450042,0.2185227194094061,0.2187365658288462,0.2187422100509999,0.2187859011593129,0.2186700136311064,0.2185227194094061,0.0,0.217711,0.002867127422287635
AMD_RUB,2025-09-23,0.219112,0.033333333333333326,0.216214,-0.013403387384720748,0.2193431990568675,0.2197389323585945,0.2197154424187622,0.219675130863552,0.219674905932329,0.2193431990568675,0.0,0.216506,0.011893460878454842
AMD_RUB,2025-09-24,0.217711,0.05555555555555558,0.216214,-0.0069236959678836635,0.2175479900954977,0.2178521748821953,0.2180356194499957,0.2180672995364923,0.2180952622581184,0.2175479900954977,0.0007487444571119427,0.215958,0.008051958789404196
AMD_RUB,2025-09-25,0.219459,0.033333333333333326,0.216741,-0.012540313092585152,0.219698130802533,0.2199851386946733,0.2199636510300118,0.2199586680401231,0.2198799046636872,0.219698130802533,0.0,0.21293,0.02975043174351464
AMD_RUB,2025-09-26,0.218027,0.06666666666666665,0.217393,-0.0029163772522574124,0.2177902253521387,0.2180327281967992,0.2181587623476716,0.2182334945254663,0.2183466012857978,0.2177902253521387,0.0010859877348277395,0.211323,0.03074848527934608
AMD_RUB,2025-09-27,0.218473,0.05555555555555558,0.217711,-0.0035000528223195554,0.2185385914055295,0.2187538633006833,0.2186693976525022,0.2188242214746383,0.2188220826709065,0.2185385914055295,0.0,0.211323,0.03272715621609988
AMD_RUB,2025-09-30,0.216506,0.1444444444444445,0.217711,0.0055348604342453245,0.2161226996479984,0.2162204235377995,0.2164591670083446,0.2165411949740535,0.2167499587226291,0.2161226996479984,0.0017703913609858277,0.211323,0.02393929036608682
AMD_RUB,2025-10-01,0.215958,0.16666666666666663,0.216506,0.0025311076829279233,0.2159223931898495,0.2158952621376677,0.2160356919464724,0.2160107617828366,0.2161957176662159,0.2158952621376677,0.00029050955432224695,0.211323,0.021462506598505265
AMD_RUB,2025-10-02,0.21293,0.2222222222222222,0.215958,0.014021244871688026,0.2124629810124789,0.2125174125030413,0.2128295209318921,0.2128684135076609,0.2131515316607378,0.2124629810124789,0.0021932982084304988,0.211323,0.007547081200394483
AMD_RUB,2025-10-03,0.211323,0.24444444444444446,0.21293,0.007547081200394483,0.2110933768812068,0.2110444522767638,0.2112549857444492,0.2112216011649879,0.2115266610905637,0.2110444522767638,0.0013181136139284934,0.21281,0.0
AMD_RUB,2025-10-04,0.213964,0.19999999999999996,0.211323,-0.01249745650023886,0.2141209813853118,0.2141014303110769,0.2141157470841937,0.2140173689743284,0.2142115309162662,0.2140173689743284,0.0,0.212161,0.008426651212353475
AMD_RUB,2025-10-07,0.216948,0.12222222222222223,0.211323,-0.026618020754958005,0.2173066950880883,0.2172709816048452,0.2172268397361246,0.2173931770557449,0.2174817506255967,0.2172268397361246,0.0,0.211346,0.0258218559286096
AMD_RUB,2025-10-08,0.214136,0.21111111111111114,0.211323,-0.01331137642376827,0.2136880064027681,0.213876097189772,0.2140677219867647,0.2143129162391659,0.2143651759864104,0.2136880064027681,0.0020920984665440782,0.208895,0.024475099936488942
AMD_RUB,2025-10-09,0.213058,0.25555555555555554,0.211323,-0.008210180623973664,0.2129097978554789,0.2129137678586278,0.2129620712452897,0.2131417322099287,0.2132959036037682,0.2129097978554789,0.0006955953051333603,0.206023,0.033019177876446724
AMD_RUB,2025-10-10,0.21281,0.2777777777777778,0.211323,-0.007036621664466188,0.2128173976986337,0.2127666934947446,0.2127801749663501,0.2128539222669611,0.2130563801641387,0.2127666934947446,0.00020349845052105653,0.206023,0.03189229829425303
AMD_RUB,2025-10-11,0.212161,0.30000000000000004,0.21281,0.0030496687185753053,0.2120319832173519,0.2119670837210741,0.2120726833474551,0.2121837054710107,0.2123436091010924,0.2119670837210741,0.000914005302227547,0.206023,0.028930859111712223
AMD_RUB,2025-10-14,0.211346,0.3111111111111111,0.212161,0.003841422316071203,0.2112337603246473,0.2110595324321928,0.2112518284217061,0.2113482514735976,0.2115143231037138,0.2110595324321928,0.0013554435277090772,0.206023,0.02518618757866245
AMD_RUB,2025-10-15,0.208895,0.5111111111111111,0.211346,0.011597096703983083,0.208489351311505,0.2085360561270877,0.2088139391134911,0.2088660714211682,0.2090752785018937,0.208489351311505,0.0019418784006079211,0.206023,0.013748533952464089
AMD_RUB,2025-10-16,0.206023,0.6666666666666667,0.208895,0.013748533952464089,0.2056182994796009,0.2056681479789263,0.2058969379462731,0.2059335074344506,0.2062043038340071,0.2056182994796009,0.0019643463127860506,0.206766,0.0
AMD_RUB,2025-10-17,0.206766,0.6444444444444444,0.206023,-0.003606393460924235,0.2068852510769836,0.2067746144027387,0.2067698513363388,0.2067177660770262,0.2069717896510213,0.2067177660770262,0.0002332778260149982,0.211672,0.0
AMD_RUB,2025-10-18,0.211672,0.3111111111111111,0.206023,-0.02741926872242413,0.2120821694818045,0.2122741811431451,0.2124387173595819,0.212069195262674,0.2120853633247525,0.212069195262674,0.0,0.211386,0.0013511470577119717
AMD_RUB,2025-10-21,0.212418,0.30000000000000004,0.206023,-0.031040223664348075,0.2124953061670681,0.2126865844167496,0.2125803562842256,0.2128263435494234,0.2127947143059542,0.2124953061670681,0.0,0.206388,0.028387424794508977
AMD_RUB,2025-10-22,0.212657,0.30000000000000004,0.206023,-0.0322002883173238,0.2128006531143469,0.2129781563410281,0.2129339815449851,0.2131232078722259,0.2130164010134212,0.2128006531143469,0.0,0.206388,0.029479396398895987
AMD_RUB,2025-10-23,0.213471,0.23333333333333328,0.206023,-0.03615130349524073,0.2136994712651044,0.2139652457479901,0.2138085784162892,0.2138844029489142,0.2138984787666035,0.2136994712651044,0.0,0.206388,0.03318015093385053
AMD_RUB,2025-10-24,0.212446,0.3222222222222222,0.206766,-0.027470667324414992,0.2122661869256104,0.2124516945054722,0.2125437704338941,0.2126973543988393,0.2126782318719612,0.2122661869256104,0.0008463942573153012,0.206388,0.02851548158120185
AMD_RUB,2025-10-25,0.211386,0.3666666666666667,0.211672,0.0013511470577119717,0.2112248850723827,0.2112312391857112,0.2113649988040538,0.2115004220532303,0.2115911707812938,0.2112248850723827,0.0007621835297383863,0.206388,0.023643949930458985
AMD_RUB,2025-10-28,0.206388,0.7222222222222222,0.211386,0.023643949930458985,0.2058689745915906,0.20602596069223,0.2061686687023299,0.2062607962479484,0.2065793816552569,0.2058689745915906,0.0025148041960259123,0.207703,0.0
AMD_RUB,2025-10-29,0.20852,0.6,0.206388,-0.01033005794910568,0.2087934422014415,0.2086820808369591,0.2086678868513243,0.2086410354983267,0.2087727143164517,0.2086410354983267,0.0,0.207703,0.003918089391904912
AMD_RUB,2025-10-30,0.207703,0.6666666666666667,0.206388,-0.006371494466732614,0.2074938845298054,0.2073789397300219,0.2075088105863665,0.2075774903533419,0.2078873896349153,0.2073789397300219,0.0015602098668681258,0.210346,0.0
AMD_RUB,2025-10-31,0.210346,0.4666666666666667,0.206388,-0.019177471558424024,0.2106776643542678,0.2108303942992374,0.2106309719971213,0.210690037692768,0.2106295189581141,0.2106295189581141,0.0,0.211384,0.0
AMD_RUB,2025-11-01,0.211618,0.3666666666666667,0.206388,-0.02534062057871588,0.2117207058518153,0.2118888784505823,0.2118060655179739,0.2119795523172059,0.2119672578476309,0.2117207058518153,0.0,0.211384,0.0011057660501470196
AMD_RUB,2025-11-02,0.211384,0.38888888888888884,0.206388,-0.024206833730643258,0.2113345723566971,0.2114674060271497,0.2114921117303134,0.2117052095795051,0.2117061186067134,0.2113345723566971,0.00023382868761543792,0.211738,0.0
AMD_RUB,2025-11-06,0.212219,0.34444444444444444,0.207703,-0.021742584363249412,0.2124673024654691,0.2127338653014349,0.2125031934823218,0.2125612520826928,0.2127187515741481,0.2124673024654691,0.0,0.211738,0.002266526559827261
AMD_RUB,2025-11-07,0.21276,0.30000000000000004,0.207703,-0.024347265085241935,0.2129381143204231,0.2131903017209866,0.213078921798501,0.2131254439942551,0.2131351809849162,0.2129381143204231,0.0,0.210843,0.009010152284263969
AMD_RUB,2025-11-08,0.212333,0.3555555555555555,0.210346,-0.009446340790887341,0.2123167782289557,0.2125220653535091,0.2124527003493871,0.2125775816618148,0.2126698047234927,0.2123167782289557,7.639778576243295e-05,0.210843,0.007017279461977137
AMD_RUB,2025-11-11,0.211738,0.38888888888888884,0.211384,-0.0016746773644174629,0.2117333064060904,0.2118287441740358,0.2117423465495524,0.2118920046977566,0.2119984465448159,0.2117333064060904,2.2166988965683954e-05,0.210843,0.004226921950712705
AMD_RUB,2025-11-12,0.212685,0.3111111111111111,0.211384,-0.0061546758505848335,0.2129673162638539,0.2131549014851917,0.2129377071283127,0.2129919845378287,0.213122509172166,0.2129377071283127,0.0,0.210843,0.008660695394597693
AMD_RUB,2025-11-13,0.212738,0.3111111111111111,0.211738,-0.004722817822025337,0.2127031433774703,0.2129224995775226,0.2128533365673285,0.2129929327842123,0.2130778880190942,0.2127031433774703,0.00016384765547162232,0.210843,0.008907670467899519
AMD_RUB,2025-11-14,0.210843,0.5111111111111111,0.211738,0.004226921950712705,0.2105372014349164,0.2106579376735388,0.2108148588470542,0.2109743747545366,0.2110510269784745,0.2105372014349164,0.0014503614778940482,0.211313,0.0
AMD_RUB,2025-11-15,0.212309,0.38888888888888884,0.210843,-0.006953040888243836,0.2125495990466424,0.2126000294512169,0.2125235104605267,0.212561276972852,0.212733479150938,0.2125235104605267,0.0,0.207082,0.024619775892684763
AMD_RUB,2025-11-18,0.212539,0.3555555555555555,0.210843,-0.00804389996347995,0.2124642926517973,0.2126464154238445,0.2127414353605033,0.2128097453578548,0.2128961999088626,0.2124642926517973,0.0003514994810491067,0.206814,0.02693623287961272
AMD_RUB,2025-11-19,0.21218,0.4222222222222223,0.210843,-0.006341211233002779,0.2121087196858863,0.2121902341690787,0.2123400829155075,0.2124305694958741,0.2125165620333659,0.2121087196858863,0.00033594266242677987,0.206814,0.025289848242058675
AMD_RUB,2025-11-20,0.212192,0.4222222222222223,0.210843,-0.00639812561953676,0.2121694565324773,0.2122663956192377,0.212187287039103,0.2123372258713569,0.2124075487584293,0.2121694565324773,0.00010624089278908242,0.206219,0.028149034836374504
AMD_RUB,2025-11-21,0.211313,0.5333333333333333,0.210843,-0.0022291468059171906,0.2110909665483952,0.2111348478438006,0.2113465433986361,0.2114216721770623,0.2114978341349192,0.2110909665483952,0.001050732570191099,0.205344,0.028247197285543257
AMD_RUB,2025-11-22,0.207082,0.8888888888888888,0.211313,0.020022431180287122,0.2066166503067996,0.2067008068851638,0.2069170616538029,0.207001817719133,0.207264018930382,0.2066166503067996,0.0022471759650785185,0.205092,0.009609719821133619
AMD_RUB,2025-11-25,0.206814,0.9111111111111111,0.207082,0.0012941733226450897,0.206889432312583,0.2066303565115771,0.2067488204592952,0.2066993524089551,0.2069834649971829,0.2066303565115771,0.0008879644918762588,0.203842,0.0143704004564488
AMD_RUB,2025-11-26,0.20708,0.9,0.206814,-0.0012861798524277297,0.2070783903762856,0.2069788451130206,0.2070173848099844,0.207048433553044,0.2072809119237681,0.2069788451130206,0.0004884821662130519,0.203187,0.018799497778636178
AMD_RUB,2025-11-27,0.206219,0.9555555555555556,0.206814,0.00287698124885155,0.2061254410349921,0.2059426190142008,0.2061850666369488,0.2062941805682082,0.2063592642522526,0.2059426190142008,0.001340230462756646,0.203187,0.014702815938395621
AMD_RUB,2025-11-28,0.205344,0.9888888888888889,0.206219,0.004243061987498798,0.2052141079469008,0.2050450542938779,0.2052553304294469,0.2054026869479946,0.2054969365553132,0.2050450542938779,0.0014558287854629312,0.201949,0.016533232039894076
AMD_RUB,2025-11-29,0.205092,1.0,0.205344,0.0012272089761570936,0.205090939602982,0.204959845979591,0.2050621327813543,0.2051719022385807,0.2052872706506155,0.204959845979591,0.0006443645798422331,0.199459,0.027465722700056556
AMD_RUB,2025-12-02,0.203842,1.0,0.205092,0.006094825736742541,0.203587036333638,0.2035569483271997,0.2037754174202022,0.2039025752566202,0.2040080686374591,0.2035569483271997,0.0013983951923563155,0.199459,0.021501947586856477
AMD_RUB,2025-12-03,0.203187,1.0,0.203842,0.0032132730251861192,0.2031151541099238,0.2029377098778766,0.2031105257629605,0.2032473806117821,0.2033509728487839,0.2029377098778766,0.001226899959758291,0.199459,0.01834763050785734
AMD_RUB,2025-12-04,0.204501,0.9777777777777777,0.203187,-0.006466949165054761,0.2046501159137753,0.2045328104438249,0.2045812959364026,0.2046684729477365,0.2047274901486023,0.2045328104438249,0.0,0.199459,0.024655136160703327
AMD_RUB,2025-12-05,0.201949,1.0,0.203187,0.006092909487319645,0.2015683088142049,0.2015822521792615,0.201880804287037,0.2020199172516801,0.2021135264237312,0.2015683088142049,0.0018850857681646856,0.199459,0.01232984565410075
AMD_RUB,2025-12-06,0.199459,1.0,0.201949,0.01232984565410075,0.1991733430277975,0.199100486326954,0.1993457846398354,0.1994664146113903,0.1996075535120881,0.199100486326954,0.0017974304145011496,0.201248,0.0
AMD_RUB,2025-12-09,0.202525,0.9777777777777777,0.199459,-0.015371580124236124,0.2028078816781679,0.202775258102711,0.2029184357358021,0.2026054591231013,0.2027810974776996,0.2026054591231013,0.0,0.201248,0.006305394395753612
AMD_RUB,2025-12-10,0.201248,0.9888888888888889,0.199459,-0.008969261853313277,0.2009792516178195,0.2009149571736338,0.2011561080459282,0.2012925325385153,0.2014169351885326,0.2009149571736338,0.0016548876330010895,0.204022,0.0
AMD_RUB,2025-12-11,0.204022,0.9333333333333333,0.199459,-0.022876881965717324,0.2043705565742504,0.2045971744342415,0.2048239607942224,0.204402832083439,0.2044143022168081,0.2043705565742504,0.0,0.207783,0.0
AMD_RUB,2025-12-12,0.207783,0.7666666666666666,0.199459,-0.04173288746058086,0.2081836089494076,0.2084116576906891,0.2086728494318436,0.2082685186770203,0.2083131298277706,0.2081836089494076,0.0,0.208063,0.0
AMD_RUB,2025-12-13,0.208842,0.7111111111111111,0.199459,-0.04704224928431408,0.2090626952259163,0.2095679043807254,0.2090584570206619,0.2093328273855728,0.2090559358707538,0.2090559358707538,0.0,0.208063,0.00373009260589346
AMD_RUB,2025-12-16,0.208146,0.7333333333333334,0.201248,-0.03427611702973439,0.2080928511651723,0.2081647061061968,0.2082944206972058,0.2085607323233201,0.2083950264779129,0.2080928511651723,0.0002553440125090553,0.207902,0.0011722540908784902
AMD_RUB,2025-12-17,0.208063,0.7555555555555555,0.201248,-0.03386369057083791,0.2082270683152215,0.2082483158251411,0.2082805295453053,0.2083584392778268,0.2082814552350912,0.2082270683152215,0.0,0.205963,0.010093096802410764
AMD_RUB,2025-12-18,0.210658,0.5666666666666667,0.204022,-0.032525904069169026,0.2109408390452821,0.2110316240164952,0.2110371914305094,0.2111408551628086,0.2110107864941897,0.2109408390452821,0.0,0.205623,0.02390129973701455
AMD_RUB,2025-12-19,0.209777,0.6666666666666667,0.207783,-0.009596550247132806,0.2097447967950422,0.2098502156632785,0.2099625827666698,0.2101399502621919,0.2100950994883133,0.2097447967950422,0.00015351160974645168,0.204148,0.026833256267369612
AMD_RUB,2025-12-20,0.211608,0.4666666666666667,0.208063,-0.017038108649783924,0.2118960852896043,0.2120218013640387,0.2119876908533438,0.2121004015446715,0.2120634373768792,0.2118960852896043,0.0,0.203666,0.037531662319004844
AMD_RUB,2025-12-23,0.207902,0.7888888888888889,0.208063,0.0007738040881848021,0.2074688308933727,0.2075498091896887,0.2078979583457254,0.2079358647220363,0.2081039193223682,0.2074688308933727,0.0020835254428880016,0.203027,0.023448547873517283
AMD_RUB,2025-12-24,0.205963,0.8888888888888888,0.207902,0.009326509605487183,0.2057959002932649,0.2057368979971884,0.2058648672056506,0.2058683110260822,0.2061131455010607,0.2057368979971884,0.0010977797119464071,0.203027,0.014254987546306832
AMD_RUB,2025-12-25,0.205623,0.8888888888888888,0.205963,0.001650781936561455,0.2055930254860463,0.2054874983716572,0.2055488445729071,0.2054945494024527,0.2057857713567324,0.2054874983716572,0.0006589808938825158,0.203027,0.01262504680896586
AMD_RUB,2025-12-26,0.204148,0.9222222222222223,0.205623,0.00717332205054884,0.2037953248432484,0.2037985522555578,0.2039993937673113,0.2040948449179128,0.2043111732744813,0.2037953248432484,0.001727546469970847,0.203027,0.005491114289632929
AMD_RUB,2025-12-27,0.203666,0.9444444444444444,0.204148,0.002361032192330968,0.2035774274892165,0.2034358372064103,0.2036085793805143,0.2036231202280575,0.2038454321257247,0.2034358372064103,0.0011300992487194717,0.203027,0.0031374898117506145
AMD_RUB,2025-12-30,0.203027,0.9555555555555556,0.203666,0.0031374898117506145,0.2029552946155417,0.2027994187166289,0.2029133264369526,0.2030060712781746,0.2031764389686028,0.2027994187166289,0.0011209409751959532,0.205126,0.0
AMD_RUB,2025-12-31,0.205126,0.8666666666666667,0.203027,-0.010338526402892175,0.2053215538457582,0.2053032947021192,0.2053726907318536,0.2053263208651855,0.2054824898707683,0.2053032947021192,0.0,0.20483,0.0014430155124167132
AMD_RUB,2026-01-13,0.20672,0.7888888888888889,0.203027,-0.018189698907041793,0.2068127115882173,0.2069716703879551,0.2069509047391991,0.2070841730465679,0.2071137311556657,0.2068127115882173,0.0,0.20483,0.00914280185758502
AMD_RUB,2026-01-14,0.207055,0.7555555555555555,0.203027,-0.019839725750762094,0.2071176770613885,0.2073450963318942,0.2073691324630183,0.2075388175869559,0.2075079259750109,0.2071176770613885,0.0,0.20483,0.010745937069860554
AMD_RUB,2026-01-15,0.206587,0.7888888888888889,0.203027,-0.01753461362281854,0.2065277865099884,0.2066364959871462,0.2067603634017785,0.2068626381326649,0.2069496461425945,0.2065277865099884,0.0002866273773838105,0.204452,0.010334628994079966
AMD_RUB,2026-01-16,0.206969,0.7444444444444445,0.203027,-0.019416136769986124,0.2070159663225183,0.2071772857828595,0.2071037672428294,0.2072889945454692,0.207282310682234,0.2070159663225183,0.0,0.200586,0.030840367398016127
AMD_RUB,2026-01-17,0.20483,0.8777777777777778,0.205126,0.0014430155124167132,0.2044719117414383,0.2044539869333567,0.2047162532366946,0.2048151041800332,0.2050026257699103,0.2044539869333567,0.0018357323958566145,0.200292,0.022154957769858
AMD_RUB,2026-01-20,0.205227,0.8444444444444444,0.20483,-0.001938192647561298,0.2052223072155538,0.2052992233635331,0.205232988188541,0.205296997505295,0.2054695361745027,0.2052223072155538,2.2866311188113768e-05,0.200292,0.0240465435834466
AMD_RUB,2026-01-21,0.205229,0.8333333333333334,0.20483,-0.0019479568422593502,0.2052525717030603,0.2050660484088068,0.2051756374727754,0.2052695065966611,0.2053882989249384,0.2050660484088068,0.0007939988558790425,0.200292,0.02405605445624155
AMD_RUB,2026-01-22,0.204452,0.8888888888888888,0.20483,0.0018454327979300746,0.2043134340603001,0.2041837442815586,0.2044073802058395,0.2045390088132966,0.2046243072006527,0.2041837442815586,0.001312071872328883,0.200292,0.020347074129869098
AMD_RUB,2026-01-23,0.200586,0.9888888888888889,0.204452,0.018909083794729366,0.2001322378945047,0.2002930130361587,0.2004784421074184,0.2005183280220667,0.2007418039324047,0.2001322378945047,0.0022621823332399853,0.200292,0.0014657054829349443
AMD_RUB,2026-01-24,0.200292,0.9888888888888889,0.200586,0.0014657054829349443,0.2003105530355961,0.2000992196024604,0.2002455416664293,0.2001970123862428,0.2004425788327042,0.2000992196024604,0.0009624967424539577,0.200012,0.0013979589798893738
AMD_RUB,2026-01-27,0.200628,0.9666666666666667,0.200292,-0.0016775507758672486,0.2006907570575247,0.2005808523852452,0.2005506780432579,0.2006730195919382,0.200900870160994,0.2005506780432579,0.0003853996288757976,0.200012,0.0030703590725123385
AMD_RUB,2026-01-28,0.202059,0.9333333333333333,0.200292,-0.008822119705230318,0.2021737268238919,0.2020936300523459,0.2021545182023026,0.2023364195393123,0.2023194229960765,0.2020936300523459,0.0,0.200012,0.01013070439822029
AMD_RUB,2026-01-29,0.201304,0.9444444444444444,0.200292,-0.005052623170171614,0.2012090955079825,0.2011237270513201,0.2012549238811925,0.2014624703921097,0.2014706191973634,0.2011237270513201,0.0008955259144374751,0.200012,0.006418153638278501
AMD_RUB,2026-01-30,0.200541,0.9777777777777777,0.200292,-0.0012431849499730354,0.2005342725344918,0.2003971104009053,0.2005600525175363,0.2007499230270922,0.2007384655735277,0.2003971104009053,0.0007175071386634088,0.200012,0.00263786457632106
AMD_RUB,2026-01-31,0.200012,0.9888888888888889,0.200292,0.0013979589798893738,0.1999594779444553,0.1997931841907004,0.1999628678480886,0.2001368633025002,0.2001988797754355,0.1997931841907004,0.001094013405693573,0.202514,0.0
AMD_RUB,2026-02-03,0.203209,0.8555555555555556,0.200012,-0.015984040957542574,0.2035871258596792,0.203734261970508,0.2037280362531588,0.2035683953470673,0.203603589408985,0.2035683953470673,0.0,0.202514,0.0034201241086762946
AMD_RUB,2026-02-04,0.203419,0.8444444444444444,0.200012,-0.017033977961322288,0.2033648158084123,0.2034917900247409,0.2036340240313699,0.2037911170810975,0.2036999424905709,0.2033648158084123,0.00026636740711376554,0.202514,0.004448945280430978
AMD_RUB,2026-02-05,0.203326,0.8444444444444444,0.200012,-0.01656900585964848,0.2033795745432668,0.203359403540896,0.2035310066628664,0.2037194168253613,0.2035933959041385,0.203359403540896,0.0,0.202514,0.0039935866539449315
AMD_RUB,2026-02-06,0.202514,0.8888888888888888,0.200012,-0.01250924944503332,0.2023285937769368,0.2023268978754116,0.202457700045623,0.2026786139910251,0.20270006011368,0.2023268978754116,0.0009238972347017475,0.204008,0.0
AMD_RUB,2026-02-07,0.204008,0.7888888888888889,0.200012,-0.019978801271923682,0.2042409172932291,0.2043257136808007,0.2043077773767355,0.2043308242152581,0.2044066770464075,0.2042409172932291,0.0,0.204322,0.0
AMD_RUB,2026-02-10,0.20544,0.6666666666666667,0.202514,-0.01444838381543998,0.2056528315955324,0.2058064115088519,0.205803296820313,0.2058372597389848,0.2059180450693236,0.2056528315955324,0.0,0.202876,0.012480529595015628
AMD_RUB,2026-02-11,0.204322,0.7555555555555555,0.202514,-0.00892777783264369,0.2042295083238871,0.2042964305265966,0.204497180307126,0.2046940170243037,0.2046460975953501,0.2042295083238871,0.00045267605110030124,0.202876,0.007077064633274942
AMD_RUB,2026-02-12,0.205199,0.6888888888888889,0.202514,-0.013258342633101874,0.2054314868875423,0.2056156511675402,0.2055254316890782,0.2055782269996426,0.2056474785724495,0.2054314868875423,0.0,0.201627,0.017407492239240895
AMD_RUB,2026-02-13,0.204434,0.7444444444444445,0.202514,-0.009480826016966754,0.2043638791915255,0.2043696433844934,0.2044923106189736,0.2046727490395863,0.2046629901992667,0.2043638791915255,0.00034299973817719366,0.201627,0.013730592758543119
AMD_RUB,2026-02-14,0.204792,0.7111111111111111,0.204008,-0.0038429865495471106,0.2048292000720233,0.2050817407692745,0.2049662512107753,0.2050621620327211,0.2051667892716897,0.2048292000720233,0.0,0.201627,0.015454705261924299
AMD_RUB,2026-02-17,0.202876,0.8666666666666667,0.204322,0.007077064633274942,0.2025787894392993,0.2025841980345656,0.2028095353415039,0.2029052574005346,0.2030469789859704,0.2025787894392993,0.0014649863005022786,0.201627,0.0061564699619472
AMD_RUB,2026-02-18,0.203643,0.8,0.202876,-0.0037806344762317374,0.203695176230084,0.2037736119736051,0.2037324629647353,0.2037717439460772,0.2038915154478138,0.203695176230084,0.0,0.201627,0.009899677376585446
AMD_RUB,2026-02-19,0.201627,0.9111111111111111,0.202876,0.0061564699619472,0.2013006660944756,0.2012741711525004,0.2015104629713113,0.2016102426523842,0.2017969263589792,0.2012741711525004,0.0017499087299796046,0.202822,0.0
AMD_RUB,2026-02-20,0.203323,0.8111111111111111,0.201627,-0.00841157186289536,0.2034791193549273,0.2034733721581882,0.2034771273007886,0.2035204450095634,0.2035030704200603,0.2034733721581882,0.0,0.202822,0.0024640596489329857
AMD_RUB,2026-02-21,0.203683,0.7555555555555555,0.201627,-0.0101970470224722,0.2036798626069731,0.2037583333856066,0.2038548665838483,0.2038800279454996,0.2038930384790638,0.2036798626069731,1.540331312334838e-05,0.202822,0.004227156905583679
AMD_RUB,2026-02-25,0.202822,0.8555555555555556,0.201627,-0.005926785599150915,0.2028322716503983,0.2027521702152005,0.202941478817987,0.2030730870671405,0.2030815273970125,0.2027521702152005,0.00034429097829375826,0.202875,0.0
AMD_RUB,2026-02-26,0.202875,0.8444444444444444,0.201627,-0.006189647219866382,0.2028683041048957,0.2028763151503256,0.2029305476862799,0.2030811345867009,0.2030821531664755,0.2028683041048957,3.300502824052862e-05,0.204545,0.0
AMD_RUB,2026-02-27,0.204545,0.6333333333333333,0.201627,-0.014472268099014536,0.2047931278582888,0.2049095348737716,0.2049116782041943,0.2049441624167168,0.2050639052877468,0.2047931278582888,0.0,0.204769,0.0
AMD_RUB,2026-02-28,0.20497,0.6,0.202822,-0.010590567098243834,0.2050481066435951,0.2052729132848794,0.2053614038123543,0.2053768833674016,0.2053693466384552,0.2050481066435951,0.0,0.204769,0.0009806313118993352
AMD_RUB,2026-03-03,0.204769,0.6222222222222222,0.202822,-0.00959955034463719,0.2047154117638543,0.2047295468139435,0.2049538767666314,0.2050932065495738,0.2051037060482239,0.2047154117638543,0.0002617009222377772,0.205866,0.0
AMD_RUB,2026-03-04,0.205866,0.48888888888888893,0.202822,-0.015008233820788627,0.20600756381792,0.2061756016729303,0.2061699581066565,0.2062654673275778,0.2062603634339601,0.20600756381792,0.0,0.205899,0.0
AMD_RUB,2026-03-05,0.205899,0.47777777777777775,0.202875,-0.014905730129390013,0.2059894779110113,0.2061262898111258,0.2061804466373615,0.2062349851558112,0.2061736501987377,0.2059894779110113,0.0,0.207076,0.0
AMD_RUB,2026-03-06,0.207076,0.3666666666666667,0.204545,-0.01237380527512286,0.2073342209652097,0.2075675910493635,0.2074725625340953,0.2075429134814875,0.2075285809037498,0.2073342209652097,0.0,0.208631,0.0
AMD_RUB,2026-03-07,0.209774,0.2666666666666667,0.204769,-0.024442176305983724,0.2101554481758865,0.2102013638673043,0.2101756028152229,0.2103178596832684,0.2102814122050432,0.2101554481758865,0.0,0.208631,0.0054487210045095075
AMD_RUB,2026-03-11,0.208631,0.2777777777777778,0.204769,-0.01886027670203988,0.2085403876134473,0.2087594549777114,0.2088773447468012,0.2091156796441542,0.208994547631448,0.2085403876134473,0.0004343189006078875,0.209483,0.0
AMD_RUB,2026-03-12,0.209579,0.25555555555555554,0.205866,-0.018036004002603606,0.209883940255643,0.2100774867038132,0.210019524479145,0.210115030286702,0.2100698342706232,0.209883940255643,0.0,0.209483,0.00045806116070782373
AMD_RUB,2026-03-13,0.209483,0.25555555555555554,0.205899,-0.017406592552659333,0.2095093202140943,0.2096724307527985,0.2097033020283148,0.2098562876926451,0.2098132608331351,0.2095093202140943,0.0,0.212495,0.0
AMD_RUB,2026-03-14,0.212495,0.0444444444444444,0.207076,-0.026169135969402436,0.2129709783147638,0.2129664026104997,0.213076892372238,0.2130995175187362,0.2129529086725024,0.2129529086725024,0.0,0.214758,0.0
AMD_RUB,2026-03-17,0.214758,0.0,0.208631,-0.029367639516658564,0.2151590793663572,0.2153081694448099,0.2154718277833715,0.2154583456974898,0.215270427476921,0.2151590793663572,0.0,0.21696,0.0
AMD_RUB,2026-03-18,0.217004,0.0,0.208631,-0.040133057886891164,0.2175049054220288,0.2176378097780593,0.2176469166232865,0.2176806414149167,0.217560763423762,0.2175049054220288,0.0,0.214567,0.011230207738106186
AMD_RUB,2026-03-19,0.220265,0.0,0.209483,-0.05146957032312878,0.2208813331799456,0.221045168433188,0.2210216009931124,0.2208309295445446,0.2207675594781829,0.2207675594781829,0.0,0.213996,0.0284611717703675
AMD_RUB,2026-03-20,0.224736,0.0,0.209483,-0.07281259099783748,0.225490742838838,0.2255320467737759,0.2254198994035721,0.2252199176571651,0.2251513457847451,0.2251513457847451,0.0,0.213996,0.047789406236651004
AMD_RUB,2026-03-21,0.222512,0.011111111111111072,0.212495,-0.04713993270429892,0.2225070648852246,0.2225446603506845,0.222787517145661,0.2232306220721125,0.2227971663105989,0.2225070648852246,2.2179094949463848e-05,0.213996,0.0382720931904796
AMD_RUB,2026-03-24,0.21696,0.0444444444444444,0.214758,-0.01025340150308711,0.2166517382015321,0.2164814660394882,0.2170274399054055,0.2170184088024419,0.2171029104143704,0.2164814660394882,0.002205632192624375,0.213996,0.013661504424778736
AMD_RUB,2026-03-25,0.214567,0.06666666666666665,0.21696,0.011029682890855359,0.2143275201910151,0.21431942189008,0.2143532168361686,0.2144727191109449,0.2146854077794057,0.21431942189008,0.001153849892667632,0.213996,0.0026611734330070137
AMD_RUB,2026-03-26,0.213996,0.07777777777777772,0.214567,0.0026611734330070137,0.2140535062929459,0.2139508637051879,0.2137983771483357,0.2139490354767925,0.2141251904820161,0.2137983771483357,0.0009234885309272278,0.213725,0.0012663788108188633
AMD_RUB,2026-03-27,0.217647,0.033333333333333326,0.213996,-0.017061066561991887,0.2180702519436716,0.2181943485052278,0.2178812321970992,0.2179208960271365,0.217902304570894,0.2178812321970992,0.0,0.213108,0.02085487050131642
AMD_RUB,2026-03-28,0.215134,0.06666666666666665,0.213996,-0.005317856408531002,0.2147570763511492,0.2149419650945391,0.214990974460715,0.215304763233221,0.2152879514137501,0.2147570763511492,0.0017520412805543516,0.211495,0.016915038998949507
AMD_RUB,2026-03-31,0.21533,0.06666666666666665,0.213996,-0.006233761378717368,0.215482097673919,0.2156775868326221,0.2155026926413778,0.2155739816568555,0.2156042806985905,0.215482097673919,0.0,0.209037,0.029224910602331275
AMD_RUB,2026-04-01,0.215427,0.06666666666666665,0.213996,-0.006687040879268844,0.2154941799030012,0.2155950399651939,0.215482621808785,0.215591622230433,0.2156813137715686,0.215482621808785,0.0,0.209037,0.029662020081048367
AMD_RUB,2026-04-02,0.213725,0.1333333333333333,0.213996,0.0012663788108188633,0.2134635780187292,0.2135457045186092,0.2136436009618152,0.2138143334200949,0.2140049269186859,0.2134635780187292,0.0012231698737667494,0.208079,0.026417124809919347
AMD_RUB,2026-04-03,0.213108,0.1444444444444445,0.213725,0.0028868873552462576,0.2129811691723881,0.2129766921837418,0.2130624602925481,0.2131280594249171,0.2133218602352077,0.2129766921837418,0.0006161562037004575,0.206979,0.028760065318993167
AMD_RUB,2026-04-04,0.211495,0.2222222222222222,0.213108,0.007568932184620021,0.21116643157007,0.2111478608122223,0.2113297143659831,0.21141628973982,0.2117066764248565,0.2111478608122223,0.0016413588395833407,0.204861,0.0313671718007518
AMD_RUB,2026-04-07,0.209037,0.28888888888888886,0.211495,0.011622024161327635,0.2085818857509038,0.2086509387198556,0.208864317601409,0.2089595174108754,0.2092544813965418,0.2085818857509038,0.0021771947028334437,0.203227,0.027794122571602204
AMD_RUB,2026-04-08,0.209179,0.2777777777777778,0.209037,-0.0006793055774815139,0.2092468704534424,0.2090987323493599,0.2090854226015251,0.2090976462941896,0.2093770369553927,0.2090854226015251,0.0004473556068004117,0.202173,0.03349284584016566
AMD_RUB,2026-04-09,0.208079,0.3222222222222222,0.209037,0.004582920726952713,0.2078244660097215,0.2078454368182461,0.2078815434002167,0.2080554393359645,0.2082585742856246,0.2078244660097215,0.0012232565048779518,0.200904,0.034482095742482365
AMD_RUB,2026-04-10,0.206979,0.4,0.208079,0.005286453702680184,0.2067179952205956,0.2067416505008429,0.2068277053796452,0.2069611007081042,0.2071331616387156,0.2067179952205956,0.0012610205837518952,0.200904,0.029350803704723653
AMD_RUB,2026-04-11,0.204861,0.5888888888888889,0.206979,0.01023292218051111,0.2044570555374193,0.2045151035098888,0.2046788314330711,0.2047164372425988,0.2050412812537363,0.2044570555374193,0.001971797768148576,0.200904,0.01931553589995162
AMD_RUB,2026-04-14,0.203227,0.7888888888888889,0.204861,0.007976139919262312,0.2029604130239827,0.2029045814347486,0.2030477793464478,0.2030937137158374,0.2033866061009232,0.2029045814347486,0.0015864947337282558,0.200904,0.01143056778872882
AMD_RUB,2026-04-15,0.202173,0.8777777777777778,0.203227,0.0051863187470168794,0.2020252266558158,0.2019216271286,0.2019695233860699,0.2020349998043336,0.20233959277276,0.2019216271286,0.0012433553016474982,0.200192,0.009798538875121717
AMD_RUB,2026-04-16,0.200904,0.9333333333333333,0.202173,0.006276802540398532,0.200645283391215,0.2005736202586882,0.2007561412640133,0.2007988504084916,0.2010577167136619,0.2005736202586882,0.0016444657214978759,0.200192,0.003543981204953562
AMD_RUB,2026-04-17,0.203352,0.7333333333333334,0.200904,-0.012184924142874237,0.2035602106978895,0.2035368237462519,0.2034713621625435,0.2034810947798341,0.2036356091744917,0.2034713621625435,0.0,0.200192,0.015539557024273162
AMD_RUB,2026-04-18,0.203455,0.7111111111111111,0.200904,-0.012697606817186307,0.2033737303740809,0.203368407186775,0.2034962757846498,0.2036166183371397,0.2036504113278831,0.203368407186775,0.0004256116252978978,0.200192,0.01603794450861364
AMD_RUB,2026-04-21,0.201789,0.8888888888888888,0.200904,-0.004405088997730244,0.2014671617888712,0.2014289612850096,0.2017734810252099,0.2018828341345781,0.2018831336347904,0.2014289612850096,0.0017842336053521608,0.200192,0.007914207414675663
AMD_RUB,2026-04-22,0.200192,0.9777777777777777,0.200904,0.003543981204953562,0.1999632449024496,0.1998434763587086,0.2000476932414324,0.2001271052967254,0.200341099437438,0.1998434763587086,0.0017409468974354536,0.201117,0.0
AMD_RUB,2026-04-23,0.201406,0.8888888888888888,0.200192,-0.006064178388746767,0.2015583834255974,0.201499184170663,0.2014310194775764,0.201523502384321,0.2016423844296055,0.2014310194775764,0.0,0.201117,0.0014349125646704243
AMD_RUB,2026-04-24,0.201261,0.9,0.200192,-0.005339873721227554,0.2010959019522109,0.200980551805034,0.2012536926546624,0.2013318284439286,0.2013625072194486,0.200980551805034,0.001393455239544692,0.201117,0.000715488842845883
AMD_RUB,2026-04-25,0.203123,0.7555555555555555,0.200192,-0.014640944693094574,0.2033218225382937,0.203246316073326,0.2033728858875178,0.2033952502376192,0.2034436232007672,0.203246316073326,0.0,0.201117,0.00987578954623557
AMD_RUB,2026-04-28,0.201335,0.8888888888888888,0.200192,-0.00570951886189247,0.2010383310560344,0.2010368402227806,0.2013118201776731,0.2014290610780503,0.2015119674879925,0.2010368402227806,0.001480913786571596,0.201117,0.0010827724936051655
AMD_RUB,2026-04-29,0.201117,0.9222222222222223,0.200192,-0.004620564258311927,0.2011617212292904,0.2010659685325214,0.2011691138936986,0.2012919375935332,0.2013268782700235,0.2010659685325214,0.0002537401983849727,0.201731,0.0
AMD_RUB,2026-04-30,0.201731,0.8555555555555556,0.201117,-0.003052949278280819,0.2018062796922569,0.2018554414160119,0.2018087022450404,0.2019100148334785,0.2020942845676698,0.2018062796922569,0.0,0.201741,0.0
AMD_RUB,2026-05-01,0.201741,0.8444444444444444,0.201117,-0.0031026715792300675,0.2017838241559088,0.2017042396694687,0.2018864896180132,0.2019671719028548,0.201999144168782,0.2017042396694687,0.00018221546701609277,0.20134,0.0019876970967726564
AMD_RUB,2026-05-05,0.20346,0.6555555555555556,0.201117,-0.01164993511239732,0.2036418049389093,0.2037057448185208,0.2037049563496118,0.2038232880989528,0.203849753143585,0.2036418049389093,0.0,0.200173,0.016155509682492932
AMD_RUB,2026-05-06,0.203393,0.6777777777777778,0.201117,-0.011316795696037631,0.203399795847298,0.2034847144572587,0.2036099555848102,0.2037252931454245,0.2037156240062795,0.203399795847298,0.0,0.198958,0.0218050768708854
AMD_RUB,2026-05-07,0.20331,0.7111111111111111,0.201117,-0.010904100598159284,0.2033132047914002,0.2032979703679387,0.2034599556658693,0.2036133403520215,0.203564437776435,0.2032979703679387,5.916891476704998e-05,0.198326,0.02451428852491264
AMD_RUB,2026-05-08,0.202071,0.8111111111111111,0.201731,-0.0016854127526260564,0.2018609492261021,0.2018905664162401,0.2020326145490703,0.2021981284857841,0.2022789343730519,0.2018609492261021,0.001039489951046451,0.198326,0.018533089854556064
AMD_RUB,2026-05-09,0.20134,0.8777777777777778,0.201741,0.0019876970967726564,0.2013314144885414,0.2012066576144533,0.2012504743624477,0.2014257856302545,0.2015453138930577,0.2012066576144533,0.0006622746873283323,0.196581,0.023636634548524812
AMD_RUB,2026-05-13,0.200173,0.9888888888888889,0.20134,0.005796165689877826,0.1998738986185412,0.1997337153936294,0.2001162254345284,0.2002424662453789,0.2002604287990663,0.1997337153936294,0.0021945247679286263,0.193619,0.03274167844814224
AMD_RUB,2026-05-14,0.198958,1.0,0.200173,0.006069749666538414,0.1987044260759406,0.1985377601933585,0.1989040456932974,0.1990219160721359,0.1990040362558911,0.1985377601933585,0.0021122036140365933,0.192869,0.03060444918022891
AMD_RUB,2026-05-15,0.198326,1.0,0.198958,0.0031765498245860616,0.1983144587277297,0.1981183140571143,0.1982637041341275,0.1983499974665573,0.1984860499993007,0.1981183140571143,0.0010471947343550477,0.192438,0.02968849268376312
AMD_RUB,2026-05-16,0.198592,0.9888888888888889,0.198326,-0.0013412260621400547,0.1985171121387153,0.198530327658025,0.1984923067374612,0.1987085065111474,0.1988215167993366,0.1984923067374612,0.0005020003954780671,0.192438,0.030988156622623234
AMD_RUB,2026-05-19,0.196581,1.0,0.198326,0.008798644655768767,0.1962567497198575,0.196219756454099,0.1965248112577843,0.1965707356456683,0.1967411531520508,0.196219756454099,0.0018376320493893213,0.192438,0.021075281944847202
AMD_RUB,2026-05-20,0.193619,1.0,0.196581,0.01506758028497155,0.193253479200034,0.1933253553858468,0.1935459780749739,0.1936822312481506,0.1937800328111389,0.193253479200034,0.0018878353878804153,0.192438,0.006099607993017293
AMD_RUB,2026-05-21,0.192869,1.0,0.193619,0.0038735867864207576,0.1927745339373086,0.192698203137991,0.1928462070243584,0.1929048859061391,0.1930179707642411,0.192698203137991,0.0008855589130913758,0.192438,0.0022346774235362586
AMD_RUB,2026-05-22,0.192438,1.0,0.192869,0.0022346774235362586,0.1924794645681122,0.1922465375483565,0.1924083317303209,0.1924508770647601,0.1925932983560674,0.1922465375483565,0.0009949305835827836,0.19264,0.0
AMD_RUB,2026-05-23,0.193518,0.9777777777777777,0.192438,-0.0056121971751940765,0.1936178407637311,0.193582987500301,0.1935860466133933,0.1936603170978938,0.1937170421998158,0.193582987500301,0.0,0.19264,0.004537045649500253
AMD_RUB,2026-05-26,0.194413,0.9555555555555556,0.192438,-0.010263045760192917,0.1946161200109989,0.1946720349465208,0.1946737572196554,0.1948717384013516,0.194820219382424,0.1946161200109989,0.0,0.19264,0.009119760509842431
AMD_RUB,2026-05-27,0.194888,0.9444444444444444,0.192438,-0.012731373221505148,0.1947627886797312,0.1948191190216818,0.1950859264589279,0.1952672923377096,0.1951765490134931,0.1947627886797312,0.0006424783479167402,0.19264,0.011534830261483518
AMD_RUB,2026-05-28,0.19264,0.9888888888888889,0.192438,-0.0010496887309159716,0.1923399648398085,0.1923476323425226,0.1926486859868808,0.1927332924099082,0.1928425134123114,0.1923399648398085,0.0015574914877050613,0.192901,0.0
AMD_RUB,2026-05-29,0.193918,0.9444444444444444,0.192438,-0.0076907887215623165,0.1940788009880042,0.1940033623327263,0.1939910239972353,0.1941202846268293,0.1942389677497579,0.1939910239972353,0.0,0.192901,0.005244484782227631
AMD_RUB,2026-05-30,0.192901,0.9666666666666667,0.19264,-0.0013548588039866251,0.1926843983642165,0.1926258353167216,0.1928304968688362,0.1929923221043473,0.1931064815470307,0.1926258353167216,0.0014264554526850588,0.194253,0.0
AMD_RUB,2026-06-02,0.194253,0.9222222222222223,0.19264,-0.008373131229235897,0.1945282045544096,0.1945765004370465,0.1945553625707741,0.1947022063804718,0.1946713381806742,0.1945282045544096,0.0,0.19689,0.0
AMD_RUB,2026-06-03,0.19689,0.8777777777777778,0.19264,-0.022061877076411978,0.1970565725485666,0.1971675857017385,0.1973566903902127,0.1973178873312084,0.197226112495362,0.1970565725485666,0.0,0.194685,0.011199146731677649
AMD_RUB,2026-06-04,0.199022,0.8333333333333334,0.19264,-0.03312915282392026,0.1992747568875718,0.1993386544759859,0.1993679097765397,0.1994636243341624,0.1994131662489861,0.1992747568875718,0.0,0.194685,0.021791560731979416
AMD_RUB,2026-06-05,0.201567,0.6777777777777778,0.192901,-0.04492459862831197,0.2019614962354277,0.2022410980063847,0.2023096148974333,0.2020322025392145,0.201936616410772,0.201936616410772,0.0,0.194685,0.0341424935629344
AMD_RUB,2026-06-06,0.199351,0.8222222222222222,0.192901,-0.0334368406591983,0.1991067687765782,0.1992695466658353,0.199510533369178,0.199647127460375,0.1995558648197811,0.1991067687765782,0.001225131669376088,0.194685,0.023405952315263046
AMD_RUB,2026-06-09,0.198802,0.8444444444444444,0.194253,-0.02341791375165376,0.1988621309221224,0.1988748252840837,0.1988910560213774,0.199018882794748,0.1989870430710807,0.1988621309221224,0.0,0.194685,0.020709047192684224
AMD_RUB,2026-06-10,0.194685,0.9,0.19689,0.011199146731677649,0.1942512648633677,0.1943839960350206,0.194569130514942,0.1946420825361959,0.1948030930717084,0.1942512648633677,0.002227881637682961,0.194846,0.0
AMD_RUB,2026-06-11,0.194846,0.8888888888888888,0.194685,-0.0008269769114209851,0.1949510324762325,0.194804892874727,0.1948187884500593,0.19482553491611,0.1950310144324563,0.194804892874727,0.00021097238471920834,0.195179,0.0
AMD_RUB,2026-06-12,0.195179,0.8666666666666667,0.194685,-0.002537432262372522,0.1951619013293099,0.1950951024830247,0.1951258125524341,0.1951495685081157,0.1953779011173057,0.1950951024830247,0.00042984909736854557,0.195918,0.0
AMD_RUB,2026-06-16,0.196846,0.8444444444444444,0.194685,-0.011099982022241037,0.1969896077153712,0.1970622697562891,0.1970102215634378,0.1971425434577871,0.1971393575741533,0.1969896077153712,0.0,0.195918,0.004714345224185325
AMD_RUB,2026-06-17,0.195918,0.8555555555555556,0.194685,-0.006333307650820618,0.1957172308935433,0.1957694880675676,0.1958980818912375,0.1960574273095117,0.196105093713783,0.1957172308935433,0.001024760902299543,0.197652,0.0
AMD_RUB,2026-06-18,0.197652,0.8111111111111111,0.194685,-0.01524000308190152,0.19790438404296,0.1980133700425939,0.1979979238785174,0.1981044450402205,0.1980520407908597,0.19790438404296,0.0,0.199243,0.0
AMD_RUB,2026-06-19,0.199243,0.7444444444444445,0.194846,-0.022566539728811535,0.1994215376781151,0.1995991409707455,0.1996181174156048,0.1997041868251853,0.1996725191822859,0.1994215376781151,0.0,0.199481,0.0
AMD_RUB,2026-06-20,0.199481,0.7222222222222222,0.195179,-0.022041305673253783,0.1994389705019622,0.1995759732195767,0.1996866273951461,0.1999152630047153,0.1998520215238339,0.1994389705019622,0.00021069424174635393,0.20041,0.0
AMD_RUB,2026-06-23,0.20041,0.6888888888888889,0.195918,-0.022927959656591,0.2006280351607343,0.2007987670192001,0.2007513159856079,0.2008317944321176,0.2008137110252607,0.2006280351607343,0.0,0.202728,0.0
AMD_RUB,2026-06-24,0.202728,0.5333333333333333,0.195918,-0.03475944017395024,0.2030527300136204,0.2032302301520621,0.2031564361670344,0.2032376805841222,0.20314882617466,0.2030527300136204,0.0,0.203228,0.0
AMD_RUB,2026-06-25,0.203228,0.4666666666666667,0.197652,-0.028211199481917703,0.2032217658211555,0.2034730434244935,0.2034870324097557,0.203709566315177,0.2035812248023766,0.2032217658211555,3.0675787019941276e-05,0.205384,0.0
AMD_RUB,2026-06-26,0.205384,0.30000000000000004,0.199243,-0.030821659983035828,0.205700540287848,0.2058911085493776,0.2056334284018121,0.2058704837260543,0.2058135094899702,0.2056334284018121,0.0,0.209337,0.0
AMD_RUB,2026-06-27,0.209337,0.21111111111111114,0.199481,-0.04940821431615043,0.2098287950050157,0.2099868227299623,0.2099225939252792,0.2098070657951806,0.209840123152957,0.2098070657951806,0.0,0.209974,0.0
AMD_RUB,2026-06-30,0.211253,0.1777777777777778,0.20041,-0.05410408662242399,0.2115933308285718,0.2120818485980734,0.2115424821743675,0.2116232370510345,0.2115546423736244,0.2115424821743675,0.0,0.209974,0.006054351890860733
AMD_RUB,2026-07-01,0.212753,0.15555555555555556,0.202728,-0.04945049524486014,0.2130314885088311,0.2133232206055196,0.2129998071765745,0.2131034942902051,0.2131910744390078,0.2129998071765745,0.0,0.207162,0.02627930040939486
AMD_RUB,2026-07-02,0.212648,0.16666666666666663,0.203228,-0.04635188064636769,0.2126826749942479,0.2129744516220388,0.2128194642949817,0.2130920577766043,0.2130360365695098,0.2126826749942479,0.0,0.207162,0.025798502689891232
AMD_RUB,2026-07-03,0.211649,0.18888888888888888,0.205384,-0.03050383671561559,0.2114959771927676,0.2118044894077329,0.2116872742616982,0.2119979008369516,0.2119635471742088,0.2114959771927676,0.0007230027414842248,0.206826,0.02278772873956406
AMD_RUB,2026-07-04,0.209974,0.2222222222222222,0.209337,-0.003042940330662992,0.2096826246768054,0.2097705479674274,0.2099666885975302,0.2100358018975044,0.2102009810141844,0.2096826246768054,0.0013876733461980655,0.206826,0.014992332384009373
AMD_RUB,2026-07-07,0.212179,0.18888888888888888,0.209974,-0.01050130016097237,0.2124753622925843,0.2125746820854233,0.2124020209259119,0.2125099159312608,0.2125717078789463,0.2124020209259119,0.0,0.206826,0.02522869841030449
AMD_RUB,2026-07-08,0.207162,0.33333333333333337,0.209974,0.01339213426424215,0.2067437883704891,0.2067019306492892,0.2069059182213285,0.2070165625803489,0.2073246208719579,0.2067019306492892,0.0022208192173796405,0.206826,0.001621919077823167
AMD_RUB,2026-07-09,0.208017,0.33333333333333337,0.207162,-0.00412720479624639,0.208245672478979,0.2083216536664695,0.2080403887294116,0.2081936575619094,0.2081937382029998,0.2080403887294116,0.0,0.206826,0.0057254935894662335
AMD_RUB,2026-07-10,0.206826,0.37777777777777777,0.207162,0.001621919077823167,0.2064877695842639,0.2065311745723588,0.2067200253674207,0.2068085067197822,0.2069883571140632,0.2064877695842639,0.0016353379929801239,0.20868,0.0
AMD_RUB,2026-07-11,0.20868,0.3111111111111111,0.206826,-0.008964056743349455,0.2090332292080112,0.2090704256702393,0.2089802279581804,0.208983847208653,0.2089271249966995,0.2089271249966995,0.0,0.208954,0.0
AMD_RUB,2026-07-14,0.208954,0.3111111111111111,0.206826,-0.010288841828396773,0.2088906885949592,0.2091096087342952,0.2089867245054305,0.2092221782086767,0.2092230923912246,0.2088906885949592,0.00030299207022018733,0.211297,0.0
AMD_RUB,2026-07-15,0.211297,0.2222222222222222,0.206826,-0.021617204800170202,0.2116335421439856,0.2117925594255782,0.2117614343215768,0.2117860359601779,0.2118303112392709,0.2116335421439856,0.0,0.212272,0.0
AMD_RUB,2026-07-16,0.212272,0.18888888888888888,0.206826,-0.02633131231083122,0.2124491042382746,0.2127243101527845,0.2127586688895434,0.2128131611415347,0.2128169236037349,0.2124491042382746,0.0,0.213651,0.0
AMD_RUB,2026-07-17,0.213651,0.1444444444444445,0.206826,-0.032998752574627935,0.213889376517994,0.214144522935897,0.2140003207311497,0.2141849746761465,0.2141367384344961,0.213889376517994,0.0,0.213708,0.0
AMD_RUB,2026-07-18,0.213708,0.1444444444444445,0.20868,-0.0240943070730305,0.2138412622827928,0.2140646967398782,0.2140479361133256,0.2142275090351761,0.214115918332556,0.2138412622827928,0.0,0.213275,0.002026129110749325
AMD_RUB,2026-07-21,0.214019,0.12222222222222223,0.208954,-0.024239784833025385,0.2141283169934889,0.2144035154768946,0.2143014986983626,0.2145245858683781,0.2144666572499184,0.2141283169934889,0.0,0.212743,0.005962087478214548
AMD_RUB,2026-07-22,0.21423,0.12222222222222223,0.211297,-0.013880935365859387,0.2144492335968181,0.2146246995047752,0.2146190140478146,0.2147044583883233,0.2146434812316447,0.2144492335968181,0.0,0.212743,0.006941138029221006
AMD_RUB,2026-07-23,0.213894,0.15555555555555556,0.212272,-0.0076411396698576,0.2138882296824109,0.2141299829612395,0.2141066280296912,0.2142175592435197,0.214257847748949,0.2138882296824109,2.6977463552553845e-05,0.212743,0.005381170112298677
AMD_RUB,2026-07-24,0.21425,0.12222222222222223,0.213651,-0.002803637708225042,0.2143278169271724,0.2147193428873415,0.2144668684668928,0.2146069771586821,0.2147012581584625,0.2143278169271724,0.0,0.212743,0.007033838973162233
AMD_RUB,2026-07-25,0.213275,0.19999999999999996,0.213708,0.002026129110749325,0.2130070876009525,0.2131717351653678,0.2133114115649465,0.2133489540034575,0.2135124680400125,0.2130070876009525,0.0012561828580353934,0.212743,0.00249443207126951
AMD_RUB,2026-07-28,0.212743,0.2222222222222222,0.213275,0.00249443207126951,0.2127586090254837,0.2128258414881093,0.2127718343425019,0.2127909919131204,0.212974335914409,0.2127586090254837,0.0,0.214705,0.0
AMD_RUB,2026-07-29,0.214705,0.07777777777777772,0.212743,-0.009222395096430996,0.215005000251735,0.2151921305341837,0.2152055219413441,0.2150965125769831,0.2152517415796338,0.215005000251735,0.0,0.216704,0.0
AMD_RUB,2026-07-30,0.216704,0.033333333333333326,0.212743,-0.018618708958696738,0.2170218238805597,0.2173387539013941,0.2173829147944419,0.2172978345836197,0.217319981274265,0.2170218238805597,0.0,0.216995,0.0
AMD_RUB,2026-07-31,0.217814,0.0,0.212743,-0.023836271933741746,0.2182049342605653,0.2184385093058047,0.2185702192011701,0.2184984365805125,0.2184093866335751,0.2182049342605653,0.0,0.216995,0.0037600888831756185
AMD_RUB,2026-08-01,0.216995,0.022222222222222254,0.212743,-0.019986556549451716,0.2170407082311625,0.2173264789885108,0.2174469737806539,0.2175603693766612,0.2174091924428332,0.2170407082311625,0.0,0.218779,0.0
AMD_RUB,2026-08-04,0.218779,0.0,0.212743,-0.028372261367001564,0.219272746134561,0.2194484912152728,0.2194543671028349,0.219459518272781,0.2193675908553763,0.219272746134561,0.0,0.221034,0.0
AMD_RUB,2026-08-05,0.221054,0.0,0.214705,-0.029570806455368963,0.2216187832228731,0.2218679379930853,0.2219377582619792,0.2218545523276735,0.2217065256157132,0.2216187832228731,0.0,0.221034,9.047563038891966e-05
AMD_RUB,2026-08-06,0.221034,0.011111111111111072,0.216704,-0.019981172474896634,0.2212567106924668,0.2213124302647205,0.2215665281151906,0.2217729944130686,0.221537709513232,0.2212567106924668,0.0,0.222274,0.0
AMD_RUB,2026-08-07,0.222274,0.0,0.216995,-0.024327749487315403,0.222755281937538,0.2229622419228814,0.2231582543115668,0.2230817533618528,0.2229301269133652,0.222755281937538,0.0,0.224394,0.0
AMD_RUB,2026-08-08,0.224394,0.0,0.216995,-0.03409755985160956,0.2249041159817234,0.2251677643222435,0.225324430624117,0.225226345023668,0.2250375203684652,0.2249041159817234,0.0,0.225023,0.0
AMD_RUB,2026-08-11,0.225773,0.0,0.218779,-0.03196833334095137,0.2262345798124011,0.2264924835697321,0.2266486517716152,0.2266104601505771,0.2264080860723017,0.2262345798124011,0.0,0.225023,0.00332192069025083
AMD_RUB,2026-08-12,0.225023,0.011111111111111072,0.221034,-0.018046997294533837,0.2252028062597584,0.2253061858113446,0.2256999388104774,0.2257870093586333,0.2255113224081281,0.2252028062597584,0.0,0.226825,0.0
AMD_RUB,2026-08-13,0.226825,0.0,0.221034,-0.026199589203470916,0.2273328973178551,0.2275413285189791,0.227744015775043,0.2276182392386786,0.2274945609343606,0.2273328973178551,0.0,0.229065,0.0
AMD_RUB,2026-08-14,0.229065,0.0,0.222274,-0.03055238129515819,0.2295904213568396,0.229813952090711,0.2299875994379981,0.2299070766629999,0.2297411731530004,0.2295904213568396,0.0,0.228207,0.003745661711741199
AMD_RUB,2026-08-15,0.231111,0.0,0.224394,-0.02993395545335437,0.2316535674434881,0.2317176492971753,0.2319376053335193,0.2319242091637474,0.2317595152674304,0.2316535674434881,0.0,0.227082,0.017433181458260335
AMD_RUB,2026-08-18,0.232595,0.0,0.225023,-0.03364989356643541,0.2330858773471672,0.2333066195410023,0.2335183690672606,0.23343793467217,0.2332916252222391,0.2330858773471672,0.0,0.227082,0.023702143210301126
AMD_RUB,2026-08-19,0.233168,0.0,0.225023,-0.03619629993378448,0.2335364755650187,0.2337656479056364,0.2340159496854315,0.2340208221686841,0.2337551846918935,0.2335364755650187,0.0,0.227082,0.02610135181500026
AMD_RUB,2026-08-20,0.233257,0.0,0.226825,-0.028356662625371953,0.2335238669147255,0.2337396045390426,0.2339019518944499,0.2340295021074713,0.233747641341107,0.2335238669147255,0.0,0.227082,0.026472946149526
KGS_RUB,2025-07-12,0.890629,1.0,0.890828,0.0002233876797765104,0.8902932019877424,0.8905373457149666,0.8903465605642417,0.8905902768332338,0.8905843626660841,0.8902932019877424,0.0003770346712913931,0.891463,0.0
KGS_RUB,2025-07-15,0.896264,0.9333333333333333,0.890629,-0.006326989127908417,0.8972109591938634,0.896355457441863,0.8965952034972862,0.8962250318321786,0.8961526819306862,0.8961526819306862,0.0001242023213179915,0.891463,0.0053566806208884266
KGS_RUB,2025-07-16,0.891463,0.9777777777777777,0.890629,-0.000936416846969952,0.8902090371865276,0.8912687062327735,0.8912945620240718,0.891424240572208,0.8914430096943105,0.8902090371865276,0.001406634726816989,0.891464,0.0
KGS_RUB,2025-07-17,0.891464,0.9666666666666667,0.890629,-0.0009375396489447684,0.891257603355451,0.8913594101330801,0.8913042978375516,0.8914252405287296,0.8914612437538469,0.891257603355451,0.00023152549575644428,0.892947,0.0
KGS_RUB,2025-07-18,0.894061,0.9333333333333333,0.890629,-0.003853456377459066,0.8944808616025386,0.8940680463687298,0.8943646205832141,0.8940221276151998,0.894065550335919,0.8940221276151998,4.3478448115015987e-05,0.892947,0.0012459999932889908
KGS_RUB,2025-07-19,0.895516,0.9222222222222223,0.890629,-0.005487133250769933,0.8955586557742172,0.8955230578360307,0.8957315454383655,0.8954770643540578,0.8955371811860118,0.8954770643540578,4.347844811499831e-05,0.892947,0.0028687371303247875
KGS_RUB,2025-07-22,0.895682,0.9,0.891463,-0.004732669779901099,0.8955351279432544,0.8956348314468755,0.8956841921202864,0.8956430571366354,0.8957031851123256,0.8955351279432544,0.00016397790370418607,0.892947,0.0030535390908826257
KGS_RUB,2025-07-23,0.892947,0.9555555555555556,0.891463,-0.0016646792968413055,0.8925752510784012,0.8928551071704854,0.892845682928769,0.8929081760501911,0.8928858594070532,0.8925752510784012,0.00041631689405850276,0.897866,0.0
KGS_RUB,2025-07-24,0.897866,0.7777777777777778,0.891464,-0.007181445352812922,0.8987590794276417,0.8981407519828672,0.8982180661925684,0.8979620730459075,0.8979532899554646,0.8979532899554646,0.0,0.90332,0.0
KGS_RUB,2025-07-25,0.90332,0.6333333333333333,0.892947,-0.011616590906291151,0.9050418879640764,0.9036314233229958,0.9040398827106398,0.903416656632314,0.9036223547113792,0.903416656632314,0.0,0.911257,0.0
KGS_RUB,2025-07-26,0.911257,0.5333333333333333,0.892947,-0.02050513636307635,0.9122217213295648,0.9114855718997796,0.911832630726092,0.9111184798806928,0.9115160478833524,0.9111184798806928,0.0001520099371605931,0.911549,0.0
KGS_RUB,2025-07-29,0.911549,0.5111111111111111,0.892947,-0.020832143453082888,0.9121874626866529,0.9117127645461626,0.9118657500690952,0.9117202138025218,0.9117972967085572,0.9117127645461626,0.0,0.911076,0.000518896954524723
KGS_RUB,2025-07-30,0.94163,0.2777777777777778,0.892947,-0.054519473160221064,0.949859998454796,0.941984291353686,0.9420083188027156,0.9414868628828712,0.941203988803708,0.941203988803708,0.00045241888670914383,0.911076,0.032447989125240245
KGS_RUB,2025-07-31,0.935788,0.33333333333333337,0.897866,-0.042235701095709045,0.934462791907564,0.9354618023063452,0.9357474314381966,0.9359637665488462,0.9356919302839832,0.934462791907564,0.0014161413615433945,0.911076,0.02640769063078385
KGS_RUB,2025-08-01,0.918425,0.4444444444444444,0.90332,-0.016721649028029972,0.9150638041703572,0.9183104768326534,0.9182574623162028,0.9184852978687956,0.9179207555651828,0.9150638041703572,0.003659739041993514,0.907772,0.011599205161009362
KGS_RUB,2025-08-02,0.918569,0.43333333333333335,0.911257,-0.008024081022148511,0.9195781577233408,0.9186219437187628,0.9186974335493652,0.9186032949258106,0.9185332366910762,0.9185332366910762,3.8933720737083345e-05,0.907772,0.011754152382673426
KGS_RUB,2025-08-05,0.911076,0.5333333333333333,0.911549,0.000518896954524723,0.9102562623625756,0.9110538776272772,0.9109695045949296,0.911110015173414,0.9110092039275864,0.9102562623625756,0.0008997467142415979,0.907772,0.0036264812156175485
KGS_RUB,2025-08-06,0.915369,0.4666666666666667,0.911076,-0.004712010853101159,0.9163478726802012,0.9154130221026812,0.9156953213392932,0.9154031754532804,0.915141617540394,0.915141617540394,0.0002484052437934457,0.907772,0.008299385275227765
KGS_RUB,2025-08-07,0.916997,0.4555555555555556,0.911076,-0.006498908982346099,0.9170493012703153,0.9170008384683446,0.917256837183356,0.91703123623493,0.9168240184236036,0.9168240184236036,0.00018863919554408144,0.907772,0.010060011101453907
KGS_RUB,2025-08-08,0.907772,0.5666666666666667,0.911076,0.0036264812156175485,0.9062564817569496,0.907645519803289,0.9076817675465568,0.9078058918180268,0.9078094565688324,0.9062564817569496,0.0016694921665907371,0.911235,0.0
KGS_RUB,2025-08-09,0.912288,0.4555555555555556,0.907772,-0.004974817465178442,0.9136659729208622,0.9124528386838048,0.912712485044277,0.912322060423635,0.9122577761433368,0.9122577761433368,3.312973168909459e-05,0.911235,0.0011542407660738393
KGS_RUB,2025-08-12,0.911235,0.5111111111111111,0.907772,-0.0038148345619825174,0.9108898064258464,0.9112128737665044,0.9112987752596552,0.9112690211097054,0.9112548604212884,0.9108898064258464,0.0003788194858117115,0.911313,0.0
KGS_RUB,2025-08-13,0.914384,0.43333333333333335,0.907772,-0.007283767289583674,0.914939081774387,0.9144655049927164,0.9147903834994964,0.914418138678142,0.9143787922764572,0.9143787922764572,5.695335376311047e-06,0.911313,0.003358545206390242
KGS_RUB,2025-08-14,0.911313,0.48888888888888893,0.907772,-0.003900759221478539,0.9111646096707284,0.9112908718725404,0.9113339658992368,0.9113470240218484,0.9113302464646243,0.9111646096707284,0.00016283135352135677,0.912868,0.0
KGS_RUB,2025-08-15,0.912868,0.4222222222222223,0.907772,-0.005613744420405112,0.9135824791687198,0.9130217688525788,0.9131629285817744,0.912902082078031,0.912891686000024,0.912891686000024,0.0,0.915211,0.0
KGS_RUB,2025-08-16,0.915211,0.4,0.911235,-0.004363309135404126,0.915965628577868,0.9154066649129764,0.915588733355262,0.9152451695543242,0.9152347467933676,0.9152347467933676,0.0,0.916084,0.0
KGS_RUB,2025-08-19,0.919675,0.30000000000000004,0.911235,-0.009262155206944424,0.9209073930420304,0.9201074199228688,0.9201998372208364,0.9198477400872956,0.919766520380925,0.919766520380925,0.0,0.916084,0.0039046402261668643
KGS_RUB,2025-08-20,0.918772,0.3111111111111111,0.911313,-0.00818489366441606,0.9187195694551364,0.9189593478215272,0.9189084103240384,0.9188796939494732,0.9187958391899091,0.9187195694551364,5.7065893239662165e-05,0.916084,0.0029256442294715375
KGS_RUB,2025-08-21,0.916084,0.37777777777777777,0.911313,-0.005235303348026386,0.915855552643975,0.9161322988197982,0.9161393899402368,0.916044170089337,0.9160746384104588,0.915855552643975,0.00024937380854267487,0.917743,0.0
KGS_RUB,2025-08-22,0.917743,0.34444444444444444,0.912868,-0.005340312071405682,0.9185497842824256,0.9179297016396796,0.9179875060819416,0.9177030979585916,0.9178040099518638,0.9177030979585916,4.3478448114948624e-05,0.91913,0.0
KGS_RUB,2025-08-23,0.923621,0.23333333333333328,0.915211,-0.009189137805380429,0.9243491889982268,0.9238130341826656,0.9243043975501688,0.9236554835430676,0.9237706589701778,0.9236554835430676,0.0,0.91913,0.004862384029813119
KGS_RUB,2025-08-26,0.923471,0.24444444444444446,0.916084,-0.00806367101706834,0.9242505445778072,0.9235660975685104,0.9237683012296888,0.9235054779427928,0.9235615661488108,0.9235054779427928,0.0,0.91913,0.004700743174393175
KGS_RUB,2025-08-27,0.921887,0.24444444444444446,0.916084,-0.00633457193881784,0.9204906502478996,0.9218042922948424,0.9219803882144002,0.9219475251614124,0.9217581187397764,0.9204906502478996,0.0015146647605405613,0.91913,0.0029906051392415874
KGS_RUB,2025-08-28,0.920917,0.25555555555555554,0.916084,-0.0052757170739800895,0.9210663668336893,0.9209655536307064,0.9210469352689888,0.9208769599579972,0.9209782209538406,0.9208769599579972,4.347844811503488e-05,0.91913,0.0019404571747508007
KGS_RUB,2025-08-29,0.91913,0.2777777777777778,0.917743,-0.0015113163489125247,0.919262352064156,0.9191784594144654,0.9193443140604184,0.919090037653984,0.9191375681709658,0.919090037653984,4.34784481150633e-05,0.919217,0.0
KGS_RUB,2025-08-30,0.919217,0.2666666666666667,0.91913,-9.465472784040149e-05,0.9202557164978822,0.919302140692646,0.91946027095617,0.919177033871359,0.919224568887329,0.919177033871359,4.347844811506874e-05,0.92033,0.0
KGS_RUB,2025-09-02,0.92033,0.23333333333333328,0.91913,-0.0013055824529718092,0.92074512070593,0.9205267593149116,0.9209606210251756,0.9202899854798464,0.9204039553674612,0.9202899854798464,4.347844811487618e-05,0.922325,0.0
KGS_RUB,2025-09-03,0.922325,0.18888888888888888,0.91913,-0.003476113281037446,0.9221565103722956,0.9224220340352676,0.9229057074224432,0.9223594351566928,0.9224234367040852,0.9221565103722956,0.00018267923747521413,0.924652,0.0
KGS_RUB,2025-09-04,0.924652,0.1444444444444445,0.91913,-0.00600785525442541,0.9256172279164874,0.9248965428248396,0.9253011654408568,0.924760383174246,0.925033365562406,0.924760383174246,0.0,0.929648,0.0
KGS_RUB,2025-09-05,0.929648,0.09999999999999998,0.91913,-0.011443430200298138,0.9312663035931928,0.930085109105342,0.93062231175892,0.929822613289123,0.9300998440013232,0.929822613289123,0.0,0.932597,0.0
KGS_RUB,2025-09-06,0.932597,0.07777777777777772,0.919217,-0.014555866569047417,0.9340370637989408,0.9329396848594664,0.9335744024398844,0.9327721671918792,0.9330502773265816,0.9327721671918792,0.0,0.941563,0.0
KGS_RUB,2025-09-09,0.941563,0.033333333333333326,0.92033,-0.023071072332750273,0.9440907461294784,0.942057396782336,0.942770787590801,0.941739851251599,0.94218049650793,0.941739851251599,0.0,0.949935,0.0
KGS_RUB,2025-09-10,0.951887,0.0,0.922325,-0.032051608706258734,0.9546190211850708,0.95238681771793,0.9531106058376791,0.9520657903808144,0.9525515414879112,0.9520657903808144,0.0,0.947252,0.004869275449712052
KGS_RUB,2025-09-11,0.971082,0.0,0.924652,-0.05021348572219599,0.9755135057779108,0.9715918966465168,0.9721068917115316,0.9712643957261544,0.971513002209806,0.9712643957261544,0.0,0.947252,0.0245396372293998
KGS_RUB,2025-09-12,0.979585,0.0,0.929648,-0.053716030153348374,0.980309414607163,0.9799535720460272,0.9802428986586338,0.9794360933457064,0.9796533552336578,0.9794360933457064,0.00015200993716081706,0.947252,0.03300683452686602
KGS_RUB,2025-09-13,0.964892,0.022222222222222254,0.932597,-0.03462910560510055,0.9630338316185616,0.9648257864661108,0.9650179933289276,0.9650732330750652,0.9647400983116656,0.9630338316185616,0.0019257786171285225,0.947252,0.01828183879646633
KGS_RUB,2025-09-16,0.949935,0.0444444444444444,0.941563,-0.008891598331710077,0.9468185236158306,0.9499663117711664,0.9498553102375538,0.9501134237418926,0.9499816603185524,0.9468185236158306,0.003280725927741732,0.947252,0.002824403774995122
KGS_RUB,2025-09-17,0.947252,0.05555555555555558,0.949935,0.002824403774995122,0.9474863743838692,0.9473019420944492,0.9473861551036854,0.947287365810368,0.947315170726028,0.947287365810368,0.0,0.949099,0.0
KGS_RUB,2025-09-18,0.949099,0.05555555555555558,0.947252,-0.0019498507261003863,0.9501028740054982,0.9491662320007724,0.9494711312657876,0.9491344347684192,0.9489884014851544,0.9489884014851544,0.00011653000882482005,0.951086,0.0
KGS_RUB,2025-09-19,0.951086,0.0444444444444444,0.947252,-0.004047497392457344,0.9515070285248284,0.9511632213608746,0.9515213079060522,0.9511215089533932,0.9506337586022088,0.9506337586022088,0.0004755000050376188,0.953123,0.0
KGS_RUB,2025-09-20,0.955865,0.033333333333333326,0.947252,-0.009092617381647104,0.9565446790340444,0.9561117828839087,0.956555103878769,0.95590068737815,0.9560121050308186,0.95590068737815,0.0,0.953123,0.0028686059223843445
KGS_RUB,2025-09-23,0.960762,0.033333333333333326,0.947252,-0.01426230823476754,0.9616802484244956,0.961157684524032,0.9615519554699676,0.9609424573482482,0.9609176771137792,0.9609176771137792,0.0,0.948121,0.013157264754434515
KGS_RUB,2025-09-24,0.953123,0.05555555555555558,0.947252,-0.006197928323191791,0.9523488220015788,0.9532100041125308,0.953201343841337,0.9533020225353775,0.9532163540141037,0.9523488220015788,0.0008122540306143878,0.945072,0.008446968544458616
KGS_RUB,2025-09-25,0.960451,0.0444444444444444,0.949099,-0.011960817575405756,0.961534394517108,0.9606789251954888,0.9610692327113596,0.9602372053706996,0.9605832263419236,0.9602372053706996,0.00022259816409217126,0.931923,0.029702712579819383
KGS_RUB,2025-09-26,0.956054,0.05555555555555558,0.951086,-0.0052235023962080955,0.9553727237324832,0.9559944048583234,0.9561188741432366,0.9560896944344964,0.9561436715220016,0.9553727237324832,0.0007125918279896271,0.926341,0.031078788436636414
KGS_RUB,2025-09-27,0.95611,0.05555555555555558,0.953123,-0.00313390821541392,0.956070079803167,0.956122735097004,0.9561898915631484,0.9561456965252656,0.956226614258078,0.956070079803167,4.175272388424495e-05,0.926341,0.031135538797837117
KGS_RUB,2025-09-30,0.948121,0.1444444444444445,0.953123,0.005248011012219894,0.9464147409974288,0.948061899357859,0.9479259397056878,0.9481563982546268,0.9481875366838318,0.9464147409974288,0.001799621570001248,0.926341,0.0229717514958534
KGS_RUB,2025-10-01,0.945072,0.16666666666666663,0.948121,0.0032158342658795327,0.9447122149459662,0.9450130894157291,0.9449254549476478,0.9451072844197068,0.945119924436912,0.9447122149459662,0.0003806959195000791,0.926341,0.019819653952291523
KGS_RUB,2025-10-02,0.931923,0.2222222222222222,0.945072,0.013913225658997492,0.9300097268115431,0.9316681080605628,0.9316454569730808,0.9318824814341972,0.931920629575798,0.9300097268115431,0.0020530378458915584,0.926341,0.0059897652488456405
KGS_RUB,2025-10-03,0.926341,0.24444444444444446,0.931923,0.0059897652488456405,0.9256247434750672,0.9260876348034436,0.9260996302425692,0.9263007241308946,0.9264241303047792,0.9256247434750672,0.0007732104321548869,0.930966,0.0
KGS_RUB,2025-10-04,0.936611,0.19999999999999996,0.926341,-0.01108663008546529,0.9381140672370932,0.93669925964678,0.937027314259563,0.9365702776072324,0.9365460916198646,0.9365460916198646,6.930132161099731e-05,0.928414,0.008751765674330123
KGS_RUB,2025-10-07,0.949114,0.1333333333333333,0.926341,-0.024583819565365286,0.9509829807630896,0.9493949017143548,0.9498225864463616,0.9491494353284464,0.9490107673638865,0.9490107673638865,0.00010876737263759608,0.924583,0.025846210255037822
KGS_RUB,2025-10-08,0.936934,0.21111111111111114,0.926341,-0.011435313777539886,0.9349387098960328,0.9367257983987552,0.9366644211455456,0.9368932635636938,0.9369250989848764,0.9349387098960328,0.0021295951518113996,0.914338,0.024116960212779193
KGS_RUB,2025-10-09,0.932508,0.25555555555555554,0.926341,-0.006657375631651879,0.932027759296837,0.932376554115506,0.9323921821894764,0.9324674559993053,0.93262442078831,0.932027759296837,0.0005149990168052101,0.901532,0.03321794558330867
KGS_RUB,2025-10-10,0.930966,0.2777777777777778,0.926341,-0.004992761844720238,0.9309847843292944,0.93094187779206,0.9308960800174992,0.930925523043072,0.9310510371045138,0.9308960800174992,7.51047648364401e-05,0.901532,0.031616621874483025
KGS_RUB,2025-10-11,0.928414,0.30000000000000004,0.930966,0.002741238670370345,0.9276527523683104,0.9282831312038003,0.928153208260038,0.9283736340000716,0.9285299096648588,0.9276527523683104,0.000819944153889978,0.901532,0.028954755098479733
KGS_RUB,2025-10-14,0.924583,0.33333333333333337,0.928414,0.004126391889824925,0.9235678499079002,0.9243301156371924,0.9243252568421808,0.9245428005660064,0.92459050937886,0.9235678499079002,0.0010979545287982235,0.901532,0.02493123927219086
KGS_RUB,2025-10-15,0.914338,0.5444444444444445,0.924583,0.011080670961936418,0.9122044137627028,0.9139870676769064,0.9140067304004428,0.9142982460027074,0.9142761052982232,0.9122044137627028,0.002333476501356394,0.901532,0.0140057615455116
KGS_RUB,2025-10-16,0.901532,0.6777777777777778,0.914338,0.0140057615455116,0.8997126833731517,0.9012160207825224,0.9012480090725122,0.901492802787714,0.9014334878692112,0.8997126833731517,0.0020180277869762922,0.904333,0.0
KGS_RUB,2025-10-17,0.904333,0.6444444444444444,0.901532,-0.003106933530922977,0.9053117508026968,0.9042563145018104,0.9044213593897348,0.9042936810045809,0.9042862858638628,0.9042563145018104,8.4797854539889e-05,0.926054,0.0
KGS_RUB,2025-10-18,0.926054,0.3222222222222222,0.901532,-0.027200365599890013,0.929274660470428,0.9263471070785584,0.9266336933527654,0.926088574379526,0.9261735695151352,0.926088574379526,0.0,0.925915,0.00015009923827336228
KGS_RUB,2025-10-21,0.93034,0.28888888888888886,0.901532,-0.03195449523699652,0.9304869338420348,0.9304792354728556,0.9307030872607656,0.930374734398046,0.9302279186401802,0.9302279186401802,0.00012047354711156265,0.9032,0.029172130618913456
KGS_RUB,2025-10-22,0.930217,0.30000000000000004,0.901532,-0.0318180608120399,0.9306947472235468,0.930506765341908,0.9303660152255648,0.930391720162866,0.93026426470069,0.93026426470069,0.0,0.9032,0.029043760756898615
KGS_RUB,2025-10-23,0.933732,0.24444444444444446,0.901532,-0.035716979541491604,0.9349162156199692,0.93411236948135,0.9343581653940964,0.9339073803758836,0.9337722835129268,0.9337722835129268,0.0,0.9032,0.03269889004553769
KGS_RUB,2025-10-24,0.92932,0.33333333333333337,0.904333,-0.027630308746888568,0.9283563948306808,0.9294048312986436,0.9291998244453952,0.9294945516817632,0.9293606933292492,0.9283563948306808,0.0010368927488047812,0.9032,0.0281065725476693
KGS_RUB,2025-10-25,0.925915,0.37777777777777777,0.926054,0.00015009923827336228,0.9253689768921108,0.9258572835576178,0.9258765373510536,0.9259495691899378,0.9258641574397816,0.9253689768921108,0.0005897119151209389,0.9032,0.024532489483375948
KGS_RUB,2025-10-28,0.9032,0.7333333333333334,0.925915,0.024532489483375948,0.9005934060309263,0.903153288090088,0.9030368324754398,0.9031607302656623,0.9032243016611032,0.9005934060309263,0.0028859543501701733,0.908765,0.0
KGS_RUB,2025-10-29,0.91272,0.6333333333333333,0.9032,-0.01054030115146144,0.916813269175862,0.9128849167406372,0.9130352378481174,0.9126803163508364,0.912658670710172,0.912658670710172,6.719398044081239e-05,0.908765,0.004333201858182061
KGS_RUB,2025-10-30,0.908765,0.7111111111111111,0.9032,-0.006161426040744068,0.9076334680915756,0.9084464856781888,0.9084708096136604,0.9087254883080988,0.9088961493245984,0.9076334680915756,0.0012451314789020376,0.920568,0.0
KGS_RUB,2025-10-31,0.920568,0.4666666666666667,0.9032,-0.01922940655447304,0.9231654481625524,0.9207923787124376,0.9210301337636077,0.9206023695588068,0.9204827794834722,0.9204827794834722,9.25738419408642e-05,0.924941,0.0
KGS_RUB,2025-11-01,0.925965,0.37777777777777777,0.9032,-0.02520482728077949,0.9262404995726,0.9262040633751614,0.9263951427008682,0.925999571056696,0.9260419870858276,0.925999571056696,0.0,0.924941,0.0011058733321454104
KGS_RUB,2025-11-02,0.924941,0.4,0.9032,-0.024071080602302935,0.9245543016761048,0.9250687234751968,0.924945249582148,0.9251147291859442,0.9247984247099358,0.9245543016761048,0.0004180789087036498,0.926395,0.0
KGS_RUB,2025-11-06,0.928399,0.3555555555555555,0.908765,-0.021605145444641826,0.9298848531275398,0.9287305258641072,0.9289420284699498,0.9285733786928044,0.9285543035950484,0.9285543035950484,0.0,0.926395,0.00215855467315239
KGS_RUB,2025-11-07,0.930549,0.30000000000000004,0.908765,-0.02397099360120594,0.9311789078198752,0.9308441549607216,0.9309845309708472,0.930723782521535,0.930636200881682,0.930636200881682,0.0,0.921681,0.009529858180493437
KGS_RUB,2025-11-08,0.928824,0.3555555555555555,0.920568,-0.008968376046093206,0.928823911124096,0.9289777642359964,0.92893096581265,0.9289328721956324,0.9289110392335356,0.928823911124096,9.568648524334552e-08,0.921681,0.007690369757887405
KGS_RUB,2025-11-11,0.926395,0.38888888888888884,0.924941,-0.0015719921594998549,0.9264442316283524,0.9264438424480363,0.926512313681666,0.9264295871108172,0.9264151908343944,0.9264151908343944,0.0,0.921681,0.005088542144549567
KGS_RUB,2025-11-12,0.930317,0.3222222222222222,0.924941,-0.005812262619994071,0.9317893715167572,0.9306492107707124,0.930825444710618,0.9304917389455976,0.9304687614632428,0.9304687614632428,0.0,0.921681,0.009282857348624154
KGS_RUB,2025-11-13,0.929505,0.3555555555555555,0.926395,-0.0033570992934979756,0.9293253112655416,0.9295540064169844,0.9296492334047436,0.9295397032231826,0.9295921030494124,0.9293253112655416,0.000193316587278599,0.921681,0.008417383446027781
KGS_RUB,2025-11-14,0.921681,0.5444444444444445,0.926395,0.005088542144549567,0.9204170514186144,0.9215525818573552,0.9215371864184086,0.9217154111128462,0.9216586201990224,0.9204170514186144,0.0013713514560738103,0.92318,0.0
KGS_RUB,2025-11-15,0.927703,0.4111111111111111,0.921681,-0.00653371394224258,0.9296846197846076,0.9279870202743216,0.9283249281169812,0.927737635945214,0.9279489140864828,0.927737635945214,0.0,0.903655,0.025922089289352378
KGS_RUB,2025-11-18,0.927732,0.4111111111111111,0.921681,-0.0065651781907189455,0.927074145661569,0.9277268085996542,0.927791860994394,0.9277666370279338,0.927654621650719,0.927074145661569,0.0007090995442983736,0.902461,0.027239547627978818
KGS_RUB,2025-11-19,0.926882,0.43333333333333335,0.921681,-0.005642950218134052,0.9265622206336486,0.9268984416261056,0.9269226001049664,0.926916605293043,0.9269060496184268,0.9265622206336486,0.0003450054768043976,0.902461,0.0263474746515738
KGS_RUB,2025-11-20,0.925612,0.5,0.921681,-0.0042650331296837166,0.9252315412589724,0.9255895246701034,0.9255873030876638,0.9256465578773824,0.9256631834011384,0.9252315412589724,0.00041103479754750916,0.898732,0.029040245804937723
KGS_RUB,2025-11-21,0.92318,0.5666666666666667,0.921681,-0.001626376154005592,0.9216290395091468,0.9230260971975848,0.9230518513544836,0.9232406100514626,0.92291827395466,0.9216290395091468,0.0016800195962360937,0.8948,0.030741567191663554
KGS_RUB,2025-11-22,0.903655,0.9111111111111111,0.92318,0.02114972161441974,0.9009954043195406,0.9036082645582912,0.9034795459596392,0.9036157104829686,0.9036707340451284,0.9009954043195406,0.0029431538368728887,0.89455,0.010075747934776027
KGS_RUB,2025-11-25,0.902461,0.9444444444444444,0.903655,0.0013213007176411666,0.9032635866533452,0.9022485002750776,0.902176694515666,0.9024217623962356,0.9025599977044176,0.902176694515666,0.00031503354087766903,0.888539,0.015426705419957195
KGS_RUB,2025-11-26,0.902933,0.9444444444444444,0.902461,-0.000523014290922298,0.9031079749991286,0.902756405713475,0.902665972279892,0.9028937418744082,0.9030320494816316,0.902665972279892,0.0002957337035062447,0.885799,0.018975937306533245
KGS_RUB,2025-11-27,0.898732,0.9777777777777777,0.902461,0.004132034514510857,0.8977368803122731,0.8985203783312753,0.8984817390681467,0.8986929245273687,0.8988391225462447,0.8977368803122731,0.0011072485320728757,0.885799,0.014390274297565873
KGS_RUB,2025-11-28,0.8948,1.0,0.898732,0.004375052852240641,0.8934558563894593,0.8944863802906619,0.8944578688385849,0.8947610954846267,0.8949066538794432,0.8934558563894593,0.0015021721172783788,0.880169,0.016351139919535157
KGS_RUB,2025-11-29,0.89455,1.0,0.8948,0.00027939204291471106,0.8945144731111964,0.8944579422063769,0.8943796871337175,0.8945111063542387,0.8945708160370106,0.8943796871337175,0.00019038943187350116,0.87014,0.02728746297020841
KGS_RUB,2025-12-02,0.888539,1.0,0.89455,0.006719579676932524,0.8870061297409257,0.8883453435166264,0.8882043097104099,0.8885003677031903,0.8885462166327769,0.8870061297409257,0.0017251581068183006,0.87014,0.020707025803031655
KGS_RUB,2025-12-03,0.885799,1.0,0.888539,0.0030837138268550563,0.8852043897232584,0.8856059406978019,0.8854587557147902,0.8857604868341381,0.8858061943787466,0.8852043897232584,0.000671269979692424,0.87014,0.01767782533057723
KGS_RUB,2025-12-04,0.891431,0.9777777777777777,0.885799,-0.00635810155577052,0.8924936158312663,0.8915219642681814,0.8917105090539943,0.8913922419635183,0.8913584527665805,0.8913584527665805,8.138289269660671e-05,0.87014,0.023884069546605345
KGS_RUB,2025-12-05,0.880169,1.0,0.885799,0.006355843707206741,0.8778178914249462,0.8802401735018279,0.8798374624788577,0.880130731617801,0.8801843251171816,0.8778178914249462,0.002671201297766484,0.87014,0.01139440266585162
KGS_RUB,2025-12-06,0.87014,1.0,0.880169,0.01139440266585162,0.8682877566662204,0.8698350234087132,0.8698075202631903,0.8701021676631572,0.8701250313714114,0.8682877566662204,0.0021286727811382607,0.878312,0.0
KGS_RUB,2025-12-09,0.883628,0.9777777777777777,0.87014,-0.015500953869492202,0.8867868937974566,0.8837175793487927,0.8837041608166682,0.8836609903977862,0.8836002328918469,0.8836002328918469,3.1423979494888634e-05,0.878312,0.006016106325286192
KGS_RUB,2025-12-10,0.878312,0.9888888888888889,0.87014,-0.009391592157583787,0.8770415572877108,0.8784840943054507,0.8781127942671009,0.8782738123572792,0.8784191333857355,0.8770415572877108,0.0014464594725896434,0.890792,0.0
KGS_RUB,2025-12-11,0.890792,0.9333333333333333,0.87014,-0.023734111752131845,0.8941212936784539,0.8910091211274015,0.8912451989061918,0.8908252578669134,0.8909070165838345,0.8908252578669134,0.0,0.907259,0.0
KGS_RUB,2025-12-12,0.907259,0.8111111111111111,0.87014,-0.04265865263061118,0.9091267299061206,0.9076215773998196,0.9078238447157936,0.907429408023334,0.9074541772661208,0.907429408023334,0.0,0.908293,0.0
KGS_RUB,2025-12-13,0.911716,0.7555555555555555,0.87014,-0.04778081688004223,0.9123416551442346,0.9120803585973286,0.9122813302787988,0.9118872451696836,0.9117210903739568,0.9117210903739568,0.0,0.908293,0.0037544586252736094
KGS_RUB,2025-12-16,0.908513,0.8,0.878312,-0.03438527539188811,0.9077424782739254,0.908621525446452,0.9083418367394324,0.9086836435587888,0.9084197303856136,0.9077424782739254,0.0008481130441442372,0.906971,0.0016972789602350692
KGS_RUB,2025-12-17,0.908293,0.8,0.878312,-0.034134794924810356,0.9083439881311036,0.9084561795887304,0.9083177822856257,0.9084636022367792,0.9082614075381962,0.9082614075381962,3.4782236353073425e-05,0.898628,0.010640839464798291
KGS_RUB,2025-12-18,0.919162,0.6444444444444444,0.890792,-0.03184806329648224,0.9202503098358992,0.9194426562012264,0.9194448220314352,0.9193346437318822,0.9187073087704728,0.9187073087704728,0.0004946801864385577,0.896933,0.02418398497762098
KGS_RUB,2025-12-19,0.915153,0.7111111111111111,0.907259,-0.008700933250593222,0.9146245082538292,0.9153174120236148,0.915099202108032,0.9153248907321704,0.9151766299336038,0.9146245082538292,0.0005774900439279073,0.890616,0.026811910139616032
KGS_RUB,2025-12-20,0.923065,0.5555555555555556,0.908293,-0.01626347445152611,0.924914320414064,0.9234200714749686,0.9236364162332136,0.9232383768218984,0.9232245416077668,0.9232245416077668,0.0,0.888674,0.03725739790805638
KGS_RUB,2025-12-23,0.906971,0.8111111111111111,0.908293,0.0014554774725777314,0.9042324497453936,0.906654073061537,0.9070051273037272,0.9070048619125588,0.9067590539304224,0.9042324497453936,0.003019446326956807,0.886,0.02312201823432057
KGS_RUB,2025-12-24,0.898628,0.8888888888888888,0.906971,0.009198750566445884,0.8975226678513667,0.8985027938400721,0.8983561750840641,0.8986615504252716,0.8985486187769688,0.8975226678513667,0.0012300219319154163,0.886,0.014052533417609927
KGS_RUB,2025-12-25,0.896933,0.8888888888888888,0.898628,0.001886208753789112,0.8969367581616952,0.8967923166558615,0.8967118995445008,0.8969664871421658,0.8969913117336242,0.8967118995445008,0.0002465072145847773,0.886,0.012189316258850964
KGS_RUB,2025-12-26,0.890616,0.9333333333333333,0.896933,0.0070428894911883245,0.8888131832404704,0.8903738567832041,0.8903572190435611,0.8906492512959241,0.8906739010505283,0.8888131832404704,0.002024235764380536,0.886,0.0051829295678496165
KGS_RUB,2025-12-27,0.888674,0.9333333333333333,0.890616,0.002180513262730514,0.8880163035186253,0.8883805750836354,0.888420888443307,0.8887071787910323,0.8885195101940038,0.8880163035186253,0.0007400874576894376,0.886,0.003008977420291304
KGS_RUB,2025-12-30,0.886,0.9444444444444444,0.888674,0.003008977420291304,0.8856032978218193,0.8858610314896356,0.8857961666696444,0.8860330789567993,0.8859676090116784,0.8856032978218193,0.0004477451221000716,0.894861,0.0
KGS_RUB,2025-12-31,0.894861,0.8555555555555556,0.886,-0.010001128668171566,0.8965164295577135,0.8950676670836256,0.8953146857471717,0.8948944097837025,0.8948231793229208,0.8948231793229208,4.2264303706662535e-05,0.890031,0.005397486313516849
KGS_RUB,2026-01-13,0.900987,0.8111111111111111,0.886,-0.01691534988713315,0.901763167713423,0.9011591275881868,0.9015098218657386,0.9010206384989274,0.9009921440377784,0.9009921440377784,0.0,0.889178,0.013106737389107677
KGS_RUB,2026-01-14,0.901699,0.7888888888888889,0.886,-0.01771896162528219,0.901959554556434,0.9020104114709756,0.9019882240784118,0.9018683637034542,0.9017223962002564,0.9017223962002564,0.0,0.889178,0.013886008523908758
KGS_RUB,2026-01-15,0.898486,0.8333333333333334,0.886,-0.014092550790067717,0.8979060853252715,0.8986022605929584,0.8983857508884417,0.8986547602142864,0.8984403935739863,0.8979060853252715,0.0006454354043674693,0.886403,0.013448178380074876
KGS_RUB,2026-01-16,0.897987,0.8333333333333334,0.886,-0.013529345372460462,0.8979366585237595,0.8981031960242997,0.8978874462708216,0.8981556664884554,0.8979376909833809,0.8978874462708216,0.0001108632187084655,0.869505,0.03171760838408575
KGS_RUB,2026-01-17,0.890031,0.9111111111111111,0.894861,0.005397486313516849,0.8880868699470458,0.88983701833622,0.889858784304603,0.8899923028333457,0.8900491563038885,0.8880868699470458,0.0021843397060936536,0.86821,0.02451712356086471
KGS_RUB,2026-01-20,0.889178,0.9111111111111111,0.890031,0.0009583935840436936,0.8891680610922403,0.8890864950368139,0.8889024991343061,0.889139339920462,0.8891852218226767,0.8889024991343061,0.0003098376991940253,0.86821,0.023581330172361425
KGS_RUB,2026-01-21,0.889934,0.9,0.889178,-0.0008502234648180442,0.8904020755228641,0.8899765205521083,0.889826306285223,0.8898953070507551,0.8899412279628397,0.889826306285223,0.0001210131479155029,0.86821,0.0244107990030721
KGS_RUB,2026-01-22,0.886403,0.9333333333333333,0.889178,0.0031208599403043844,0.8853347951482735,0.8862098090564041,0.8861679048398134,0.8863644605731555,0.8864101992843796,0.8853347951482735,0.0012051006728615987,0.86821,0.020524524398044697
KGS_RUB,2026-01-23,0.869505,1.0,0.886403,0.01906356363866106,0.8656492931913053,0.8691712750431552,0.8691702734617199,0.8694671952719717,0.8695427097297376,0.8656492931913053,0.004434369910115095,0.86821,0.0014893531377047115
KGS_RUB,2026-01-24,0.86821,1.0,0.869505,0.0014893531377047115,0.8686465327828812,0.8680055652530416,0.8678824282693963,0.8681722515765621,0.8683052404557675,0.8678824282693963,0.00037729550523918766,0.866011,0.0025327973646929454
KGS_RUB,2026-01-27,0.869184,0.9888888888888889,0.86821,-0.0011218484007324487,0.8698610205324565,0.8691102950615995,0.8691292436040987,0.8691462092285536,0.8689445620622351,0.8689445620622351,0.0002754743964049261,0.866011,0.003650550401295907
KGS_RUB,2026-01-28,0.875389,0.9555555555555556,0.86821,-0.008268736826343782,0.876021645609934,0.8754873923320566,0.8755872688605385,0.875350939444783,0.8753262722751741,0.8753262722751741,7.165697173011158e-05,0.866011,0.010712951613511247
KGS_RUB,2026-01-29,0.872112,0.9555555555555556,0.86821,-0.004494304373365845,0.8714558232557491,0.8720660726941007,0.8720047295583219,0.8720740819236575,0.8721709657880918,0.8714558232557491,0.0007523996278584533,0.866011,0.006995661107747655
KGS_RUB,2026-01-30,0.869355,0.9777777777777777,0.86821,-0.001318805358150622,0.8686804547086953,0.8692990992573695,0.8692282670021448,0.8694480223249625,0.8693461057623869,0.8686804547086953,0.0007759146623700663,0.866011,0.003846529898603003
KGS_RUB,2026-01-31,0.866011,1.0,0.86821,0.0025327973646929454,0.8652452502057152,0.865822253479225,0.8658051775989586,0.8659733471856694,0.8660021399743378,0.8652452502057152,0.000884226406229005,0.875384,0.0
KGS_RUB,2026-02-03,0.880758,0.8888888888888888,0.866011,-0.017028652061001612,0.8827826159729887,0.8810269299541101,0.8810730583180897,0.8809234304116196,0.8805823773321482,0.8805823773321482,0.00019939945802578153,0.875384,0.006101562517740389
KGS_RUB,2026-02-04,0.880294,0.8888888888888888,0.866011,-0.016492862099904096,0.8799858203196984,0.8803168610678741,0.8803243706295593,0.8803268659223439,0.8803362013938923,0.8799858203196984,0.00035008722120293033,0.875384,0.005577682001694854
KGS_RUB,2026-02-05,0.879476,0.9,0.866011,-0.015548301349521034,0.87966614523046,0.8794988398245697,0.879546475822954,0.8795088353821784,0.879520686530029,0.8794988398245697,0.0,0.875384,0.004652770513351114
KGS_RUB,2026-02-06,0.875384,0.9222222222222223,0.866011,-0.010823188158118172,0.8742320094749525,0.8751932106401166,0.8751977821889267,0.8753459396621753,0.8754639600852209,0.8742320094749525,0.001315983071483546,0.881121,0.0
KGS_RUB,2026-02-07,0.881121,0.8444444444444444,0.866011,-0.0174478153279809,0.8826486907290856,0.8814156436110488,0.8816110635175236,0.8812864985929355,0.8811975089079048,0.8811975089079048,0.0,0.882653,0.0
KGS_RUB,2026-02-10,0.887938,0.7888888888888889,0.875384,-0.01434113486195767,0.8889056765993956,0.8882441203145888,0.8885876187222255,0.888104779011752,0.8882372439586264,0.888104779011752,0.0,0.876159,0.013265565839056312
KGS_RUB,2026-02-11,0.882894,0.8333333333333334,0.875384,-0.008579092146989098,0.88225619062252,0.883006034612363,0.8829170924133227,0.8829974885062084,0.8829143741719572,0.88225619062252,0.0007224076474411712,0.876159,0.007628322312757744
KGS_RUB,2026-02-12,0.885818,0.8,0.875384,-0.01191934054083687,0.8870044119703231,0.8861106626377248,0.8862807044817241,0.885984380817841,0.8859661805990299,0.8859661805990299,0.0,0.870811,0.01694140331309591
KGS_RUB,2026-02-13,0.882653,0.8333333333333334,0.875384,-0.00830378439633346,0.8818742091196838,0.882665648117941,0.8824601522715314,0.8828187863443844,0.8826697040783354,0.8818742091196838,0.0008823296134677868,0.870811,0.013416370872811874
KGS_RUB,2026-02-14,0.882726,0.8222222222222222,0.881121,-0.001821543238669794,0.8830083862010978,0.8827397840013287,0.8828030111037862,0.8827589567214669,0.8827452390659294,0.8827397840013287,0.0,0.870811,0.013497959729293131
KGS_RUB,2026-02-17,0.876159,0.9,0.882653,0.007357364672187144,0.8746166759543739,0.8760369244538605,0.8758939717051756,0.876120905966378,0.876196444319152,0.8746166759543739,0.0017603243767696883,0.870811,0.006103914928683058
KGS_RUB,2026-02-18,0.877517,0.8888888888888888,0.876159,-0.0015499469845084858,0.8778488265003742,0.8776279351002846,0.8776580808940349,0.8774788469226454,0.8776047354762863,0.8774788469226454,4.347844811502503e-05,0.870811,0.007642017191689722
KGS_RUB,2026-02-19,0.870811,0.9333333333333333,0.876159,0.006103914928683058,0.8689863853610369,0.8706212073224214,0.8705099301213032,0.8707731384891185,0.8708482157622133,0.8689863853610369,0.002095304996104903,0.874417,0.0
KGS_RUB,2026-02-20,0.876392,0.8777777777777778,0.870811,-0.006408968191720071,0.8769452906725068,0.8764808457865154,0.8763422655393758,0.8763538958358995,0.8761756529635994,0.8761756529635994,0.00024686103524507224,0.874417,0.00225355776866967
KGS_RUB,2026-02-21,0.877666,0.8555555555555556,0.870811,-0.007871972219000385,0.877381705032927,0.8777419339439699,0.8778433416307171,0.8776278404443566,0.8777537503735314,0.877381705032927,0.00032392159098442916,0.874417,0.0037018638069606737
KGS_RUB,2026-02-25,0.87632,0.8777777777777778,0.870811,-0.006326286645437398,0.8761636580187581,0.8763427578638494,0.8762931003958847,0.8762818989663478,0.876243828201056,0.8761636580187581,0.00017840740966989837,0.874417,0.0021715811575679983
KGS_RUB,2026-02-26,0.874417,0.9111111111111111,0.870811,-0.004140967442992794,0.8740394115696464,0.8743270140856,0.8743766051593698,0.8743789817058346,0.8744080539738417,0.8740394115696464,0.00043181734842029135,0.881896,0.0
KGS_RUB,2026-02-27,0.881896,0.7555555555555555,0.870811,-0.012729513063110149,0.8835273215054157,0.8822352351714006,0.8824340282345969,0.8820616441591057,0.8821334339278308,0.8820616441591057,0.0,0.882534,0.0
KGS_RUB,2026-02-28,0.883632,0.7,0.874417,-0.01053845019024101,0.8837660388995697,0.8838886751776336,0.8839922520354944,0.8837979702273271,0.8836549274194879,0.8836549274194879,0.0,0.882534,0.0012425987288825352
KGS_RUB,2026-03-03,0.882534,0.7444444444444445,0.874417,-0.00928275639654769,0.881728019649972,0.8824591238357424,0.8825917842586951,0.8825661198500447,0.8824321407854271,0.881728019649972,0.0009132569963627356,0.887476,0.0
KGS_RUB,2026-03-04,0.887476,0.6333333333333333,0.874417,-0.014934522087287922,0.8882244307955557,0.8875412220924784,0.8878672279335961,0.8872784494717243,0.8877282875317569,0.8872784494717243,0.00022259816409203996,0.889662,0.0
KGS_RUB,2026-03-05,0.889662,0.5777777777777777,0.874417,-0.01743447348347522,0.8903094782108292,0.8898757081718998,0.890103566524468,0.8898291028260455,0.8899647474653756,0.8898291028260455,0.0,0.894178,0.0
KGS_RUB,2026-03-06,0.894178,0.5111111111111111,0.881896,-0.013926812231827805,0.895466068182614,0.8944390865305618,0.8948687458242756,0.8942828111613675,0.8945480869376042,0.8942828111613675,0.0,0.900396,0.0
KGS_RUB,2026-03-07,0.905089,0.34444444444444444,0.882534,-0.02555708901866669,0.9071344619630248,0.9055642449802378,0.9057340023215088,0.9052590004380572,0.9053940240166196,0.9052590004380572,0.0,0.900396,0.005185125440702581
KGS_RUB,2026-03-11,0.900396,0.4111111111111111,0.882534,-0.020239446865503122,0.9002328062918654,0.9006270609607991,0.900547313723835,0.9005651189644608,0.900419248896848,0.9002328062918654,0.00018124659387042693,0.904141,0.0
KGS_RUB,2026-03-12,0.904151,0.33333333333333337,0.887476,-0.0187892404977712,0.9058471831411912,0.9045193192253584,0.904679111768504,0.9043208242560344,0.9043022473632208,0.9043022473632208,0.0,0.904141,1.1060099474607131e-05
KGS_RUB,2026-03-13,0.904141,0.33333333333333337,0.889662,-0.0162747200622259,0.903831541142169,0.9042748405413614,0.904237666503427,0.9043108223777612,0.9041778961159482,0.903831541142169,0.00034226836061074283,0.917389,0.0
KGS_RUB,2026-03-14,0.917389,0.21111111111111114,0.894178,-0.025957918893106273,0.919315619150932,0.917834538123209,0.9180228436061584,0.91756131071405,0.917026846389574,0.917026846389574,0.0003947655906338742,0.926835,0.0
KGS_RUB,2026-03-17,0.926835,0.0888888888888889,0.900396,-0.02936374661815467,0.9283556520705358,0.927290755243528,0.9278017560515812,0.9270090849308816,0.9268138898968018,0.9268138898968018,2.2776549437778125e-05,0.936264,0.0
KGS_RUB,2026-03-18,0.936653,0.0,0.900396,-0.040267837706964474,0.938465091232655,0.9371448186349348,0.9376415549276798,0.9368289290194748,0.937036238195096,0.9368289290194748,0.0,0.925807,0.011579528384577759
KGS_RUB,2026-03-19,0.950553,0.0,0.904141,-0.05133270142599441,0.9530873191505372,0.95105211725996,0.9512942833496708,0.950731539819174,0.9509821334101446,0.950731539819174,0.0,0.923041,0.02894315203886578
KGS_RUB,2026-03-20,0.970154,0.0,0.904141,-0.07301184217948306,0.9709515805002166,0.9706634093714072,0.9703932554697888,0.9703362214224048,0.9705845903289856,0.9703362214224048,0.0,0.923041,0.04856239318706099
KGS_RUB,2026-03-21,0.960551,0.011111111111111072,0.917389,-0.0470487437717261,0.9596569261999364,0.9605377836622004,0.9600603347278202,0.9607314177166846,0.9605216585766094,0.9596569261999364,0.0009307926388746429,0.923041,0.039050503304874015
KGS_RUB,2026-03-24,0.936264,0.0444444444444444,0.926835,-0.010173331822816382,0.9351004850013253,0.9363494651691484,0.9356996616287924,0.9364398559546488,0.936112718771699,0.9351004850013253,0.0012427210687100333,0.923041,0.014123153298642247
KGS_RUB,2026-03-25,0.925807,0.16666666666666663,0.936264,0.011168858356190069,0.9238539422406876,0.925749290289743,0.9257450642824736,0.92584156515774,0.925581657332515,0.9238539422406876,0.0021095733336563955,0.923041,0.002987663735530241
KGS_RUB,2026-03-26,0.923041,0.21111111111111114,0.925807,0.002987663735530241,0.9232886744595604,0.9229672907270646,0.92316355703736,0.9230754618886716,0.9228517132356956,0.9228517132356956,0.00020506864191775694,0.921937,0.0011960465461447476
KGS_RUB,2026-03-27,0.939181,0.033333333333333326,0.923041,-0.0174856804843989,0.9411770693477391,0.9393439880635174,0.9398522926809332,0.9392160644782458,0.9387691363907862,0.9387691363907862,0.00043853486092016163,0.918631,0.021880766327257543
KGS_RUB,2026-03-28,0.927894,0.09999999999999998,0.923041,-0.005257621275761311,0.9247300476151418,0.927464123523696,0.92762044866044,0.9279286430762308,0.9277143847359898,0.9247300476151418,0.0034098209330572526,0.911713,0.017438414301633592
KGS_RUB,2026-03-31,0.929623,0.07777777777777772,0.923041,-0.007130777506091254,0.9305029896724832,0.9298121184551488,0.9299733241476972,0.929657707628732,0.9296888547991295,0.929657707628732,0.0,0.90026,0.03158592246534351
KGS_RUB,2026-04-01,0.929107,0.09999999999999998,0.923041,-0.006571755750827987,0.928931109539405,0.9291559854331768,0.9292743964956354,0.9291416883637866,0.9291378335894052,0.928931109539405,0.00018931130708837941,0.90026,0.031048092415620662
KGS_RUB,2026-04-02,0.921937,0.21111111111111114,0.923041,0.0011960465461447476,0.920744008802324,0.921879531524232,0.921908364225188,0.9219714206706486,0.9220438656223398,0.920744008802324,0.0012940051193042678,0.895418,0.02876443835099357
KGS_RUB,2026-04-03,0.918631,0.23333333333333328,0.921937,0.0035859283226511475,0.917589513077306,0.9183984010820144,0.9184809319908244,0.9186652972405908,0.9186473271779482,0.917589513077306,0.0011337380544462496,0.890085,0.031074501078234854
KGS_RUB,2026-04-04,0.911713,0.2666666666666667,0.918631,0.007530771332558971,0.910510411796124,0.9116561688320918,0.9114960098366848,0.9116733601336336,0.9117204048498928,0.910510411796124,0.0013190425099521188,0.880188,0.03457776734564499
KGS_RUB,2026-04-07,0.90026,0.4111111111111111,0.911713,0.012562067229490033,0.8984910919249621,0.9000137682647623,0.9000090372900448,0.9002208580922999,0.9001616268630908,0.8984910919249621,0.0019648857830380367,0.871914,0.03148645946726499
KGS_RUB,2026-04-08,0.90051,0.38888888888888884,0.90026,-0.00027769755404003676,0.9010821822321928,0.9004032112447339,0.9003122245256977,0.900470847222688,0.9005258637784378,0.9003122245256977,0.00021962607222832703,0.867389,0.036780268958701255
KGS_RUB,2026-04-09,0.895418,0.4666666666666667,0.90026,0.005378446226645527,0.8944160221356199,0.8952071586686954,0.8952040601242407,0.8953790686149458,0.895425272503388,0.8944160221356199,0.001119005720658023,0.860316,0.03920180295683142
KGS_RUB,2026-04-10,0.890085,0.5444444444444445,0.895418,0.0059558775901311254,0.8883608335745717,0.8897730328576372,0.8897627450521249,0.8900463004855096,0.8901006801270733,0.8883608335745717,0.0019370806444646018,0.860316,0.033445120409848546
KGS_RUB,2026-04-11,0.880188,0.7888888888888889,0.890085,0.011119162776588802,0.878188826307077,0.8798795016710741,0.8798711177812072,0.8801497307917105,0.8800918201690291,0.878188826307077,0.002271303054487243,0.860316,0.022576994914722766
KGS_RUB,2026-04-14,0.871914,0.9222222222222223,0.880188,0.009400264488950092,0.8706209259221525,0.8716084016369603,0.8715563685325706,0.8718760905323902,0.8720485042408983,0.8706209259221525,0.001483029378869374,0.860316,0.013301770587466193
KGS_RUB,2026-04-15,0.867389,0.9888888888888889,0.871914,0.005189732014854677,0.8671175880651105,0.8671847585713945,0.8669917938196855,0.8673512872723679,0.8675228061999332,0.8669917938196855,0.000457933153768919,0.852956,0.016639593077615603
KGS_RUB,2026-04-16,0.860316,1.0,0.867389,0.00815435750280439,0.8587790770106682,0.8603660624192848,0.8600314685652942,0.8602785947954315,0.8604487150963428,0.8587790770106682,0.001786463333625928,0.852956,0.008554996071210953
KGS_RUB,2026-04-17,0.870053,0.9222222222222223,0.860316,-0.011317934340405148,0.8719871478165189,0.8700948427568599,0.8703707702316602,0.8700151714457821,0.8699945376757355,0.8699945376757355,6.719398044076624e-05,0.852956,0.01965052703685858
KGS_RUB,2026-04-18,0.86968,0.9222222222222223,0.860316,-0.010884372718861487,0.8691206949406185,0.8695905015684332,0.8696148979860425,0.8696421876632433,0.8697388013541697,0.8691206949406185,0.0006431159269863739,0.852956,0.01923006163186455
KGS_RUB,2026-04-21,0.860343,0.9888888888888889,0.860316,-3.1383817109061376e-05,0.8580673030273971,0.8601554888160508,0.8600251506415281,0.8603055936215134,0.8603579799155519,0.8580673030273971,0.002645104304449366,0.852956,0.008586110423400808
KGS_RUB,2026-04-22,0.852956,1.0,0.860316,0.008554996071210953,0.8515592763723996,0.8527700988077819,0.8525943204281905,0.8529189147968096,0.8530495671302907,0.8515592763723996,0.0016375095873649521,0.854341,0.0
KGS_RUB,2026-04-23,0.857849,0.9888888888888889,0.852956,-0.00573652099287645,0.8586041281686975,0.8579365374611104,0.8580138398786237,0.8578117020567629,0.8579048135189078,0.8578117020567629,4.347844811503624e-05,0.854341,0.004089297766856353
KGS_RUB,2026-04-24,0.856085,0.9888888888888889,0.852956,-0.0036684190040282704,0.8549595255202861,0.8558698892740777,0.8557563881180519,0.8560477787527454,0.8561356803804454,0.8549595255202861,0.001314676089072808,0.854341,0.002037180887411843
KGS_RUB,2026-04-25,0.864125,0.9444444444444444,0.852956,-0.013094462082452065,0.8657565457640009,0.8643245686409823,0.8644588024242371,0.8640874291860227,0.864013756444089,0.864013756444089,0.0001287354907115036,0.854341,0.011322435990163478
KGS_RUB,2026-04-28,0.855627,0.9888888888888889,0.852956,-0.003131462818715126,0.8538808656129586,0.8556961889510407,0.855430008217165,0.8555897986658747,0.8557313663498128,0.8538808656129586,0.0020407658793392554,0.854341,0.001502991373577516
KGS_RUB,2026-04-29,0.854341,0.9888888888888889,0.852956,-0.001623764883534402,0.854194237958908,0.8542530800989753,0.8542567596798634,0.854303854579159,0.854419037957248,0.854194237958908,0.0001717839142590437,0.855651,0.0
KGS_RUB,2026-04-30,0.85647,0.9555555555555556,0.854341,-0.0024919791980016603,0.8569821991698933,0.8565109216607795,0.8564406123780566,0.8564327620135429,0.8564612375868449,0.8564327620135429,4.34784481149958e-05,0.853586,0.003367310005020605
KGS_RUB,2026-05-01,0.855651,0.9666666666666667,0.854341,-0.0015333455844914775,0.8556087789355389,0.8555629452873833,0.855560681539019,0.855613797622392,0.8556422459659083,0.855560681539019,0.00010555525673559053,0.849873,0.006752753166887037
KGS_RUB,2026-05-05,0.862942,0.9,0.854341,-0.010067408681076959,0.8636356415802867,0.8630995507317903,0.8628499581990721,0.8629289157761484,0.8627539282531516,0.8627539282531516,0.0002179425116038254,0.843771,0.02221586155268829
KGS_RUB,2026-05-06,0.861866,0.9,0.854341,-0.008807958414731358,0.8616136910672949,0.8618745298193138,0.8619086387438493,0.8618973676375965,0.8617886111121527,0.8616136910672949,0.0002927472863590329,0.838674,0.026909055468019378
KGS_RUB,2026-05-07,0.860492,0.9,0.854341,-0.007199701290234247,0.8601446487817989,0.8604034471019504,0.860388701099514,0.8604545871432246,0.8604172040081056,0.8601446487817989,0.0004036658309445934,0.836346,0.02806069086057744
KGS_RUB,2026-05-08,0.853586,0.9888888888888889,0.855651,0.002413367132160302,0.8522369678124413,0.8533999614997012,0.8533771318395386,0.8535488874053873,0.8535772670926064,0.8522369678124413,0.0015804291396047535,0.836221,0.02034358576640194
KGS_RUB,2026-05-09,0.849873,1.0,0.853586,0.004349883901563482,0.8495639534051764,0.8497855398991226,0.8496989000984644,0.8498360488408652,0.8498927764102872,0.8495639534051764,0.0003636385610833134,0.827326,0.026529846224082873
KGS_RUB,2026-05-13,0.843771,1.0,0.849873,0.007179896290386847,0.8419869252713709,0.843447152016881,0.8434483800265999,0.8437343141463556,0.8437917437833968,0.8419869252713709,0.0021144063124108096,0.815238,0.03381604724504638
KGS_RUB,2026-05-14,0.838674,1.0,0.843771,0.006040738541618541,0.8368375073325653,0.8383311611198951,0.8384358798511299,0.8386375357560056,0.838460994163323,0.8368375073325653,0.002189757483163525,0.811331,0.0326026560976017
KGS_RUB,2026-05-15,0.836346,1.0,0.838674,0.0027758103863956634,0.8363524910561344,0.8361490681714335,0.8360657538533679,0.8363096369738329,0.8363527927259877,0.8360657538533679,0.00033508398035279045,0.809493,0.03210752487606806
KGS_RUB,2026-05-16,0.836221,1.0,0.836346,0.00014945967338881485,0.835085283361911,0.8359050216142709,0.8360453940245258,0.8362083209291546,0.8360086171745494,0.835085283361911,0.0013581536915348686,0.809493,0.03196284235865875
KGS_RUB,2026-05-19,0.827326,1.0,0.836221,0.010637140181841866,0.8252538283673692,0.8270360293477337,0.8270096678528734,0.8272900291494348,0.827256376675195,0.8252538283673692,0.002504661563435512,0.809493,0.021554985580049445
KGS_RUB,2026-05-20,0.815238,1.0,0.827326,0.014610927252376919,0.8129081401637802,0.8149522660878393,0.8152651236396847,0.8152025547169156,0.8152681390521382,0.8129081401637802,0.0028578891516585405,0.809493,0.007047021851287599
KGS_RUB,2026-05-21,0.811331,1.0,0.815238,0.004792465513138487,0.8109796096007545,0.8110466354577592,0.8113258496761105,0.8112957245872124,0.8113184996763856,0.8109796096007545,0.0004331036275521051,0.809493,0.0022654132530373007
KGS_RUB,2026-05-22,0.809493,1.0,0.811331,0.0022654132530373007,0.8093515273713194,0.8093023911650181,0.8092219589146555,0.8094578045006,0.809507260383115,0.8092219589146555,0.0003348282015341468,0.810763,0.0
KGS_RUB,2026-05-23,0.814282,0.9777777777777777,0.809493,-0.005916048687264661,0.8143449683319193,0.8142177501108169,0.8142813492300621,0.8142696535758297,0.8140018404437428,0.8140018404437428,0.00034405716478708056,0.810763,0.004321598659923637
KGS_RUB,2026-05-26,0.818136,0.9555555555555556,0.809493,-0.010677053414915207,0.819312946950844,0.8182279571858676,0.8185211399075993,0.8181004287163729,0.8181996498044884,0.8181004287163729,4.347844811507902e-05,0.810763,0.00901194911359476
KGS_RUB,2026-05-27,0.819531,0.9444444444444444,0.809493,-0.012400354295837013,0.8182678657016978,0.8195095810679075,0.8196922885400801,0.8192823618567999,0.8191805770868761,0.8182678657016978,0.0015412892231070697,0.810763,0.010698802119748977
KGS_RUB,2026-05-28,0.810763,0.9888888888888889,0.809493,-0.0015688832392620978,0.8090806183866358,0.8105862947440355,0.8106451149662138,0.810727749282971,0.8106495050012636,0.8090806183866358,0.0020750596825017957,0.812149,0.0
KGS_RUB,2026-05-29,0.816141,0.9444444444444444,0.809493,-0.008212547854027134,0.8175759204027546,0.8162242814528526,0.8164711582967207,0.816105515455877,0.816303909086658,0.816105515455877,4.347844811503706e-05,0.812149,0.004891311672860444
KGS_RUB,2026-05-30,0.812149,0.9666666666666667,0.810763,-0.001709500803564048,0.8110202575209542,0.8119719926662585,0.8119620181966702,0.8121136890218419,0.8122208528213424,0.8110202575209542,0.0013898219157393765,0.818218,0.0
KGS_RUB,2026-06-02,0.818218,0.9111111111111111,0.810763,-0.009195042200988438,0.8201424106648596,0.8183426151891766,0.818623573879456,0.8181824251511403,0.8182940513589777,0.8181824251511403,4.347844811498028e-05,0.829728,0.0
KGS_RUB,2026-06-03,0.829728,0.8777777777777778,0.810763,-0.02339154598816178,0.8308396909845698,0.8299361218638216,0.8299273524058426,0.8296018730988596,0.8295517450869282,0.8295517450869282,0.00021242493090726982,0.820264,0.011406147556789729
KGS_RUB,2026-06-04,0.838692,0.8333333333333334,0.810763,-0.034447797938485084,0.8392931598317391,0.8389782466638003,0.8391633121274632,0.8388495292677239,0.8388816906902125,0.8388495292677239,0.0,0.820264,0.0219723092625183
KGS_RUB,2026-06-05,0.849578,0.8111111111111111,0.812149,-0.046086370850669085,0.8512707151356016,0.8499175257387184,0.8501415174834683,0.8497375739558913,0.8497607684392179,0.8497375739558913,0.0,0.820264,0.034504189138607706
KGS_RUB,2026-06-06,0.840125,0.8222222222222222,0.812149,-0.03444688105261473,0.8381900575584342,0.8400027080687724,0.8399924067334039,0.8402827984242686,0.8399321619651177,0.8381900575584342,0.002303160174457109,0.820264,0.023640529683082896
KGS_RUB,2026-06-09,0.837789,0.8444444444444444,0.818218,-0.023919053357418202,0.837380352467059,0.8378010052320467,0.8376535672540746,0.8379463596596572,0.8377563817570375,0.837380352467059,0.00048776903604727306,0.820264,0.02091815480986264
KGS_RUB,2026-06-10,0.820264,0.8888888888888888,0.829728,0.011406147556789729,0.8185656020508718,0.8201223762781229,0.8208228062090491,0.8202283361942354,0.8202917859664519,0.8185656020508718,0.002070550394907229,0.820926,0.0
KGS_RUB,2026-06-11,0.820926,0.8777777777777778,0.820264,-0.0008070572401081255,0.8218289869317962,0.8209209361944902,0.8209718021438137,0.8208903074115028,0.8210160535197606,0.8208903074115028,4.347844811496652e-05,0.822272,0.0
KGS_RUB,2026-06-12,0.822272,0.8666666666666667,0.820264,-0.0024479923536812657,0.8219553187573823,0.8222341225398863,0.8222925280949089,0.8223026996613604,0.8222526417883524,0.8219553187573823,0.00038512954669226796,0.824915,0.0
KGS_RUB,2026-06-16,0.828488,0.8444444444444444,0.820264,-0.010026040396750325,0.8292773739551184,0.8286462771352769,0.8288896451175208,0.8285189317367503,0.8283307640648686,0.8283307640648686,0.00018978661746626933,0.824915,0.004312675621131566
KGS_RUB,2026-06-17,0.824915,0.8555555555555556,0.820264,-0.005670125715623215,0.8239343481597807,0.8248415126619466,0.824768335380377,0.8249457983382033,0.8248741065320121,0.8239343481597807,0.001188791378771421,0.83188,0.0
KGS_RUB,2026-06-18,0.83188,0.8111111111111111,0.820264,-0.014161294412530551,0.8336825252047487,0.8321999957300914,0.8324811661953556,0.832036249788044,0.8321603518537353,0.832036249788044,0.0,0.838869,0.0
KGS_RUB,2026-06-19,0.838869,0.7444444444444445,0.820926,-0.021857024871912854,0.8398900729026543,0.8391582035729732,0.8394340944436557,0.839026562513159,0.8391517072164147,0.839026562513159,0.0,0.839783,0.0
KGS_RUB,2026-06-20,0.839783,0.7333333333333334,0.822272,-0.021295872898505534,0.8389408073361784,0.8398514302697616,0.8399321231631048,0.8396553446389413,0.8395815632018256,0.8389408073361784,0.0010028693886653727,0.843511,0.0
KGS_RUB,2026-06-23,0.843511,0.7111111111111111,0.824915,-0.022542928665377715,0.8444588992374459,0.8438018039217593,0.844042766014406,0.8436694344075621,0.8436813685186163,0.8436694344075621,0.0,0.853288,0.0
KGS_RUB,2026-06-24,0.853288,0.6555555555555556,0.824915,-0.03439505888485492,0.8545921674988995,0.8536290084048075,0.8537505929172867,0.8534482707952356,0.8535755665631704,0.8534482707952356,0.0,0.855046,0.0
KGS_RUB,2026-06-25,0.855046,0.6222222222222222,0.83188,-0.02784776650478437,0.8546976440586044,0.855291419393401,0.8551698787109278,0.8552066009956579,0.8548409021014575,0.8546976440586044,0.00040741193034713336,0.864891,0.0
KGS_RUB,2026-06-26,0.864891,0.48888888888888893,0.838869,-0.031020338098082047,0.8662481094298194,0.8651861884163684,0.8651672405733346,0.8650534501555888,0.8646748385000371,0.8646748385000371,0.0002499291817845733,0.881202,0.0
KGS_RUB,2026-06-27,0.881202,0.34444444444444444,0.839783,-0.049321074610941276,0.8833288209632923,0.8816647023718943,0.8816692386275574,0.8813675138069481,0.881536245589401,0.8813675138069481,0.0,0.883115,0.0
KGS_RUB,2026-06-30,0.889124,0.28888888888888886,0.843511,-0.05407516914420798,0.8905860245528372,0.8895908620630777,0.8893037809791188,0.8892910017749494,0.8893632678298575,0.8892910017749494,0.0,0.883115,0.006758337419752522
KGS_RUB,2026-07-01,0.895021,0.25555555555555554,0.853288,-0.04890845763681185,0.8959563136666081,0.8954909584653634,0.895327024753895,0.8951891093926346,0.895170720086885,0.895170720086885,0.0,0.870507,0.02738930148007692
KGS_RUB,2026-07-02,0.894971,0.2666666666666667,0.855046,-0.04669339427352445,0.8948758681377704,0.8952006687892299,0.8947092977640456,0.8951391000012688,0.8950548669003778,0.8947092977640456,0.000292414207783651,0.870507,0.027334963926205352
KGS_RUB,2026-07-03,0.89113,0.28888888888888886,0.864891,-0.030337926975769217,0.8899861297895245,0.8912113451934319,0.8908825414770719,0.8912973785565462,0.8910990045057187,0.8899861297895245,0.0012836176657451345,0.868287,0.025633745918103922
KGS_RUB,2026-07-04,0.883115,0.3555555555555555,0.881202,-0.0021708983865219808,0.8806333698138736,0.8830599514739318,0.882972541082038,0.8831479712448463,0.8830806170472113,0.8806333698138736,0.0028100872322702583,0.868287,0.016790565215175773
KGS_RUB,2026-07-07,0.891589,0.28888888888888886,0.883115,-0.0095955792846911,0.8937684281823887,0.8918619638174741,0.891984701573173,0.8916222876230403,0.8917393991418833,0.8916222876230403,0.0,0.868287,0.02613536057533228
KGS_RUB,2026-07-08,0.870507,0.4444444444444444,0.883115,0.014276736325393582,0.8679326270066698,0.8698326730172299,0.8703458498715374,0.8705395005230774,0.8703366503910446,0.8679326270066698,0.002957326010394158,0.868287,0.002550237964772253
KGS_RUB,2026-07-09,0.873672,0.4222222222222223,0.870507,-0.003635812233560412,0.8754660445717244,0.8737033233979418,0.8739050881386985,0.8737046186888767,0.8734549752938444,0.8734549752938444,0.00024840524379353873,0.868287,0.006163640359311015
KGS_RUB,2026-07-10,0.868287,0.4666666666666667,0.870507,0.002550237964772253,0.8666200295865104,0.8680509276553734,0.8679820528311752,0.8683194176390095,0.868227250810712,0.8666200295865104,0.0019198380414420823,0.876173,0.0
KGS_RUB,2026-07-11,0.876681,0.4,0.868287,-0.009667310463015123,0.878894827800607,0.8769934686729349,0.8772334549106235,0.8767137310303903,0.8766752300134542,0.8766752300134542,6.581626094199986e-06,0.876173,0.0005794582065769236
KGS_RUB,2026-07-14,0.876173,0.4,0.868287,-0.009082250454054879,0.875641362922349,0.8762191945867835,0.8760456773771396,0.8762057120641261,0.8761163454634509,0.875641362922349,0.000606771810648155,0.886122,0.0
KGS_RUB,2026-07-15,0.886122,0.34444444444444444,0.868287,-0.020540443424812226,0.8881753128033533,0.8866226586731837,0.8867178411870277,0.8862884379173452,0.8862751564175411,0.8862751564175411,0.0,0.891444,0.0
KGS_RUB,2026-07-16,0.891444,0.30000000000000004,0.868287,-0.02666975320372179,0.8926884572598583,0.8919120802508517,0.892060485993829,0.8916114375343236,0.8915980762665621,0.8915980762665621,0.0,0.895551,0.0
KGS_RUB,2026-07-17,0.895576,0.24444444444444446,0.868287,-0.03142854839471282,0.8965068067718938,0.8960462498852836,0.896145908684059,0.8957442136367954,0.8957904151742988,0.8957442136367954,0.0,0.895551,2.7914995488995637e-05
KGS_RUB,2026-07-18,0.896497,0.23333333333333328,0.876173,-0.023196332231191795,0.8975261950784289,0.8968264198334939,0.897122014292299,0.8966653866257538,0.8966456738260222,0.8966456738260222,0.0,0.89229,0.004692709512692135
KGS_RUB,2026-07-21,0.895551,0.24444444444444446,0.876173,-0.02211663678291845,0.8955062945463186,0.8957808176296926,0.8956970313902466,0.8957192089411125,0.895699516942687,0.8955062945463186,4.991949501636869e-05,0.892135,0.0038144114628870657
KGS_RUB,2026-07-22,0.898273,0.21111111111111114,0.886122,-0.013712558767302948,0.8996266715556573,0.8986389247354925,0.8989867392757444,0.8984417202070679,0.8984880608791023,0.8984417202070679,0.0,0.892135,0.006833111982660034
KGS_RUB,2026-07-23,0.897377,0.21111111111111114,0.891444,-0.006655493783120382,0.8971410349101109,0.8975148826699214,0.8975577912576408,0.8974821861324641,0.8975258197640086,0.8971410349101109,0.00026294978575236585,0.892135,0.005841469081556546
KGS_RUB,2026-07-24,0.896568,0.21111111111111114,0.895551,-0.0011356137171417884,0.8967422687464564,0.8966152698751085,0.8967978434373717,0.8966014735148303,0.8967166856005644,0.8966014735148303,0.0,0.892135,0.004944410239937205
KGS_RUB,2026-07-25,0.89229,0.2777777777777778,0.895551,0.003641333659389536,0.8913321605938912,0.8922343795549555,0.892229050702741,0.8923233137949915,0.892339340800467,0.8913321605938912,0.0010734619979029566,0.892135,0.00017371034080849974
KGS_RUB,2026-07-28,0.892135,0.2777777777777778,0.89229,0.00017371034080849974,0.8922187815988336,0.8921820361534539,0.8922026193742673,0.8921683080080408,0.8921843322294596,0.8921683080080408,0.0,0.89992,0.0
KGS_RUB,2026-07-29,0.89992,0.15555555555555556,0.892135,-0.008726257797306508,0.901628069995854,0.900195514389053,0.900759111916016,0.8999535986623057,0.900288208628522,0.8999535986623057,0.0,0.907456,0.0
KGS_RUB,2026-07-30,0.907456,0.12222222222222223,0.892135,-0.01717340985388986,0.9090976145001068,0.9079324878468158,0.9083759623501416,0.9076264450253152,0.9078272920361854,0.9076264450253152,0.0,0.908676,0.0
KGS_RUB,2026-07-31,0.913177,0.09999999999999998,0.892135,-0.023586116450985562,0.9147583218187268,0.9136564918348566,0.9140398726068883,0.913348519585393,0.9135506328237708,0.913348519585393,0.0,0.908676,0.004928945867011518
KGS_RUB,2026-08-01,0.908676,0.11111111111111116,0.892135,-0.018540915892774106,0.9086090587203268,0.9089091857867152,0.9088755124479738,0.9088466741746416,0.9087650006348807,0.9086090587203268,7.366903018591451e-05,0.915594,0.0
KGS_RUB,2026-08-04,0.915594,0.07777777777777772,0.892135,-0.02629534767720133,0.9175003025144728,0.9160610484705454,0.916406756014232,0.9157659735640168,0.9159686217564038,0.9157659735640168,0.0,0.925435,0.0
KGS_RUB,2026-08-05,0.92772,0.0444444444444444,0.89992,-0.030891634811983214,0.9299157008532332,0.9281562025833516,0.928661787088949,0.9278942511580568,0.9281388253019656,0.9278942511580568,0.0,0.925435,0.0024630276376492706
KGS_RUB,2026-08-06,0.925435,0.0444444444444444,0.907456,-0.01981253085549048,0.9257036168879286,0.9257232757347892,0.9255668829591632,0.9256088219726384,0.9254067312457585,0.9254067312457585,3.054645030883429e-05,0.930906,0.0
KGS_RUB,2026-08-07,0.930906,0.0,0.908676,-0.024464165445109116,0.9331851443032024,0.9314319616202044,0.9319004638546552,0.9310808495758872,0.9311340479822144,0.9310808495758872,0.0,0.939583,0.0
KGS_RUB,2026-08-08,0.939583,0.0,0.908676,-0.03401322363526703,0.9415913526827604,0.94002478042068,0.9405377584254028,0.9397594793535122,0.9399674370253048,0.9397594793535122,0.0,0.941958,0.0
KGS_RUB,2026-08-11,0.944608,0.0,0.915594,-0.0316887179251939,0.9461461201585956,0.9451039956537892,0.9455051456974805,0.9447854231857776,0.944866929157614,0.9447854231857776,0.0,0.941958,0.002805396524272546
KGS_RUB,2026-08-12,0.941958,0.011111111111111072,0.925435,-0.017854306353228433,0.94221264731683,0.9420913251129982,0.9419878912664136,0.9421349254433888,0.9420502604537052,0.9419878912664136,0.0,0.949087,0.0
KGS_RUB,2026-08-13,0.949087,0.0,0.925435,-0.025557710698212197,0.9512567578852116,0.9495711333951125,0.95005449744115,0.9492652644643282,0.949475325654078,0.9492652644643282,0.0,0.958328,0.0
KGS_RUB,2026-08-14,0.958328,0.0,0.930906,-0.029457324370022263,0.9604911669334218,0.958778594090133,0.9593230586235152,0.95850800017656,0.9587201066745424,0.95850800017656,0.0,0.953183,0.005368725530298557
KGS_RUB,2026-08-15,0.96678,0.0,0.939583,-0.028945819581665512,0.9685033025709152,0.9672876377483256,0.967596001499191,0.9669615876930387,0.96717556487008,0.9669615876930387,0.0,0.948212,0.019206024121309832
KGS_RUB,2026-08-18,0.97214,0.0,0.941958,-0.03204176831663412,0.9739428611040172,0.9726504521821482,0.9729331689314892,0.9723225944474552,0.9725377579519638,0.9723225944474552,0.0,0.948212,0.02461373876190667
KGS_RUB,2026-08-19,0.973865,0.0,0.941958,-0.033873060157671595,0.9748506330681008,0.9742228488786304,0.9743546804411638,0.9740479184495764,0.9740265044284356,0.9740265044284356,0.0,0.948212,0.0263414333608867
KGS_RUB,2026-08-20,0.973463,0.011111111111111072,0.949087,-0.025683630689283442,0.9737944553641288,0.9737128115230216,0.9734664453797148,0.973645842942995,0.97362443776131,0.9734664453797148,0.0,0.948212,0.025939352599944645
KZT_RUB,2025-07-12,0.150259,0.9666666666666667,0.150111,-0.0009859370732325362,0.150294910206555,0.1502378802191727,0.1502291773235692,0.1502123975488858,0.1502277671903836,0.1502123975488858,0.0003101474861020521,0.147,0.02168921661930408
KZT_RUB,2025-07-15,0.150447,0.9555555555555556,0.150111,-0.0022383436257169893,0.1504343110152614,0.1504225750544409,0.1504103169950065,0.1503975065485868,0.1503830784811857,0.1503830784811857,0.0004248773243354247,0.146788,0.024320857178940062
KZT_RUB,2025-07-16,0.148707,1.0,0.150111,0.009353078721745832,0.1485409565059778,0.1486828575419965,0.1486707412535739,0.1486616798335244,0.14864381776773,0.1485409565059778,0.0011165815598607775,0.146788,0.01290457073305227
KZT_RUB,2025-07-17,0.148247,1.0,0.148707,0.0030933311814508794,0.1482278969435883,0.1482229322226146,0.1482108534138848,0.1482018200238085,0.1481840132112992,0.1481840132112992,0.00042487732433564405,0.146788,0.009841683136926805
KZT_RUB,2025-07-18,0.148501,0.9888888888888889,0.148247,-0.001713356762700117,0.1485505530523564,0.1484768909859255,0.148464791481887,0.1484595003946583,0.1484446462766078,0.1484446462766078,0.0003794837973629031,0.14641,0.014080713261190038
KZT_RUB,2025-07-19,0.147,1.0,0.148247,0.008411637334988217,0.1468545810004974,0.1469761346720295,0.1469641574658581,0.1469568178573589,0.1469612058627113,0.1468545810004974,0.0009892448945755107,0.14641,0.004013605442176731
KZT_RUB,2025-07-22,0.146788,1.0,0.147,0.0014421768707482312,0.1467929927880141,0.1467641690900535,0.1467522091571318,0.1467432646708183,0.1467256331073154,0.1467256331073154,0.0004248773243357839,0.14605,0.005027658936697745
KZT_RUB,2025-07-23,0.147492,0.9777777777777777,0.146788,-0.004796032373218588,0.1476516522129891,0.1474680547962379,0.1474560375030908,0.1474543856057447,0.1474360291757593,0.1474360291757593,0.0003794837973633807,0.14605,0.009776801453638155
KZT_RUB,2025-07-24,0.147469,0.9777777777777777,0.146788,-0.004639343815570668,0.1474570763949744,0.1474450585302688,0.1474330431111063,0.147427788794014,0.1474063437658576,0.1474063437658576,0.00042487732433524463,0.14605,0.009622361309834446
KZT_RUB,2025-07-25,0.14641,1.0,0.146788,0.002575142382211008,0.1463622604291833,0.1463862304580397,0.1463743013236482,0.1463669911734416,0.1463713615670719,0.1463622604291833,0.0003260676922117226,0.14605,0.002458848439314249
KZT_RUB,2025-07-26,0.146795,0.9777777777777777,0.14641,-0.002629601803155498,0.1469433169692766,0.1467711679536093,0.1467592074503445,0.1467575633593368,0.1467392936759661,0.1467392936759661,0.0003794837973629859,0.14605,0.0050751047378997625
KZT_RUB,2025-07-29,0.14605,1.0,0.14641,0.002458848439314249,0.1459892869598942,0.1460262889037409,0.1460143891012828,0.1460054895847959,0.1459879466667808,0.1459879466667808,0.0004248773243355603,0.146664,0.0
KZT_RUB,2025-07-30,0.151851,0.7,0.14605,-0.03971927422115714,0.1525355561789965,0.1518296564542663,0.1518208981093545,0.1518219013984431,0.1517899005530261,0.1517899005530261,0.0004023644689459485,0.146664,0.034158484303692595
KZT_RUB,2025-07-31,0.150978,0.7666666666666666,0.14605,-0.033741869222868794,0.1507594590495709,0.1509567791595197,0.1509480711668288,0.1509317719778927,0.1509143945408365,0.1507594590495709,0.001447501956769288,0.146664,0.02857369947939443
KZT_RUB,2025-08-01,0.147003,0.9444444444444444,0.14605,-0.0065251626155424965,0.1464701813271458,0.1469823378690065,0.1469738235586331,0.146928257941773,0.1469555117881984,0.1464701813271458,0.003624542851875181,0.146664,0.0023060753862166484
KZT_RUB,2025-08-02,0.148543,0.8888888888888888,0.14605,-0.017069496747689112,0.1487013544505399,0.1485221214130041,0.148513553864366,0.148514535297291,0.1484811951788156,0.1484811951788156,0.00041607360282475034,0.146664,0.0126495358246435
KZT_RUB,2025-08-05,0.146664,0.9777777777777777,0.14605,-0.004204039712427084,0.1462105889588538,0.1466433855174382,0.1466348908417064,0.1466236677388597,0.1466302567449738,0.1462105889588538,0.0030914951259080926,0.147672,0.0
KZT_RUB,2025-08-06,0.147741,0.9,0.146664,-0.007343315333006208,0.1478412571045363,0.1477202341387924,0.147711677083978,0.1476951785002558,0.147679528869845,0.147679528869845,0.00041607360282525004,0.147185,0.003763342606317819
KZT_RUB,2025-08-07,0.149185,0.8444444444444444,0.146664,-0.017188948889979978,0.1492421583510625,0.1491640311761511,0.149155426598732,0.1491387306472859,0.1491371883277284,0.1491371883277284,0.0003204857879251145,0.146791,0.016047189730871114
KZT_RUB,2025-08-08,0.147946,0.8888888888888888,0.146664,-0.008741068019418572,0.1476771826859395,0.147925205324844,0.1479166363965737,0.1479078509900928,0.1478985854096196,0.1476771826859395,0.0018169961611703214,0.146791,0.007806902518486403
KZT_RUB,2025-08-09,0.14791,0.8888888888888888,0.146664,-0.008495609011073098,0.1479035690532166,0.1478892103848544,0.1478806435416789,0.1478700789516631,0.147862596947108,0.147862596947108,0.000320485787925262,0.146791,0.007565411398823668
KZT_RUB,2025-08-12,0.147672,0.9,0.146664,-0.006872852233677037,0.1475693250964146,0.1476512438371457,0.1476426907787628,0.147626784243528,0.1476246732227255,0.1475693250964146,0.0006952902621038382,0.146791,0.005965924481282795
KZT_RUB,2025-08-13,0.147185,0.9222222222222223,0.147672,0.003297849287610295,0.1470695764511406,0.1471643122878426,0.1471557874361572,0.1471434514907514,0.1471374529944694,0.1470695764511406,0.0007842072823956636,0.146791,0.0026769032170398167
KZT_RUB,2025-08-14,0.146791,0.9555555555555556,0.147185,0.0026769032170398167,0.1466843514069685,0.1467703676668458,0.1467618656353633,0.1467495627120894,0.1467435802732015,0.1466843514069685,0.0007265335955985024,0.148274,0.0
KZT_RUB,2025-08-15,0.148274,0.8222222222222222,0.146791,-0.010102799217935598,0.1482185232677568,0.1482531592225266,0.1482446071890631,0.1482376030858913,0.1482123071026147,0.1482123071026147,0.00041607360282503526,0.148697,0.0
KZT_RUB,2025-08-16,0.148732,0.7777777777777778,0.146791,-0.013222881511809295,0.1487836183387291,0.1487110948479492,0.1487025163983149,0.1486954906603368,0.1486843335077903,0.1486843335077903,0.00032048578792520394,0.148697,0.000235322593658441
KZT_RUB,2025-08-19,0.148697,0.7888888888888889,0.146791,-0.012984447275377857,0.1487311023808701,0.1486760997674038,0.1486675233364725,0.1486648728790474,0.1486493447247928,0.1486493447247928,0.000320485787925768,0.148736,0.0
KZT_RUB,2025-08-20,0.14879,0.7555555555555555,0.146791,-0.0136180011036099,0.1488771577981297,0.1487690866957102,0.1487605049007965,0.148761487965666,0.1487423149196146,0.1487423149196146,0.00032048578792534646,0.148736,0.0003629276161032226
KZT_RUB,2025-08-21,0.148736,0.7555555555555555,0.146791,-0.013250131138830052,0.1487189709665166,0.1487150942857258,0.1487065156053826,0.1487074983134706,0.1486883322258471,0.1486883322258471,0.00032048578792565134,0.149081,0.0
KZT_RUB,2025-08-22,0.149081,0.7333333333333334,0.148274,-0.005442626488797782,0.1491755097121674,0.149060045793959,0.1490514472149717,0.1490444049910824,0.1490332216582503,0.1490332216582503,0.00032048578792523815,0.149344,0.0
KZT_RUB,2025-08-23,0.150162,0.6777777777777778,0.148697,-0.009852249877267155,0.1503285762282497,0.1501408938530898,0.1501322329250178,0.1501332250547774,0.1501138752131135,0.1501138752131135,0.00032048578792559463,0.149344,0.0054474500872390185
KZT_RUB,2025-08-26,0.150155,0.6777777777777778,0.148697,-0.009805174280584106,0.1501980809461682,0.1501338948369807,0.1501252343126494,0.1501225578670273,0.1501068774565141,0.1501068774565141,0.00032048578792518876,0.149341,0.0054210648996038035
KZT_RUB,2025-08-27,0.150239,0.6555555555555556,0.148736,-0.010105152753872661,0.1502940728137117,0.1502178830302897,0.1502092176610711,0.1502102102995745,0.1501908505357079,0.1501908505357079,0.00032048578792525306,0.149341,0.00597714308535074
KZT_RUB,2025-08-28,0.150677,0.5888888888888889,0.148736,-0.013049967728055065,0.1507324325043107,0.1506558214668292,0.1506471308349843,0.1506481263673812,0.1506287101629328,0.1506287101629328,0.00032048578792516605,0.149341,0.00886664852631791
KZT_RUB,2025-08-29,0.149344,0.7111111111111111,0.149081,-0.0017641416411213584,0.1492263810866345,0.1493230088277716,0.1493143950796731,0.1493029307450517,0.1492751777962788,0.1492263810866345,0.0007875703969728152,0.149341,2.0087850867815247e-05
KZT_RUB,2025-08-30,0.149382,0.7,0.149344,-0.00025444611099195475,0.1495099433428381,0.1493610034866495,0.1493523875468162,0.1493416816574764,0.1493341251920281,0.1493341251920281,0.00032048578792550074,0.149341,0.000274464125530422
KZT_RUB,2025-09-02,0.149341,0.7111111111111111,0.149344,2.0087850867815247e-05,0.1493132161273099,0.1493200092494392,0.1493113956743723,0.149300692723415,0.1492931383319454,0.1492931383319454,0.00032048578792557984,0.149654,0.0
KZT_RUB,2025-09-03,0.149654,0.6777777777777778,0.149341,-0.0020958745421552536,0.1497797783326763,0.1496329652554594,0.1496243336274199,0.1496172643364041,0.1496060380198938,0.1496060380198938,0.00032048578792550595,0.149845,0.0
KZT_RUB,2025-09-04,0.149845,0.6555555555555556,0.149341,-0.00337482673880585,0.149882955736042,0.1498206727886412,0.1498104620005049,0.1498031248047998,0.1497866107118033,0.1497866107118033,0.0003896645747052522,0.150501,0.0
KZT_RUB,2025-09-05,0.150501,0.5444444444444445,0.149341,-0.007767458367092723,0.1506234211448759,0.1504765662875858,0.1504663107980779,0.1504510611489403,0.1504423550918423,0.1504423550918423,0.00038966457470504865,0.151015,0.0
KZT_RUB,2025-09-06,0.151015,0.4666666666666667,0.149341,-0.011209245953890818,0.1511349142963598,0.1509904828401125,0.1509801923254446,0.1509648905947949,0.1509561548042509,0.1509561548042509,0.00038966457470524895,0.153073,0.0
KZT_RUB,2025-09-09,0.153073,0.3555555555555555,0.149341,-0.024989788470681094,0.1534458144262275,0.1530514846950228,0.153042655868537,0.1530436672314563,0.1530085119391532,0.1530085119391532,0.00042128958632007933,0.153598,0.0
KZT_RUB,2025-09-10,0.155556,0.19999999999999996,0.149654,-0.03943763614737989,0.1559626330814898,0.1555341356948578,0.1555251636558123,0.1555261914240684,0.1554904658771103,0.1554904658771103,0.0004212895863207102,0.153065,0.016013525675640884
KZT_RUB,2025-09-11,0.158211,0.0444444444444444,0.149845,-0.055831025392905895,0.1586694336739441,0.1581887625190873,0.1581796373469986,0.1581768173067847,0.1581443473532587,0.1581443473532587,0.000421289586320166,0.153065,0.03252618338800706
KZT_RUB,2025-09-12,0.159169,0.0,0.150501,-0.057594301698992094,0.1596005919450603,0.1591466278665871,0.1591374474397129,0.1591384990792868,0.159101943757835,0.159101943757835,0.0004212895863201521,0.153065,0.038349176033021494
KZT_RUB,2025-09-13,0.156581,0.1333333333333333,0.151015,-0.03685726583451966,0.1563261255968802,0.1565589916251159,0.1565499604669105,0.1565330563927885,0.1565150340552844,0.1563261255968802,0.0016277479586910518,0.153065,0.022454831684559376
KZT_RUB,2025-09-16,0.153598,0.3111111111111111,0.153073,-0.003429736138966542,0.1532871849117062,0.1535764109032038,0.1535675517961728,0.153519904786572,0.1535487740239463,0.1532871849117062,0.0020235620795440615,0.153065,0.003470097266891533
KZT_RUB,2025-09-17,0.153065,0.3555555555555555,0.153598,0.003470097266891533,0.1529914365107356,0.1530434858194696,0.1530346574544016,0.1530217916393101,0.1530159448428712,0.1529914365107356,0.0004806029416548883,0.153594,0.0
KZT_RUB,2025-09-18,0.153832,0.2777777777777778,0.153065,-0.00501094306340437,0.153974703980753,0.1538103780131359,0.1538015054096332,0.153784289391918,0.1537826990302719,0.1537826990302719,0.00032048578792517483,0.153594,0.0015471423370949362
KZT_RUB,2025-09-19,0.153736,0.2777777777777778,0.153065,-0.004383758533956194,0.1536715315968642,0.1537143915064971,0.1537055244400084,0.1536868935439241,0.1536867297969075,0.1536715315968642,0.0004193448713106525,0.153594,0.0009236613415205497
KZT_RUB,2025-09-20,0.154414,0.23333333333333328,0.153065,-0.008813249273184522,0.1545924693194256,0.1543922962096336,0.1543833900379837,0.1543661088860811,0.1543645125075433,0.1543645125075433,0.0003204857879253258,0.153594,0.005310399316124104
KZT_RUB,2025-09-23,0.155248,0.16666666666666663,0.153065,-0.014261914872766408,0.1554004497694853,0.1552261789860583,0.1552172247115993,0.1552182504448801,0.1551982452223962,0.1551982452223962,0.00032048578792512545,0.152257,0.01926594867566728
KZT_RUB,2025-09-24,0.153594,0.30000000000000004,0.153065,-0.0034560480841472688,0.15345394674412,0.1535724114654272,0.1535635525891051,0.1535506423091379,0.1535447753058894,0.15345394674412,0.000911840670078341,0.150528,0.019961717254580343
KZT_RUB,2025-09-25,0.15411,0.24444444444444446,0.153594,-0.0033595062307120636,0.1543163017256833,0.1540883389386108,0.1540794503008384,0.1540721705192192,0.1540606099352228,0.1540606099352228,0.000320485787925468,0.148429,0.036863279475699125
KZT_RUB,2025-09-26,0.154029,0.24444444444444446,0.153594,-0.0028321418805421494,0.1540032091984122,0.1540073503236342,0.1539984663577175,0.1539911904023413,0.1539796358945716,0.1539796358945716,0.00032048578792572946,0.147516,0.042284245174609915
KZT_RUB,2025-09-27,0.154356,0.21111111111111114,0.153594,-0.004961131294191081,0.1544866825540762,0.1543343043618727,0.154325401535502,0.154318110133441,0.154306531095719,0.154306531095719,0.00032048578792518844,0.147516,0.04431314623338248
KZT_RUB,2025-09-30,0.152257,0.3555555555555555,0.153594,0.008704767113298728,0.1519525202008321,0.1522355993885929,0.1522268176267261,0.1522064800959837,0.1522082037953878,0.1519525202008321,0.001999775374320359,0.147516,0.031138141431920997
KZT_RUB,2025-10-01,0.150528,0.5333333333333333,0.152257,0.011355799733345648,0.1503880389518553,0.1505068424096502,0.1504981239337559,0.1504780537898962,0.1504793730635016,0.1503880389518553,0.0009298007556381833,0.147516,0.020009566326530524
KZT_RUB,2025-10-02,0.148429,0.8111111111111111,0.150528,0.013944249574829865,0.1481272506024109,0.1484081374363705,0.14839954053308,0.1483811266446286,0.1483810511296402,0.1481272506024109,0.002032954460308419,0.147516,0.006151089072890049
KZT_RUB,2025-10-03,0.147516,0.8777777777777778,0.148429,0.006151089072890049,0.1474408580636892,0.1474952657638576,0.147486721740885,0.1474670531919001,0.1474683460674128,0.1474408580636892,0.0005093816013910861,0.149731,0.0
KZT_RUB,2025-10-04,0.149731,0.6444444444444444,0.147516,-0.015015320372027404,0.1498978591000306,0.1497099544326593,0.1497013183634731,0.1496845613067585,0.1496687008833754,0.1496687008833754,0.0004160736028251632,0.149924,0.0
KZT_RUB,2025-10-07,0.151579,0.3555555555555555,0.147516,-0.027542775021014553,0.1517461498431215,0.1515576946854563,0.1515489520287508,0.1515417918054164,0.151530421084752,0.151530421084752,0.0003204857879256499,0.149924,0.010918398986666952
KZT_RUB,2025-10-08,0.150155,0.5777777777777777,0.147516,-0.017889584858591625,0.1499386140411735,0.1501338948369807,0.1501252343126494,0.150106569951453,0.1501068774565141,0.1499386140411735,0.0014410839387732927,0.148686,0.009783224001864725
KZT_RUB,2025-10-09,0.15056,0.47777777777777775,0.147516,-0.0206350497573144,0.1506816580323821,0.1505388379118632,0.1505301540282541,0.1505311487876246,0.15051174765977,0.15051174765977,0.0003204857879251425,0.146369,0.027836078639744955
KZT_RUB,2025-10-10,0.150743,0.4444444444444444,0.147516,-0.0218755931559965,0.1507334652095831,0.1507218121901434,0.1507131177516014,0.1507141137200644,0.1506946890108707,0.1506946890108707,0.0003204857879256373,0.146369,0.029016272729081877
KZT_RUB,2025-10-11,0.149924,0.6111111111111112,0.149731,-0.0012889782343001698,0.1497600453082064,0.1499029273053811,0.1498942801044897,0.1498742542011878,0.1498759514887311,0.1497600453082064,0.0010935853618739399,0.146369,0.0237120140871375
KZT_RUB,2025-10-14,0.149992,0.6,0.149924,-0.0004535631386568177,0.1500573297933434,0.1499709177475836,0.1499622666246406,0.1499454803582646,0.1499439296956975,0.1499439296956975,0.0003204857879252445,0.146369,0.024154621579817508
KZT_RUB,2025-10-15,0.148686,0.7666666666666666,0.149924,0.00825751714201855,0.1484329597040778,0.1486651013135181,0.1486564895249683,0.1486380437534664,0.1486379681077262,0.1484329597040778,0.001701843454812244,0.146369,0.015583175282138286
KZT_RUB,2025-10-16,0.146369,0.9888888888888889,0.148686,0.015583175282138286,0.1460394362330877,0.1463484269814127,0.1463399493918734,0.14632043377427,0.1463217165971226,0.1460394362330877,0.0022515953986997836,0.146571,0.0
KZT_RUB,2025-10-17,0.146571,0.9666666666666667,0.146369,-0.00138007364947501,0.1466624754318755,0.1465503985891319,0.1465419092998946,0.1465241821930225,0.1465405337774224,0.1465241821930225,0.0003194206696926209,0.150572,0.0
KZT_RUB,2025-10-18,0.150572,0.4111111111111111,0.146369,-0.028715096775956742,0.1507214194122265,0.150550836225193,0.1505421516494572,0.1505350389943539,0.1505237438139405,0.1505237438139405,0.00032048578792536234,0.150474,0.0006508514199188079
KZT_RUB,2025-10-21,0.151697,0.24444444444444446,0.146369,-0.03640115051684441,0.1520038037035407,0.1516756780998666,0.151666928637248,0.1516679309088489,0.1516483832674291,0.1516483832674291,0.0003204857879252336,0.146776,0.03243966591297131
KZT_RUB,2025-10-22,0.15117,0.30000000000000004,0.146369,-0.032800661342224105,0.1512533203674098,0.1511487521727973,0.1511400331060784,0.1511237131893259,0.1511215521634393,0.1511215521634393,0.00032048578792544057,0.146776,0.029066613746113707
KZT_RUB,2025-10-23,0.151617,0.23333333333333328,0.146369,-0.03585458669527019,0.1517733548887976,0.1515956893443342,0.151586944495894,0.1515842419907767,0.1515531253367909,0.1515531253367909,0.00042128958632007163,0.146776,0.03192913723395142
KZT_RUB,2025-10-24,0.150909,0.33333333333333337,0.146571,-0.029596577767771116,0.15083082631741,0.150887788857873,0.1508790848449109,0.1508664797232166,0.150845423609818,0.15083082631741,0.0005180186906678809,0.146776,0.02738736589600354
KZT_RUB,2025-10-25,0.150474,0.4444444444444444,0.150572,0.0006508514199188079,0.1504234208260444,0.1504528499996659,0.1504441710762985,0.1504351991259191,0.1504257752215477,0.1504234208260444,0.0003361323149221458,0.146776,0.024575674202852366
KZT_RUB,2025-10-28,0.146776,0.9444444444444444,0.150474,0.024575674202852366,0.1462766238786038,0.1467553697751835,0.1467468686124904,0.1467168807234522,0.1467285851188385,0.1462766238786038,0.003402300930643937,0.148315,0.0
KZT_RUB,2025-10-29,0.148324,0.7666666666666666,0.146776,-0.010546683381479408,0.1483392453212018,0.1483031521947343,0.1482945972774094,0.1482779976842714,0.1482622862989346,0.1482622862989346,0.00041607360282502464,0.148315,6.067797524344678e-05
KZT_RUB,2025-10-30,0.148315,0.7666666666666666,0.146776,-0.01048536545484284,0.1481641744037795,0.1482941534597369,0.1482855990615071,0.1482690004755988,0.1482674671503638,0.1481641744037795,0.0010169274599366937,0.151851,0.0
KZT_RUB,2025-10-31,0.151851,0.18888888888888888,0.146776,-0.03457649752003069,0.1519163243633173,0.1518296564542663,0.1518208981093545,0.1518039037940879,0.1518023339126177,0.1518023339126177,0.00032048578792583755,0.15248,0.0
KZT_RUB,2025-11-01,0.152764,0.16666666666666663,0.146776,-0.04079686052215636,0.1529183900652061,0.1527425281267792,0.1527337171225572,0.1527347264438941,0.1527150413090934,0.1527150413090934,0.0003204857879251495,0.15248,0.0018590767458302117
KZT_RUB,2025-11-02,0.15248,0.1777777777777778,0.146776,-0.038861939281626526,0.1525665664311733,0.1524585680446393,0.1524497734207504,0.1524370370766228,0.1524157617638779,0.1524157617638779,0.0004212895863202787,0.154012,0.0
KZT_RUB,2025-11-06,0.155388,0.0444444444444444,0.148315,-0.04768904021845394,0.1554853953622203,0.1553661593082399,0.1553571969589688,0.1553582236172384,0.1553225366537609,0.1553225366537609,0.00042128958632010546,0.154012,0.008855252657862822
KZT_RUB,2025-11-07,0.155021,0.06666666666666665,0.148315,-0.04521457708256069,0.1549718399819187,0.1549992108922352,0.1549902697105073,0.154973534049894,0.154955691267039,0.154955691267039,0.0004212895863204573,0.153628,0.00898587933247757
KZT_RUB,2025-11-08,0.15419,0.09999999999999998,0.151851,-0.015403257140222849,0.1541298142298009,0.1541683276941431,0.1541594344421925,0.1541427884941599,0.1541405842963598,0.1541298142298009,0.0003903351073291999,0.153628,0.003644853751864628
KZT_RUB,2025-11-11,0.154012,0.1333333333333333,0.15248,-0.010047219307450193,0.1539945929492114,0.1539903527130836,0.1539814697276798,0.153982487294631,0.15396264134283,0.15396264134283,0.00032048578792569536,0.153628,0.002493312209438376
KZT_RUB,2025-11-12,0.155384,0.05555555555555558,0.15248,-0.019045120671563418,0.1556521479524745,0.1553621598704632,0.1553531977519011,0.1553542243837425,0.155334201636329,0.155334201636329,0.0003204857879253962,0.153628,0.011301034855583635
KZT_RUB,2025-11-13,0.154746,0.0888888888888889,0.154012,-0.004765862400332342,0.1546410774188052,0.1547242495450928,0.1547153242246028,0.1547023171137535,0.1546964061062617,0.1546410774188052,0.0006780309745957507,0.153628,0.007224742481227352
KZT_RUB,2025-11-14,0.153628,0.18888888888888888,0.154012,0.002493312209438376,0.153483094631807,0.1536064066865284,0.1535975458491805,0.1535846327113575,0.1535787644093726,0.153483094631807,0.0009432223825928662,0.154643,0.0
KZT_RUB,2025-11-15,0.154729,0.09999999999999998,0.153628,-0.007166662327180063,0.1549488589750034,0.1547072519345422,0.1546983275945651,0.1546872384971393,0.1546794115545201,0.1546794115545201,0.00032048578792529046,0.152501,0.014399369219732614
KZT_RUB,2025-11-18,0.155365,0.06666666666666665,0.153628,-0.01130653266331669,0.1554491086903284,0.1553431625410243,0.1553342015183295,0.1553352280246367,0.155315207725559,0.155315207725559,0.00032048578792514827,0.152162,0.02061596884755261
KZT_RUB,2025-11-19,0.154643,0.12222222222222223,0.153628,-0.0066068685395892415,0.154560075360356,0.154621264022345,0.1546123446426096,0.1545993461893825,0.1545934391162979,0.154560075360356,0.0005362327402081983,0.151855,0.018028620758779982
KZT_RUB,2025-11-20,0.155361,0.07777777777777772,0.153628,-0.011280495742963604,0.1555352877635678,0.1553391631032477,0.1553302023112618,0.1553228634354449,0.1553112090075021,0.1553112090075021,0.0003204857879256132,0.151609,0.02415020500640447
KZT_RUB,2025-11-21,0.15543,0.0444444444444444,0.153628,-0.011729632619053987,0.1553912674080092,0.1554081534048944,0.1553991886331797,0.1554002155689459,0.1553801868939828,0.1553801868939828,0.00032048578792514106,0.150864,0.029376568230071506
KZT_RUB,2025-11-22,0.152501,0.3111111111111111,0.154643,0.01385125741223337,0.1519871135575977,0.1524795650929666,0.1524707692578558,0.1524378191350545,0.1524521255968556,0.1519871135575977,0.0033697250667359584,0.150864,0.01073435584028957
KZT_RUB,2025-11-25,0.152162,0.34444444444444444,0.152501,0.002222936243041068,0.1521277951984115,0.1521406127413983,0.1521318364588682,0.1521115116176272,0.1521132342415377,0.1521115116176272,0.0003318067741800681,0.150864,0.008530382092769507
KZT_RUB,2025-11-26,0.151855,0.3555555555555555,0.152162,0.002017586519630405,0.1517434161118821,0.1518336558920429,0.1518248973164222,0.1518046134823069,0.1518063326306746,0.1517434161118821,0.0007348054928575499,0.150864,0.006525962266635882
KZT_RUB,2025-11-27,0.151609,0.4111111111111111,0.151855,0.001619966415330389,0.1515291303111316,0.151587690468781,0.1515789460817586,0.1515586951067733,0.1515604114701784,0.1515291303111316,0.00052681363816389,0.150864,0.0049139562954705574
KZT_RUB,2025-11-28,0.150864,0.47777777777777775,0.151609,0.0049139562954705574,0.1507190767068342,0.1508427951828861,0.150834057246108,0.1508153412750558,0.1508152645212327,0.1507190767068342,0.0009606221044502893,0.150868,0.0
KZT_RUB,2025-11-29,0.151353,0.43333333333333335,0.150864,-0.0032413299395481323,0.151470731297261,0.1513317264510775,0.1513229601917634,0.1513158472817817,0.1513215397917338,0.1513158472817817,0.0002454706429226718,0.150868,0.0032044293803227255
KZT_RUB,2025-12-02,0.151606,0.4222222222222223,0.150864,-0.004918337045285772,0.1515993747023055,0.1515846908904485,0.1515759099775523,0.151558979780222,0.151557024823722,0.151557024823722,0.00032304246717147647,0.150868,0.00486788121842136
KZT_RUB,2025-12-03,0.150868,0.5,0.150864,-2.6513946335799134e-05,0.1507379843782981,0.1508467946206627,0.1508380564522075,0.150817940975593,0.1508192632290628,0.1507379843782981,0.0008617839548605106,0.151108,0.0
KZT_RUB,2025-12-04,0.153396,0.2777777777777778,0.150864,-0.01678332803054411,0.1533307972182652,0.1533744392954846,0.1533655918392539,0.1533566836328853,0.1533321759736211,0.1533307972182652,0.0004250618121385317,0.151108,0.01491564317192112
KZT_RUB,2025-12-05,0.152753,0.3222222222222222,0.150864,-0.01252121115706863,0.152592704676617,0.1527315296728934,0.1527226823265639,0.1527000809326547,0.152704044834437,0.152592704676617,0.0010493759427506616,0.151108,0.010769019266397437
KZT_RUB,2025-12-06,0.152294,0.3555555555555555,0.150868,-0.009451971259644263,0.1519898928036044,0.1522725941880267,0.1522637734266544,0.152244880051857,0.1522448025705046,0.1519898928036044,0.0019968429248402426,0.151108,0.00778756878143604
KZT_RUB,2025-12-09,0.153171,0.28888888888888886,0.150868,-0.015264999867433779,0.153293571941265,0.1531494709205499,0.1531406364416957,0.1531303208425088,0.1531072695901817,0.1531072695901817,0.00041607360282496197,0.151108,0.013468606981739423
KZT_RUB,2025-12-10,0.151108,0.5,0.150868,-0.001590794601903586,0.1508774612626788,0.1510867608872597,0.1510780088181733,0.1510589628602693,0.1510732343057567,0.1508774612626788,0.0015256554075308965,0.151338,0.0
KZT_RUB,2025-12-11,0.151338,0.48888888888888893,0.151108,-0.0015220901606798317,0.1515680277216334,0.1513167285594152,0.1513079631688905,0.1513472150910077,0.1514101431017221,0.1513079631688905,0.0001984751424592491,0.152091,0.0
KZT_RUB,2025-12-12,0.15305,0.3222222222222222,0.151108,-0.01285173518278317,0.1532723250083019,0.1530284879278072,0.1530196604278977,0.153008691660821,0.153000949650158,0.153000949650158,0.00032048578792540766,0.152091,0.0062659261679189
KZT_RUB,2025-12-13,0.15332,0.28888888888888886,0.151108,-0.01463853667575522,0.1535636737904806,0.1532984499777289,0.1532896069049676,0.1532786187875666,0.1532708631189953,0.1532708631189953,0.000320485787925377,0.152091,0.008015914427341559
KZT_RUB,2025-12-16,0.152091,0.4222222222222223,0.151108,-0.006505280991079306,0.1520216610421818,0.1520696227208633,0.1520608137171083,0.152048066587491,0.1520418681481254,0.1520216610421818,0.0004559044112946575,0.152865,0.0
KZT_RUB,2025-12-17,0.152865,0.34444444444444444,0.151108,-0.011627445270932105,0.1530717866875951,0.1528435139306387,0.1528346971010166,0.1528357070896668,0.1528013969087041,0.1528013969087041,0.0004160736028254387,0.152586,0.0018251398292611224
KZT_RUB,2025-12-18,0.154694,0.1444444444444445,0.151338,-0.022175527626901358,0.1549699128318699,0.1546722568539968,0.1546633345327227,0.1546643566056908,0.1546288290287338,0.1546288290287338,0.00042128958632015224,0.152586,0.01362690214229381
KZT_RUB,2025-12-19,0.155607,0.033333333333333326,0.152091,-0.023117738722212303,0.1558658450182284,0.1555851285265097,0.1555761535459254,0.1555771816511418,0.1555571301679983,0.1555571301679983,0.0003204857879253356,0.152416,0.020506789540316307
KZT_RUB,2025-12-20,0.157184,0.022222222222222254,0.152091,-0.033486531089939486,0.1575733146776305,0.1571619068699409,0.1571528409323664,0.1571538794569207,0.1571177800176638,0.1571177800176638,0.0004212895863204325,0.151503,0.03614235545602601
KZT_RUB,2025-12-23,0.153218,0.33333333333333337,0.152091,-0.007410037411812593,0.1526460471300575,0.1531964643144251,0.1531876271247412,0.1531364364838497,0.1531688958085456,0.1526460471300575,0.003732935229166897,0.151503,0.011193201843125444
KZT_RUB,2025-12-24,0.152586,0.4222222222222223,0.152865,0.0018251398292611224,0.1525097241487293,0.1525645531457197,0.1525557154719127,0.152536785872015,0.1525370983555636,0.1525097241487293,0.000499887612695184,0.151503,0.007097636742558299
KZT_RUB,2025-12-25,0.153743,0.2666666666666667,0.152586,-0.007582609151560375,0.153769388241936,0.1537213905226061,0.1537125230523769,0.1536953169950442,0.153693727553507,0.153693727553507,0.0003204857879252931,0.151503,0.014569769030134655
KZT_RUB,2025-12-26,0.152416,0.4666666666666667,0.152586,0.0011141258044643904,0.1520858269011437,0.1523945770402134,0.152385749212687,0.1523654273387066,0.1523671528381475,0.1520858269011437,0.0021662627208186886,0.151503,0.005990184757505755
KZT_RUB,2025-12-27,0.151503,0.6,0.152416,0.005990184757505755,0.1513147926012899,0.1514817053677006,0.151472930420492,0.1514527302782914,0.1514540580970961,0.1513147926012899,0.0012422684614171898,0.153481,0.0
KZT_RUB,2025-12-30,0.153481,0.3222222222222222,0.151503,-0.01305584707893578,0.1532636212205478,0.1534594273482377,0.1534505749894425,0.1534333982536856,0.1534171406073648,0.1532636212205478,0.0014163237107669045,0.153847,0.0
KZT_RUB,2025-12-31,0.154978,0.1444444444444445,0.151503,-0.02293683953453071,0.1551112256744496,0.1549562169361366,0.1549472782345295,0.1549483021839034,0.1549283317535589,0.1549283317535589,0.0003204857879253343,0.15233,0.017086296119449285
KZT_RUB,2026-01-13,0.154511,0.19999999999999996,0.151503,-0.019854392322264318,0.1545548241170579,0.1544892825757166,0.1544803708093755,0.1544673834513537,0.1544614814204219,0.1544614814204219,0.00032048578792517115,0.151825,0.017383875581673935
KZT_RUB,2026-01-14,0.154662,0.18888888888888888,0.151503,-0.0208510722559949,0.1548481933604404,0.1546402613517839,0.1546313408761811,0.1546323627377231,0.1546124330270679,0.1546124330270679,0.0003204857879252621,0.151825,0.01834322587319449
KZT_RUB,2026-01-15,0.154137,0.25555555555555554,0.151503,-0.01738579434070611,0.154116524731238,0.1541153351436029,0.1541064449485454,0.1540935701985796,0.1540876012821065,0.1540876012821065,0.00032048578792568105,0.151825,0.014999643174578515
KZT_RUB,2026-01-16,0.153847,0.30000000000000004,0.153481,-0.002384659990487456,0.1538407578652237,0.1538253759047982,0.1538165024361371,0.1538073293720196,0.1537976942229851,0.1537976942229851,0.0003204857879251731,0.150066,0.024576364829993477
KZT_RUB,2026-01-17,0.15233,0.5444444444444445,0.153847,0.009860445767548397,0.1521322828739194,0.1523085891280162,0.1522997662815492,0.1522808684406436,0.1522807909409758,0.1521322828739194,0.0012979526428189086,0.150066,0.014862469638285225
KZT_RUB,2026-01-20,0.151825,0.6222222222222222,0.15233,0.003315171010306607,0.1517654540890514,0.1518036601087183,0.1517948665114961,0.1517746234365101,0.1517759540774217,0.1517654540890514,0.0003922009612948363,0.150066,0.01158570722871716
KZT_RUB,2026-01-21,0.152708,0.5,0.151825,-0.0058159064712664105,0.1528385426572274,0.1526865359979065,0.1526776912579454,0.1526606379976924,0.1526762581416694,0.1526606379976924,0.0003101474861017206,0.150066,0.017300992744322532
KZT_RUB,2026-01-22,0.152876,0.4666666666666667,0.151825,-0.006922443602832368,0.1528477641729833,0.1528545123845244,0.1528456579141214,0.1528285858929147,0.1528266145597887,0.1528266145597887,0.00032304246717159487,0.150066,0.018380910018577192
KZT_RUB,2026-01-23,0.150066,0.8777777777777778,0.151825,0.01158570722871716,0.1495562869374803,0.150044907346451,0.1500362156292717,0.1500038279507747,0.1500175223091215,0.1495562869374803,0.00339659258272831,0.150135,0.0
KZT_RUB,2026-01-24,0.150135,0.8666666666666667,0.150066,-0.00045979768901673756,0.1501831638753362,0.1501138976480976,0.1501052019344869,0.1500884360071741,0.150103792965002,0.1500884360071741,0.0003101474861018703,0.150511,0.0
KZT_RUB,2026-01-27,0.151008,0.7555555555555555,0.150066,-0.006277238015273269,0.1510260777636003,0.1509867749428443,0.1509780286656875,0.150959764923511,0.1509592180031174,0.1509592180031174,0.00032304246717128885,0.150511,0.0032912163593981606
KZT_RUB,2026-01-28,0.152558,0.5111111111111111,0.150066,-0.016606026681593392,0.1527233364956692,0.1525365570812833,0.1525277579585706,0.1525106845198153,0.1525091073291657,0.1525091073291657,0.00032048578792524547,0.150511,0.013417847638275235
KZT_RUB,2026-01-29,0.151843,0.6222222222222222,0.150066,-0.011841456425839302,0.1516837779683128,0.1518216575787131,0.1518128629389436,0.1517926174639882,0.1517943364765041,0.1516837779683128,0.0010485964561237268,0.150511,0.008772218673234853
KZT_RUB,2026-01-30,0.150873,0.7666666666666666,0.150066,-0.005377633841109926,0.1507729346986323,0.1508517939178835,0.1508430554598318,0.150830410413861,0.1508242616138505,0.1507729346986323,0.0006632419410213812,0.150511,0.0023993690057200505
KZT_RUB,2026-01-31,0.150511,0.8333333333333334,0.150135,-0.0025044126952410515,0.1504825939850605,0.1504898447990996,0.1504811273078334,0.1504721895851856,0.1504623785552236,0.1504623785552236,0.00032304246717122895,0.152388,0.0
KZT_RUB,2026-02-03,0.153731,0.30000000000000004,0.150511,-0.02139378517184791,0.1539390772182232,0.1537093922092763,0.1537005254311738,0.1537015411415404,0.1536670365889641,0.1536670365889641,0.0004160736028250644,0.152388,0.008736038925135534
KZT_RUB,2026-02-04,0.152388,0.5111111111111111,0.150511,-0.012470849306695123,0.1521256243990784,0.1523665809757771,0.1523577916581933,0.152344982748056,0.1523391618117496,0.1521256243990784,0.0017217602496364503,0.152769,0.0
KZT_RUB,2026-02-05,0.152769,0.4111111111111111,0.150511,-0.015002225750941673,0.1529564705022419,0.1527475274239999,0.1527387161313918,0.1527314996953513,0.1527200397066644,0.1527200397066644,0.0003204857879255124,0.153519,0.0
KZT_RUB,2026-02-06,0.153519,0.3111111111111111,0.150511,-0.0199852502474901,0.1533787435419269,0.1534974220071156,0.1534885674565856,0.1534895817662549,0.1534697993423235,0.1533787435419269,0.000913609768648081,0.155633,0.0
KZT_RUB,2026-02-07,0.155633,0.011111111111111072,0.150511,-0.03403073529509463,0.1559700659355595,0.1556111248720577,0.1556021483918655,0.1556031766688655,0.1555674334378122,0.1555674334378122,0.0004212895863202884,0.156057,0.0
KZT_RUB,2026-02-10,0.156986,0.011111111111111072,0.152388,-0.03017297949969808,0.1572782736200949,0.1569639346999983,0.1569548801825152,0.1569559173988711,0.1569356882180967,0.1569356882180967,0.0003204857879256077,0.154476,0.015988686889276654
KZT_RUB,2026-02-11,0.156057,0.022222222222222254,0.152388,-0.024076698952673475,0.1560294721423326,0.1560350652763791,0.1560260643410418,0.1560092168365855,0.1559912548110276,0.1559912548110276,0.000421289586320378,0.154476,0.010130913704607926
KZT_RUB,2026-02-12,0.157487,0.0,0.152769,-0.030883228927334735,0.157855250774965,0.1574648642815196,0.1574557808677447,0.1574568213942391,0.1574206523669191,0.1574206523669191,0.00042128958632069727,0.154476,0.019119038396819967
KZT_RUB,2026-02-13,0.15734,0.011111111111111072,0.153519,-0.02488942736729668,0.1573357306177783,0.157317884943229,0.1573088100080067,0.1573098495632629,0.1572737142964884,0.1572737142964884,0.0004212895863201305,0.154476,0.018202618533113037
KZT_RUB,2026-02-14,0.156175,0.0444444444444444,0.155633,-0.003482551900946552,0.1560956764965874,0.1561530486907893,0.1561440409495389,0.1561309137246873,0.1561249481320707,0.1560956764965874,0.0005079142206666201,0.154476,0.010878821834480589
KZT_RUB,2026-02-17,0.154476,0.23333333333333328,0.156057,0.010130913704607926,0.1542969996997048,0.1544542874951712,0.154445377747533,0.1544247438167517,0.1544264926374244,0.1542969996997048,0.0011587579966803264,0.154091,0.0024922965379735136
KZT_RUB,2026-02-18,0.155983,0.06666666666666665,0.154476,-0.00975556073435361,0.1558738640992364,0.1559610756775117,0.1559520790102893,0.1559346222646754,0.155933009665342,0.1558738640992364,0.0006996653530424007,0.153905,0.013321964573062603
KZT_RUB,2026-02-19,0.155416,0.11111111111111116,0.154476,-0.006085087651156143,0.1552192316490565,0.1553941553726762,0.1553851914084427,0.1553658731016284,0.1553661913807838,0.1552192316490565,0.0012660752492890713,0.153856,0.010037576568693094
KZT_RUB,2026-02-20,0.156633,0.0444444444444444,0.154476,-0.013963334110152983,0.1568294991942798,0.1566109843162119,0.1566019501587907,0.1565844206688094,0.1565828013495799,0.1565828013495799,0.0003204857879253284,0.153856,0.01772934183728845
KZT_RUB,2026-02-21,0.156902,0.0444444444444444,0.154476,-0.015704704937983968,0.1568939826899622,0.1568799465066894,0.1568708968340935,0.1568533372391357,0.1568517151389029,0.1568517151389029,0.00032048578792572317,0.153856,0.019413391798702506
KZT_RUB,2026-02-25,0.154091,0.3111111111111111,0.154476,0.0024922965379735136,0.1538231809302403,0.1540693416091718,0.1540604540672669,0.1540137771908821,0.1540199902360082,0.1538231809302403,0.001738057834394614,0.153856,0.0015250728465647765
KZT_RUB,2026-02-26,0.153905,0.33333333333333337,0.154091,0.0012070789338768616,0.1539456539689479,0.1538833677525591,0.1538744909386188,0.153867220840701,0.1538556756348093,0.1538556756348093,0.0003204857879254913,0.153856,0.00031837822033068124
KZT_RUB,2026-02-27,0.153856,0.34444444444444444,0.153905,0.00031837822033068124,0.1538811879340036,0.1538343746397956,0.1538255006520394,0.1538653684140274,0.153785098531071,0.153785098531071,0.00046083005491492744,0.154008,0.0
KZT_RUB,2026-02-28,0.154008,0.33333333333333337,0.153856,-0.000987936772046675,0.1541022214153753,0.153986353275307,0.1539774705206121,0.1539701955572248,0.1539586426247732,0.1539586426247732,0.0003204857879252633,0.154416,0.0
KZT_RUB,2026-03-03,0.155104,0.18888888888888888,0.153856,-0.00811148086522462,0.1550903934635248,0.1550821992261001,0.1550732532571621,0.1550659265214001,0.1550542913723496,0.1550542913723496,0.00032048578792542767,0.154416,0.004435733443366994
KZT_RUB,2026-03-04,0.154416,0.30000000000000004,0.153856,-0.003639767054908518,0.1543255180674191,0.1543942959285219,0.1543853896415175,0.1543724102686813,0.1543665118665717,0.1543255180674191,0.0005859621579428606,0.156198,0.0
KZT_RUB,2026-03-05,0.156198,0.06666666666666665,0.153856,-0.015222025790349487,0.1563612547294758,0.1561760454580048,0.1561670363901782,0.1561680684001687,0.1561479407608976,0.1561479407608976,0.0003204857879255543,0.156433,0.0
KZT_RUB,2026-03-06,0.156433,0.06666666666666665,0.153856,-0.016749428036605632,0.156523869914442,0.1564110124273811,0.1564019898054056,0.1563992014572454,0.1563828654467375,0.1563828654467375,0.00032048578792517315,0.15944,0.0
KZT_RUB,2026-03-07,0.160431,0.0,0.154008,-0.04170562568178266,0.1609472791032136,0.1604084504851097,0.1603991972695725,0.1604002572472596,0.160363412090377,0.160363412090377,0.00042128958632057324,0.15944,0.006177110408836148
KZT_RUB,2026-03-11,0.15944,0.011111111111111072,0.154416,-0.03253548855040929,0.1592820358792157,0.1594175897759529,0.1594083937185496,0.1593911809942853,0.1593728295883571,0.1592820358792157,0.0009907433566502112,0.160841,0.0
KZT_RUB,2026-03-12,0.160841,0.0,0.154416,-0.041608382551031074,0.1612854501180954,0.160818392857213,0.1608091159940118,0.1608101786805947,0.1607732393616467,0.1607732393616467,0.00042128958632012167,0.161563,0.0
KZT_RUB,2026-03-13,0.161563,0.0,0.156198,-0.034347430824978605,0.1617234282740335,0.1615402913758923,0.1615309728697318,0.161532040326614,0.1614949351905653,0.1614949351905653,0.00042128958632063195,0.163166,0.0
KZT_RUB,2026-03-14,0.163166,0.0,0.156433,-0.04304079062601892,0.1635494207561597,0.1631430660648716,0.1631336551021128,0.1631307467412432,0.1630972598633585,0.1630972598633585,0.00042128958632016005,0.164977,0.0
KZT_RUB,2026-03-17,0.164977,0.0,0.15944,-0.0347277972905169,0.1654747996179223,0.164953811518235,0.1649442961020143,0.1649453861154088,0.1649074969079176,0.1649074969079176,0.00042128958632066014,0.16847,0.0
KZT_RUB,2026-03-18,0.16847,0.0,0.15944,-0.05663572503763178,0.1693646186247789,0.1684463205566657,0.1684366036738839,0.1684377167657487,0.1683990253433926,0.1683990253433926,0.0004212895863204651,0.167853,0.003662373122811221
KZT_RUB,2026-03-19,0.173533,0.0,0.160841,-0.0789102281134784,0.1744603999734012,0.1735086089224186,0.1734986000198261,0.1734997465632496,0.1734598923542171,0.1734598923542171,0.0004212895863201138,0.167353,0.035612822921288693
KZT_RUB,2026-03-20,0.175833,0.0,0.161563,-0.08832467829886778,0.1756511357616929,0.1758082856439734,0.175798144083754,0.1757950099392828,0.1757589233881685,0.1756511357616929,0.0010343009463928846,0.167353,0.04822757957834985
KZT_RUB,2026-03-21,0.174155,0.011111111111111072,0.163166,-0.06734858977973351,0.1739589446880387,0.1741305214966826,0.1741204767188535,0.1741016754017798,0.1740816303120944,0.1739589446880387,0.0011257518415278957,0.167353,0.03905716172375184
KZT_RUB,2026-03-24,0.169752,0.033333333333333326,0.164977,-0.02894342847790888,0.1691213379561752,0.1697281403640714,0.169718349539082,0.1697763706476559,0.1696804852501429,0.1691213379561752,0.0037151965445165963,0.167353,0.0141323813563315
KZT_RUB,2026-03-25,0.167853,0.05555555555555558,0.16847,0.003662373122811221,0.1674018971235147,0.1678294072796226,0.1678197259836911,0.1677988617499333,0.1677992054990394,0.1674018971235147,0.002687487721311563,0.167353,0.00297879692349854
KZT_RUB,2026-03-26,0.167353,0.06666666666666665,0.167853,0.00297879692349854,0.1671574998151023,0.1673294775575454,0.1673198251002285,0.1672990230167861,0.1672993657419333,0.1671574998151023,0.0011681905009034532,0.168397,0.0
KZT_RUB,2026-03-27,0.170281,0.033333333333333326,0.167353,-0.017495951671018663,0.1704337342070107,0.170257066010029,0.1702472446737854,0.1702281877759191,0.1702264273595463,0.1702264273595463,0.00032048578792521077,0.168397,0.01106406469306615
KZT_RUB,2026-03-28,0.168409,0.06666666666666665,0.167353,-0.006310015356760867,0.1679284155204319,0.1683853291305723,0.1683756157661015,0.1683546824211931,0.1683550273089413,0.1679284155204319,0.002853674563521626,0.168397,7.125509919310727e-05
KZT_RUB,2026-03-31,0.168478,0.05555555555555558,0.167353,-0.006722317496549134,0.1685209839269075,0.1684543194322189,0.1684446020880193,0.1684257469718365,0.1684240051954219,0.1684240051954219,0.00032048578792542794,0.167342,0.006742720117760172
KZT_RUB,2026-04-01,0.16873,0.05555555555555558,0.167353,-0.00822811661577617,0.1686857855481878,0.1687062840121458,0.1686965521332845,0.1686885817384197,0.1686759244330033,0.1686759244330033,0.0003204857879255993,0.167342,0.00822616013749778
KZT_RUB,2026-04-02,0.168397,0.09999999999999998,0.167353,-0.006238310636797604,0.1683243076056311,0.1683733308172424,0.1683636181448984,0.1683535775430134,0.1683430311547707,0.1683243076056311,0.0004316727398284054,0.167342,0.006264957214202156
KZT_RUB,2026-04-03,0.16909,0.05555555555555558,0.168397,-0.004115275212741315,0.168901750968111,0.1690662334120413,0.1690564807693775,0.169037557161575,0.1690358090581197,0.168901750968111,0.0011133067117451824,0.16376,0.031521674847714246
KZT_RUB,2026-04-04,0.168807,0.06666666666666665,0.168397,-0.0024347227088369833,0.1686962361702753,0.1687832731893457,0.1687735368693377,0.1687525540527783,0.1687528997555977,0.1686962361702753,0.0006561566150972371,0.160419,0.049689882528568166
KZT_RUB,2026-04-07,0.167342,0.15555555555555556,0.168397,0.006264957214202156,0.1670475736336147,0.1673184791036597,0.1673088272807923,0.1672880265646568,0.167288369267277,0.1670475736336147,0.001759428992036055,0.160419,0.04137036727181452
KZT_RUB,2026-04-08,0.168871,0.06666666666666665,0.167342,-0.00913697696932033,0.1688982298294691,0.1688472641937716,0.1688375241824209,0.1688186250838745,0.1688168792445072,0.1688168792445072,0.0003204857879256832,0.159725,0.054159684019162484
KZT_RUB,2026-04-09,0.17009,0.0444444444444444,0.167342,-0.016421460243094984,0.1700042426846672,0.1700660928561956,0.1700562825363027,0.1700464048548688,0.1700354885723318,0.1700042426846672,0.0005041878730835412,0.157734,0.07264389440884225
KZT_RUB,2026-04-10,0.16376,0.19999999999999996,0.167342,0.021405265862724253,0.1632670044436708,0.1637369825746992,0.1637274977106709,0.1636952334724991,0.1637223234369506,0.1632670044436708,0.0030104760401148084,0.157734,0.03679775280898862
KZT_RUB,2026-04-11,0.160419,0.25555555555555554,0.16376,0.020401807523204588,0.1601529956985552,0.1603964521717799,0.1603871608161219,0.1603944248747934,0.160382092106938,0.1601529956985552,0.0016581845133357015,0.157734,0.016737418884296702
KZT_RUB,2026-04-14,0.161158,0.23333333333333328,0.160419,-0.004606686240407867,0.1607929482199223,0.1611353483010099,0.1611260141429916,0.161081753844141,0.1611245017261385,0.1607929482199223,0.002265179389653024,0.157734,0.021246230407426146
KZT_RUB,2026-04-15,0.159725,0.2777777777777778,0.160419,0.004326170840112456,0.1593807902577201,0.1597025497175368,0.1596932985578707,0.1596754493405701,0.1596734020419311,0.1593807902577201,0.0021550148209730233,0.157734,0.012465174518703976
KZT_RUB,2026-04-16,0.157734,0.30000000000000004,0.159725,0.012465174518703976,0.1574264396315131,0.1577118295642257,0.1577026937218794,0.1576514000850751,0.1576830452194832,0.1574264396315131,0.0019498672986605291,0.158874,0.0
KZT_RUB,2026-04-17,0.160492,0.25555555555555554,0.157734,-0.017485133198929734,0.1607371184920857,0.1604694419112031,0.1604601851773549,0.1604422238096605,0.1604252235153354,0.1604252235153354,0.0004160736028250917,0.158874,0.010081499389377717
KZT_RUB,2026-04-18,0.161315,0.23333333333333328,0.157734,-0.02270277809476697,0.1613567531440424,0.1612923262337421,0.1612830220315343,0.1612649685582795,0.1612633008351208,0.1612633008351208,0.000320485787925376,0.158874,0.015131884821622286
KZT_RUB,2026-04-21,0.160242,0.30000000000000004,0.157734,-0.015900186389744646,0.1600061572237946,0.1602194770501646,0.1602102347356236,0.1601903165539658,0.1601906447163713,0.1600061572237946,0.0014717912669923716,0.158874,0.008537087654921982
KZT_RUB,2026-04-22,0.158874,0.33333333333333337,0.157734,-0.007227357449883819,0.1586481375130931,0.1588516693305616,0.158842467460217,0.1588227577800749,0.1588226769510706,0.1586481375130931,0.0014216453724769128,0.160926,0.0
KZT_RUB,2026-04-23,0.161383,0.23333333333333328,0.157734,-0.02313388362686539,0.1612111149085915,0.1613603166759446,0.1613510085516852,0.1613520748192961,0.1613180652149081,0.1612111149085915,0.0010650755743077177,0.160926,0.002831772863312649
KZT_RUB,2026-04-24,0.162201,0.2222222222222222,0.158874,-0.02094112315419782,0.1621251625059272,0.1621782017012628,0.16216884639703,0.162159426855574,0.1621490168847127,0.1621251625059272,0.00046755256794227967,0.160926,0.007860617382136968
KZT_RUB,2026-04-25,0.163172,0.21111111111111114,0.158874,-0.027052884675906847,0.1632848947234638,0.1631490652215365,0.1631396539127144,0.1631286647767127,0.1631197056930126,0.1631197056930126,0.0003204857879257225,0.160926,0.013764616478317344
KZT_RUB,2026-04-28,0.160926,0.28888888888888886,0.158874,-0.012915895615393495,0.1606409871117382,0.1609033809099661,0.1608940991442004,0.1608726036630583,0.1608744255040923,0.1606409871117382,0.0017710804236843415,0.162066,0.0
KZT_RUB,2026-04-29,0.162098,0.24444444444444446,0.158874,-0.020292810654984485,0.1620751688070786,0.1620752161785149,0.1620658668150367,0.1620669378066975,0.1620460498947488,0.1620460498947488,0.00032048578792577147,0.16177,0.0020234672852224886
KZT_RUB,2026-04-30,0.163777,0.19999999999999996,0.160926,-0.01771621739184465,0.1637785040436376,0.1637539801852499,0.1637445339817041,0.1637456160666233,0.163724511799111,0.163724511799111,0.0003204857879251486,0.161026,0.016797230380334257
KZT_RUB,2026-05-01,0.162066,0.2666666666666667,0.160926,-0.007084001342231673,0.1618539058226945,0.1620432206763019,0.1620338731584951,0.1620214322244453,0.1619913151163202,0.1618539058226945,0.0013086901466408726,0.160325,0.010742536991102345
KZT_RUB,2026-05-05,0.162966,0.24444444444444446,0.160926,-0.012676633980835825,0.1631912609756532,0.1629430941760407,0.1629336947487278,0.1629259966312055,0.162913771713085,0.162913771713085,0.0003204857879251318,0.15997,0.01838420283985616
KZT_RUB,2026-05-06,0.162196,0.2666666666666667,0.160926,-0.007891826056696825,0.1621078361371162,0.162173202404042,0.1621638473881954,0.1621463371333988,0.1621440184871417,0.1621078361371162,0.0005435637308182348,0.158095,0.025284224025253356
KZT_RUB,2026-05-07,0.16177,0.30000000000000004,0.162066,0.0018264163982574428,0.1617400467699054,0.1617472622808323,0.1617379318354853,0.1617282863657505,0.1617181550140873,0.1617181550140873,0.0003204857879254987,0.156402,0.033182914013723086
KZT_RUB,2026-05-08,0.161026,0.3555555555555555,0.16177,0.004599122210545804,0.1608994111139563,0.1610033668543815,0.160994079320893,0.1609844782118522,0.1609743934555135,0.1608994111139563,0.0007861394187503488,0.154264,0.04199321848645554
KZT_RUB,2026-05-09,0.160325,0.4222222222222223,0.161026,0.004353334244159373,0.1602287588027385,0.1603024653840294,0.1602932182822784,0.1602797422308979,0.1602736181160509,0.1602287588027385,0.0006002881475844805,0.15388,0.040199594573522575
KZT_RUB,2026-05-13,0.15997,0.4444444444444444,0.160325,0.0022142523000155574,0.1598983817001406,0.1599475152813546,0.15993828865502,0.1599184042831337,0.1599187318885056,0.1598983817001406,0.0004476983175558579,0.152471,0.04687753953866353
KZT_RUB,2026-05-14,0.158095,0.48888888888888893,0.15997,0.01172094767768949,0.1578152328005163,0.1580727788235654,0.1580636220723529,0.158042543008036,0.1580439286011526,0.1578152328005163,0.0017696144690453296,0.150342,0.049040134096587557
KZT_RUB,2026-05-15,0.156402,0.5777777777777777,0.158095,0.010708751067396185,0.1562662726600665,0.1563800167846123,0.1563709580907691,0.1563512448663992,0.1563660163054833,0.1562662726600665,0.0008678107692580668,0.150052,0.040600503829874436
KZT_RUB,2026-05-16,0.154264,0.7222222222222222,0.156402,0.013669901919412801,0.154020718598983,0.1542423172930105,0.1542333824306237,0.1542128141597879,0.1542141661768443,0.154020718598983,0.0015770458500817379,0.150052,0.027303842763055676
KZT_RUB,2026-05-19,0.15388,0.7777777777777778,0.154264,0.0024892392262616243,0.1537230640104147,0.1538583712664553,0.1538494586450784,0.1538303685134001,0.1538302902251517,0.1537230640104147,0.001019859563200543,0.150052,0.024876527164023905
KZT_RUB,2026-05-20,0.152471,0.8888888888888888,0.15388,0.009156485573173861,0.1523410533159123,0.1524495693096419,0.1524407382965541,0.1523969755567551,0.1524217453919879,0.1523410533159123,0.0008522714751506519,0.150052,0.015865312092135583
KZT_RUB,2026-05-21,0.150342,0.9777777777777777,0.152471,0.013963311055872868,0.150146593701157,0.1503208685530375,0.1503121608501324,0.1502953601800594,0.1502934331494005,0.150146593701157,0.0012997452398066738,0.14849,0.012318580303574467
KZT_RUB,2026-05-22,0.150052,1.0,0.150342,0.0019289353607109953,0.1501006397633545,0.1500309093142328,0.1500222184079237,0.1500054501452573,0.150003526831716,0.150003526831716,0.0003230424671713218,0.14849,0.01040972462879522
KZT_RUB,2026-05-23,0.151043,0.9222222222222223,0.150052,-0.006604377149255056,0.1512278819961722,0.1510217700233897,0.1510130217190576,0.1509715393953796,0.1510116042282799,0.1509715393953796,0.0004731143093053283,0.146272,0.031587031507583914
KZT_RUB,2026-05-26,0.151967,0.8888888888888888,0.150052,-0.012762242422626824,0.1520976651231034,0.1519456401497882,0.1519368383280259,0.1519259839635412,0.1519182967362663,0.1519182967362663,0.0003204857879255683,0.146272,0.037475241335289754
KZT_RUB,2026-05-27,0.151685,0.9111111111111111,0.150052,-0.010882893930104201,0.1516036265019963,0.1516636797865367,0.1516548942980161,0.1516458868602884,0.1516363871132585,0.1516036265019963,0.0005364637110043151,0.146272,0.03568579622243448
KZT_RUB,2026-05-28,0.14849,1.0,0.150052,0.01040972462879522,0.1481629946203308,0.1484691288624639,0.1484605284260963,0.1484451580230936,0.1484558366338104,0.1481629946203308,0.0022022047253633516,0.146272,0.014937032796821318
KZT_RUB,2026-05-29,0.149475,0.9888888888888889,0.14849,-0.006633443329517044,0.1495828264869237,0.1494539904149558,0.1494453329280809,0.1494383082756491,0.1494439301524873,0.1494383082756491,0.00024547064292283115,0.146272,0.02142833249707298
KZT_RUB,2026-05-30,0.146272,1.0,0.14849,0.014937032796821318,0.1458899873659968,0.1462514406153298,0.1462429686439622,0.1462278278291733,0.1462383469331316,0.1458899873659968,0.0026116593333189255,0.147244,0.0
KZT_RUB,2026-06-02,0.147244,0.9888888888888889,0.146272,-0.006645154233209367,0.1474836644726712,0.1472233039950477,0.1472147757261238,0.1473311507075043,0.1473141914844254,0.1472147757261238,0.0001984751424589227,0.148396,0.0
KZT_RUB,2026-06-03,0.148396,0.9777777777777777,0.146272,-0.01452089258367963,0.1485968652900167,0.1483751420747134,0.148366583004628,0.1483595731384728,0.148348441191015,0.148348441191015,0.00032048578792550475,0.147968,0.0028841747756004994
KZT_RUB,2026-06-04,0.148725,0.9555555555555556,0.146272,-0.01677012688689553,0.1489202654696545,0.1487040958318401,0.1486955177859464,0.1486848589823953,0.1486773357511908,0.1486773357511908,0.0003204857879253541,0.146446,0.01532358379559592
KZT_RUB,2026-06-05,0.151837,0.8444444444444444,0.146272,-0.038045558958652276,0.1524422640702547,0.1518156584220482,0.1518069008846175,0.1518079040812072,0.1517883383994188,0.1517883383994188,0.0003204857879252177,0.146446,0.03550517989686313
KZT_RUB,2026-06-06,0.151376,0.8666666666666667,0.146272,-0.034893896302778366,0.1514338989260249,0.151354723218293,0.151345992270065,0.151333348140811,0.1513122268675812,0.1513122268675812,0.00042128958632025617,0.146446,0.032567910368882895
KZT_RUB,2026-06-09,0.150304,0.9222222222222223,0.147244,-0.020781831517752702,0.1501734448865813,0.1502828738941597,0.1502742047759212,0.1502579783502576,0.1502558297041316,0.1501734448865813,0.0008686070458450575,0.146446,0.025667979561422187
KZT_RUB,2026-06-10,0.147968,0.9777777777777777,0.148396,0.0028841747756004994,0.1477014673388389,0.1479472022326154,0.1479386320301206,0.1479202753326669,0.1479205783589322,0.1477014673388389,0.0018012858264022228,0.146446,0.0102860077854671
KZT_RUB,2026-06-11,0.146446,0.9888888888888889,0.147968,0.0102860077854671,0.1462770756811432,0.1464254161586126,0.1464169341092874,0.1463984757592914,0.146412306900633,0.1462770756811432,0.0011534922009258637,0.146812,0.0
KZT_RUB,2026-06-12,0.147174,0.9777777777777777,0.146446,-0.0049711156330661576,0.1472938593742291,0.1471533138339569,0.1471447896193837,0.1471283543538804,0.1471434084379473,0.1471283543538804,0.00031014748610225365,0.146812,0.002459673583649294
KZT_RUB,2026-06-16,0.148062,0.9444444444444444,0.146446,-0.011034784152520427,0.1480196603346003,0.1480411890203659,0.1480326133734572,0.1480147059368039,0.1480145482332682,0.1480145482332682,0.00032048578792528184,0.146812,0.008442409260985271
KZT_RUB,2026-06-17,0.146812,0.9777777777777777,0.146446,-0.0024992147276129443,0.1465515330421322,0.1467913647151731,0.1467828614673853,0.1467632867838691,0.1467645734893096,0.1465515330421322,0.001774153051983488,0.149328,0.0
KZT_RUB,2026-06-18,0.149328,0.8888888888888888,0.146446,-0.019679608866066643,0.1493292194045922,0.1493070110766651,0.1492983982514023,0.1492993848708715,0.1492658685610373,0.1492658685610373,0.00041607360282527444,0.149899,0.0
KZT_RUB,2026-06-19,0.149899,0.8666666666666667,0.146446,-0.02357865697936449,0.1499448189358503,0.1498779308192772,0.1498692850603165,0.1498666131777798,0.1498358491123002,0.1498358491123002,0.000421289586320218,0.150573,0.0
KZT_RUB,2026-06-20,0.150573,0.8222222222222222,0.146812,-0.025617796910334403,0.1507896442974972,0.1505518360846372,0.1505431514512241,0.1505441462964865,0.150509565163119,0.150509565163119,0.0004212895863203232,0.151043,0.0
KZT_RUB,2026-06-23,0.151043,0.8,0.146812,-0.028819170095087682,0.151101879176563,0.1510217700233897,0.151013058281679,0.1510103660078546,0.1509945928651344,0.1509945928651344,0.00032048578792541845,0.153221,0.0
KZT_RUB,2026-06-24,0.153221,0.7333333333333334,0.146812,-0.04365446966188049,0.1535397923932439,0.1531994638927576,0.1531906265300419,0.1531916388708065,0.1531564495882944,0.1531564495882944,0.00042128958632030105,0.153795,0.0
KZT_RUB,2026-06-25,0.153795,0.7222222222222222,0.149328,-0.02991401478624236,0.1539431341120348,0.1537733832137021,0.153764512744257,0.1537655288774756,0.1537302077680719,0.1537302077680719,0.0004212895863200742,0.155301,0.0
KZT_RUB,2026-06-26,0.155301,0.6111111111111112,0.149899,-0.03603759864975744,0.1556839520725905,0.1552791715365984,0.1552702142052463,0.1552712402887014,0.1552355733059549,0.1552355733059549,0.0004212895863201556,0.158758,0.0
KZT_RUB,2026-06-27,0.158758,0.48888888888888893,0.150573,-0.054359015228493804,0.1590872161639124,0.1587356856350397,0.1587265289135067,0.1587275778375778,0.158691116907855,0.158691116907855,0.0004212895863200824,0.159833,0.0
KZT_RUB,2026-06-30,0.159833,0.4555555555555556,0.151043,-0.05819534834451111,0.1601475375610585,0.1598105345375055,0.1598013158129512,0.1597984668613138,0.1597656640215496,0.1597656640215496,0.0004212895863207581,0.161108,0.0
KZT_RUB,2026-07-01,0.161108,0.3555555555555555,0.153221,-0.05147466731061673,0.1613689109859639,0.1610853553288022,0.1610760630657808,0.1610771275164494,0.1610401268773271,0.1610401268773271,0.0004212895863203298,0.161273,0.0
KZT_RUB,2026-07-02,0.162808,0.25555555555555554,0.153795,-0.05860398582528705,0.1634883027159631,0.1627851163838644,0.1627757260695536,0.162776801752229,0.1627394106850304,0.1627394106850304,0.0004212895863201669,0.161273,0.009428283622426469
KZT_RUB,2026-07-03,0.162603,0.2666666666666667,0.155301,-0.04701837077674969,0.1625810198432414,0.1625801451978127,0.1625707667073339,0.1625718410355614,0.1625344970493955,0.1625344970493955,0.0004212895863207311,0.161273,0.008179430883809019
KZT_RUB,2026-07-04,0.162764,0.2666666666666667,0.158758,-0.025233374066188675,0.1626208613520071,0.1627411225683216,0.1627317347918089,0.1627328101837735,0.1626954292217722,0.1626208613520071,0.000879424491858743,0.161273,0.009160502322380824
KZT_RUB,2026-07-07,0.165179,0.18888888888888888,0.159833,-0.033447410734954545,0.1654804860713663,0.1651557831259541,0.1651462560589332,0.1651473474069544,0.1651094118074212,0.1651094118074212,0.0004212895863202681,0.161273,0.023647073780565284
KZT_RUB,2026-07-08,0.161273,0.38888888888888884,0.161108,-0.0010241577078729702,0.1605395608932899,0.1612503321370876,0.1612410303573234,0.1612061849126737,0.1612213142955239,0.1605395608932899,0.004547810896492826,0.1622,0.0
KZT_RUB,2026-07-09,0.1622,0.3111111111111111,0.161273,-0.0057480173370620695,0.1621795287266734,0.1621772018418186,0.1621678465952631,0.1621496940777543,0.1621480172051985,0.1621480172051985,0.0003204857879254522,0.162251,0.0
KZT_RUB,2026-07-10,0.162251,0.30000000000000004,0.161273,-0.006064251300589725,0.1620708262117462,0.1622281946734705,0.1622188364853763,0.1622006782602325,0.1621990008604233,0.1620708262117462,0.0011104633453957217,0.162418,0.0
KZT_RUB,2026-07-11,0.16402,0.21111111111111114,0.161273,-0.01703322936883421,0.1641214735196108,0.1639969460301793,0.1639874858110669,0.163977960634344,0.1639674339210645,0.1639674339210645,0.0003204857879252586,0.162418,0.009767101572978859
KZT_RUB,2026-07-14,0.16488,0.21111111111111114,0.161273,-0.022365802087144154,0.1648830310730376,0.164856825152152,0.1648473153306225,0.1648288628824915,0.1648271583032869,0.1648271583032869,0.00032048578792516854,0.162418,0.01493207180980102
KZT_RUB,2026-07-15,0.162418,0.3222222222222222,0.161273,-0.007099762514494101,0.162193183745766,0.1623951712006442,0.1623858033804528,0.1623434003560072,0.1623431529041409,0.162193183745766,0.001384183121538324,0.165979,0.0
KZT_RUB,2026-07-16,0.166262,0.18888888888888888,0.1622,-0.02504315659679397,0.1663418092926447,0.1662386309039731,0.1662290413725131,0.1662301398759833,0.1661919555507992,0.1661919555507992,0.0004212895863204266,0.165979,0.001702132778385954
KZT_RUB,2026-07-17,0.166737,0.18888888888888888,0.162251,-0.027648519885855802,0.1667997708599527,0.1667135641399464,0.1667039472118026,0.1667050488536276,0.1666667554382457,0.1666667554382457,0.00042128958632041375,0.165979,0.004546081553584439
KZT_RUB,2026-07-18,0.165979,0.21111111111111114,0.162418,-0.021924909800637743,0.1659980990617165,0.1659556706812775,0.1659460974724733,0.1659281788149177,0.1659258060894059,0.1659258060894059,0.00032048578792545624,0.16669,0.0
KZT_RUB,2026-07-21,0.16669,0.19999999999999996,0.162418,-0.02630250341710893,0.1669206935159298,0.1666665707460712,0.1666569565287571,0.1666580578600502,0.1666365782240107,0.1666365782240107,0.00032048578792548166,0.163878,0.016869638250644962
KZT_RUB,2026-07-22,0.167037,0.18888888888888888,0.162418,-0.028438966124444236,0.1670695513468214,0.1670135219731927,0.1670038877418801,0.1670009103821693,0.1669666290513698,0.1669666290513698,0.0004212895863203269,0.163878,0.018911977585804315
KZT_RUB,2026-07-23,0.167115,0.18888888888888888,0.165979,-0.00684423933148185,0.1671552528017674,0.1670915110098367,0.1670818722797003,0.167073978173508,0.1670614420175508,0.1670614420175508,0.00032048578792576935,0.163878,0.019369894982497186
KZT_RUB,2026-07-24,0.167657,0.16666666666666663,0.165979,-0.010109712674495045,0.1677676898505234,0.1676334348285683,0.1676237648373738,0.1676158451284195,0.1676032683142538,0.1676032683142538,0.0003204857879254139,0.163878,0.02254006692234744
KZT_RUB,2026-07-25,0.167542,0.1777777777777778,0.165979,-0.009416853939353827,0.1674923330681673,0.1675184509924906,0.1675087876341774,0.1674990579234195,0.1674883051701194,0.1674883051701194,0.0003204857879254259,0.163878,0.02186914325960058
KZT_RUB,2026-07-28,0.163878,0.30000000000000004,0.16669,0.016869638250644962,0.1635534228720355,0.1638549659891094,0.1638455139601635,0.1638131868038972,0.1638024800922607,0.1635534228720355,0.0019806022038619748,0.16624,0.0
KZT_RUB,2026-07-29,0.16624,0.24444444444444446,0.163878,-0.014413161010019668,0.1664179229865232,0.1662166339962018,0.1662070457336408,0.1661991929603205,0.1661867224426153,0.1661867224426153,0.000320485787925362,0.166454,0.0
KZT_RUB,2026-07-30,0.166454,0.2222222222222222,0.163878,-0.01571901048340836,0.1665059849395898,0.1664306039172507,0.1664210033117628,0.1664090739085939,0.1664006538586566,0.1664006538586566,0.0003204857879257399,0.167356,0.0
KZT_RUB,2026-07-31,0.167356,0.1444444444444445,0.163878,-0.021223104992738554,0.1675927686799904,0.1673324771358779,0.1673228245055293,0.1673108304579442,0.167302364780476,0.167302364780476,0.0003204857879251799,0.167422,0.0
KZT_RUB,2026-08-01,0.167422,0.1333333333333333,0.163878,-0.02162584361537236,0.1674646296993553,0.167398467859192,0.1673888114221463,0.1673809028140206,0.1673683436284139,0.1673683436284139,0.0003204857879256042,0.169068,0.0
KZT_RUB,2026-08-04,0.169068,0.033333333333333326,0.163878,-0.03166990077984842,0.1693991295298118,0.1690442365042699,0.1690344851305052,0.1690356021733935,0.16899677341222,0.16899677341222,0.0004212895863202907,0.170662,0.0
KZT_RUB,2026-08-05,0.170662,0.0,0.16624,-0.026600096246390818,0.1709906550942165,0.1706380124582518,0.1706281691469839,0.1706251271732717,0.1705901018766194,0.1705901018766194,0.0004212895863203185,0.171468,0.0
KZT_RUB,2026-08-06,0.171468,0.0,0.166454,-0.03012243622862784,0.1719068946053266,0.1714438991702402,0.1714340093711256,0.1714351422709645,0.1713957623172128,0.1713957623172128,0.00042128958632058706,0.173263,0.0
KZT_RUB,2026-08-07,0.173263,0.0,0.167356,-0.035296015679151006,0.1737815273768668,0.173238646872497,0.1732286535427563,0.1732297983022729,0.1731900061024054,0.1731900061024054,0.0004212895863202367,0.175765,0.0
KZT_RUB,2026-08-08,0.175765,0.0,0.167422,-0.04983216064794362,0.1763363402989934,0.1757402952017709,0.1757301575636031,0.1757313188539907,0.1756909520358604,0.1756909520358604,0.0004212895863203439,0.175784,0.0
KZT_RUB,2026-08-11,0.175784,0.0,0.169068,-0.039723661485319514,0.1761421617158496,0.1757592925312099,0.1757491537971746,0.1757460205261065,0.1757099440313582,0.1757099440313582,0.0004212895863206845,0.176738,0.0
KZT_RUB,2026-08-12,0.176738,0.0,0.170662,-0.035602536006843925,0.1771698256315128,0.176713158440933,0.1767029646828213,0.176704132401881,0.1766635421210929,0.1766635421210929,0.0004212895863205069,0.178206,0.0
KZT_RUB,2026-08-13,0.178206,0.0,0.171468,-0.03929596192875635,0.1786571163252949,0.1781809521049515,0.1781706736766674,0.1781718510948953,0.1781309236679802,0.1781309236679802,0.0004212895863203696,0.180154,0.0
KZT_RUB,2026-08-14,0.180154,0.0,0.173263,-0.039771907447060294,0.1806162965446443,0.1801286783021639,0.1801182875186377,0.1801194778074238,0.1800781029958661,0.1800781029958661,0.00042128958632007543,0.180336,0.0
KZT_RUB,2026-08-15,0.181743,0.0,0.175765,-0.03401132193553883,0.1822304932298332,0.181717454958925,0.1817069725262818,0.1817081733136906,0.1816664335667134,0.1816664335667134,0.00042128958632024993,0.180336,0.007741701193443443
KZT_RUB,2026-08-18,0.183211,0.0,0.175784,-0.042250716788786336,0.183622248637238,0.1831852486229435,0.1831746815201279,0.183175892006705,0.1831338151136007,0.1831338151136007,0.0004212895863202699,0.180336,0.015692289218442214
KZT_RUB,2026-08-19,0.184582,0.0,0.176738,-0.04438207968857852,0.1851122342207528,0.1845560559208789,0.1845454097425823,0.1845466292874424,0.1845042375255778,0.1845042375255778,0.00042128958632046986,0.180336,0.023003326434863636
KZT_RUB,2026-08-20,0.185011,0.0,0.178206,-0.03818614412533812,0.1851679860958189,0.1849849956224211,0.1849743247005932,0.1849755470798832,0.1849330567923453,0.1849330567923453,0.00042128958632025107,0.180336,0.025268767802995563
TJS_RUB,2025-07-12,8.04004,0.1444444444444445,8.05948,0.0024120662871551556,8.041206942485799,8.042515258568567,8.043790158123194,8.048700134438585,8.044964647520974,8.041206942485799,0.0,8.09028,0.0
TJS_RUB,2025-07-15,8.09028,0.07777777777777772,8.04004,-0.006248725130720806,8.099748072757988,8.09629333046343,8.101106200236597,8.106050923012788,8.097905079693858,8.09629333046343,0.0,8.12439,0.0
TJS_RUB,2025-07-16,8.12439,0.05555555555555558,8.04004,-0.01049124133710785,8.127826202290729,8.13014024393735,8.133502636034025,8.13868210710066,8.132357881035714,8.127826202290729,0.0,8.1244,0.0
TJS_RUB,2025-07-17,8.1244,0.0444444444444444,8.04004,-0.010492485112014395,8.129777459341815,8.127978837542079,8.131396338373078,8.136313219728496,8.132367890843074,8.127978837542079,0.0,8.15015,0.0
TJS_RUB,2025-07-18,8.15759,0.022222222222222254,8.04004,-0.014620574026995063,8.164978382817996,8.165449215421472,8.16941319146675,8.17401067816829,8.165590441467993,8.164978382817996,0.0,8.15015,0.0009120340688856364
TJS_RUB,2025-07-19,8.15674,0.022222222222222254,8.04004,-0.014514853159934504,8.161310829205613,8.161722430695981,8.16354139824383,8.167801476432865,8.16442771816823,8.161310829205613,0.0,8.15015,0.000807920811500576
TJS_RUB,2025-07-22,8.17511,0.0,8.09028,-0.010485422012587968,8.18513999021728,8.182109066465644,8.186354646330813,8.191308506361882,8.18312762396117,8.182109066465644,0.0,8.15015,0.003053169926765523
TJS_RUB,2025-07-23,8.15015,0.033333333333333326,8.12439,-0.0031706995848303694,8.153532768908883,8.15493049852676,8.155300304718507,8.159780108895426,8.15783150710073,8.153532768908883,0.0,8.1857,0.0
TJS_RUB,2025-07-24,8.1857,0.0,8.1244,-0.007545172566589659,8.196876809009519,8.193705037451261,8.197375805963869,8.20265355437926,8.193415012935278,8.193415012935278,0.0,8.22897,0.0
TJS_RUB,2025-07-25,8.22897,0.0,8.15015,-0.00967098765053408,8.236330332189931,8.236583752409176,8.243123747251667,8.249741854955223,8.237040446397387,8.236330332189931,0.0,8.33917,0.0
TJS_RUB,2025-07-26,8.34026,0.0,8.15015,-0.023325951056115613,8.347638076759964,8.347953564873265,8.352340102730503,8.355900586279612,8.348439592497028,8.347638076759964,0.0,8.33917,0.0001306913693339737
TJS_RUB,2025-07-29,8.33917,0.011111111111111072,8.15015,-0.0231922111862971,8.343963917791966,8.344004120207211,8.346047517354174,8.350881856768144,8.347348523494883,8.343963917791966,0.0,8.39712,0.0
TJS_RUB,2025-07-30,8.61598,0.0,8.15015,-0.05715600326374366,8.649626146393024,8.624804997715405,8.625909854744565,8.633021455673404,8.621586760629873,8.621586760629873,0.0,8.39712,0.025401637422556824
TJS_RUB,2025-07-31,8.58959,0.011111111111111072,8.1857,-0.04934092380614959,8.59890380345635,8.594572211365687,8.594493821194577,8.597793959216267,8.595179587607994,8.594493821194577,0.0,8.39712,0.02240735588078129
TJS_RUB,2025-08-01,8.43021,0.022222222222222254,8.22897,-0.024455065457766927,8.419862089576586,8.428251874725026,8.451143859988854,8.436698307005686,8.435695872707406,8.419862089576586,0.0012274795554813366,8.39712,0.003925169123900994
TJS_RUB,2025-08-02,8.45425,0.022222222222222254,8.33917,-0.013799934525858178,8.460365462159622,8.461426757057202,8.462716879196506,8.469919730897093,8.459428357483818,8.459428357483818,0.0,8.39712,0.006757547978827311
TJS_RUB,2025-08-05,8.39712,0.0444444444444444,8.33917,-0.006949132827367706,8.395875908222042,8.401076009155616,8.401034086272627,8.403372479283519,8.40226336448467,8.395875908222042,0.0001481569607148021,8.45661,0.0
TJS_RUB,2025-08-06,8.46828,0.022222222222222254,8.39712,-0.0084743340573912,8.47570241361867,8.475011229996621,8.480828091915939,8.48307197746624,8.473790646369505,8.473790646369505,0.0,8.45661,0.001378083861185567
TJS_RUB,2025-08-07,8.54254,0.022222222222222254,8.39712,-0.01731784230783905,8.546001235933984,8.549430021339388,8.551424082384955,8.556089179504157,8.548098970302984,8.546001235933984,0.0,8.45661,0.010059069082497847
TJS_RUB,2025-08-08,8.45661,0.0444444444444444,8.39712,-0.007084571853206846,8.452850097493345,8.459792477413233,8.463043725256203,8.465722192346279,8.462113052236678,8.452850097493345,0.0004446110801674443,8.50015,0.0
TJS_RUB,2025-08-09,8.50629,0.033333333333333326,8.39712,-0.013000886018063415,8.516559832508676,8.514130688716687,8.518769921661338,8.52175804505639,8.51182538098722,8.51182538098722,0.0,8.50015,0.0007218187952680024
TJS_RUB,2025-08-12,8.50015,0.0444444444444444,8.39712,-0.012269682938912438,8.503455036469198,8.504673706856474,8.504667249252787,8.509434472258494,8.505356471936135,8.503455036469198,0.0,8.51025,0.0
TJS_RUB,2025-08-13,8.53136,0.033333333333333326,8.45661,-0.008839239364236955,8.539484802633071,8.53935359638014,8.542425268354034,8.54670785759757,8.536911695032632,8.536911695032632,0.0,8.51025,0.002474400330076352
TJS_RUB,2025-08-14,8.51025,0.0444444444444444,8.45661,-0.006342967217360111,8.511265949853339,8.513230792615369,8.514591604128501,8.519107747372589,8.515462658340676,8.511265949853339,0.0,8.52795,0.0
TJS_RUB,2025-08-15,8.52795,0.0444444444444444,8.45661,-0.00843600449825652,8.536642399938302,8.534461830076419,8.537512765934663,8.543856736893831,8.533173499861507,8.533173499861507,0.0,8.53067,0.0
TJS_RUB,2025-08-16,8.56111,0.022222222222222254,8.50015,-0.007171638147562064,8.568435211131828,8.569091223974903,8.572751454030412,8.576769989790382,8.566353810868886,8.566353810868886,0.0,8.53067,0.003555613699625246
TJS_RUB,2025-08-19,8.59661,0.011111111111111072,8.50015,-0.01134803503467591,8.604468216593078,8.604662641563236,8.609207860769013,8.61305482581506,8.602204155801006,8.602204155801006,0.0,8.44427,0.01772093883519208
TJS_RUB,2025-08-20,8.58817,0.033333333333333326,8.51025,-0.009156017743309616,8.592530809815786,8.5930529656017,8.595701147083773,8.599839863713186,8.593758663557557,8.592530809815786,0.0,8.38524,0.023629015261691404
TJS_RUB,2025-08-21,8.55077,0.05555555555555558,8.51025,-0.004761317235098943,8.552761436840678,8.554994266577596,8.555761708540706,8.561095572504358,8.556185123085726,8.552761436840678,0.0,8.37529,0.020522128416505216
TJS_RUB,2025-08-22,8.53067,0.0888888888888889,8.52795,-0.00031895121336312425,8.531902091352801,8.533657944906455,8.5349578506072,8.542042997049629,8.536072393942735,8.531902091352801,0.0,8.36678,0.019211855575236213
TJS_RUB,2025-08-23,8.58328,0.0444444444444444,8.53067,-0.00616715920320439,8.593470716164605,8.590795159812888,8.594657542364619,8.599467434676793,8.588537390333112,8.588537390333112,0.0,8.36678,0.025223457699154624
TJS_RUB,2025-08-26,8.44427,0.18888888888888888,8.53067,0.01012816109402909,8.441464571641015,8.446414233414787,8.454675450845809,8.448999701223826,8.450749080103854,8.441464571641015,0.00033222864249772094,8.36678,0.009176636938420867
TJS_RUB,2025-08-27,8.38524,0.2222222222222222,8.44427,0.006990539146663941,8.382977871293164,8.387537160045818,8.389038056097162,8.391414386213158,8.391673787840753,8.382977871293164,0.0002697750698650722,8.36678,0.0022014873754357964
TJS_RUB,2025-08-28,8.37529,0.23333333333333328,8.38524,0.0011866088507901866,8.373502680275614,8.377315042045211,8.378262944874372,8.381207611151867,8.381716153451158,8.373502680275614,0.00021340392086552687,8.36678,0.0010160842191732288
TJS_RUB,2025-08-29,8.36678,0.24444444444444446,8.37529,0.0010160842191732288,8.364777316025258,8.368904556563228,8.36947666348684,8.372040614300667,8.373199623938048,8.364777316025258,0.0002393613761498068,8.40465,0.0
TJS_RUB,2025-08-30,8.40465,0.21111111111111114,8.36678,-0.0045262335091875066,8.413004818619576,8.41043734487562,8.413456895780577,8.415809839069839,8.411098680655032,8.41043734487562,0.0,8.50161,0.0
TJS_RUB,2025-09-02,8.50161,0.1444444444444445,8.36678,-0.01611492115246237,8.504385474546543,8.508110951948163,8.510234044349824,8.518888848065664,8.508193696342088,8.504385474546543,0.0,8.55824,0.0
TJS_RUB,2025-09-03,8.55824,0.06666666666666665,8.36678,-0.022883355364907324,8.563480444242943,8.565609104352383,8.569359779965975,8.57367786908277,8.563720870067424,8.563480444242943,0.0,8.5903,0.0
TJS_RUB,2025-09-04,8.59536,0.022222222222222254,8.36678,-0.02731994865408187,8.60498412270533,8.60364097340821,8.60734176608233,8.612080211146905,8.600953342376325,8.600953342376325,0.0,8.5903,0.0005886897116584165
TJS_RUB,2025-09-05,8.5903,0.033333333333333326,8.36678,-0.02671517596972776,8.597889974599582,8.595338670023793,8.598457381215233,8.601115779021182,8.595890049633214,8.595338670023793,0.0,8.61755,0.0
TJS_RUB,2025-09-06,8.61755,0.0,8.40465,-0.02533121545810943,8.629106920181624,8.625857611294586,8.629663916041856,8.634932324561127,8.62315778229127,8.62315778229127,0.0,8.6981,0.0
TJS_RUB,2025-09-09,8.6981,0.0,8.50161,-0.023112092885935808,8.709412722527114,8.706479955557645,8.713993204376012,8.716766748920044,8.703760199377747,8.703760199377747,0.0,8.73089,0.0
TJS_RUB,2025-09-10,8.79347,0.0,8.55824,-0.027485791471143554,8.80443929806664,8.801562320870433,8.809262513908502,8.810290929550348,8.799192260427247,8.799192260427247,0.0,8.73089,0.0071166445100738105
TJS_RUB,2025-09-11,8.97079,0.0,8.5903,-0.04429298161880261,8.988956409570381,8.979886640948362,8.985042476236993,8.98521870854379,8.976627649598866,8.976627649598866,0.0,8.73089,0.02674234933601151
TJS_RUB,2025-09-12,9.00407,0.0,8.5903,-0.04816711872693635,9.018812320802674,9.01297946950794,9.015617613408104,9.01787171902273,9.009929306217588,9.009929306217588,0.0,8.73089,0.030339613086082177
TJS_RUB,2025-09-13,8.86901,0.022222222222222254,8.61755,-0.029179987351393356,8.863863586331533,8.872064879926427,8.874219557023983,8.87573136770619,8.874781417307599,8.863863586331533,0.0005802692373180846,8.73089,0.015573327800960752
TJS_RUB,2025-09-16,8.73089,0.0444444444444444,8.6981,-0.0037697888044515835,8.721693009338795,8.734311888850588,8.73275928101384,8.739749428979671,8.7362378037167,8.721693009338795,0.001053385240359885,8.74895,0.0
TJS_RUB,2025-09-17,8.74895,0.0444444444444444,8.73089,-0.0020685176425313096,8.7548839935848,8.75436875832599,8.758601752831844,8.763717144137237,8.75237914403846,8.75237914403846,0.0,8.76614,0.0
TJS_RUB,2025-09-18,8.76614,0.0444444444444444,8.73089,-0.0040373890863359355,8.767179295250031,8.770685887369714,8.772190088393746,8.77740324807812,8.77150939488106,8.767179295250031,0.0,8.81307,0.0
TJS_RUB,2025-09-19,8.81307,0.033333333333333326,8.73089,-0.009412557024541513,8.817919281878776,8.819947477869679,8.823969201858862,8.827353620294208,8.818805014926253,8.817919281878776,0.0,8.84403,0.0
TJS_RUB,2025-09-20,8.86177,0.033333333333333326,8.73089,-0.014990453436018486,8.865660354620818,8.868685482012646,8.87415915307834,8.876734969585186,8.867536705951844,8.865660354620818,0.0,8.84403,0.0020018574167463008
TJS_RUB,2025-09-23,8.91198,0.022222222222222254,8.73089,-0.020741298997009387,8.918693421178281,8.920200954296297,8.924439348916877,8.928881231627196,8.917779379594451,8.917779379594451,0.0,8.8173,0.010623901759205061
TJS_RUB,2025-09-24,8.84403,0.05555555555555558,8.74895,-0.01086758982506465,8.844216526214446,8.847358275244686,8.848998307341493,8.851158911971263,8.849447103697857,8.844216526214446,0.0,8.78972,0.0061408656460911135
TJS_RUB,2025-09-25,8.92036,0.022222222222222254,8.76614,-0.01759269188034876,8.930150039580946,8.928718076251096,8.933217872977222,8.936993634327479,8.926164832793516,8.926164832793516,0.0,8.68363,0.026538166621078035
TJS_RUB,2025-09-26,8.89085,0.0444444444444444,8.81307,-0.008825528448089103,8.892602294798293,8.894535215642021,8.895255003062886,8.899791446271012,8.896295781664254,8.892602294798293,0.0,8.64128,0.028070431960948647
TJS_RUB,2025-09-27,8.89137,0.0444444444444444,8.84403,-0.005352763389540759,8.897903981602685,8.894781281626859,8.897240922366674,8.901984350046236,8.897155967848303,8.894781281626859,0.0,8.64128,0.02812727397465184
TJS_RUB,2025-09-30,8.8173,0.09999999999999998,8.84403,0.003022377807402348,8.813293495254259,8.818760659508984,8.821094915550178,8.824351573791056,8.822883914054964,8.813293495254259,0.00045439133813533777,8.64128,0.01996302723055804
TJS_RUB,2025-10-01,8.78972,0.1333333333333333,8.8173,0.003127941660145238,8.791292704501982,8.79189931038287,8.793046091248788,8.799535574340428,8.795286447897567,8.791292704501982,0.0,8.64128,0.016887909967553093
TJS_RUB,2025-10-02,8.68363,0.18888888888888888,8.78972,0.012069781517499989,8.676930740740843,8.685103636711677,8.68509363880476,8.690986136345261,8.690292735128347,8.676930740740843,0.0007714814264492483,8.64128,0.004876992686238448
TJS_RUB,2025-10-03,8.64128,0.19999999999999996,8.68363,0.004876992686238448,8.639746440291963,8.643449402567192,8.643051864963208,8.646819004013466,8.647910241017854,8.639746440291963,0.0001774690448679584,8.74017,0.0
TJS_RUB,2025-10-04,8.79043,0.1333333333333333,8.64128,-0.017260174418604717,8.799150264987999,8.796618259850057,8.797856221280137,8.806604663667052,8.79599689753396,8.79599689753396,0.0,8.73798,0.005966716076460461
TJS_RUB,2025-10-07,8.91036,0.0444444444444444,8.64128,-0.031138905347356024,8.918196052231647,8.918032298586779,8.92412155545689,8.92509858125681,8.916158325396065,8.916158325396065,0.0,8.72653,0.02063104072113813
TJS_RUB,2025-10-08,8.79602,0.1333333333333333,8.64128,-0.017907069323063286,8.78842333582442,8.79876234549917,8.801076523341234,8.806295655235292,8.801653149190777,8.78842333582442,0.000863647897069334,8.64383,0.017302143469432874
TJS_RUB,2025-10-09,8.75239,0.18888888888888888,8.64128,-0.012858048807584066,8.75296955622064,8.754863681669299,8.7564823706417,8.761298025291515,8.759105492980469,8.75296955622064,0.0,8.52452,0.026035174392365898
TJS_RUB,2025-10-10,8.74017,0.21111111111111114,8.64128,-0.011443906458302568,8.740005151353165,8.744267172862981,8.743369358554867,8.749750285523302,8.74687611687586,8.740005151353165,1.886103437761404e-05,8.52452,0.02467343312544265
TJS_RUB,2025-10-11,8.73798,0.2222222222222222,8.74017,0.0002505672086470378,8.738234271289862,8.73970569022455,8.74061916071657,8.7464865394351,8.744684436542872,8.738234271289862,0.0,8.52452,0.02442898701988326
TJS_RUB,2025-10-14,8.72653,0.24444444444444446,8.73798,0.001310371504626923,8.726639159149183,8.728253428929253,8.728365980648608,8.734442760963328,8.733225651240273,8.726639159149183,0.0,8.52452,0.023148949238700787
TJS_RUB,2025-10-15,8.64383,0.2777777777777778,8.72653,0.009476848185934259,8.636430394001705,8.645428294232465,8.645409046420903,8.649256249121956,8.650462197569961,8.636430394001705,0.0008560564007268294,8.52452,0.01380290912708819
TJS_RUB,2025-10-16,8.52452,0.4666666666666667,8.64383,0.01380290912708819,8.51086228133429,8.525441408437914,8.52604039847918,8.52592911897918,8.530081209717455,8.51086228133429,0.001602168645942564,8.56693,0.0
TJS_RUB,2025-10-17,8.56693,0.38888888888888884,8.52452,-0.0049750601793413,8.573314798065166,8.571503480189758,8.573663756366562,8.575970773891651,8.573503194096602,8.571503480189758,0.0,8.77945,0.0
TJS_RUB,2025-10-18,8.77945,0.1777777777777778,8.52452,-0.029905496145237485,8.791688238393023,8.787098527553393,8.795235140781877,8.79559886486953,8.785072537427492,8.785072537427492,0.0,8.75451,0.002840724646760429
TJS_RUB,2025-10-21,8.82831,0.11111111111111116,8.52452,-0.03563719716769968,8.835266148065307,8.8359116491294,8.839719594587564,8.841307286771787,8.833963828360147,8.833963828360147,0.0,8.47804,0.03967577033429955
TJS_RUB,2025-10-22,8.83127,0.11111111111111116,8.52452,-0.03598443079493029,8.840165400411065,8.835847265972426,8.83963527508121,8.84154468534352,8.837016858389616,8.835847265972426,0.0,8.47804,0.03999764473286401
TJS_RUB,2025-10-23,8.86464,0.0888888888888889,8.52452,-0.039899020707324144,8.874323837095934,8.872399349869323,8.877881106534504,8.879999757784235,8.870408573574913,8.870408573574913,0.0,8.47804,0.04361147209587751
TJS_RUB,2025-10-24,8.78669,0.21111111111111114,8.56693,-0.02565212975943551,8.78721036374657,8.79027032533885,8.790134404444998,8.79576285705653,8.792254529026756,8.78721036374657,0.0,8.47804,0.03512699321359922
TJS_RUB,2025-10-25,8.75451,0.24444444444444446,8.77945,0.002840724646760429,8.756485291606738,8.757264204479574,8.758715656686967,8.764977753085965,8.760054149732156,8.756485291606738,0.0,8.47804,0.031580294042727663
TJS_RUB,2025-10-28,8.47804,0.6,8.75451,0.031580294042727663,8.462691314925642,8.48310232954297,8.500140246423221,8.488452150404266,8.48353829049752,8.462691314925642,0.0018104048900875207,8.54762,0.0
TJS_RUB,2025-10-29,8.58676,0.4444444444444444,8.47804,-0.01282371868969714,8.593257364369176,8.591843001729355,8.602641408758151,8.602662902998809,8.593348409166522,8.591843001729355,0.0,8.54762,0.004558180268226867
TJS_RUB,2025-10-30,8.54762,0.5111111111111111,8.47804,-0.008207085599973601,8.542018271769974,8.548617038960064,8.551025158244082,8.551448620684601,8.553196279650363,8.542018271769974,0.0006553553187935386,8.66983,0.0
TJS_RUB,2025-10-31,8.66983,0.34444444444444444,8.47804,-0.02262197394680837,8.680746918815798,8.675314727263105,8.692482583687925,8.6876985896597,8.675382334561387,8.675314727263105,0.0,8.72375,0.0
TJS_RUB,2025-11-01,8.72375,0.3222222222222222,8.47804,-0.028981934503729725,8.727852088029296,8.729724125485054,8.746096109723872,8.73973546639792,8.729336866020432,8.727852088029296,0.0,8.72774,0.0
TJS_RUB,2025-11-02,8.72774,0.3111111111111111,8.47804,-0.029452562148798624,8.731065502869775,8.730663919706396,8.731297791739179,8.739452430093985,8.733329421297167,8.730663919706396,0.0,8.73401,0.0
TJS_RUB,2025-11-06,8.75461,0.24444444444444446,8.54762,-0.02421609758037902,8.76080682373066,8.761717022942724,8.764191173443756,8.769848117566887,8.760216629388866,8.760216629388866,0.0,8.73401,0.0023530459951956687
TJS_RUB,2025-11-07,8.77318,0.23333333333333328,8.54762,-0.02638863215725544,8.77845410503532,8.779533559934134,8.779948449054237,8.786795544663416,8.778889056917818,8.77845410503532,0.0,8.68601,0.009935963926421253
TJS_RUB,2025-11-08,8.75692,0.25555555555555554,8.66983,-0.010045179663269049,8.75910956180445,8.761063404284934,8.761005360381068,8.767106479972812,8.762465675962732,8.75910956180445,0.0,8.68601,0.008097595958396285
TJS_RUB,2025-11-11,8.73401,0.33333333333333337,8.72375,-0.001176099727754558,8.735439979699208,8.736886965892818,8.736401290833216,8.743728402005964,8.739541167272884,8.735439979699208,0.0,8.68601,0.005495757389790033
TJS_RUB,2025-11-12,8.76693,0.24444444444444446,8.72774,-0.004490280416236002,8.776305860226417,8.77433505829225,8.775394002993258,8.784339621116596,8.772482015202602,8.772482015202602,0.0,8.68601,0.009230140995764854
TJS_RUB,2025-11-13,8.75928,0.2666666666666667,8.73401,-0.002893287275833299,8.763213218438535,8.763281531066152,8.764359767510866,8.769598017821071,8.764827170528775,8.763213218438535,0.0,8.68601,0.008364842772465412
TJS_RUB,2025-11-14,8.68601,0.4222222222222223,8.73401,0.005495757389790033,8.682055442387469,8.687238085232133,8.690153795162145,8.69320412081932,8.69151076931947,8.682055442387469,0.00045527896151749853,8.69686,0.0
TJS_RUB,2025-11-15,8.74276,0.33333333333333337,8.68601,-0.006533494665560018,8.750027287910015,8.748422374564942,8.755191071875835,8.756634789286569,8.748296708566476,8.748296708566476,0.0,8.50559,0.027127588999354982
TJS_RUB,2025-11-18,8.74389,0.33333333333333337,8.68601,-0.006663588920574674,8.746121149355629,8.74655519071742,8.748577346632626,8.754374684605885,8.749427424184963,8.746121149355629,0.0,8.49381,0.02860054277901489
TJS_RUB,2025-11-19,8.73208,0.38888888888888884,8.68601,-0.0053039312641823206,8.733831430455044,8.734608821689434,8.737886260703227,8.740571729125863,8.737672200720985,8.733831430455044,0.0,8.49381,0.027286740387170067
TJS_RUB,2025-11-20,8.72043,0.4444444444444444,8.68601,-0.003962694033278892,8.721628206380393,8.723346766393385,8.723959779146494,8.729014236440479,8.725952567185232,8.721628206380393,0.0,8.45844,0.03004324328043466
TJS_RUB,2025-11-21,8.69686,0.4666666666666667,8.68601,-0.001249135103459423,8.692947553825944,8.698931080621726,8.700342294990296,8.706415354126856,8.70136852867364,8.692947553825944,0.0004498688232368484,8.42661,0.031074433761150464
TJS_RUB,2025-11-22,8.50559,0.7666666666666666,8.69686,0.021992995172970407,8.48451945799645,8.502727775937267,8.508293780599345,8.505393153804135,8.509908523871982,8.48451945799645,0.002477258133010117,8.42425,0.009563122605251263
TJS_RUB,2025-11-25,8.49381,0.8,8.50559,0.0013849715304875855,8.489379990376506,8.493123283155837,8.491081834396743,8.490954703720373,8.498122542839365,8.489379990376506,0.0005215574192846506,8.38244,0.013111901490614822
TJS_RUB,2025-11-26,8.49798,0.8,8.49381,-0.0004909457593235815,8.495821898166854,8.498527223372715,8.495400258067217,8.496655732427017,8.502294660063983,8.495400258067217,0.00030357119371693663,8.35659,0.016638071635847514
TJS_RUB,2025-11-27,8.45844,0.8444444444444444,8.49381,0.00416420899455019,8.452220881204381,8.457018586532834,8.4538954098378,8.456166366088386,8.462734584509683,8.452220881204381,0.0007352560041353286,8.35659,0.012041227460382635
TJS_RUB,2025-11-28,8.42661,0.9,8.45844,0.0037631052534509153,8.42149402457831,8.425452671022725,8.423734329541928,8.424430081918628,8.430888423536155,8.42149402457831,0.0006071214191341555,8.32072,0.012566144629928343
TJS_RUB,2025-11-29,8.42425,0.9111111111111111,8.42661,0.00028006517448884825,8.421129246252342,8.42342973554552,8.422498205363379,8.42448649430409,8.428527225298721,8.421129246252342,0.00037044885273572914,8.22937,0.02313321660681975
TJS_RUB,2025-12-02,8.38244,0.9555555555555556,8.42425,0.004963053090779583,8.377662518928906,8.380715595288267,8.378777589902075,8.380416397212588,8.386695997202482,8.377662518928906,0.0005699391908674286,8.22937,0.01826079280018722
TJS_RUB,2025-12-03,8.35659,0.9888888888888889,8.38244,0.0030838276205973616,8.352309269687803,8.354870913055146,8.352938884143493,8.35485656090883,8.360832872440756,8.352309269687803,0.0005122580277598744,8.22937,0.015223913103311424
TJS_RUB,2025-12-04,8.42262,0.9222222222222223,8.35659,-0.0079015483588401,8.428905031547115,8.426791751561767,8.426593072212643,8.42901942279257,8.426896397702526,8.426593072212643,0.0,8.22937,0.022944167016914072
TJS_RUB,2025-12-05,8.32072,1.0,8.35659,0.004292420712276293,8.307697750928353,8.317827048200245,8.317390904717842,8.317181581400142,8.32494466024721,8.307697750928353,0.0015650387312211307,8.22937,0.010978617235046999
TJS_RUB,2025-12-06,8.22937,1.0,8.32072,0.010978617235046999,8.21934458491417,8.22767708428541,8.226468791301953,8.227465083154446,8.233548279319407,8.21934458491417,0.0012182481873860864,8.32251,0.0
TJS_RUB,2025-12-09,8.35694,0.9666666666666667,8.22937,-0.01550179418351592,8.362182198193725,8.360788058135766,8.36643330163266,8.36683228631892,8.361183050145458,8.360788058135766,0.0,8.32251,0.004119929064944873
TJS_RUB,2025-12-10,8.32251,0.9777777777777777,8.22937,-0.011317998826155588,8.316330002309787,8.319616425852212,8.321287203644202,8.323766995406164,8.32673556907984,8.316330002309787,0.0007425641651632263,8.43967,0.0
TJS_RUB,2025-12-11,8.43967,0.8555555555555556,8.22937,-0.025554811607692955,8.449170163253676,8.444922660684815,8.444115614452343,8.451964752647303,8.4456626091077,8.444115614452343,0.0,8.59968,0.0
TJS_RUB,2025-12-12,8.59968,0.5444444444444445,8.22937,-0.044998584338776834,8.610762526736318,8.60760620658001,8.611933833346304,8.610867357544196,8.604971878794885,8.604971878794885,0.0,8.60104,0.0
TJS_RUB,2025-12-13,8.63136,0.5333333333333333,8.22937,-0.04884821073788169,8.638507669017587,8.641171385204702,8.64515014967948,8.640171770284784,8.63667137332494,8.63667137332494,0.0,8.60104,0.0035127720312907182
TJS_RUB,2025-12-16,8.60104,0.5555555555555556,8.32251,-0.03346706702665422,8.604488109140428,8.604157820170713,8.607969313211118,8.607144757736474,8.606332715681276,8.604157820170713,0.0,8.58411,0.0019683666161299748
TJS_RUB,2025-12-17,8.61536,0.5555555555555556,8.32251,-0.03518770178708123,8.621240873949855,8.621317838701561,8.625717106308134,8.625407708264051,8.619541549657391,8.619541549657391,0.0,8.50515,0.012792268692196304
TJS_RUB,2025-12-18,8.69996,0.4555555555555556,8.43967,-0.030841253271751294,8.708032258245352,8.707047731735734,8.71553699000321,8.713902887291741,8.705109941780032,8.705109941780032,0.0,8.48507,0.024700113563740574
TJS_RUB,2025-12-19,8.66286,0.5222222222222221,8.59968,-0.007346784996651144,8.661234309333484,8.666475442002822,8.669525050510554,8.66953617036936,8.667987980433077,8.661234309333484,0.00018766211926738197,8.42066,0.027958434050648448
TJS_RUB,2025-12-20,8.73643,0.37777777777777777,8.60104,-0.01574111967855062,8.74696378031222,8.743902898628834,8.751594552913648,8.752274417604283,8.742115142232182,8.742115142232182,0.0,8.40162,0.03832343417162398
TJS_RUB,2025-12-23,8.58411,0.6777777777777778,8.60104,0.0019683666161299748,8.569482369741065,8.587630415438502,8.582533991308987,8.587150273780937,8.588276382162732,8.569482369741065,0.0017040357426612255,8.37505,0.02435430114478972
TJS_RUB,2025-12-24,8.50515,0.7777777777777778,8.58411,0.009198390980544327,8.500863433178266,8.504009787125527,8.505282797953758,8.508591073318106,8.509758214938957,8.500863433178266,0.0005039966163718328,8.37505,0.015296614404213982
TJS_RUB,2025-12-25,8.48507,0.8111111111111111,8.50515,0.0023609224998971325,8.481905944045316,8.484257105973875,8.484573198474392,8.487454404070547,8.490862120392078,8.481905944045316,0.0003728968593876522,8.37505,0.012966304343983073
TJS_RUB,2025-12-26,8.42066,0.8888888888888888,8.48507,0.007590980392619097,8.413653072968764,8.419608454310401,8.42131250786512,8.421099790010278,8.425222437018496,8.413653072968764,0.000832111382152502,8.37505,0.005416440041516928
TJS_RUB,2025-12-27,8.40162,0.9,8.42066,0.0022611054240404423,8.398088074910886,8.40059379337983,8.40193156360549,8.403417757628098,8.406172120867407,8.398088074910886,0.0004203861980324611,8.37505,0.0031624853302100716
TJS_RUB,2025-12-30,8.37505,0.9333333333333333,8.40162,0.0031624853302100716,8.369100715440393,8.372659284163234,8.373871309027185,8.376706121233452,8.379587724851943,8.369100715440393,0.0007103580945316377,8.40492,0.0
TJS_RUB,2025-12-31,8.45593,0.8,8.37505,-0.009657255777577508,8.463335692644899,8.460486457927356,8.463131474008781,8.467109361431183,8.460511546821486,8.460486457927356,0.0,8.34315,0.013337385716296227
TJS_RUB,2026-01-13,8.43554,0.8222222222222222,8.37505,-0.0072226434469047605,8.43419647194273,8.435138801124682,8.445047200591969,8.443528858921892,8.440110499220609,8.43419647194273,0.00015926995275576179,8.33515,0.011900838594802359
TJS_RUB,2026-01-14,8.43868,0.8222222222222222,8.37505,-0.007597566581692032,8.441074229994921,8.440508737729289,8.441976047248582,8.444113993123183,8.444671906155687,8.440508737729289,0.0,8.33515,0.0122685064488758
TJS_RUB,2026-01-15,8.408,0.8888888888888888,8.37505,-0.003934304869821624,8.404153292947743,8.40692329542537,8.407266466915187,8.410130836406546,8.412268974723165,8.404153292947743,0.00045750559612941165,8.30068,0.01276403425309225
TJS_RUB,2026-01-16,8.40492,0.9,8.37505,-0.0035665458713680194,8.404556970473578,8.405797018973006,8.403749612186337,8.407010666149802,8.40918741092177,8.403749612186337,0.00013925032167634723,8.13556,0.03204789575629521
TJS_RUB,2026-01-17,8.34315,0.9666666666666667,8.40492,0.007349266857983298,8.334727247555435,8.341560470743959,8.33981516579384,8.342284568113772,8.347386048580113,8.334727247555435,0.0010095410539861813,8.1155,0.027285857260147404
TJS_RUB,2026-01-20,8.33515,0.9666666666666667,8.34315,0.0009588704506090769,8.33309232129476,8.333921501791956,8.331658237286007,8.335323426714867,8.339381986758303,8.331658237286007,0.0004189202010754037,8.1155,0.026352255208364535
TJS_RUB,2026-01-21,8.34465,0.9444444444444444,8.33515,-0.001139751534165453,8.34334100573044,8.345610820733318,8.346402457142291,8.345704780946583,8.348886810171702,8.34334100573044,0.00015686628792807296,8.1155,0.027460708358049632
TJS_RUB,2026-01-22,8.30068,0.9888888888888889,8.33515,0.0041354984613355085,8.295216097230544,8.298437342167782,8.296587802966387,8.299936014038808,8.304894485383574,8.295216097230544,0.000658247609768874,8.1155,0.02230901564691074
TJS_RUB,2026-01-23,8.13556,1.0,8.30068,0.0198923461692295,8.11610713286523,8.135063983183121,8.13463327094355,8.134694418469266,8.1396906493814,8.11610713286523,0.0023910913489385436,8.10701,0.0035092851629143153
TJS_RUB,2026-01-24,8.1155,1.0,8.13556,0.00246571840168336,8.109729680781552,8.113242974691383,8.111117591103762,8.110619951202533,8.11962046436321,8.109729680781552,0.0007110244862853872,8.08152,0.0041870494732304175
TJS_RUB,2026-01-27,8.12456,0.9888888888888889,8.1155,-0.001116382231532234,8.12266457785077,8.12549547910303,8.124221852836206,8.12500375918088,8.12868506437641,8.12266457785077,0.00023329535990015965,8.08152,0.005297517650186754
TJS_RUB,2026-01-28,8.18151,0.9666666666666667,8.1155,-0.008133818002587464,8.18325188665461,8.183729992451017,8.184458314931382,8.1852302991154,8.187040372478554,8.18325188665461,0.0,8.08152,0.012221460341672874
TJS_RUB,2026-01-29,8.15524,0.9666666666666667,8.1155,-0.0048968024151313325,8.149937901186236,8.152912030445117,8.153043115780822,8.155738230578327,8.160752615012631,8.149937901186236,0.0006501462634775761,8.08152,0.009039586817800555
TJS_RUB,2026-01-30,8.10701,1.0,8.1155,0.0010461462633232835,8.10112722477603,8.104641890463355,8.105096624646563,8.10688500803669,8.111126153754812,8.10112722477603,0.0007256405535419435,8.08152,0.0031441924951370903
TJS_RUB,2026-01-31,8.08152,1.0,8.10701,0.0031441924951370903,8.07849096333355,8.080502781875465,8.079066342881019,8.081939214923418,8.085623211775067,8.07849096333355,0.00037481026668858815,8.16358,0.0
TJS_RUB,2026-02-03,8.21913,0.9222222222222223,8.08152,-0.017027737356338963,8.227071744004167,8.225151780440548,8.228596914250584,8.22958924873987,8.224966014120856,8.224966014120856,0.0,8.16358,0.006758622871277156
TJS_RUB,2026-02-04,8.22419,0.9111111111111111,8.08152,-0.017653857195181196,8.223150789441247,8.225022158924538,8.227189734261211,8.227533256477331,8.230029606986701,8.223150789441247,0.00012636023228465197,8.16358,0.007369722732573116
TJS_RUB,2026-02-05,8.21655,0.9222222222222223,8.08152,-0.01670849048198859,8.21383870165822,8.21665152972372,8.219633635353842,8.219559534636305,8.222384182185307,8.21383870165822,0.00032998014273380086,8.16358,0.006446744679944768
TJS_RUB,2026-02-06,8.16358,0.9333333333333333,8.08152,-0.010154030429919155,8.159711736514424,8.162937313974371,8.161853165882276,8.164918716851918,8.167724875912292,8.159711736514424,0.0004738440102963823,8.19066,0.0
TJS_RUB,2026-02-07,8.21471,0.9111111111111111,8.08152,-0.016480810540591476,8.218490073260927,8.219249643728523,8.22212622762625,8.222870095878724,8.21916085028967,8.218490073260927,0.0,8.17201,0.005197992381958701
TJS_RUB,2026-02-10,8.28278,0.8555555555555556,8.16358,-0.014601437114599365,8.286573654131947,8.287975095520395,8.291020568419915,8.293143087111256,8.288661208964934,8.286573654131947,0.0,8.11121,0.02071405977220219
TJS_RUB,2026-02-11,8.21951,0.8777777777777778,8.16358,-0.006851160887747782,8.214455352149834,8.217670981871168,8.226284972218567,8.22101794616028,8.225346283940821,8.214455352149834,0.000614957321077029,8.11121,0.013175967910495863
TJS_RUB,2026-02-12,8.2355,0.8444444444444444,8.16358,-0.008809860379882408,8.239964208106915,8.23894147162789,8.241406290581246,8.24382821478905,8.23996211461641,8.23894147162789,0.0,8.0576,0.02160160281707234
TJS_RUB,2026-02-13,8.19066,0.9111111111111111,8.16358,-0.00331717212301463,8.186440193885996,8.190052646826553,8.190900114110294,8.191559256626663,8.19481862517912,8.186440193885996,0.0005151973240255459,8.0576,0.01624533309891982
TJS_RUB,2026-02-14,8.17201,0.9222222222222223,8.19066,0.0022769837839684676,8.169178906821129,8.170936715033003,8.171032181262401,8.174671357151158,8.176159156057025,8.169178906821129,0.00034643780157774076,8.0576,0.0140002276061825
TJS_RUB,2026-02-17,8.11121,0.9777777777777777,8.17201,0.007440030053805662,8.103679981318216,8.108389890734493,8.107280408028096,8.111395180249975,8.115328286211263,8.103679981318216,0.0009283471494122525,8.0576,0.006609371474786012
TJS_RUB,2026-02-18,8.11554,0.9555555555555556,8.11121,-0.0005338291081108122,8.11847673874603,8.115754675131697,8.112930604814016,8.118630150877815,8.119660484672318,8.112930604814016,0.0003215306912396627,8.0576,0.007139389369037495
TJS_RUB,2026-02-19,8.0576,1.0,8.11121,0.006609371474786012,8.049903068079331,8.055715468444575,8.054079517228272,8.057099433071647,8.061691066927853,8.049903068079331,0.000955238770932991,8.06827,0.0
TJS_RUB,2026-02-20,8.10316,0.9777777777777777,8.0576,-0.0056542891183479,8.108481241725213,8.106891201942746,8.105633322346392,8.10551944220985,8.107274199003067,8.10551944220985,0.0,8.06827,0.004305727642055784
TJS_RUB,2026-02-21,8.11537,0.9444444444444444,8.0576,-0.007169628673550393,8.114618498768746,8.116014257018374,8.116116178242157,8.119215298052522,8.119490398358606,8.114618498768746,9.260221422496964e-05,8.06827,0.00580380192153905
TJS_RUB,2026-02-25,8.09736,0.9777777777777777,8.0576,-0.004934471803018188,8.09358749824754,8.095695048327313,8.097611089012007,8.100322884088135,8.102833490455057,8.09358749824754,0.0004658928036371965,8.06827,0.003592528923007012
TJS_RUB,2026-02-26,8.06827,0.9888888888888889,8.0576,-0.00132421564733907,8.063408835808994,8.066806793105778,8.06636576786474,8.068595334653414,8.072366484382693,8.063408835808994,0.0006025039061664625,8.09998,0.0
TJS_RUB,2026-02-27,8.12167,0.8888888888888888,8.0576,-0.007951499205718722,8.125684867713243,8.126429060314363,8.125554336152494,8.128311063942018,8.12579359704328,8.125554336152494,0.0,8.09998,0.0026706330102059727
TJS_RUB,2026-02-28,8.12474,0.8666666666666667,8.06827,-0.006999022095195021,8.123038384037852,8.125388128918322,8.125515134761084,8.128920528051593,8.1288651557674,8.123038384037852,0.00020943635884319801,8.09998,0.00304748213481278
TJS_RUB,2026-03-03,8.09998,0.9555555555555556,8.06827,-0.003930210565585975,8.09839320225887,8.098732294685794,8.099768401363903,8.102837060580418,8.104092584428896,8.09839320225887,0.00019590143940228076,8.13285,0.0
TJS_RUB,2026-03-04,8.13285,0.8444444444444444,8.06827,-0.008004194207680136,8.138374504875198,8.138303823079386,8.136680033064785,8.139634673122575,8.137087223077023,8.136680033064785,0.0,8.14047,0.0
TJS_RUB,2026-03-05,8.14047,0.8222222222222222,8.06827,-0.008948634589571307,8.139998067735776,8.141836933571058,8.14364718345304,8.144969480974371,8.144711193104733,8.139998067735776,5.797358926746868e-05,8.16614,0.0
TJS_RUB,2026-03-06,8.16614,0.7888888888888889,8.09998,-0.008167921402275067,8.168389001669215,8.170756234474734,8.174480509899634,8.174668004083037,8.171768392706385,8.168389001669215,0.0,8.20119,0.0
TJS_RUB,2026-03-07,8.2664,0.6666666666666667,8.09998,-0.02054572974254263,8.27331667114096,8.273205305810427,8.277322150590797,8.2805643194336,8.27148679240042,8.27148679240042,0.0,8.20119,0.007888560921320094
TJS_RUB,2026-03-11,8.20119,0.7444444444444445,8.09998,-0.012495092580475509,8.198752171104246,8.202943968088766,8.211422629079722,8.204370417997797,8.207013275778316,8.198752171104246,0.0002972530688539443,8.22673,0.0
TJS_RUB,2026-03-12,8.23651,0.6555555555555556,8.13285,-0.01274583940439101,8.245168414276023,8.243410159395339,8.247199556050898,8.249422449189979,8.241578399360542,8.241578399360542,0.0,8.22673,0.0011873961180161269
TJS_RUB,2026-03-13,8.22673,0.6777777777777778,8.14047,-0.010596439763305968,8.228162550849524,8.229830190847746,8.229760375608246,8.231419403366354,8.230722924267,8.228162550849524,0.0,8.34542,0.0
TJS_RUB,2026-03-14,8.34542,0.5444444444444445,8.16614,-0.02195406887464583,8.355875426591147,8.352592916587536,8.357043827612344,8.357938446632266,8.350555417961182,8.350555417961182,0.0,8.43691,0.0
TJS_RUB,2026-03-17,8.43691,0.4,8.20119,-0.028742170343571946,8.441751421274526,8.444395542601447,8.450952731007812,8.450849788438937,8.442400232663697,8.441751421274526,0.0,8.52327,0.0
TJS_RUB,2026-03-18,8.52327,0.2777777777777778,8.20119,-0.03927234950049928,8.53279597697524,8.530436945730576,8.535443859650874,8.53621518560538,8.528816430548094,8.528816430548094,0.0,8.48757,0.004188533274201133
TJS_RUB,2026-03-19,8.65174,0.19999999999999996,8.22673,-0.0516620820180072,8.66545904178229,8.658755209188572,8.6670345814942,8.665622621059276,8.65737003108316,8.65737003108316,0.0,8.46229,0.021897329323350076
TJS_RUB,2026-03-20,8.82992,0.0,8.22673,-0.07332074834107838,8.849891517007675,8.838972023583326,8.846966910966747,8.839957623566406,8.83566597989096,8.83566597989096,0.0,8.46229,0.041634578795730896
TJS_RUB,2026-03-21,8.80604,0.011111111111111072,8.34542,-0.05519434612038683,8.811537512233825,8.80959618089313,8.809842131980435,8.81469311514253,8.811770440225844,8.80959618089313,0.0,8.46229,0.039035707309982695
TJS_RUB,2026-03-24,8.80604,0.011111111111111072,8.43691,-0.04375180012587549,8.807387604423779,8.804004887995728,8.817647826218835,8.813174806095644,8.811770440225844,8.804004887995728,0.00023110410630338568,8.46229,0.039035707309982695
TJS_RUB,2026-03-25,8.48757,0.33333333333333337,8.52327,0.004188533274201133,8.47185590068734,8.49162340830908,8.489367083419726,8.489602673123446,8.49089669635402,8.47185590068734,0.001851425002993828,8.46229,0.0029784732261413354
TJS_RUB,2026-03-26,8.46229,0.34444444444444444,8.48757,0.0029784732261413354,8.463757610867495,8.465266404302378,8.471644104645508,8.469492819748366,8.465606787877997,8.463757610867495,0.0,8.42187,0.004776484852208946
TJS_RUB,2026-03-27,8.61033,0.2222222222222222,8.46229,-0.01749408257102982,8.620543970083574,8.616433271986136,8.626904865902931,8.627150674494706,8.615603958872004,8.615603958872004,0.0,8.38,0.02675042652256053
TJS_RUB,2026-03-28,8.50685,0.2666666666666667,8.46229,-0.005265714127027152,8.499352219262269,8.509802168835167,8.515263947574493,8.515001858388286,8.512060575788652,8.499352219262269,0.0008813815616510481,8.32786,0.02104069073746459
TJS_RUB,2026-03-31,8.46996,0.33333333333333337,8.46229,-0.0009063740429601153,8.470171484612447,8.471979724625088,8.475819318337132,8.478407190962006,8.475323946864572,8.470171484612447,0.0,8.22213,0.029259878440984422
TJS_RUB,2026-04-01,8.46526,0.33333333333333337,8.46229,-0.0003509688275870065,8.465008710552008,8.468368426503005,8.469035708730152,8.472809647864901,8.4706209703983,8.465008710552008,2.968478794427229e-05,8.22213,0.028720913474600984
TJS_RUB,2026-04-02,8.42187,0.4444444444444444,8.46229,0.004776484852208946,8.41991924910624,8.423446463811263,8.426299466240396,8.427298630622861,8.427203491914996,8.41991924910624,0.00023162918612616912,8.19769,0.026618791313568185
TJS_RUB,2026-04-03,8.38,0.5,8.42187,0.004971579946021419,8.377223436116912,8.381108600598441,8.383609517234992,8.38577284803747,8.384344265664287,8.377223436116912,0.00033133220561915944,8.15906,0.026365155131264983
TJS_RUB,2026-04-04,8.32786,0.5777777777777777,8.38,0.00622195704057296,8.322424097531984,8.328555316414732,8.328408214941048,8.33609228112561,8.332088285423175,8.322424097531984,0.0006527370138325196,8.08169,0.02955981488641732
TJS_RUB,2026-04-07,8.22213,0.6888888888888889,8.32786,0.01269593869253319,8.21145784160624,8.222918684166894,8.219679713202389,8.225758867283949,8.22630460337067,8.21145784160624,0.0012979797684736073,8.01903,0.02470162841015639
TJS_RUB,2026-04-08,8.2443,0.6222222222222222,8.22213,-0.0026963815945504283,8.248113816092088,8.248759697803427,8.244758023663357,8.249863861109738,8.248485859694364,8.244758023663357,0.0,7.9843,0.031536940674162836
TJS_RUB,2026-04-09,8.19769,0.7444444444444445,8.22213,0.0029724657722512583,8.19040000914691,8.196784185695895,8.191513470903427,8.199370616861515,8.201852194505037,8.19040000914691,0.0008892737897005553,7.93405,0.0321602792981925
TJS_RUB,2026-04-10,8.15906,0.8,8.19769,0.004712303100019579,8.15176213109964,8.158747024147546,8.154564475755244,8.160235082448276,8.163202580982968,8.15176213109964,0.0008944497160654391,7.93405,0.027577931771552135
TJS_RUB,2026-04-11,8.08169,0.9666666666666667,8.15906,0.009482710018065827,8.07117404140697,8.079662885418248,8.076319725021138,8.081784642664637,8.085793298088781,8.07117404140697,0.0013012078653141313,7.93405,0.018268456226358594
TJS_RUB,2026-04-14,8.01903,1.0,8.08169,0.0077533288210757,8.008967208710182,8.01749122991817,8.01370136252891,8.020267592368054,8.023101483869448,8.008967208710182,0.0012548639037164118,7.93405,0.010597291692386823
TJS_RUB,2026-04-15,7.9843,1.0,8.01903,0.004330947758020682,7.97685908281655,7.981513072318123,7.980956155347258,7.984963495791946,7.988353850485511,7.97685908281655,0.0009319435872211676,7.8915,0.011622809764162223
TJS_RUB,2026-04-16,7.93405,1.0,7.9843,0.006293601192339983,7.925257260648423,7.932194364626275,7.93058349802236,7.932478726277913,7.938078337167262,7.925257260648423,0.0011082283766269414,7.8915,0.005362960908993554
TJS_RUB,2026-04-17,8.02384,0.9666666666666667,7.93405,-0.011317044888802039,8.029599253292433,8.02741265842465,8.027103504860783,8.031234881552583,8.027913926039812,8.027103504860783,0.0,7.8915,0.016493349817543735
TJS_RUB,2026-04-18,8.03473,0.9555555555555556,7.93405,-0.01268960997220835,8.03371488349601,8.035594233714189,8.038339988369314,8.04124145879911,8.040161155088072,8.03371488349601,0.00012634108476443302,7.8915,0.01782636130896744
TJS_RUB,2026-04-21,7.95519,0.9888888888888889,7.93405,-0.0026644651848677457,7.947959705054226,7.953553487586103,7.953973161798207,7.953568335940213,7.959229070531397,7.947959705054226,0.0009088777195484103,7.8915,0.008006094134772424
TJS_RUB,2026-04-22,7.8915,1.0,7.93405,0.005362960908993554,7.88323698260203,7.889999504532568,7.8880520887369565,7.889449388160863,7.895506733352506,7.88323698260203,0.0010470781724601966,7.92735,0.0
TJS_RUB,2026-04-23,7.94091,0.9777777777777777,7.8915,-0.00626116707850218,7.944832208968452,7.944566491889481,7.943349853292168,7.943720084346499,7.944941820179465,7.943349853292168,0.0,7.92735,0.0017076128554535963
TJS_RUB,2026-04-24,7.93053,0.9888888888888889,7.8915,-0.004945827789393695,7.927008622536069,7.929019082726438,7.927065035961617,7.931229399458935,7.934556549965666,7.927008622536069,0.0004440280112339692,7.92735,0.00040098202768294234
TJS_RUB,2026-04-25,8.00866,0.9333333333333333,7.8915,-0.014846353671672185,8.015315694849374,8.012225899447044,8.01439254028068,8.017255419616454,8.014073532814127,8.012225899447044,0.0,7.92735,0.010152759637692335
TJS_RUB,2026-04-28,7.93939,0.9666666666666667,7.8915,-0.006068554774124141,7.930763776806316,7.936629629192011,7.937201912511864,7.939936851548456,7.943421048433321,7.930763776806316,0.0010865095673199636,7.92735,0.0015164893020749347
TJS_RUB,2026-04-29,7.92735,0.9888888888888889,7.8915,-0.004542862573655191,7.927055588157848,7.927411692668389,7.926114841054011,7.930269395342718,7.931374935391495,7.926114841054011,0.00015580981614136453,7.95384,0.0
TJS_RUB,2026-04-30,7.95384,0.9333333333333333,7.92735,-0.0033415958674714633,7.957361319924006,7.958016991662613,7.955058326063372,7.95987068124256,7.957878385098966,7.955058326063372,0.0,7.95683,0.0
TJS_RUB,2026-05-01,7.95683,0.9111111111111111,7.92735,-0.0037187710899607555,7.9546905908755905,7.956735223546533,7.9584745483313695,7.959644534318295,7.960869903204869,7.9546905908755905,0.00026887706843172155,7.93162,0.0031683471935432072
TJS_RUB,2026-05-05,8.03327,0.8555555555555556,7.92735,-0.013361337647511493,8.036204418048808,8.037883144092323,8.040746620332381,8.04363315837657,8.038974043756049,8.036204418048808,0.0,7.8855,0.018394750829985738
TJS_RUB,2026-05-06,8.03438,0.8444444444444444,7.92735,-0.013501359218402221,8.035036500440095,8.035386119976911,8.036651470366735,8.038510639645775,8.040084831914367,8.035036500440095,0.0,7.83845,0.024386449234415176
TJS_RUB,2026-05-07,8.01985,0.8666666666666667,7.92735,-0.011668464240887593,8.019738755714526,8.020160435686288,8.02197862483881,8.02285497475546,8.02527109680513,8.019738755714526,1.3871117972785481e-05,7.82063,0.024840863607174638
TJS_RUB,2026-05-08,7.96058,0.9,7.95384,-0.0008473894370518686,7.955805714420838,7.958798914395625,7.957647762437793,7.961832527232834,7.964621807183843,7.955805714420838,0.0005997409207824522,7.82063,0.017580377309191014
TJS_RUB,2026-05-09,7.93162,0.9666666666666667,7.95683,0.0031683471935432072,7.927299611127706,7.929355864317801,7.927994351170163,7.93286895013668,7.935647103388887,7.927299611127706,0.0005447044704982534,7.74208,0.02389675753503068
TJS_RUB,2026-05-13,7.8855,1.0,7.93162,0.005814701158149189,7.877730230894615,7.883997661800578,7.881851770855681,7.884590715225833,7.889503686986148,7.877730230894615,0.0009853235819396733,7.6422,0.03085409929617659
TJS_RUB,2026-05-14,7.83845,1.0,7.8855,0.005966647644410687,7.829987808297591,7.836956625723256,7.83482353855351,7.837857533331802,7.842429798396623,7.829987808297591,0.0010795746228411548,7.61455,0.028564320752189468
TJS_RUB,2026-05-15,7.82063,1.0,7.83845,0.002273408645841908,7.814068055619111,7.818397547179482,7.816841183675034,7.820358500007272,7.82460075068854,7.814068055619111,0.0008390557258033596,7.61455,0.026350818284460464
TJS_RUB,2026-05-16,7.82531,0.9888888888888889,7.82063,-0.0005984172630593153,7.822694823366035,7.825179422412874,7.821844569176147,7.825257519407335,7.829283126854299,7.821844569176147,0.00044284901478066816,7.61455,0.0269331183045783
TJS_RUB,2026-05-19,7.74208,1.0,7.82063,0.01004394786609273,7.733099262649804,7.740269263047975,7.738697372510754,7.741772908357011,7.746010868675634,7.733099262649804,0.0011599902545821451,7.61455,0.016472317516739592
TJS_RUB,2026-05-20,7.6422,1.0,7.74208,0.012900925849384112,7.631138367126511,7.640914838579671,7.638664006053838,7.640614330953652,7.646080156830326,7.631138367126511,0.0014474409035995514,7.61455,0.0036180680955745083
TJS_RUB,2026-05-21,7.61455,1.0,7.6422,0.0036180680955745083,7.609554961549196,7.614351956220148,7.611633099333081,7.612896655323232,7.618416118158693,7.609554961549196,0.0006559860334234329,7.62119,0.0
TJS_RUB,2026-05-22,7.62119,0.9888888888888889,7.61455,-0.0008720147612137262,7.618503845962543,7.621081700535989,7.621801576418087,7.621461772405338,7.625059489470796,7.618503845962543,0.00035245861046072856,7.66334,0.0
TJS_RUB,2026-05-23,7.67396,0.9666666666666667,7.61455,-0.007802168217425815,7.672585370404881,7.676158951165775,7.674859142437604,7.677574894367285,7.6778562822629155,7.672585370404881,0.0001791291061094088,7.66334,0.0013839008803799206
TJS_RUB,2026-05-26,7.71028,0.9555555555555556,7.61455,-0.012571983899245477,7.710708105277045,7.711705718099315,7.716133121403477,7.724604751278876,7.715491839906564,7.710708105277045,0.0,7.66334,0.006087976052750381
TJS_RUB,2026-05-27,7.74622,0.9333333333333333,7.61455,-0.017291895121839075,7.746074639329183,7.7489717561468865,7.788340241697795,7.7526098653219,7.751720223174868,7.746074639329183,1.876536824638287e-05,7.66334,0.0106994121003535
TJS_RUB,2026-05-28,7.66334,0.9666666666666667,7.61455,-0.006407469909580926,7.654625515638174,7.662388433087796,7.661531337388136,7.664560668856334,7.667230890194461,7.654625515638174,0.0011371653041396634,7.67536,0.0
TJS_RUB,2026-05-29,7.71309,0.9333333333333333,7.62119,-0.012058484304944486,7.718993777003176,7.717504420790483,7.717391926909136,7.719994736955055,7.717006149648848,7.717006149648848,0.0,7.67536,0.004891684136967132
TJS_RUB,2026-05-30,7.67536,0.9444444444444444,7.66334,-0.0015685066824649024,7.671136916673085,7.674211880605823,7.6729234871425245,7.6776324117434065,7.679256993081733,7.671136916673085,0.0005502130619170538,7.73849,0.0
TJS_RUB,2026-06-02,7.73849,0.9111111111111111,7.66334,-0.00980642905051842,7.744427131508186,7.74276647325307,7.747914832477888,7.764084170662949,7.743984734468746,7.74276647325307,0.0,7.83535,0.0
TJS_RUB,2026-06-03,7.84429,0.8444444444444444,7.66334,-0.02361241964991768,7.845460081811142,7.8495505155466,7.863084843039947,7.85288192106296,7.8491170437867375,7.845460081811142,0.0,7.66882,0.022369137296045886
TJS_RUB,2026-06-04,7.91167,0.8111111111111111,7.66334,-0.032404930487228825,7.919357118531135,7.916632329239197,7.916034617275778,7.9187361835601,7.916538506584563,7.916034617275778,0.0,7.66882,0.030695162968121747
TJS_RUB,2026-06-05,8.00591,0.6777777777777778,7.67536,-0.043066383856913505,8.01219212723973,8.012095353226446,8.014927897489464,8.014768194512948,8.010836497888615,8.010836497888615,0.0,7.66882,0.042105144824261066
TJS_RUB,2026-06-06,7.91682,0.8,7.67536,-0.03145911071272227,7.907698274516215,7.918161401940959,7.918066768858807,7.92004631680702,7.921691675676413,7.907698274516215,0.0011521956396362966,7.66882,0.031325709059950864
TJS_RUB,2026-06-09,7.83535,0.8555555555555556,7.73849,-0.012516653765786399,7.832477072680022,7.835861603086394,7.838543173716853,7.83610206822249,7.839152964137081,7.832477072680022,0.00036666228311155527,7.66882,0.021253677244794406
TJS_RUB,2026-06-10,7.66882,0.9555555555555556,7.83535,0.021253677244794406,7.652482483936085,7.669340750250347,7.670156827369356,7.669144653904589,7.673793484453151,7.652482483936085,0.002130381996697693,7.68128,0.0
TJS_RUB,2026-06-11,7.68128,0.9222222222222223,7.66882,-0.00162476104537594,7.684044287790749,7.6835931850003965,7.681251830311242,7.686397806319814,7.686261565176951,7.681251830311242,3.667317004264523e-06,7.71269,0.0
TJS_RUB,2026-06-12,7.71269,0.9,7.66882,-0.005720567179826893,7.709720178811017,7.714864236792754,7.714525859639851,7.714646193214568,7.716605946557757,7.709720178811017,0.00038505647043816113,7.7587,0.0
TJS_RUB,2026-06-16,7.77533,0.8444444444444444,7.66882,-0.013888707780336493,7.776735891066049,7.7780919412593885,7.781105129763312,7.782581727450886,7.780850892804265,7.776735891066049,0.0,7.7587,0.002138815973084119
TJS_RUB,2026-06-17,7.7587,0.8444444444444444,7.66882,-0.011720186417206293,7.757287034124489,7.758014931496011,7.760404856107488,7.761371613472263,7.76420908463055,7.757287034124489,0.00018211374012544864,7.83373,0.0
TJS_RUB,2026-06-18,7.83373,0.8,7.66882,-0.021503960192050392,7.842687468143884,7.839603944859785,7.842006285306463,7.846265078856319,7.838550545610053,7.838550545610053,0.0,7.8785,0.0
TJS_RUB,2026-06-19,7.8785,0.7555555555555555,7.68128,-0.025675408265289083,7.881676906472649,7.883892711606951,7.886103266332944,7.887628724788285,7.883348095171623,7.881676906472649,0.0,7.88649,0.0
TJS_RUB,2026-06-20,7.88649,0.7333333333333334,7.71269,-0.02253429088943027,7.888474171904367,7.890614231629248,7.892408530318337,7.894340524532803,7.891343011879172,7.888474171904367,0.0,7.93983,0.0
TJS_RUB,2026-06-23,7.93983,0.6333333333333333,7.7587,-0.023345405802518406,7.946134677692867,7.94636645737356,7.950340412218697,7.950079677967868,7.944715835055722,7.944715835055722,0.0,8.03065,0.0
TJS_RUB,2026-06-24,8.03065,0.5,7.7587,-0.03505097503447736,8.036987551786602,8.037027590581543,8.044204926846259,8.042793214938518,8.035403743690292,8.035403743690292,0.0,8.04287,0.0
TJS_RUB,2026-06-25,8.04287,0.4555555555555556,7.83373,-0.026697371494805226,8.04565221908565,8.04876657752306,8.052891964951606,8.052324414818019,8.047630977319937,8.04565221908565,0.0,8.14555,0.0
TJS_RUB,2026-06-26,8.14555,0.30000000000000004,7.8785,-0.033896046201688165,8.15275392279994,8.152523252507034,8.155625465943343,8.159530428900867,8.150850633131537,8.150850633131537,0.0,8.31529,0.0
TJS_RUB,2026-06-27,8.31529,0.1777777777777778,7.88649,-0.05437146309701768,8.32644727811733,8.32275804010692,8.33088267892914,8.327510388265345,8.320701089695886,8.320701089695886,0.0,8.32002,0.0
TJS_RUB,2026-06-30,8.39004,0.1444444444444445,7.93983,-0.05670272537321342,8.407943701442559,8.396802740297323,8.404871947159716,8.403284986025607,8.39549973249184,8.39549973249184,0.0,8.32002,0.008345609794470741
TJS_RUB,2026-07-01,8.44105,0.12222222222222223,8.03065,-0.05110420700690492,8.453483818022804,8.448011647026703,8.451875546909175,8.454231253643707,8.446542926726243,8.446542926726243,0.0,8.20498,0.02796689985250647
TJS_RUB,2026-07-02,8.43411,0.1444444444444445,8.04287,-0.04864432721155505,8.444522721983777,8.438355846989284,8.440914287090663,8.4439127558113,8.439598410592412,8.438355846989284,0.0,8.20498,0.027167063270457655
TJS_RUB,2026-07-03,8.3962,0.16666666666666663,8.14555,-0.030771402790480722,8.400215561955674,8.398062336060384,8.401325096336981,8.404934844609764,8.401342800970593,8.398062336060384,0.0,8.20498,0.022774588504323325
TJS_RUB,2026-07-04,8.32002,0.2222222222222222,8.31529,-0.0005688316342545293,8.31506530341982,8.320924225661917,8.322153198998338,8.32820263802601,8.325116139554959,8.31506530341982,0.0005955149843606007,8.20498,0.013826889839206961
TJS_RUB,2026-07-07,8.4037,0.16666666666666663,8.32002,-0.010057668130605586,8.413636966332756,8.410264897340618,8.415830334832402,8.419726034704574,8.408847394835352,8.408847394835352,0.0,8.20498,0.023646727036900385
TJS_RUB,2026-07-08,8.20498,0.3111111111111111,8.32002,0.013826889839206961,8.187921175757625,8.20495433689799,8.205932470150522,8.208806316981468,8.21000567579473,8.187921175757625,0.002079081757953846,8.21415,0.0
TJS_RUB,2026-07-09,8.23828,0.2777777777777778,8.20498,-0.004058510806851299,8.245061285775355,8.243950535443572,8.246440333503525,8.25264835989313,8.243326072554252,8.243326072554252,0.0,8.21415,0.0029290094534295437
TJS_RUB,2026-07-10,8.21415,0.3222222222222222,8.20498,-0.001117613936901642,8.207337800933766,8.216667183880245,8.21361510203805,8.219849197612676,8.21918129256004,8.207337800933766,0.0008293248925614652,8.27918,0.0
TJS_RUB,2026-07-11,8.28387,0.25555555555555554,8.20498,-0.00961489241899425,8.29121082780191,8.288886092479531,8.299803076064004,8.298250741948415,8.289260643453092,8.288886092479531,0.0,8.27918,0.0005661605022773273
TJS_RUB,2026-07-14,8.27918,0.2666666666666667,8.20498,-0.009043288344395644,8.281121524468281,8.282152371130982,8.282001265351447,8.28493048623154,8.284567591483688,8.281121524468281,0.0,8.37344,0.0
TJS_RUB,2026-07-15,8.37344,0.21111111111111114,8.20498,-0.020531433349014815,8.386146785930231,8.380183760985206,8.387955475393545,8.389179293777932,8.37888893021207,8.37888893021207,0.0,8.42376,0.0
TJS_RUB,2026-07-16,8.42376,0.15555555555555556,8.21415,-0.025518160734829487,8.429675634524267,8.430515804744914,8.437018290514342,8.439240536634257,8.429241675436048,8.429241675436048,0.0,8.46228,0.0
TJS_RUB,2026-07-17,8.46234,0.11111111111111116,8.21415,-0.03021493398586576,8.471281429786016,8.469032626925477,8.475084507328345,8.478912237277056,8.467846780975417,8.467846780975417,0.0,8.46228,7.090237451993763e-06
TJS_RUB,2026-07-18,8.47554,0.0888888888888889,8.27918,-0.023717324662587396,8.481679959849462,8.481513289184536,8.486978725060114,8.489674988024356,8.481055370740055,8.481055370740055,0.0,8.42301,0.006197835182183182
TJS_RUB,2026-07-21,8.46228,0.1444444444444445,8.27918,-0.022115716773883354,8.466648811316619,8.466519993594362,8.46787052478402,8.47250541231876,8.467786741931034,8.466519993594362,0.0,8.42301,0.00464059331527675
TJS_RUB,2026-07-22,8.48801,0.07777777777777772,8.37344,-0.013682548629953606,8.497076770732555,8.495260504551464,8.498811754006194,8.504235257826041,8.493209036000382,8.493209036000382,0.0,8.42301,0.007657860912039395
TJS_RUB,2026-07-23,8.48238,0.09999999999999998,8.42376,-0.006958887717598727,8.486955828743973,8.486682120654729,8.48818101388376,8.493318127559318,8.487575587539236,8.486682120654729,0.0,8.42301,0.006999214843003907
TJS_RUB,2026-07-24,8.47648,0.11111111111111116,8.46228,-0.0016780347613173585,8.480554853990268,8.480352338599932,8.482957197661039,8.487698957080596,8.481671973698962,8.480352338599932,0.0,8.42301,0.006308042961229283
TJS_RUB,2026-07-25,8.42301,0.2222222222222222,8.46228,0.00464059331527675,8.421776792630531,8.425604893653171,8.426774324742784,8.433412925897173,8.428344213866389,8.421776792630531,0.00014640934410244122,8.43101,0.0
TJS_RUB,2026-07-28,8.43101,0.19999999999999996,8.42301,-0.0009497792356890109,8.438397736956244,8.435158924800056,8.436409016786952,8.447920968252774,8.436349280191958,8.435158924800056,0.0,8.51268,0.0
TJS_RUB,2026-07-29,8.51268,0.0444444444444444,8.42301,-0.010645838008028,8.521492441028347,8.519880369428247,8.526515869080082,8.528846477006061,8.517894146752857,8.517894146752857,0.0,8.58517,0.0
TJS_RUB,2026-07-30,8.58517,0.033333333333333326,8.42301,-0.019252025107414104,8.592674703222512,8.593441156120857,8.59993504818889,8.600618420922,8.590756711338322,8.590756711338322,0.0,8.59216,0.0
TJS_RUB,2026-07-31,8.63089,0.011111111111111072,8.42301,-0.024680013439376324,8.639166194432972,8.638606707743632,8.645282796314781,8.646815838229395,8.636506463159474,8.636506463159474,0.0,8.59216,0.00448737036389075
TJS_RUB,2026-08-01,8.59216,0.022222222222222254,8.42301,-0.020081894714597294,8.595996874328847,8.597199761013194,8.59924616439164,8.601665062611493,8.59775126000914,8.595996874328847,0.0,8.65757,0.0
TJS_RUB,2026-08-04,8.65757,0.0,8.43101,-0.02687222527312851,8.670973979190412,8.665766731401554,8.673550710107632,8.6743269156926,8.663203824895874,8.663203824895874,0.0,8.76114,0.0
TJS_RUB,2026-08-05,8.77043,0.0,8.51268,-0.030278361221143014,8.781452597833054,8.778714157763355,8.78494532863541,8.787139234133944,8.776137267383517,8.776137267383517,0.0,8.76114,0.0010592411090448268
TJS_RUB,2026-08-06,8.76114,0.011111111111111072,8.58517,-0.020496973269020825,8.767790352430984,8.766350643362609,8.768507509444564,8.77225568940379,8.766841222011283,8.766350643362609,0.0,8.80312,0.0
TJS_RUB,2026-08-07,8.80312,0.0,8.59216,-0.024552615407534315,8.814737193615718,8.811348892285556,8.818428054251422,8.818698417556591,8.808848540065789,8.808848540065789,0.0,8.88517,0.0
TJS_RUB,2026-08-08,8.88517,0.0,8.59216,-0.034102018584383983,8.897449735209616,8.893788636549742,8.900319221020908,8.902097834308,8.890951933261883,8.890951933261883,0.0,8.90205,0.0
TJS_RUB,2026-08-11,8.9271,0.0,8.65757,-0.031132292317590227,8.93960345372419,8.93553214127121,8.940098447315478,8.94354420119946,8.932909218779399,8.932909218779399,0.0,8.90205,0.002806062439089989
TJS_RUB,2026-08-12,8.90205,0.011111111111111072,8.76114,-0.016083523377094747,8.908605383468693,8.90545599760577,8.90981369386971,8.914523405287536,8.910780560125003,8.90545599760577,0.0,8.96991,0.0
TJS_RUB,2026-08-13,8.96991,0.0,8.76114,-0.023829090734767536,8.985027736030627,8.978637331629212,8.985976717790212,8.987386291791713,8.975747076947892,8.975747076947892,0.0,9.04757,0.0
TJS_RUB,2026-08-14,9.04757,0.0,8.80312,-0.02776856387280879,9.058506249399825,9.056220445597784,9.062523469949308,9.065571355931628,9.053457613396503,9.053457613396503,0.0,9.00931,0.004228759766434642
TJS_RUB,2026-08-15,9.12736,0.0,8.88517,-0.027257778973277833,9.14112728822188,9.135985202601628,9.140881436160614,9.143897439274705,9.133299535920772,9.133299535920772,0.0,8.97026,0.017211986817655907
TJS_RUB,2026-08-18,9.18143,0.0,8.90205,-0.03138378238720312,9.19372371580556,9.18998540424838,9.196604708523578,9.197962208937112,9.187404721418796,9.187404721418796,0.0,8.97026,0.022999685234217433
TJS_RUB,2026-08-19,9.19991,0.0,8.90205,-0.033459708718778264,9.212067534200642,9.2079436746145,9.212243403870044,9.216286302948111,9.205896747089287,9.205896747089287,0.0,8.97026,0.024962200717180874
TJS_RUB,2026-08-20,9.19611,0.011111111111111072,8.96991,-0.02521764432419039,9.205562528719955,9.201915533080124,9.204037988956062,9.208554383070105,9.202094274278256,9.201915533080124,0.0,8.97026,0.02455929735507725
UZS_RUB,2025-07-12,0.00616459,0.9,0.00614948,-0.0024571183254519847,0.0061610352934762,0.0061581575067346,0.006161375309294,0.0061593794721359,0.0061590052664839,0.0061581575067346,0.001043458407680079,0.00610094,0.0103250986683624
UZS_RUB,2025-07-15,0.00621259,0.7111111111111111,0.00614948,-0.010262656354683633,0.0062159812214818,0.0062131982676268,0.0062109810514007,0.0062110762268124,0.0062100687258267,0.0062100687258267,0.0004058330218636085,0.00610094,0.01797157063318191
UZS_RUB,2025-07-16,0.00613887,0.9777777777777777,0.00614948,0.0017253491352113414,0.0061296175868899,0.0061295388425584,0.0061364054642098,0.0061297724079665,0.0061326207504169,0.0061295388425584,0.0015200122240086743,0.00610094,0.006178661545202985
UZS_RUB,2025-07-17,0.00610094,1.0,0.00613887,0.006178661545202985,0.0060950280079792,0.0060943448035823,0.0060984906917423,0.0060920216004322,0.0060941026939968,0.0060920216004322,0.0014618074539005422,0.00612819,0.0
UZS_RUB,2025-07-18,0.00612819,0.9666666666666667,0.00610094,-0.004466524830599935,0.0061317962660016,0.0061254434248732,0.0061253243558083,0.0061279986505348,0.0061267130551845,0.0061253243558083,0.0004676167337664654,0.00617503,0.0
UZS_RUB,2025-07-19,0.00618674,0.7444444444444445,0.00610094,-0.01406340662258596,0.0061829178562289,0.0061793893432992,0.0061855299204832,0.0061855709010593,0.0061843506985205,0.0061793893432992,0.0011881308574143022,0.00617503,0.0018927577367078374
UZS_RUB,2025-07-22,0.00622723,0.6222222222222222,0.00610094,-0.02070008883876915,0.0062274095147086,0.0062241089312609,0.0062259749786247,0.0062230085571926,0.0062247824287479,0.0062230085571926,0.000677900576564629,0.00617503,0.008382539267057827
UZS_RUB,2025-07-23,0.00619575,0.7,0.00610094,-0.015540228227125632,0.006192895485679,0.0061907937802454,0.0061951823319642,0.0061894025600096,0.0061910227433337,0.0061894025600096,0.001024482910123786,0.00617503,0.003344227898156012
UZS_RUB,2025-07-24,0.00617503,0.8111111111111111,0.00610094,-0.012144030264188756,0.0061745217394092,0.0061734997555777,0.0061736554838922,0.0061710005169049,0.006172010643337,0.0061710005169049,0.0006525446993940963,0.00617921,0.0
UZS_RUB,2025-07-25,0.00617921,0.7666666666666666,0.00612819,-0.00832545988293439,0.0061828860586748,0.0061832543347406,0.006177834553455,0.0061792538045623,0.006176172539286,0.006176172539286,0.000491561334539519,0.00628702,0.0
UZS_RUB,2025-07-26,0.00628702,0.38888888888888884,0.00617503,-0.01813594427881325,0.0062943323790825,0.0062884931590726,0.006286903444467,0.0062917417751708,0.0062943276426034,0.006286903444467,1.8539074633186417e-05,0.0063249,0.0
UZS_RUB,2025-07-29,0.0063249,0.3111111111111111,0.00617503,-0.024270327431607598,0.0063268914875367,0.0063269170493447,0.0063247827422069,0.0063318527145402,0.0063298334403218,0.0063247827422069,1.8539074625585625e-05,0.00626111,0.010085534949169053
UZS_RUB,2025-07-30,0.00657004,0.0444444444444444,0.00617503,-0.06396891998905274,0.0066073105521037,0.0065923786824364,0.0065699181975381,0.0065853874255983,0.0066000281804059,0.0065699181975381,1.8539074632784016e-05,0.00626111,0.047021022703058094
UZS_RUB,2025-07-31,0.00654677,0.0888888888888889,0.00617503,-0.06020051724445073,0.0065485244489938,0.0065435593615988,0.0065471456147071,0.0065498533179344,0.0065475323004635,0.0065435593615988,0.0004904156402622938,0.00626111,0.04363373083215082
UZS_RUB,2025-08-01,0.00637858,0.25555555555555554,0.00617921,-0.03226464224391143,0.0063685648086482,0.0063711803699095,0.0063766346557468,0.006374583313237,0.0063862422493942,0.0063685648086482,0.0015701286731216394,0.00626111,0.0184163246365178
UZS_RUB,2025-08-02,0.00632889,0.3111111111111111,0.00628702,-0.0066597529513187925,0.0063256972304498,0.0063274061433524,0.0063256230300233,0.0063189940030747,0.0063227767593916,0.0063189940030747,0.001563622835173362,0.00626111,0.010709618906316894
UZS_RUB,2025-08-05,0.00626111,0.43333333333333335,0.0063249,0.010085534949169053,0.0062536528424863,0.0062597370956307,0.0062576447833099,0.0062678080813212,0.0062667713153481,0.0062536528424863,0.0011910280307646157,0.00628651,0.0
UZS_RUB,2025-08-06,0.00634238,0.28888888888888886,0.00626111,-0.012980126527085389,0.0063438452411333,0.0063403931055775,0.0063390836305724,0.0063488270672461,0.0063498030692892,0.0063390836305724,0.0005197369800610303,0.00628651,0.008808995992040769
UZS_RUB,2025-08-07,0.00640256,0.18888888888888888,0.00626111,-0.022591840743893584,0.006402066351183,0.0064052209201632,0.0064006074852311,0.0064123515031204,0.0064043900091896,0.0064006074852311,0.000304958449260883,0.00628651,0.018125562275089883
UZS_RUB,2025-08-08,0.00634926,0.25555555555555554,0.00626111,-0.014078973217209011,0.0063407328418414,0.006343628044314,0.0063473462046,0.0063493520989599,0.0063515984528541,0.0063407328418414,0.00134301606149369,0.00628651,0.009883041488299335
UZS_RUB,2025-08-09,0.00633485,0.28888888888888886,0.00626111,-0.011777464379319336,0.0063382937933211,0.0063348748211338,0.0063331447471444,0.0063373478067626,0.006336771552898,0.0063331447471444,0.0002691859879240165,0.00628651,0.007630804202151592
UZS_RUB,2025-08-12,0.00628651,0.37777777777777777,0.00626111,-0.0040567886524913435,0.0062783394922918,0.0062802948095759,0.0062830307256582,0.0062838185234645,0.0062844046035235,0.0062783394922918,0.0012996889702235716,0.00634436,0.0
UZS_RUB,2025-08-13,0.00634436,0.24444444444444446,0.00628651,-0.009202244170453863,0.0063437941417619,0.0063428556507537,0.0063420471030223,0.0063513235473266,0.0063526890496884,0.0063420471030223,0.00036455954228644375,0.00636009,0.0
UZS_RUB,2025-08-14,0.00636325,0.19999999999999996,0.00628651,-0.012207091056882056,0.0063641666870541,0.0063648692994827,0.0063623524350309,0.0063754720416499,0.0063712974089149,0.0063623524350309,0.00014105448773816092,0.00636009,0.0004966015793816549
UZS_RUB,2025-08-15,0.00638237,0.15555555555555556,0.00628651,-0.015248524220911077,0.0063836201992136,0.0063844467084678,0.006382000364788,0.0063975636141136,0.0063949809391656,0.006382000364788,5.791503971099306e-05,0.00636009,0.0034908662456110177
UZS_RUB,2025-08-16,0.00636009,0.21111111111111114,0.00628651,-0.011704427416801898,0.0063616898598178,0.0063605089125184,0.0063581409724829,0.0063634284939407,0.0063639282399237,0.0063581409724829,0.0003064465309610291,0.00639561,0.0
UZS_RUB,2025-08-19,0.00640975,0.09999999999999998,0.00628651,-0.019603881963124098,0.0064173734968645,0.0064169538733628,0.0064101177533148,0.0064253089260017,0.0064232215671527,0.0064101177533148,0.0,0.00639561,0.0022060142751276247
UZS_RUB,2025-08-20,0.00642917,0.07777777777777772,0.00634436,-0.013367778625424692,0.0064274287375542,0.0064299195530215,0.0064290508091376,0.0064447976770581,0.0064408224708272,0.0064274287375542,0.0002708378291132267,0.00639561,0.005219958408316986
UZS_RUB,2025-08-21,0.00639561,0.11111111111111116,0.00636009,-0.005584826629811951,0.0063920014260618,0.0063926045689323,0.0063944923107969,0.0063997893100387,0.0064026976738587,0.0063920014260618,0.0005642267020972741,0.00643767,0.0
UZS_RUB,2025-08-22,0.00643767,0.05555555555555558,0.00636009,-0.012197940595180368,0.0064404927296889,0.0064406005470183,0.0064361707987706,0.0064511129223416,0.0064500710820108,0.0064361707987706,0.00023287947804106487,0.00646837,0.0
UZS_RUB,2025-08-23,0.00650485,0.033333333333333326,0.00636009,-0.022760684204154457,0.0065091763763685,0.0065108055216959,0.0065038759138989,0.0065224145445775,0.0065185620805856,0.0065038759138989,0.0001497476653727831,0.0064356,0.01064590267262131
UZS_RUB,2025-08-26,0.00652939,0.022222222222222254,0.00639561,-0.020917473079190257,0.0065356392713534,0.0065392616166992,0.0065290351040422,0.0065500552334197,0.0065425365268888,0.0065290351040422,5.435361615714352e-05,0.0064356,0.014364282115174726
UZS_RUB,2025-08-27,0.00654381,0.022222222222222254,0.00639561,-0.023172144642965936,0.0065389940917415,0.0065444852387811,0.0065428300797299,0.0065614805149982,0.0065543167322528,0.0065389940917415,0.0007359486688182707,0.0064356,0.016536238063146712
UZS_RUB,2025-08-28,0.00651108,0.0444444444444444,0.00639561,-0.018054571807849362,0.0065107625607205,0.0065106146788602,0.0065093273084978,0.0065153614690544,0.006515954707949,0.0065093273084978,0.0002691859879159754,0.0064356,0.011592546858585698
UZS_RUB,2025-08-29,0.00646837,0.06666666666666665,0.00643767,-0.004768806105314473,0.0064658357474382,0.0064668018884153,0.0064650310305143,0.0064708813612825,0.0064744930487343,0.0064650310305143,0.0005161995194616808,0.0064356,0.005066191327954422
UZS_RUB,2025-08-30,0.0064356,0.0888888888888889,0.00646837,0.005066191327954422,0.0064372539607233,0.006436211580555,0.0064336278327053,0.0064403087575761,0.0064456707634116,0.0064336278327053,0.00030644653096837174,0.00644317,0.0
UZS_RUB,2025-09-02,0.00644317,0.07777777777777772,0.0064356,-0.0011762695009012597,0.006447065547458,0.0064487752090112,0.0064410789962877,0.0064551273646772,0.0064558368222009,0.0064410789962877,0.00032453027194682694,0.00646791,0.0
UZS_RUB,2025-09-03,0.00646791,0.07777777777777772,0.0064356,-0.005020510908073944,0.0064668874879082,0.0064694582548171,0.0064655520616908,0.0064848220106605,0.0064819970127958,0.0064655520616908,0.00036455954229418924,0.00650805,0.0
UZS_RUB,2025-09-04,0.00650805,0.05555555555555558,0.0064356,-0.011257691590527683,0.0065146612607506,0.0065148302327306,0.0065084233931839,0.0065257615657179,0.0065252547690371,0.0065084233931839,0.0,0.00655742,0.0
UZS_RUB,2025-09-05,0.00656975,0.011111111111111072,0.0064356,-0.020844987258375355,0.0065766263317369,0.0065826142947699,0.0065696282029145,0.0065919632388853,0.0065852409476459,0.0065696282029145,1.8539074622270677e-05,0.00655742,0.001876783743673732
UZS_RUB,2025-09-06,0.00655742,0.022222222222222254,0.0064356,-0.018929081981478017,0.0065644435115804,0.0065658301470605,0.0065578195821833,0.0065705447703869,0.0065689350520565,0.0065578195821833,0.0,0.00657624,0.0
UZS_RUB,2025-09-09,0.00657624,0.0,0.00644317,-0.020652877387993783,0.0065873669740676,0.006590952773893,0.0065766407289967,0.0065980607027609,0.0065983119745223,0.0065766407289967,0.0,0.00668487,0.0
UZS_RUB,2025-09-10,0.00669184,0.0,0.00646791,-0.03462169387019915,0.0067079937621992,0.0067109992107098,0.0066922239379605,0.0067167466189926,0.006710862915531,0.0066922239379605,0.0,0.00668487,0.0010415670428462484
UZS_RUB,2025-09-11,0.00687334,0.0,0.00650805,-0.05612894799517532,0.0068985192158535,0.0068923295747432,0.0068732125746368,0.0068879254755399,0.0068830988312133,0.0068732125746368,1.8539074627521898e-05,0.00668487,0.027420438971446266
UZS_RUB,2025-09-12,0.00693032,0.0,0.00655742,-0.05686687752195234,0.0069351678501853,0.0069413947884218,0.0069301915182803,0.0069502265010117,0.006937160831821,0.0069301915182803,1.853907463147455e-05,0.00668487,0.03541683500906168
UZS_RUB,2025-09-13,0.00677894,0.022222222222222254,0.00655742,-0.03378157873065935,0.0067732069257382,0.0067735632294194,0.0067776780378562,0.0067809046454428,0.0067825619631899,0.0067732069257382,0.0008457183957668586,0.00668487,0.01387680079776483
UZS_RUB,2025-09-16,0.00668487,0.0444444444444444,0.00657624,-0.016518557716871676,0.0066719376998436,0.0066766231316945,0.0066816585782935,0.0066772465758867,0.0066770548703333,0.0066719376998436,0.0019345627000076227,0.00671029,0.0
UZS_RUB,2025-09-17,0.00671029,0.033333333333333326,0.00668487,-0.003802616954405988,0.006713376352692,0.0067123356866372,0.0067084597909067,0.0067099058508022,0.0067052715058163,0.0067052715058163,0.0007478803723385876,0.00675601,0.0
UZS_RUB,2025-09-18,0.00675601,0.033333333333333326,0.00668487,-0.010641942176886,0.0067599426390804,0.0067605288175081,0.0067531188443187,0.0067700275948854,0.0067663661137694,0.0067531188443187,0.00042793833657735474,0.00678723,0.0
UZS_RUB,2025-09-19,0.00678723,0.022222222222222254,0.00668487,-0.01531219006502746,0.0067922717564488,0.0067921801053725,0.0067857833692606,0.0068045681112919,0.0067989785383414,0.0067857833692606,0.00021314007914869225,0.00678785,0.0
UZS_RUB,2025-09-20,0.00678785,0.022222222222222254,0.00668487,-0.015404936820012942,0.0067922858736042,0.0067929661868224,0.0067864274077699,0.0067977222029009,0.0068025571162825,0.0067864274077699,0.00020957920845335196,0.00680017,0.0
UZS_RUB,2025-09-23,0.0068032,0.022222222222222254,0.00668487,-0.01770116696360585,0.0068095134212534,0.0068129132653293,0.0068035903271347,0.006820387746349,0.0068152176978844,0.0068035903271347,0.0,0.00680017,0.0004453786453432727
UZS_RUB,2025-09-24,0.00680017,0.033333333333333326,0.00671029,-0.013394354044311128,0.0067992217012741,0.006801348320748,0.0067990990934104,0.0068131834098332,0.0068096594706302,0.0067990990934104,0.00015748232611831518,0.00682674,0.0
UZS_RUB,2025-09-25,0.00690093,0.011111111111111072,0.00675601,-0.02145053071265446,0.0069072319652712,0.0069094384665177,0.0069008020631437,0.0069229650073473,0.0069151897311964,0.0069008020631437,1.853907463208729e-05,0.00675326,0.021398565120933088
UZS_RUB,2025-09-26,0.00684232,0.033333333333333326,0.00678723,-0.008116713298355857,0.0068344684089153,0.0068356140546271,0.0068396888581641,0.0068435103542646,0.0068484578315993,0.0068344684089153,0.0011475042214775068,0.00670373,0.02025482584854261
UZS_RUB,2025-09-27,0.00685359,0.033333333333333326,0.00678785,-0.009684951788858018,0.0068546789479701,0.0068575598670803,0.0068525636908981,0.0068685377343955,0.0068641523718226,0.0068525636908981,0.00014974766536950465,0.00670373,0.021865912609304018
UZS_RUB,2025-09-30,0.00682674,0.05555555555555558,0.00680017,-0.003907255259794985,0.0068183623660554,0.0068221156620485,0.0068238185762401,0.00683079165614,0.0068313647656284,0.0068183623660554,0.0012271792897635362,0.00670373,0.018018849406891232
UZS_RUB,2025-10-01,0.00684538,0.0444444444444444,0.00680017,-0.006648363202684568,0.0068444421923502,0.0068453991081133,0.0068418222028714,0.0068578492077414,0.0068558559801518,0.0068418222028714,0.0005197369800653324,0.00670373,0.020692788420803538
UZS_RUB,2025-10-02,0.00675326,0.1444444444444445,0.00682674,0.010763556250860697,0.0067379671889784,0.0067427872958026,0.0067483525718322,0.0067498800712012,0.0067570131040524,0.0067379671889784,0.0022645079593558944,0.00670373,0.007334235613614741
UZS_RUB,2025-10-03,0.00670373,0.16666666666666663,0.00675326,0.007334235613614741,0.0066936416684748,0.0066977908231979,0.0066989102705547,0.0067012559661229,0.0067093531276446,0.0066936416684748,0.0015048833299073448,0.00674371,0.0
UZS_RUB,2025-10-04,0.0067685,0.1333333333333333,0.00670373,-0.009661785304599149,0.0067758866399567,0.0067759913373357,0.006765253056308,0.0067791178040013,0.0067815466640334,0.006765253056308,0.00047971392361683725,0.00669696,0.010569550121888179
UZS_RUB,2025-10-07,0.00688198,0.022222222222222254,0.00670373,-0.026589674703486037,0.0068926796872906,0.0068981324602601,0.0068809494395619,0.0069051430938852,0.0068978178658036,0.0068809494395619,0.00014974766536671074,0.0066597,0.03229884422796928
UZS_RUB,2025-10-08,0.0068149,0.0888888888888889,0.00670373,-0.016583305115211958,0.0068018448491883,0.0068041392528048,0.0068107856247148,0.0068239139577615,0.0068193606290278,0.0068018448491883,0.0019156775318345976,0.00658122,0.03428957138035775
UZS_RUB,2025-10-09,0.00677382,0.15555555555555556,0.00670373,-0.0104553733518504,0.0067660488163259,0.0067694111987433,0.0067698583584646,0.0067788255107002,0.0067818152772883,0.0067660488163259,0.0011472379948241221,0.00647011,0.04483585332943591
UZS_RUB,2025-10-10,0.00674371,0.19999999999999996,0.00670373,-0.005963844009230715,0.006738924878495,0.0067414843143643,0.0067413617278725,0.0067464746789176,0.0067526933197675,0.006738924878495,0.0007095681019794511,0.00646445,0.04141044024728227
UZS_RUB,2025-10-11,0.00669696,0.23333333333333328,0.00674371,0.0069323858825483175,0.0066883543824296,0.0066891278691734,0.0066932322323941,0.006695286489719,0.0067071973934687,0.0066883543824296,0.001285003579295721,0.00646445,0.03471873805428135
UZS_RUB,2025-10-14,0.0066597,0.2666666666666667,0.00669696,0.005563718463302737,0.0066530060227276,0.006655020061178,0.0066559929726436,0.0066603332533086,0.0066686584226348,0.0066530060227276,0.0010051469694431403,0.00646445,0.02931813745363907
UZS_RUB,2025-10-15,0.00658122,0.2777777777777778,0.0066597,0.011784314608766245,0.0065707499139861,0.006572486662295,0.0065774376741273,0.0065806674965146,0.0065868792137533,0.0065707499139861,0.0015909035124033841,0.00646445,0.017742910888862484
UZS_RUB,2025-10-16,0.00647011,0.4,0.00658122,0.016882887975177754,0.0064569262154659,0.0064621561645606,0.0064665085052226,0.0064639975760961,0.0064700674429379,0.0064569262154659,0.002037644573909865,0.00646445,0.0008747919278034242
UZS_RUB,2025-10-17,0.00646445,0.43333333333333335,0.00647011,0.0008747919278034242,0.0064651980449566,0.0064614334032157,0.0064605409481984,0.0064618864652494,0.0064633968887881,0.0064605409481984,0.000604699827765733,0.00665928,0.0
UZS_RUB,2025-10-18,0.00665928,0.2777777777777778,0.00646445,-0.030138681558369237,0.0066725604630285,0.0066748996700584,0.0066566459441355,0.0066668097020027,0.0066704994688321,0.0066566459441355,0.00039554664535807897,0.00667566,0.0
UZS_RUB,2025-10-21,0.00671924,0.21111111111111114,0.00646445,-0.039414025941882064,0.0067217537125451,0.006727767725111,0.0067178858200796,0.006728659213353,0.0067139497412029,0.0067139497412029,0.0007873299356921138,0.00651832,0.029902191319256255
UZS_RUB,2025-10-22,0.00674515,0.19999999999999996,0.00646445,-0.0434221008747844,0.006751618910336,0.0067495952270454,0.00674518759291,0.0067558607368255,0.0067519748434577,0.00674518759291,0.0,0.00651832,0.03362860722148505
UZS_RUB,2025-10-23,0.00679833,0.12222222222222223,0.00646445,-0.05164863213421094,0.0068027672532956,0.0068052094051992,0.006798720047723,0.0068146153531328,0.0068125613904824,0.006798720047723,0.0,0.00651832,0.041188056478576325
UZS_RUB,2025-10-24,0.00671573,0.24444444444444446,0.00646445,-0.038871056315695776,0.006706551301507,0.0067117456670828,0.0067127870401869,0.0067123576266564,0.0067106249982759,0.006706551301507,0.0013667462052524243,0.00651832,0.029395166273807827
UZS_RUB,2025-10-25,0.00667566,0.3111111111111111,0.00665928,-0.0024597253757162735,0.006668541433307,0.006672178342491,0.0066719653502575,0.006675502911158,0.0066766779974547,0.006668541433307,0.001066346502518136,0.00651832,0.023569205142263048
UZS_RUB,2025-10-28,0.00651832,0.43333333333333335,0.00667566,0.023569205142263048,0.0065060648132678,0.0065100588016779,0.0065146916698113,0.0065255402392752,0.0065164216177398,0.0065060648132678,0.0018801143135347901,0.00662016,0.0
UZS_RUB,2025-10-29,0.00662195,0.34444444444444444,0.00651832,-0.015898268265442557,0.0066265120962048,0.0066295168887071,0.006618096868684,0.0066331754052125,0.0066264433352596,0.006618096868684,0.0005818726079175444,0.00662016,0.00027031312528783485
UZS_RUB,2025-10-30,0.00662016,0.3555555555555555,0.00651832,-0.015623657629573224,0.0066114186411232,0.0066144425388572,0.0066163079102359,0.0066196962112282,0.0066208874793982,0.0066114186411232,0.0013204150468871271,0.00671394,0.0
UZS_RUB,2025-10-31,0.00671394,0.25555555555555554,0.00651832,-0.030010800328919052,0.0067281771680618,0.0067248848878699,0.0067121612974124,0.0067200895373488,0.0067165436776889,0.0067121612974124,0.0002649267922561269,0.00672637,0.0
UZS_RUB,2025-11-01,0.0067533,0.19999999999999996,0.00651832,-0.03604916604278404,0.0067581635273696,0.0067580615789371,0.0067529088823623,0.0067676666457242,0.0067604108336482,0.0067529088823623,5.791503971399988e-05,0.00671736,0.005321842654702135
UZS_RUB,2025-11-02,0.00672637,0.24444444444444446,0.00651832,-0.03191773340369904,0.0067225166550787,0.006724057492174,0.0067267798773009,0.0067272152306642,0.0067313022675002,0.0067225166550787,0.0005728713884754627,0.00671736,0.0013395040712894772
UZS_RUB,2025-11-06,0.00679366,0.1333333333333333,0.00662016,-0.02620782579273009,0.0068009267570425,0.0068000718220565,0.0067935340518303,0.0068101153632161,0.0068090203805813,0.0067935340518303,1.853907462251538e-05,0.00671736,0.011231059546694953
UZS_RUB,2025-11-07,0.00679799,0.1333333333333333,0.00662016,-0.02686188853441614,0.0068009516916558,0.0068034123998749,0.0067978389932164,0.0068106759665363,0.0068111628007957,0.0067978389932164,2.221344597447792e-05,0.00671736,0.011860858871519366
UZS_RUB,2025-11-08,0.0067559,0.2222222222222222,0.00671394,-0.006249683494341585,0.0067508637714233,0.0067528644666292,0.0067540807172042,0.0067569322019942,0.0067591528455569,0.0067508637714233,0.0007454563532170643,0.00671736,0.005704643348776512
UZS_RUB,2025-11-11,0.00671736,0.30000000000000004,0.00672637,0.0013395040712894772,0.0067113426883342,0.0067134174510636,0.0067136422713568,0.0067173316561062,0.006716367089408,0.0067113426883342,0.0008957851992152364,0.00673226,0.0
UZS_RUB,2025-11-12,0.00677125,0.19999999999999996,0.00671736,-0.008022496933319044,0.006777319335194,0.0067774354616043,0.006769669731492,0.0067854514419752,0.0067814814054238,0.006769669731492,0.00023337914092681758,0.00673226,0.005758168728078277
UZS_RUB,2025-11-13,0.00677942,0.1777777777777778,0.00671736,-0.009238748555980334,0.0067785119097324,0.0067794944334921,0.006777570935931,0.0067905428315119,0.0067881350326111,0.006777570935931,0.0002727466463207845,0.00673226,0.006956347298146461
UZS_RUB,2025-11-14,0.00673226,0.30000000000000004,0.00671736,-0.0022181333142782256,0.0067242156695544,0.006725923093436,0.0067285340249391,0.006730555486764,0.0067333893810833,0.0067242156695544,0.0011948930144706467,0.00673861,0.0
UZS_RUB,2025-11-15,0.00676904,0.2222222222222222,0.00671736,-0.007693498636368939,0.0067770517019458,0.0067787572877882,0.0067672178692803,0.0067837603755403,0.0067849674908935,0.0067672178692803,0.00026918598792431957,0.00663255,0.020163863708886273
UZS_RUB,2025-11-18,0.00673861,0.3111111111111111,0.00671736,-0.0031634451629806303,0.0067344343418892,0.0067343631474817,0.006736544976342,0.0067389131364283,0.0067413311855554,0.0067343631474817,0.0006302267853904829,0.0065924,0.02169735301493927
UZS_RUB,2025-11-19,0.00674898,0.28888888888888886,0.00673226,-0.002483564211720816,0.0067480015130509,0.0067497010328032,0.0067461701403828,0.0067550386015849,0.0067535929459266,0.0067461701403828,0.0004163384122044797,0.00658654,0.024068822251658743
UZS_RUB,2025-11-20,0.0067789,0.19999999999999996,0.00673226,-0.006927837011642405,0.0067767199999307,0.0067779632564907,0.0067764286873188,0.0067887356157151,0.0067872518288025,0.0067764286873188,0.00036455954228561065,0.00658414,0.02873032497897895
UZS_RUB,2025-11-21,0.00677798,0.21111111111111114,0.00673226,-0.006791181564586032,0.0067720909054469,0.0067724960798389,0.0067764015475554,0.0067827521634954,0.0067837236367619,0.0067720909054469,0.0008688568796455531,0.00658414,0.028598490995842517
UZS_RUB,2025-11-22,0.00663255,0.5111111111111111,0.00673861,0.015739150952496114,0.0066175968061743,0.0066217316889361,0.0066289464059819,0.0066258810479763,0.0066291528539228,0.0066175968061743,0.0022545165623629104,0.00657254,0.009047802127386918
UZS_RUB,2025-11-25,0.0065924,0.5444444444444445,0.00663255,0.006053478677130226,0.006589815436729,0.0065883501432557,0.0065887304342321,0.0065841141734131,0.0065851413724511,0.0065841141734131,0.0012568755820186667,0.00650725,0.012916388568654812
UZS_RUB,2025-11-26,0.00658654,0.5555555555555556,0.0065924,0.0008889023724288412,0.006582801342801,0.0065816754291572,0.0065825571203964,0.0065818482148966,0.0065828639837522,0.0065816754291572,0.0007385624080018295,0.00650725,0.012038186969182619
UZS_RUB,2025-11-27,0.00658414,0.5666666666666667,0.00658654,0.00036437947693333556,0.0065806620349897,0.0065799977892412,0.0065800395413163,0.0065773316863646,0.0065764792357743,0.0065764792357743,0.001163517820960626,0.00650725,0.011678062738641585
UZS_RUB,2025-11-28,0.00658584,0.5666666666666667,0.00658414,-0.00025819621089471253,0.0065795929118271,0.0065766710216766,0.0065811340292603,0.0065775486124273,0.0065793009717777,0.0065766710216766,0.0013922260977187561,0.00646141,0.018893565589203506
UZS_RUB,2025-11-29,0.00657254,0.6111111111111112,0.00658414,0.0017618094390458939,0.0065695823616635,0.0065676279106708,0.0065695854094114,0.0065651341752255,0.0065684550035218,0.0065651341752255,0.001126782761991532,0.00636063,0.03224172085677684
UZS_RUB,2025-12-02,0.00650725,0.7222222222222222,0.00657254,0.009933754682360239,0.0064978185849689,0.0064994348167531,0.0065036278317694,0.0064962605384381,0.0065008445087049,0.0064962605384381,0.0016888027295555146,0.00636063,0.022531791463367794
UZS_RUB,2025-12-03,0.00651193,0.7,0.00650725,-0.0007191978178185811,0.0065094155938063,0.0065055796944934,0.0065072768423103,0.0065037396365236,0.0065027283577254,0.0065027283577254,0.001413043794174718,0.00636063,0.02323427923825963
UZS_RUB,2025-12-04,0.00656141,0.6444444444444444,0.00650725,-0.008323024319028798,0.0065636799340969,0.0065605208992201,0.0065573236970642,0.0065593929710892,0.0065581614692313,0.0065573236970642,0.0006227781735633159,0.00636063,0.030600130154951485
UZS_RUB,2025-12-05,0.00646141,0.8,0.00650725,0.007044450420684639,0.0064466973896882,0.006451897495227,0.0064578133479539,0.0064507722345157,0.0064557397190862,0.0064466973896882,0.0022769968647400936,0.00636063,0.015597214849390454
UZS_RUB,2025-12-06,0.00636063,0.9111111111111111,0.00646141,0.015597214849390454,0.0063467653712634,0.0063500870268498,0.0063570894457086,0.006350437784036,0.0063550769766389,0.0063467653712634,0.0021797571524518524,0.00640599,0.0
UZS_RUB,2025-12-09,0.00645923,0.8,0.00636063,-0.015501609117335847,0.0064645078911686,0.0064630131180555,0.0064554101132997,0.0064576199510458,0.0064615194077638,0.0064554101132997,0.0005913842207661772,0.00640599,0.008242468529530539
UZS_RUB,2025-12-10,0.00640599,0.8666666666666667,0.00636063,-0.007131369062498584,0.00639434972408,0.0063965734619723,0.0064024241967093,0.0063958810527318,0.0064007993007276,0.00639434972408,0.0018170924275561857,0.00648993,0.0
UZS_RUB,2025-12-11,0.00648993,0.7444444444444445,0.00636063,-0.020328175039264935,0.0064998026352603,0.006498759717955,0.0064880761354114,0.0065045220769124,0.0065081724847978,0.0064880761354114,0.0002856524783163984,0.00656146,0.0
UZS_RUB,2025-12-12,0.00660015,0.5444444444444445,0.00636063,-0.03765664721890756,0.0066073245011892,0.0066110788437572,0.0066003061795934,0.0066056888711555,0.0066107133625609,0.0066003061795934,0.0,0.00656146,0.005861987985121562
UZS_RUB,2025-12-13,0.00661796,0.5444444444444445,0.00636063,-0.04045668432215049,0.0066267583588283,0.0066199552622961,0.0066181166010321,0.0066255789437498,0.006623827067332,0.0066181166010321,0.0,0.00656146,0.008537374054844714
UZS_RUB,2025-12-16,0.0065672,0.6555555555555556,0.00640599,-0.02516550915627394,0.0065622782603083,0.0065591748779938,0.0065657327374481,0.0065608305632347,0.0065600630999035,0.0065591748779938,0.0012220005491228318,0.00656146,0.0008740406870507582
UZS_RUB,2025-12-17,0.00656146,0.6666666666666667,0.00640599,-0.02426947279031025,0.0065631331393017,0.0065595180525012,0.0065602055400771,0.0065591415719767,0.006556363400726,0.006556363400726,0.0007767477473001114,0.00652032,0.006269946018111865
UZS_RUB,2025-12-18,0.00666519,0.48888888888888893,0.00648993,-0.02700491376640426,0.0066710887715367,0.0066666759305075,0.0066650664335452,0.0066714710691676,0.0066695418523472,0.0066650664335452,1.8539074625035958e-05,0.00649978,0.02481699696482764
UZS_RUB,2025-12-19,0.00665719,0.5222222222222221,0.00656146,-0.01458974069795449,0.0066541677318642,0.0066527484828367,0.0066575719499497,0.0066533889808125,0.0066547599728568,0.0066527484828367,0.0006671759651294352,0.0064482,0.031393125327653267
UZS_RUB,2025-12-20,0.006729,0.3666666666666667,0.00656146,-0.025533951285232233,0.0067371085493468,0.006735100723396,0.0067293860699802,0.0067349864843952,0.00673466946751,0.0067293860699802,0.0,0.00644358,0.04241640659830581
UZS_RUB,2025-12-23,0.00661168,0.5888888888888889,0.00656146,-0.0076537843711613155,0.0065986293564796,0.0066013768472099,0.006608243517844,0.0066027083311578,0.0066081021481743,0.0065986293564796,0.0019738770661011807,0.00644029,0.025922307189700584
UZS_RUB,2025-12-24,0.00652032,0.7666666666666666,0.00656146,0.006269946018111865,0.0065093586096947,0.0065133071615302,0.0065156997079536,0.0065133269654531,0.0065145448966,0.0065093586096947,0.0016811123235208809,0.00644029,0.0122739374754612
UZS_RUB,2025-12-25,0.00649978,0.8444444444444444,0.00652032,0.0031501521397721967,0.0064952877397845,0.0064939336444338,0.0064967121108265,0.0064959060259549,0.0064958901149825,0.0064939336444338,0.0008994697614688606,0.00644029,0.009152617473206741
UZS_RUB,2025-12-26,0.0064482,0.9333333333333333,0.00649978,0.007935653206723898,0.0064344095987024,0.0064387128590487,0.006444494122717,0.0064376588326703,0.0064429339051355,0.0064344095987024,0.002138643543562651,0.00644029,0.001226698923730632
UZS_RUB,2025-12-27,0.00644358,0.9444444444444444,0.0064482,0.000716479017400254,0.0064396434663123,0.0064354893512411,0.0064395670790164,0.0064336896840929,0.00643791565681,0.0064336896840929,0.001534910082143809,0.00644029,0.0005105857302927166
UZS_RUB,2025-12-30,0.00644029,0.9666666666666667,0.00644358,0.0005105857302927166,0.006434819592667,0.006432211966186,0.0064362791279566,0.0064331742085822,0.0064343645102824,0.006432211966186,0.0012542965944080337,0.00651212,0.0
UZS_RUB,2025-12-31,0.0065165,0.7888888888888889,0.00644029,-0.01183331806486964,0.0065201354671247,0.0065178211672389,0.0065157850761331,0.0065111802228738,0.0065131695804001,0.0065111802228738,0.0008163549645054072,0.00650628,0.0015683265556663886
UZS_RUB,2026-01-13,0.00651212,0.7888888888888889,0.00644029,-0.011153224466599996,0.0065132371541114,0.0065087857195974,0.0065115233454595,0.0065096908526341,0.0065080747284648,0.0065080747284648,0.0006211911843147809,0.00645208,0.00921973182312364
UZS_RUB,2026-01-14,0.00654486,0.7444444444444445,0.00644029,-0.016236846477410045,0.0065488668766934,0.0065450831821637,0.0065448964766288,0.0065392203438386,0.0065439313706076,0.0065392203438386,0.0008616924061629297,0.00644602,0.01510192731395314
UZS_RUB,2026-01-15,0.00654666,0.7444444444444445,0.00644029,-0.016516336997246975,0.0065430304543025,0.0065418363812627,0.0065461521664041,0.0065393715135431,0.0065410135901919,0.0065393715135431,0.0011133137289702222,0.00639461,0.02322558373277365
UZS_RUB,2026-01-16,0.00656059,0.7333333333333334,0.00644029,-0.018679283075762023,0.006557601817079,0.0065551673932394,0.0065606265642972,0.0065551887074281,0.0065556023182281,0.0065551673932394,0.0008265425458075899,0.00626503,0.04505082622142207
UZS_RUB,2026-01-17,0.00650628,0.8555555555555556,0.00651212,0.0008967893712032352,0.0064957249961503,0.0064951929092545,0.0065012803922596,0.0064958291643345,0.006500520804384,0.0064951929092545,0.0017040598845268816,0.00626503,0.03707956005582288
UZS_RUB,2026-01-20,0.00645208,0.9444444444444444,0.00650628,0.008330413077826332,0.0064434707524233,0.0064433218713962,0.0064484885413658,0.0064421868656662,0.0064466026157025,0.0064421868656662,0.0015333248090227793,0.00626503,0.02899065107686194
UZS_RUB,2026-01-21,0.00644602,0.9555555555555556,0.00645208,0.0009392319996031625,0.0064454293268628,0.0064393914586554,0.0064421220928162,0.0064405468525503,0.0064426643887181,0.0064393914586554,0.0010283153549942546,0.00626503,0.028077790636702925
UZS_RUB,2026-01-22,0.00639461,0.9888888888888889,0.00644602,0.00797546392968064,0.0063847909991724,0.0063838462272701,0.0063910505312246,0.0063844879915654,0.0063885596486387,0.0063838462272701,0.0016832571071418697,0.00626503,0.020263941037842775
UZS_RUB,2026-01-23,0.00626503,1.0,0.00639461,0.020263941037842775,0.0062498766973991,0.006252450301035,0.0062614293932641,0.0062553148517123,0.0062584468852914,0.0062498766973991,0.0024187118977723097,0.00623203,0.005267333117319477
UZS_RUB,2026-01-24,0.00628257,0.9888888888888889,0.00626503,-0.00279966735993282,0.0062839843475452,0.0062781097375459,0.0062786573525301,0.0062754334173894,0.0062754420280823,0.0062754334173894,0.0011359336403096167,0.00619482,0.013967214054121187
UZS_RUB,2026-01-27,0.0062828,0.9777777777777777,0.00626503,-0.0028363790755989065,0.0062794200794611,0.0062740126775095,0.0062790007919221,0.0062772138801281,0.0062794421106467,0.0062740126775095,0.001398631579948452,0.00619482,0.01400331062583556
UZS_RUB,2026-01-28,0.00631199,0.9666666666666667,0.00626503,-0.0074955746421006015,0.006312444121194,0.0063069052101389,0.0063092449259187,0.0063098332127867,0.0063111711742343,0.0063069052101389,0.000805576349312967,0.00619482,0.01856308390856129
UZS_RUB,2026-01-29,0.00626726,0.9888888888888889,0.00626503,-0.0003559440258067027,0.0062589070906201,0.0062580086343132,0.0062637714187922,0.0062573401304056,0.0062590949899497,0.0062573401304056,0.0015828080523866178,0.00619482,0.011558480101352107
UZS_RUB,2026-01-30,0.00623203,1.0,0.00626503,0.005267333117319477,0.0062252912281734,0.0062238167955729,0.0062302463020307,0.0062235045169911,0.0062264423828486,0.0062235045169911,0.001368010585459438,0.00619482,0.005970767149708874
UZS_RUB,2026-01-31,0.00619482,1.0,0.00623203,0.005970767149708874,0.0061872212201254,0.0061866367419432,0.0061923330022946,0.0061863801590039,0.006189896172487,0.0061863801590039,0.0013624029424744962,0.00623416,0.0
UZS_RUB,2026-02-03,0.00629156,0.9333333333333333,0.00619482,-0.015616272950626437,0.0062990130040976,0.0062966468502027,0.0062895405826722,0.006293230793676,0.0062930239598053,0.0062895405826722,0.00032097243414983364,0.00623416,0.009123333481680217
UZS_RUB,2026-02-04,0.00627992,0.9555555555555556,0.00619482,-0.013737283730600633,0.0062746639659226,0.0062724698555117,0.0062780498902383,0.0062745576597274,0.0062750050472376,0.0062724698555117,0.0011863438528356713,0.00623416,0.0072867170282423545
UZS_RUB,2026-02-05,0.00627031,0.9555555555555556,0.00619482,-0.012185987647744423,0.0062681268456432,0.006264418047438,0.0062685561457139,0.0062646206290744,0.00626776123751,0.006264418047438,0.0009396588943769427,0.00623416,0.005765265194224913
UZS_RUB,2026-02-06,0.00623416,0.9777777777777777,0.00619482,-0.006350467003076714,0.0062259158399483,0.0062257257560969,0.0062315444824783,0.0062264438237491,0.006229382457788,0.0062257257560969,0.0013529078341107457,0.00626294,0.0
UZS_RUB,2026-02-07,0.00626294,0.9666666666666667,0.00619482,-0.010996283992109479,0.0062682391304591,0.0062630804208883,0.0062608463514913,0.0062645353019934,0.0062636868305955,0.0062608463514913,0.0003342916439722802,0.00627207,0.0
UZS_RUB,2026-02-10,0.0063026,0.8777777777777778,0.00623416,-0.010978223208900692,0.0063039387445263,0.0063043778823886,0.0063016408643718,0.0063035877381174,0.0063051021092197,0.0063016408643718,0.00015218094567329992,0.00627207,0.004844032621457806
UZS_RUB,2026-02-11,0.00627207,0.9222222222222223,0.00623416,-0.006081011716093327,0.0062674603016089,0.0062636123923198,0.0062709185188541,0.0062637267475666,0.006267709502303,0.0062636123923198,0.001348455562549579,0.00628482,0.0
UZS_RUB,2026-02-12,0.00630446,0.8555555555555556,0.00623416,-0.011276579362736874,0.0063085131256064,0.0063056164061953,0.0063039709541978,0.0063039322720196,0.006304086931593,0.0063039322720196,8.370708679240076e-05,0.00627674,0.004396887282970993
UZS_RUB,2026-02-13,0.00628793,0.8777777777777778,0.00623416,-0.008625059350417677,0.0062842800958109,0.006280008206251,0.0062866141128024,0.0062801863277286,0.006282871151017,0.006280008206251,0.001259841275109588,0.00627674,0.0017795999637399693
UZS_RUB,2026-02-14,0.00631655,0.8222222222222222,0.00626294,-0.008559877629356172,0.0063149632276416,0.0063120453349162,0.0063152769772807,0.0063129770905133,0.0063135518929397,0.0063120453349162,0.0007131527627897283,0.00627674,0.006302491075032969
UZS_RUB,2026-02-17,0.00628482,0.8777777777777778,0.00627207,-0.002032821700012873,0.0062790026272624,0.0062758311783576,0.0062816077569499,0.0062754393201563,0.0062797977138324,0.0062754393201563,0.0014925932395359353,0.00627674,0.0012856374566017354
UZS_RUB,2026-02-18,0.00632228,0.8,0.00627207,-0.008005331573148788,0.0063212259278736,0.0063177034932825,0.006319499113475,0.0063176280615301,0.0063185263512903,0.0063176280615301,0.0007358007664797345,0.00627674,0.007203097616682478
UZS_RUB,2026-02-19,0.00627674,0.9111111111111111,0.00628482,0.0012856374566017354,0.0062676195665236,0.0062670151975933,0.0062719818222077,0.0062676248249019,0.0062717133318258,0.0062670151975933,0.0015493396901417184,0.00628455,0.0
UZS_RUB,2026-02-20,0.0062978,0.8333333333333334,0.00627674,-0.0033552449201336727,0.0063012166354996,0.006297037280561,0.0062947788576518,0.0062964384466757,0.0062946872708619,0.0062946872708619,0.0004942565877131936,0.00628455,0.0021039093016609355
UZS_RUB,2026-02-21,0.00628455,0.8666666666666667,0.00627674,-0.0012442764874759172,0.0062817870439904,0.0062780882156261,0.0062814515219129,0.0062776708379696,0.0062808179782122,0.0062776708379696,0.0010946148937314442,0.00628784,0.0
UZS_RUB,2026-02-25,0.00628784,0.8444444444444444,0.00627674,-0.0017684339322642005,0.0062872698903413,0.0062863891216351,0.0062859131132448,0.0062854381759015,0.0062847301694416,0.0062847301694416,0.0004945785131937366,0.00630034,0.0
UZS_RUB,2026-02-26,0.00630034,0.8,0.00627674,-0.003759913585714796,0.0062967754057535,0.006295825846063,0.0062982953489465,0.006295374346867,0.006295643422857,0.006295374346867,0.0007881563745766014,0.00633058,0.0
UZS_RUB,2026-02-27,0.0063545,0.7333333333333334,0.00627674,-0.012388596628185911,0.006359443543736,0.006359591229368,0.0063548872170738,0.0063553241408396,0.0063549378505261,0.0063548872170738,0.0,0.00633058,0.0037642615469352728
UZS_RUB,2026-02-28,0.00634838,0.7333333333333334,0.00628455,-0.01015665401659625,0.0063486278691831,0.0063443931674256,0.0063487668441462,0.0063445456380207,0.00634477388193,0.0063443931674256,0.000628007865691742,0.00633058,0.002803864923019748
UZS_RUB,2026-03-03,0.00633058,0.7333333333333334,0.00628455,-0.007324311207644121,0.0063284456300684,0.0063263172366955,0.0063300889280327,0.006325275509107,0.0063257322056171,0.006325275509107,0.0008379154663553902,0.00635628,0.0
UZS_RUB,2026-03-04,0.00635628,0.7,0.00628784,-0.01088450087788485,0.0063571186801289,0.0063556242603045,0.0063552789982401,0.0063534481060394,0.0063527930809462,0.0063527930809462,0.0005485785795779404,0.00638769,0.0
UZS_RUB,2026-03-05,0.00638769,0.6777777777777778,0.00630034,-0.013864331131335759,0.0063902796581703,0.0063878987398387,0.0063875253573925,0.0063870641259009,0.0063869913336106,0.0063869913336106,0.00010937700317325294,0.0064219,0.0
UZS_RUB,2026-03-06,0.0064219,0.6444444444444444,0.00633058,-0.014425218542376946,0.0064253193025757,0.0064246518117194,0.0064222684504095,0.0064211774409501,0.0064225051347683,0.0064211774409501,0.00011251483982933375,0.00647629,0.0
UZS_RUB,2026-03-07,0.00649236,0.5444444444444445,0.00633058,-0.025555320365590557,0.0065000867349649,0.0065024233847573,0.0064927324929851,0.0064929688373171,0.0064921786217951,0.0064921786217951,2.793717614239339e-05,0.00647629,0.0024752170243178095
UZS_RUB,2026-03-11,0.00647629,0.5555555555555556,0.00633058,-0.023016848377241942,0.006475072929491,0.0064747561284503,0.0064766846384551,0.0064714399054725,0.0064730646071741,0.0064714399054725,0.0007489001461485249,0.00651529,0.0
UZS_RUB,2026-03-12,0.00651529,0.4666666666666667,0.00635628,-0.025016204446626052,0.0065209964667302,0.0065208064987447,0.006515663808572,0.0065161646339723,0.0065186390117762,0.006515663808572,0.0,0.00653318,0.0
UZS_RUB,2026-03-13,0.00653318,0.4222222222222223,0.00638769,-0.022776621908702634,0.0065318060747999,0.0065329409991221,0.0065325156945205,0.0065382302091878,0.0065330309481161,0.0065318060747999,0.00021029960908782334,0.00664028,0.0
UZS_RUB,2026-03-14,0.00664028,0.2222222222222222,0.0064219,-0.03400551238729967,0.0066510004486012,0.0066503625835336,0.0066401568953535,0.006653742864969,0.0066526717410167,0.0066401568953535,1.8539074632411474e-05,0.00670335,0.0
UZS_RUB,2026-03-17,0.00670335,0.1777777777777778,0.00647629,-0.03506019650139205,0.0067143981804567,0.0067154881065365,0.0067037345983358,0.0067191425482882,0.0067133846848924,0.0067037345983358,0.0,0.00671554,0.0
UZS_RUB,2026-03-18,0.00675326,0.09999999999999998,0.00647629,-0.042766769245972565,0.0067642454233475,0.0067692028787836,0.0067536715158668,0.0067707491423482,0.0067704436879848,0.0067536715158668,0.0,0.00663827,0.017027331984848758
UZS_RUB,2026-03-19,0.00682543,0.0,0.00651529,-0.047601871904397255,0.0068392803762013,0.0068430905740314,0.0068258459136096,0.0068480914755914,0.0068458529138409,0.0068258459136096,0.0,0.00663176,0.02837476906216897
UZS_RUB,2026-03-20,0.00695845,0.0,0.00653318,-0.06509387465216009,0.0069740536684047,0.0069779845027861,0.0069588740193008,0.0069782828900079,0.0069750613525335,0.0069588740193008,0.0,0.00663176,0.046948673914449235
UZS_RUB,2026-03-21,0.00688958,0.011111111111111072,0.00664028,-0.03754359755913908,0.0068910050163806,0.0068911417083346,0.0068882974412008,0.0068968534458491,0.0068862701589921,0.0068862701589921,0.0004804125952380877,0.00663176,0.03742172962647937
UZS_RUB,2026-03-24,0.00671554,0.21111111111111114,0.00670335,-0.001818493738205464,0.0067029131050107,0.0067048445376525,0.0067128234065408,0.0067083977405647,0.0067049747746207,0.0067029131050107,0.0018802501346577702,0.00663176,0.012475541803041817
UZS_RUB,2026-03-25,0.00663827,0.25555555555555554,0.00671554,0.011506148425889793,0.0066279604426629,0.0066336969147879,0.0066338133747488,0.0066371071561842,0.0066392507533977,0.0066279604426629,0.0015530488119796415,0.00663176,0.0009806771945099404
UZS_RUB,2026-03-26,0.00663176,0.2666666666666667,0.00663827,0.0009806771945099404,0.0066296662959414,0.0066283640275957,0.006628922015657,0.0066325342582899,0.0066327305130632,0.0066283640275957,0.0005120770963213532,0.00665363,0.0
UZS_RUB,2026-03-27,0.00674321,0.1333333333333333,0.00663176,-0.016805493564302675,0.0067512848517139,0.0067574411217252,0.0067403243219294,0.0067579644527295,0.006756152994788,0.0067403243219294,0.00042793833657868435,0.00661187,0.0194773705698029
UZS_RUB,2026-03-28,0.00665363,0.2222222222222222,0.00663176,-0.0032977671085804303,0.0066410505265524,0.0066407295622093,0.0066491393809872,0.0066500411628804,0.0066545012237308,0.0066407295622093,0.0019388571036712456,0.00655094,0.01543368056233964
UZS_RUB,2026-03-31,0.00665772,0.19999999999999996,0.00663176,-0.003914496302640528,0.0066614433999796,0.0066615792887107,0.0066545261990164,0.0066656402653629,0.0066643598060636,0.0066545261990164,0.0004797139236255133,0.00646616,0.028772612846439845
UZS_RUB,2026-04-01,0.00666303,0.18888888888888888,0.00663176,-0.00471518872818074,0.0066620441567575,0.0066641259597784,0.0066608676450621,0.0066701419880472,0.006669738090392,0.0066608676450621,0.00032453027194838516,0.00645061,0.03188039075315592
UZS_RUB,2026-04-02,0.00666303,0.1777777777777778,0.00663176,-0.00471518872818074,0.006658341609978,0.0066604075874641,0.0066602559246693,0.006670097266132,0.0066689107535124,0.006658341609978,0.0007036423401965813,0.00640338,0.03896875745719292
UZS_RUB,2026-04-03,0.00661187,0.2777777777777778,0.00665363,0.00627627325234497,0.0066013192895454,0.0066050724957835,0.0066071163144358,0.0066086142754382,0.0066148423901655,0.0066013192895454,0.0015957226101843292,0.00638095,0.0349250665847937
UZS_RUB,2026-04-04,0.00655094,0.4,0.00661187,0.009215244703843216,0.0065400529818521,0.0065435935281948,0.0065472935123519,0.0065459069079234,0.0065496802427107,0.0065400529818521,0.0016619016733323878,0.0063307,0.033619602682973745
UZS_RUB,2026-04-07,0.00646616,0.5555555555555556,0.00655094,0.012941654174820648,0.0064539348998824,0.0064588981182354,0.006462560703934,0.0064584419163636,0.0064596737339796,0.0064539348998824,0.001890627531270527,0.006288,0.027552674230145884
UZS_RUB,2026-04-08,0.00645061,0.5888888888888889,0.00646616,0.0024048275947394526,0.0064490006058096,0.006445979962645,0.006446709317244,0.0064431444457236,0.0064444436335045,0.0064431444457236,0.0011573408214726752,0.00624749,0.03148849488653015
UZS_RUB,2026-04-09,0.00640338,0.6555555555555556,0.00645061,0.007321788171971282,0.0063929670166135,0.0063967531441189,0.0063998156495287,0.0063936445918722,0.0063968325991639,0.0063929670166135,0.0016261698331975108,0.00617161,0.036194947043592614
UZS_RUB,2026-04-10,0.00638095,0.6777777777777778,0.00640338,0.003502837563911616,0.0063708517027726,0.0063720755183376,0.0063769760836134,0.0063673674251447,0.006371344259082,0.0063673674251447,0.002128613271581736,0.00617161,0.03280702716680114
UZS_RUB,2026-04-11,0.0063307,0.7222222222222222,0.00638095,0.007875002938433925,0.006317562331929,0.0063233768848085,0.0063270616517299,0.0063178221457852,0.0063247576385492,0.006317562331929,0.0020752315022035954,0.00617161,0.025129922441436137
UZS_RUB,2026-04-14,0.006288,0.8222222222222222,0.0063307,0.006744909725622709,0.0062754786529521,0.0062806137330628,0.0062843861920605,0.006273104491394,0.006278928676251,0.006273104491394,0.0023688785951018147,0.00617161,0.018509860050890597
UZS_RUB,2026-04-15,0.00624749,0.9666666666666667,0.006288,0.006442430025445379,0.0062379556314327,0.0062385360745428,0.0062440124234817,0.006237374164394,0.0062406818749419,0.006237374164394,0.0016191839612388287,0.00617161,0.012145677704165917
UZS_RUB,2026-04-16,0.00617161,1.0,0.00624749,0.012145677704165917,0.0061592360656726,0.0061617598248961,0.0061681746610053,0.0061620791478507,0.0061660702982725,0.0061592360656726,0.0020049767123003106,0.0061846,0.0
UZS_RUB,2026-04-17,0.00625439,0.9444444444444444,0.00617161,-0.013413031607635639,0.006258847603867,0.0062554778270235,0.0062504949024191,0.0062525383438526,0.0062507678429107,0.0062504949024191,0.0006227781735549341,0.0061846,0.011158562225892553
UZS_RUB,2026-04-18,0.00627066,0.8888888888888888,0.00617161,-0.016049296698916464,0.0062678519536976,0.006262303080079,0.0062669516306223,0.0062658379033596,0.0062663358263565,0.006262303080079,0.0013327018082625723,0.0061846,0.01372423317481729
UZS_RUB,2026-04-21,0.00621931,0.9777777777777777,0.00617161,-0.007728939450159599,0.0062069877472114,0.0062067787693122,0.006216791748903,0.0062074653427634,0.0062091154259218,0.0062067787693122,0.0020148908299794104,0.0061846,0.005581004966788829
UZS_RUB,2026-04-22,0.0061846,0.9888888888888889,0.00617161,-0.0021047992339114185,0.0061761320322882,0.0061773459818479,0.0061810456175918,0.0061735751975134,0.0061776493639913,0.0061735751975134,0.0017826217518675167,0.00619633,0.0
UZS_RUB,2026-04-23,0.00622791,0.9555555555555556,0.00617161,-0.009122417003018593,0.006230009047754,0.006224799606717,0.0062249977250676,0.0062223014709205,0.0062244558295054,0.0062223014709205,0.0009005475479735029,0.00619633,0.005070721959694312
UZS_RUB,2026-04-24,0.00622796,0.9444444444444444,0.0061846,-0.007010962713837612,0.0062230292225019,0.0062180361774419,0.0062235097556077,0.0062182508847937,0.0062191804639997,0.0062180361774419,0.001593430683257436,0.00619633,0.005078709561397371
UZS_RUB,2026-04-25,0.00628322,0.7777777777777778,0.0061846,-0.01594605956731232,0.0062867130378728,0.0062863439409252,0.0062803364828433,0.0062804130714349,0.006280696026725,0.0062803364828433,0.00045892347501755597,0.00619633,0.013828896648533723
UZS_RUB,2026-04-28,0.00619633,0.9666666666666667,0.0061846,-0.0018966465090708739,0.006184105575111,0.0061862741377236,0.0061928809009686,0.0061858182252593,0.0061903054988304,0.006184105575111,0.001972849233175084,0.00620945,0.0
UZS_RUB,2026-04-29,0.00620945,0.9555555555555556,0.0061846,-0.004018044821006997,0.0062077569774357,0.0062032237086515,0.0062059763608129,0.0062045085807106,0.0062045664134682,0.0062032237086515,0.0010027122125952886,0.00623015,0.0
UZS_RUB,2026-04-30,0.00625319,0.8777777777777778,0.00619633,-0.009176399578460108,0.0062518061326682,0.0062479079077627,0.0062503253890046,0.0062493264203949,0.0062501852219063,0.0062479079077627,0.0008447036212397106,0.0061594,0.014998744640735345
UZS_RUB,2026-05-01,0.00626603,0.8333333333333334,0.00619633,-0.011248593925759248,0.0062654955758017,0.0062630784720829,0.0062654558927584,0.0062657511477119,0.0062658410397554,0.0062630784720829,0.0004710363526985924,0.00611898,0.023467809761523527
UZS_RUB,2026-05-05,0.00628996,0.6666666666666667,0.00619633,-0.01511055737831909,0.0062915175497189,0.0062896864991285,0.0062892699297896,0.0062904892635222,0.0062884211359287,0.0062884211359287,0.00024465403139280173,0.00607525,0.03413535221209672
UZS_RUB,2026-05-06,0.00625932,0.8555555555555556,0.00619633,-0.010165694854857592,0.0062550421827017,0.0062531010334303,0.0062579267215602,0.0062527068776618,0.0062541218542534,0.0062527068776618,0.0010565240853957615,0.00607467,0.029500009585705755
UZS_RUB,2026-05-07,0.00623015,0.9111111111111111,0.00620945,-0.0033336285822416207,0.0062256374105074,0.006223274143583,0.0062280451473464,0.0062240827387526,0.0062252817025399,0.006223274143583,0.0011036421943292892,0.00607467,0.02495606044798285
UZS_RUB,2026-05-08,0.0061594,1.0,0.00623015,0.011356066868374036,0.0061498461437852,0.0061503955062516,0.0061569272221523,0.0061506032987248,0.0061546214617418,0.0061498461437852,0.0015511017655614834,0.00607467,0.013756210020456518
UZS_RUB,2026-05-09,0.00611898,1.0,0.0061594,0.006562327499431656,0.0061127681502136,0.0061126927276798,0.0061165234493303,0.0061100695392581,0.0061127450462258,0.0061100695392581,0.0014562003376216877,0.00601948,0.016260880081320844
UZS_RUB,2026-05-13,0.00607525,1.0,0.00611898,0.007146615939257932,0.0060640394857162,0.0060670944511998,0.0060717584626774,0.0060637167801146,0.0060688721625835,0.0060637167801146,0.0018983942858977032,0.00591355,0.026616188634212563
UZS_RUB,2026-05-14,0.00607467,1.0,0.00607525,9.546932225011727e-05,0.006063355051047,0.0060617413785735,0.0060703292903451,0.0060677204855282,0.0060691285302111,0.0060617413785735,0.0021282837465245452,0.00587528,0.032823182164627845
UZS_RUB,2026-05-15,0.00610742,0.9777777777777777,0.00607467,-0.005391239359504268,0.0061044599802003,0.0060995964110689,0.0061030558885404,0.00610157261562,0.0061029497265654,0.0060995964110689,0.0012809973656797392,0.00587528,0.03800950319447485
UZS_RUB,2026-05-16,0.00610092,0.9777777777777777,0.00607467,-0.0043212223873889824,0.0060944573601519,0.0060892542956224,0.0060965605331734,0.0060925193183026,0.0060950205585967,0.0060892542956224,0.0019121221680664167,0.00587528,0.03698458593130217
UZS_RUB,2026-05-19,0.00601948,1.0,0.00607467,0.009085267183237954,0.0060068044266797,0.006008954980695,0.0060161293420077,0.0060095698075533,0.0060143413799541,0.0060068044266797,0.0021057588562964588,0.00587528,0.023955557622917546
UZS_RUB,2026-05-20,0.00591355,1.0,0.00601948,0.01759786559636376,0.005899958277292,0.0059051326236354,0.0059102583064367,0.0059093725543947,0.0059063143123267,0.005899958277292,0.002298403278572033,0.00587528,0.006471577986150446
UZS_RUB,2026-05-21,0.00587528,1.0,0.00591355,0.006471577986150446,0.0058704445903664,0.0058710194871437,0.0058719033884366,0.0058745577012142,0.0058674726202872,0.0058674726202872,0.0013288523632575295,0.00588877,0.0
UZS_RUB,2026-05-22,0.00588877,0.9888888888888889,0.00587528,-0.0022960607834860095,0.0058896223501234,0.0058851842278117,0.0058852090617952,0.0058849227988634,0.005885243816289,0.0058849227988634,0.0006533114957113221,0.00590748,0.0
UZS_RUB,2026-05-23,0.00594417,0.9666666666666667,0.00587528,-0.011725398619299892,0.0059403899664015,0.0059359668641851,0.0059402158764933,0.0059385296618866,0.0059366385525113,0.0059359668641851,0.0013800304861570504,0.00590748,0.006172434503051003
UZS_RUB,2026-05-26,0.00596325,0.9555555555555556,0.00587528,-0.014972903419071043,0.0059658251685459,0.005964030238854,0.0059615465828587,0.005969404541964,0.0059672011808125,0.0059615465828587,0.0002856524783129001,0.00590748,0.009352282731731878
UZS_RUB,2026-05-27,0.00597137,0.9444444444444444,0.00587528,-0.01635496521016872,0.0059661025074352,0.0059613441494784,0.0059697913470597,0.005967100018049,0.0059668212898235,0.0059613441494784,0.0016789866515725049,0.00590748,0.01069938724279361
UZS_RUB,2026-05-28,0.00590748,0.9777777777777777,0.00587528,-0.0054805898612490965,0.005898515714113,0.0058986059049278,0.005905108358983,0.0058997426022131,0.0059029661219135,0.005898515714113,0.0015174466755706378,0.00591758,0.0
UZS_RUB,2026-05-29,0.00594666,0.9444444444444444,0.00588877,-0.009830575824832783,0.0059512849697494,0.0059461418538078,0.005943879242274,0.005946721889416,0.0059456842016776,0.005943879242274,0.00046761673376314943,0.00591758,0.004890140011367709
UZS_RUB,2026-05-30,0.00591758,0.9555555555555556,0.00590748,-0.0017096968588976576,0.0059110222633553,0.0059092054896027,0.0059148128405686,0.0059102556627583,0.0059132188817025,0.0059092054896027,0.0014151917502256283,0.0059882,0.0
UZS_RUB,2026-06-02,0.0059882,0.9,0.00590748,-0.01366403271784251,0.0059973251133708,0.0059939825326121,0.0059870962733083,0.0059954297445043,0.0059951718852195,0.0059870962733083,0.00018431693859583264,0.00607976,0.0
UZS_RUB,2026-06-03,0.00607976,0.8555555555555556,0.00590748,-0.029163027212957195,0.0060870463345526,0.0060783334324636,0.0060796472868756,0.0060797433267992,0.0060786468691782,0.0060783334324636,0.00023464208067429834,0.00596016,0.01967182915115072
UZS_RUB,2026-06-04,0.00612694,0.8111111111111111,0.00590748,-0.03714951214392606,0.0061322831872263,0.0061332573059619,0.0061273133505041,0.0061264175169534,0.0061257706042564,0.0061257706042564,0.00019086130166116625,0.00595562,0.027961755786738565
UZS_RUB,2026-06-05,0.00619274,0.7666666666666666,0.00591758,-0.04649873765965141,0.0062004512140285,0.0062002887008972,0.0061931173600852,0.0061941430024511,0.0061960167062315,0.0061931173600852,0.0,0.00595562,0.03828999764240068
UZS_RUB,2026-06-06,0.00619274,0.7555555555555555,0.00591758,-0.04649873765965141,0.0061874751392531,0.0061888603988783,0.006192625192331,0.0061911681453444,0.0061879272426363,0.0061874751392531,0.0008501666058805075,0.00595562,0.03828999764240068
UZS_RUB,2026-06-09,0.00609856,0.8444444444444444,0.0059882,-0.018429578170401844,0.0060880641875145,0.0060900437702695,0.0060961147014502,0.0060918635242762,0.0060919574273086,0.0060880641875145,0.0017210312738580925,0.00595562,0.023438319865673247
UZS_RUB,2026-06-10,0.00596016,0.9222222222222223,0.00607976,0.01967182915115072,0.0059496162369027,0.0059540728003513,0.00595558004616,0.0059672992879144,0.0059555080941414,0.0059496162369027,0.0017690402769891698,0.00595562,0.000761724517462606
UZS_RUB,2026-06-11,0.00595562,0.9222222222222223,0.00596016,0.000761724517462606,0.0059550130030621,0.005949381529891,0.0059526219609737,0.0059552633758746,0.0059503323482686,0.005949381529891,0.0010474929745349594,0.00598509,0.0
UZS_RUB,2026-06-12,0.00598509,0.8777777777777778,0.00595562,-0.0049482673508384,0.0059820831137688,0.0059804715739997,0.0059816694743086,0.0059779407967317,0.0059807099618905,0.0059779407967317,0.0011945022160569558,0.0060055,0.0
UZS_RUB,2026-06-16,0.00604777,0.8444444444444444,0.00595562,-0.015472780331854626,0.0060496757859171,0.0060504877214139,0.0060464809778235,0.0060434965088254,0.006048050324163,0.0060434965088254,0.000706622635219275,0.0060055,0.00698935310039893
UZS_RUB,2026-06-17,0.0060055,0.8555555555555556,0.00595562,-0.008375282506271457,0.0059956479653336,0.0059965267873625,0.0060025341176121,0.0059967318507114,0.006000918046293,0.0059956479653336,0.0016405019842478156,0.00603614,0.0
UZS_RUB,2026-06-18,0.00603614,0.8333333333333334,0.00595562,-0.013520002955191856,0.0060426854213399,0.0060386512386916,0.0060362828334039,0.006039533047749,0.0060421452285834,0.0060362828334039,0.0,0.00606998,0.0
UZS_RUB,2026-06-19,0.00606998,0.8111111111111111,0.00595562,-0.019202031022798632,0.0060722784392707,0.0060731242436274,0.0060690457010473,0.0060726267738662,0.0060714713922817,0.0060690457010473,0.0001539212571869395,0.00609025,0.0
UZS_RUB,2026-06-20,0.00609025,0.7666666666666666,0.00598509,-0.01757032893406782,0.0060858965450744,0.006085350037705,0.0060901370924007,0.0060872685727872,0.0060866328883456,0.006085350037705,0.0008045584819998866,0.00615208,0.0
UZS_RUB,2026-06-23,0.00615208,0.7,0.0060055,-0.024407626342519265,0.0061553175478461,0.0061526041936601,0.0061519659461298,0.0061497874880493,0.0061518403333847,0.0061497874880493,0.0003726401397088152,0.00620952,0.0
UZS_RUB,2026-06-24,0.00620952,0.6111111111111112,0.0060055,-0.03397219215718911,0.0062140173659652,0.0062170888006933,0.0062098983825893,0.0062109645936555,0.0062100273286139,0.0062098983825893,0.0,0.00621851,0.0
UZS_RUB,2026-06-25,0.00621851,0.6,0.00603614,-0.030213016928036837,0.0062201664086512,0.0062156668872667,0.0062188667811016,0.0062155687980068,0.0062147890450588,0.0062147890450588,0.0005983676059378146,0.0062958,0.0
UZS_RUB,2026-06-26,0.0062958,0.38888888888888884,0.00606998,-0.037202758493438175,0.0063066734935128,0.0063028627912686,0.006295683281694,0.0063006278242608,0.0063007608810323,0.006295683281694,1.853907462108201e-05,0.00641679,0.0
UZS_RUB,2026-06-27,0.00641679,0.25555555555555554,0.00609025,-0.053616846599072315,0.0064294140127185,0.0064301232894542,0.00641718101277,0.0064313594271136,0.0064297389832776,0.00641718101277,0.0,0.00644681,0.0
UZS_RUB,2026-06-30,0.00644681,0.24444444444444446,0.00615208,-0.047907374416457524,0.0064574865381509,0.0064581150661368,0.0064472028420652,0.0064615654248161,0.0064651087383127,0.0064472028420652,0.0,0.00644956,0.0
UZS_RUB,2026-07-01,0.00651743,0.18888888888888888,0.00620952,-0.0495867635501618,0.0065285299425008,0.0065263850193104,0.0065173091728788,0.0065287061934606,0.006519184737556,0.0065173091728788,1.853907463535142e-05,0.00633257,0.028363941001284282
UZS_RUB,2026-07-02,0.00655804,0.16666666666666663,0.00621851,-0.05459989611659388,0.0065576995783906,0.006561568316063,0.006557918420007,0.0065714499333879,0.0065684763494111,0.0065576995783906,5.190904742878744e-05,0.00633257,0.03438069911131987
UZS_RUB,2026-07-03,0.00654337,0.18888888888888888,0.0062958,-0.03932304075733027,0.0065435900012771,0.0065442455021206,0.0065437454196353,0.0065480638258682,0.0065413651925178,0.0065413651925178,0.0003063876079451297,0.00632107,0.033973319558576076
UZS_RUB,2026-07-04,0.00644956,0.2777777777777778,0.00641679,-0.005106914828130525,0.0064378345658357,0.0064432566147996,0.0064462307402272,0.0064496353818199,0.0064505806868317,0.0064378345658357,0.0018180207896817387,0.00632107,0.019922289272446523
UZS_RUB,2026-07-07,0.00647477,0.25555555555555554,0.00644681,-0.004337028701016547,0.0064806520895023,0.0064827410073728,0.006473027082641,0.0064843479891208,0.0064818139923106,0.006473027082641,0.0002691859879193059,0.00632107,0.023738294951017647
UZS_RUB,2026-07-08,0.00633257,0.4,0.00644956,0.018139221900408706,0.0063166081109423,0.0063204946779145,0.0063282960684406,0.0063271736793839,0.0063298653605016,0.0063166081109423,0.002520602071149621,0.00632107,0.0018160083504801725
UZS_RUB,2026-07-09,0.00636436,0.3666666666666667,0.00633257,-0.005020078735805572,0.0063679219187871,0.0063689006532954,0.0063616364463682,0.0063721124701123,0.0063700663581003,0.0063616364463682,0.0004279383365806787,0.00632107,0.006801940807873928
UZS_RUB,2026-07-10,0.00632107,0.43333333333333335,0.00633257,0.0018160083504801725,0.0063100283635682,0.0063128660118765,0.006316803829936,0.0063149301158001,0.0063170922840177,0.0063100283635682,0.0017467986324782752,0.00633607,0.0
UZS_RUB,2026-07-11,0.00634853,0.38888888888888884,0.00632107,-0.004344201219097397,0.0063546860415745,0.0063554991324164,0.0063458358220697,0.0063545668624607,0.0063560848353641,0.0063458358220697,0.000424378230913293,0.00633607,0.0019626590722576294
UZS_RUB,2026-07-14,0.00633607,0.4,0.00632107,-0.0023730159609053935,0.0063320135893947,0.0063316730600842,0.006333145061062,0.0063336313177642,0.0063369016955833,0.0063316730600842,0.0006939538098221715,0.00642255,0.0
UZS_RUB,2026-07-15,0.00642255,0.3111111111111111,0.00632107,-0.01605424398084504,0.006432663762643,0.0064297501489399,0.0064229184877027,0.006432679985584,0.0064321547216648,0.0064229184877027,0.0,0.00644858,0.0
UZS_RUB,2026-07-16,0.00644858,0.30000000000000004,0.00632107,-0.0201722176783361,0.0064553625353857,0.0064551922275956,0.0064489729499217,0.006460879904094,0.0064634754529086,0.0064489729499217,0.0,0.00647613,0.0
UZS_RUB,2026-07-17,0.00647613,0.25555555555555554,0.00632107,-0.02453065699319898,0.0064842130669676,0.0064817462595228,0.0064765015618042,0.0064843502641747,0.0064827923601274,0.0064765015618042,0.0,0.00647876,0.0
UZS_RUB,2026-07-18,0.00651626,0.2222222222222222,0.00633607,-0.028438764091937147,0.0065241169107214,0.0065250940975952,0.0065166338642249,0.006528026102859,0.0065288968935672,0.0065166338642249,0.0,0.00647876,0.005754834828567338
UZS_RUB,2026-07-21,0.0065481,0.18888888888888888,0.00633607,-0.03346396109891466,0.006547313301438,0.0065508400196593,0.0065479786042854,0.0065609321937875,0.0065577222160958,0.006547313301438,0.00012014150089337794,0.00647876,0.010589331256395015
UZS_RUB,2026-07-22,0.00655351,0.1777777777777778,0.00642255,-0.020390654802220347,0.0065580638667647,0.0065585937268167,0.006553909343924,0.0065661180166247,0.0065663968169343,0.006553909343924,0.0,0.00647876,0.011406101463185402
UZS_RUB,2026-07-23,0.00651312,0.24444444444444446,0.00644858,-0.010008404951167556,0.0065079827691862,0.0065095273455999,0.0065105084781176,0.0065137743049459,0.006516009411439,0.0065079827691862,0.000788751138287033,0.00647876,0.005275505441324553
UZS_RUB,2026-07-24,0.00647876,0.24444444444444446,0.00647613,-0.00040610673349670146,0.006475455912731,0.0064762210730947,0.0064767746064731,0.0064773778369564,0.0064842886742923,0.006475455912731,0.0005099876008680931,0.00649224,0.0
UZS_RUB,2026-07-25,0.00649224,0.23333333333333328,0.00647876,-0.0020806450617092995,0.0064869381266598,0.0064886032859572,0.0064885296341217,0.006497261916631,0.0064992044006361,0.0064869381266598,0.0008166477733724767,0.00650744,0.0
UZS_RUB,2026-07-28,0.00650744,0.2222222222222222,0.00647876,-0.004426773024467596,0.0065079463623433,0.0065075583492275,0.006504655216951,0.0065158612287048,0.0065164913882438,0.006504655216951,0.00042793833658080185,0.00653077,0.0
UZS_RUB,2026-07-29,0.00653077,0.1777777777777778,0.00647876,-0.008027770746253897,0.0065359946581818,0.0065367369067795,0.0065304150290342,0.0065472446512616,0.0065485368152292,0.0065304150290342,5.435361615860039e-05,0.00659371,0.0
UZS_RUB,2026-07-30,0.00659371,0.11111111111111116,0.00647876,-0.01774259271835968,0.0066044773288556,0.0066059760506177,0.006594088307845,0.0066097102756581,0.0066108913402671,0.006594088307845,0.0,0.00664402,0.0
UZS_RUB,2026-07-31,0.00665123,0.06666666666666665,0.00647876,-0.0266208348511135,0.0066636723074542,0.0066637190319974,0.0066516116080003,0.0066686105746731,0.0066671625529823,0.0066516116080003,0.0,0.00664402,0.0010840100252134642
UZS_RUB,2026-08-01,0.00664402,0.06666666666666665,0.00649224,-0.023378679777703814,0.006645625163987,0.006647120231593,0.0066444011943334,0.0066533669824185,0.0066532572960076,0.0066444011943334,0.0,0.00667826,0.0
UZS_RUB,2026-08-04,0.00667826,0.011111111111111072,0.00650744,-0.026249953898921905,0.0066902786447949,0.0066950954987401,0.0066786669456755,0.0066983952578026,0.006697539017503,0.0066786669456755,0.0,0.00679347,0.0
UZS_RUB,2026-08-05,0.00679347,0.0,0.00653077,-0.040224965815669554,0.0068102546577067,0.0068128798549144,0.0067938597688852,0.006816836444723,0.0068076390316926,0.0067938597688852,0.0,0.00680838,0.0
UZS_RUB,2026-08-06,0.00680838,0.0,0.00659371,-0.032556785178602055,0.0068109924271821,0.0068172586959093,0.0068082537789351,0.006826714682888,0.0068174846814606,0.0068082537789351,1.853907462573456e-05,0.006832,0.0
UZS_RUB,2026-08-07,0.006832,0.0,0.00664402,-0.028293111700446537,0.0068439209462074,0.0068488675530273,0.0068324163139583,0.0068550112673904,0.0068526524496217,0.0068324163139583,0.0,0.00687465,0.0
UZS_RUB,2026-08-08,0.00687465,0.0,0.00664402,-0.034712418084232255,0.0068858324764486,0.0068922386916525,0.0068750689128738,0.0068961980105143,0.0068932270626051,0.0068750689128738,0.0,0.00690213,0.0
UZS_RUB,2026-08-11,0.00692155,0.0,0.00667826,-0.03643014797267554,0.0069344538768465,0.0069380652627133,0.0069219471173534,0.0069428484076092,0.0069343716639586,0.0069219471173534,0.0,0.00690213,0.002805729930434661
UZS_RUB,2026-08-12,0.00690213,0.011111111111111072,0.00679347,-0.015994771449642082,0.006903367180311,0.0069081791522214,0.0069025260031494,0.0069150741698792,0.0069075750269683,0.0069025260031494,0.0,0.00698049,0.0
UZS_RUB,2026-08-13,0.00698049,0.0,0.00680838,-0.025279141293523513,0.0069912000909104,0.0069956683059929,0.006980360588175,0.0070021329888389,0.0069950896533176,0.006980360588175,1.8539074620846265e-05,0.00701387,0.0
UZS_RUB,2026-08-14,0.00701387,0.0,0.006832,-0.026620316159250552,0.0070226128494796,0.007030622329493,0.0070142973963675,0.0070377228804846,0.0070340699372422,0.0070142973963675,0.0,0.00706705,0.0
UZS_RUB,2026-08-15,0.00708206,0.0,0.00687465,-0.030170263213399936,0.0070954387246582,0.007099727977435,0.0070824663264622,0.0071039925552876,0.0070965062630817,0.0070824663264622,0.0,0.00699924,0.011694337523262996
UZS_RUB,2026-08-18,0.0071493,0.0,0.00690213,-0.035810684527819624,0.0071635953483337,0.0071673242533048,0.0071497101842933,0.0071702097693905,0.0071544682367603,0.0071497101842933,0.0,0.00699924,0.020989467500314662
UZS_RUB,2026-08-19,0.00718242,0.0,0.00690213,-0.04060920324595449,0.0071912884967459,0.0071987427116948,0.0071828320845218,0.0072045300967593,0.0071943626553746,0.0071828320845218,0.0,0.00699924,0.025503938783863905
UZS_RUB,2026-08-20,0.0072019,0.0,0.00698049,-0.03171840372237479,0.0072053108341437,0.0072136271673242,0.0072023132021683,0.0072228394807626,0.0072117893894007,0.0072023132021683,0.0,0.00699924,0.02813979644260535
