forecast_origin_date,corridor,horizon,Path_MAE_H,Actual_Future_Best_H,Predicted_Future_Best_H,Future_Best_Absolute_Error_H,Actual_Regret_H,Predicted_Regret_H,Regret_Absolute_Error_H
2025-07-12,AMD_RUB,5,0.0006008000000000014,0.202953,0.202874,7.899999999999574e-05,0.0,0.0,0.0
2025-07-12,AMD_RUB,10,0.0013128,0.202953,0.202874,7.899999999999574e-05,0.0,0.0,0.0
2025-07-15,AMD_RUB,5,0.0005548000000000052,0.202953,0.20402,0.0010670000000000124,0.005229879423585984,0.0,0.005229879423585984
2025-07-15,AMD_RUB,10,0.001175699999999999,0.202953,0.20402,0.0010670000000000124,0.005229879423585984,0.0,0.005229879423585984
2025-07-16,AMD_RUB,5,0.0006150000000000044,0.203038,0.202953,8.500000000000174e-05,0.0,0.0,0.0
2025-07-16,AMD_RUB,10,0.0026927000000000036,0.203038,0.202953,8.500000000000174e-05,0.0,0.0,0.0
2025-07-17,AMD_RUB,5,0.000791200000000003,0.203371,0.203038,0.00033299999999999996,0.0,0.0,0.0
2025-07-17,AMD_RUB,10,0.003623900000000002,0.203371,0.203038,0.00033299999999999996,0.0,0.0,0.0
2025-07-18,AMD_RUB,5,0.0007467999999999974,0.203371,0.203545,0.00017400000000000748,0.0008548478223489031,0.0,0.0008548478223489031
2025-07-18,AMD_RUB,10,0.0037226999999999955,0.203371,0.203545,0.00017400000000000748,0.0008548478223489031,0.0,0.0008548478223489031
2025-07-19,AMD_RUB,5,0.0012595999999999996,0.203371,0.203818,0.00044700000000000295,0.0021931330893248044,0.0,0.0021931330893248044
2025-07-19,AMD_RUB,10,0.004066,0.203371,0.203818,0.00044700000000000295,0.0021931330893248044,0.0,0.0021931330893248044
2025-07-22,AMD_RUB,5,0.001767799999999997,0.203371,0.204068,0.0006970000000000032,0.003415528157280922,0.0,0.003415528157280922
2025-07-22,AMD_RUB,10,0.004231299999999999,0.203371,0.204068,0.0006970000000000032,0.003415528157280922,0.0,0.003415528157280922
2025-07-23,AMD_RUB,5,0.004352400000000001,0.204344,0.203371,0.0009730000000000016,0.0,0.0,0.0
2025-07-23,AMD_RUB,10,0.005296300000000001,0.204344,0.203371,0.0009730000000000016,0.0,0.0,0.0
2025-07-24,AMD_RUB,5,0.0051506,0.20551,0.204344,0.0011660000000000004,0.0,0.0,0.0
2025-07-24,AMD_RUB,10,0.0047894999999999995,0.20551,0.204344,0.0011660000000000004,0.0,0.0,0.0
2025-07-25,AMD_RUB,5,0.004733599999999999,0.207201,0.20551,0.001690999999999998,0.0,0.0,0.0
2025-07-25,AMD_RUB,10,0.0037644999999999983,0.20692,0.20551,0.0014099999999999946,0.0,0.0,0.0
2025-07-26,AMD_RUB,5,0.0034894000000000036,0.207359,0.207201,0.00015799999999999148,0.0,0.0,0.0
2025-07-26,AMD_RUB,10,0.0022077000000000012,0.20692,0.207201,0.00028100000000000347,0.0013561710609504949,0.0,0.0013561710609504949
2025-07-29,AMD_RUB,5,0.0034038000000000124,0.207721,0.207359,0.0003620000000000012,0.0,0.0,0.0
2025-07-29,AMD_RUB,10,0.0021149000000000085,0.20692,0.207359,0.00043899999999999495,0.0021171012591688567,0.0,0.0021171012591688567
2025-07-30,AMD_RUB,5,0.004591800000000007,0.207721,0.214203,0.0064820000000000155,0.030261014084770128,0.0,0.030261014084770128
2025-07-30,AMD_RUB,10,0.005427100000000007,0.20692,0.214203,0.007283000000000012,0.03400045750993222,0.0,0.03400045750993222
2025-07-31,AMD_RUB,5,0.004427600000000004,0.207721,0.2132,0.005479000000000012,0.025698874296435328,0.0,0.025698874296435328
2025-07-31,AMD_RUB,10,0.004990300000000003,0.20692,0.2132,0.006280000000000008,0.02945590994371486,0.0,0.02945590994371486
2025-08-01,AMD_RUB,5,0.0010216000000000058,0.20692,0.209255,0.0023350000000000037,0.01115863420228909,0.0,0.01115863420228909
2025-08-01,AMD_RUB,10,0.0012075000000000002,0.20692,0.209255,0.0023350000000000037,0.01115863420228909,0.0,0.01115863420228909
2025-08-02,AMD_RUB,5,0.001420400000000016,0.20692,0.209435,0.0025150000000000172,0.012008499056986735,0.0,0.012008499056986735
2025-08-02,AMD_RUB,10,0.0014069000000000108,0.20692,0.209435,0.0025150000000000172,0.012008499056986735,0.0,0.012008499056986735
2025-08-05,AMD_RUB,5,0.0006192000000000031,0.20692,0.207721,0.0008009999999999962,0.003856133948902596,0.0,0.003856133948902596
2025-08-05,AMD_RUB,10,0.0007211000000000078,0.20692,0.207721,0.0008009999999999962,0.003856133948902596,0.0,0.003856133948902596
2025-08-06,AMD_RUB,5,0.0007287999999999961,0.20692,0.208445,0.0015249999999999986,0.007316078581880106,0.0,0.007316078581880106
2025-08-06,AMD_RUB,10,0.0008189000000000002,0.20692,0.208445,0.0015249999999999986,0.007316078581880106,0.0,0.007316078581880106
2025-08-07,AMD_RUB,5,0.001358999999999999,0.20692,0.209006,0.0020860000000000045,0.009980574720342979,0.0,0.009980574720342979
2025-08-07,AMD_RUB,10,0.0009830999999999978,0.20692,0.209006,0.0020860000000000045,0.009980574720342979,0.0,0.009980574720342979
2025-08-08,AMD_RUB,5,0.0009416000000000091,0.207538,0.20692,0.0006180000000000074,0.0,0.0,0.0
2025-08-08,AMD_RUB,10,0.00176120000000001,0.207538,0.20692,0.0006180000000000074,0.0,0.0,0.0
2025-08-09,AMD_RUB,5,0.0003522000000000081,0.207538,0.207981,0.00044299999999999895,0.0021300022598218058,0.0,0.0021300022598218058
2025-08-09,AMD_RUB,10,0.001152300000000006,0.207538,0.207981,0.00044299999999999895,0.0021300022598218058,0.0,0.0021300022598218058
2025-08-12,AMD_RUB,5,0.0008386000000000116,0.207538,0.207695,0.00015699999999999048,0.0007559161270131226,0.0,0.0007559161270131226
2025-08-12,AMD_RUB,10,0.0016307000000000127,0.207538,0.207695,0.00015699999999999048,0.0007559161270131226,0.0,0.0007559161270131226
2025-08-13,AMD_RUB,5,0.0009778000000000009,0.207538,0.208101,0.0005630000000000079,0.002705417081128913,0.0,0.002705417081128913
2025-08-13,AMD_RUB,10,0.001569599999999996,0.207538,0.208101,0.0005630000000000079,0.002705417081128913,0.0,0.002705417081128913
2025-08-14,AMD_RUB,5,0.0016200000000000047,0.207993,0.207538,0.00045500000000001095,0.0,0.0,0.0
2025-08-14,AMD_RUB,10,0.002289000000000002,0.207993,0.207538,0.00045500000000001095,0.0,0.0,0.0
2025-08-15,AMD_RUB,5,0.0015077999999999925,0.208881,0.207993,0.0008879999999999999,0.0,0.0,0.0
2025-08-15,AMD_RUB,10,0.002000299999999991,0.208881,0.207993,0.0008879999999999999,0.0,0.0,0.0
2025-08-16,AMD_RUB,5,0.0010523999999999922,0.209276,0.208881,0.0003949999999999787,0.0,0.0,0.0
2025-08-16,AMD_RUB,10,0.0012247999999999899,0.209276,0.208881,0.0003949999999999787,0.0,0.0,0.0
2025-08-19,AMD_RUB,5,0.0005732000000000015,0.209276,0.209841,0.0005650000000000099,0.002692514808831496,0.0,0.002692514808831496
2025-08-19,AMD_RUB,10,0.00048629999999999783,0.209276,0.209841,0.0005650000000000099,0.002692514808831496,0.0,0.002692514808831496
2025-08-20,AMD_RUB,5,0.0007093999999999989,0.209276,0.209799,0.0005230000000000234,0.0024928622157399387,0.0,0.0024928622157399387
2025-08-20,AMD_RUB,10,0.0005753999999999926,0.209276,0.209799,0.0005230000000000234,0.0024928622157399387,0.0,0.0024928622157399387
2025-08-21,AMD_RUB,5,0.00122000000000001,0.209707,0.209276,0.0004310000000000147,0.0,0.0,0.0
2025-08-21,AMD_RUB,10,0.00114790000000001,0.209656,0.209276,0.0003800000000000192,0.0,0.0,0.0
2025-08-22,AMD_RUB,5,0.0007991999999999944,0.209656,0.209707,5.099999999999549e-05,0.00024319645982249277,0.0,0.00024319645982249277
2025-08-22,AMD_RUB,10,0.0010245999999999949,0.209656,0.209707,5.099999999999549e-05,0.00024319645982249277,0.0,0.00024319645982249277
2025-08-23,AMD_RUB,5,0.0007658000000000109,0.209656,0.211044,0.0013880000000000003,0.006576827580978375,0.0,0.006576827580978375
2025-08-23,AMD_RUB,10,0.0009011000000000074,0.209656,0.211044,0.0013880000000000003,0.006576827580978375,0.0,0.006576827580978375
2025-08-26,AMD_RUB,5,0.0005966000000000082,0.209656,0.210763,0.0011069999999999969,0.005252345051076313,0.0,0.005252345051076313
2025-08-26,AMD_RUB,10,0.001239100000000004,0.209656,0.210763,0.0011069999999999969,0.005252345051076313,0.0,0.005252345051076313
2025-08-27,AMD_RUB,5,0.00037239999999998943,0.209656,0.210522,0.0008659999999999779,0.004113584328478629,0.0,0.004113584328478629
2025-08-27,AMD_RUB,10,0.0018927000000000028,0.209656,0.210522,0.0008659999999999779,0.004113584328478629,0.0,0.004113584328478629
2025-08-28,AMD_RUB,5,0.0004941999999999947,0.209656,0.210444,0.0007879999999999832,0.0037444640854573338,0.0,0.0037444640854573338
2025-08-28,AMD_RUB,10,0.003066100000000002,0.209656,0.210444,0.0007879999999999832,0.0037444640854573338,0.0,0.0037444640854573338
2025-08-29,AMD_RUB,5,0.001300999999999991,0.210006,0.209656,0.0003499999999999892,0.0,0.0,0.0
2025-08-29,AMD_RUB,10,0.004976699999999992,0.210006,0.209656,0.0003499999999999892,0.0,0.0,0.0
2025-08-30,AMD_RUB,5,0.0015632000000000035,0.210204,0.210006,0.00019800000000000373,0.0,0.0,0.0
2025-08-30,AMD_RUB,10,0.005630400000000002,0.210204,0.210006,0.00019800000000000373,0.0,0.0,0.0
2025-09-02,AMD_RUB,5,0.0023777999999999968,0.210606,0.210204,0.0004019999999999857,0.0,0.0,0.0
2025-09-02,AMD_RUB,10,0.006094999999999998,0.210606,0.210204,0.0004019999999999857,0.0,0.0,0.0
2025-09-03,AMD_RUB,5,0.003329000000000015,0.211287,0.210606,0.0006810000000000149,0.0,0.0,0.0
2025-09-03,AMD_RUB,10,0.0062538000000000125,0.211287,0.210606,0.0006810000000000149,0.0,0.0,0.0
2025-09-04,AMD_RUB,5,0.004794999999999999,0.212682,0.211287,0.0013950000000000073,0.0,0.0,0.0
2025-09-04,AMD_RUB,10,0.0061181999999999955,0.212682,0.211287,0.0013950000000000073,0.0,0.0,0.0
2025-09-05,AMD_RUB,5,0.005626399999999992,0.213067,0.212682,0.00038499999999999646,0.0,0.0,0.0
2025-09-05,AMD_RUB,10,0.005194299999999988,0.213067,0.212682,0.00038499999999999646,0.0,0.0,0.0
2025-09-06,AMD_RUB,5,0.0066365999999999925,0.215267,0.213067,0.0021999999999999797,0.0,0.0,0.0
2025-09-06,AMD_RUB,10,0.005336299999999991,0.215267,0.213067,0.0021999999999999797,0.0,0.0,0.0
2025-09-09,AMD_RUB,5,0.004749200000000014,0.21683,0.215267,0.0015630000000000088,0.0,0.0,0.0
2025-09-09,AMD_RUB,10,0.0035208000000000127,0.216214,0.215267,0.0009470000000000034,0.0,0.0,0.0
2025-09-10,AMD_RUB,5,0.003092600000000001,0.216214,0.217372,0.0011580000000000201,0.005327273061847985,0.0,0.005327273061847985
2025-09-10,AMD_RUB,10,0.0019158999999999982,0.216214,0.217372,0.0011580000000000201,0.005327273061847985,0.0,0.005327273061847985
2025-09-11,AMD_RUB,5,0.004010400000000009,0.216214,0.222022,0.005808000000000008,0.026159569772364936,0.0,0.026159569772364936
2025-09-11,AMD_RUB,10,0.0038150000000000046,0.216214,0.222022,0.005808000000000008,0.026159569772364936,0.0,0.026159569772364936
2025-09-12,AMD_RUB,5,0.00636980000000002,0.216214,0.223814,0.007600000000000023,0.03395676767315728,0.0,0.03395676767315728
2025-09-12,AMD_RUB,10,0.005827300000000019,0.216214,0.223814,0.007600000000000023,0.03395676767315728,0.0,0.03395676767315728
2025-09-13,AMD_RUB,5,0.0029399999999999925,0.216214,0.220043,0.003828999999999999,0.017401144321791646,0.0,0.017401144321791646
2025-09-13,AMD_RUB,10,0.002213299999999993,0.216214,0.220043,0.003828999999999999,0.017401144321791646,0.0,0.017401144321791646
2025-09-16,AMD_RUB,5,0.0010114000000000067,0.216214,0.21683,0.0006160000000000054,0.002840935294931538,0.0,0.002840935294931538
2025-09-16,AMD_RUB,10,0.001173100000000002,0.216214,0.21683,0.0006160000000000054,0.002840935294931538,0.0,0.002840935294931538
2025-09-17,AMD_RUB,5,0.0016448000000000075,0.216741,0.216214,0.0005269999999999997,0.0,0.0,0.0
2025-09-17,AMD_RUB,10,0.0016089000000000047,0.215958,0.216214,0.00025599999999997847,0.0011840121361242958,0.0,0.0011840121361242958
2025-09-18,AMD_RUB,5,0.0016614000000000073,0.217393,0.216741,0.0006520000000000137,0.0,0.0,0.0
2025-09-18,AMD_RUB,10,0.0016154000000000001,0.21293,0.216741,0.003810999999999981,0.017583198379632747,0.0,0.017583198379632747
2025-09-19,AMD_RUB,5,0.0011361999999999928,0.217711,0.217393,0.00031799999999998496,0.0,0.0,0.0
2025-09-19,AMD_RUB,10,0.001961599999999994,0.211323,0.217393,0.006069999999999992,0.027921782210098726,0.0,0.027921782210098726
2025-09-20,AMD_RUB,5,0.0005937999999999999,0.217711,0.218337,0.0006260000000000154,0.002867127422287635,0.0,0.002867127422287635
2025-09-20,AMD_RUB,10,0.0023972999999999993,0.211323,0.218337,0.0070139999999999925,0.03212465134173316,0.0,0.03212465134173316
2025-09-23,AMD_RUB,5,0.0012156,0.216506,0.219112,0.002605999999999997,0.011893460878454842,0.0,0.011893460878454842
2025-09-23,AMD_RUB,10,0.0030514999999999987,0.211323,0.219112,0.00778899999999999,0.035548030231114636,0.0,0.035548030231114636
2025-09-24,AMD_RUB,5,0.0011567999999999967,0.215958,0.217711,0.0017529999999999768,0.008051958789404196,0.0,0.008051958789404196
2025-09-24,AMD_RUB,10,0.0025037999999999922,0.211323,0.217711,0.006387999999999977,0.02934165016926098,0.0,0.02934165016926098
2025-09-25,AMD_RUB,5,0.003080199999999983,0.21293,0.219459,0.006528999999999979,0.02975043174351464,0.0,0.02975043174351464
2025-09-25,AMD_RUB,10,0.004326699999999986,0.211323,0.219459,0.008135999999999977,0.037072984019794024,0.0,0.037072984019794024
2025-09-26,AMD_RUB,5,0.0031673999999999925,0.211323,0.218027,0.006703999999999988,0.03074848527934608,0.0,0.03074848527934608
2025-09-26,AMD_RUB,10,0.0035055999999999976,0.211323,0.218027,0.006703999999999988,0.03074848527934608,0.0,0.03074848527934608
2025-09-27,AMD_RUB,5,0.0043367999999999966,0.211323,0.218473,0.00714999999999999,0.03272715621609988,0.0,0.03272715621609988
2025-09-27,AMD_RUB,10,0.0044936,0.211323,0.218473,0.00714999999999999,0.03272715621609988,0.0,0.03272715621609988
2025-09-30,AMD_RUB,5,0.0024581999999999994,0.211323,0.216506,0.005182999999999993,0.02393929036608682,0.0,0.02393929036608682
2025-09-30,AMD_RUB,10,0.003131000000000003,0.211323,0.216506,0.005182999999999993,0.02393929036608682,0.0,0.02393929036608682
2025-10-01,AMD_RUB,5,0.002493800000000007,0.211323,0.215958,0.004635,0.021462506598505265,0.0,0.021462506598505265
2025-10-01,AMD_RUB,10,0.0033989000000000102,0.208895,0.215958,0.007063000000000014,0.032705433463914343,0.0,0.032705433463914343
2025-10-02,AMD_RUB,5,0.0015985999999999889,0.211323,0.21293,0.0016069999999999973,0.007547081200394483,0.0,0.007547081200394483
2025-10-02,AMD_RUB,10,0.0021407999999999983,0.206023,0.21293,0.0069069999999999965,0.03243789038651198,0.0,0.03243789038651198
2025-10-03,AMD_RUB,5,0.002860199999999985,0.21281,0.211323,0.0014869999999999883,0.0,0.0,0.0
2025-10-03,AMD_RUB,10,0.0027446999999999914,0.206023,0.211323,0.005299999999999999,0.025080090666893803,0.0,0.025080090666893803
2025-10-04,AMD_RUB,5,0.0014037999999999995,0.212161,0.213964,0.001802999999999999,0.008426651212353475,0.0,0.008426651212353475
2025-10-04,AMD_RUB,10,0.0032136999999999917,0.206023,0.213964,0.007940999999999976,0.03711372006505756,0.0,0.03711372006505756
2025-10-07,AMD_RUB,5,0.004245800000000005,0.211346,0.216948,0.005601999999999996,0.0258218559286096,0.0,0.0258218559286096
2025-10-07,AMD_RUB,10,0.006019500000000002,0.206023,0.216948,0.01092499999999999,0.05035768940022489,0.0,0.05035768940022489
2025-10-08,AMD_RUB,5,0.0024819999999999955,0.208895,0.214136,0.005240999999999996,0.024475099936488942,0.0,0.024475099936488942
2025-10-08,AMD_RUB,10,0.003355399999999992,0.206023,0.214136,0.008112999999999981,0.03788713714648626,0.0,0.03788713714648626
2025-10-09,AMD_RUB,5,0.0028109999999999967,0.206023,0.213058,0.007034999999999986,0.033019177876446724,0.0,0.033019177876446724
2025-10-09,AMD_RUB,10,0.0023186999999999956,0.206023,0.213058,0.007034999999999986,0.033019177876446724,0.0,0.033019177876446724
2025-10-10,AMD_RUB,5,0.0037717999999999975,0.206023,0.21281,0.0067869999999999875,0.03189229829425303,0.0,0.03189229829425303
2025-10-10,AMD_RUB,10,0.0021566999999999975,0.206023,0.21281,0.0067869999999999875,0.03189229829425303,0.0,0.03189229829425303
2025-10-11,AMD_RUB,5,0.0032205999999999845,0.206023,0.212161,0.006137999999999977,0.028930859111712223,0.0,0.028930859111712223
2025-10-11,AMD_RUB,10,0.0019225999999999965,0.206023,0.212161,0.006137999999999977,0.028930859111712223,0.0,0.028930859111712223
2025-10-14,AMD_RUB,5,0.0027503999999999975,0.206023,0.211346,0.005322999999999994,0.02518618757866245,0.0,0.02518618757866245
2025-10-14,AMD_RUB,10,0.0023285999999999975,0.206023,0.211346,0.005322999999999994,0.02518618757866245,0.0,0.02518618757866245
2025-10-15,AMD_RUB,5,0.0030125999999999985,0.206023,0.208895,0.0028719999999999857,0.013748533952464089,0.0,0.013748533952464089
2025-10-15,AMD_RUB,10,0.002856299999999998,0.206023,0.208895,0.0028719999999999857,0.013748533952464089,0.0,0.013748533952464089
2025-10-16,AMD_RUB,5,0.005373799999999989,0.206766,0.206023,0.0007429999999999937,0.0,0.0,0.0
2025-10-16,AMD_RUB,10,0.004319699999999987,0.206388,0.206023,0.00036499999999997645,0.0,0.0,0.0
2025-10-17,AMD_RUB,5,0.005766799999999994,0.211672,0.206766,0.004905999999999994,0.0,0.0,0.0
2025-10-17,AMD_RUB,10,0.004010299999999997,0.206388,0.206766,0.0003780000000000172,0.0018281535648995348,0.0,0.0018281535648995348
2025-10-18,AMD_RUB,5,0.0009180000000000021,0.211386,0.211672,0.00028600000000000847,0.0013511470577119717,0.0,0.0013511470577119717
2025-10-18,AMD_RUB,10,0.0018375000000000002,0.206388,0.211672,0.005284000000000011,0.024963150534789726,0.0,0.024963150534789726
2025-10-21,AMD_RUB,5,0.0016764000000000056,0.206388,0.212418,0.006030000000000008,0.028387424794508977,0.0,0.028387424794508977
2025-10-21,AMD_RUB,10,0.0020901,0.206388,0.212418,0.006030000000000008,0.028387424794508977,0.0,0.028387424794508977
2025-10-22,AMD_RUB,5,0.0025404000000000095,0.206388,0.212657,0.0062690000000000246,0.029479396398895987,0.0,0.029479396398895987
2025-10-22,AMD_RUB,10,0.0022717000000000128,0.206388,0.212657,0.0062690000000000246,0.029479396398895987,0.0,0.029479396398895987
2025-10-23,AMD_RUB,5,0.004182399999999998,0.206388,0.213471,0.007083000000000006,0.03318015093385053,0.0,0.03318015093385053
2025-10-23,AMD_RUB,10,0.0029939999999999967,0.206388,0.213471,0.007083000000000006,0.03318015093385053,0.0,0.03318015093385053
2025-10-24,AMD_RUB,5,0.003577399999999997,0.206388,0.212446,0.006058000000000008,0.02851548158120185,0.0,0.02851548158120185
2025-10-24,AMD_RUB,10,0.0020431000000000004,0.206388,0.212446,0.006058000000000008,0.02851548158120185,0.0,0.02851548158120185
2025-10-25,AMD_RUB,5,0.0025637999999999937,0.206388,0.211386,0.0049980000000000024,0.023643949930458985,0.0,0.023643949930458985
2025-10-25,AMD_RUB,10,0.0016327000000000008,0.206388,0.211386,0.0049980000000000024,0.023643949930458985,0.0,0.023643949930458985
2025-10-28,AMD_RUB,5,0.0035262000000000127,0.207703,0.206388,0.0013150000000000106,0.0,0.0,0.0
2025-10-28,AMD_RUB,10,0.0047426000000000135,0.207703,0.206388,0.0013150000000000106,0.0,0.0,0.0
2025-10-29,AMD_RUB,5,0.002460799999999991,0.207703,0.20852,0.0008170000000000122,0.003918089391904912,0.0,0.003918089391904912
2025-10-29,AMD_RUB,10,0.003195799999999993,0.207703,0.20852,0.0008170000000000122,0.003918089391904912,0.0,0.003918089391904912
2025-10-30,AMD_RUB,5,0.0039624,0.210346,0.207703,0.0026430000000000065,0.0,0.0,0.0
2025-10-30,AMD_RUB,10,0.004163400000000003,0.210346,0.207703,0.0026430000000000065,0.0,0.0,0.0
2025-10-31,AMD_RUB,5,0.0017167999999999906,0.211384,0.210346,0.0010379999999999834,0.0,0.0,0.0
2025-10-31,AMD_RUB,10,0.001716699999999996,0.210843,0.210346,0.0004969999999999974,0.0,0.0,0.0
2025-11-01,AMD_RUB,5,0.0005624000000000017,0.211384,0.211618,0.00023400000000001198,0.0011057660501470196,0.0,0.0011057660501470196
2025-11-01,AMD_RUB,10,0.0007386000000000031,0.210843,0.211618,0.0007749999999999979,0.003662259354119205,0.0,0.003662259354119205
2025-11-02,AMD_RUB,5,0.0009630000000000139,0.211738,0.211384,0.00035400000000002096,0.0,0.0,0.0
2025-11-02,AMD_RUB,10,0.0009586000000000122,0.210843,0.211384,0.0005409999999999859,0.0025593233168072606,0.0,0.0025593233168072606
2025-11-06,AMD_RUB,5,0.0004242000000000079,0.211738,0.212219,0.00048099999999998144,0.002266526559827261,0.0,0.002266526559827261
2025-11-06,AMD_RUB,10,0.0003973000000000032,0.210843,0.212219,0.0013759999999999883,0.006483868079672359,0.0,0.006483868079672359
2025-11-07,AMD_RUB,5,0.0006925999999999987,0.210843,0.21276,0.001917000000000002,0.009010152284263969,0.0,0.009010152284263969
2025-11-07,AMD_RUB,10,0.0006730000000000014,0.210843,0.21276,0.001917000000000002,0.009010152284263969,0.0,0.009010152284263969
2025-11-08,AMD_RUB,5,0.0005732000000000015,0.210843,0.212333,0.0014899999999999913,0.007017279461977137,0.0,0.007017279461977137
2025-11-08,AMD_RUB,10,0.0009637000000000007,0.207082,0.212333,0.005251000000000006,0.024730023124055166,0.0,0.024730023124055166
2025-11-11,AMD_RUB,5,0.0008427999999999991,0.210843,0.211738,0.0008950000000000069,0.004226921950712705,0.0,0.004226921950712705
2025-11-11,AMD_RUB,10,0.0015115000000000018,0.206814,0.211738,0.004924000000000012,0.023255154955652797,0.0,0.023255154955652797
2025-11-12,AMD_RUB,5,0.0005844000000000072,0.210843,0.212685,0.0018420000000000103,0.008660695394597693,0.0,0.008660695394597693
2025-11-12,AMD_RUB,10,0.0021866000000000134,0.206814,0.212685,0.005871000000000015,0.02760420339939354,0.0,0.02760420339939354
2025-11-13,AMD_RUB,5,0.0007254000000000094,0.210843,0.212738,0.0018950000000000078,0.008907670467899519,0.0,0.008907670467899519
2025-11-13,AMD_RUB,10,0.0028809000000000113,0.206219,0.212738,0.006518999999999997,0.030643326533106436,0.0,0.030643326533106436
2025-11-14,AMD_RUB,5,0.001263599999999998,0.211313,0.210843,0.0004699999999999982,0.0,0.0,0.0
2025-11-14,AMD_RUB,10,0.002799400000000002,0.205344,0.210843,0.005499000000000004,0.02608101762923125,0.0,0.02608101762923125
2025-11-15,AMD_RUB,5,0.001339800000000002,0.207082,0.212309,0.005227000000000009,0.024619775892684763,0.0,0.024619775892684763
2025-11-15,AMD_RUB,10,0.0037695000000000007,0.205092,0.212309,0.007217000000000001,0.03399290656543058,0.0,0.03399290656543058
2025-11-18,AMD_RUB,5,0.0026228000000000085,0.206814,0.212539,0.005725000000000008,0.02693623287961272,0.0,0.02693623287961272
2025-11-18,AMD_RUB,10,0.004823200000000008,0.203842,0.212539,0.00869700000000001,0.040919548882793325,0.0,0.040919548882793325
2025-11-19,AMD_RUB,5,0.0032886000000000083,0.206814,0.21218,0.00536600000000001,0.025289848242058675,0.0,0.025289848242058675
2025-11-19,AMD_RUB,10,0.005365900000000007,0.203187,0.21218,0.008993000000000001,0.04238382505419927,0.0,0.04238382505419927
2025-11-20,AMD_RUB,5,0.004490399999999994,0.206219,0.212192,0.005972999999999978,0.028149034836374504,0.0,0.028149034836374504
2025-11-20,AMD_RUB,10,0.006144599999999995,0.203187,0.212192,0.009004999999999985,0.042437980696727426,0.0,0.042437980696727426
2025-11-21,AMD_RUB,5,0.004805200000000004,0.205344,0.211313,0.005969000000000002,0.028247197285543257,0.0,0.028247197285543257
2025-11-21,AMD_RUB,10,0.006202000000000004,0.201949,0.211313,0.009364000000000011,0.04431341185823878,0.0,0.04431341185823878
2025-11-22,AMD_RUB,5,0.0009721999999999897,0.205092,0.207082,0.0019899999999999918,0.009609719821133619,0.0,0.009609719821133619
2025-11-22,AMD_RUB,10,0.0027332999999999915,0.199459,0.207082,0.007622999999999991,0.03681150462135768,0.0,0.03681150462135768
2025-11-25,AMD_RUB,5,0.0014049999999999952,0.203842,0.206814,0.0029720000000000024,0.0143704004564488,0.0,0.0143704004564488
2025-11-25,AMD_RUB,10,0.002947399999999997,0.199459,0.206814,0.007355,0.03556335644588858,0.0,0.03556335644588858
2025-11-26,AMD_RUB,5,0.002343199999999984,0.203187,0.20708,0.00389299999999998,0.018799497778636178,0.0,0.018799497778636178
2025-11-26,AMD_RUB,10,0.0037433999999999857,0.199459,0.20708,0.007620999999999989,0.036802202047517815,0.0,0.036802202047517815
2025-11-27,AMD_RUB,5,0.0018258000000000163,0.203187,0.206219,0.003032000000000007,0.014702815938395621,0.0,0.014702815938395621
2025-11-27,AMD_RUB,10,0.003102100000000013,0.199459,0.206219,0.006760000000000016,0.03278068461199024,0.0,0.03278068461199024
2025-11-28,AMD_RUB,5,0.0016298000000000035,0.201949,0.205344,0.003395000000000009,0.016533232039894076,0.0,0.016533232039894076
2025-11-28,AMD_RUB,10,0.0024709999999999984,0.199459,0.205344,0.005885000000000001,0.0286592254947795,0.0,0.0286592254947795
2025-11-29,AMD_RUB,5,0.0025044000000000012,0.199459,0.205092,0.005632999999999999,0.027465722700056556,0.0,0.027465722700056556
2025-11-29,AMD_RUB,10,0.002644399999999997,0.199459,0.205092,0.005632999999999999,0.027465722700056556,0.0,0.027465722700056556
2025-12-02,AMD_RUB,5,0.0017813999999999942,0.199459,0.203842,0.004382999999999998,0.021501947586856477,0.0,0.021501947586856477
2025-12-02,AMD_RUB,10,0.0024925999999999976,0.199459,0.203842,0.004382999999999998,0.021501947586856477,0.0,0.021501947586856477
2025-12-03,AMD_RUB,5,0.0017762,0.199459,0.203187,0.003728000000000009,0.01834763050785734,0.0,0.01834763050785734
2025-12-03,AMD_RUB,10,0.0029801999999999967,0.199459,0.203187,0.003728000000000009,0.01834763050785734,0.0,0.01834763050785734
2025-12-04,AMD_RUB,5,0.002660399999999985,0.199459,0.204501,0.005041999999999991,0.024655136160703327,0.0,0.024655136160703327
2025-12-04,AMD_RUB,10,0.0034288999999999986,0.199459,0.204501,0.005041999999999991,0.024655136160703327,0.0,0.024655136160703327
2025-12-05,AMD_RUB,5,0.0023348000000000036,0.199459,0.201949,0.0024899999999999922,0.01232984565410075,0.0,0.01232984565410075
2025-12-05,AMD_RUB,10,0.004741500000000007,0.199459,0.201949,0.0024899999999999922,0.01232984565410075,0.0,0.01232984565410075
2025-12-06,AMD_RUB,5,0.005425000000000008,0.201248,0.199459,0.0017890000000000128,0.0,0.0,0.0
2025-12-06,AMD_RUB,10,0.007808200000000004,0.201248,0.199459,0.0017890000000000128,0.0,0.0,0.0
2025-12-09,AMD_RUB,5,0.003993999999999992,0.201248,0.202525,0.0012770000000000004,0.006305394395753612,0.0,0.006305394395753612
2025-12-09,AMD_RUB,10,0.00553529999999999,0.201248,0.202525,0.0012770000000000004,0.006305394395753612,0.0,0.006305394395753612
2025-12-10,AMD_RUB,5,0.00612319999999999,0.204022,0.201248,0.0027739999999999987,0.0,0.0,0.0
2025-12-10,AMD_RUB,10,0.00702839999999999,0.204022,0.201248,0.0027739999999999987,0.0,0.0,0.0
2025-12-11,AMD_RUB,5,0.004676399999999992,0.207783,0.204022,0.0037609999999999866,0.0,0.0,0.0
2025-12-11,AMD_RUB,10,0.0044144999999999905,0.205623,0.204022,0.0016009999999999913,0.0,0.0,0.0
2025-12-12,AMD_RUB,5,0.0013142000000000043,0.208063,0.207783,0.00028000000000000247,0.0,0.0,0.0
2025-12-12,AMD_RUB,10,0.0018130000000000008,0.204148,0.207783,0.0036349999999999993,0.01749421271230081,0.0,0.01749421271230081
2025-12-13,AMD_RUB,5,0.0013983999999999997,0.208063,0.208842,0.0007790000000000019,0.00373009260589346,0.0,0.00373009260589346
2025-12-13,AMD_RUB,10,0.0023899999999999976,0.203666,0.208842,0.005175999999999986,0.024784286685628303,0.0,0.024784286685628303
2025-12-16,AMD_RUB,5,0.0015863999999999989,0.207902,0.208146,0.00024399999999999422,0.0011722540908784902,0.0,0.0011722540908784902
2025-12-16,AMD_RUB,10,0.002623499999999995,0.203027,0.208146,0.005118999999999985,0.024593314308225884,0.0,0.024593314308225884
2025-12-17,AMD_RUB,5,0.002022999999999997,0.205963,0.208063,0.0020999999999999908,0.010093096802410764,0.0,0.010093096802410764
2025-12-17,AMD_RUB,10,0.002883999999999995,0.203027,0.208063,0.005035999999999985,0.024204207379495562,0.0,0.024204207379495562
2025-12-18,AMD_RUB,5,0.0028634000000000047,0.205623,0.210658,0.005035000000000012,0.02390129973701455,0.0,0.02390129973701455
2025-12-18,AMD_RUB,10,0.004492000000000007,0.203027,0.210658,0.007630999999999999,0.03622459151800548,0.0,0.03622459151800548
2025-12-19,AMD_RUB,5,0.0034605999999999916,0.204148,0.209777,0.005628999999999995,0.026833256267369612,0.0,0.026833256267369612
2025-12-19,AMD_RUB,10,0.004059399999999991,0.203027,0.209777,0.006749999999999978,0.03217702608007541,0.0,0.03217702608007541
2025-12-20,AMD_RUB,5,0.006147599999999987,0.203666,0.211608,0.007941999999999977,0.037531662319004844,0.0,0.037531662319004844
2025-12-20,AMD_RUB,10,0.00602629999999999,0.203027,0.211608,0.008580999999999978,0.04055139692261152,0.0,0.04055139692261152
2025-12-23,AMD_RUB,5,0.0034165999999999975,0.203027,0.207902,0.0048749999999999905,0.023448547873517283,0.0,0.023448547873517283
2025-12-23,AMD_RUB,10,0.0024136000000000045,0.203027,0.207902,0.0048749999999999905,0.023448547873517283,0.0,0.023448547873517283
2025-12-24,AMD_RUB,5,0.001645000000000002,0.203027,0.205963,0.002935999999999994,0.014254987546306832,0.0,0.014254987546306832
2025-12-24,AMD_RUB,10,0.001283699999999993,0.203027,0.205963,0.002935999999999994,0.014254987546306832,0.0,0.014254987546306832
2025-12-25,AMD_RUB,5,0.0015243999999999924,0.203027,0.205623,0.002595999999999987,0.01262504680896586,0.0,0.01262504680896586
2025-12-25,AMD_RUB,10,0.0012552999999999926,0.203027,0.205623,0.002595999999999987,0.01262504680896586,0.0,0.01262504680896586
2025-12-26,AMD_RUB,5,0.0016119999999999913,0.203027,0.204148,0.0011209999999999831,0.005491114289632929,0.0,0.005491114289632929
2025-12-26,AMD_RUB,10,0.0016161999999999954,0.203027,0.204148,0.0011209999999999831,0.005491114289632929,0.0,0.005491114289632929
2025-12-27,AMD_RUB,5,0.0022925999999999836,0.203027,0.203666,0.0006390000000000007,0.0031374898117506145,0.0,0.0031374898117506145
2025-12-27,AMD_RUB,10,0.001983999999999983,0.203027,0.203666,0.0006390000000000007,0.0031374898117506145,0.0,0.0031374898117506145
2025-12-30,AMD_RUB,5,0.0034643999999999786,0.205126,0.203027,0.0020989999999999898,0.0,0.0,0.0
2025-12-30,AMD_RUB,10,0.002739299999999986,0.200586,0.203027,0.0024410000000000265,0.012023031419466507,0.0,0.012023031419466507
2025-12-31,AMD_RUB,5,0.001424599999999987,0.20483,0.205126,0.0002959999999999907,0.0014430155124167132,0.0,0.0014430155124167132
2025-12-31,AMD_RUB,10,0.0017374999999999947,0.200292,0.205126,0.004834000000000005,0.02356600333453587,0.0,0.02356600333453587
2026-01-13,AMD_RUB,5,0.0008199999999999929,0.20483,0.20672,0.001889999999999975,0.00914280185758502,0.0,0.00914280185758502
2026-01-13,AMD_RUB,10,0.0026512999999999927,0.200292,0.20672,0.006427999999999989,0.031095201238390043,0.0,0.031095201238390043
2026-01-14,AMD_RUB,5,0.0012865999999999932,0.20483,0.207055,0.002224999999999977,0.010745937069860554,0.0,0.010745937069860554
2026-01-14,AMD_RUB,10,0.0033690999999999942,0.200292,0.207055,0.006762999999999991,0.03266281905773824,0.0,0.03266281905773824
2026-01-15,AMD_RUB,5,0.001398399999999994,0.204452,0.206587,0.002134999999999998,0.010334628994079966,0.0,0.010334628994079966
2026-01-15,AMD_RUB,10,0.003505799999999995,0.200292,0.206587,0.006294999999999995,0.030471423661701826,0.0,0.030471423661701826
2026-01-16,AMD_RUB,5,0.00290419999999999,0.200586,0.206969,0.006383,0.030840367398016127,0.0,0.030840367398016127
2026-01-16,AMD_RUB,10,0.004454199999999989,0.200292,0.206969,0.0066769999999999885,0.032260869985360076,0.0,0.032260869985360076
2026-01-17,AMD_RUB,5,0.001991200000000004,0.200292,0.20483,0.004538000000000014,0.022154957769858,0.0,0.022154957769858
2026-01-17,AMD_RUB,10,0.0029562000000000086,0.200012,0.20483,0.004818000000000017,0.02352194502758393,0.0,0.02352194502758393
2026-01-20,AMD_RUB,5,0.0029903999999999985,0.200292,0.205227,0.004934999999999995,0.0240465435834466,0.0,0.0240465435834466
2026-01-20,AMD_RUB,10,0.0033961999999999964,0.200012,0.205227,0.005214999999999997,0.025410886481798192,0.0,0.025410886481798192
2026-01-21,AMD_RUB,5,0.003625600000000001,0.200292,0.205229,0.004936999999999997,0.02405605445624155,0.0,0.02405605445624155
2026-01-21,AMD_RUB,10,0.0035787999999999987,0.200012,0.205229,0.005216999999999999,0.025420384058783115,0.0,0.025420384058783115
2026-01-22,AMD_RUB,5,0.003478199999999998,0.200292,0.204452,0.004159999999999997,0.020347074129869098,0.0,0.020347074129869098
2026-01-22,AMD_RUB,10,0.0029143999999999975,0.200012,0.204452,0.0044399999999999995,0.021716588734764147,0.0,0.021716588734764147
2026-01-23,AMD_RUB,5,0.0005144000000000037,0.200292,0.200586,0.0002939999999999887,0.0014657054829349443,0.0,0.0014657054829349443
2026-01-23,AMD_RUB,10,0.001327000000000006,0.200012,0.200586,0.0005739999999999912,0.0028616154666825763,0.0,0.0028616154666825763
2026-01-24,AMD_RUB,5,0.0007288000000000017,0.200012,0.200292,0.00028000000000000247,0.0013979589798893738,0.0,0.0013979589798893738
2026-01-24,AMD_RUB,10,0.001866000000000001,0.200012,0.200292,0.00028000000000000247,0.0013979589798893738,0.0,0.0013979589798893738
2026-01-27,AMD_RUB,5,0.0010782000000000014,0.200012,0.200628,0.0006160000000000054,0.0030703590725123385,0.0,0.0030703590725123385
2026-01-27,AMD_RUB,10,0.0020958000000000005,0.200012,0.200628,0.0006160000000000054,0.0030703590725123385,0.0,0.0030703590725123385
2026-01-28,AMD_RUB,5,0.001365999999999995,0.200012,0.202059,0.0020469999999999933,0.01013070439822029,0.0,0.01013070439822029
2026-01-28,AMD_RUB,10,0.0016145000000000048,0.200012,0.202059,0.0020469999999999933,0.01013070439822029,0.0,0.01013070439822029
2026-01-29,AMD_RUB,5,0.0016193999999999987,0.200012,0.201304,0.0012920000000000154,0.006418153638278501,0.0,0.006418153638278501
2026-01-29,AMD_RUB,10,0.0023059999999999943,0.200012,0.201304,0.0012920000000000154,0.006418153638278501,0.0,0.006418153638278501
2026-01-30,AMD_RUB,5,0.002166600000000002,0.200012,0.200541,0.0005290000000000017,0.00263786457632106,0.0,0.00263786457632106
2026-01-30,AMD_RUB,10,0.0031531000000000033,0.200012,0.200541,0.0005290000000000017,0.00263786457632106,0.0,0.00263786457632106
2026-01-31,AMD_RUB,5,0.0032832000000000026,0.202514,0.200012,0.0025020000000000042,0.0,0.0,0.0
2026-01-31,AMD_RUB,10,0.0040543000000000055,0.202514,0.200012,0.0025020000000000042,0.0,0.0,0.0
2026-02-03,AMD_RUB,5,0.0008104,0.202514,0.203209,0.0006950000000000012,0.0034201241086762946,0.0,0.0034201241086762946
2026-02-03,AMD_RUB,10,0.0010295999999999999,0.202514,0.203209,0.0006950000000000012,0.0034201241086762946,0.0,0.0034201241086762946
2026-02-04,AMD_RUB,5,0.000902200000000003,0.202514,0.203419,0.0009049999999999891,0.004448945280430978,0.0,0.004448945280430978
2026-02-04,AMD_RUB,10,0.0009446000000000038,0.202514,0.203419,0.0009049999999999891,0.004448945280430978,0.0,0.004448945280430978
2026-02-05,AMD_RUB,5,0.0012953999999999965,0.202514,0.203326,0.0008120000000000072,0.0039935866539449315,0.0,0.0039935866539449315
2026-02-05,AMD_RUB,10,0.0011516999999999973,0.201627,0.203326,0.001699000000000006,0.00835603907026158,0.0,0.00835603907026158
2026-02-06,AMD_RUB,5,0.002166600000000002,0.204008,0.202514,0.0014939999999999953,0.0,0.0,0.0
2026-02-06,AMD_RUB,10,0.0016298000000000007,0.201627,0.202514,0.0008869999999999989,0.004379944102629936,0.0,0.004379944102629936
2026-02-07,AMD_RUB,5,0.0008294000000000079,0.204322,0.204008,0.0003140000000000087,0.0,0.0,0.0
2026-02-07,AMD_RUB,10,0.0009035000000000015,0.201627,0.204008,0.0023809999999999942,0.011671110936825978,0.0,0.011671110936825978
2026-02-10,AMD_RUB,5,0.0011154000000000107,0.202876,0.20544,0.0025640000000000107,0.012480529595015628,0.0,0.012480529595015628
2026-02-10,AMD_RUB,10,0.001767900000000011,0.201627,0.20544,0.003813000000000011,0.01856016355140192,0.0,0.01856016355140192
2026-02-11,AMD_RUB,5,0.0007168000000000007,0.202876,0.204322,0.0014460000000000028,0.007077064633274942,0.0,0.007077064633274942
2026-02-11,AMD_RUB,10,0.0010864000000000013,0.201627,0.204322,0.002695000000000003,0.013189964859388626,0.0,0.013189964859388626
2026-02-12,AMD_RUB,5,0.0017245999999999928,0.201627,0.205199,0.003571999999999992,0.017407492239240895,0.0,0.017407492239240895
2026-02-12,AMD_RUB,10,0.0017369999999999914,0.201627,0.205199,0.003571999999999992,0.017407492239240895,0.0,0.017407492239240895
2026-02-13,AMD_RUB,5,0.001325000000000004,0.201627,0.204434,0.002807000000000004,0.013730592758543119,0.0,0.013730592758543119
2026-02-13,AMD_RUB,10,0.0011194000000000037,0.201627,0.204434,0.002807000000000004,0.013730592758543119,0.0,0.013730592758543119
2026-02-14,AMD_RUB,5,0.001761600000000002,0.201627,0.204792,0.003165000000000001,0.015454705261924299,0.0,0.015454705261924299
2026-02-14,AMD_RUB,10,0.0013143000000000015,0.201627,0.204792,0.003165000000000001,0.015454705261924299,0.0,0.015454705261924299
2026-02-17,AMD_RUB,5,0.0006647999999999987,0.201627,0.202876,0.0012490000000000001,0.0061564699619472,0.0,0.0061564699619472
2026-02-17,AMD_RUB,10,0.0011971000000000009,0.201627,0.202876,0.0012490000000000001,0.0061564699619472,0.0,0.0061564699619472
2026-02-18,AMD_RUB,5,0.0007929999999999937,0.201627,0.203643,0.00201599999999999,0.009899677376585446,0.0,0.009899677376585446
2026-02-18,AMD_RUB,10,0.0011799000000000033,0.201627,0.203643,0.00201599999999999,0.009899677376585446,0.0,0.009899677376585446
2026-02-19,AMD_RUB,5,0.001822600000000002,0.202822,0.201627,0.0011950000000000016,0.0,0.0,0.0
2026-02-19,AMD_RUB,10,0.0029558000000000028,0.202822,0.201627,0.0011950000000000016,0.0,0.0,0.0
2026-02-20,AMD_RUB,5,0.000835600000000003,0.202822,0.203323,0.0005010000000000014,0.0024640596489329857,0.0,0.0024640596489329857
2026-02-20,AMD_RUB,10,0.0020946999999999993,0.202822,0.203323,0.0005010000000000014,0.0024640596489329857,0.0,0.0024640596489329857
2026-02-21,AMD_RUB,5,0.0009808000000000039,0.202822,0.203683,0.0008610000000000007,0.004227156905583679,0.0,0.004227156905583679
2026-02-21,AMD_RUB,10,0.0023735000000000006,0.202822,0.203683,0.0008610000000000007,0.004227156905583679,0.0,0.004227156905583679
2026-02-25,AMD_RUB,5,0.0017830000000000012,0.202875,0.202822,5.2999999999997494e-05,0.0,0.0,0.0
2026-02-25,AMD_RUB,10,0.003576399999999999,0.202875,0.202822,5.2999999999997494e-05,0.0,0.0,0.0
2026-02-26,AMD_RUB,5,0.0023348000000000036,0.204545,0.202875,0.0016700000000000048,0.0,0.0,0.0
2026-02-26,AMD_RUB,10,0.004184200000000002,0.204545,0.202875,0.0016700000000000048,0.0,0.0,0.0
2026-02-27,AMD_RUB,5,0.0011709999999999997,0.204769,0.204545,0.00022400000000000198,0.0,0.0,0.0
2026-02-27,AMD_RUB,10,0.0033091999999999957,0.204769,0.204545,0.00022400000000000198,0.0,0.0,0.0
2026-02-28,AMD_RUB,5,0.0017871999999999888,0.204769,0.20497,0.00020100000000000673,0.0009806313118993352,0.0,0.0009806313118993352
2026-02-28,AMD_RUB,10,0.0039031999999999873,0.204769,0.20497,0.00020100000000000673,0.0009806313118993352,0.0,0.0009806313118993352
2026-03-03,AMD_RUB,5,0.0026801999999999937,0.205866,0.204769,0.0010969999999999869,0.0,0.0,0.0
2026-03-03,AMD_RUB,10,0.005287499999999992,0.205866,0.204769,0.0010969999999999869,0.0,0.0,0.0
2026-03-04,AMD_RUB,5,0.0023258000000000055,0.205899,0.205866,3.300000000000525e-05,0.0,0.0,0.0
2026-03-04,AMD_RUB,10,0.005630400000000005,0.205899,0.205866,3.300000000000525e-05,0.0,0.0,0.0
2026-03-05,AMD_RUB,5,0.003009600000000001,0.207076,0.205899,0.0011770000000000114,0.0,0.0,0.0
2026-03-05,AMD_RUB,10,0.007481099999999999,0.207076,0.205899,0.0011770000000000114,0.0,0.0,0.0
2026-03-06,AMD_RUB,5,0.0029163999999999857,0.208631,0.207076,0.0015550000000000008,0.0,0.0,0.0
2026-03-06,AMD_RUB,10,0.007847699999999985,0.208631,0.207076,0.0015550000000000008,0.0,0.0,0.0
2026-03-07,AMD_RUB,5,0.0018667999999999962,0.208631,0.209774,0.0011429999999999774,0.0054487210045095075,0.0,0.0054487210045095075
2026-03-07,AMD_RUB,10,0.006194099999999999,0.208631,0.209774,0.0011429999999999774,0.0054487210045095075,0.0,0.0054487210045095075
2026-03-11,AMD_RUB,5,0.004032799999999987,0.209483,0.208631,0.0008519999999999917,0.0,0.0,0.0
2026-03-11,AMD_RUB,10,0.007604899999999984,0.209483,0.208631,0.0008519999999999917,0.0,0.0,0.0
2026-03-12,AMD_RUB,5,0.005260400000000004,0.209483,0.209579,9.599999999998499e-05,0.00045806116070782373,0.0,0.00045806116070782373
2026-03-12,AMD_RUB,10,0.007117800000000005,0.209483,0.209579,9.599999999998499e-05,0.00045806116070782373,0.0,0.00045806116070782373
2026-03-13,AMD_RUB,5,0.008368599999999993,0.212495,0.209483,0.003011999999999987,0.0,0.0,0.0
2026-03-13,AMD_RUB,10,0.008010999999999994,0.212495,0.209483,0.003011999999999987,0.0,0.0,0.0
2026-03-14,AMD_RUB,5,0.007360000000000005,0.214758,0.212495,0.002263000000000015,0.0,0.0,0.0
2026-03-14,AMD_RUB,10,0.005262900000000006,0.213996,0.212495,0.0015010000000000023,0.0,0.0,0.0
2026-03-17,AMD_RUB,5,0.005537399999999987,0.21696,0.214758,0.0022019999999999817,0.0,0.0,0.0
2026-03-17,AMD_RUB,10,0.0032476999999999923,0.213996,0.214758,0.0007620000000000127,0.003548179811695083,0.0,0.003548179811695083
2026-03-18,AMD_RUB,5,0.003796399999999994,0.214567,0.217004,0.0024369999999999947,0.011230207738106186,0.0,0.011230207738106186
2026-03-18,AMD_RUB,10,0.0027754,0.213996,0.217004,0.0030080000000000107,0.013861495640633402,0.0,0.013861495640633402
2026-03-19,AMD_RUB,5,0.0043979999999999965,0.213996,0.220265,0.006268999999999997,0.0284611717703675,0.0,0.0284611717703675
2026-03-19,AMD_RUB,10,0.0046051999999999925,0.213725,0.220265,0.00653999999999999,0.029691507956325292,0.0,0.029691507956325292
2026-03-20,AMD_RUB,5,0.007599599999999995,0.213996,0.224736,0.01074,0.047789406236651004,0.0,0.047789406236651004
2026-03-20,AMD_RUB,10,0.008895399999999994,0.213108,0.224736,0.011628,0.05174070909867578,0.0,0.05174070909867578
2026-03-21,AMD_RUB,5,0.0068511999999999905,0.213996,0.222512,0.008515999999999996,0.0382720931904796,0.0,0.0382720931904796
2026-03-21,AMD_RUB,10,0.007773099999999991,0.211495,0.222512,0.011016999999999999,0.0495119364348889,0.0,0.0495119364348889
2026-03-24,AMD_RUB,5,0.001899999999999996,0.213996,0.21696,0.0029639999999999944,0.013661504424778736,0.0,0.013661504424778736
2026-03-24,AMD_RUB,10,0.0031507999999999927,0.209037,0.21696,0.007922999999999986,0.036518252212389316,0.0,0.036518252212389316
2026-03-25,AMD_RUB,5,0.001168199999999997,0.213996,0.214567,0.0005710000000000159,0.0026611734330070137,0.0,0.0026611734330070137
2026-03-25,AMD_RUB,10,0.002213200000000004,0.209037,0.214567,0.005530000000000007,0.025772835524568116,0.0,0.025772835524568116
2026-03-26,AMD_RUB,5,0.0015650000000000052,0.213725,0.213996,0.00027099999999999347,0.0012663788108188633,0.0,0.0012663788108188633
2026-03-26,AMD_RUB,10,0.0026907000000000016,0.208079,0.213996,0.005917000000000006,0.02765004953363617,0.0,0.02765004953363617
2026-03-27,AMD_RUB,5,0.0031022000000000107,0.213108,0.217647,0.004539000000000015,0.02085487050131642,0.0,0.02085487050131642
2026-03-27,AMD_RUB,10,0.005897700000000011,0.206979,0.217647,0.01066800000000001,0.04901514838247258,0.0,0.04901514838247258
2026-03-28,AMD_RUB,5,0.0015126000000000028,0.211495,0.215134,0.0036390000000000033,0.016915038998949507,0.0,0.016915038998949507
2026-03-28,AMD_RUB,10,0.0045098,0.204861,0.215134,0.010273000000000004,0.04775163386540484,0.0,0.04775163386540484
2026-03-31,AMD_RUB,5,0.002810400000000002,0.209037,0.21533,0.006292999999999993,0.029224910602331275,0.0,0.029224910602331275
2026-03-31,AMD_RUB,10,0.005837700000000001,0.203227,0.21533,0.012103000000000003,0.05620675242650816,0.0,0.05620675242650816
2026-04-01,AMD_RUB,5,0.004118200000000011,0.209037,0.215427,0.006390000000000007,0.029662020081048367,0.0,0.029662020081048367
2026-04-01,AMD_RUB,10,0.007240700000000014,0.202173,0.215427,0.013254000000000016,0.06152432146388343,0.0,0.06152432146388343
2026-04-02,AMD_RUB,5,0.003545400000000004,0.208079,0.213725,0.005646000000000012,0.026417124809919347,0.0,0.026417124809919347
2026-04-02,AMD_RUB,10,0.0068208000000000045,0.200904,0.213725,0.012820999999999999,0.059988302725464966,0.0,0.059988302725464966
2026-04-03,AMD_RUB,5,0.004154199999999997,0.206979,0.213108,0.0061289999999999956,0.028760065318993167,0.0,0.028760065318993167
2026-04-03,AMD_RUB,10,0.007179399999999997,0.200904,0.213108,0.012203999999999993,0.05726673799200402,0.0,0.05726673799200402
2026-04-04,AMD_RUB,5,0.003867999999999994,0.204861,0.211495,0.006634000000000001,0.0313671718007518,0.0,0.0313671718007518
2026-04-04,AMD_RUB,10,0.006370399999999993,0.200904,0.211495,0.01059099999999999,0.05007683396770604,0.0,0.05007683396770604
2026-04-07,AMD_RUB,5,0.002628800000000009,0.203227,0.209037,0.00581000000000001,0.027794122571602204,0.0,0.027794122571602204
2026-04-07,AMD_RUB,10,0.004665600000000006,0.200904,0.209037,0.008133000000000001,0.03890698775814808,0.0,0.03890698775814808
2026-04-08,AMD_RUB,5,0.004115200000000013,0.202173,0.209179,0.007006000000000012,0.03349284584016566,0.0,0.03349284584016566
2026-04-08,AMD_RUB,10,0.005677900000000008,0.200192,0.209179,0.008986999999999995,0.04296320376328405,0.0,0.04296320376328405
2026-04-09,AMD_RUB,5,0.004450199999999993,0.200904,0.208079,0.007174999999999987,0.034482095742482365,0.0,0.034482095742482365
2026-04-09,AMD_RUB,10,0.005245199999999989,0.200192,0.208079,0.007886999999999977,0.03790387304821716,0.0,0.03790387304821716
2026-04-10,AMD_RUB,5,0.004075600000000001,0.200904,0.206979,0.006074999999999997,0.029350803704723653,0.0,0.029350803704723653
2026-04-10,AMD_RUB,10,0.004716999999999999,0.200192,0.206979,0.0067869999999999875,0.032790766212997396,0.0,0.032790766212997396
2026-04-11,AMD_RUB,5,0.002238799999999991,0.200904,0.204861,0.003956999999999988,0.01931553589995162,0.0,0.01931553589995162
2026-04-11,AMD_RUB,10,0.0027727999999999893,0.200192,0.204861,0.004668999999999979,0.022791063208712145,0.0,0.022791063208712145
2026-04-14,AMD_RUB,5,0.0010336000000000013,0.200904,0.203227,0.0023229999999999917,0.01143056778872882,0.0,0.01143056778872882
2026-04-14,AMD_RUB,10,0.001398599999999997,0.200192,0.203227,0.003034999999999982,0.01493403927627718,0.0,0.01493403927627718
2026-04-15,AMD_RUB,5,0.0012189999999999979,0.200192,0.202173,0.0019809999999999828,0.009798538875121717,0.0,0.009798538875121717
2026-04-15,AMD_RUB,10,0.0010617999999999988,0.200192,0.202173,0.0019809999999999828,0.009798538875121717,0.0,0.009798538875121717
2026-04-16,AMD_RUB,5,0.0014195999999999987,0.200192,0.200904,0.0007119999999999904,0.003543981204953562,0.0,0.003543981204953562
2026-04-16,AMD_RUB,10,0.0011144999999999961,0.200192,0.200904,0.0007119999999999904,0.003543981204953562,0.0,0.003543981204953562
2026-04-17,AMD_RUB,5,0.001772600000000002,0.200192,0.203352,0.003159999999999996,0.015539557024273162,0.0,0.015539557024273162
2026-04-17,AMD_RUB,10,0.0016576000000000062,0.200192,0.203352,0.003159999999999996,0.015539557024273162,0.0,0.015539557024273162
2026-04-18,AMD_RUB,5,0.001900799999999997,0.200192,0.203455,0.003262999999999988,0.01603794450861364,0.0,0.01603794450861364
2026-04-18,AMD_RUB,10,0.0017405000000000003,0.200192,0.203455,0.003262999999999988,0.01603794450861364,0.0,0.01603794450861364
2026-04-21,AMD_RUB,5,0.0008591999999999989,0.200192,0.201789,0.0015969999999999873,0.007914207414675663,0.0,0.007914207414675663
2026-04-21,AMD_RUB,10,0.0008348999999999995,0.200192,0.201789,0.0015969999999999873,0.007914207414675663,0.0,0.007914207414675663
2026-04-22,AMD_RUB,5,0.0014563999999999855,0.201117,0.200192,0.0009249999999999814,0.0,0.0,0.0
2026-04-22,AMD_RUB,10,0.0019956999999999865,0.201117,0.200192,0.0009249999999999814,0.0,0.0,0.0
2026-04-23,AMD_RUB,5,0.0005094000000000043,0.201117,0.201406,0.00028900000000001147,0.0014349125646704243,0.0,0.0014349125646704243
2026-04-23,AMD_RUB,10,0.0009492000000000001,0.201117,0.201406,0.00028900000000001147,0.0014349125646704243,0.0,0.0014349125646704243
2026-04-24,AMD_RUB,5,0.000606000000000001,0.201117,0.201261,0.00014400000000000523,0.000715488842845883,0.0,0.000715488842845883
2026-04-24,AMD_RUB,10,0.0010299000000000003,0.201117,0.201261,0.00014400000000000523,0.000715488842845883,0.0,0.000715488842845883
2026-04-25,AMD_RUB,5,0.0013810000000000044,0.201117,0.203123,0.0020060000000000078,0.00987578954623557,0.0,0.00987578954623557
2026-04-25,AMD_RUB,10,0.001314700000000002,0.200173,0.203123,0.002950000000000008,0.014523219920934647,0.0,0.014523219920934647
2026-04-28,AMD_RUB,5,0.0010406000000000083,0.201117,0.201335,0.00021799999999999597,0.0010827724936051655,0.0,0.0010827724936051655
2026-04-28,AMD_RUB,10,0.0011458000000000052,0.198958,0.201335,0.0023769999999999902,0.011806193657337226,0.0,0.011806193657337226
2026-04-29,AMD_RUB,5,0.001610000000000006,0.201731,0.201117,0.0006140000000000034,0.0,0.0,0.0
2026-04-29,AMD_RUB,10,0.0015121000000000023,0.198326,0.201117,0.002790999999999988,0.013877494194921305,0.0,0.013877494194921305
2026-04-30,AMD_RUB,5,0.0010640000000000037,0.201741,0.201731,1.0000000000010001e-05,0.0,0.0,0.0
2026-04-30,AMD_RUB,10,0.0016586000000000018,0.198326,0.201731,0.0034049999999999914,0.01687891300791644,0.0,0.01687891300791644
2026-05-01,AMD_RUB,5,0.0011341999999999962,0.20134,0.201741,0.00040100000000001246,0.0019876970967726564,0.0,0.0019876970967726564
2026-05-01,AMD_RUB,10,0.0021746000000000014,0.196581,0.201741,0.005159999999999998,0.02557734917542789,0.0,0.02557734917542789
2026-05-05,AMD_RUB,5,0.0014026000000000095,0.200173,0.20346,0.003287000000000012,0.016155509682492932,0.0,0.016155509682492932
2026-05-05,AMD_RUB,10,0.003823700000000005,0.193619,0.20346,0.009840999999999989,0.04836822962744514,0.0,0.04836822962744514
2026-05-06,AMD_RUB,5,0.002222599999999997,0.198958,0.203393,0.0044349999999999945,0.0218050768708854,0.0,0.0218050768708854
2026-05-06,AMD_RUB,10,0.0048090999999999915,0.192869,0.203393,0.010523999999999978,0.05174219368414831,0.0,0.05174219368414831
2026-05-07,AMD_RUB,5,0.003136399999999995,0.198326,0.20331,0.0049839999999999884,0.02451428852491264,0.0,0.02451428852491264
2026-05-07,AMD_RUB,10,0.005813299999999991,0.192438,0.20331,0.010871999999999993,0.053474988933156234,0.0,0.053474988933156234
2026-05-08,AMD_RUB,5,0.0025932000000000064,0.198326,0.202071,0.0037449999999999983,0.018533089854556064,0.0,0.018533089854556064
2026-05-08,AMD_RUB,10,0.0054296000000000014,0.192438,0.202071,0.009633000000000003,0.04767136303576467,0.0,0.04767136303576467
2026-05-09,AMD_RUB,5,0.0028139999999999945,0.196581,0.20134,0.0047589999999999855,0.023636634548524812,0.0,0.023636634548524812
2026-05-09,AMD_RUB,10,0.00539129999999999,0.192438,0.20134,0.008901999999999993,0.044213767756034535,0.0,0.044213767756034535
2026-05-13,AMD_RUB,5,0.0029577999999999883,0.193619,0.200173,0.0065539999999999765,0.03274167844814224,0.0,0.03274167844814224
2026-05-13,AMD_RUB,10,0.004752799999999988,0.192438,0.200173,0.007734999999999992,0.03864157503759244,0.0,0.03864157503759244
2026-05-14,AMD_RUB,5,0.002960599999999991,0.192869,0.198958,0.006088999999999983,0.03060444918022891,0.0,0.03060444918022891
2026-05-14,AMD_RUB,10,0.004169599999999993,0.192438,0.198958,0.006519999999999998,0.03277073553212235,0.0,0.03277073553212235
2026-05-15,AMD_RUB,5,0.0036125999999999936,0.192438,0.198326,0.005888000000000004,0.02968849268376312,0.0,0.02968849268376312
2026-05-15,AMD_RUB,10,0.004031599999999996,0.192438,0.198326,0.005888000000000004,0.02968849268376312,0.0,0.02968849268376312
2026-05-16,AMD_RUB,5,0.004786999999999986,0.192438,0.198592,0.006153999999999993,0.030988156622623234,0.0,0.030988156622623234
2026-05-16,AMD_RUB,10,0.004813499999999987,0.192438,0.198592,0.006153999999999993,0.030988156622623234,0.0,0.030988156622623234
2026-05-19,AMD_RUB,5,0.0032096000000000013,0.192438,0.196581,0.004143000000000008,0.021075281944847202,0.0,0.021075281944847202
2026-05-19,AMD_RUB,10,0.003035300000000002,0.192438,0.196581,0.004143000000000008,0.021075281944847202,0.0,0.021075281944847202
2026-05-20,AMD_RUB,5,0.0008190000000000031,0.192438,0.193619,0.0011810000000000154,0.006099607993017293,0.0,0.006099607993017293
2026-05-20,AMD_RUB,10,0.0009996000000000033,0.192438,0.193619,0.0011810000000000154,0.006099607993017293,0.0,0.006099607993017293
2026-05-21,AMD_RUB,5,0.0009743999999999974,0.192438,0.192869,0.0004310000000000147,0.0022346774235362586,0.0,0.0022346774235362586
2026-05-21,AMD_RUB,10,0.0017510999999999944,0.192438,0.192869,0.0004310000000000147,0.0022346774235362586,0.0,0.0022346774235362586
2026-05-22,AMD_RUB,5,0.0014374000000000053,0.19264,0.192438,0.00020200000000000773,0.0,0.0,0.0
2026-05-22,AMD_RUB,10,0.0029630000000000047,0.19264,0.192438,0.00020200000000000773,0.0,0.0,0.0
2026-05-23,AMD_RUB,5,0.0008320000000000049,0.19264,0.193518,0.0008779999999999899,0.004537045649500253,0.0,0.004537045649500253
2026-05-23,AMD_RUB,10,0.0027653000000000066,0.19264,0.193518,0.0008779999999999899,0.004537045649500253,0.0,0.004537045649500253
2026-05-26,AMD_RUB,5,0.0008830000000000004,0.19264,0.194413,0.0017729999999999968,0.009119760509842431,0.0,0.009119760509842431
2026-05-26,AMD_RUB,10,0.0027982000000000007,0.19264,0.194413,0.0017729999999999968,0.009119760509842431,0.0,0.009119760509842431
2026-05-27,AMD_RUB,5,0.0015684000000000032,0.19264,0.194888,0.002248,0.011534830261483518,0.0,0.011534830261483518
2026-05-27,AMD_RUB,10,0.002723500000000001,0.19264,0.194888,0.002248,0.011534830261483518,0.0,0.011534830261483518
2026-05-28,AMD_RUB,5,0.002756799999999998,0.192901,0.19264,0.00026099999999998347,0.0,0.0,0.0
2026-05-28,AMD_RUB,10,0.003983499999999996,0.192901,0.19264,0.00026099999999998347,0.0,0.0,0.0
2026-05-29,AMD_RUB,5,0.0034154000000000016,0.192901,0.193918,0.0010170000000000179,0.005244484782227631,0.0,0.005244484782227631
2026-05-29,AMD_RUB,10,0.003034999999999996,0.192901,0.193918,0.0010170000000000179,0.005244484782227631,0.0,0.005244484782227631
2026-05-30,AMD_RUB,5,0.005315600000000015,0.194253,0.192901,0.0013520000000000199,0.0,0.0,0.0
2026-05-30,AMD_RUB,10,0.004243100000000011,0.194253,0.192901,0.0013520000000000199,0.0,0.0,0.0
2026-06-02,AMD_RUB,5,0.004873399999999995,0.19689,0.194253,0.0026370000000000005,0.0,0.0,0.0
2026-06-02,AMD_RUB,10,0.003057599999999991,0.194685,0.194253,0.00043199999999998795,0.0,0.0,0.0
2026-06-03,AMD_RUB,5,0.0026773999999999964,0.194685,0.19689,0.0022050000000000125,0.011199146731677649,0.0,0.011199146731677649
2026-06-03,AMD_RUB,10,0.001892000000000002,0.194685,0.19689,0.0022050000000000125,0.011199146731677649,0.0,0.011199146731677649
2026-06-04,AMD_RUB,5,0.0023214000000000012,0.194685,0.199022,0.0043370000000000075,0.021791560731979416,0.0,0.021791560731979416
2026-06-04,AMD_RUB,10,0.0022321000000000034,0.194685,0.199022,0.0043370000000000075,0.021791560731979416,0.0,0.021791560731979416
2026-06-05,AMD_RUB,5,0.004994399999999999,0.194685,0.201567,0.006881999999999999,0.0341424935629344,0.0,0.0341424935629344
2026-06-05,AMD_RUB,10,0.0043666999999999985,0.194685,0.201567,0.006881999999999999,0.0341424935629344,0.0,0.0341424935629344
2026-06-06,AMD_RUB,5,0.0032794000000000044,0.194685,0.199351,0.0046660000000000035,0.023405952315263046,0.0,0.023405952315263046
2026-06-06,AMD_RUB,10,0.0022826000000000014,0.194685,0.199351,0.0046660000000000035,0.023405952315263046,0.0,0.023405952315263046
2026-06-09,AMD_RUB,5,0.00330720000000001,0.194685,0.198802,0.0041170000000000095,0.020709047192684224,0.0,0.020709047192684224
2026-06-09,AMD_RUB,10,0.002434000000000003,0.194685,0.198802,0.0041170000000000095,0.020709047192684224,0.0,0.020709047192684224
2026-06-10,AMD_RUB,5,0.001403199999999999,0.194846,0.194685,0.00016099999999999448,0.0,0.0,0.0
2026-06-10,AMD_RUB,10,0.0038680999999999993,0.194846,0.194685,0.00016099999999999448,0.0,0.0,0.0
2026-06-11,AMD_RUB,5,0.002121600000000007,0.195179,0.194846,0.00033299999999999996,0.0,0.0,0.0
2026-06-11,AMD_RUB,10,0.004760900000000007,0.195179,0.194846,0.00033299999999999996,0.0,0.0,0.0
2026-06-12,AMD_RUB,5,0.002649000000000007,0.195918,0.195179,0.0007390000000000174,0.0,0.0,0.0
2026-06-12,AMD_RUB,10,0.005843700000000007,0.195918,0.195179,0.0007390000000000174,0.0,0.0,0.0
2026-06-16,AMD_RUB,5,0.002066000000000001,0.195918,0.196846,0.0009279999999999844,0.004714345224185325,0.0,0.004714345224185325
2026-06-16,AMD_RUB,10,0.005803000000000003,0.195918,0.196846,0.0009279999999999844,0.004714345224185325,0.0,0.004714345224185325
2026-06-17,AMD_RUB,5,0.003984799999999988,0.197652,0.195918,0.0017339999999999856,0.0,0.0,0.0
2026-06-17,AMD_RUB,10,0.008228899999999989,0.197652,0.195918,0.0017339999999999856,0.0,0.0,0.0
2026-06-18,AMD_RUB,5,0.0033660000000000022,0.199243,0.197652,0.001591000000000009,0.0,0.0,0.0
2026-06-18,AMD_RUB,10,0.007994500000000005,0.199243,0.197652,0.001591000000000009,0.0,0.0,0.0
2026-06-19,AMD_RUB,5,0.003003199999999995,0.199481,0.199243,0.00023799999999998822,0.0,0.0,0.0
2026-06-19,AMD_RUB,10,0.007644099999999996,0.199481,0.199243,0.00023799999999998822,0.0,0.0,0.0
2026-06-20,AMD_RUB,5,0.004736400000000007,0.20041,0.199481,0.0009290000000000131,0.0,0.0,0.0
2026-06-20,AMD_RUB,10,0.008455400000000007,0.20041,0.199481,0.0009290000000000131,0.0,0.0,0.0
2026-06-23,AMD_RUB,5,0.005975999999999993,0.202728,0.20041,0.0023179999999999867,0.0,0.0,0.0
2026-06-23,AMD_RUB,10,0.008703299999999994,0.202728,0.20041,0.0023179999999999867,0.0,0.0,0.0
2026-06-24,AMD_RUB,5,0.005663000000000007,0.203228,0.202728,0.0005000000000000004,0.0,0.0,0.0
2026-06-24,AMD_RUB,10,0.00682870000000001,0.203228,0.202728,0.0005000000000000004,0.0,0.0,0.0
2026-06-25,AMD_RUB,5,0.007047000000000009,0.205384,0.203228,0.002156000000000019,0.0,0.0,0.0
2026-06-25,AMD_RUB,10,0.006807600000000011,0.205384,0.203228,0.002156000000000019,0.0,0.0,0.0
2026-06-26,AMD_RUB,5,0.006143999999999988,0.209337,0.205384,0.003952999999999984,0.0,0.0,0.0
2026-06-26,AMD_RUB,10,0.0047957999999999916,0.206826,0.205384,0.0014419999999999988,0.0,0.0,0.0
2026-06-27,AMD_RUB,5,0.002318400000000004,0.209974,0.209337,0.0006369999999999987,0.0,0.0,0.0
2026-06-27,AMD_RUB,10,0.0021096999999999978,0.206826,0.209337,0.0025109999999999855,0.01199501282620839,0.0,0.01199501282620839
2026-06-30,AMD_RUB,5,0.0010992000000000057,0.209974,0.211253,0.0012790000000000024,0.006054351890860733,0.0,0.006054351890860733
2026-06-30,AMD_RUB,10,0.0022121999999999975,0.206826,0.211253,0.0044269999999999865,0.020955915418952566,0.0,0.020955915418952566
2026-07-01,AMD_RUB,5,0.0020305999999999935,0.207162,0.212753,0.005590999999999985,0.02627930040939486,0.0,0.02627930040939486
2026-07-01,AMD_RUB,10,0.003014399999999992,0.206826,0.212753,0.005926999999999988,0.027858596588532184,0.0,0.027858596588532184
2026-07-02,AMD_RUB,5,0.002851799999999999,0.207162,0.212648,0.005485999999999991,0.025798502689891232,0.0,0.025798502689891232
2026-07-02,AMD_RUB,10,0.0029469999999999995,0.206826,0.212648,0.005821999999999994,0.02737857868402239,0.0,0.02737857868402239
2026-07-03,AMD_RUB,5,0.003029399999999999,0.206826,0.211649,0.004822999999999994,0.02278772873956406,0.0,0.02278772873956406
2026-07-03,AMD_RUB,10,0.0023787999999999978,0.206826,0.211649,0.004822999999999994,0.02278772873956406,0.0,0.02278772873956406
2026-07-04,AMD_RUB,5,0.002283199999999991,0.206826,0.209974,0.003147999999999984,0.014992332384009373,0.0,0.014992332384009373
2026-07-04,AMD_RUB,10,0.0023467999999999987,0.206826,0.209974,0.003147999999999984,0.014992332384009373,0.0,0.014992332384009373
2026-07-07,AMD_RUB,5,0.004251199999999999,0.206826,0.212179,0.005352999999999997,0.02522869841030449,0.0,0.02522869841030449
2026-07-07,AMD_RUB,10,0.0027071999999999955,0.206826,0.212179,0.005352999999999997,0.02522869841030449,0.0,0.02522869841030449
2026-07-08,AMD_RUB,5,0.0017271999999999954,0.206826,0.207162,0.00033600000000000296,0.001621919077823167,0.0,0.001621919077823167
2026-07-08,AMD_RUB,10,0.004070599999999991,0.206826,0.207162,0.00033600000000000296,0.001621919077823167,0.0,0.001621919077823167
2026-07-09,AMD_RUB,5,0.002065199999999995,0.206826,0.208017,0.0011909999999999976,0.0057254935894662335,0.0,0.0057254935894662335
2026-07-09,AMD_RUB,10,0.003974299999999995,0.206826,0.208017,0.0011909999999999976,0.0057254935894662335,0.0,0.0057254935894662335
2026-07-10,AMD_RUB,5,0.004144799999999993,0.20868,0.206826,0.0018539999999999945,0.0,0.0,0.0
2026-07-10,AMD_RUB,10,0.005669499999999991,0.20868,0.206826,0.0018539999999999945,0.0,0.0,0.0
2026-07-11,AMD_RUB,5,0.0032963999999999992,0.208954,0.20868,0.00027399999999999647,0.0,0.0,0.0
2026-07-11,AMD_RUB,10,0.004274999999999996,0.208954,0.20868,0.00027399999999999647,0.0,0.0,0.0
2026-07-14,AMD_RUB,5,0.0040354,0.211297,0.208954,0.0023430000000000117,0.0,0.0,0.0
2026-07-14,AMD_RUB,10,0.004379899999999997,0.211297,0.208954,0.0023430000000000117,0.0,0.0,0.0
2026-07-15,AMD_RUB,5,0.0022789999999999868,0.212272,0.211297,0.0009749999999999759,0.0,0.0,0.0
2026-07-15,AMD_RUB,10,0.002377699999999985,0.212272,0.211297,0.0009749999999999759,0.0,0.0,0.0
2026-07-16,AMD_RUB,5,0.0016284000000000131,0.213651,0.212272,0.001379000000000019,0.0,0.0,0.0
2026-07-16,AMD_RUB,10,0.0018459000000000114,0.212743,0.212272,0.0004709999999999992,0.0,0.0,0.0
2026-07-17,AMD_RUB,5,0.00036919999999999174,0.213708,0.213651,5.7000000000001494e-05,0.0,0.0,0.0
2026-07-17,AMD_RUB,10,0.0011399999999999993,0.212743,0.213651,0.0009080000000000199,0.004249921601115932,0.0,0.004249921601115932
2026-07-18,AMD_RUB,5,0.0003987999999999936,0.213275,0.213708,0.0004330000000000167,0.002026129110749325,0.0,0.002026129110749325
2026-07-18,AMD_RUB,10,0.001434499999999997,0.212743,0.213708,0.0009650000000000214,0.004515507140584449,0.0,0.004515507140584449
2026-07-21,AMD_RUB,5,0.0005174000000000012,0.212743,0.214019,0.0012759999999999994,0.005962087478214548,0.0,0.005962087478214548
2026-07-21,AMD_RUB,10,0.0017489000000000087,0.212743,0.214019,0.0012759999999999994,0.005962087478214548,0.0,0.005962087478214548
2026-07-22,AMD_RUB,5,0.0006546000000000052,0.212743,0.21423,0.001487000000000016,0.006941138029221006,0.0,0.006941138029221006
2026-07-22,AMD_RUB,10,0.0023469000000000016,0.212743,0.21423,0.001487000000000016,0.006941138029221006,0.0,0.006941138029221006
2026-07-23,AMD_RUB,5,0.001149400000000006,0.212743,0.213894,0.0011510000000000131,0.005381170112298677,0.0,0.005381170112298677
2026-07-23,AMD_RUB,10,0.0031953000000000038,0.212743,0.213894,0.0011510000000000131,0.005381170112298677,0.0,0.005381170112298677
2026-07-24,AMD_RUB,5,0.0017910000000000092,0.212743,0.21425,0.0015070000000000083,0.007033838973162233,0.0,0.007033838973162233
2026-07-24,AMD_RUB,10,0.003784100000000007,0.212743,0.21425,0.0015070000000000083,0.007033838973162233,0.0,0.007033838973162233
2026-07-25,AMD_RUB,5,0.00273000000000001,0.212743,0.213275,0.0005320000000000047,0.00249443207126951,0.0,0.00249443207126951
2026-07-25,AMD_RUB,10,0.005481000000000011,0.212743,0.213275,0.0005320000000000047,0.00249443207126951,0.0,0.00249443207126951
2026-07-28,AMD_RUB,5,0.004256400000000016,0.214705,0.212743,0.0019620000000000193,0.0,0.0,0.0
2026-07-28,AMD_RUB,10,0.007209600000000016,0.214705,0.212743,0.0019620000000000193,0.0,0.0,0.0
2026-07-29,AMD_RUB,5,0.0035641999999999952,0.216704,0.214705,0.0019990000000000008,0.0,0.0,0.0
2026-07-29,AMD_RUB,10,0.006279399999999996,0.216704,0.214705,0.0019990000000000008,0.0,0.0,0.0
2026-07-30,AMD_RUB,5,0.0024311999999999945,0.216995,0.216704,0.0002909999999999857,0.0,0.0,0.0
2026-07-30,AMD_RUB,10,0.005292499999999994,0.216995,0.216704,0.0002909999999999857,0.0,0.0,0.0
2026-07-31,AMD_RUB,5,0.0025407999999999984,0.216995,0.217814,0.0008190000000000142,0.0037600888831756185,0.0,0.0037600888831756185
2026-07-31,AMD_RUB,10,0.005471399999999996,0.216995,0.217814,0.0008190000000000142,0.0037600888831756185,0.0,0.0037600888831756185
2026-08-01,AMD_RUB,5,0.004512000000000011,0.218779,0.216995,0.0017840000000000078,0.0,0.0,0.0
2026-08-01,AMD_RUB,10,0.007538200000000009,0.218779,0.216995,0.0017840000000000078,0.0,0.0,0.0
2026-08-04,AMD_RUB,5,0.0041268000000000025,0.221034,0.218779,0.002255000000000007,0.0,0.0,0.0
2026-08-04,AMD_RUB,10,0.0071358,0.221034,0.218779,0.002255000000000007,0.0,0.0,0.0
2026-08-05,AMD_RUB,5,0.0026536000000000003,0.221034,0.221054,1.9999999999992246e-05,9.047563038891966e-05,0.0,9.047563038891966e-05
2026-08-05,AMD_RUB,10,0.006076199999999999,0.221034,0.221054,1.9999999999992246e-05,9.047563038891966e-05,0.0,9.047563038891966e-05
2026-08-06,AMD_RUB,5,0.003823799999999994,0.222274,0.221034,0.0012399999999999911,0.0,0.0,0.0
2026-08-06,AMD_RUB,10,0.00731449999999999,0.222274,0.221034,0.0012399999999999911,0.0,0.0,0.0
2026-08-07,AMD_RUB,5,0.003942000000000001,0.224394,0.222274,0.0021200000000000108,0.0,0.0,0.0
2026-08-07,AMD_RUB,10,0.006667799999999999,0.224394,0.222274,0.0021200000000000108,0.0,0.0,0.0
2026-08-08,AMD_RUB,5,0.0031653999999999905,0.225023,0.224394,0.0006289999999999907,0.0,0.0,0.0
2026-08-08,AMD_RUB,10,0.004816599999999988,0.225023,0.224394,0.0006289999999999907,0.0,0.0,0.0
2026-08-11,AMD_RUB,5,0.0034507999999999982,0.225023,0.225773,0.0007500000000000007,0.00332192069025083,0.0,0.00332192069025083
2026-08-11,AMD_RUB,10,0.0038050999999999975,0.225023,0.225773,0.0007500000000000007,0.00332192069025083,0.0,0.00332192069025083
2026-08-12,AMD_RUB,5,0.005529799999999996,0.226825,0.225023,0.001801999999999998,0.0,0.0,0.0
2026-08-12,AMD_RUB,10,0.005068899999999999,0.226825,0.225023,0.001801999999999998,0.0,0.0,0.0
2026-08-13,AMD_RUB,5,0.0050141999999999964,0.229065,0.226825,0.002239999999999992,0.0,0.0,0.0
2026-08-13,AMD_RUB,10,0.003703200000000001,0.227082,0.226825,0.0002570000000000072,0.0,0.0,0.0
2026-08-14,AMD_RUB,5,0.002945800000000004,0.228207,0.229065,0.0008579999999999977,0.003745661711741199,0.0,0.003745661711741199
2026-08-14,AMD_RUB,10,0.002931600000000001,0.227082,0.229065,0.0019829999999999848,0.008656931438674546,0.0,0.008656931438674546
2026-08-15,AMD_RUB,5,0.002523999999999993,0.227082,0.231111,0.004029000000000005,0.017433181458260335,0.0,0.017433181458260335
2026-08-15,AMD_RUB,10,0.002498099999999992,0.227082,0.231111,0.004029000000000005,0.017433181458260335,0.0,0.017433181458260335
2026-08-18,AMD_RUB,5,0.003156599999999993,0.227082,0.232595,0.00551299999999999,0.023702143210301126,0.0,0.023702143210301126
2026-08-18,AMD_RUB,10,0.0028131999999999936,0.227082,0.232595,0.00551299999999999,0.023702143210301126,0.0,0.023702143210301126
2026-08-19,AMD_RUB,5,0.003572599999999987,0.227082,0.233168,0.00608599999999998,0.02610135181500026,0.0,0.02610135181500026
2026-08-19,AMD_RUB,10,0.0033125999999999963,0.227082,0.233168,0.00608599999999998,0.02610135181500026,0.0,0.02610135181500026
2026-08-20,AMD_RUB,5,0.0040397999999999875,0.227082,0.233257,0.006174999999999986,0.026472946149526,0.0,0.026472946149526
2026-08-20,AMD_RUB,10,0.003877799999999998,0.227082,0.233257,0.006174999999999986,0.026472946149526,0.0,0.026472946149526
2025-07-12,KGS_RUB,5,0.0031245999999999887,0.891463,0.890629,0.0008340000000000014,0.0,0.0,0.0
2025-07-12,KGS_RUB,10,0.0063549999999999995,0.891463,0.890629,0.0008340000000000014,0.0,0.0,0.0
2025-07-15,KGS_RUB,5,0.0026267999999999513,0.891463,0.896264,0.004800999999999944,0.0053566806208884266,0.0,0.0053566806208884266
2025-07-15,KGS_RUB,10,0.005538699999999996,0.891463,0.896264,0.004800999999999944,0.0053566806208884266,0.0,0.0053566806208884266
2025-07-16,KGS_RUB,5,0.002471000000000001,0.891464,0.891463,1.0000000000287557e-06,0.0,0.0,0.0
2025-07-16,KGS_RUB,10,0.012066200000000004,0.891464,0.891463,1.0000000000287557e-06,0.0,0.0,0.0
2025-07-17,KGS_RUB,5,0.003750399999999976,0.892947,0.891464,0.001483000000000012,0.0,0.0,0.0
2025-07-17,KGS_RUB,10,0.016497599999999966,0.892947,0.891464,0.001483000000000012,0.0,0.0,0.0
2025-07-18,KGS_RUB,5,0.0034507999999999982,0.892947,0.894061,0.0011139999999999484,0.0012459999932889908,0.0,0.0012459999932889908
2025-07-18,KGS_RUB,10,0.016559800000000003,0.892947,0.894061,0.0011139999999999484,0.0012459999932889908,0.0,0.0012459999932889908
2025-07-19,KGS_RUB,5,0.005726000000000009,0.892947,0.895516,0.0025689999999999324,0.0028687371303247875,0.0,0.0028687371303247875
2025-07-19,KGS_RUB,10,0.017701100000000015,0.892947,0.895516,0.0025689999999999324,0.0028687371303247875,0.0,0.0028687371303247875
2025-07-22,KGS_RUB,5,0.008799800000000024,0.892947,0.895682,0.002734999999999932,0.0030535390908826257,0.0,0.0030535390908826257
2025-07-22,KGS_RUB,10,0.019107700000000016,0.892947,0.895682,0.002734999999999932,0.0030535390908826257,0.0,0.0030535390908826257
2025-07-23,KGS_RUB,5,0.020177399999999967,0.897866,0.892947,0.004919000000000007,0.0,0.0,0.0
2025-07-23,KGS_RUB,10,0.023537899999999955,0.897866,0.892947,0.004919000000000007,0.0,0.0,0.0
2025-07-24,KGS_RUB,5,0.02284279999999994,0.90332,0.897866,0.005453999999999959,0.0,0.0,0.0
2025-07-24,KGS_RUB,10,0.02053199999999994,0.90332,0.897866,0.005453999999999959,0.0,0.0,0.0
2025-07-25,KGS_RUB,5,0.02040979999999999,0.911257,0.90332,0.007936999999999972,0.0,0.0,0.0
2025-07-25,KGS_RUB,10,0.015523199999999982,0.907772,0.90332,0.0044520000000000115,0.0,0.0,0.0
2025-07-26,KGS_RUB,5,0.013935200000000014,0.911549,0.911257,0.00029200000000007,0.0,0.0,0.0
2025-07-26,KGS_RUB,10,0.0084225,0.907772,0.911257,0.0034849999999999604,0.0038243876315901667,0.0,0.0038243876315901667
2025-07-29,KGS_RUB,5,0.013737799999999956,0.911076,0.911549,0.0004730000000000567,0.000518896954524723,0.0,0.000518896954524723
2025-07-29,KGS_RUB,10,0.008278699999999962,0.907772,0.911549,0.0037770000000000303,0.004143496400083846,0.0,0.004143496400083846
2025-07-30,KGS_RUB,5,0.021784599999999977,0.911076,0.94163,0.03055399999999997,0.032447989125240245,0.0,0.032447989125240245
2025-07-30,KGS_RUB,10,0.025439699999999975,0.907772,0.94163,0.033857999999999944,0.03595679831781055,0.0,0.03595679831781055
2025-07-31,KGS_RUB,5,0.019700799999999963,0.911076,0.935788,0.024711999999999956,0.02640769063078385,0.0,0.02640769063078385
2025-07-31,KGS_RUB,10,0.022045199999999952,0.907772,0.935788,0.02801599999999993,0.02993840485238102,0.0,0.02993840485238102
2025-08-01,KGS_RUB,5,0.00452600000000003,0.907772,0.918425,0.010653000000000024,0.011599205161009362,0.0,0.011599205161009362
2025-08-01,KGS_RUB,10,0.005266700000000036,0.907772,0.918425,0.010653000000000024,0.011599205161009362,0.0,0.011599205161009362
2025-08-02,KGS_RUB,5,0.005868599999999979,0.907772,0.918569,0.010796999999999946,0.011754152382673426,0.0,0.011754152382673426
2025-08-02,KGS_RUB,10,0.00571769999999997,0.907772,0.918569,0.010796999999999946,0.011754152382673426,0.0,0.011754152382673426
2025-08-05,KGS_RUB,5,0.002977799999999986,0.907772,0.911076,0.0033039999999999736,0.0036264812156175485,0.0,0.0036264812156175485
2025-08-05,KGS_RUB,10,0.003295999999999999,0.907772,0.911076,0.0033039999999999736,0.0036264812156175485,0.0,0.0036264812156175485
2025-08-06,KGS_RUB,5,0.0034849999999999825,0.907772,0.915369,0.007596999999999965,0.008299385275227765,0.0,0.008299385275227765
2025-08-06,KGS_RUB,10,0.0031848999999999905,0.907772,0.915369,0.007596999999999965,0.008299385275227765,0.0,0.008299385275227765
2025-08-07,KGS_RUB,5,0.005598599999999942,0.907772,0.916997,0.009224999999999928,0.010060011101453907,0.0,0.010060011101453907
2025-08-07,KGS_RUB,10,0.00392739999999997,0.907772,0.916997,0.009224999999999928,0.010060011101453907,0.0,0.010060011101453907
2025-08-08,KGS_RUB,5,0.004645599999999983,0.911235,0.907772,0.003462999999999994,0.0,0.0,0.0
2025-08-08,KGS_RUB,10,0.007185299999999983,0.911235,0.907772,0.003462999999999994,0.0,0.0,0.0
2025-08-09,KGS_RUB,5,0.001525399999999988,0.911235,0.912288,0.0010529999999999706,0.0011542407660738393,0.0,0.0011542407660738393
2025-08-09,KGS_RUB,10,0.0042082000000000066,0.911235,0.912288,0.0010529999999999706,0.0011542407660738393,0.0,0.0011542407660738393
2025-08-12,KGS_RUB,5,0.0034551999999999916,0.911313,0.911235,7.80000000000225e-05,0.0,0.0,0.0
2025-08-12,KGS_RUB,10,0.0060791999999999955,0.911313,0.911235,7.80000000000225e-05,0.0,0.0,0.0
2025-08-13,KGS_RUB,5,0.0030186000000000045,0.911313,0.914384,0.003070999999999935,0.003358545206390242,0.0,0.003358545206390242
2025-08-13,KGS_RUB,10,0.004597900000000021,0.911313,0.914384,0.003070999999999935,0.003358545206390242,0.0,0.003358545206390242
2025-08-14,KGS_RUB,5,0.005208999999999975,0.912868,0.911313,0.001554999999999973,0.0,0.0,0.0
2025-08-14,KGS_RUB,10,0.007711899999999971,0.912868,0.911313,0.001554999999999973,0.0,0.0,0.0
2025-08-15,KGS_RUB,5,0.004628999999999994,0.915211,0.912868,0.002342999999999984,0.0,0.0,0.0
2025-08-15,KGS_RUB,10,0.006783099999999998,0.915211,0.912868,0.002342999999999984,0.0,0.0,0.0
2025-08-16,KGS_RUB,5,0.003968000000000016,0.916084,0.915211,0.0008730000000000127,0.0,0.0,0.0
2025-08-16,KGS_RUB,10,0.0048407000000000085,0.916084,0.915211,0.0008730000000000127,0.0,0.0,0.0
2025-08-19,KGS_RUB,5,0.002833600000000014,0.916084,0.919675,0.003591000000000011,0.0039046402261668643,0.0,0.0039046402261668643
2025-08-19,KGS_RUB,10,0.0019280000000000074,0.916084,0.919675,0.003591000000000011,0.0039046402261668643,0.0,0.0039046402261668643
2025-08-20,KGS_RUB,5,0.0032760000000000124,0.916084,0.918772,0.0026880000000000237,0.0029256442294715375,0.0,0.0029256442294715375
2025-08-20,KGS_RUB,10,0.0024438999999999767,0.916084,0.918772,0.0026880000000000237,0.0029256442294715375,0.0,0.0029256442294715375
2025-08-21,KGS_RUB,5,0.005443799999999999,0.917743,0.916084,0.001658999999999966,0.0,0.0,0.0
2025-08-21,KGS_RUB,10,0.005245299999999986,0.917743,0.916084,0.001658999999999966,0.0,0.0,0.0
2025-08-22,KGS_RUB,5,0.004062200000000038,0.91913,0.917743,0.001387000000000027,0.0,0.0,0.0
2025-08-22,KGS_RUB,10,0.0047768000000000255,0.91913,0.917743,0.001387000000000027,0.0,0.0,0.0
2025-08-23,KGS_RUB,5,0.002696600000000027,0.91913,0.923621,0.004491000000000023,0.004862384029813119,0.0,0.004862384029813119
2025-08-23,KGS_RUB,10,0.0034104000000000243,0.91913,0.923621,0.004491000000000023,0.004862384029813119,0.0,0.004862384029813119
2025-08-26,KGS_RUB,5,0.0031748000000000553,0.91913,0.923471,0.004341000000000039,0.004700743174393175,0.0,0.004700743174393175
2025-08-26,KGS_RUB,10,0.005159600000000031,0.91913,0.923471,0.004341000000000039,0.004700743174393175,0.0,0.004700743174393175
2025-08-27,KGS_RUB,5,0.0016784000000000133,0.91913,0.921887,0.0027570000000000094,0.0029906051392415874,0.0,0.0029906051392415874
2025-08-27,KGS_RUB,10,0.007930400000000015,0.91913,0.921887,0.0027570000000000094,0.0029906051392415874,0.0,0.0029906051392415874
2025-08-28,KGS_RUB,5,0.001843400000000006,0.91913,0.920917,0.001786999999999983,0.0019404571747508007,0.0,0.0019404571747508007
2025-08-28,KGS_RUB,10,0.013140900000000021,0.91913,0.920917,0.001786999999999983,0.0019404571747508007,0.0,0.0019404571747508007
2025-08-29,KGS_RUB,5,0.0041043999999999855,0.919217,0.91913,8.699999999994823e-05,0.0,0.0,0.0
2025-08-29,KGS_RUB,10,0.020158600000000006,0.919217,0.91913,8.699999999994823e-05,0.0,0.0,0.0
2025-08-30,KGS_RUB,5,0.006693400000000049,0.92033,0.919217,0.0011130000000000306,0.0,0.0,0.0
2025-08-30,KGS_RUB,10,0.02463910000000006,0.92033,0.919217,0.0011130000000000306,0.0,0.0,0.0
2025-09-02,KGS_RUB,5,0.00982700000000003,0.922325,0.92033,0.001994999999999969,0.0,0.0,0.0
2025-09-02,KGS_RUB,10,0.026486600000000027,0.922325,0.92033,0.001994999999999969,0.0,0.0,0.0
2025-09-03,KGS_RUB,5,0.013744400000000078,0.924652,0.922325,0.002327000000000079,0.0,0.0,0.0
2025-09-03,KGS_RUB,10,0.02698430000000006,0.924652,0.922325,0.002327000000000079,0.0,0.0,0.0
2025-09-04,KGS_RUB,5,0.020703399999999993,0.929648,0.924652,0.0049960000000000004,0.0,0.0,0.0
2025-09-04,KGS_RUB,10,0.02710199999999998,0.929648,0.924652,0.0049960000000000004,0.0,0.0,0.0
2025-09-05,KGS_RUB,5,0.025694799999999997,0.932597,0.929648,0.0029489999999999794,0.0,0.0,0.0
2025-09-05,KGS_RUB,10,0.024249799999999978,0.932597,0.929648,0.0029489999999999794,0.0,0.0,0.0
2025-09-06,KGS_RUB,5,0.02920480000000001,0.941563,0.932597,0.00896600000000003,0.0,0.0,0.0
2025-09-06,KGS_RUB,10,0.02362759999999999,0.941563,0.932597,0.00896600000000003,0.0,0.0,0.0
2025-09-09,KGS_RUB,5,0.021913199999999966,0.949935,0.941563,0.008371999999999935,0.0,0.0,0.0
2025-09-09,KGS_RUB,10,0.01658149999999996,0.947252,0.941563,0.005688999999999944,0.0,0.0,0.0
2025-09-10,KGS_RUB,5,0.013297000000000003,0.947252,0.951887,0.004635000000000056,0.004869275449712052,0.0,0.004869275449712052
2025-09-10,KGS_RUB,10,0.008416299999999998,0.947252,0.951887,0.004635000000000056,0.004869275449712052,0.0,0.004869275449712052
2025-09-11,KGS_RUB,5,0.016330600000000018,0.947252,0.971082,0.023830000000000018,0.0245396372293998,0.0,0.0245396372293998
2025-09-11,KGS_RUB,10,0.015577600000000002,0.947252,0.971082,0.023830000000000018,0.0245396372293998,0.0,0.0245396372293998
2025-09-12,KGS_RUB,5,0.02713220000000005,0.947252,0.979585,0.032333000000000056,0.03300683452686602,0.0,0.03300683452686602
2025-09-12,KGS_RUB,10,0.024733100000000043,0.947252,0.979585,0.032333000000000056,0.03300683452686602,0.0,0.03300683452686602
2025-09-13,KGS_RUB,5,0.014244599999999986,0.947252,0.964892,0.01763999999999999,0.01828183879646633,0.0,0.01828183879646633
2025-09-13,KGS_RUB,10,0.01091829999999997,0.947252,0.964892,0.01763999999999999,0.01828183879646633,0.0,0.01828183879646633
2025-09-16,KGS_RUB,5,0.004285399999999995,0.947252,0.949935,0.002682999999999991,0.002824403774995122,0.0,0.002824403774995122
2025-09-16,KGS_RUB,10,0.004923900000000014,0.947252,0.949935,0.002682999999999991,0.002824403774995122,0.0,0.002824403774995122
2025-09-17,KGS_RUB,5,0.006735000000000024,0.949099,0.947252,0.001847000000000043,0.0,0.0,0.0
2025-09-17,KGS_RUB,10,0.006758300000000017,0.945072,0.947252,0.0021799999999999597,0.002301393926853635,0.0,0.002301393926853635
2025-09-18,KGS_RUB,5,0.007158399999999987,0.951086,0.949099,0.001986999999999961,0.0,0.0,0.0
2025-09-18,KGS_RUB,10,0.007193899999999998,0.931923,0.949099,0.01717600000000008,0.018097163731075557,0.0,0.018097163731075557
2025-09-19,KGS_RUB,5,0.00616500000000002,0.953123,0.951086,0.0020370000000000665,0.0,0.0,0.0
2025-09-19,KGS_RUB,10,0.008873600000000014,0.926341,0.951086,0.024745000000000017,0.026017626166298335,0.0,0.026017626166298335
2025-09-20,KGS_RUB,5,0.002531800000000017,0.953123,0.955865,0.002741999999999911,0.0028686059223843445,0.0,0.0028686059223843445
2025-09-20,KGS_RUB,10,0.0103916,0.926341,0.955865,0.029523999999999995,0.030887206875447888,0.0,0.030887206875447888
2025-09-23,KGS_RUB,5,0.00599019999999999,0.948121,0.960762,0.012641000000000013,0.013157264754434515,0.0,0.013157264754434515
2025-09-23,KGS_RUB,10,0.014470000000000005,0.926341,0.960762,0.034421000000000035,0.0358267708339839,0.0,0.0358267708339839
2025-09-24,KGS_RUB,5,0.005259799999999992,0.945072,0.953123,0.00805100000000003,0.008446968544458616,0.0,0.008446968544458616
2025-09-24,KGS_RUB,10,0.011099100000000028,0.926341,0.953123,0.026782000000000084,0.028099206503253076,0.0,0.028099206503253076
2025-09-25,KGS_RUB,5,0.012995000000000067,0.931923,0.960451,0.02852800000000011,0.029702712579819383,0.0,0.029702712579819383
2025-09-25,KGS_RUB,10,0.01857220000000006,0.926341,0.960451,0.034110000000000085,0.03551456555305797,0.0,0.03551456555305797
2025-09-26,KGS_RUB,5,0.014562999999999993,0.926341,0.956054,0.02971299999999999,0.031078788436636414,0.0,0.031078788436636414
2025-09-26,KGS_RUB,10,0.016695199999999976,0.926341,0.956054,0.02971299999999999,0.031078788436636414,0.0,0.031078788436636414
2025-09-27,KGS_RUB,5,0.018496400000000034,0.926341,0.95611,0.029769000000000045,0.031135538797837117,0.0,0.031135538797837117
2025-09-27,KGS_RUB,10,0.019509600000000026,0.926341,0.95611,0.029769000000000045,0.031135538797837117,0.0,0.031135538797837117
2025-09-30,KGS_RUB,5,0.010706000000000016,0.926341,0.948121,0.02178000000000002,0.0229717514958534,0.0,0.0229717514958534
2025-09-30,KGS_RUB,10,0.014073000000000002,0.924583,0.948121,0.023537999999999948,0.024825945211634327,0.0,0.024825945211634327
2025-10-01,KGS_RUB,5,0.01050420000000003,0.926341,0.945072,0.018731000000000053,0.019819653952291523,0.0,0.019819653952291523
2025-10-01,KGS_RUB,10,0.014707200000000031,0.914338,0.945072,0.03073400000000004,0.03252027358762088,0.0,0.03252027358762088
2025-10-02,KGS_RUB,5,0.006611400000000045,0.926341,0.931923,0.005581999999999976,0.0059897652488456405,0.0,0.0059897652488456405
2025-10-02,KGS_RUB,10,0.009283900000000001,0.901532,0.931923,0.030390999999999946,0.03261106336038487,0.0,0.03261106336038487
2025-10-03,KGS_RUB,5,0.010885600000000028,0.930966,0.926341,0.00462499999999999,0.0,0.0,0.0
2025-10-03,KGS_RUB,10,0.011707899999999993,0.901532,0.926341,0.02480899999999997,0.02678171429311665,0.0,0.02678171429311665
2025-10-04,KGS_RUB,5,0.006154200000000021,0.928414,0.936611,0.00819700000000001,0.008751765674330123,0.0,0.008751765674330123
2025-10-04,KGS_RUB,10,0.014298599999999984,0.901532,0.936611,0.03507899999999997,0.03745311554103035,0.0,0.03745311554103035
2025-10-07,KGS_RUB,5,0.018433000000000012,0.924583,0.949114,0.02453099999999997,0.025846210255037822,0.0,0.025846210255037822
2025-10-07,KGS_RUB,10,0.02611380000000001,0.901532,0.949114,0.04758200000000001,0.05013307147508098,0.0,0.05013307147508098
2025-10-08,KGS_RUB,5,0.010772200000000055,0.914338,0.936934,0.02259600000000006,0.024116960212779193,0.0,0.024116960212779193
2025-10-08,KGS_RUB,10,0.014605500000000049,0.901532,0.936934,0.035402000000000045,0.03778494536434802,0.0,0.03778494536434802
2025-10-09,KGS_RUB,5,0.012541400000000013,0.901532,0.932508,0.030976000000000004,0.03321794558330867,0.0,0.03321794558330867
2025-10-09,KGS_RUB,10,0.010301900000000008,0.901532,0.932508,0.030976000000000004,0.03321794558330867,0.0,0.03321794558330867
2025-10-10,KGS_RUB,5,0.01632599999999995,0.901532,0.930966,0.02943399999999996,0.031616621874483025,0.0,0.031616621874483025
2025-10-10,KGS_RUB,10,0.009232899999999966,0.901532,0.930966,0.02943399999999996,0.031616621874483025,0.0,0.031616621874483025
2025-10-11,KGS_RUB,5,0.014245999999999936,0.901532,0.928414,0.02688199999999996,0.028954755098479733,0.0,0.028954755098479733
2025-10-11,KGS_RUB,10,0.00836819999999997,0.901532,0.928414,0.02688199999999996,0.028954755098479733,0.0,0.028954755098479733
2025-10-14,KGS_RUB,5,0.012154799999999999,0.901532,0.924583,0.023051000000000044,0.02493123927219086,0.0,0.02493123927219086
2025-10-14,KGS_RUB,10,0.010300899999999991,0.901532,0.924583,0.023051000000000044,0.02493123927219086,0.0,0.02493123927219086
2025-10-15,KGS_RUB,5,0.013281599999999982,0.901532,0.914338,0.012805999999999984,0.0140057615455116,0.0,0.0140057615455116
2025-10-15,KGS_RUB,10,0.012511700000000004,0.901532,0.914338,0.012805999999999984,0.0140057615455116,0.0,0.0140057615455116
2025-10-16,KGS_RUB,5,0.023403200000000002,0.904333,0.901532,0.0028010000000000534,0.0,0.0,0.0
2025-10-16,KGS_RUB,10,0.01892760000000001,0.9032,0.901532,0.0016680000000000028,0.0,0.0,0.0
2025-10-17,KGS_RUB,5,0.025599599999999945,0.926054,0.904333,0.02172099999999999,0.0,0.0,0.0
2025-10-17,KGS_RUB,10,0.017976699999999967,0.9032,0.904333,0.0011330000000000506,0.0012528570780896535,0.0,0.0012528570780896535
2025-10-18,KGS_RUB,5,0.003906399999999954,0.925915,0.926054,0.00013900000000000023,0.00015009923827336228,0.0,0.00015009923827336228
2025-10-18,KGS_RUB,10,0.007858399999999988,0.9032,0.926054,0.02285400000000004,0.024678906413664905,0.0,0.024678906413664905
2025-10-21,KGS_RUB,5,0.00721999999999996,0.9032,0.93034,0.027139999999999942,0.029172130618913456,0.0,0.029172130618913456
2025-10-21,KGS_RUB,10,0.00948409999999994,0.9032,0.93034,0.027139999999999942,0.029172130618913456,0.0,0.029172130618913456
2025-10-22,KGS_RUB,5,0.010645599999999967,0.9032,0.930217,0.027016999999999958,0.029043760756898615,0.0,0.029043760756898615
2025-10-22,KGS_RUB,10,0.009567499999999951,0.9032,0.930217,0.027016999999999958,0.029043760756898615,0.0,0.029043760756898615
2025-10-23,KGS_RUB,5,0.017747999999999986,0.9032,0.933732,0.030532000000000004,0.03269889004553769,0.0,0.03269889004553769
2025-10-23,KGS_RUB,10,0.012697799999999992,0.9032,0.933732,0.030532000000000004,0.03269889004553769,0.0,0.03269889004553769
2025-10-24,KGS_RUB,5,0.01508640000000001,0.9032,0.92932,0.026120000000000032,0.0281065725476693,0.0,0.0281065725476693
2025-10-24,KGS_RUB,10,0.008581200000000011,0.9032,0.92932,0.026120000000000032,0.0281065725476693,0.0,0.0281065725476693
2025-10-25,KGS_RUB,5,0.011691400000000018,0.9032,0.925915,0.02271500000000004,0.024532489483375948,0.0,0.024532489483375948
2025-10-25,KGS_RUB,10,0.006993799999999983,0.9032,0.925915,0.02271500000000004,0.024532489483375948,0.0,0.024532489483375948
2025-10-28,KGS_RUB,5,0.015391800000000021,0.908765,0.9032,0.005565000000000042,0.0,0.0,0.0
2025-10-28,KGS_RUB,10,0.020544299999999995,0.908765,0.9032,0.005565000000000042,0.0,0.0,0.0
2025-10-29,KGS_RUB,5,0.010589600000000022,0.908765,0.91272,0.003954999999999931,0.004333201858182061,0.0,0.004333201858182061
2025-10-29,KGS_RUB,10,0.01349380000000001,0.908765,0.91272,0.003954999999999931,0.004333201858182061,0.0,0.004333201858182061
2025-10-30,KGS_RUB,5,0.017319399999999964,0.920568,0.908765,0.011803000000000008,0.0,0.0,0.0
2025-10-30,KGS_RUB,10,0.01794939999999995,0.920568,0.908765,0.011803000000000008,0.0,0.0,0.0
2025-10-31,KGS_RUB,5,0.007167599999999941,0.924941,0.920568,0.00437299999999996,0.0,0.0,0.0
2025-10-31,KGS_RUB,10,0.006859899999999941,0.921681,0.920568,0.0011129999999999196,0.0,0.0,0.0
2025-11-01,KGS_RUB,5,0.0022661999999999518,0.924941,0.925965,0.0010240000000000249,0.0011058733321454104,0.0,0.0011058733321454104
2025-11-01,KGS_RUB,10,0.0027011999999999705,0.921681,0.925965,0.0042840000000000655,0.004626524760655171,0.0,0.004626524760655171
2025-11-02,KGS_RUB,5,0.003955799999999954,0.926395,0.924941,0.0014539999999999553,0.0,0.0,0.0
2025-11-02,KGS_RUB,10,0.0035096999999999824,0.921681,0.924941,0.0032600000000000406,0.0035245491334042287,0.0,0.0035245491334042287
2025-11-06,KGS_RUB,5,0.0015206000000000052,0.926395,0.928399,0.0020040000000000058,0.00215855467315239,0.0,0.00215855467315239
2025-11-06,KGS_RUB,10,0.0019987999999999894,0.921681,0.928399,0.006718000000000002,0.007236112921276306,0.0,0.007236112921276306
2025-11-07,KGS_RUB,5,0.0032045999999999798,0.921681,0.930549,0.008867999999999987,0.009529858180493437,0.0,0.009529858180493437
2025-11-07,KGS_RUB,10,0.0037658999999999666,0.921681,0.930549,0.008867999999999987,0.009529858180493437,0.0,0.009529858180493437
2025-11-08,KGS_RUB,5,0.002573399999999992,0.921681,0.928824,0.0071430000000000105,0.007690369757887405,0.0,0.007690369757887405
2025-11-08,KGS_RUB,10,0.004992599999999991,0.903655,0.928824,0.025168999999999997,0.02709770634695055,0.0,0.02709770634695055
2025-11-11,KGS_RUB,5,0.002878200000000031,0.921681,0.926395,0.004713999999999996,0.005088542144549567,0.0,0.005088542144549567
2025-11-11,KGS_RUB,10,0.0065550000000000105,0.902461,0.926395,0.02393400000000001,0.0258356316689965,0.0,0.0258356316689965
2025-11-12,KGS_RUB,5,0.003616399999999942,0.921681,0.930317,0.008635999999999977,0.009282857348624154,0.0,0.009282857348624154
2025-11-12,KGS_RUB,10,0.011182599999999954,0.902461,0.930317,0.027855999999999992,0.02994248197119906,0.0,0.02994248197119906
2025-11-13,KGS_RUB,5,0.003583000000000025,0.921681,0.929505,0.007824000000000053,0.008417383446027781,0.0,0.008417383446027781
2025-11-13,KGS_RUB,10,0.013447900000000035,0.898732,0.929505,0.03077300000000005,0.03310686870968962,0.0,0.03310686870968962
2025-11-14,KGS_RUB,5,0.004540800000000034,0.92318,0.921681,0.001499000000000028,0.0,0.0,0.0
2025-11-14,KGS_RUB,10,0.012852800000000008,0.8948,0.921681,0.026880999999999933,0.029165188389475245,0.0,0.029165188389475245
2025-11-15,KGS_RUB,5,0.006302400000000041,0.903655,0.927703,0.02404800000000007,0.025922089289352378,0.0,0.025922089289352378
2025-11-15,KGS_RUB,10,0.017655100000000055,0.89455,0.927703,0.0331530000000001,0.03573665278650613,0.0,0.03573665278650613
2025-11-18,KGS_RUB,5,0.011374000000000018,0.902461,0.927732,0.025271000000000043,0.027239547627978818,0.0,0.027239547627978818
2025-11-18,KGS_RUB,10,0.021597600000000015,0.888539,0.927732,0.03919300000000003,0.04224603657090629,0.0,0.04224603657090629
2025-11-19,KGS_RUB,5,0.015313799999999999,0.902461,0.926882,0.024421000000000026,0.0263474746515738,0.0,0.0263474746515738
2025-11-19,KGS_RUB,10,0.024855899999999997,0.885799,0.926882,0.04108299999999998,0.044323872941755244,0.0,0.044323872941755244
2025-11-20,KGS_RUB,5,0.019419800000000008,0.898732,0.925612,0.026880000000000015,0.029040245804937723,0.0,0.029040245804937723
2025-11-20,KGS_RUB,10,0.027004000000000007,0.885799,0.925612,0.03981299999999999,0.04301262299970181,0.0,0.04301262299970181
2025-11-21,KGS_RUB,5,0.02266380000000001,0.8948,0.92318,0.02837999999999996,0.030741567191663554,0.0,0.030741567191663554
2025-11-21,KGS_RUB,10,0.02887310000000002,0.880169,0.92318,0.04301100000000002,0.046590047444702035,0.0,0.046590047444702035
2025-11-22,KGS_RUB,5,0.004959800000000003,0.89455,0.903655,0.00910500000000003,0.010075747934776027,0.0,0.010075747934776027
2025-11-22,KGS_RUB,10,0.0126996,0.87014,0.903655,0.03351499999999996,0.03708826930631708,0.0,0.03708826930631708
2025-11-25,KGS_RUB,5,0.006738999999999984,0.888539,0.902461,0.01392199999999999,0.015426705419957195,0.0,0.015426705419957195
2025-11-25,KGS_RUB,10,0.013483299999999976,0.87014,0.902461,0.03232099999999993,0.03581429003580203,0.0,0.03581429003580203
2025-11-26,KGS_RUB,5,0.010448999999999996,0.885799,0.902933,0.017133999999999983,0.018975937306533245,0.0,0.018975937306533245
2025-11-26,KGS_RUB,10,0.016322999999999997,0.87014,0.902933,0.03279299999999996,0.036318309331921594,0.0,0.036318309331921594
2025-11-27,KGS_RUB,5,0.007708199999999987,0.885799,0.898732,0.012932999999999972,0.014390274297565873,0.0,0.014390274297565873
2025-11-27,KGS_RUB,10,0.012915999999999983,0.87014,0.898732,0.02859199999999995,0.03181371087265164,0.0,0.03181371087265164
2025-11-28,KGS_RUB,5,0.006702400000000064,0.880169,0.8948,0.01463100000000006,0.016351139919535157,0.0,0.016351139919535157
2025-11-28,KGS_RUB,10,0.010229900000000047,0.87014,0.8948,0.024660000000000015,0.027559231113097916,0.0,0.027559231113097916
2025-11-29,KGS_RUB,5,0.011334399999999967,0.87014,0.89455,0.024409999999999932,0.02728746297020841,0.0,0.02728746297020841
2025-11-29,KGS_RUB,10,0.011746499999999983,0.87014,0.89455,0.024409999999999932,0.02728746297020841,0.0,0.02728746297020841
2025-12-02,KGS_RUB,5,0.00746239999999998,0.87014,0.888539,0.018398999999999943,0.020707025803031655,0.0,0.020707025803031655
2025-12-02,KGS_RUB,10,0.011166300000000007,0.87014,0.888539,0.018398999999999943,0.020707025803031655,0.0,0.020707025803031655
2025-12-03,KGS_RUB,5,0.007315800000000006,0.87014,0.885799,0.01565899999999998,0.01767782533057723,0.0,0.01767782533057723
2025-12-03,KGS_RUB,10,0.013415700000000008,0.87014,0.885799,0.01565899999999998,0.01767782533057723,0.0,0.01767782533057723
2025-12-04,KGS_RUB,5,0.010822799999999976,0.87014,0.891431,0.02129099999999995,0.023884069546605345,0.0,0.023884069546605345
2025-12-04,KGS_RUB,10,0.01519020000000001,0.87014,0.891431,0.02129099999999995,0.023884069546605345,0.0,0.023884069546605345
2025-12-05,KGS_RUB,5,0.01061160000000001,0.87014,0.880169,0.010028999999999955,0.01139440266585162,0.0,0.01139440266585162
2025-12-05,KGS_RUB,10,0.021505000000000017,0.87014,0.880169,0.010028999999999955,0.01139440266585162,0.0,0.01139440266585162
2025-12-06,KGS_RUB,5,0.024201399999999974,0.878312,0.87014,0.008171999999999957,0.0,0.0,0.0
2025-12-06,KGS_RUB,10,0.03444929999999998,0.878312,0.87014,0.008171999999999957,0.0,0.0,0.0
2025-12-09,KGS_RUB,5,0.017816800000000032,0.878312,0.883628,0.005315999999999987,0.006016106325286192,0.0,0.006016106325286192
2025-12-09,KGS_RUB,10,0.024358800000000035,0.878312,0.883628,0.005315999999999987,0.006016106325286192,0.0,0.006016106325286192
2025-12-10,KGS_RUB,5,0.027002600000000033,0.890792,0.878312,0.012480000000000047,0.0,0.0,0.0
2025-12-10,KGS_RUB,10,0.030643200000000027,0.890792,0.878312,0.012480000000000047,0.0,0.0,0.0
2025-12-11,KGS_RUB,5,0.020196599999999988,0.907259,0.890792,0.01646700000000001,0.0,0.0,0.0
2025-12-11,KGS_RUB,10,0.018777299999999976,0.896933,0.890792,0.006140999999999952,0.0,0.0,0.0
2025-12-12,KGS_RUB,5,0.005308399999999968,0.908293,0.907259,0.0010339999999999794,0.0,0.0,0.0
2025-12-12,KGS_RUB,10,0.007823600000000009,0.890616,0.907259,0.016643000000000074,0.018344265529468513,0.0,0.018344265529468513
2025-12-13,KGS_RUB,5,0.00577160000000001,0.908293,0.911716,0.003422999999999954,0.0037544586252736094,0.0,0.0037544586252736094
2025-12-13,KGS_RUB,10,0.010561600000000004,0.888674,0.911716,0.023042000000000007,0.025273221046904965,0.0,0.025273221046904965
2025-12-16,KGS_RUB,5,0.00672060000000001,0.906971,0.908513,0.0015420000000000433,0.0016972789602350692,0.0,0.0016972789602350692
2025-12-16,KGS_RUB,10,0.011531700000000023,0.886,0.908513,0.022513000000000005,0.024780052679488355,0.0,0.024780052679488355
2025-12-17,KGS_RUB,5,0.008697600000000017,0.898628,0.908293,0.009665000000000035,0.010640839464798291,0.0,0.010640839464798291
2025-12-17,KGS_RUB,10,0.012786900000000023,0.886,0.908293,0.022293000000000007,0.024543842130237716,0.0,0.024543842130237716
2025-12-18,KGS_RUB,5,0.01257320000000004,0.896933,0.919162,0.022229000000000054,0.02418398497762098,0.0,0.02418398497762098
2025-12-18,KGS_RUB,10,0.019753800000000044,0.886,0.919162,0.033162000000000025,0.036078514995180416,0.0,0.036078514995180416
2025-12-19,KGS_RUB,5,0.015075200000000021,0.890616,0.915153,0.02453700000000003,0.026811910139616032,0.0,0.026811910139616032
2025-12-19,KGS_RUB,10,0.01789200000000001,0.886,0.915153,0.029152999999999984,0.031855875465632504,0.0,0.031855875465632504
2025-12-20,KGS_RUB,5,0.026700600000000053,0.888674,0.923065,0.03439100000000006,0.03725739790805638,0.0,0.03725739790805638
2025-12-20,KGS_RUB,10,0.026679500000000033,0.886,0.923065,0.037065000000000015,0.04015426865930353,0.0,0.04015426865930353
2025-12-23,KGS_RUB,5,0.014800799999999992,0.886,0.906971,0.020970999999999962,0.02312201823432057,0.0,0.02312201823432057
2025-12-23,KGS_RUB,10,0.011483899999999981,0.886,0.906971,0.020970999999999962,0.02312201823432057,0.0,0.02312201823432057
2025-12-24,KGS_RUB,5,0.007211199999999996,0.886,0.898628,0.012627999999999973,0.014052533417609927,0.0,0.014052533417609927
2025-12-24,KGS_RUB,10,0.005086599999999997,0.886,0.898628,0.012627999999999973,0.014052533417609927,0.0,0.014052533417609927
2025-12-25,KGS_RUB,5,0.006326999999999994,0.886,0.896933,0.01093299999999997,0.012189316258850964,0.0,0.012189316258850964
2025-12-25,KGS_RUB,10,0.005366499999999996,0.886,0.896933,0.01093299999999997,0.012189316258850964,0.0,0.012189316258850964
2025-12-26,KGS_RUB,5,0.006451400000000019,0.886,0.890616,0.0046159999999999535,0.0051829295678496165,0.0,0.0051829295678496165
2025-12-26,KGS_RUB,10,0.0050203,0.886,0.890616,0.0046159999999999535,0.0051829295678496165,0.0,0.0051829295678496165
2025-12-27,KGS_RUB,5,0.008802200000000027,0.886,0.888674,0.002673999999999954,0.003008977420291304,0.0,0.003008977420291304
2025-12-27,KGS_RUB,10,0.005871600000000021,0.886,0.888674,0.002673999999999954,0.003008977420291304,0.0,0.003008977420291304
2025-12-30,KGS_RUB,5,0.012803999999999992,0.894861,0.886,0.008861000000000008,0.0,0.0,0.0
2025-12-30,KGS_RUB,10,0.009206100000000005,0.869505,0.886,0.016495000000000037,0.018617381489842027,0.0,0.018617381489842027
2025-12-31,KGS_RUB,5,0.004908999999999985,0.890031,0.894861,0.004830000000000001,0.005397486313516849,0.0,0.005397486313516849
2025-12-31,KGS_RUB,10,0.009561999999999992,0.86821,0.894861,0.02665099999999998,0.029782279035514992,0.0,0.029782279035514992
2026-01-13,KGS_RUB,5,0.005795599999999989,0.889178,0.900987,0.011808999999999958,0.013106737389107677,0.0,0.013106737389107677
2026-01-13,KGS_RUB,10,0.015067699999999984,0.86821,0.900987,0.032776999999999945,0.03637899325961412,0.0,0.03637899325961412
2026-01-14,KGS_RUB,5,0.008575800000000022,0.889178,0.901699,0.012521000000000004,0.013886008523908758,0.0,0.013886008523908758
2026-01-14,KGS_RUB,10,0.018268300000000025,0.86821,0.901699,0.03348899999999999,0.037139888144491665,0.0,0.037139888144491665
2026-01-15,KGS_RUB,5,0.007779399999999992,0.886403,0.898486,0.012082999999999955,0.013448178380074876,0.0,0.013448178380074876
2026-01-15,KGS_RUB,10,0.017692700000000006,0.86821,0.898486,0.03027599999999997,0.033696685312848466,0.0,0.033696685312848466
2026-01-16,KGS_RUB,5,0.012976799999999965,0.869505,0.897987,0.028482000000000007,0.03171760838408575,0.0,0.03171760838408575
2026-01-16,KGS_RUB,10,0.020056899999999978,0.86821,0.897987,0.029776999999999942,0.03315972280222313,0.0,0.03315972280222313
2026-01-17,KGS_RUB,5,0.009385,0.86821,0.890031,0.02182099999999998,0.02451712356086471,0.0,0.02451712356086471
2026-01-17,KGS_RUB,10,0.014502900000000018,0.866011,0.890031,0.02402000000000004,0.026987824019612847,0.0,0.026987824019612847
2026-01-20,KGS_RUB,5,0.012833200000000012,0.86821,0.889178,0.020967999999999987,0.023581330172361425,0.0,0.023581330172361425
2026-01-20,KGS_RUB,10,0.01464310000000002,0.866011,0.889178,0.02316700000000005,0.026054400806137856,0.0,0.026054400806137856
2026-01-21,KGS_RUB,5,0.016195800000000003,0.86821,0.889934,0.021723999999999966,0.0244107990030721,0.0,0.0244107990030721
2026-01-21,KGS_RUB,10,0.0162119,0.866011,0.889934,0.023923000000000028,0.026881768760380013,0.0,0.026881768760380013
2026-01-22,KGS_RUB,5,0.015523000000000065,0.86821,0.886403,0.018193000000000015,0.020524524398044697,0.0,0.020524524398044697
2026-01-22,KGS_RUB,10,0.013373600000000051,0.866011,0.886403,0.020392000000000077,0.023005337301430697,0.0,0.023005337301430697
2026-01-23,KGS_RUB,5,0.0020513999999999923,0.86821,0.869505,0.001294999999999935,0.0014893531377047115,0.0,0.0014893531377047115
2026-01-23,KGS_RUB,10,0.005164300000000022,0.866011,0.869505,0.003493999999999997,0.004018378272695381,0.0,0.004018378272695381
2026-01-24,KGS_RUB,5,0.003079799999999966,0.866011,0.86821,0.002199000000000062,0.0025327973646929454,0.0,0.0025327973646929454
2026-01-24,KGS_RUB,10,0.0071381999999999834,0.866011,0.86821,0.002199000000000062,0.0025327973646929454,0.0,0.0025327973646929454
2026-01-27,KGS_RUB,5,0.004810200000000031,0.866011,0.869184,0.0031729999999999814,0.003650550401295907,0.0,0.003650550401295907
2026-01-27,KGS_RUB,10,0.008234400000000053,0.866011,0.869184,0.0031729999999999814,0.003650550401295907,0.0,0.003650550401295907
2026-01-28,KGS_RUB,5,0.005792600000000014,0.866011,0.875389,0.009377999999999997,0.010712951613511247,0.0,0.010712951613511247
2026-01-28,KGS_RUB,10,0.0058841000000000145,0.866011,0.875389,0.009377999999999997,0.010712951613511247,0.0,0.010712951613511247
2026-01-29,KGS_RUB,5,0.006610000000000027,0.866011,0.872112,0.006101000000000023,0.006995661107747655,0.0,0.006995661107747655
2026-01-29,KGS_RUB,10,0.00856450000000002,0.866011,0.872112,0.006101000000000023,0.006995661107747655,0.0,0.006995661107747655
2026-01-30,KGS_RUB,5,0.008367200000000042,0.866011,0.869355,0.0033440000000000136,0.003846529898603003,0.0,0.003846529898603003
2026-01-30,KGS_RUB,10,0.011548500000000027,0.866011,0.869355,0.0033440000000000136,0.003846529898603003,0.0,0.003846529898603003
2026-01-31,KGS_RUB,5,0.013395600000000063,0.875384,0.866011,0.009373000000000076,0.0,0.0,0.0
2026-01-31,KGS_RUB,10,0.015895200000000043,0.875384,0.866011,0.009373000000000076,0.0,0.0,0.0
2026-02-03,KGS_RUB,5,0.002932599999999996,0.875384,0.880758,0.00537399999999999,0.006101562517740389,0.0,0.006101562517740389
2026-02-03,KGS_RUB,10,0.003032099999999982,0.875384,0.880758,0.00537399999999999,0.006101562517740389,0.0,0.006101562517740389
2026-02-04,KGS_RUB,5,0.0033597999999999796,0.875384,0.880294,0.00490999999999997,0.005577682001694854,0.0,0.005577682001694854
2026-02-04,KGS_RUB,10,0.003402599999999989,0.875384,0.880294,0.00490999999999997,0.005577682001694854,0.0,0.005577682001694854
2026-02-05,KGS_RUB,5,0.0047917999999999685,0.875384,0.879476,0.0040919999999999845,0.004652770513351114,0.0,0.004652770513351114
2026-02-05,KGS_RUB,10,0.004432699999999989,0.870811,0.879476,0.008665000000000034,0.009852457599752618,0.0,0.009852457599752618
2026-02-06,KGS_RUB,5,0.008700799999999953,0.881121,0.875384,0.005736999999999992,0.0,0.0,0.0
2026-02-06,KGS_RUB,10,0.005933499999999958,0.870811,0.875384,0.004573000000000049,0.0052239931275874915,0.0,0.0052239931275874915
2026-02-07,KGS_RUB,5,0.0032847999999999545,0.882653,0.881121,0.0015319999999999778,0.0,0.0,0.0
2026-02-07,KGS_RUB,10,0.0043484000000000075,0.870811,0.881121,0.010310000000000041,0.011701003607904069,0.0,0.011701003607904069
2026-02-10,KGS_RUB,5,0.005888000000000004,0.876159,0.887938,0.011778999999999984,0.013265565839056312,0.0,0.013265565839056312
2026-02-10,KGS_RUB,10,0.009042400000000016,0.870811,0.887938,0.017127000000000003,0.019288508882376928,0.0,0.019288508882376928
2026-02-11,KGS_RUB,5,0.003088999999999964,0.876159,0.882894,0.0067349999999999355,0.007628322312757744,0.0,0.007628322312757744
2026-02-11,KGS_RUB,10,0.005430899999999972,0.870811,0.882894,0.012082999999999955,0.013685674610995154,0.0,0.013685674610995154
2026-02-12,KGS_RUB,5,0.007844799999999985,0.870811,0.885818,0.015006999999999993,0.01694140331309591,0.0,0.01694140331309591
2026-02-12,KGS_RUB,10,0.0081623,0.870811,0.885818,0.015006999999999993,0.01694140331309591,0.0,0.01694140331309591
2026-02-13,KGS_RUB,5,0.005961200000000022,0.870811,0.882653,0.01184200000000002,0.013416370872811874,0.0,0.013416370872811874
2026-02-13,KGS_RUB,10,0.00510980000000002,0.870811,0.882653,0.01184200000000002,0.013416370872811874,0.0,0.013416370872811874
2026-02-14,KGS_RUB,5,0.007017000000000028,0.870811,0.882726,0.011915000000000009,0.013497959729293131,0.0,0.013497959729293131
2026-02-14,KGS_RUB,10,0.00517280000000001,0.870811,0.882726,0.011915000000000009,0.013497959729293131,0.0,0.013497959729293131
2026-02-17,KGS_RUB,5,0.001721399999999962,0.870811,0.876159,0.005348000000000019,0.006103914928683058,0.0,0.006103914928683058
2026-02-17,KGS_RUB,10,0.004125099999999981,0.870811,0.876159,0.005348000000000019,0.006103914928683058,0.0,0.006103914928683058
2026-02-18,KGS_RUB,5,0.0024553999999999965,0.870811,0.877517,0.00670599999999999,0.007642017191689722,0.0,0.007642017191689722
2026-02-18,KGS_RUB,10,0.004989200000000004,0.870811,0.877517,0.00670599999999999,0.007642017191689722,0.0,0.007642017191689722
2026-02-19,KGS_RUB,5,0.006527199999999978,0.874417,0.870811,0.003605999999999998,0.0,0.0,0.0
2026-02-19,KGS_RUB,10,0.011606299999999991,0.874417,0.870811,0.003605999999999998,0.0,0.0,0.0
2026-02-20,KGS_RUB,5,0.0032129999999999993,0.874417,0.876392,0.001974999999999949,0.00225355776866967,0.0,0.00225355776866967
2026-02-20,KGS_RUB,10,0.009304400000000036,0.874417,0.876392,0.001974999999999949,0.00225355776866967,0.0,0.00225355776866967
2026-02-21,KGS_RUB,5,0.003931800000000018,0.874417,0.877666,0.0032489999999999464,0.0037018638069606737,0.0,0.0037018638069606737
2026-02-21,KGS_RUB,10,0.01081300000000004,0.874417,0.877666,0.0032489999999999464,0.0037018638069606737,0.0,0.0037018638069606737
2026-02-25,KGS_RUB,5,0.006432200000000022,0.874417,0.87632,0.001902999999999988,0.0021715811575679983,0.0,0.0021715811575679983
2026-02-25,KGS_RUB,10,0.01440370000000002,0.874417,0.87632,0.001902999999999988,0.0021715811575679983,0.0,0.0021715811575679983
2026-02-26,KGS_RUB,5,0.010623000000000004,0.881896,0.874417,0.007479000000000013,0.0,0.0,0.0
2026-02-26,KGS_RUB,10,0.018898500000000006,0.881896,0.874417,0.007479000000000013,0.0,0.0,0.0
2026-02-27,KGS_RUB,5,0.005600399999999994,0.882534,0.881896,0.0006380000000000274,0.0,0.0,0.0
2026-02-27,KGS_RUB,10,0.014968799999999994,0.882534,0.881896,0.0006380000000000274,0.0,0.0,0.0
2026-02-28,KGS_RUB,5,0.00859500000000002,0.882534,0.883632,0.0010979999999999324,0.0012425987288825352,0.0,0.0012425987288825352
2026-02-28,KGS_RUB,10,0.01777270000000002,0.882534,0.883632,0.0010979999999999324,0.0012425987288825352,0.0,0.0012425987288825352
2026-03-03,KGS_RUB,5,0.012826199999999965,0.887476,0.882534,0.004942000000000002,0.0,0.0,0.0
2026-03-03,KGS_RUB,10,0.024062999999999956,0.887476,0.882534,0.004942000000000002,0.0,0.0,0.0
2026-03-04,KGS_RUB,5,0.011219199999999962,0.889662,0.887476,0.0021859999999999102,0.0,0.0,0.0
2026-03-04,KGS_RUB,10,0.02542869999999995,0.889662,0.887476,0.0021859999999999102,0.0,0.0,0.0
2026-03-05,KGS_RUB,5,0.011929000000000056,0.894178,0.889662,0.0045160000000000755,0.0,0.0,0.0
2026-03-05,KGS_RUB,10,0.03129190000000004,0.894178,0.889662,0.0045160000000000755,0.0,0.0,0.0
2026-03-06,KGS_RUB,5,0.012055199999999978,0.900396,0.894178,0.006217999999999946,0.0,0.0,0.0
2026-03-06,KGS_RUB,10,0.03341319999999996,0.900396,0.894178,0.006217999999999946,0.0,0.0,0.0
2026-03-07,KGS_RUB,5,0.008125000000000004,0.900396,0.905089,0.004693000000000058,0.005185125440702581,0.0,0.005185125440702581
2026-03-07,KGS_RUB,10,0.02693549999999998,0.900396,0.905089,0.004693000000000058,0.005185125440702581,0.0,0.005185125440702581
2026-03-11,KGS_RUB,5,0.017437800000000014,0.904141,0.900396,0.0037449999999999983,0.0,0.0,0.0
2026-03-11,KGS_RUB,10,0.03285380000000002,0.904141,0.900396,0.0037449999999999983,0.0,0.0,0.0
2026-03-12,KGS_RUB,5,0.022967199999999965,0.904141,0.904151,1.0000000000065512e-05,1.1060099474607131e-05,0.0,1.1060099474607131e-05
2026-03-12,KGS_RUB,10,0.030989799999999967,0.904141,0.904151,1.0000000000065512e-05,1.1060099474607131e-05,0.0,1.1060099474607131e-05
2026-03-13,KGS_RUB,5,0.0361758,0.917389,0.904141,0.013248000000000038,0.0,0.0,0.0
2026-03-13,KGS_RUB,10,0.03450180000000003,0.917389,0.904141,0.013248000000000038,0.0,0.0,0.0
2026-03-14,KGS_RUB,5,0.03156019999999997,0.926835,0.917389,0.009445999999999954,0.0,0.0,0.0
2026-03-14,KGS_RUB,10,0.02230429999999999,0.923041,0.917389,0.00565199999999999,0.0,0.0,0.0
2026-03-17,KGS_RUB,5,0.02400000000000002,0.936264,0.926835,0.00942900000000002,0.0,0.0,0.0
2026-03-17,KGS_RUB,10,0.014101500000000012,0.923041,0.926835,0.003793999999999964,0.004093501000717457,0.0,0.004093501000717457
2026-03-18,KGS_RUB,5,0.0165068,0.925807,0.936653,0.010845999999999911,0.011579528384577759,0.0,0.011579528384577759
2026-03-18,KGS_RUB,10,0.012200899999999992,0.923041,0.936653,0.013611999999999957,0.014532596383078853,0.0,0.014532596383078853
2026-03-19,KGS_RUB,5,0.01922919999999999,0.923041,0.950553,0.02751199999999998,0.02894315203886578,0.0,0.02894315203886578
2026-03-19,KGS_RUB,10,0.020116899999999983,0.921937,0.950553,0.028615999999999975,0.030104581227979897,0.0,0.030104581227979897
2026-03-20,KGS_RUB,5,0.033185199999999936,0.923041,0.970154,0.04711299999999996,0.04856239318706099,0.0,0.04856239318706099
2026-03-20,KGS_RUB,10,0.038950399999999955,0.918631,0.970154,0.051522999999999985,0.05310806325593667,0.0,0.05310806325593667
2026-03-21,KGS_RUB,5,0.03011360000000003,0.923041,0.960551,0.03751000000000004,0.039050503304874015,0.0,0.039050503304874015
2026-03-21,KGS_RUB,10,0.03423120000000004,0.911713,0.960551,0.04883800000000005,0.050843734481563235,0.0,0.050843734481563235
2026-03-24,KGS_RUB,5,0.008321599999999995,0.923041,0.936264,0.013222999999999985,0.014123153298642247,0.0,0.014123153298642247
2026-03-24,KGS_RUB,10,0.014127999999999996,0.90026,0.936264,0.036004000000000036,0.038454965693436934,0.0,0.038454965693436934
2026-03-25,KGS_RUB,5,0.005068599999999979,0.923041,0.925807,0.002766000000000046,0.002987663735530241,0.0,0.002987663735530241
2026-03-25,KGS_RUB,10,0.010132700000000017,0.90026,0.925807,0.025547000000000097,0.027594304212433148,0.0,0.027594304212433148
2026-03-26,KGS_RUB,5,0.0069490000000000055,0.921937,0.923041,0.0011039999999999939,0.0011960465461447476,0.0,0.0011960465461447476
2026-03-26,KGS_RUB,10,0.012341800000000003,0.895418,0.923041,0.027622999999999953,0.02992608128999682,0.0,0.02992608128999682
2026-03-27,KGS_RUB,5,0.01374260000000005,0.918631,0.939181,0.020550000000000068,0.021880766327257543,0.0,0.021880766327257543
2026-03-27,KGS_RUB,10,0.026663200000000043,0.890085,0.939181,0.04909600000000003,0.052275333508663424,0.0,0.052275333508663424
2026-03-28,KGS_RUB,5,0.0068686000000000025,0.911713,0.927894,0.016181,0.017438414301633592,0.0,0.017438414301633592
2026-03-28,KGS_RUB,10,0.0207352,0.880188,0.927894,0.047706000000000026,0.051413200214679725,0.0,0.051413200214679725
2026-03-31,KGS_RUB,5,0.013293399999999988,0.90026,0.929623,0.029363000000000028,0.03158592246534351,0.0,0.03158592246534351
2026-03-31,KGS_RUB,10,0.02764669999999998,0.871914,0.929623,0.05770900000000001,0.06207785306516729,0.0,0.06207785306516729
2026-04-01,KGS_RUB,5,0.018496800000000025,0.90026,0.929107,0.028847000000000067,0.031048092415620662,0.0,0.031048092415620662
2026-04-01,KGS_RUB,10,0.033302500000000027,0.867389,0.929107,0.06171800000000005,0.06642722528191053,0.0,0.06642722528191053
2026-04-02,KGS_RUB,5,0.016630600000000006,0.895418,0.921937,0.02651899999999996,0.02876443835099357,0.0,0.02876443835099357
2026-04-02,KGS_RUB,10,0.03229460000000002,0.860316,0.921937,0.06162100000000004,0.06683862346342541,0.0,0.06683862346342541
2026-04-03,KGS_RUB,5,0.01903379999999997,0.890085,0.918631,0.02854599999999996,0.031074501078234854,0.0,0.031074501078234854
2026-04-03,KGS_RUB,10,0.033846399999999985,0.860316,0.918631,0.058315000000000006,0.06348033105784587,0.0,0.06348033105784587
2026-04-04,KGS_RUB,5,0.018420799999999994,0.880188,0.911713,0.031525000000000025,0.03457776734564499,0.0,0.03457776734564499
2026-04-04,KGS_RUB,10,0.031131700000000005,0.860316,0.911713,0.051397000000000026,0.056374100182842654,0.0,0.056374100182842654
2026-04-07,KGS_RUB,5,0.012736999999999976,0.871914,0.90026,0.028345999999999982,0.03148645946726499,0.0,0.03148645946726499
2026-04-07,KGS_RUB,10,0.023720399999999975,0.860316,0.90026,0.03994399999999998,0.04436940439428608,0.0,0.04436940439428608
2026-04-08,KGS_RUB,5,0.01951120000000004,0.867389,0.90051,0.03312100000000007,0.036780268958701255,0.0,0.036780268958701255
2026-04-08,KGS_RUB,10,0.02867580000000004,0.852956,0.90051,0.047553999999999985,0.05280785332755881,0.0,0.05280785332755881
2026-04-09,KGS_RUB,5,0.02143960000000007,0.860316,0.895418,0.03510200000000008,0.03920180295683142,0.0,0.03920180295683142
2026-04-09,KGS_RUB,10,0.02734070000000006,0.852956,0.895418,0.042462,0.04742142775776229,0.0,0.04742142775776229
2026-04-10,KGS_RUB,5,0.020113000000000048,0.860316,0.890085,0.029769000000000045,0.033445120409848546,0.0,0.033445120409848546
2026-04-10,KGS_RUB,10,0.025407700000000033,0.852956,0.890085,0.03712899999999997,0.04171399360735207,0.0,0.04171399360735207
2026-04-11,KGS_RUB,5,0.012317599999999995,0.860316,0.880188,0.019872,0.022576994914722766,0.0,0.022576994914722766
2026-04-11,KGS_RUB,10,0.017116999999999983,0.852956,0.880188,0.027231999999999923,0.030938844883138517,0.0,0.030938844883138517
2026-04-14,KGS_RUB,5,0.006357799999999992,0.860316,0.871914,0.011597999999999997,0.013301770587466193,0.0,0.013301770587466193
2026-04-14,KGS_RUB,10,0.010471699999999973,0.852956,0.871914,0.01895799999999992,0.021742970063561223,0.0,0.021742970063561223
2026-04-15,KGS_RUB,5,0.006701399999999991,0.852956,0.867389,0.014432999999999918,0.016639593077615603,0.0,0.016639593077615603
2026-04-15,KGS_RUB,10,0.008242499999999976,0.852956,0.867389,0.014432999999999918,0.016639593077615603,0.0,0.016639593077615603
2026-04-16,KGS_RUB,5,0.005790999999999991,0.852956,0.860316,0.007359999999999922,0.008554996071210953,0.0,0.008554996071210953
2026-04-16,KGS_RUB,10,0.005150499999999991,0.852956,0.860316,0.007359999999999922,0.008554996071210953,0.0,0.008554996071210953
2026-04-17,KGS_RUB,5,0.010670399999999969,0.852956,0.870053,0.017096999999999918,0.01965052703685858,0.0,0.01965052703685858
2026-04-17,KGS_RUB,10,0.011740299999999959,0.852956,0.870053,0.017096999999999918,0.01965052703685858,0.0,0.01965052703685858
2026-04-18,KGS_RUB,5,0.011408400000000008,0.852956,0.86968,0.01672399999999996,0.01923006163186455,0.0,0.01923006163186455
2026-04-18,KGS_RUB,10,0.012041100000000004,0.852956,0.86968,0.01672399999999996,0.01923006163186455,0.0,0.01923006163186455
2026-04-21,KGS_RUB,5,0.004527399999999982,0.852956,0.860343,0.007386999999999921,0.008586110423400808,0.0,0.008586110423400808
2026-04-21,KGS_RUB,10,0.004132599999999986,0.852956,0.860343,0.007386999999999921,0.008586110423400808,0.0,0.008586110423400808
2026-04-22,KGS_RUB,5,0.004649399999999959,0.854341,0.852956,0.0013849999999999696,0.0,0.0,0.0
2026-04-22,KGS_RUB,10,0.005588799999999961,0.854341,0.852956,0.0013849999999999696,0.0,0.0,0.0
2026-04-23,KGS_RUB,5,0.0030297999999999935,0.854341,0.857849,0.0035079999999999556,0.004089297766856353,0.0,0.004089297766856353
2026-04-23,KGS_RUB,10,0.003336300000000003,0.853586,0.857849,0.004263000000000017,0.004969406037659328,0.0,0.004969406037659328
2026-04-24,KGS_RUB,5,0.0022121999999999754,0.854341,0.856085,0.0017439999999999678,0.002037180887411843,0.0,0.002037180887411843
2026-04-24,KGS_RUB,10,0.0036816999999999987,0.849873,0.856085,0.006211999999999995,0.007256288803097818,0.0,0.007256288803097818
2026-04-25,KGS_RUB,5,0.007118800000000025,0.854341,0.864125,0.009784000000000015,0.011322435990163478,0.0,0.011322435990163478
2026-04-25,KGS_RUB,10,0.008663100000000024,0.843771,0.864125,0.020353999999999983,0.023554462606683042,0.0,0.023554462606683042
2026-04-28,KGS_RUB,5,0.003141399999999983,0.854341,0.855627,0.0012860000000000094,0.001502991373577516,0.0,0.001502991373577516
2026-04-28,KGS_RUB,10,0.005717600000000001,0.838674,0.855627,0.016952999999999996,0.019813540245924913,0.0,0.019813540245924913
2026-04-29,KGS_RUB,5,0.005143199999999992,0.855651,0.854341,0.0013100000000000334,0.0,0.0,0.0
2026-04-29,KGS_RUB,10,0.007517099999999999,0.836346,0.854341,0.017994999999999983,0.021063018162536952,0.0,0.021063018162536952
2026-04-30,KGS_RUB,5,0.003918600000000017,0.853586,0.85647,0.0028839999999999977,0.003367310005020605,0.0,0.003367310005020605
2026-04-30,KGS_RUB,10,0.009705799999999976,0.836221,0.85647,0.02024899999999996,0.023642392611533343,0.0,0.023642392611533343
2026-05-01,KGS_RUB,5,0.005238000000000009,0.849873,0.855651,0.005778000000000061,0.006752753166887037,0.0,0.006752753166887037
2026-05-01,KGS_RUB,10,0.012210700000000019,0.827326,0.855651,0.028325000000000045,0.03310344988786321,0.0,0.03310344988786321
2026-05-05,KGS_RUB,5,0.009024399999999978,0.843771,0.862942,0.019170999999999938,0.02221586155268829,0.0,0.02221586155268829
2026-05-05,KGS_RUB,10,0.020602699999999974,0.815238,0.862942,0.04770399999999997,0.055280656173879554,0.0,0.055280656173879554
2026-05-06,KGS_RUB,5,0.012586800000000009,0.838674,0.861866,0.02319199999999999,0.026909055468019378,0.0,0.026909055468019378
2026-05-06,KGS_RUB,10,0.024580200000000007,0.811331,0.861866,0.050535,0.05863440488428595,0.0,0.05863440488428595
2026-05-07,KGS_RUB,5,0.01604200000000002,0.836346,0.860492,0.024146,0.02806069086057744,0.0,0.02806069086057744
2026-05-07,KGS_RUB,10,0.02830610000000002,0.809493,0.860492,0.05099900000000002,0.05926725640679985,0.0,0.05926725640679985
2026-05-08,KGS_RUB,5,0.012608999999999936,0.836221,0.853586,0.017364999999999964,0.02034358576640194,0.0,0.02034358576640194
2026-05-08,KGS_RUB,10,0.025330499999999943,0.809493,0.853586,0.04409299999999994,0.05165618930019932,0.0,0.05165618930019932
2026-05-09,KGS_RUB,5,0.013405399999999967,0.827326,0.849873,0.022546999999999984,0.026529846224082873,0.0,0.026529846224082873
2026-05-09,KGS_RUB,10,0.02479119999999998,0.809493,0.849873,0.04037999999999997,0.047512981351331286,0.0,0.047512981351331286
2026-05-13,KGS_RUB,5,0.013010000000000032,0.815238,0.843771,0.02853300000000003,0.03381604724504638,0.0,0.03381604724504638
2026-05-13,KGS_RUB,10,0.021113200000000044,0.809493,0.843771,0.03427800000000003,0.040624766672473965,0.0,0.040624766672473965
2026-05-14,KGS_RUB,5,0.013381600000000016,0.811331,0.838674,0.027343000000000006,0.0326026560976017,0.0,0.0326026560976017
2026-05-14,KGS_RUB,10,0.018807300000000027,0.809493,0.838674,0.029181000000000012,0.03479421086143127,0.0,0.03479421086143127
2026-05-15,KGS_RUB,5,0.01642420000000002,0.809493,0.836346,0.026853000000000016,0.03210752487606806,0.0,0.03210752487606806
2026-05-15,KGS_RUB,10,0.01849980000000003,0.809493,0.836346,0.026853000000000016,0.03210752487606806,0.0,0.03210752487606806
2026-05-16,KGS_RUB,5,0.02068699999999999,0.809493,0.836221,0.026727999999999974,0.03196284235865875,0.0,0.03196284235865875
2026-05-16,KGS_RUB,10,0.020781999999999988,0.809493,0.836221,0.026727999999999974,0.03196284235865875,0.0,0.03196284235865875
2026-05-19,KGS_RUB,5,0.013630000000000008,0.809493,0.827326,0.017832999999999988,0.021554985580049445,0.0,0.021554985580049445
2026-05-19,KGS_RUB,10,0.012797800000000003,0.809493,0.827326,0.017832999999999988,0.021554985580049445,0.0,0.021554985580049445
2026-05-20,KGS_RUB,5,0.003559800000000002,0.809493,0.815238,0.005745,0.007047021851287599,0.0,0.007047021851287599
2026-05-20,KGS_RUB,10,0.0043736,0.809493,0.815238,0.005745,0.007047021851287599,0.0,0.007047021851287599
2026-05-21,KGS_RUB,5,0.004072399999999976,0.809493,0.811331,0.0018380000000000063,0.0022654132530373007,0.0,0.0022654132530373007
2026-05-21,KGS_RUB,10,0.007863499999999978,0.809493,0.811331,0.0018380000000000063,0.0022654132530373007,0.0,0.0022654132530373007
2026-05-22,KGS_RUB,5,0.006277599999999972,0.810763,0.809493,0.0012699999999999934,0.0,0.0,0.0
2026-05-22,KGS_RUB,10,0.013228799999999985,0.810763,0.809493,0.0012699999999999934,0.0,0.0,0.0
2026-05-23,KGS_RUB,5,0.0033228000000000034,0.810763,0.814282,0.003518999999999939,0.004321598659923637,0.0,0.004321598659923637
2026-05-23,KGS_RUB,10,0.012154500000000035,0.810763,0.814282,0.003518999999999939,0.004321598659923637,0.0,0.004321598659923637
2026-05-26,KGS_RUB,5,0.0033663999999999916,0.810763,0.818136,0.007372999999999963,0.00901194911359476,0.0,0.00901194911359476
2026-05-26,KGS_RUB,10,0.012206400000000017,0.810763,0.818136,0.007372999999999963,0.00901194911359476,0.0,0.00901194911359476
2026-05-27,KGS_RUB,5,0.006210000000000005,0.810763,0.819531,0.008767999999999998,0.010698802119748977,0.0,0.010698802119748977
2026-05-27,KGS_RUB,10,0.011984300000000003,0.810763,0.819531,0.008767999999999998,0.010698802119748977,0.0,0.010698802119748977
2026-05-28,KGS_RUB,5,0.012222599999999995,0.812149,0.810763,0.0013859999999999983,0.0,0.0,0.0
2026-05-28,KGS_RUB,10,0.017598000000000003,0.812149,0.810763,0.0013859999999999983,0.0,0.0,0.0
2026-05-29,KGS_RUB,5,0.015128800000000008,0.812149,0.816141,0.0039919999999999956,0.004891311672860444,0.0,0.004891311672860444
2026-05-29,KGS_RUB,10,0.013631500000000008,0.812149,0.816141,0.0039919999999999956,0.004891311672860444,0.0,0.004891311672860444
2026-05-30,KGS_RUB,5,0.023119200000000006,0.818218,0.812149,0.006068999999999991,0.0,0.0,0.0
2026-05-30,KGS_RUB,10,0.018459000000000003,0.818218,0.812149,0.006068999999999991,0.0,0.0,0.0
2026-06-02,KGS_RUB,5,0.020964400000000015,0.829728,0.818218,0.01151000000000002,0.0,0.0,0.0
2026-06-02,KGS_RUB,10,0.013059700000000007,0.820264,0.818218,0.0020459999999999923,0.0,0.0,0.0
2026-06-03,KGS_RUB,5,0.011347200000000002,0.820264,0.829728,0.009464000000000028,0.011406147556789729,0.0,0.011406147556789729
2026-06-03,KGS_RUB,10,0.008119900000000003,0.820264,0.829728,0.009464000000000028,0.011406147556789729,0.0,0.011406147556789729
2026-06-04,KGS_RUB,5,0.009883200000000003,0.820264,0.838692,0.018428,0.0219723092625183,0.0,0.0219723092625183
2026-06-04,KGS_RUB,10,0.009680600000000006,0.820264,0.838692,0.018428,0.0219723092625183,0.0,0.0219723092625183
2026-06-05,KGS_RUB,5,0.021302800000000045,0.820264,0.849578,0.029314000000000062,0.034504189138607706,0.0,0.034504189138607706
2026-06-05,KGS_RUB,10,0.019046900000000068,0.820264,0.849578,0.029314000000000062,0.034504189138607706,0.0,0.034504189138607706
2026-06-06,KGS_RUB,5,0.014177200000000001,0.820264,0.840125,0.019861000000000018,0.023640529683082896,0.0,0.023640529683082896
2026-06-06,KGS_RUB,10,0.009932500000000021,0.820264,0.840125,0.019861000000000018,0.023640529683082896,0.0,0.023640529683082896
2026-06-09,KGS_RUB,5,0.014416000000000007,0.820264,0.837789,0.017525000000000013,0.02091815480986264,0.0,0.02091815480986264
2026-06-09,KGS_RUB,10,0.010228400000000004,0.820264,0.837789,0.017525000000000013,0.02091815480986264,0.0,0.02091815480986264
2026-06-10,KGS_RUB,5,0.005432199999999998,0.820926,0.820264,0.0006620000000000514,0.0,0.0,0.0
2026-06-10,KGS_RUB,10,0.015633799999999996,0.820926,0.820264,0.0006620000000000514,0.0,0.0,0.0
2026-06-11,KGS_RUB,5,0.008358799999999934,0.822272,0.820926,0.0013459999999999583,0.0,0.0,0.0
2026-06-11,KGS_RUB,10,0.01936829999999994,0.822272,0.820926,0.0013459999999999583,0.0,0.0,0.0
2026-06-12,KGS_RUB,5,0.010514999999999964,0.824915,0.822272,0.002642999999999951,0.0,0.0,0.0
2026-06-12,KGS_RUB,10,0.023915299999999983,0.824915,0.822272,0.002642999999999951,0.0,0.0,0.0
2026-06-16,KGS_RUB,5,0.008732799999999985,0.824915,0.828488,0.0035730000000000484,0.004312675621131566,0.0,0.004312675621131566
2026-06-16,KGS_RUB,10,0.024477499999999996,0.824915,0.828488,0.0035730000000000484,0.004312675621131566,0.0,0.004312675621131566
2026-06-17,KGS_RUB,5,0.016551200000000033,0.83188,0.824915,0.006964999999999999,0.0,0.0,0.0
2026-06-17,KGS_RUB,10,0.03434650000000004,0.83188,0.824915,0.006964999999999999,0.0,0.0,0.0
2026-06-18,KGS_RUB,5,0.014219400000000038,0.838869,0.83188,0.006989000000000023,0.0,0.0,0.0
2026-06-18,KGS_RUB,10,0.033690600000000036,0.838869,0.83188,0.006989000000000023,0.0,0.0,0.0
2026-06-19,KGS_RUB,5,0.012434800000000013,0.839783,0.838869,0.0009139999999999704,0.0,0.0,0.0
2026-06-19,KGS_RUB,10,0.03192770000000002,0.839783,0.838869,0.0009139999999999704,0.0,0.0,0.0
2026-06-20,KGS_RUB,5,0.01980460000000006,0.843511,0.839783,0.0037280000000000646,0.0,0.0,0.0
2026-06-20,KGS_RUB,10,0.03534690000000005,0.843511,0.839783,0.0037280000000000646,0.0,0.0,0.0
2026-06-23,KGS_RUB,5,0.025199199999999998,0.853288,0.843511,0.009777000000000036,0.0,0.0,0.0
2026-06-23,KGS_RUB,10,0.03642669999999998,0.853288,0.843511,0.009777000000000036,0.0,0.0,0.0
2026-06-24,KGS_RUB,5,0.023768799999999944,0.855046,0.853288,0.0017579999999999263,0.0,0.0,0.0
2026-06-24,KGS_RUB,10,0.02837159999999994,0.855046,0.853288,0.0017579999999999263,0.0,0.0,0.0
2026-06-25,KGS_RUB,5,0.029995800000000017,0.864891,0.855046,0.009844999999999993,0.0,0.0,0.0
2026-06-25,KGS_RUB,10,0.028476200000000017,0.864891,0.855046,0.009844999999999993,0.0,0.0,0.0
2026-06-26,KGS_RUB,5,0.025398600000000028,0.881202,0.864891,0.016311000000000075,0.0,0.0,0.0
2026-06-26,KGS_RUB,10,0.01897080000000003,0.868287,0.864891,0.0033960000000000656,0.0,0.0,0.0
2026-06-27,KGS_RUB,5,0.009470199999999939,0.883115,0.881202,0.0019129999999999425,0.0,0.0,0.0
2026-06-27,KGS_RUB,10,0.009339899999999967,0.868287,0.881202,0.01291500000000001,0.01465611743958821,0.0,0.01465611743958821
2026-06-30,KGS_RUB,5,0.00444479999999996,0.883115,0.889124,0.006009000000000042,0.006758337419752522,0.0,0.006758337419752522
2026-06-30,KGS_RUB,10,0.010252399999999984,0.868287,0.889124,0.020836999999999994,0.02343542632973578,0.0,0.02343542632973578
2026-07-01,KGS_RUB,5,0.008758599999999972,0.870507,0.895021,0.024513999999999925,0.02738930148007692,0.0,0.02738930148007692
2026-07-01,KGS_RUB,10,0.013796299999999961,0.868287,0.895021,0.026733999999999924,0.02986969020838609,0.0,0.02986969020838609
2026-07-02,KGS_RUB,5,0.012968399999999968,0.870507,0.894971,0.02446399999999993,0.027334963926205352,0.0,0.027334963926205352
2026-07-02,KGS_RUB,10,0.014098999999999962,0.868287,0.894971,0.02668399999999993,0.029815491228207317,0.0,0.029815491228207317
2026-07-03,KGS_RUB,5,0.01387959999999997,0.868287,0.89113,0.022842999999999947,0.025633745918103922,0.0,0.025633745918103922
2026-07-03,KGS_RUB,10,0.010857199999999989,0.868287,0.89113,0.022842999999999947,0.025633745918103922,0.0,0.025633745918103922
2026-07-04,KGS_RUB,5,0.010357399999999961,0.868287,0.883115,0.014827999999999952,0.016790565215175773,0.0,0.016790565215175773
2026-07-04,KGS_RUB,10,0.009590799999999988,0.868287,0.883115,0.014827999999999952,0.016790565215175773,0.0,0.016790565215175773
2026-07-07,KGS_RUB,5,0.018524999999999948,0.868287,0.891589,0.023301999999999934,0.02613536057533228,0.0,0.02613536057533228
2026-07-07,KGS_RUB,10,0.011109399999999981,0.868287,0.891589,0.023301999999999934,0.02613536057533228,0.0,0.02613536057533228
2026-07-08,KGS_RUB,5,0.006567999999999974,0.868287,0.870507,0.0022199999999999998,0.002550237964772253,0.0,0.002550237964772253
2026-07-08,KGS_RUB,10,0.015764599999999972,0.868287,0.870507,0.0022199999999999998,0.002550237964772253,0.0,0.002550237964772253
2026-07-09,KGS_RUB,5,0.008223399999999992,0.868287,0.873672,0.005384999999999973,0.006163640359311015,0.0,0.006163640359311015
2026-07-09,KGS_RUB,10,0.015603099999999991,0.868287,0.873672,0.005384999999999973,0.006163640359311015,0.0,0.006163640359311015
2026-07-10,KGS_RUB,5,0.016912199999999978,0.876173,0.868287,0.007885999999999949,0.0,0.0,0.0
2026-07-10,KGS_RUB,10,0.02273919999999997,0.876173,0.868287,0.007885999999999949,0.0,0.0,0.0
2026-07-11,KGS_RUB,5,0.01268459999999998,0.876173,0.876681,0.000508000000000064,0.0005794582065769236,0.0,0.0005794582065769236
2026-07-11,KGS_RUB,10,0.01600769999999997,0.876173,0.876681,0.000508000000000064,0.0005794582065769236,0.0,0.0005794582065769236
2026-07-14,KGS_RUB,5,0.01686500000000002,0.886122,0.876173,0.009948999999999986,0.0,0.0,0.0
2026-07-14,KGS_RUB,10,0.018010300000000024,0.886122,0.876173,0.009948999999999986,0.0,0.0,0.0
2026-07-15,KGS_RUB,5,0.009346200000000037,0.891444,0.886122,0.005322000000000049,0.0,0.0,0.0
2026-07-15,KGS_RUB,10,0.009441100000000046,0.891444,0.886122,0.005322000000000049,0.0,0.0,0.0
2026-07-16,KGS_RUB,5,0.0052107999999999825,0.895551,0.891444,0.004106999999999972,0.0,0.0,0.0
2026-07-16,KGS_RUB,10,0.0057203,0.892135,0.891444,0.0006909999999999972,0.0,0.0,0.0
2026-07-17,KGS_RUB,5,0.0012871999999999773,0.895551,0.895576,2.5000000000052758e-05,2.7914995488995637e-05,0.0,2.7914995488995637e-05
2026-07-17,KGS_RUB,10,0.004698799999999992,0.892135,0.895576,0.0034410000000000274,0.0038422199790972816,0.0,0.0038422199790972816
2026-07-18,KGS_RUB,5,0.0015759999999999997,0.89229,0.896497,0.004206999999999961,0.004692709512692135,0.0,0.004692709512692135
2026-07-18,KGS_RUB,10,0.005548300000000017,0.892135,0.896497,0.004361999999999977,0.004865604681331869,0.0,0.004865604681331869
2026-07-21,KGS_RUB,5,0.002448399999999995,0.892135,0.895551,0.0034159999999999746,0.0038144114628870657,0.0,0.0038144114628870657
2026-07-21,KGS_RUB,10,0.007931000000000021,0.892135,0.895551,0.0034159999999999746,0.0038144114628870657,0.0,0.0038144114628870657
2026-07-22,KGS_RUB,5,0.0032737999999999934,0.892135,0.898273,0.006137999999999977,0.006833111982660034,0.0,0.006833111982660034
2026-07-22,KGS_RUB,10,0.009762700000000013,0.892135,0.898273,0.006137999999999977,0.006833111982660034,0.0,0.006833111982660034
2026-07-23,KGS_RUB,5,0.004752000000000001,0.892135,0.897377,0.005241999999999969,0.005841469081556546,0.0,0.005841469081556546
2026-07-23,KGS_RUB,10,0.012747700000000018,0.892135,0.897377,0.005241999999999969,0.005841469081556546,0.0,0.005841469081556546
2026-07-24,KGS_RUB,5,0.007912000000000008,0.892135,0.896568,0.00443300000000002,0.004944410239937205,0.0,0.004944410239937205
2026-07-24,KGS_RUB,10,0.016505099999999995,0.892135,0.896568,0.00443300000000002,0.004944410239937205,0.0,0.004944410239937205
2026-07-25,KGS_RUB,5,0.012044800000000012,0.892135,0.89229,0.00015500000000001624,0.00017371034080849974,0.0,0.00017371034080849974
2026-07-25,KGS_RUB,10,0.023801199999999988,0.892135,0.89229,0.00015500000000001624,0.00017371034080849974,0.0,0.00017371034080849974
2026-07-28,KGS_RUB,5,0.01682960000000002,0.89992,0.892135,0.007785000000000042,0.0,0.0,0.0
2026-07-28,KGS_RUB,10,0.0291725,0.89992,0.892135,0.007785000000000042,0.0,0.0,0.0
2026-07-29,KGS_RUB,5,0.014604599999999968,0.907456,0.89992,0.007535999999999987,0.0,0.0,0.0
2026-07-29,KGS_RUB,10,0.02559129999999995,0.907456,0.89992,0.007535999999999987,0.0,0.0,0.0
2026-07-30,KGS_RUB,5,0.010664399999999973,0.908676,0.907456,0.0012199999999999989,0.0,0.0,0.0
2026-07-30,KGS_RUB,10,0.02221839999999996,0.908676,0.907456,0.0012199999999999989,0.0,0.0,0.0
2026-07-31,KGS_RUB,5,0.010289599999999987,0.908676,0.913177,0.004500999999999977,0.004928945867011518,0.0,0.004928945867011518
2026-07-31,KGS_RUB,10,0.021912699999999972,0.908676,0.913177,0.004500999999999977,0.004928945867011518,0.0,0.004928945867011518
2026-08-01,KGS_RUB,5,0.019171599999999955,0.915594,0.908676,0.00691799999999998,0.0,0.0,0.0
2026-08-01,KGS_RUB,10,0.031323899999999946,0.915594,0.908676,0.00691799999999998,0.0,0.0,0.0
2026-08-04,KGS_RUB,5,0.018056399999999972,0.925435,0.915594,0.009840999999999989,0.0,0.0,0.0
2026-08-04,KGS_RUB,10,0.03006049999999997,0.925435,0.915594,0.009840999999999989,0.0,0.0,0.0
2026-08-05,KGS_RUB,5,0.009691999999999989,0.925435,0.92772,0.0022849999999999815,0.0024630276376492706,0.0,0.0024630276376492706
2026-08-05,KGS_RUB,10,0.02300599999999999,0.925435,0.92772,0.0022849999999999815,0.0024630276376492706,0.0,0.0024630276376492706
2026-08-06,KGS_RUB,5,0.01579339999999998,0.930906,0.925435,0.005471000000000004,0.0,0.0,0.0
2026-08-06,KGS_RUB,10,0.029636799999999974,0.930906,0.925435,0.005471000000000004,0.0,0.0,0.0
2026-08-07,KGS_RUB,5,0.015806799999999965,0.939583,0.930906,0.008676999999999935,0.0,0.0,0.0
2026-08-07,KGS_RUB,10,0.02639349999999997,0.939583,0.930906,0.008676999999999935,0.0,0.0,0.0
2026-08-08,KGS_RUB,5,0.012569200000000036,0.941958,0.939583,0.002375000000000016,0.0,0.0,0.0
2026-08-08,KGS_RUB,10,0.018579400000000044,0.941958,0.939583,0.002375000000000016,0.0,0.0,0.0
2026-08-11,KGS_RUB,5,0.014110599999999996,0.941958,0.944608,0.002650000000000041,0.002805396524272546,0.0,0.002805396524272546
2026-08-11,KGS_RUB,10,0.014864099999999991,0.941958,0.944608,0.002650000000000041,0.002805396524272546,0.0,0.002805396524272546
2026-08-12,KGS_RUB,5,0.022082000000000025,0.949087,0.941958,0.007129000000000052,0.0,0.0,0.0
2026-08-12,KGS_RUB,10,0.019373200000000024,0.948212,0.941958,0.006254000000000093,0.0,0.0,0.0
2026-08-13,KGS_RUB,5,0.019828199999999963,0.958328,0.949087,0.009240999999999944,0.0,0.0,0.0
2026-08-13,KGS_RUB,10,0.013887899999999963,0.948212,0.949087,0.0008749999999999591,0.000921938663157286,0.0,0.000921938663157286
2026-08-14,KGS_RUB,5,0.01161620000000001,0.953183,0.958328,0.005144999999999955,0.005368725530298557,0.0,0.005368725530298557
2026-08-14,KGS_RUB,10,0.011165300000000012,0.948212,0.958328,0.010115999999999903,0.010555884832750273,0.0,0.010555884832750273
2026-08-15,KGS_RUB,5,0.010258599999999984,0.948212,0.96678,0.018567999999999918,0.019206024121309832,0.0,0.019206024121309832
2026-08-15,KGS_RUB,10,0.009779199999999998,0.948212,0.96678,0.018567999999999918,0.019206024121309832,0.0,0.019206024121309832
2026-08-18,KGS_RUB,5,0.01313359999999999,0.948212,0.97214,0.02392799999999995,0.02461373876190667,0.0,0.02461373876190667
2026-08-18,KGS_RUB,10,0.011340799999999995,0.948212,0.97214,0.02392799999999995,0.02461373876190667,0.0,0.02461373876190667
2026-08-19,KGS_RUB,5,0.015242599999999995,0.948212,0.973865,0.025652999999999926,0.0263414333608867,0.0,0.0263414333608867
2026-08-19,KGS_RUB,10,0.013237699999999996,0.948212,0.973865,0.025652999999999926,0.0263414333608867,0.0,0.0263414333608867
2026-08-20,KGS_RUB,5,0.01677839999999997,0.948212,0.973463,0.025250999999999912,0.025939352599944645,0.0,0.025939352599944645
2026-08-20,KGS_RUB,10,0.0152922,0.948212,0.973463,0.025250999999999912,0.025939352599944645,0.0,0.025939352599944645
2025-07-12,KZT_RUB,5,0.0017538000000000054,0.147,0.150259,0.003259000000000012,0.02168921661930408,0.0,0.02168921661930408
2025-07-12,KZT_RUB,10,0.002511000000000002,0.14641,0.150259,0.0038489999999999913,0.02561577010362102,0.0,0.02561577010362102
2025-07-15,KZT_RUB,5,0.0025984000000000007,0.146788,0.150447,0.0036589999999999956,0.024320857178940062,0.0,0.024320857178940062
2025-07-15,KZT_RUB,10,0.0031010999999999955,0.14605,0.150447,0.004396999999999984,0.02922623914069396,0.0,0.02922623914069396
2025-07-16,KZT_RUB,5,0.001101400000000008,0.146788,0.148707,0.001919000000000004,0.01290457073305227,0.0,0.01290457073305227
2025-07-16,KZT_RUB,10,0.0016755000000000047,0.14605,0.148707,0.0026569999999999927,0.017867349889379738,0.0,0.017867349889379738
2025-07-17,KZT_RUB,5,0.0008985999999999939,0.146788,0.148247,0.001458999999999988,0.009841683136926805,0.0,0.009841683136926805
2025-07-17,KZT_RUB,10,0.001631399999999994,0.14605,0.148247,0.0021969999999999767,0.014819861447449035,0.0,0.014819861447449035
2025-07-18,KZT_RUB,5,0.0014691999999999928,0.14641,0.148501,0.0020909999999999818,0.014080713261190038,0.0,0.014080713261190038
2025-07-18,KZT_RUB,10,0.0018827999999999957,0.14605,0.148501,0.002450999999999981,0.016504939360677578,0.0,0.016504939360677578
2025-07-19,KZT_RUB,5,0.00039359999999999395,0.14641,0.147,0.0005899999999999794,0.004013605442176731,0.0,0.004013605442176731
2025-07-19,KZT_RUB,10,0.0013292999999999998,0.14605,0.147,0.0009499999999999786,0.00646258503401346,0.0,0.00646258503401346
2025-07-22,KZT_RUB,5,0.0005015999999999965,0.14605,0.146788,0.0007379999999999887,0.005027658936697745,0.0,0.005027658936697745
2025-07-22,KZT_RUB,10,0.0013855000000000007,0.14605,0.146788,0.0007379999999999887,0.005027658936697745,0.0,0.005027658936697745
2025-07-23,KZT_RUB,5,0.0015206000000000052,0.14605,0.147492,0.0014419999999999988,0.009776801453638155,0.0,0.009776801453638155
2025-07-23,KZT_RUB,10,0.0013706000000000052,0.14605,0.147492,0.0014419999999999988,0.009776801453638155,0.0,0.009776801453638155
2025-07-24,KZT_RUB,5,0.0022085999999999937,0.14605,0.147469,0.0014189999999999758,0.009622361309834446,0.0,0.009622361309834446
2025-07-24,KZT_RUB,10,0.001537600000000003,0.14605,0.147469,0.0014189999999999758,0.009622361309834446,0.0,0.009622361309834446
2025-07-25,KZT_RUB,5,0.0022693999999999935,0.14605,0.14641,0.0003599999999999992,0.002458848439314249,0.0,0.002458848439314249
2025-07-25,KZT_RUB,10,0.001937599999999992,0.14605,0.14641,0.0003599999999999992,0.002458848439314249,0.0,0.002458848439314249
2025-07-26,KZT_RUB,5,0.0023879999999999956,0.14605,0.146795,0.0007449999999999957,0.0050751047378997625,0.0,0.0050751047378997625
2025-07-26,KZT_RUB,10,0.0017672999999999994,0.14605,0.146795,0.0007449999999999957,0.0050751047378997625,0.0,0.0050751047378997625
2025-07-29,KZT_RUB,5,0.0029577999999999883,0.146664,0.14605,0.0006139999999999757,0.0,0.0,0.0
2025-07-29,KZT_RUB,10,0.0024992999999999903,0.146664,0.14605,0.0006139999999999757,0.0,0.0,0.0
2025-07-30,KZT_RUB,5,0.003665200000000013,0.146664,0.151851,0.005187000000000025,0.034158484303692595,0.0,0.034158484303692595
2025-07-30,KZT_RUB,10,0.0037683000000000104,0.146664,0.151851,0.005187000000000025,0.034158484303692595,0.0,0.034158484303692595
2025-07-31,KZT_RUB,5,0.003150799999999998,0.146664,0.150978,0.004314000000000012,0.02857369947939443,0.0,0.02857369947939443
2025-07-31,KZT_RUB,10,0.0033139999999999975,0.146664,0.150978,0.004314000000000012,0.02857369947939443,0.0,0.02857369947939443
2025-08-01,KZT_RUB,5,0.0011484000000000106,0.146664,0.147003,0.00033900000000000596,0.0023060753862166484,0.0,0.0023060753862166484
2025-08-01,KZT_RUB,10,0.0008983000000000075,0.146664,0.147003,0.00033900000000000596,0.0023060753862166484,0.0,0.0023060753862166484
2025-08-02,KZT_RUB,5,0.0009106000000000059,0.146664,0.148543,0.0018790000000000195,0.0126495358246435,0.0,0.0126495358246435
2025-08-02,KZT_RUB,10,0.0008992000000000056,0.146664,0.148543,0.0018790000000000195,0.0126495358246435,0.0,0.0126495358246435
2025-08-05,KZT_RUB,5,0.001426800000000017,0.147672,0.146664,0.0010080000000000089,0.0,0.0,0.0
2025-08-05,KZT_RUB,10,0.0013493000000000144,0.146791,0.146664,0.000127000000000016,0.0,0.0,0.0
2025-08-06,KZT_RUB,5,0.0004886000000000002,0.147185,0.147741,0.0005560000000000009,0.003763342606317819,0.0,0.003763342606317819
2025-08-06,KZT_RUB,10,0.0006921999999999956,0.146791,0.147741,0.0009500000000000064,0.006430171719427961,0.0,0.006430171719427961
2025-08-07,KZT_RUB,5,0.0016842000000000079,0.146791,0.149185,0.0023940000000000072,0.016047189730871114,0.0,0.016047189730871114
2025-08-07,KZT_RUB,10,0.00111170000000001,0.146791,0.149185,0.0023940000000000072,0.016047189730871114,0.0,0.016047189730871114
2025-08-08,KZT_RUB,5,0.000510799999999989,0.146791,0.147946,0.0011549999999999894,0.007806902518486403,0.0,0.007806902518486403
2025-08-08,KZT_RUB,10,0.0006859999999999977,0.146791,0.147946,0.0011549999999999894,0.007806902518486403,0.0,0.007806902518486403
2025-08-09,KZT_RUB,5,0.0006535999999999986,0.146791,0.14791,0.0011190000000000089,0.007565411398823668,0.0,0.007565411398823668
2025-08-09,KZT_RUB,10,0.0009183999999999914,0.146791,0.14791,0.0011190000000000089,0.007565411398823668,0.0,0.007565411398823668
2025-08-12,KZT_RUB,5,0.0008109999999999951,0.146791,0.147672,0.0008809999999999929,0.005965924481282795,0.0,0.005965924481282795
2025-08-12,KZT_RUB,10,0.0012618999999999992,0.146791,0.147672,0.0008809999999999929,0.005965924481282795,0.0,0.005965924481282795
2025-08-13,KZT_RUB,5,0.0012293999999999916,0.146791,0.147185,0.00039400000000000546,0.0026769032170398167,0.0,0.0026769032170398167
2025-08-13,KZT_RUB,10,0.0018594999999999918,0.146791,0.147185,0.00039400000000000546,0.0026769032170398167,0.0,0.0026769032170398167
2025-08-14,KZT_RUB,5,0.0018547999999999954,0.148274,0.146791,0.0014829999999999843,0.0,0.0,0.0
2025-08-14,KZT_RUB,10,0.0025632999999999962,0.148274,0.146791,0.0014829999999999843,0.0,0.0,0.0
2025-08-15,KZT_RUB,5,0.0005332000000000114,0.148697,0.148274,0.0004230000000000067,0.0,0.0,0.0
2025-08-15,KZT_RUB,10,0.0011873000000000133,0.148697,0.148274,0.0004230000000000067,0.0,0.0,0.0
2025-08-16,KZT_RUB,5,0.00037519999999999774,0.148697,0.148732,3.500000000000725e-05,0.000235322593658441,0.0,0.000235322593658441
2025-08-16,KZT_RUB,10,0.0008012999999999993,0.148697,0.148732,3.500000000000725e-05,0.000235322593658441,0.0,0.000235322593658441
2025-08-19,KZT_RUB,5,0.0006878000000000051,0.148736,0.148697,3.900000000001125e-05,0.0,0.0,0.0
2025-08-19,KZT_RUB,10,0.0008937000000000056,0.148736,0.148697,3.900000000001125e-05,0.0,0.0,0.0
2025-08-20,KZT_RUB,5,0.0009061999999999959,0.148736,0.14879,5.3999999999998494e-05,0.0003629276161032226,0.0,0.0003629276161032226
2025-08-20,KZT_RUB,10,0.000897899999999996,0.148736,0.14879,5.3999999999998494e-05,0.0003629276161032226,0.0,0.0003629276161032226
2025-08-21,KZT_RUB,5,0.0013267999999999947,0.149081,0.148736,0.0003449999999999842,0.0,0.0,0.0
2025-08-21,KZT_RUB,10,0.0010519999999999946,0.149081,0.148736,0.0003449999999999842,0.0,0.0,0.0
2025-08-22,KZT_RUB,5,0.001034400000000013,0.149344,0.149081,0.0002630000000000132,0.0,0.0,0.0
2025-08-22,KZT_RUB,10,0.0008490000000000109,0.149341,0.149081,0.0002600000000000102,0.0,0.0,0.0
2025-08-23,KZT_RUB,5,0.0004394000000000009,0.149344,0.150162,0.0008179999999999854,0.0054474500872390185,0.0,0.0054474500872390185
2025-08-23,KZT_RUB,10,0.0005034999999999984,0.149341,0.150162,0.0008209999999999884,0.005467428510541871,0.0,0.005467428510541871
2025-08-26,KZT_RUB,5,0.0006008000000000069,0.149341,0.150155,0.0008140000000000092,0.0054210648996038035,0.0,0.0054210648996038035
2025-08-26,KZT_RUB,10,0.0007939000000000002,0.149341,0.150155,0.0008140000000000092,0.0054210648996038035,0.0,0.0054210648996038035
2025-08-27,KZT_RUB,5,0.0007346000000000074,0.149341,0.150239,0.0008980000000000099,0.00597714308535074,0.0,0.00597714308535074
2025-08-27,KZT_RUB,10,0.001325599999999999,0.149341,0.150239,0.0008980000000000099,0.00597714308535074,0.0,0.00597714308535074
2025-08-28,KZT_RUB,5,0.0011638000000000037,0.149341,0.150677,0.0013360000000000039,0.00886664852631791,0.0,0.00886664852631791
2025-08-28,KZT_RUB,10,0.0021141999999999992,0.149341,0.150677,0.0013360000000000039,0.00886664852631791,0.0,0.00886664852631791
2025-08-29,KZT_RUB,5,0.0004017999999999966,0.149341,0.149344,3.0000000000030003e-06,2.0087850867815247e-05,0.0,2.0087850867815247e-05
2025-08-29,KZT_RUB,10,0.003231299999999995,0.149341,0.149344,3.0000000000030003e-06,2.0087850867815247e-05,0.0,2.0087850867815247e-05
2025-08-30,KZT_RUB,5,0.0007056000000000117,0.149341,0.149382,4.099999999998549e-05,0.000274464125530422,0.0,0.000274464125530422
2025-08-30,KZT_RUB,10,0.003920800000000011,0.149341,0.149382,4.099999999998549e-05,0.000274464125530422,0.0,0.000274464125530422
2025-09-02,KZT_RUB,5,0.0014766000000000002,0.149654,0.149341,0.0003130000000000077,0.0,0.0,0.0
2025-09-02,KZT_RUB,10,0.0043793,0.149654,0.149341,0.0003130000000000077,0.0,0.0,0.0
2025-09-03,KZT_RUB,5,0.0023439999999999906,0.149845,0.149654,0.00019099999999999673,0.0,0.0,0.0
2025-09-03,KZT_RUB,10,0.004407399999999992,0.149845,0.149654,0.00019099999999999673,0.0,0.0,0.0
2025-09-04,KZT_RUB,5,0.0038261999999999905,0.150501,0.149845,0.0006559999999999899,0.0,0.0,0.0
2025-09-04,KZT_RUB,10,0.004615099999999994,0.150501,0.149845,0.0006559999999999899,0.0,0.0,0.0
2025-09-05,KZT_RUB,5,0.004903800000000002,0.151015,0.150501,0.0005140000000000144,0.0,0.0,0.0
2025-09-05,KZT_RUB,10,0.004282600000000006,0.151015,0.150501,0.0005140000000000144,0.0,0.0,0.0
2025-09-06,KZT_RUB,5,0.005502999999999985,0.153073,0.151015,0.0020579999999999765,0.0,0.0,0.0
2025-09-06,KZT_RUB,10,0.00410849999999999,0.153065,0.151015,0.0020499999999999963,0.0,0.0,0.0
2025-09-09,KZT_RUB,5,0.003550000000000014,0.153598,0.153073,0.0005250000000000254,0.0,0.0,0.0
2025-09-09,KZT_RUB,10,0.0022696000000000105,0.153065,0.153073,7.999999999980245e-06,5.2262645926977624e-05,0.0,5.2262645926977624e-05
2025-09-10,KZT_RUB,5,0.002348399999999995,0.153065,0.155556,0.0024909999999999932,0.016013525675640884,0.0,0.016013525675640884
2025-09-10,KZT_RUB,10,0.0018697999999999966,0.153065,0.155556,0.0024909999999999932,0.016013525675640884,0.0,0.016013525675640884
2025-09-11,KZT_RUB,5,0.0033451999999999926,0.153065,0.158211,0.005145999999999984,0.03252618338800706,0.0,0.03252618338800706
2025-09-11,KZT_RUB,10,0.0036678999999999904,0.153065,0.158211,0.005145999999999984,0.03252618338800706,0.0,0.03252618338800706
2025-09-12,KZT_RUB,5,0.0050066,0.153065,0.159169,0.006103999999999998,0.038349176033021494,0.0,0.038349176033021494
2025-09-12,KZT_RUB,10,0.004948300000000003,0.153065,0.159169,0.006103999999999998,0.038349176033021494,0.0,0.038349176033021494
2025-09-13,KZT_RUB,5,0.0028519999999999934,0.153065,0.156581,0.0035159999999999914,0.022454831684559376,0.0,0.022454831684559376
2025-09-13,KZT_RUB,10,0.002582799999999996,0.153065,0.156581,0.0035159999999999914,0.022454831684559376,0.0,0.022454831684559376
2025-09-16,KZT_RUB,5,0.0006741999999999915,0.153065,0.153598,0.0005330000000000057,0.003470097266891533,0.0,0.003470097266891533
2025-09-16,KZT_RUB,10,0.0006416999999999922,0.152257,0.153598,0.0013410000000000089,0.008730582429458773,0.0,0.008730582429458773
2025-09-17,KZT_RUB,5,0.0010997999999999952,0.153594,0.153065,0.0005290000000000017,0.0,0.0,0.0
2025-09-17,KZT_RUB,10,0.0012143999999999961,0.150528,0.153065,0.0025370000000000115,0.016574657825107055,0.0,0.016574657825107055
2025-09-18,KZT_RUB,5,0.0005219999999999947,0.153594,0.153832,0.00023799999999998822,0.0015471423370949362,0.0,0.0015471423370949362
2025-09-18,KZT_RUB,10,0.0013612999999999958,0.148429,0.153832,0.005402999999999991,0.03512273129127874,0.0,0.03512273129127874
2025-09-19,KZT_RUB,5,0.0005997999999999892,0.153594,0.153736,0.00014200000000000323,0.0009236613415205497,0.0,0.0009236613415205497
2025-09-19,KZT_RUB,10,0.001983299999999996,0.147516,0.153736,0.006220000000000003,0.04045896862153304,0.0,0.04045896862153304
2025-09-20,KZT_RUB,5,0.0004801999999999973,0.153594,0.154414,0.0008199999999999874,0.005310399316124104,0.0,0.005310399316124104
2025-09-20,KZT_RUB,10,0.002600999999999995,0.147516,0.154414,0.0068979999999999875,0.04467211522271289,0.0,0.04467211522271289
2025-09-23,KZT_RUB,5,0.001578799999999997,0.152257,0.155248,0.0029909999999999937,0.01926594867566728,0.0,0.01926594867566728
2025-09-23,KZT_RUB,10,0.0036350999999999966,0.147516,0.155248,0.007731999999999989,0.049804184272905214,0.0,0.049804184272905214
2025-09-24,KZT_RUB,5,0.0012231999999999966,0.150528,0.153594,0.003066000000000013,0.019961717254580343,0.0,0.019961717254580343
2025-09-24,KZT_RUB,10,0.0026676000000000004,0.147516,0.153594,0.006078,0.03957185827571389,0.0,0.03957185827571389
2025-09-25,KZT_RUB,5,0.002288599999999996,0.148429,0.15411,0.005680999999999992,0.036863279475699125,0.0,0.036863279475699125
2025-09-25,KZT_RUB,10,0.0032451999999999954,0.147516,0.15411,0.006593999999999989,0.04278761923301531,0.0,0.04278761923301531
2025-09-26,KZT_RUB,5,0.0035425999999999956,0.147516,0.154029,0.006512999999999991,0.042284245174609915,0.0,0.042284245174609915
2025-09-26,KZT_RUB,10,0.0035089999999999982,0.147516,0.154029,0.006512999999999991,0.042284245174609915,0.0,0.042284245174609915
2025-09-27,KZT_RUB,5,0.0046637999999999905,0.147516,0.154356,0.006839999999999985,0.04431314623338248,0.0,0.04431314623338248
2025-09-27,KZT_RUB,10,0.004213799999999992,0.147516,0.154356,0.006839999999999985,0.04431314623338248,0.0,0.04431314623338248
2025-09-30,KZT_RUB,5,0.002700400000000003,0.147516,0.152257,0.004740999999999995,0.031138141431920997,0.0,0.031138141431920997
2025-09-30,KZT_RUB,10,0.0023413000000000045,0.147516,0.152257,0.004740999999999995,0.031138141431920997,0.0,0.031138141431920997
2025-10-01,KZT_RUB,5,0.0014663999999999899,0.147516,0.150528,0.003011999999999987,0.020009566326530524,0.0,0.020009566326530524
2025-10-01,KZT_RUB,10,0.0010560999999999932,0.147516,0.150528,0.003011999999999987,0.020009566326530524,0.0,0.020009566326530524
2025-10-02,KZT_RUB,5,0.001844399999999996,0.147516,0.148429,0.0009129999999999971,0.006151089072890049,0.0,0.006151089072890049
2025-10-02,KZT_RUB,10,0.0016910999999999953,0.146369,0.148429,0.0020600000000000063,0.013878689474428893,0.0,0.013878689474428893
2025-10-03,KZT_RUB,5,0.00303759999999999,0.149731,0.147516,0.0022149999999999948,0.0,0.0,0.0
2025-10-03,KZT_RUB,10,0.0023333999999999937,0.146369,0.147516,0.0011470000000000091,0.007775427750210208,0.0,0.007775427750210208
2025-10-04,KZT_RUB,5,0.0008611999999999953,0.149924,0.149731,0.00019299999999999873,0.0,0.0,0.0
2025-10-04,KZT_RUB,10,0.001297499999999996,0.146369,0.149731,0.003362000000000004,0.02245360012288707,0.0,0.02245360012288707
2025-10-07,KZT_RUB,5,0.0013041999999999943,0.149924,0.151579,0.0016549999999999898,0.010918398986666952,0.0,0.010918398986666952
2025-10-07,KZT_RUB,10,0.0020756999999999915,0.146369,0.151579,0.005209999999999992,0.034371515843223614,0.0,0.034371515843223614
2025-10-08,KZT_RUB,5,0.0005711999999999995,0.148686,0.150155,0.001468999999999998,0.009783224001864725,0.0,0.009783224001864725
2025-10-08,KZT_RUB,10,0.001319999999999999,0.146369,0.150155,0.0037860000000000116,0.025213945589557533,0.0,0.025213945589557533
2025-10-09,KZT_RUB,5,0.0014903999999999972,0.146369,0.15056,0.004191,0.027836078639744955,0.0,0.027836078639744955
2025-10-09,KZT_RUB,10,0.0014256999999999991,0.146369,0.15056,0.004191,0.027836078639744955,0.0,0.027836078639744955
2025-10-10,KZT_RUB,5,0.002434599999999987,0.146369,0.150743,0.004373999999999989,0.029016272729081877,0.0,0.029016272729081877
2025-10-10,KZT_RUB,10,0.0014764999999999945,0.146369,0.150743,0.004373999999999989,0.029016272729081877,0.0,0.029016272729081877
2025-10-11,KZT_RUB,5,0.0017723999999999962,0.146369,0.149924,0.0035550000000000026,0.0237120140871375,0.0,0.0237120140871375
2025-10-11,KZT_RUB,10,0.0015108999999999956,0.146369,0.149924,0.0035550000000000026,0.0237120140871375,0.0,0.0237120140871375
2025-10-14,KZT_RUB,5,0.0021269999999999956,0.146369,0.149992,0.0036229999999999873,0.024154621579817508,0.0,0.024154621579817508
2025-10-14,KZT_RUB,10,0.0018053000000000014,0.146369,0.149992,0.0036229999999999873,0.024154621579817508,0.0,0.024154621579817508
2025-10-15,KZT_RUB,5,0.002362599999999998,0.146369,0.148686,0.0023170000000000135,0.015583175282138286,0.0,0.015583175282138286
2025-10-15,KZT_RUB,10,0.0021026999999999964,0.146369,0.148686,0.0023170000000000135,0.015583175282138286,0.0,0.015583175282138286
2025-10-16,KZT_RUB,5,0.003956400000000004,0.146571,0.146369,0.00020200000000000773,0.0,0.0,0.0
2025-10-16,KZT_RUB,10,0.0032735000000000012,0.146571,0.146369,0.00020200000000000773,0.0,0.0,0.0
2025-10-17,KZT_RUB,5,0.0046219999999999924,0.150572,0.146571,0.0040010000000000046,0.0,0.0,0.0
2025-10-17,KZT_RUB,10,0.003599499999999994,0.146776,0.146571,0.00020499999999998297,0.0,0.0,0.0
2025-10-18,KZT_RUB,5,0.0006405999999999912,0.150474,0.150572,9.800000000001474e-05,0.0006508514199188079,0.0,0.0006508514199188079
2025-10-18,KZT_RUB,10,0.0014974999999999988,0.146776,0.150572,0.0037960000000000216,0.025210530510320784,0.0,0.025210530510320784
2025-10-21,KZT_RUB,5,0.0015078000000000036,0.146776,0.151697,0.004921000000000009,0.03243966591297131,0.0,0.03243966591297131
2025-10-21,KZT_RUB,10,0.0016298000000000035,0.146776,0.151697,0.004921000000000009,0.03243966591297131,0.0,0.03243966591297131
2025-10-22,KZT_RUB,5,0.0017288000000000026,0.146776,0.15117,0.004394000000000009,0.029066613746113707,0.0,0.029066613746113707
2025-10-22,KZT_RUB,10,0.001930200000000004,0.146776,0.15117,0.004394000000000009,0.029066613746113707,0.0,0.029066613746113707
2025-10-23,KZT_RUB,5,0.002657400000000004,0.146776,0.151617,0.004841000000000012,0.03192913723395142,0.0,0.03192913723395142
2025-10-23,KZT_RUB,10,0.0022706000000000033,0.146776,0.151617,0.004841000000000012,0.03192913723395142,0.0,0.03192913723395142
2025-10-24,KZT_RUB,5,0.0021377999999999953,0.146776,0.150909,0.004132999999999998,0.02738736589600354,0.0,0.02738736589600354
2025-10-24,KZT_RUB,10,0.0025987000000000037,0.146776,0.150909,0.004132999999999998,0.02738736589600354,0.0,0.02738736589600354
2025-10-25,KZT_RUB,5,0.0023348000000000036,0.146776,0.150474,0.003698000000000007,0.024575674202852366,0.0,0.024575674202852366
2025-10-25,KZT_RUB,10,0.003039500000000003,0.146776,0.150474,0.003698000000000007,0.024575674202852366,0.0,0.024575674202852366
2025-10-28,KZT_RUB,5,0.003970800000000019,0.148315,0.146776,0.0015390000000000126,0.0,0.0,0.0
2025-10-28,KZT_RUB,10,0.005996900000000013,0.148315,0.146776,0.0015390000000000126,0.0,0.0,0.0
2025-10-29,KZT_RUB,5,0.0038391999999999983,0.148315,0.148324,9.000000000009e-06,6.067797524344678e-05,0.0,6.067797524344678e-05
2025-10-29,KZT_RUB,10,0.005092899999999992,0.148315,0.148324,9.000000000009e-06,6.067797524344678e-05,0.0,6.067797524344678e-05
2025-10-30,KZT_RUB,5,0.005185800000000002,0.151851,0.148315,0.0035360000000000114,0.0,0.0,0.0
2025-10-30,KZT_RUB,10,0.005631399999999997,0.151851,0.148315,0.0035360000000000114,0.0,0.0,0.0
2025-10-31,KZT_RUB,5,0.002117599999999986,0.15248,0.151851,0.0006289999999999907,0.0,0.0,0.0
2025-10-31,KZT_RUB,10,0.0023831999999999855,0.15248,0.151851,0.0006289999999999907,0.0,0.0,0.0
2025-11-01,KZT_RUB,5,0.0015677999999999914,0.15248,0.152764,0.00028400000000000647,0.0018590767458302117,0.0,0.0018590767458302117
2025-11-01,KZT_RUB,10,0.0017870999999999887,0.15248,0.152764,0.00028400000000000647,0.0018590767458302117,0.0,0.0018590767458302117
2025-11-02,KZT_RUB,5,0.0023189999999999934,0.154012,0.15248,0.0015320000000000056,0.0,0.0,0.0
2025-11-02,KZT_RUB,10,0.0022305999999999936,0.153628,0.15248,0.0011479999999999824,0.0,0.0,0.0
2025-11-06,KZT_RUB,5,0.0007174000000000014,0.154012,0.155388,0.0013759999999999883,0.008855252657862822,0.0,0.008855252657862822
2025-11-06,KZT_RUB,10,0.0006801000000000001,0.153628,0.155388,0.0017600000000000116,0.011326485957731688,0.0,0.011326485957731688
2025-11-07,KZT_RUB,5,0.0007741999999999971,0.153628,0.155021,0.0013930000000000053,0.00898587933247757,0.0,0.00898587933247757
2025-11-07,KZT_RUB,10,0.0005634,0.153628,0.155021,0.0013930000000000053,0.00898587933247757,0.0,0.00898587933247757
2025-11-08,KZT_RUB,5,0.0006058000000000007,0.153628,0.15419,0.0005620000000000069,0.003644853751864628,0.0,0.003644853751864628
2025-11-08,KZT_RUB,10,0.0008757000000000042,0.152501,0.15419,0.001688999999999996,0.01095401777028339,0.0,0.01095401777028339
2025-11-11,KZT_RUB,5,0.0009119999999999961,0.153628,0.154012,0.0003840000000000232,0.002493312209438376,0.0,0.002493312209438376
2025-11-11,KZT_RUB,10,0.0011318999999999995,0.152162,0.154012,0.0018500000000000183,0.012012051009012403,0.0,0.012012051009012403
2025-11-12,KZT_RUB,5,0.0007617999999999959,0.153628,0.155384,0.0017560000000000076,0.011301034855583635,0.0,0.011301034855583635
2025-11-12,KZT_RUB,10,0.0013511999999999997,0.151855,0.155384,0.0035290000000000044,0.02271147608505383,0.0,0.02271147608505383
2025-11-13,KZT_RUB,5,0.0004944000000000004,0.153628,0.154746,0.0011180000000000079,0.007224742481227352,0.0,0.007224742481227352
2025-11-13,KZT_RUB,10,0.0014013000000000025,0.151609,0.154746,0.003137000000000001,0.020271929484445485,0.0,0.020271929484445485
2025-11-14,KZT_RUB,5,0.0014776000000000177,0.154643,0.153628,0.0010150000000000159,0.0,0.0,0.0
2025-11-14,KZT_RUB,10,0.0016537000000000051,0.150864,0.153628,0.0027639999999999887,0.01799151196396483,0.0,0.01799151196396483
2025-11-15,KZT_RUB,5,0.0008566000000000018,0.152501,0.154729,0.0022280000000000078,0.014399369219732614,0.0,0.014399369219732614
2025-11-15,KZT_RUB,10,0.0020085000000000077,0.150864,0.154729,0.0038650000000000073,0.02497915710694186,0.0,0.02497915710694186
2025-11-18,KZT_RUB,5,0.0013716000000000062,0.152162,0.155365,0.0032030000000000114,0.02061596884755261,0.0,0.02061596884755261
2025-11-18,KZT_RUB,10,0.0026396000000000084,0.150864,0.155365,0.004501000000000005,0.028970488848839862,0.0,0.028970488848839862
2025-11-19,KZT_RUB,5,0.001783200000000007,0.151855,0.154643,0.0027880000000000127,0.018028620758779982,0.0,0.018028620758779982
2025-11-19,KZT_RUB,10,0.0025831000000000074,0.150864,0.154643,0.0037790000000000046,0.024436928926624576,0.0,0.024436928926624576
2025-11-20,KZT_RUB,5,0.002677200000000007,0.151609,0.155361,0.0037520000000000053,0.02415020500640447,0.0,0.02415020500640447
2025-11-20,KZT_RUB,10,0.0032104000000000047,0.150864,0.155361,0.004497000000000001,0.028945488249946905,0.0,0.028945488249946905
2025-11-21,KZT_RUB,5,0.0036318000000000183,0.150864,0.15543,0.0045660000000000145,0.029376568230071506,0.0,0.029376568230071506
2025-11-21,KZT_RUB,10,0.003533300000000017,0.150864,0.15543,0.0045660000000000145,0.029376568230071506,0.0,0.029376568230071506
2025-11-22,KZT_RUB,5,0.0009324000000000054,0.150864,0.152501,0.0016369999999999996,0.01073435584028957,0.0,0.01073435584028957
2025-11-22,KZT_RUB,10,0.0008544000000000023,0.150864,0.152501,0.0016369999999999996,0.01073435584028957,0.0,0.01073435584028957
2025-11-25,KZT_RUB,5,0.0007045999999999997,0.150864,0.152162,0.0012979999999999936,0.008530382092769507,0.0,0.008530382092769507
2025-11-25,KZT_RUB,10,0.000778300000000004,0.150864,0.152162,0.0012979999999999936,0.008530382092769507,0.0,0.008530382092769507
2025-11-26,KZT_RUB,5,0.0005949999999999955,0.150864,0.151855,0.0009909999999999919,0.006525962266635882,0.0,0.006525962266635882
2025-11-26,KZT_RUB,10,0.0007916000000000034,0.150864,0.151855,0.0009909999999999919,0.006525962266635882,0.0,0.006525962266635882
2025-11-27,KZT_RUB,5,0.0007064000000000014,0.150864,0.151609,0.0007449999999999957,0.0049139562954705574,0.0,0.0049139562954705574
2025-11-27,KZT_RUB,10,0.0007695000000000035,0.150864,0.151609,0.0007449999999999957,0.0049139562954705574,0.0,0.0049139562954705574
2025-11-28,KZT_RUB,5,0.0011311999999999989,0.150868,0.150864,4.000000000004e-06,0.0,0.0,0.0
2025-11-28,KZT_RUB,10,0.0012297000000000002,0.150868,0.150864,4.000000000004e-06,0.0,0.0,0.0
2025-11-29,KZT_RUB,5,0.0010244000000000086,0.150868,0.151353,0.00048499999999998544,0.0032044293803227255,0.0,0.0032044293803227255
2025-11-29,KZT_RUB,10,0.0010864000000000069,0.150868,0.151353,0.00048499999999998544,0.0032044293803227255,0.0,0.0032044293803227255
2025-12-02,KZT_RUB,5,0.0011856000000000089,0.150868,0.151606,0.0007379999999999887,0.00486788121842136,0.0,0.00486788121842136
2025-12-02,KZT_RUB,10,0.0010337000000000067,0.150868,0.151606,0.0007379999999999887,0.00486788121842136,0.0,0.00486788121842136
2025-12-03,KZT_RUB,5,0.0016764000000000002,0.151108,0.150868,0.00023999999999999022,0.0,0.0,0.0
2025-12-03,KZT_RUB,10,0.0016706,0.151108,0.150868,0.00023999999999999022,0.0,0.0,0.0
2025-12-04,KZT_RUB,5,0.0012632000000000032,0.151108,0.153396,0.0022880000000000122,0.01491564317192112,0.0,0.01491564317192112
2025-12-04,KZT_RUB,10,0.0009872000000000019,0.151108,0.153396,0.0022880000000000122,0.01491564317192112,0.0,0.01491564317192112
2025-12-05,KZT_RUB,5,0.0008467999999999976,0.151108,0.152753,0.0016450000000000076,0.010769019266397437,0.0,0.010769019266397437
2025-12-05,KZT_RUB,10,0.001036999999999999,0.151108,0.152753,0.0016450000000000076,0.010769019266397437,0.0,0.010769019266397437
2025-12-06,KZT_RUB,5,0.0009601999999999999,0.151108,0.152294,0.0011860000000000204,0.00778756878143604,0.0,0.00778756878143604
2025-12-06,KZT_RUB,10,0.0016177999999999943,0.151108,0.152294,0.0011860000000000204,0.00778756878143604,0.0,0.00778756878143604
2025-12-09,KZT_RUB,5,0.0010492000000000058,0.151108,0.153171,0.0020630000000000093,0.013468606981739423,0.0,0.013468606981739423
2025-12-09,KZT_RUB,10,0.0013571,0.151108,0.153171,0.0020630000000000093,0.013468606981739423,0.0,0.013468606981739423
2025-12-10,KZT_RUB,5,0.0014248000000000095,0.151338,0.151108,0.00023000000000000798,0.0,0.0,0.0
2025-12-10,KZT_RUB,10,0.002487300000000006,0.151338,0.151108,0.00023000000000000798,0.0,0.0,0.0
2025-12-11,KZT_RUB,5,0.001866000000000001,0.152091,0.151338,0.0007530000000000037,0.0,0.0,0.0
2025-12-11,KZT_RUB,10,0.002497799999999997,0.152091,0.151338,0.0007530000000000037,0.0,0.0,0.0
2025-12-12,KZT_RUB,5,0.0011230000000000018,0.152091,0.15305,0.0009589999999999876,0.0062659261679189,0.0,0.0062659261679189
2025-12-12,KZT_RUB,10,0.0011707999999999996,0.152091,0.15305,0.0009589999999999876,0.0062659261679189,0.0,0.0062659261679189
2025-12-13,KZT_RUB,5,0.0018417999999999935,0.152091,0.15332,0.0012290000000000079,0.008015914427341559,0.0,0.008015914427341559
2025-12-13,KZT_RUB,10,0.0013189000000000007,0.151503,0.15332,0.001817000000000013,0.01185103052439351,0.0,0.01185103052439351
2025-12-16,KZT_RUB,5,0.0026225999999999914,0.152865,0.152091,0.0007739999999999969,0.0,0.0,0.0
2025-12-16,KZT_RUB,10,0.001756299999999994,0.151503,0.152091,0.0005880000000000052,0.003866106475728381,0.0,0.003866106475728381
2025-12-17,KZT_RUB,5,0.001904399999999995,0.152586,0.152865,0.00027900000000000147,0.0018251398292611224,0.0,0.0018251398292611224
2025-12-17,KZT_RUB,10,0.0014939999999999982,0.151503,0.152865,0.001362000000000002,0.00890982239230695,0.0,0.00890982239230695
2025-12-18,KZT_RUB,5,0.0015876000000000002,0.152586,0.154694,0.0021079999999999988,0.01362690214229381,0.0,0.01362690214229381
2025-12-18,KZT_RUB,10,0.0015086999999999989,0.151503,0.154694,0.0031909999999999994,0.02062782008351972,0.0,0.02062782008351972
2025-12-19,KZT_RUB,5,0.0024083999999999993,0.152416,0.155607,0.0031909999999999994,0.020506789540316307,0.0,0.020506789540316307
2025-12-19,KZT_RUB,10,0.002094199999999996,0.151503,0.155607,0.0041039999999999965,0.02637413483969228,0.0,0.02637413483969228
2025-12-20,KZT_RUB,5,0.0044907999999999944,0.151503,0.157184,0.005680999999999992,0.03614235545602601,0.0,0.03614235545602601
2025-12-20,KZT_RUB,10,0.0036604999999999915,0.151503,0.157184,0.005680999999999992,0.03614235545602601,0.0,0.03614235545602601
2025-12-23,KZT_RUB,5,0.0007873999999999992,0.151503,0.153218,0.0017149999999999943,0.011193201843125444,0.0,0.011193201843125444
2025-12-23,KZT_RUB,10,0.0009982000000000046,0.151503,0.153218,0.0017149999999999943,0.011193201843125444,0.0,0.011193201843125444
2025-12-24,KZT_RUB,5,0.0011394000000000016,0.151503,0.152586,0.0010830000000000006,0.007097636742558299,0.0,0.007097636742558299
2025-12-24,KZT_RUB,10,0.0012766000000000027,0.151503,0.152586,0.0010830000000000006,0.007097636742558299,0.0,0.007097636742558299
2025-12-25,KZT_RUB,5,0.0011664000000000008,0.151503,0.153743,0.002239999999999992,0.014569769030134655,0.0,0.014569769030134655
2025-12-25,KZT_RUB,10,0.0010580000000000034,0.151503,0.153743,0.002239999999999992,0.014569769030134655,0.0,0.014569769030134655
2025-12-26,KZT_RUB,5,0.0017762000000000056,0.151503,0.152416,0.0009129999999999971,0.005990184757505755,0.0,0.005990184757505755
2025-12-26,KZT_RUB,10,0.001300200000000007,0.151503,0.152416,0.0009129999999999971,0.005990184757505755,0.0,0.005990184757505755
2025-12-27,KZT_RUB,5,0.002850800000000003,0.153481,0.151503,0.0019780000000000075,0.0,0.0,0.0
2025-12-27,KZT_RUB,10,0.002032500000000004,0.151825,0.151503,0.00032199999999998896,0.0,0.0,0.0
2025-12-30,KZT_RUB,5,0.0009459999999999969,0.153847,0.153481,0.0003660000000000052,0.0,0.0,0.0
2025-12-30,KZT_RUB,10,0.0012330000000000008,0.150066,0.153481,0.0034150000000000014,0.022250311113427727,0.0,0.022250311113427727
2025-12-31,KZT_RUB,5,0.0010806000000000038,0.15233,0.154978,0.0026480000000000115,0.017086296119449285,0.0,0.017086296119449285
2025-12-31,KZT_RUB,10,0.0022683000000000035,0.150066,0.154978,0.004912,0.03169482120042844,0.0,0.03169482120042844
2026-01-13,KZT_RUB,5,0.0012112000000000067,0.151825,0.154511,0.0026860000000000217,0.017383875581673935,0.0,0.017383875581673935
2026-01-13,KZT_RUB,10,0.002181800000000006,0.150066,0.154511,0.0044450000000000045,0.028768178317401378,0.0,0.028768178317401378
2026-01-14,KZT_RUB,5,0.0016925999999999942,0.151825,0.154662,0.002837000000000006,0.01834322587319449,0.0,0.01834322587319449
2026-01-14,KZT_RUB,10,0.002512999999999993,0.150066,0.154662,0.004595999999999989,0.02971641385731459,0.0,0.02971641385731459
2026-01-15,KZT_RUB,5,0.0014197999999999932,0.151825,0.154137,0.0023120000000000085,0.014999643174578515,0.0,0.014999643174578515
2026-01-15,KZT_RUB,10,0.0022173999999999944,0.150066,0.154137,0.004070999999999991,0.026411568928939783,0.0,0.026411568928939783
2026-01-16,KZT_RUB,5,0.0018860000000000098,0.150066,0.153847,0.0037810000000000066,0.024576364829993477,0.0,0.024576364829993477
2026-01-16,KZT_RUB,10,0.0022248000000000103,0.150066,0.153847,0.0037810000000000066,0.024576364829993477,0.0,0.024576364829993477
2026-01-17,KZT_RUB,5,0.0011776000000000065,0.150066,0.15233,0.0022639999999999882,0.014862469638285225,0.0,0.014862469638285225
2026-01-17,KZT_RUB,10,0.0011200999999999989,0.150066,0.15233,0.0022639999999999882,0.014862469638285225,0.0,0.014862469638285225
2026-01-20,KZT_RUB,5,0.0012400000000000022,0.150066,0.151825,0.0017589999999999828,0.01158570722871716,0.0,0.01158570722871716
2026-01-20,KZT_RUB,10,0.0011123000000000023,0.150066,0.151825,0.0017589999999999828,0.01158570722871716,0.0,0.01158570722871716
2026-01-21,KZT_RUB,5,0.001446600000000009,0.150066,0.152708,0.0026420000000000055,0.017300992744322532,0.0,0.017300992744322532
2026-01-21,KZT_RUB,10,0.0013473000000000068,0.150066,0.152708,0.0026420000000000055,0.017300992744322532,0.0,0.017300992744322532
2026-01-22,KZT_RUB,5,0.0017540000000000112,0.150066,0.152876,0.002810000000000007,0.018380910018577192,0.0,0.018380910018577192
2026-01-22,KZT_RUB,10,0.00145880000000001,0.150066,0.152876,0.002810000000000007,0.018380910018577192,0.0,0.018380910018577192
2026-01-23,KZT_RUB,5,0.0012173999999999963,0.150135,0.150066,6.899999999998574e-05,0.0,0.0,0.0
2026-01-23,KZT_RUB,10,0.0018674999999999942,0.150135,0.150066,6.899999999998574e-05,0.0,0.0,0.0
2026-01-24,KZT_RUB,5,0.0012236000000000135,0.150511,0.150135,0.0003760000000000152,0.0,0.0,0.0
2026-01-24,KZT_RUB,10,0.002348300000000009,0.150511,0.150135,0.0003760000000000152,0.0,0.0,0.0
2026-01-27,KZT_RUB,5,0.001147999999999999,0.150511,0.151008,0.0004969999999999974,0.0032912163593981606,0.0,0.0032912163593981606
2026-01-27,KZT_RUB,10,0.002199499999999993,0.150511,0.151008,0.0004969999999999974,0.0032912163593981606,0.0,0.0032912163593981606
2026-01-28,KZT_RUB,5,0.001157999999999998,0.150511,0.152558,0.0020469999999999933,0.013417847638275235,0.0,0.013417847638275235
2026-01-28,KZT_RUB,10,0.0017963999999999953,0.150511,0.152558,0.0020469999999999933,0.013417847638275235,0.0,0.013417847638275235
2026-01-29,KZT_RUB,5,0.0011321999999999942,0.150511,0.151843,0.0013319999999999999,0.008772218673234853,0.0,0.008772218673234853
2026-01-29,KZT_RUB,10,0.0026127999999999902,0.150511,0.151843,0.0013319999999999999,0.008772218673234853,0.0,0.008772218673234853
2026-01-30,KZT_RUB,5,0.0018553999999999903,0.150511,0.150873,0.0003620000000000012,0.0023993690057200505,0.0,0.0023993690057200505
2026-01-30,KZT_RUB,10,0.0038414999999999895,0.150511,0.150873,0.0003620000000000012,0.0023993690057200505,0.0,0.0023993690057200505
2026-01-31,KZT_RUB,5,0.0030969999999999887,0.152388,0.150511,0.0018769999999999898,0.0,0.0,0.0
2026-01-31,KZT_RUB,10,0.004697499999999991,0.152388,0.150511,0.0018769999999999898,0.0,0.0,0.0
2026-02-03,KZT_RUB,5,0.0015348000000000028,0.152388,0.153731,0.0013430000000000109,0.008736038925135534,0.0,0.008736038925135534
2026-02-03,KZT_RUB,10,0.002055399999999999,0.152388,0.153731,0.0013430000000000109,0.008736038925135534,0.0,0.008736038925135534
2026-02-04,KZT_RUB,5,0.002604799999999996,0.152769,0.152388,0.00038099999999999246,0.0,0.0,0.0
2026-02-04,KZT_RUB,10,0.0032545000000000017,0.152769,0.152388,0.00038099999999999246,0.0,0.0,0.0
2026-02-05,KZT_RUB,5,0.0031674000000000034,0.153519,0.152769,0.0007500000000000007,0.0,0.0,0.0
2026-02-05,KZT_RUB,10,0.0031382000000000103,0.153519,0.152769,0.0007500000000000007,0.0,0.0,0.0
2026-02-06,KZT_RUB,5,0.0031816000000000066,0.155633,0.153519,0.0021140000000000048,0.0,0.0,0.0
2026-02-06,KZT_RUB,10,0.0026996000000000103,0.154476,0.153519,0.0009570000000000134,0.0,0.0,0.0
2026-02-07,KZT_RUB,5,0.0011760000000000047,0.156057,0.155633,0.0004240000000000077,0.0,0.0,0.0
2026-02-07,KZT_RUB,10,0.0009873000000000048,0.154476,0.155633,0.0011569999999999914,0.007434155995193766,0.0,0.007434155995193766
2026-02-10,KZT_RUB,5,0.0010209999999999941,0.154476,0.156986,0.0025099999999999845,0.015988686889276654,0.0,0.015988686889276654
2026-02-10,KZT_RUB,10,0.001100999999999988,0.154091,0.156986,0.002894999999999981,0.018441134878269278,0.0,0.018441134878269278
2026-02-11,KZT_RUB,5,0.000897199999999998,0.154476,0.156057,0.001580999999999999,0.010130913704607926,0.0,0.010130913704607926
2026-02-11,KZT_RUB,10,0.0010666000000000009,0.153905,0.156057,0.002152000000000015,0.01378983320197117,0.0,0.01378983320197117
2026-02-12,KZT_RUB,5,0.0016089999999999826,0.154476,0.157487,0.003010999999999986,0.019119038396819967,0.0,0.019119038396819967
2026-02-12,KZT_RUB,10,0.002009299999999986,0.153856,0.157487,0.0036309999999999953,0.02305587127826421,0.0,0.02305587127826421
2026-02-13,KZT_RUB,5,0.0016034000000000048,0.154476,0.15734,0.0028640000000000054,0.018202618533113037,0.0,0.018202618533113037
2026-02-13,KZT_RUB,10,0.0021955000000000056,0.153856,0.15734,0.003484000000000015,0.022143129528409907,0.0,0.022143129528409907
2026-02-14,KZT_RUB,5,0.000767000000000001,0.154476,0.156175,0.001699000000000006,0.010878821834480589,0.0,0.010878821834480589
2026-02-14,KZT_RUB,10,0.0013746000000000064,0.153856,0.156175,0.0023190000000000155,0.014848727389146889,0.0,0.014848727389146889
2026-02-17,KZT_RUB,5,0.001483000000000001,0.154091,0.154476,0.00038499999999999646,0.0024922965379735136,0.0,0.0024922965379735136
2026-02-17,KZT_RUB,10,0.000976200000000002,0.153856,0.154476,0.0006200000000000094,0.004013568450762639,0.0,0.004013568450762639
2026-02-18,KZT_RUB,5,0.0012212000000000056,0.153905,0.155983,0.0020780000000000243,0.013321964573062603,0.0,0.013321964573062603
2026-02-18,KZT_RUB,10,0.0012869000000000075,0.153856,0.155983,0.0021270000000000178,0.013636101370021206,0.0,0.013636101370021206
2026-02-19,KZT_RUB,5,0.0014198000000000045,0.153856,0.155416,0.0015600000000000058,0.010037576568693094,0.0,0.010037576568693094
2026-02-19,KZT_RUB,10,0.0011618000000000017,0.153856,0.155416,0.0015600000000000058,0.010037576568693094,0.0,0.010037576568693094
2026-02-20,KZT_RUB,5,0.0021882000000000013,0.153856,0.156633,0.0027770000000000017,0.01772934183728845,0.0,0.01772934183728845
2026-02-20,KZT_RUB,10,0.0019119999999999999,0.153856,0.156633,0.0027770000000000017,0.01772934183728845,0.0,0.01772934183728845
2026-02-21,KZT_RUB,5,0.002709200000000017,0.153856,0.156902,0.003046000000000021,0.019413391798702506,0.0,0.019413391798702506
2026-02-21,KZT_RUB,10,0.0023272000000000097,0.153856,0.156902,0.003046000000000021,0.019413391798702506,0.0,0.019413391798702506
2026-02-25,KZT_RUB,5,0.00036840000000000207,0.153856,0.154091,0.00023500000000001298,0.0015250728465647765,0.0,0.0015250728465647765
2026-02-25,KZT_RUB,10,0.0024729999999999973,0.153856,0.154091,0.00023500000000001298,0.0015250728465647765,0.0,0.0015250728465647765
2026-02-26,KZT_RUB,5,0.0008310000000000095,0.153856,0.153905,4.899999999999349e-05,0.00031837822033068124,0.0,0.00031837822033068124
2026-02-26,KZT_RUB,10,0.0033338000000000118,0.153856,0.153905,4.899999999999349e-05,0.00031837822033068124,0.0,0.00031837822033068124
2026-02-27,KZT_RUB,5,0.0013758000000000047,0.154008,0.153856,0.00015200000000001324,0.0,0.0,0.0
2026-02-27,KZT_RUB,10,0.0043040000000000075,0.154008,0.153856,0.00015200000000001324,0.0,0.0,0.0
2026-02-28,KZT_RUB,5,0.0025083999999999883,0.154416,0.154008,0.0004079999999999917,0.0,0.0,0.0
2026-02-28,KZT_RUB,10,0.005248899999999996,0.154416,0.154008,0.0004079999999999917,0.0,0.0,0.0
2026-03-03,KZT_RUB,5,0.0025548000000000016,0.154416,0.155104,0.0006879999999999942,0.004435733443366994,0.0,0.004435733443366994
2026-03-03,KZT_RUB,10,0.00562710000000001,0.154416,0.155104,0.0006879999999999942,0.004435733443366994,0.0,0.004435733443366994
2026-03-04,KZT_RUB,5,0.0042526000000000005,0.156198,0.154416,0.0017820000000000058,0.0,0.0,0.0
2026-03-04,KZT_RUB,10,0.008089200000000005,0.156198,0.154416,0.0017820000000000058,0.0,0.0,0.0
2026-03-05,KZT_RUB,5,0.0035435999999999966,0.156433,0.156198,0.00023499999999998522,0.0,0.0,0.0
2026-03-05,KZT_RUB,10,0.008270699999999997,0.156433,0.156198,0.00023499999999998522,0.0,0.0,0.0
2026-03-06,KZT_RUB,5,0.004655200000000015,0.15944,0.156433,0.0030070000000000097,0.0,0.0,0.0
2026-03-06,KZT_RUB,10,0.009807900000000013,0.15944,0.156433,0.0030070000000000097,0.0,0.0,0.0
2026-03-07,KZT_RUB,5,0.0019628000000000145,0.15944,0.160431,0.0009909999999999919,0.006177110408836148,0.0,0.006177110408836148
2026-03-07,KZT_RUB,10,0.00694020000000001,0.15944,0.160431,0.0009909999999999919,0.006177110408836148,0.0,0.006177110408836148
2026-03-11,KZT_RUB,5,0.004363400000000012,0.160841,0.15944,0.0014010000000000133,0.0,0.0,0.0
2026-03-11,KZT_RUB,10,0.008574300000000003,0.160841,0.15944,0.0014010000000000133,0.0,0.0,0.0
2026-03-12,KZT_RUB,5,0.005500799999999995,0.161563,0.160841,0.0007220000000000004,0.0,0.0,0.0
2026-03-12,KZT_RUB,10,0.00782449999999999,0.161563,0.160841,0.0007220000000000004,0.0,0.0,0.0
2026-03-13,KZT_RUB,5,0.00763279999999999,0.163166,0.161563,0.0016029999999999933,0.0,0.0,0.0
2026-03-13,KZT_RUB,10,0.007974299999999986,0.163166,0.161563,0.0016029999999999933,0.0,0.0,0.0
2026-03-14,KZT_RUB,5,0.008227599999999996,0.164977,0.163166,0.001811000000000007,0.0,0.0,0.0
2026-03-14,KZT_RUB,10,0.006895599999999993,0.164977,0.163166,0.001811000000000007,0.0,0.0,0.0
2026-03-17,KZT_RUB,5,0.007371599999999983,0.16847,0.164977,0.003492999999999996,0.0,0.0,0.0
2026-03-17,KZT_RUB,10,0.005434699999999984,0.167353,0.164977,0.0023759999999999892,0.0,0.0,0.0
2026-03-18,KZT_RUB,5,0.004001999999999989,0.167853,0.16847,0.0006170000000000064,0.003662373122811221,0.0,0.003662373122811221
2026-03-18,KZT_RUB,10,0.0023266999999999897,0.167353,0.16847,0.0011170000000000069,0.006630260580518827,0.0,0.006630260580518827
2026-03-19,KZT_RUB,5,0.003712599999999999,0.167353,0.173533,0.006179999999999991,0.035612822921288693,0.0,0.035612822921288693
2026-03-19,KZT_RUB,10,0.0041933,0.167353,0.173533,0.006179999999999991,0.035612822921288693,0.0,0.035612822921288693
2026-03-20,KZT_RUB,5,0.005954199999999993,0.167353,0.175833,0.008479999999999988,0.04822757957834985,0.0,0.04822757957834985
2026-03-20,KZT_RUB,10,0.006583199999999995,0.167353,0.175833,0.008479999999999988,0.04822757957834985,0.0,0.04822757957834985
2026-03-21,KZT_RUB,5,0.005425400000000008,0.167353,0.174155,0.0068020000000000025,0.03905716172375184,0.0,0.03905716172375184
2026-03-21,KZT_RUB,10,0.005440000000000009,0.167353,0.174155,0.0068020000000000025,0.03905716172375184,0.0,0.03905716172375184
2026-03-24,KZT_RUB,5,0.0014887999999999902,0.167353,0.169752,0.0023989999999999845,0.0141323813563315,0.0,0.0141323813563315
2026-03-24,KZT_RUB,10,0.0013837999999999906,0.167342,0.169752,0.0024099999999999955,0.014197181771054218,0.0,0.014197181771054218
2026-03-25,KZT_RUB,5,0.0009971999999999926,0.167353,0.167853,0.0005000000000000004,0.00297879692349854,0.0,0.00297879692349854
2026-03-25,KZT_RUB,10,0.0009249999999999953,0.167342,0.167853,0.0005110000000000114,0.0030443304558155733,0.0,0.0030443304558155733
2026-03-26,KZT_RUB,5,0.0015059999999999906,0.168397,0.167353,0.0010439999999999894,0.0,0.0,0.0
2026-03-26,KZT_RUB,10,0.0014986999999999945,0.167342,0.167353,1.1000000000011001e-05,6.572932663299135e-05,0.0,6.572932663299135e-05
2026-03-27,KZT_RUB,5,0.001660199999999995,0.168397,0.170281,0.0018839999999999968,0.01106406469306615,0.0,0.01106406469306615
2026-03-27,KZT_RUB,10,0.0020835999999999936,0.16376,0.170281,0.006520999999999999,0.03829552328210428,0.0,0.03829552328210428
2026-03-28,KZT_RUB,5,0.00029619999999999647,0.168397,0.168409,1.2000000000012001e-05,7.125509919310727e-05,0.0,7.125509919310727e-05
2026-03-28,KZT_RUB,10,0.0017329999999999984,0.160419,0.168409,0.007989999999999997,0.047444020212696454,0.0,0.047444020212696454
2026-03-31,KZT_RUB,5,0.00048200000000000467,0.167342,0.168478,0.0011359999999999981,0.006742720117760172,0.0,0.006742720117760172
2026-03-31,KZT_RUB,10,0.0024512000000000006,0.160419,0.168478,0.008058999999999983,0.0478341385818919,0.0,0.0478341385818919
2026-04-01,KZT_RUB,5,0.00045980000000000467,0.167342,0.16873,0.0013880000000000003,0.00822616013749778,0.0,0.00822616013749778
2026-04-01,KZT_RUB,10,0.003351699999999999,0.159725,0.16873,0.009004999999999985,0.05336928821193614,0.0,0.05336928821193614
2026-04-02,KZT_RUB,5,0.0008650000000000047,0.167342,0.168397,0.0010550000000000004,0.006264957214202156,0.0,0.006264957214202156
2026-04-02,KZT_RUB,10,0.004351399999999997,0.157734,0.168397,0.010662999999999978,0.06332060547396913,0.0,0.06332060547396913
2026-04-03,KZT_RUB,5,0.0017159999999999953,0.16376,0.16909,0.005330000000000001,0.031521674847714246,0.0,0.031521674847714246
2026-04-03,KZT_RUB,10,0.005450199999999991,0.157734,0.16909,0.011355999999999977,0.06715950085753136,0.0,0.06715950085753136
2026-04-04,KZT_RUB,5,0.003249400000000002,0.160419,0.168807,0.008388000000000007,0.049689882528568166,0.0,0.049689882528568166
2026-04-04,KZT_RUB,10,0.005985800000000008,0.157734,0.168807,0.011073,0.06559562103467273,0.0,0.06559562103467273
2026-04-07,KZT_RUB,5,0.004193199999999997,0.160419,0.167342,0.006922999999999985,0.04137036727181452,0.0,0.04137036727181452
2026-04-07,KZT_RUB,10,0.005816799999999994,0.157734,0.167342,0.009607999999999978,0.05741535298968566,0.0,0.05741535298968566
2026-04-08,KZT_RUB,5,0.006328199999999995,0.159725,0.168871,0.009145999999999987,0.054159684019162484,0.0,0.054159684019162484
2026-04-08,KZT_RUB,10,0.007733899999999997,0.157734,0.168871,0.01113699999999998,0.06594974862468973,0.0,0.06594974862468973
2026-04-09,KZT_RUB,5,0.009530799999999989,0.157734,0.17009,0.012355999999999978,0.07264389440884225,0.0,0.07264389440884225
2026-04-09,KZT_RUB,10,0.009579799999999994,0.157734,0.17009,0.012355999999999978,0.07264389440884225,0.0,0.07264389440884225
2026-04-10,KZT_RUB,5,0.0038543999999999857,0.157734,0.16376,0.006025999999999976,0.03679775280898862,0.0,0.03679775280898862
2026-04-10,KZT_RUB,10,0.0034056999999999894,0.157734,0.16376,0.006025999999999976,0.03679775280898862,0.0,0.03679775280898862
2026-04-11,KZT_RUB,5,0.0010173999999999906,0.157734,0.160419,0.002684999999999993,0.016737418884296702,0.0,0.016737418884296702
2026-04-11,KZT_RUB,10,0.0012307999999999985,0.157734,0.160419,0.002684999999999993,0.016737418884296702,0.0,0.016737418884296702
2026-04-14,KZT_RUB,5,0.0013191999999999926,0.157734,0.161158,0.0034239999999999826,0.021246230407426146,0.0,0.021246230407426146
2026-04-14,KZT_RUB,10,0.0012393999999999988,0.157734,0.161158,0.0034239999999999826,0.021246230407426146,0.0,0.021246230407426146
2026-04-15,KZT_RUB,5,0.0011431999999999942,0.157734,0.159725,0.0019909999999999928,0.012465174518703976,0.0,0.012465174518703976
2026-04-15,KZT_RUB,10,0.001687099999999997,0.157734,0.159725,0.0019909999999999928,0.012465174518703976,0.0,0.012465174518703976
2026-04-16,KZT_RUB,5,0.0027271999999999796,0.158874,0.157734,0.0011399999999999744,0.0,0.0,0.0
2026-04-16,KZT_RUB,10,0.003713999999999987,0.158874,0.157734,0.0011399999999999744,0.0,0.0,0.0
2026-04-17,KZT_RUB,5,0.0010582000000000035,0.158874,0.160492,0.0016180000000000083,0.010081499389377717,0.0,0.010081499389377717
2026-04-17,KZT_RUB,10,0.001487000000000005,0.158874,0.160492,0.0016180000000000083,0.010081499389377717,0.0,0.010081499389377717
2026-04-18,KZT_RUB,5,0.0012650000000000105,0.158874,0.161315,0.0024409999999999987,0.015131884821622286,0.0,0.015131884821622286
2026-04-18,KZT_RUB,10,0.0012361000000000067,0.158874,0.161315,0.0024409999999999987,0.015131884821622286,0.0,0.015131884821622286
2026-04-21,KZT_RUB,5,0.0016164000000000122,0.158874,0.160242,0.001368000000000008,0.008537087654921982,0.0,0.008537087654921982
2026-04-21,KZT_RUB,10,0.0019975000000000075,0.158874,0.160242,0.001368000000000008,0.008537087654921982,0.0,0.008537087654921982
2026-04-22,KZT_RUB,5,0.003082000000000018,0.160926,0.158874,0.002052000000000026,0.0,0.0,0.0
2026-04-22,KZT_RUB,10,0.003381500000000015,0.160926,0.158874,0.002052000000000026,0.0,0.0,0.0
2026-04-23,KZT_RUB,5,0.0012346000000000024,0.160926,0.161383,0.0004569999999999852,0.002831772863312649,0.0,0.002831772863312649
2026-04-23,KZT_RUB,10,0.0009996000000000004,0.160926,0.161383,0.0004569999999999852,0.002831772863312649,0.0,0.002831772863312649
2026-04-24,KZT_RUB,5,0.0008120000000000072,0.160926,0.162201,0.0012749999999999984,0.007860617382136968,0.0,0.007860617382136968
2026-04-24,KZT_RUB,10,0.000831200000000007,0.160325,0.162201,0.0018760000000000165,0.011565896634422824,0.0,0.011565896634422824
2026-04-25,KZT_RUB,5,0.0010474000000000095,0.160926,0.163172,0.002245999999999998,0.013764616478317344,0.0,0.013764616478317344
2026-04-25,KZT_RUB,10,0.0015810000000000101,0.15997,0.163172,0.0032020000000000104,0.019623464810139057,0.0,0.019623464810139057
2026-04-28,KZT_RUB,5,0.001694599999999985,0.162066,0.160926,0.0011399999999999744,0.0,0.0,0.0
2026-04-28,KZT_RUB,10,0.0013804999999999928,0.158095,0.160926,0.002831,0.017591936666542386,0.0,0.017591936666542386
2026-04-29,KZT_RUB,5,0.0006010000000000071,0.16177,0.162098,0.00032799999999999496,0.0020234672852224886,0.0,0.0020234672852224886
2026-04-29,KZT_RUB,10,0.001767699999999997,0.156402,0.162098,0.005695999999999979,0.03513923675801046,0.0,0.03513923675801046
2026-04-30,KZT_RUB,5,0.0017722000000000072,0.161026,0.163777,0.0027510000000000034,0.016797230380334257,0.0,0.016797230380334257
2026-04-30,KZT_RUB,10,0.003869000000000003,0.154264,0.163777,0.009512999999999994,0.058085079101461094,0.0,0.058085079101461094
2026-05-01,KZT_RUB,5,0.0008213999999999999,0.160325,0.162066,0.0017409999999999926,0.010742536991102345,0.0,0.010742536991102345
2026-05-01,KZT_RUB,10,0.003182599999999991,0.15388,0.162066,0.008185999999999999,0.05051028593289154,0.0,0.05051028593289154
2026-05-05,KZT_RUB,5,0.0019085999999999992,0.15997,0.162966,0.0029959999999999987,0.01838420283985616,0.0,0.01838420283985616
2026-05-05,KZT_RUB,10,0.0049260999999999975,0.152471,0.162966,0.010495000000000004,0.06439993618300753,0.0,0.06439993618300753
2026-05-06,KZT_RUB,5,0.001958800000000005,0.158095,0.162196,0.0041009999999999935,0.025284224025253356,0.0,0.025284224025253356
2026-05-06,KZT_RUB,10,0.005341500000000004,0.150342,0.162196,0.011854000000000003,0.07308441638511433,0.0,0.07308441638511433
2026-05-07,KZT_RUB,5,0.0026063999999999922,0.156402,0.16177,0.005367999999999984,0.033182914013723086,0.0,0.033182914013723086
2026-05-07,KZT_RUB,10,0.006087299999999995,0.150052,0.16177,0.011718000000000006,0.07243617481609697,0.0,0.07243617481609697
2026-05-08,KZT_RUB,5,0.0032147999999999955,0.154264,0.161026,0.00676199999999999,0.04199321848645554,0.0,0.04199321848645554
2026-05-08,KZT_RUB,10,0.0063416,0.150052,0.161026,0.010974000000000012,0.06815048501484239,0.0,0.06815048501484239
2026-05-09,KZT_RUB,5,0.0038027999999999894,0.15388,0.160325,0.006445000000000006,0.040199594573522575,0.0,0.040199594573522575
2026-05-09,KZT_RUB,10,0.006476399999999993,0.150052,0.160325,0.010273000000000004,0.0640760954311555,0.0,0.0640760954311555
2026-05-13,KZT_RUB,5,0.0049475999999999964,0.152471,0.15997,0.007499000000000006,0.04687753953866353,0.0,0.04687753953866353
2026-05-13,KZT_RUB,10,0.0069499,0.150052,0.15997,0.00991800000000001,0.0619991248359068,0.0,0.0619991248359068
2026-05-14,KZT_RUB,5,0.0046232000000000105,0.150342,0.158095,0.00775300000000001,0.049040134096587557,0.0,0.049040134096587557
2026-05-14,KZT_RUB,10,0.006035400000000013,0.14849,0.158095,0.009605000000000002,0.06075460957019515,0.0,0.06075460957019515
2026-05-15,KZT_RUB,5,0.004200200000000015,0.150052,0.156402,0.006350000000000022,0.040600503829874436,0.0,0.040600503829874436
2026-05-15,KZT_RUB,10,0.0050351000000000146,0.14849,0.156402,0.007912000000000002,0.05058758839401032,0.0,0.05058758839401032
2026-05-16,KZT_RUB,5,0.002706400000000014,0.150052,0.154264,0.004212000000000021,0.027303842763055676,0.0,0.027303842763055676
2026-05-16,KZT_RUB,10,0.0036963000000000135,0.146272,0.154264,0.007991999999999999,0.05180729139656692,0.0,0.05180729139656692
2026-05-19,KZT_RUB,5,0.002704999999999991,0.150052,0.15388,0.003827999999999998,0.024876527164023905,0.0,0.024876527164023905
2026-05-19,KZT_RUB,10,0.003975899999999988,0.146272,0.15388,0.007607999999999976,0.049441122952950195,0.0,0.049441122952950195
2026-05-20,KZT_RUB,5,0.001453199999999999,0.150052,0.152471,0.0024190000000000045,0.015865312092135583,0.0,0.015865312092135583
2026-05-20,KZT_RUB,10,0.002974399999999994,0.146272,0.152471,0.006198999999999982,0.04065691180617942,0.0,0.04065691180617942
2026-05-21,KZT_RUB,5,0.0011621999999999965,0.14849,0.150342,0.0018519999999999925,0.012318580303574467,0.0,0.012318580303574467
2026-05-21,KZT_RUB,10,0.001740899999999998,0.146272,0.150342,0.00406999999999999,0.027071610062391015,0.0,0.027071610062391015
2026-05-22,KZT_RUB,5,0.001335599999999998,0.14849,0.150052,0.00156199999999998,0.01040972462879522,0.0,0.01040972462879522
2026-05-22,KZT_RUB,10,0.0018033999999999939,0.146272,0.150052,0.003779999999999978,0.025191267027430346,0.0,0.025191267027430346
2026-05-23,KZT_RUB,5,0.0020915999999999934,0.146272,0.151043,0.0047709999999999975,0.031587031507583914,0.0,0.031587031507583914
2026-05-23,KZT_RUB,10,0.002034899999999998,0.146272,0.151043,0.0047709999999999975,0.031587031507583914,0.0,0.031587031507583914
2026-05-26,KZT_RUB,5,0.0033337999999999866,0.146272,0.151967,0.005694999999999978,0.037475241335289754,0.0,0.037475241335289754
2026-05-26,KZT_RUB,10,0.002586599999999989,0.146272,0.151967,0.005694999999999978,0.037475241335289754,0.0,0.037475241335289754
2026-05-27,KZT_RUB,5,0.0037095999999999796,0.146272,0.151685,0.005412999999999973,0.03568579622243448,0.0,0.03568579622243448
2026-05-27,KZT_RUB,10,0.002706699999999987,0.146272,0.151685,0.005412999999999973,0.03568579622243448,0.0,0.03568579622243448
2026-05-28,KZT_RUB,5,0.0009555999999999954,0.146272,0.14849,0.0022179999999999978,0.014937032796821318,0.0,0.014937032796821318
2026-05-28,KZT_RUB,10,0.0015390999999999988,0.146272,0.14849,0.0022179999999999978,0.014937032796821318,0.0,0.014937032796821318
2026-05-29,KZT_RUB,5,0.0019249999999999933,0.146272,0.149475,0.0032029999999999836,0.02142833249707298,0.0,0.02142833249707298
2026-05-29,KZT_RUB,10,0.0019191999999999987,0.146272,0.149475,0.0032029999999999836,0.02142833249707298,0.0,0.02142833249707298
2026-05-30,KZT_RUB,5,0.003243599999999991,0.147244,0.146272,0.0009720000000000006,0.0,0.0,0.0
2026-05-30,KZT_RUB,10,0.0024811999999999864,0.146446,0.146272,0.00017399999999997973,0.0,0.0,0.0
2026-06-02,KZT_RUB,5,0.002883599999999986,0.148396,0.147244,0.0011519999999999864,0.0,0.0,0.0
2026-06-02,KZT_RUB,10,0.0017259999999999942,0.146446,0.147244,0.0007980000000000209,0.00541957567031608,0.0,0.00541957567031608
2026-06-03,KZT_RUB,5,0.001817200000000002,0.147968,0.148396,0.0004280000000000117,0.0028841747756004994,0.0,0.0028841747756004994
2026-06-03,KZT_RUB,10,0.001510800000000001,0.146446,0.148396,0.0019500000000000073,0.013140515916871124,0.0,0.013140515916871124
2026-06-04,KZT_RUB,5,0.002075600000000005,0.146446,0.148725,0.0022790000000000032,0.01532358379559592,0.0,0.01532358379559592
2026-06-04,KZT_RUB,10,0.001628200000000002,0.146446,0.148725,0.0022790000000000032,0.01532358379559592,0.0,0.01532358379559592
2026-06-05,KZT_RUB,5,0.003183400000000003,0.146446,0.151837,0.005391000000000007,0.03550517989686313,0.0,0.03550517989686313
2026-06-05,KZT_RUB,10,0.003042800000000001,0.146446,0.151837,0.005391000000000007,0.03550517989686313,0.0,0.03550517989686313
2026-06-06,KZT_RUB,5,0.003385200000000016,0.146446,0.151376,0.004930000000000018,0.032567910368882895,0.0,0.032567910368882895
2026-06-06,KZT_RUB,10,0.0026151000000000117,0.146446,0.151376,0.004930000000000018,0.032567910368882895,0.0,0.032567910368882895
2026-06-09,KZT_RUB,5,0.0030115999999999975,0.146446,0.150304,0.0038580000000000003,0.025667979561422187,0.0,0.025667979561422187
2026-06-09,KZT_RUB,10,0.002036400000000002,0.146446,0.150304,0.0038580000000000003,0.025667979561422187,0.0,0.025667979561422187
2026-06-10,KZT_RUB,5,0.0009851999999999973,0.146446,0.147968,0.0015219999999999956,0.0102860077854671,0.0,0.0102860077854671
2026-06-10,KZT_RUB,10,0.0023617000000000056,0.146446,0.147968,0.0015219999999999956,0.0102860077854671,0.0,0.0102860077854671
2026-06-11,KZT_RUB,5,0.001809000000000005,0.146812,0.146446,0.0003660000000000052,0.0,0.0,0.0
2026-06-11,KZT_RUB,10,0.004074800000000006,0.146812,0.146446,0.0003660000000000052,0.0,0.0,0.0
2026-06-12,KZT_RUB,5,0.0019056000000000017,0.146812,0.147174,0.0003620000000000012,0.002459673583649294,0.0,0.002459673583649294
2026-06-12,KZT_RUB,10,0.004577600000000001,0.146812,0.147174,0.0003620000000000012,0.002459673583649294,0.0,0.002459673583649294
2026-06-16,KZT_RUB,5,0.001969000000000004,0.146812,0.148062,0.0012500000000000011,0.008442409260985271,0.0,0.008442409260985271
2026-06-16,KZT_RUB,10,0.0050443000000000016,0.146812,0.148062,0.0012500000000000011,0.008442409260985271,0.0,0.008442409260985271
2026-06-17,KZT_RUB,5,0.004000800000000004,0.149328,0.146812,0.0025159999999999905,0.0,0.0,0.0
2026-06-17,KZT_RUB,10,0.007473900000000003,0.149328,0.146812,0.0025159999999999905,0.0,0.0,0.0
2026-06-18,KZT_RUB,5,0.0023782000000000135,0.149899,0.149328,0.0005710000000000159,0.0,0.0,0.0
2026-06-18,KZT_RUB,10,0.0063059000000000144,0.149899,0.149328,0.0005710000000000159,0.0,0.0,0.0
2026-06-19,KZT_RUB,5,0.002887599999999996,0.150573,0.149899,0.0006740000000000079,0.0,0.0,0.0
2026-06-19,KZT_RUB,10,0.007005299999999997,0.150573,0.149899,0.0006740000000000079,0.0,0.0,0.0
2026-06-20,KZT_RUB,5,0.0038505999999999875,0.151043,0.150573,0.0004699999999999982,0.0,0.0,0.0
2026-06-20,KZT_RUB,10,0.0075503999999999875,0.151043,0.150573,0.0004699999999999982,0.0,0.0,0.0
2026-06-23,KZT_RUB,5,0.005138599999999988,0.153221,0.151043,0.0021779999999999855,0.0,0.0,0.0
2026-06-23,KZT_RUB,10,0.008493999999999988,0.153221,0.151043,0.0021779999999999855,0.0,0.0,0.0
2026-06-24,KZT_RUB,5,0.004538000000000003,0.153795,0.153221,0.0005739999999999912,0.0,0.0,0.0
2026-06-24,KZT_RUB,10,0.007121200000000003,0.153795,0.153221,0.0005739999999999912,0.0,0.0,0.0
2026-06-25,KZT_RUB,5,0.005766600000000016,0.155301,0.153795,0.0015060000000000073,0.0,0.0,0.0
2026-06-25,KZT_RUB,10,0.0073877000000000135,0.155301,0.153795,0.0015060000000000073,0.0,0.0,0.0
2026-06-26,KZT_RUB,5,0.005721000000000009,0.158758,0.155301,0.0034570000000000156,0.0,0.0,0.0
2026-06-26,KZT_RUB,10,0.006576700000000007,0.158758,0.155301,0.0034570000000000156,0.0,0.0,0.0
2026-06-27,KZT_RUB,5,0.00306519999999999,0.159833,0.158758,0.0010749999999999926,0.0,0.0,0.0
2026-06-27,KZT_RUB,10,0.003645899999999991,0.159833,0.158758,0.0010749999999999926,0.0,0.0,0.0
2026-06-30,KZT_RUB,5,0.0030593999999999955,0.161108,0.159833,0.0012749999999999984,0.0,0.0,0.0
2026-06-30,KZT_RUB,10,0.0030755999999999978,0.161108,0.159833,0.0012749999999999984,0.0,0.0,0.0
2026-07-01,KZT_RUB,5,0.0018173999999999968,0.161273,0.161108,0.00016499999999999848,0.0,0.0,0.0
2026-07-01,KZT_RUB,10,0.0019316,0.161273,0.161108,0.00016499999999999848,0.0,0.0,0.0
2026-07-02,KZT_RUB,5,0.0009526000000000034,0.161273,0.162808,0.0015350000000000086,0.009428283622426469,0.0,0.009428283622426469
2026-07-02,KZT_RUB,10,0.0012447999999999986,0.161273,0.162808,0.0015350000000000086,0.009428283622426469,0.0,0.009428283622426469
2026-07-03,KZT_RUB,5,0.0009643999999999931,0.161273,0.162603,0.0013299999999999979,0.008179430883809019,0.0,0.008179430883809019
2026-07-03,KZT_RUB,10,0.0016493999999999953,0.161273,0.162603,0.0013299999999999979,0.008179430883809019,0.0,0.008179430883809019
2026-07-04,KZT_RUB,5,0.0012477999999999934,0.161273,0.162764,0.0014909999999999923,0.009160502322380824,0.0,0.009160502322380824
2026-07-04,KZT_RUB,10,0.001938699999999996,0.161273,0.162764,0.0014909999999999923,0.009160502322380824,0.0,0.009160502322380824
2026-07-07,KZT_RUB,5,0.0022541999999999896,0.161273,0.165179,0.003905999999999993,0.023647073780565284,0.0,0.023647073780565284
2026-07-07,KZT_RUB,10,0.0018983999999999945,0.161273,0.165179,0.003905999999999993,0.023647073780565284,0.0,0.023647073780565284
2026-07-08,KZT_RUB,5,0.0018808000000000047,0.1622,0.161273,0.0009270000000000111,0.0,0.0,0.0
2026-07-08,KZT_RUB,10,0.0035743999999999997,0.1622,0.161273,0.0009270000000000111,0.0,0.0,0.0
2026-07-09,KZT_RUB,5,0.00176619999999999,0.162251,0.1622,5.099999999999549e-05,0.0,0.0,0.0
2026-07-09,KZT_RUB,10,0.0031388999999999887,0.162251,0.1622,5.099999999999549e-05,0.0,0.0,0.0
2026-07-10,KZT_RUB,5,0.0026123999999999926,0.162418,0.162251,0.00016700000000000048,0.0,0.0,0.0
2026-07-10,KZT_RUB,10,0.003628499999999993,0.162418,0.162251,0.00016700000000000048,0.0,0.0,0.0
2026-07-11,KZT_RUB,5,0.0018759999999999944,0.162418,0.16402,0.0016019999999999923,0.009767101572978859,0.0,0.009767101572978859
2026-07-11,KZT_RUB,10,0.002532099999999998,0.162418,0.16402,0.0016019999999999923,0.009767101572978859,0.0,0.009767101572978859
2026-07-14,KZT_RUB,5,0.0017219999999999957,0.162418,0.16488,0.002461999999999992,0.01493207180980102,0.0,0.01493207180980102
2026-07-14,KZT_RUB,10,0.0019442999999999989,0.162418,0.16488,0.002461999999999992,0.01493207180980102,0.0,0.01493207180980102
2026-07-15,KZT_RUB,5,0.004122999999999988,0.165979,0.162418,0.003560999999999981,0.0,0.0,0.0
2026-07-15,KZT_RUB,10,0.004095699999999991,0.163878,0.162418,0.001459999999999989,0.0,0.0,0.0
2026-07-16,KZT_RUB,5,0.0005628000000000077,0.165979,0.166262,0.00028300000000000547,0.001702132778385954,0.0,0.001702132778385954
2026-07-16,KZT_RUB,10,0.0008087000000000039,0.163878,0.166262,0.0023839999999999972,0.01433881464195064,0.0,0.01433881464195064
2026-07-17,KZT_RUB,5,0.0004806000000000032,0.165979,0.166737,0.0007580000000000087,0.004546081553584439,0.0,0.004546081553584439
2026-07-17,KZT_RUB,10,0.0007466000000000029,0.163878,0.166737,0.0028590000000000004,0.017146764065564334,0.0,0.017146764065564334
2026-07-18,KZT_RUB,5,0.0012292000000000136,0.16669,0.165979,0.0007110000000000172,0.0,0.0,0.0
2026-07-18,KZT_RUB,10,0.0011803000000000091,0.163878,0.165979,0.0021009999999999918,0.012658227848101217,0.0,0.012658227848101217
2026-07-21,KZT_RUB,5,0.0010805999999999982,0.163878,0.16669,0.002812000000000009,0.016869638250644962,0.0,0.016869638250644962
2026-07-21,KZT_RUB,10,0.0009864999999999984,0.163878,0.16669,0.002812000000000009,0.016869638250644962,0.0,0.016869638250644962
2026-07-22,KZT_RUB,5,0.001031800000000005,0.163878,0.167037,0.003158999999999995,0.018911977585804315,0.0,0.018911977585804315
2026-07-22,KZT_RUB,10,0.0012102000000000057,0.163878,0.167037,0.003158999999999995,0.018911977585804315,0.0,0.018911977585804315
2026-07-23,KZT_RUB,5,0.001148400000000005,0.163878,0.167115,0.0032370000000000176,0.019369894982497186,0.0,0.019369894982497186
2026-07-23,KZT_RUB,10,0.0016142999999999963,0.163878,0.167115,0.0032370000000000176,0.019369894982497186,0.0,0.019369894982497186
2026-07-24,KZT_RUB,5,0.001363000000000003,0.163878,0.167657,0.0037790000000000046,0.02254006692234744,0.0,0.02254006692234744
2026-07-24,KZT_RUB,10,0.002088300000000004,0.163878,0.167657,0.0037790000000000046,0.02254006692234744,0.0,0.02254006692234744
2026-07-25,KZT_RUB,5,0.001272000000000001,0.163878,0.167542,0.0036640000000000006,0.02186914325960058,0.0,0.02186914325960058
2026-07-25,KZT_RUB,10,0.002887600000000004,0.163878,0.167542,0.0036640000000000006,0.02186914325960058,0.0,0.02186914325960058
2026-07-28,KZT_RUB,5,0.00343,0.16624,0.163878,0.002362000000000003,0.0,0.0,0.0
2026-07-28,KZT_RUB,10,0.006470200000000004,0.16624,0.163878,0.002362000000000003,0.0,0.0,0.0
2026-07-29,KZT_RUB,5,0.0019523999999999987,0.166454,0.16624,0.00021399999999999197,0.0,0.0,0.0
2026-07-29,KZT_RUB,10,0.005158000000000001,0.166454,0.16624,0.00021399999999999197,0.0,0.0,0.0
2026-07-30,KZT_RUB,5,0.0027412000000000105,0.167356,0.166454,0.0009020000000000139,0.0,0.0,0.0
2026-07-30,KZT_RUB,10,0.00611920000000001,0.167356,0.166454,0.0009020000000000139,0.0,0.0,0.0
2026-07-31,KZT_RUB,5,0.0030205999999999957,0.167422,0.167356,6.599999999998274e-05,0.0,0.0,0.0
2026-07-31,KZT_RUB,10,0.006496999999999998,0.167422,0.167356,6.599999999998274e-05,0.0,0.0,0.0
2026-08-01,KZT_RUB,5,0.0046232000000000165,0.169068,0.167422,0.0016460000000000086,0.0,0.0,0.0
2026-08-01,KZT_RUB,10,0.007863100000000015,0.169068,0.167422,0.0016460000000000086,0.0,0.0,0.0
2026-08-04,KZT_RUB,5,0.004320400000000007,0.170662,0.169068,0.001594000000000012,0.0,0.0,0.0
2026-08-04,KZT_RUB,10,0.007631400000000008,0.170662,0.169068,0.001594000000000012,0.0,0.0,0.0
2026-08-05,KZT_RUB,5,0.003941599999999995,0.171468,0.170662,0.0008060000000000012,0.0,0.0,0.0
2026-08-05,KZT_RUB,10,0.007429399999999994,0.171468,0.170662,0.0008060000000000012,0.0,0.0,0.0
2026-08-06,KZT_RUB,5,0.004483199999999993,0.173263,0.171468,0.001794999999999991,0.0,0.0,0.0
2026-08-06,KZT_RUB,10,0.007977699999999994,0.173263,0.171468,0.001794999999999991,0.0,0.0,0.0
2026-08-07,KZT_RUB,5,0.004066400000000003,0.175765,0.173263,0.0025020000000000042,0.0,0.0,0.0
2026-08-07,KZT_RUB,10,0.006890000000000002,0.175765,0.173263,0.0025020000000000042,0.0,0.0,0.0
2026-08-08,KZT_RUB,5,0.002759999999999996,0.175784,0.175765,1.8999999999991246e-05,0.0,0.0,0.0
2026-08-08,KZT_RUB,10,0.004907499999999998,0.175784,0.175765,1.8999999999991246e-05,0.0,0.0,0.0
2026-08-11,KZT_RUB,5,0.004226400000000008,0.176738,0.175784,0.0009540000000000104,0.0,0.0,0.0
2026-08-11,KZT_RUB,10,0.005539800000000006,0.176738,0.175784,0.0009540000000000104,0.0,0.0,0.0
2026-08-12,KZT_RUB,5,0.004841199999999995,0.178206,0.176738,0.001467999999999997,0.0,0.0,0.0
2026-08-12,KZT_RUB,10,0.005354199999999995,0.178206,0.176738,0.001467999999999997,0.0,0.0,0.0
2026-08-13,KZT_RUB,5,0.004734199999999999,0.180154,0.178206,0.0019480000000000053,0.0,0.0,0.0
2026-08-13,KZT_RUB,10,0.004448499999999997,0.180154,0.178206,0.0019480000000000053,0.0,0.0,0.0
2026-08-14,KZT_RUB,5,0.002822599999999992,0.180336,0.180154,0.00018199999999998773,0.0,0.0,0.0
2026-08-14,KZT_RUB,10,0.003216799999999992,0.180336,0.180154,0.00018199999999998773,0.0,0.0,0.0
2026-08-15,KZT_RUB,5,0.0019530000000000046,0.180336,0.181743,0.0014069999999999916,0.007741701193443443,0.0,0.007741701193443443
2026-08-15,KZT_RUB,10,0.0024078000000000072,0.180336,0.181743,0.0014069999999999916,0.007741701193443443,0.0,0.007741701193443443
2026-08-18,KZT_RUB,5,0.001842200000000005,0.180336,0.183211,0.0028750000000000164,0.015692289218442214,0.0,0.015692289218442214
2026-08-18,KZT_RUB,10,0.001974099999999995,0.180336,0.183211,0.0028750000000000164,0.015692289218442214,0.0,0.015692289218442214
2026-08-19,KZT_RUB,5,0.0021484000000000004,0.180336,0.184582,0.004246,0.023003326434863636,0.0,0.023003326434863636
2026-08-19,KZT_RUB,10,0.001915200000000003,0.180336,0.184582,0.004246,0.023003326434863636,0.0,0.023003326434863636
2026-08-20,KZT_RUB,5,0.002642200000000011,0.180336,0.185011,0.0046750000000000125,0.025268767802995563,0.0,0.025268767802995563
2026-08-20,KZT_RUB,10,0.0023903000000000006,0.180336,0.185011,0.0046750000000000125,0.025268767802995563,0.0,0.025268767802995563
2025-07-12,TJS_RUB,5,0.0906400000000005,8.09028,8.04004,0.050240000000000506,0.0,0.0,0.0
2025-07-12,TJS_RUB,10,0.13331900000000071,8.09028,8.04004,0.050240000000000506,0.0,0.0,0.0
2025-07-15,TJS_RUB,5,0.05736600000000003,8.12439,8.09028,0.034110000000000085,0.0,0.0,0.0
2025-07-15,TJS_RUB,10,0.10796800000000015,8.12439,8.09028,0.034110000000000085,0.0,0.0,0.0
2025-07-16,TJS_RUB,5,0.028407999999999944,8.1244,8.12439,9.999999999621423e-06,0.0,0.0,0.0
2025-07-16,TJS_RUB,10,0.12301700000000011,8.1244,8.12439,9.999999999621423e-06,0.0,0.0,0.0
2025-07-17,TJS_RUB,5,0.04065800000000053,8.15015,8.1244,0.025750000000000384,0.0,0.0,0.0
2025-07-17,TJS_RUB,10,0.16952600000000045,8.15015,8.1244,0.025750000000000384,0.0,0.0,0.0
2025-07-18,TJS_RUB,5,0.025060000000000214,8.15015,8.15759,0.007440000000000779,0.0009120340688856364,0.0,0.0009120340688856364
2025-07-18,TJS_RUB,10,0.16525599999999976,8.15015,8.15759,0.007440000000000779,0.0009120340688856364,0.0,0.0009120340688856364
2025-07-19,TJS_RUB,5,0.06193400000000082,8.15015,8.15674,0.006589999999999208,0.000807920811500576,0.0,0.000807920811500576
2025-07-19,TJS_RUB,10,0.19551700000000077,8.15015,8.15674,0.006589999999999208,0.000807920811500576,0.0,0.000807920811500576
2025-07-22,TJS_RUB,5,0.08372400000000013,8.15015,8.17511,0.024960000000000093,0.003053169926765523,0.0,0.003053169926765523
2025-07-22,TJS_RUB,10,0.20302199999999998,8.15015,8.17511,0.024960000000000093,0.003053169926765523,0.0,0.003053169926765523
2025-07-23,TJS_RUB,5,0.19186600000000026,8.1857,8.15015,0.03555000000000064,0.0,0.0,0.0
2025-07-23,TJS_RUB,10,0.25480300000000006,8.1857,8.15015,0.03555000000000064,0.0,0.0,0.0
2025-07-24,TJS_RUB,5,0.2370939999999994,8.22897,8.1857,0.0432699999999997,0.0,0.0,0.0
2025-07-24,TJS_RUB,10,0.2549369999999994,8.22897,8.1857,0.0432699999999997,0.0,0.0,0.0
2025-07-25,TJS_RUB,5,0.23407199999999975,8.33917,8.22897,0.11019999999999897,0.0,0.0,0.0
2025-07-25,TJS_RUB,10,0.23443099999999967,8.33917,8.22897,0.11019999999999897,0.0,0.0,0.0
2025-07-26,TJS_RUB,5,0.14601599999999984,8.33917,8.34026,0.0010900000000013677,0.0001306913693339737,0.0,0.0001306913693339737
2025-07-26,TJS_RUB,10,0.13996199999999953,8.33917,8.34026,0.0010900000000013677,0.0001306913693339737,0.0,0.0001306913693339737
2025-07-29,TJS_RUB,5,0.15826000000000065,8.39712,8.33917,0.057949999999999946,0.0,0.0,0.0
2025-07-29,TJS_RUB,10,0.15693200000000065,8.39712,8.33917,0.057949999999999946,0.0,0.0,0.0
2025-07-30,TJS_RUB,5,0.14809000000000055,8.39712,8.61598,0.21886000000000116,0.025401637422556824,0.0,0.025401637422556824
2025-07-30,TJS_RUB,10,0.12834000000000056,8.39712,8.61598,0.21886000000000116,0.025401637422556824,0.0,0.025401637422556824
2025-07-31,TJS_RUB,5,0.13110999999999925,8.39712,8.58959,0.19247000000000014,0.02240735588078129,0.0,0.02240735588078129
2025-07-31,TJS_RUB,10,0.10988399999999957,8.39712,8.58959,0.19247000000000014,0.02240735588078129,0.0,0.02240735588078129
2025-08-01,TJS_RUB,5,0.046785999999999814,8.39712,8.43021,0.033090000000001396,0.003925169123900994,0.0,0.003925169123900994
2025-08-01,TJS_RUB,10,0.06588799999999946,8.39712,8.43021,0.033090000000001396,0.003925169123900994,0.0,0.003925169123900994
2025-08-02,TJS_RUB,5,0.042770000000000155,8.39712,8.45425,0.05713000000000079,0.006757547978827311,0.0,0.006757547978827311
2025-08-02,TJS_RUB,10,0.05734199999999987,8.39712,8.45425,0.05713000000000079,0.006757547978827311,0.0,0.006757547978827311
2025-08-05,TJS_RUB,5,0.09765400000000071,8.45661,8.39712,0.059490000000000265,0.0,0.0,0.0
2025-08-05,TJS_RUB,10,0.12299500000000059,8.45661,8.39712,0.059490000000000265,0.0,0.0,0.0
2025-08-06,TJS_RUB,5,0.043778000000000004,8.45661,8.46828,0.011670000000000513,0.001378083861185567,0.0,0.001378083861185567
2025-08-06,TJS_RUB,10,0.0661579999999999,8.45661,8.46828,0.011670000000000513,0.001378083861185567,0.0,0.001378083861185567
2025-08-07,TJS_RUB,5,0.04160800000000116,8.45661,8.54254,0.08593000000000117,0.010059069082497847,0.0,0.010059069082497847
2025-08-07,TJS_RUB,10,0.034913000000000236,8.45661,8.54254,0.08593000000000117,0.010059069082497847,0.0,0.010059069082497847
2025-08-08,TJS_RUB,5,0.05859000000000023,8.50015,8.45661,0.043540000000000134,0.0,0.0,0.0
2025-08-08,TJS_RUB,10,0.08372300000000035,8.50015,8.45661,0.043540000000000134,0.0,0.0,0.0
2025-08-09,TJS_RUB,5,0.02232999999999983,8.50015,8.50629,0.006140000000000256,0.0007218187952680024,0.0,0.0007218187952680024
2025-08-09,TJS_RUB,10,0.04297000000000004,8.50015,8.50629,0.006140000000000256,0.0007218187952680024,0.0,0.0007218187952680024
2025-08-12,TJS_RUB,5,0.04530600000000007,8.51025,8.50015,0.010099999999999554,0.0,0.0,0.0
2025-08-12,TJS_RUB,10,0.05347000000000026,8.44427,8.50015,0.05588000000000015,0.006574001635265278,0.0,0.006574001635265278
2025-08-13,TJS_RUB,5,0.03526600000000002,8.51025,8.53136,0.021110000000000184,0.002474400330076352,0.0,0.002474400330076352
2025-08-13,TJS_RUB,10,0.048156,8.38524,8.53136,0.1461199999999998,0.017127398210836236,0.0,0.017127398210836236
2025-08-14,TJS_RUB,5,0.05467200000000076,8.52795,8.51025,0.01770000000000138,0.0,0.0,0.0
2025-08-14,TJS_RUB,10,0.06927600000000052,8.37529,8.51025,0.13495999999999952,0.015858523545136692,0.0,0.015858523545136692
2025-08-15,TJS_RUB,5,0.0375159999999994,8.53067,8.52795,0.0027200000000000557,0.0,0.0,0.0
2025-08-15,TJS_RUB,10,0.078313,8.36678,8.52795,0.16117000000000026,0.018899032006519767,0.0,0.018899032006519767
2025-08-16,TJS_RUB,5,0.025102000000000048,8.53067,8.56111,0.03043999999999869,0.003555613699625246,0.0,0.003555613699625246
2025-08-16,TJS_RUB,10,0.09548299999999976,8.36678,8.56111,0.194329999999999,0.022699159337982926,0.0,0.022699159337982926
2025-08-19,TJS_RUB,5,0.05717800000000004,8.44427,8.59661,0.15234000000000059,0.01772093883519208,0.0,0.01772093883519208
2025-08-19,TJS_RUB,10,0.12353700000000015,8.36678,8.59661,0.22982999999999976,0.026734957151714426,0.0,0.026734957151714426
2025-08-20,TJS_RUB,5,0.08932399999999988,8.38524,8.58817,0.20293000000000028,0.023629015261691404,0.0,0.023629015261691404
2025-08-20,TJS_RUB,10,0.11808999999999995,8.36678,8.58817,0.22138999999999953,0.025778483658334607,0.0,0.025778483658334607
2025-08-21,TJS_RUB,5,0.10002400000000015,8.37529,8.55077,0.1754800000000003,0.020522128416505216,0.0,0.020522128416505216
2025-08-21,TJS_RUB,10,0.09314499999999999,8.36678,8.55077,0.18398999999999965,0.021517360424850588,0.0,0.021517360424850588
2025-08-22,TJS_RUB,5,0.12074200000000061,8.36678,8.53067,0.1638900000000003,0.019211855575236213,0.0,0.019211855575236213
2025-08-22,TJS_RUB,10,0.09106800000000011,8.36678,8.53067,0.1638900000000003,0.019211855575236213,0.0,0.019211855575236213
2025-08-23,TJS_RUB,5,0.1880340000000004,8.36678,8.58328,0.21649999999999991,0.025223457699154624,0.0,0.025223457699154624
2025-08-23,TJS_RUB,10,0.11002500000000008,8.36678,8.58328,0.21649999999999991,0.025223457699154624,0.0,0.025223457699154624
2025-08-26,TJS_RUB,5,0.060491999999999636,8.36678,8.44427,0.07748999999999917,0.009176636938420867,0.0,0.009176636938420867
2025-08-26,TJS_RUB,10,0.11406599999999986,8.36678,8.44427,0.07748999999999917,0.009176636938420867,0.0,0.009176636938420867
2025-08-27,TJS_RUB,5,0.06743799999999993,8.36678,8.38524,0.018459999999999255,0.0022014873754357964,0.0,0.0022014873754357964
2025-08-27,TJS_RUB,10,0.17057699999999992,8.36678,8.38524,0.018459999999999255,0.0022014873754357964,0.0,0.0022014873754357964
2025-08-28,TJS_RUB,5,0.11344199999999986,8.36678,8.37529,0.008509999999999351,0.0010160842191732288,0.0,0.0010160842191732288
2025-08-28,TJS_RUB,10,0.23609699999999983,8.36678,8.37529,0.008509999999999351,0.0010160842191732288,0.0,0.0010160842191732288
2025-08-29,TJS_RUB,5,0.16325199999999923,8.40465,8.36678,0.03786999999999985,0.0,0.0,0.0
2025-08-29,TJS_RUB,10,0.3066339999999993,8.40465,8.36678,0.03786999999999985,0.0,0.0,0.0
2025-08-30,TJS_RUB,5,0.16796199999999928,8.50161,8.40465,0.09695999999999927,0.0,0.0,0.0
2025-08-30,TJS_RUB,10,0.31519999999999937,8.50161,8.40465,0.09695999999999927,0.0,0.0,0.0
2025-09-02,TJS_RUB,5,0.11030000000000015,8.55824,8.50161,0.05663000000000018,0.0,0.0,0.0
2025-09-02,TJS_RUB,10,0.24116800000000022,8.55824,8.50161,0.05663000000000018,0.0,0.0,0.0
2025-09-03,TJS_RUB,5,0.10071599999999989,8.5903,8.55824,0.03205999999999953,0.0,0.0,0.0
2025-09-03,TJS_RUB,10,0.20360900000000015,8.5903,8.55824,0.03205999999999953,0.0,0.0,0.0
2025-09-04,TJS_RUB,5,0.14070600000000014,8.5903,8.59536,0.0050600000000002865,0.0005886897116584165,0.0,0.0005886897116584165
2025-09-04,TJS_RUB,10,0.18457900000000044,8.5903,8.59536,0.0050600000000002865,0.0005886897116584165,0.0,0.0005886897116584165
2025-09-05,TJS_RUB,5,0.22649600000000056,8.61755,8.5903,0.02725000000000044,0.0,0.0,0.0
2025-09-05,TJS_RUB,10,0.21090400000000073,8.61755,8.5903,0.02725000000000044,0.0,0.0,0.0
2025-09-06,TJS_RUB,5,0.2495380000000001,8.6981,8.61755,0.08055000000000057,0.0,0.0,0.0
2025-09-06,TJS_RUB,10,0.20807600000000032,8.6981,8.61755,0.08055000000000057,0.0,0.0,0.0
2025-09-09,TJS_RUB,5,0.1755459999999996,8.73089,8.6981,0.03279000000000032,0.0,0.0,0.0
2025-09-09,TJS_RUB,10,0.1489139999999997,8.73089,8.6981,0.03279000000000032,0.0,0.0,0.0
2025-09-10,TJS_RUB,5,0.11411199999999973,8.73089,8.79347,0.06257999999999875,0.0071166445100738105,0.0,0.0071166445100738105
2025-09-10,TJS_RUB,10,0.08548600000000003,8.73089,8.79347,0.06257999999999875,0.0071166445100738105,0.0,0.0071166445100738105
2025-09-11,TJS_RUB,5,0.16028999999999946,8.73089,8.97079,0.23989999999999867,0.02674234933601151,0.0,0.02674234933601151
2025-09-11,TJS_RUB,10,0.1304189999999993,8.73089,8.97079,0.23989999999999867,0.02674234933601151,0.0,0.02674234933601151
2025-09-12,TJS_RUB,5,0.2184580000000004,8.73089,9.00407,0.27318,0.030339613086082177,0.0,0.030339613086082177
2025-09-12,TJS_RUB,10,0.16836500000000038,8.73089,9.00407,0.27318,0.030339613086082177,0.0,0.030339613086082177
2025-09-13,TJS_RUB,5,0.08484599999999923,8.73089,8.86901,0.1381199999999989,0.015573327800960752,0.0,0.015573327800960752
2025-09-13,TJS_RUB,10,0.058772999999999874,8.73089,8.86901,0.1381199999999989,0.015573327800960752,0.0,0.015573327800960752
2025-09-16,TJS_RUB,5,0.08949199999999954,8.74895,8.73089,0.018060000000000187,0.0,0.0,0.0
2025-09-16,TJS_RUB,10,0.1156919999999996,8.74895,8.73089,0.018060000000000187,0.0,0.0,0.0
2025-09-17,TJS_RUB,5,0.09044799999999924,8.76614,8.74895,0.017189999999999372,0.0,0.0,0.0
2025-09-17,TJS_RUB,10,0.10170899999999942,8.76614,8.74895,0.017189999999999372,0.0,0.0,0.0
2025-09-18,TJS_RUB,5,0.10410199999999996,8.81307,8.76614,0.046929999999999694,0.0,0.0,0.0
2025-09-18,TJS_RUB,10,0.09276999999999998,8.68363,8.76614,0.0825099999999992,0.009412352529163257,0.0,0.009412352529163257
2025-09-19,TJS_RUB,5,0.07272800000000039,8.84403,8.81307,0.03096000000000032,0.0,0.0,0.0
2025-09-19,TJS_RUB,10,0.07707499999999996,8.64128,8.81307,0.17178999999999967,0.019492639908681046,0.0,0.019492639908681046
2025-09-20,TJS_RUB,5,0.03704400000000021,8.84403,8.86177,0.017739999999999867,0.0020018574167463008,0.0,0.0020018574167463008
2025-09-20,TJS_RUB,10,0.07717099999999988,8.64128,8.86177,0.22048999999999985,0.024881033924374008,0.0,0.024881033924374008
2025-09-23,TJS_RUB,5,0.042549999999999956,8.8173,8.91198,0.09468000000000032,0.010623901759205061,0.0,0.010623901759205061
2025-09-23,TJS_RUB,10,0.09572299999999956,8.64128,8.91198,0.2706999999999997,0.030374843749649317,0.0,0.030374843749649317
2025-09-24,TJS_RUB,5,0.05030600000000014,8.78972,8.84403,0.05430999999999919,0.0061408656460911135,0.0,0.0061408656460911135
2025-09-24,TJS_RUB,10,0.07826199999999997,8.64128,8.84403,0.20274999999999999,0.022925069227490182,0.0,0.022925069227490182
2025-09-25,TJS_RUB,5,0.10578600000000016,8.68363,8.92036,0.23672999999999966,0.026538166621078035,0.0,0.026538166621078035
2025-09-25,TJS_RUB,10,0.12402500000000014,8.64128,8.92036,0.27908000000000044,0.03128573286279931,0.0,0.03128573286279931
2025-09-26,TJS_RUB,5,0.126398,8.64128,8.89085,0.2495700000000003,0.028070431960948647,0.0,0.028070431960948647
2025-09-26,TJS_RUB,10,0.11358899999999998,8.64128,8.89085,0.2495700000000003,0.028070431960948647,0.0,0.028070431960948647
2025-09-27,TJS_RUB,5,0.14689799999999983,8.64128,8.89137,0.25009000000000015,0.02812727397465184,0.0,0.02812727397465184
2025-09-27,TJS_RUB,10,0.12923999999999988,8.64128,8.89137,0.25009000000000015,0.02812727397465184,0.0,0.02812727397465184
2025-09-30,TJS_RUB,5,0.09143999999999934,8.64128,8.8173,0.1760199999999994,0.01996302723055804,0.0,0.01996302723055804
2025-09-30,TJS_RUB,10,0.0790609999999992,8.64128,8.8173,0.1760199999999994,0.01996302723055804,0.0,0.01996302723055804
2025-10-01,TJS_RUB,5,0.07643599999999999,8.64128,8.78972,0.1484400000000008,0.016887909967553093,0.0,0.016887909967553093
2025-10-01,TJS_RUB,10,0.07298800000000032,8.64128,8.78972,0.1484400000000008,0.016887909967553093,0.0,0.016887909967553093
2025-10-02,TJS_RUB,5,0.11140599999999985,8.64128,8.68363,0.042350000000000776,0.004876992686238448,0.0,0.004876992686238448
2025-10-02,TJS_RUB,10,0.09097299999999997,8.52452,8.68363,0.15911000000000008,0.01832298243937156,0.0,0.01832298243937156
2025-10-03,TJS_RUB,5,0.15659400000000048,8.74017,8.64128,0.09889000000000081,0.0,0.0,0.0
2025-10-03,TJS_RUB,10,0.11585800000000024,8.52452,8.64128,0.11675999999999931,0.013511887127832833,0.0,0.013511887127832833
2025-10-04,TJS_RUB,5,0.05325400000000009,8.73798,8.79043,0.05245000000000033,0.005966716076460461,0.0,0.005966716076460461
2025-10-04,TJS_RUB,10,0.09771600000000032,8.52452,8.79043,0.26590999999999987,0.03024994226676054,0.0,0.03024994226676054
2025-10-07,TJS_RUB,5,0.15974200000000033,8.72653,8.91036,0.18383000000000038,0.02063104072113813,0.0,0.02063104072113813
2025-10-07,TJS_RUB,10,0.2007470000000005,8.52452,8.91036,0.38583999999999996,0.04330240304544372,0.0,0.04330240304544372
2025-10-08,TJS_RUB,5,0.07584000000000017,8.64383,8.79602,0.15219000000000094,0.017302143469432874,0.0,0.017302143469432874
2025-10-08,TJS_RUB,10,0.09639000000000006,8.52452,8.79602,0.27149999999999963,0.030866232682508637,0.0,0.030866232682508637
2025-10-09,TJS_RUB,5,0.07778399999999977,8.52452,8.75239,0.22786999999999935,0.026035174392365898,0.0,0.026035174392365898
2025-10-09,TJS_RUB,10,0.08684899999999995,8.52452,8.75239,0.22786999999999935,0.026035174392365898,0.0,0.026035174392365898
2025-10-10,TJS_RUB,5,0.10021200000000086,8.52452,8.74017,0.21565000000000012,0.02467343312544265,0.0,0.02467343312544265
2025-10-10,TJS_RUB,10,0.08905700000000003,8.52452,8.74017,0.21565000000000012,0.02467343312544265,0.0,0.02467343312544265
2025-10-11,TJS_RUB,5,0.10631600000000034,8.52452,8.73798,0.21345999999999954,0.02442898701988326,0.0,0.02442898701988326
2025-10-11,TJS_RUB,10,0.09070999999999999,8.52452,8.73798,0.21345999999999954,0.02442898701988326,0.0,0.02442898701988326
2025-10-14,TJS_RUB,5,0.11980200000000032,8.52452,8.72653,0.20200999999999958,0.023148949238700787,0.0,0.023148949238700787
2025-10-14,TJS_RUB,10,0.11784900000000001,8.47804,8.72653,0.24849000000000032,0.028475235861218643,0.0,0.028475235861218643
2025-10-15,TJS_RUB,5,0.14075000000000024,8.52452,8.64383,0.1193099999999987,0.01380290912708819,0.0,0.01380290912708819
2025-10-15,TJS_RUB,10,0.14009600000000014,8.47804,8.64383,0.16578999999999944,0.01918015509328613,0.0,0.01918015509328613
2025-10-16,TJS_RUB,5,0.24959999999999916,8.56693,8.52452,0.042409999999998504,0.0,0.0,0.0
2025-10-16,TJS_RUB,10,0.18719799999999936,8.47804,8.52452,0.04648000000000074,0.005452506416783671,0.0,0.005452506416783671
2025-10-17,TJS_RUB,5,0.2511420000000008,8.77945,8.56693,0.21252000000000137,0.0,0.0,0.0
2025-10-17,TJS_RUB,10,0.16742200000000035,8.47804,8.56693,0.08888999999999925,0.010375945642137762,0.0,0.010375945642137762
2025-10-18,TJS_RUB,5,0.043609999999999614,8.75451,8.77945,0.02494000000000085,0.002840724646760429,0.0,0.002840724646760429
2025-10-18,TJS_RUB,10,0.11093000000000011,8.47804,8.77945,0.3014100000000006,0.034331307769848975,0.0,0.034331307769848975
2025-10-21,TJS_RUB,5,0.10099599999999995,8.47804,8.82831,0.3502700000000001,0.03967577033429955,0.0,0.03967577033429955
2025-10-21,TJS_RUB,10,0.13908299999999993,8.47804,8.82831,0.3502700000000001,0.03967577033429955,0.0,0.03967577033429955
2025-10-22,TJS_RUB,5,0.15048999999999993,8.47804,8.83127,0.35322999999999993,0.03999764473286401,0.0,0.03999764473286401
2025-10-22,TJS_RUB,10,0.14852499999999988,8.47804,8.83127,0.35322999999999993,0.03999764473286401,0.0,0.03999764473286401
2025-10-23,TJS_RUB,5,0.23391599999999962,8.47804,8.86464,0.3865999999999996,0.04361147209587751,0.0,0.04361147209587751
2025-10-23,TJS_RUB,10,0.1843669999999996,8.47804,8.86464,0.3865999999999996,0.04361147209587751,0.0,0.04361147209587751
2025-10-24,TJS_RUB,5,0.17933800000000027,8.47804,8.78669,0.3086500000000001,0.03512699321359922,0.0,0.03512699321359922
2025-10-24,TJS_RUB,10,0.10939400000000017,8.47804,8.78669,0.3086500000000001,0.03512699321359922,0.0,0.03512699321359922
2025-10-25,TJS_RUB,5,0.15330999999999975,8.47804,8.75451,0.27646999999999977,0.031580294042727663,0.0,0.031580294042727663
2025-10-25,TJS_RUB,10,0.08349999999999973,8.47804,8.75451,0.27646999999999977,0.031580294042727663,0.0,0.031580294042727663
2025-10-28,TJS_RUB,5,0.17310000000000017,8.54762,8.47804,0.0695800000000002,0.0,0.0,0.0
2025-10-28,TJS_RUB,10,0.22609499999999993,8.54762,8.47804,0.0695800000000002,0.0,0.0,0.0
2025-10-29,TJS_RUB,5,0.11360600000000005,8.54762,8.58676,0.03913999999999973,0.004558180268226867,0.0,0.004558180268226867
2025-10-29,TJS_RUB,10,0.142455,8.54762,8.58676,0.03913999999999973,0.004558180268226867,0.0,0.004558180268226867
2025-10-30,TJS_RUB,5,0.18220199999999984,8.66983,8.54762,0.12220999999999904,0.0,0.0,0.0
2025-10-30,TJS_RUB,10,0.18760599999999972,8.66983,8.54762,0.12220999999999904,0.0,0.0,0.0
2025-10-31,TJS_RUB,5,0.07741000000000078,8.72375,8.66983,0.05392000000000152,0.0,0.0,0.0
2025-10-31,TJS_RUB,10,0.07268900000000081,8.68601,8.66983,0.016180000000000305,0.0,0.0,0.0
2025-11-01,TJS_RUB,5,0.02554199999999902,8.72774,8.72375,0.003989999999999938,0.0,0.0,0.0
2025-11-01,TJS_RUB,10,0.028330999999999485,8.68601,8.72375,0.03774000000000122,0.004326121220805412,0.0,0.004326121220805412
2025-11-02,TJS_RUB,5,0.029389999999999007,8.73401,8.72774,0.006269999999998888,0.0,0.0,0.0
2025-11-02,TJS_RUB,10,0.025572999999999447,8.68601,8.72774,0.041730000000001155,0.0047813065008812305,0.0,0.0047813065008812305
2025-11-06,TJS_RUB,5,0.011694000000000315,8.73401,8.75461,0.02059999999999995,0.0023530459951956687,0.0,0.0023530459951956687
2025-11-06,TJS_RUB,10,0.02063499999999987,8.68601,8.75461,0.0686,0.007835871615069089,0.0,0.007835871615069089
2025-11-07,TJS_RUB,5,0.03255000000000017,8.68601,8.77318,0.08717000000000041,0.009935963926421253,0.0,0.009935963926421253
2025-11-07,TJS_RUB,10,0.03926300000000005,8.68601,8.77318,0.08717000000000041,0.009935963926421253,0.0,0.009935963926421253
2025-11-08,TJS_RUB,5,0.024070000000000036,8.68601,8.75692,0.07090999999999958,0.008097595958396285,0.0,0.008097595958396285
2025-11-08,TJS_RUB,10,0.05060999999999964,8.50559,8.75692,0.2513299999999994,0.028700730393791358,0.0,0.028700730393791358
2025-11-11,TJS_RUB,5,0.024964000000000652,8.68601,8.73401,0.04800000000000004,0.005495757389790033,0.0,0.005495757389790033
2025-11-11,TJS_RUB,10,0.06461000000000024,8.49381,8.73401,0.24019999999999975,0.027501685938074234,0.0,0.027501685938074234
2025-11-12,TJS_RUB,5,0.03412600000000019,8.68601,8.76693,0.08092000000000077,0.009230140995764854,0.0,0.009230140995764854
2025-11-12,TJS_RUB,10,0.10906100000000034,8.49381,8.76693,0.2731200000000005,0.031153436835927795,0.0,0.031153436835927795
2025-11-13,TJS_RUB,5,0.03424600000000026,8.68601,8.75928,0.07327000000000083,0.008364842772465412,0.0,0.008364842772465412
2025-11-13,TJS_RUB,10,0.1314950000000005,8.45844,8.75928,0.3008400000000009,0.03434528865386206,0.0,0.03434528865386206
2025-11-14,TJS_RUB,5,0.04119400000000049,8.69686,8.68601,0.010849999999999582,0.0,0.0,0.0
2025-11-14,TJS_RUB,10,0.12535900000000008,8.42661,8.68601,0.2593999999999994,0.02986411482372222,0.0,0.02986411482372222
2025-11-15,TJS_RUB,5,0.06344200000000058,8.50559,8.74276,0.23717000000000077,0.027127588999354982,0.0,0.027127588999354982
2025-11-15,TJS_RUB,10,0.17299200000000053,8.42425,8.74276,0.31850999999999985,0.036431287145020544,0.0,0.036431287145020544
2025-11-18,TJS_RUB,5,0.1141360000000006,8.49381,8.74389,0.2500800000000005,0.02860054277901489,0.0,0.02860054277901489
2025-11-18,TJS_RUB,10,0.21004100000000037,8.38244,8.74389,0.3614499999999996,0.04133743677013316,0.0,0.04133743677013316
2025-11-19,TJS_RUB,5,0.149146,8.49381,8.73208,0.23826999999999998,0.027286740387170067,0.0,0.027286740387170067
2025-11-19,TJS_RUB,10,0.23577999999999974,8.35659,8.73208,0.3754899999999992,0.04300120933385851,0.0,0.04300120933385851
2025-11-20,TJS_RUB,5,0.18989400000000067,8.45844,8.72043,0.26199000000000083,0.03004324328043466,0.0,0.03004324328043466
2025-11-20,TJS_RUB,10,0.2539110000000003,8.35659,8.72043,0.3638399999999997,0.04172271321482997,0.0,0.04172271321482997
2025-11-21,TJS_RUB,5,0.22037399999999926,8.42661,8.69686,0.270249999999999,0.031074433761150464,0.0,0.031074433761150464
2025-11-21,TJS_RUB,10,0.267954999999999,8.32072,8.69686,0.3761399999999995,0.043250092562143065,0.0,0.043250092562143065
2025-11-22,TJS_RUB,5,0.045371999999999704,8.42425,8.50559,0.08133999999999908,0.009563122605251263,0.0,0.009563122605251263
2025-11-22,TJS_RUB,10,0.10430699999999966,8.22937,8.50559,0.27622000000000035,0.032475113425406155,0.0,0.032475113425406155
2025-11-25,TJS_RUB,5,0.05753399999999971,8.38244,8.49381,0.11136999999999908,0.013111901490614822,0.0,0.013111901490614822
2025-11-25,TJS_RUB,10,0.10704799999999981,8.22937,8.49381,0.26444000000000045,0.031133260574465457,0.0,0.031133260574465457
2025-11-26,TJS_RUB,5,0.08831399999999974,8.35659,8.49798,0.14138999999999946,0.016638071635847514,0.0,0.016638071635847514
2025-11-26,TJS_RUB,10,0.12793100000000007,8.22937,8.49798,0.2686100000000007,0.03160868818236812,0.0,0.03160868818236812
2025-11-27,TJS_RUB,5,0.05593799999999902,8.35659,8.45844,0.10184999999999889,0.012041227460382635,0.0,0.012041227460382635
2025-11-27,TJS_RUB,10,0.09026799999999949,8.22937,8.45844,0.2290700000000001,0.027081825963179987,0.0,0.027081825963179987
2025-11-28,TJS_RUB,5,0.04528599999999976,8.32072,8.42661,0.10589000000000048,0.012566144629928343,0.0,0.012566144629928343
2025-11-28,TJS_RUB,10,0.07835699999999993,8.22937,8.42661,0.19724000000000075,0.023406802972963117,0.0,0.023406802972963117
2025-11-29,TJS_RUB,5,0.08190200000000054,8.22937,8.42425,0.19488000000000127,0.02313321660681975,0.0,0.02313321660681975
2025-11-29,TJS_RUB,10,0.09765200000000025,8.22937,8.42425,0.19488000000000127,0.02313321660681975,0.0,0.02313321660681975
2025-12-02,TJS_RUB,5,0.06126400000000061,8.22937,8.38244,0.15307000000000137,0.01826079280018722,0.0,0.01826079280018722
2025-12-02,TJS_RUB,10,0.11082400000000003,8.22937,8.38244,0.15307000000000137,0.01826079280018722,0.0,0.01826079280018722
2025-12-03,TJS_RUB,5,0.05271000000000044,8.22937,8.35659,0.12722000000000122,0.015223913103311424,0.0,0.015223913103311424
2025-12-03,TJS_RUB,10,0.1367709999999999,8.22937,8.35659,0.12722000000000122,0.015223913103311424,0.0,0.015223913103311424
2025-12-04,TJS_RUB,5,0.09559800000000038,8.22937,8.42262,0.1932500000000008,0.022944167016914072,0.0,0.022944167016914072
2025-12-04,TJS_RUB,10,0.1512290000000002,8.22937,8.42262,0.1932500000000008,0.022944167016914072,0.0,0.022944167016914072
2025-12-05,TJS_RUB,5,0.10545399999999994,8.22937,8.32072,0.09135000000000026,0.010978617235046999,0.0,0.010978617235046999
2025-12-05,TJS_RUB,10,0.21342500000000034,8.22937,8.32072,0.09135000000000026,0.010978617235046999,0.0,0.010978617235046999
2025-12-06,TJS_RUB,5,0.24066200000000038,8.32251,8.22937,0.09314,0.0,0.0,0.0
2025-12-06,TJS_RUB,10,0.33721100000000065,8.32251,8.22937,0.09314,0.0,0.0,0.0
2025-12-09,TJS_RUB,5,0.17568400000000003,8.32251,8.35694,0.034430000000000405,0.004119929064944873,0.0,0.004119929064944873
2025-12-09,TJS_RUB,10,0.2392440000000004,8.32251,8.35694,0.034430000000000405,0.004119929064944873,0.0,0.004119929064944873
2025-12-10,TJS_RUB,5,0.2549120000000006,8.43967,8.32251,0.11716000000000015,0.0,0.0,0.0
2025-12-10,TJS_RUB,10,0.28505200000000086,8.43967,8.32251,0.11716000000000015,0.0,0.0,0.0
2025-12-11,TJS_RUB,5,0.18981000000000064,8.59968,8.43967,0.16000999999999976,0.0,0.0,0.0
2025-12-11,TJS_RUB,10,0.17243200000000075,8.48507,8.43967,0.04540000000000077,0.0,0.0,0.0
2025-12-12,TJS_RUB,5,0.04243600000000107,8.60104,8.59968,0.0013600000000000279,0.0,0.0,0.0
2025-12-12,TJS_RUB,10,0.07526600000000024,8.42066,8.59968,0.1790199999999995,0.020817053657810468,0.0,0.020817053657810468
2025-12-13,TJS_RUB,5,0.050298000000000086,8.60104,8.63136,0.030320000000001457,0.0035127720312907182,0.0,0.0035127720312907182
2025-12-13,TJS_RUB,10,0.10116800000000037,8.40162,8.63136,0.2297400000000014,0.026616894672450386,0.0,0.026616894672450386
2025-12-16,TJS_RUB,5,0.06547600000000067,8.58411,8.60104,0.016929999999998557,0.0019683666161299748,0.0,0.0019683666161299748
2025-12-16,TJS_RUB,10,0.11450300000000002,8.37505,8.60104,0.22598999999999947,0.026274729567587116,0.0,0.026274729567587116
2025-12-17,TJS_RUB,5,0.07892599999999987,8.50515,8.61536,0.11021000000000036,0.012792268692196304,0.0,0.012792268692196304
2025-12-17,TJS_RUB,10,0.13331000000000034,8.37505,8.61536,0.2403100000000009,0.02789320469487066,0.0,0.02789320469487066
2025-12-18,TJS_RUB,5,0.1198240000000002,8.48507,8.69996,0.21489000000000047,0.024700113563740574,0.0,0.024700113563740574
2025-12-18,TJS_RUB,10,0.20101200000000058,8.37505,8.69996,0.3249100000000009,0.03734614871792524,0.0,0.03734614871792524
2025-12-19,TJS_RUB,5,0.14600399999999994,8.42066,8.66286,0.24220000000000041,0.027958434050648448,0.0,0.027958434050648448
2025-12-19,TJS_RUB,10,0.19375000000000017,8.37505,8.66286,0.28781000000000034,0.033223438910475335,0.0,0.033223438910475335
2025-12-20,TJS_RUB,5,0.2571080000000002,8.40162,8.73643,0.33481000000000094,0.03832343417162398,0.0,0.03832343417162398
2025-12-20,TJS_RUB,10,0.2854490000000004,8.37505,8.73643,0.3613800000000005,0.041364722203463024,0.0,0.041364722203463024
2025-12-23,TJS_RUB,5,0.1466000000000008,8.37505,8.58411,0.2090600000000009,0.02435430114478972,0.0,0.02435430114478972
2025-12-23,TJS_RUB,10,0.15104800000000082,8.37505,8.58411,0.2090600000000009,0.02435430114478972,0.0,0.02435430114478972
2025-12-24,TJS_RUB,5,0.07748400000000047,8.37505,8.50515,0.13010000000000055,0.015296614404213982,0.0,0.015296614404213982
2025-12-24,TJS_RUB,10,0.08828800000000055,8.34315,8.50515,0.1620000000000008,0.019047283116699978,0.0,0.019047283116699978
2025-12-25,TJS_RUB,5,0.06731000000000051,8.37505,8.48507,0.11002000000000045,0.012966304343983073,0.0,0.012966304343983073
2025-12-25,TJS_RUB,10,0.08320000000000043,8.33515,8.48507,0.14991999999999983,0.017668681578348774,0.0,0.017668681578348774
2025-12-26,TJS_RUB,5,0.026564000000000122,8.37505,8.42066,0.04560999999999993,0.005416440041516928,0.0,0.005416440041516928
2025-12-26,TJS_RUB,10,0.04002499999999998,8.33515,8.42066,0.08550999999999931,0.010154785966895624,0.0,0.010154785966895624
2025-12-27,TJS_RUB,5,0.03164800000000021,8.37505,8.40162,0.02656999999999954,0.0031624853302100716,0.0,0.0031624853302100716
2025-12-27,TJS_RUB,10,0.04443900000000003,8.30068,8.40162,0.10093999999999959,0.012014349613526867,0.0,0.012014349613526867
2025-12-30,TJS_RUB,5,0.05356400000000008,8.40492,8.37505,0.02987000000000073,0.0,0.0,0.0
2025-12-30,TJS_RUB,10,0.06838800000000003,8.13556,8.37505,0.23948999999999998,0.028595650175222833,0.0,0.028595650175222833
2025-12-31,TJS_RUB,5,0.04987200000000058,8.34315,8.45593,0.11278000000000077,0.013337385716296227,0.0,0.013337385716296227
2025-12-31,TJS_RUB,10,0.12974700000000042,8.1155,8.45593,0.34042999999999957,0.040259320973565244,0.0,0.040259320973565244
2026-01-13,TJS_RUB,5,0.05081599999999966,8.33515,8.43554,0.10038999999999909,0.011900838594802359,0.0,0.011900838594802359
2026-01-13,TJS_RUB,10,0.14108299999999954,8.1155,8.43554,0.32003999999999877,0.03793947986732311,0.0,0.03793947986732311
2026-01-14,TJS_RUB,5,0.07150599999999976,8.33515,8.43868,0.10352999999999923,0.0122685064488758,0.0,0.0122685064488758
2026-01-14,TJS_RUB,10,0.16931199999999968,8.1155,8.43868,0.3231799999999989,0.038297458844274095,0.0,0.038297458844274095
2026-01-15,TJS_RUB,5,0.06228999999999942,8.30068,8.408,0.10731999999999964,0.01276403425309225,0.0,0.01276403425309225
2026-01-15,TJS_RUB,10,0.16390799999999944,8.1155,8.408,0.29249999999999865,0.03478829686013305,0.0,0.03478829686013305
2026-01-16,TJS_RUB,5,0.11308200000000071,8.13556,8.40492,0.2693600000000007,0.03204789575629521,0.0,0.03204789575629521
2026-01-16,TJS_RUB,10,0.1906190000000006,8.10701,8.40492,0.2979099999999999,0.03544471571412933,0.0,0.03544471571412933
2026-01-17,TJS_RUB,5,0.0974419999999995,8.1155,8.34315,0.2276499999999988,0.027285857260147404,0.0,0.027285857260147404
2026-01-17,TJS_RUB,10,0.15531199999999962,8.08152,8.34315,0.26163000000000025,0.03135865949911008,0.0,0.03135865949911008
2026-01-20,TJS_RUB,5,0.13476,8.1155,8.33515,0.21964999999999968,0.026352255208364535,0.0,0.026352255208364535
2026-01-20,TJS_RUB,10,0.1605140000000004,8.08152,8.33515,0.25363000000000113,0.03042896648530634,0.0,0.03042896648530634
2026-01-21,TJS_RUB,5,0.17308799999999955,8.1155,8.34465,0.22914999999999885,0.027460708358049632,0.0,0.027460708358049632
2026-01-21,TJS_RUB,10,0.1801599999999997,8.08152,8.34465,0.2631300000000003,0.03153277848681495,0.0,0.03153277848681495
2026-01-22,TJS_RUB,5,0.15820599999999985,8.1155,8.30068,0.185179999999999,0.02230901564691074,0.0,0.02230901564691074
2026-01-22,TJS_RUB,10,0.14460299999999987,8.08152,8.30068,0.21916000000000047,0.026402656167928466,0.0,0.026402656167928466
2026-01-23,TJS_RUB,5,0.025047999999999248,8.10701,8.13556,0.028549999999999187,0.0035092851629143153,0.0,0.0035092851629143153
2026-01-23,TJS_RUB,10,0.04604899999999965,8.08152,8.13556,0.05404000000000053,0.0066424437899788745,0.0,0.0066424437899788745
2026-01-24,TJS_RUB,5,0.031455999999999665,8.08152,8.1155,0.033980000000001453,0.0041870494732304175,0.0,0.0041870494732304175
2026-01-24,TJS_RUB,10,0.06179399999999937,8.08152,8.1155,0.033980000000001453,0.0041870494732304175,0.0,0.0041870494732304175
2026-01-27,TJS_RUB,5,0.048557999999999525,8.08152,8.12456,0.0430400000000013,0.005297517650186754,0.0,0.005297517650186754
2026-01-27,TJS_RUB,10,0.07217999999999947,8.08152,8.12456,0.0430400000000013,0.005297517650186754,0.0,0.005297517650186754
2026-01-28,TJS_RUB,5,0.05621200000000002,8.08152,8.18151,0.09999000000000002,0.012221460341672874,0.0,0.012221460341672874
2026-01-28,TJS_RUB,10,0.050650000000000264,8.08152,8.18151,0.09999000000000002,0.012221460341672874,0.0,0.012221460341672874
2026-01-29,TJS_RUB,5,0.0632200000000001,8.08152,8.15524,0.07371999999999979,0.009039586817800555,0.0,0.009039586817800555
2026-01-29,TJS_RUB,10,0.06559800000000049,8.08152,8.15524,0.07371999999999979,0.009039586817800555,0.0,0.009039586817800555
2026-01-30,TJS_RUB,5,0.08417999999999956,8.08152,8.10701,0.025490000000001345,0.0031441924951370903,0.0,0.0031441924951370903
2026-01-30,TJS_RUB,10,0.10290099999999942,8.08152,8.10701,0.025490000000001345,0.0031441924951370903,0.0,0.0031441924951370903
2026-01-31,TJS_RUB,5,0.12611200000000053,8.16358,8.08152,0.08206000000000024,0.0,0.0,0.0
2026-01-31,TJS_RUB,10,0.13234200000000057,8.16358,8.08152,0.08206000000000024,0.0,0.0,0.0
2026-02-03,TJS_RUB,5,0.02625200000000021,8.16358,8.21913,0.05555000000000021,0.006758622871277156,0.0,0.006758622871277156
2026-02-03,TJS_RUB,10,0.03315200000000011,8.11121,8.21913,0.10792000000000002,0.013130343479176023,0.0,0.013130343479176023
2026-02-04,TJS_RUB,5,0.028200000000000357,8.16358,8.22419,0.0606100000000005,0.007369722732573116,0.0,0.007369722732573116
2026-02-04,TJS_RUB,10,0.045965000000000346,8.11121,8.22419,0.1129800000000003,0.01373752308738007,0.0,0.01373752308738007
2026-02-05,TJS_RUB,5,0.02859000000000016,8.16358,8.21655,0.052970000000000184,0.006446744679944768,0.0,0.006446744679944768
2026-02-05,TJS_RUB,10,0.05786800000000003,8.0576,8.21655,0.15894999999999904,0.019345102263115182,0.0,0.019345102263115182
2026-02-06,TJS_RUB,5,0.06505200000000037,8.19066,8.16358,0.02707999999999977,0.0,0.0,0.0
2026-02-06,TJS_RUB,10,0.06005000000000003,8.0576,8.16358,0.10597999999999885,0.012982049541990016,0.0,0.012982049541990016
2026-02-07,TJS_RUB,5,0.032082000000000124,8.17201,8.21471,0.04269999999999996,0.005197992381958701,0.0,0.005197992381958701
2026-02-07,TJS_RUB,10,0.07310800000000003,8.0576,8.21471,0.15710999999999942,0.019125446911698575,0.0,0.019125446911698575
2026-02-10,TJS_RUB,5,0.09700200000000088,8.11121,8.28278,0.1715700000000009,0.02071405977220219,0.0,0.02071405977220219
2026-02-10,TJS_RUB,10,0.14098800000000064,8.0576,8.28278,0.22517999999999994,0.027186524331202798,0.0,0.027186524331202798
2026-02-11,TJS_RUB,5,0.06092200000000005,8.11121,8.21951,0.10829999999999984,0.013175967910495863,0.0,0.013175967910495863
2026-02-11,TJS_RUB,10,0.09603999999999964,8.0576,8.21951,0.1619099999999989,0.019698254518821547,0.0,0.019698254518821547
2026-02-12,TJS_RUB,5,0.10609600000000015,8.0576,8.2355,0.17789999999999928,0.02160160281707234,0.0,0.02160160281707234
2026-02-12,TJS_RUB,10,0.12021499999999996,8.0576,8.2355,0.17789999999999928,0.02160160281707234,0.0,0.02160160281707234
2026-02-13,TJS_RUB,5,0.0787559999999992,8.0576,8.19066,0.13305999999999862,0.01624533309891982,0.0,0.01624533309891982
2026-02-13,TJS_RUB,10,0.08196699999999932,8.0576,8.19066,0.13305999999999862,0.01624533309891982,0.0,0.01624533309891982
2026-02-14,TJS_RUB,5,0.071434,8.0576,8.17201,0.11440999999999946,0.0140002276061825,0.0,0.0140002276061825
2026-02-14,TJS_RUB,10,0.07052000000000014,8.0576,8.17201,0.11440999999999946,0.0140002276061825,0.0,0.0140002276061825
2026-02-17,TJS_RUB,5,0.016799999999999572,8.0576,8.11121,0.05360999999999905,0.006609371474786012,0.0,0.006609371474786012
2026-02-17,TJS_RUB,10,0.01837999999999962,8.0576,8.11121,0.05360999999999905,0.006609371474786012,0.0,0.006609371474786012
2026-02-18,TJS_RUB,5,0.02718799999999888,8.0576,8.11554,0.05793999999999855,0.007139389369037495,0.0,0.007139389369037495
2026-02-18,TJS_RUB,10,0.02090699999999952,8.0576,8.11554,0.05793999999999855,0.007139389369037495,0.0,0.007139389369037495
2026-02-19,TJS_RUB,5,0.04356599999999951,8.06827,8.0576,0.010669999999999291,0.0,0.0,0.0
2026-02-19,TJS_RUB,10,0.05940099999999937,8.06827,8.0576,0.010669999999999291,0.0,0.0,0.0
2026-02-20,TJS_RUB,5,0.018597999999999715,8.06827,8.10316,0.034890000000000754,0.004305727642055784,0.0,0.004305727642055784
2026-02-20,TJS_RUB,10,0.0389389999999997,8.06827,8.10316,0.034890000000000754,0.004305727642055784,0.0,0.004305727642055784
2026-02-21,TJS_RUB,5,0.019233999999999796,8.06827,8.11537,0.047100000000000364,0.00580380192153905,0.0,0.00580380192153905
2026-02-21,TJS_RUB,10,0.042636999999999856,8.06827,8.11537,0.047100000000000364,0.00580380192153905,0.0,0.00580380192153905
2026-02-25,TJS_RUB,5,0.023777999999999723,8.06827,8.09736,0.02909000000000006,0.003592528923007012,0.0,0.003592528923007012
2026-02-25,TJS_RUB,10,0.06428000000000011,8.06827,8.09736,0.02909000000000006,0.003592528923007012,0.0,0.003592528923007012
2026-02-26,TJS_RUB,5,0.055671999999999854,8.09998,8.06827,0.03171000000000035,0.0,0.0,0.0
2026-02-26,TJS_RUB,10,0.10339800000000014,8.09998,8.06827,0.03171000000000035,0.0,0.0,0.0
2026-02-27,TJS_RUB,5,0.01984199999999987,8.09998,8.12167,0.021689999999999543,0.0026706330102059727,0.0,0.0026706330102059727
2026-02-27,TJS_RUB,10,0.07671100000000024,8.09998,8.12167,0.021689999999999543,0.0026706330102059727,0.0,0.0026706330102059727
2026-02-28,TJS_RUB,5,0.046332000000000664,8.09998,8.12474,0.024759999999998783,0.00304748213481278,0.0,0.00304748213481278
2026-02-28,TJS_RUB,10,0.10547200000000086,8.09998,8.12474,0.024759999999998783,0.00304748213481278,0.0,0.00304748213481278
2026-03-03,TJS_RUB,5,0.08142999999999993,8.13285,8.09998,0.03286999999999907,0.0,0.0,0.0
2026-03-03,TJS_RUB,10,0.16760899999999984,8.13285,8.09998,0.03286999999999907,0.0,0.0,0.0
2026-03-04,TJS_RUB,5,0.06929200000000116,8.14047,8.13285,0.00762000000000107,0.0,0.0,0.0
2026-03-04,TJS_RUB,10,0.18662800000000085,8.14047,8.13285,0.00762000000000107,0.0,0.0,0.0
2026-03-05,TJS_RUB,5,0.07892399999999995,8.16614,8.14047,0.02566999999999986,0.0,0.0,0.0
2026-03-05,TJS_RUB,10,0.2479529999999997,8.16614,8.14047,0.02566999999999986,0.0,0.0,0.0
2026-03-06,TJS_RUB,5,0.08911000000000016,8.20119,8.16614,0.035050000000000026,0.0,0.0,0.0
2026-03-06,TJS_RUB,10,0.2862729999999997,8.20119,8.16614,0.035050000000000026,0.0,0.0,0.0
2026-03-07,TJS_RUB,5,0.07685999999999993,8.20119,8.2664,0.06521000000000043,0.007888560921320094,0.0,0.007888560921320094
2026-03-07,TJS_RUB,10,0.2669309999999994,8.20119,8.2664,0.06521000000000043,0.007888560921320094,0.0,0.007888560921320094
2026-03-11,TJS_RUB,5,0.15257799999999974,8.22673,8.20119,0.025539999999999452,0.0,0.0,0.0
2026-03-11,TJS_RUB,10,0.3338249999999995,8.22673,8.20119,0.025539999999999452,0.0,0.0,0.0
2026-03-12,TJS_RUB,5,0.20421599999999956,8.22673,8.23651,0.00978000000000101,0.0011873961180161269,0.0,0.0011873961180161269
2026-03-12,TJS_RUB,10,0.3230389999999991,8.22673,8.23651,0.00978000000000101,0.0011873961180161269,0.0,0.0011873961180161269
2026-03-13,TJS_RUB,5,0.33072200000000007,8.34542,8.22673,0.11869000000000085,0.0,0.0,0.0
2026-03-13,TJS_RUB,10,0.36922299999999986,8.34542,8.22673,0.11869000000000085,0.0,0.0,0.0
2026-03-14,TJS_RUB,5,0.304155999999999,8.43691,8.34542,0.09148999999999852,0.0,0.0,0.0
2026-03-14,TJS_RUB,10,0.2666759999999989,8.43691,8.34542,0.09148999999999852,0.0,0.0,0.0
2026-03-17,TJS_RUB,5,0.2864920000000005,8.52327,8.43691,0.08636000000000088,0.0,0.0,0.0
2026-03-17,TJS_RUB,10,0.17849100000000054,8.46229,8.43691,0.02538000000000018,0.0,0.0,0.0
2026-03-18,TJS_RUB,5,0.20727199999999968,8.48757,8.52327,0.03570000000000029,0.004188533274201133,0.0,0.004188533274201133
2026-03-18,TJS_RUB,10,0.13121399999999978,8.46229,8.52327,0.0609800000000007,0.007154531066128457,0.0,0.007154531066128457
2026-03-19,TJS_RUB,5,0.16807999999999979,8.46229,8.65174,0.18945000000000078,0.021897329323350076,0.0,0.021897329323350076
2026-03-19,TJS_RUB,10,0.16248299999999993,8.42187,8.65174,0.22987000000000002,0.026569221913742207,0.0,0.026569221913742207
2026-03-20,TJS_RUB,5,0.19546600000000006,8.46229,8.82992,0.3676300000000001,0.041634578795730896,0.0,0.041634578795730896
2026-03-20,TJS_RUB,10,0.2882989999999996,8.38,8.82992,0.44991999999999877,0.05095402902857543,0.0,0.05095402902857543
2026-03-21,TJS_RUB,5,0.2314239999999998,8.46229,8.80604,0.34375,0.039035707309982695,0.0,0.039035707309982695
2026-03-21,TJS_RUB,10,0.3122369999999995,8.32786,8.80604,0.47818000000000005,0.05430136588069099,0.0,0.05430136588069099
2026-03-24,TJS_RUB,5,0.29863999999999963,8.46229,8.80604,0.34375,0.039035707309982695,0.0,0.039035707309982695
2026-03-24,TJS_RUB,10,0.3706279999999994,8.22213,8.80604,0.5839099999999995,0.06630789776108212,0.0,0.06630789776108212
2026-03-25,TJS_RUB,5,0.04144799999999975,8.46229,8.48757,0.025280000000000413,0.0029784732261413354,0.0,0.0029784732261413354
2026-03-25,TJS_RUB,10,0.10489299999999968,8.22213,8.48757,0.2654399999999999,0.0312739688744835,0.0,0.0312739688744835
2026-03-26,TJS_RUB,5,0.0487320000000004,8.42187,8.46229,0.040419999999999234,0.004776484852208946,0.0,0.004776484852208946
2026-03-26,TJS_RUB,10,0.11831299999999985,8.19769,8.46229,0.2645999999999997,0.03126813191228376,0.0,0.03126813191228376
2026-03-27,TJS_RUB,5,0.16154199999999896,8.38,8.61033,0.2303299999999986,0.02675042652256053,0.0,0.02675042652256053
2026-03-27,TJS_RUB,10,0.2708319999999992,8.15906,8.61033,0.45126999999999917,0.0524103025087307,0.0,0.0524103025087307
2026-03-28,TJS_RUB,5,0.09385999999999975,8.32786,8.50685,0.17899000000000065,0.02104069073746459,0.0,0.02104069073746459
2026-03-28,TJS_RUB,10,0.2098679999999998,8.08169,8.50685,0.42516,0.049978546700600104,0.0,0.049978546700600104
2026-03-31,TJS_RUB,5,0.10653600000000019,8.22213,8.46996,0.24783000000000044,0.029259878440984422,0.0,0.029259878440984422
2026-03-31,TJS_RUB,10,0.21807100000000013,8.01903,8.46996,0.4509299999999996,0.05323874020656527,0.0,0.05323874020656527
2026-04-01,TJS_RUB,5,0.14602800000000044,8.22213,8.46526,0.24313000000000073,0.028720913474600984,0.0,0.028720913474600984
2026-04-01,TJS_RUB,10,0.26146700000000045,7.9843,8.46526,0.4809600000000005,0.05681573867784338,0.0,0.05681573867784338
2026-04-02,TJS_RUB,5,0.14747400000000005,8.19769,8.42187,0.2241800000000005,0.026618791313568185,0.0,0.026618791313568185
2026-04-02,TJS_RUB,10,0.266859,7.93405,8.42187,0.48782000000000014,0.05792300284853603,0.0,0.05792300284853603
2026-04-03,TJS_RUB,5,0.14979200000000076,8.15906,8.38,0.22094000000000058,0.026365155131264983,0.0,0.026365155131264983
2026-04-03,TJS_RUB,10,0.2606050000000007,7.93405,8.38,0.44595000000000073,0.053215990453460704,0.0,0.053215990453460704
2026-04-04,TJS_RUB,5,0.14688599999999924,8.08169,8.32786,0.24616999999999933,0.02955981488641732,0.0,0.02955981488641732
2026-04-04,TJS_RUB,10,0.23777799999999924,7.93405,8.32786,0.3938099999999993,0.04728825892846414,0.0,0.04728825892846414
2026-04-07,TJS_RUB,5,0.09064399999999999,8.01903,8.22213,0.20309999999999917,0.02470162841015639,0.0,0.02470162841015639
2026-04-07,TJS_RUB,10,0.163176,7.93405,8.22213,0.2880799999999999,0.03503714974100384,0.0,0.03503714974100384
2026-04-08,TJS_RUB,5,0.15594600000000067,7.9843,8.2443,0.2600000000000007,0.031536940674162836,0.0,0.031536940674162836
2026-04-08,TJS_RUB,10,0.21619200000000083,7.8915,8.2443,0.3528000000000011,0.042793202576325594,0.0,0.042793202576325594
2026-04-09,TJS_RUB,5,0.16206399999999946,7.93405,8.19769,0.26363999999999965,0.0321602792981925,0.0,0.0321602792981925
2026-04-09,TJS_RUB,10,0.19525999999999968,7.8915,8.19769,0.30618999999999996,0.03735076588648753,0.0,0.03735076588648753
2026-04-10,TJS_RUB,5,0.15047800000000003,7.93405,8.15906,0.22501000000000015,0.027577931771552135,0.0,0.027577931771552135
2026-04-10,TJS_RUB,10,0.1794830000000002,7.8915,8.15906,0.26756000000000046,0.03279299331050396,0.0,0.03279299331050396
2026-04-11,TJS_RUB,5,0.08249999999999993,7.93405,8.08169,0.14764,0.018268456226358594,0.0,0.018268456226358594
2026-04-11,TJS_RUB,10,0.10941599999999996,7.8915,8.08169,0.1901900000000003,0.023533444118742527,0.0,0.023533444118742527
2026-04-14,TJS_RUB,5,0.04081200000000003,7.93405,8.01903,0.08498000000000072,0.010597291692386823,0.0,0.010597291692386823
2026-04-14,TJS_RUB,10,0.05882200000000033,7.8915,8.01903,0.12753000000000103,0.015903419740292905,0.0,0.015903419740292905
2026-04-15,TJS_RUB,5,0.05242599999999999,7.8915,7.9843,0.09280000000000044,0.011622809764162223,0.0,0.011622809764162223
2026-04-15,TJS_RUB,10,0.04855100000000014,7.8915,7.9843,0.09280000000000044,0.011622809764162223,0.0,0.011622809764162223
2026-04-16,TJS_RUB,5,0.052203999999999876,7.8915,7.93405,0.04255000000000031,0.005362960908993554,0.0,0.005362960908993554
2026-04-16,TJS_RUB,10,0.037098000000000034,7.8915,7.93405,0.04255000000000031,0.005362960908993554,0.0,0.005362960908993554
2026-04-17,TJS_RUB,5,0.07762399999999996,7.8915,8.02384,0.13234000000000012,0.016493349817543735,0.0,0.016493349817543735
2026-04-17,TJS_RUB,10,0.07212499999999986,7.8915,8.02384,0.13234000000000012,0.016493349817543735,0.0,0.016493349817543735
2026-04-18,TJS_RUB,5,0.08937199999999965,7.8915,8.03473,0.14322999999999997,0.01782636130896744,0.0,0.01782636130896744
2026-04-18,TJS_RUB,10,0.08098299999999972,7.8915,8.03473,0.14322999999999997,0.01782636130896744,0.0,0.01782636130896744
2026-04-21,TJS_RUB,5,0.03438000000000017,7.8915,7.95519,0.06369000000000025,0.008006094134772424,0.0,0.008006094134772424
2026-04-21,TJS_RUB,10,0.03600000000000021,7.8915,7.95519,0.06369000000000025,0.008006094134772424,0.0,0.008006094134772424
2026-04-22,TJS_RUB,5,0.057868000000000384,7.92735,7.8915,0.03584999999999994,0.0,0.0,0.0
2026-04-22,TJS_RUB,10,0.08300100000000032,7.92735,7.8915,0.03584999999999994,0.0,0.0,0.0
2026-04-23,TJS_RUB,5,0.02122799999999998,7.92735,7.94091,0.013560000000000016,0.0017076128554535963,0.0,0.0017076128554535963
2026-04-23,TJS_RUB,10,0.04065000000000021,7.92735,7.94091,0.013560000000000016,0.0017076128554535963,0.0,0.0017076128554535963
2026-04-24,TJS_RUB,5,0.027956000000000182,7.92735,7.93053,0.0031800000000004047,0.00040098202768294234,0.0,0.00040098202768294234
2026-04-24,TJS_RUB,10,0.04668300000000007,7.92735,7.93053,0.0031800000000004047,0.00040098202768294234,0.0,0.00040098202768294234
2026-04-25,TJS_RUB,5,0.05636800000000051,7.92735,8.00866,0.0813100000000011,0.010152759637692335,0.0,0.010152759637692335
2026-04-25,TJS_RUB,10,0.05670300000000035,7.8855,8.00866,0.12316000000000038,0.015378352932950128,0.0,0.015378352932950128
2026-04-28,TJS_RUB,5,0.046559999999999845,7.92735,7.93939,0.012040000000000717,0.0015164893020749347,0.0,0.0015164893020749347
2026-04-28,TJS_RUB,10,0.04970499999999998,7.83845,7.93939,0.10094000000000047,0.012713823102278697,0.0,0.012713823102278697
2026-04-29,TJS_RUB,5,0.07228400000000032,7.95384,7.92735,0.026489999999999903,0.0,0.0,0.0
2026-04-29,TJS_RUB,10,0.06363900000000004,7.82063,7.92735,0.10671999999999926,0.013462254095000127,0.0,0.013462254095000127
2026-04-30,TJS_RUB,5,0.04714200000000055,7.95683,7.95384,0.0029900000000004923,0.0,0.0,0.0
2026-04-30,TJS_RUB,10,0.07034000000000003,7.82063,7.95384,0.13320999999999916,0.01674788529817034,0.0,0.01674788529817034
2026-05-01,TJS_RUB,5,0.04919400000000014,7.93162,7.95683,0.0252100000000004,0.0031683471935432072,0.0,0.0031683471935432072
2026-05-01,TJS_RUB,10,0.09181500000000006,7.74208,7.95683,0.21475000000000044,0.02698939150390299,0.0,0.02698939150390299
2026-05-05,TJS_RUB,5,0.06732800000000001,7.8855,8.03327,0.1477699999999995,0.018394750829985738,0.0,0.018394750829985738
2026-05-05,TJS_RUB,10,0.16343199999999997,7.6422,8.03327,0.39107000000000003,0.04868129665752552,0.0,0.04868129665752552
2026-05-06,TJS_RUB,5,0.1071800000000005,7.83845,8.03438,0.1959300000000006,0.024386449234415176,0.0,0.024386449234415176
2026-05-06,TJS_RUB,10,0.20630300000000049,7.61455,8.03438,0.41983000000000015,0.05225418762866582,0.0,0.05225418762866582
2026-05-07,TJS_RUB,5,0.1324939999999998,7.82063,8.01985,0.1992199999999995,0.024840863607174638,0.0,0.024840863607174638
2026-05-07,TJS_RUB,10,0.23163899999999985,7.61455,8.01985,0.40529999999999955,0.050537104808693376,0.0,0.050537104808693376
2026-05-08,TJS_RUB,5,0.10027800000000013,7.82063,7.96058,0.1399499999999998,0.017580377309191014,0.0,0.017580377309191014
2026-05-08,TJS_RUB,10,0.20103100000000013,7.61455,7.96058,0.34602999999999984,0.04346793826580473,0.0,0.04346793826580473
2026-05-09,TJS_RUB,5,0.1092259999999996,7.74208,7.93162,0.18954000000000004,0.02389675753503068,0.0,0.02389675753503068
2026-05-09,TJS_RUB,10,0.19420499999999957,7.61455,7.93162,0.3170699999999993,0.03997544007403271,0.0,0.03997544007403271
2026-05-13,TJS_RUB,5,0.11176600000000043,7.6422,7.8855,0.24330000000000052,0.03085409929617659,0.0,0.03085409929617659
2026-05-13,TJS_RUB,10,0.16201300000000032,7.61455,7.8855,0.27095,0.034360535159469914,0.0,0.034360535159469914
2026-05-14,TJS_RUB,5,0.10949599999999986,7.61455,7.83845,0.22389999999999954,0.028564320752189468,0.0,0.028564320752189468
2026-05-14,TJS_RUB,10,0.13247399999999984,7.61455,7.83845,0.22389999999999954,0.028564320752189468,0.0,0.028564320752189468
2026-05-15,TJS_RUB,5,0.1334360000000002,7.61455,7.82063,0.20608000000000004,0.026350818284460464,0.0,0.026350818284460464
2026-05-15,TJS_RUB,10,0.1263440000000003,7.61455,7.82063,0.20608000000000004,0.026350818284460464,0.0,0.026350818284460464
2026-05-16,TJS_RUB,5,0.1665139999999999,7.61455,7.82531,0.21075999999999961,0.0269331183045783,0.0,0.0269331183045783
2026-05-16,TJS_RUB,10,0.1450829999999999,7.61455,7.82531,0.21075999999999961,0.0269331183045783,0.0,0.0269331183045783
2026-05-19,TJS_RUB,5,0.08964399999999947,7.61455,7.74208,0.12752999999999926,0.016472317516739592,0.0,0.016472317516739592
2026-05-19,TJS_RUB,10,0.06303999999999962,7.61455,7.74208,0.12752999999999926,0.016472317516739592,0.0,0.016472317516739592
2026-05-20,TJS_RUB,5,0.050503999999999924,7.61455,7.6422,0.02764999999999951,0.0036180680955745083,0.0,0.0036180680955745083
2026-05-20,TJS_RUB,10,0.06760900000000003,7.61455,7.6422,0.02764999999999951,0.0036180680955745083,0.0,0.0036180680955745083
2026-05-21,TJS_RUB,5,0.0684479999999997,7.62119,7.61455,0.006639999999999979,0.0,0.0,0.0
2026-05-21,TJS_RUB,10,0.11523899999999969,7.62119,7.61455,0.006639999999999979,0.0,0.0,0.0
2026-05-22,TJS_RUB,5,0.0801879999999997,7.66334,7.62119,0.042149999999999466,0.0,0.0,0.0
2026-05-22,TJS_RUB,10,0.14707099999999967,7.66334,7.62119,0.042149999999999466,0.0,0.0,0.0
2026-05-23,TJS_RUB,5,0.03194600000000012,7.66334,7.67396,0.010620000000000296,0.0013839008803799206,0.0,0.0013839008803799206
2026-05-23,TJS_RUB,10,0.12071100000000001,7.66334,7.67396,0.010620000000000296,0.0013839008803799206,0.0,0.0013839008803799206
2026-05-26,TJS_RUB,5,0.029763999999999947,7.66334,7.71028,0.046940000000000204,0.006087976052750381,0.0,0.006087976052750381
2026-05-26,TJS_RUB,10,0.11114600000000001,7.66334,7.71028,0.046940000000000204,0.006087976052750381,0.0,0.006087976052750381
2026-05-27,TJS_RUB,5,0.058534000000000044,7.66334,7.74622,0.08288000000000029,0.0106994121003535,0.0,0.0106994121003535
2026-05-27,TJS_RUB,10,0.10549400000000002,7.66334,7.74622,0.08288000000000029,0.0106994121003535,0.0,0.0106994121003535
2026-05-28,TJS_RUB,5,0.11324000000000023,7.67536,7.66334,0.012020000000000586,0.0,0.0,0.0
2026-05-28,TJS_RUB,10,0.13576800000000028,7.66882,7.66334,0.0054800000000003735,0.0,0.0,0.0
2026-05-29,TJS_RUB,5,0.1371459999999997,7.67536,7.71309,0.03772999999999982,0.004891684136967132,0.0,0.004891684136967132
2026-05-29,TJS_RUB,10,0.10881999999999988,7.66882,7.71309,0.04427000000000003,0.005739593340671512,0.0,0.005739593340671512
2026-05-30,TJS_RUB,5,0.20807599999999962,7.73849,7.67536,0.06312999999999924,0.0,0.0,0.0
2026-05-30,TJS_RUB,10,0.13501299999999974,7.66882,7.67536,0.006540000000000212,0.0008520772967001173,0.0,0.0008520772967001173
2026-06-02,TJS_RUB,5,0.16431800000000046,7.83535,7.73849,0.09686000000000039,0.0,0.0,0.0
2026-06-02,TJS_RUB,10,0.10313200000000018,7.66882,7.73849,0.06966999999999945,0.00900304839833087,0.0,0.00900304839833087
2026-06-03,TJS_RUB,5,0.09718800000000005,7.66882,7.84429,0.1754699999999998,0.022369137296045886,0.0,0.022369137296045886
2026-06-03,TJS_RUB,10,0.09456599999999993,7.66882,7.84429,0.1754699999999998,0.022369137296045886,0.0,0.022369137296045886
2026-06-04,TJS_RUB,5,0.12979000000000002,7.66882,7.91167,0.2428499999999998,0.030695162968121747,0.0,0.030695162968121747
2026-06-04,TJS_RUB,10,0.12483499999999995,7.66882,7.91167,0.2428499999999998,0.030695162968121747,0.0,0.030695162968121747
2026-06-05,TJS_RUB,5,0.24291799999999988,7.66882,8.00591,0.3370899999999999,0.042105144824261066,0.0,0.042105144824261066
2026-06-05,TJS_RUB,10,0.2111389999999999,7.66882,8.00591,0.3370899999999999,0.042105144824261066,0.0,0.042105144824261066
2026-06-06,TJS_RUB,5,0.18212600000000023,7.66882,7.91682,0.24800000000000022,0.031325709059950864,0.0,0.031325709059950864
2026-06-06,TJS_RUB,10,0.12435000000000018,7.66882,7.91682,0.24800000000000022,0.031325709059950864,0.0,0.031325709059950864
2026-06-09,TJS_RUB,5,0.11598599999999984,7.66882,7.83535,0.16652999999999984,0.021253677244794406,0.0,0.021253677244794406
2026-06-09,TJS_RUB,10,0.09756199999999984,7.66882,7.83535,0.16652999999999984,0.021253677244794406,0.0,0.021253677244794406
2026-06-10,TJS_RUB,5,0.08352599999999999,7.68128,7.66882,0.012459999999999916,0.0,0.0,0.0
2026-06-10,TJS_RUB,10,0.1851869999999999,7.68128,7.66882,0.012459999999999916,0.0,0.0,0.0
2026-06-11,TJS_RUB,5,0.11051000000000002,7.71269,7.68128,0.03141000000000016,0.0,0.0,0.0
2026-06-11,TJS_RUB,10,0.219154,7.71269,7.68128,0.03141000000000016,0.0,0.0,0.0
2026-06-12,TJS_RUB,5,0.11385999999999985,7.7587,7.71269,0.046009999999999884,0.0,0.0,0.0
2026-06-12,TJS_RUB,10,0.24800399999999972,7.7587,7.71269,0.046009999999999884,0.0,0.0,0.0
2026-06-16,TJS_RUB,5,0.09077199999999977,7.7587,7.77533,0.016630000000000145,0.002138815973084119,0.0,0.002138815973084119
2026-06-16,TJS_RUB,10,0.25016099999999974,7.7587,7.77533,0.016630000000000145,0.002138815973084119,0.0,0.002138815973084119
2026-06-17,TJS_RUB,5,0.15513999999999975,7.83373,7.7587,0.07502999999999993,0.0,0.0,0.0
2026-06-17,TJS_RUB,10,0.33169999999999994,7.83373,7.7587,0.07502999999999993,0.0,0.0,0.0
2026-06-18,TJS_RUB,5,0.12193799999999992,7.8785,7.83373,0.044769999999999754,0.0,0.0,0.0
2026-06-18,TJS_RUB,10,0.31670800000000005,7.8785,7.83373,0.044769999999999754,0.0,0.0,0.0
2026-06-19,TJS_RUB,5,0.13057800000000022,7.88649,7.8785,0.007990000000000386,0.0,0.0,0.0
2026-06-19,TJS_RUB,10,0.32370800000000033,7.88649,7.8785,0.007990000000000386,0.0,0.0,0.0
2026-06-20,TJS_RUB,5,0.20834799999999962,7.93983,7.88649,0.0533399999999995,0.0,0.0,0.0
2026-06-20,TJS_RUB,10,0.35907099999999986,7.93983,7.88649,0.0533399999999995,0.0,0.0,0.0
2026-06-23,TJS_RUB,5,0.24505000000000035,8.03065,7.93983,0.0908199999999999,0.0,0.0,0.0
2026-06-23,TJS_RUB,10,0.3521180000000005,8.03065,7.93983,0.0908199999999999,0.0,0.0,0.0
2026-06-24,TJS_RUB,5,0.23631000000000063,8.04287,8.03065,0.012220000000001008,0.0,0.0,0.0
2026-06-24,TJS_RUB,10,0.2787310000000007,8.04287,8.03065,0.012220000000001008,0.0,0.0,0.0
2026-06-25,TJS_RUB,5,0.3023379999999996,8.14555,8.04287,0.10267999999999944,0.0,0.0,0.0
2026-06-25,TJS_RUB,10,0.2860519999999996,8.14555,8.04287,0.10267999999999944,0.0,0.0,0.0
2026-06-26,TJS_RUB,5,0.2497880000000002,8.31529,8.14555,0.1697399999999991,0.0,0.0,0.0
2026-06-26,TJS_RUB,10,0.19023200000000012,8.20498,8.14555,0.05943000000000076,0.0,0.0,0.0
2026-06-27,TJS_RUB,5,0.08099400000000116,8.32002,8.31529,0.004730000000000345,0.0,0.0,0.0
2026-06-27,TJS_RUB,10,0.08132600000000031,8.20498,8.31529,0.11030999999999835,0.013265923377296325,0.0,0.013265923377296325
2026-06-30,TJS_RUB,5,0.036983999999999996,8.32002,8.39004,0.0700200000000013,0.008345609794470741,0.0,0.008345609794470741
2026-06-30,TJS_RUB,10,0.09146600000000031,8.20498,8.39004,0.18506,0.022057105806408548,0.0,0.022057105806408548
2026-07-01,TJS_RUB,5,0.08924800000000026,8.20498,8.44105,0.23606999999999978,0.02796689985250647,0.0,0.02796689985250647
2026-07-01,TJS_RUB,10,0.12625700000000037,8.20498,8.44105,0.23606999999999978,0.02796689985250647,0.0,0.02796689985250647
2026-07-02,TJS_RUB,5,0.12147400000000026,8.20498,8.43411,0.2291299999999996,0.027167063270457655,0.0,0.027167063270457655
2026-07-02,TJS_RUB,10,0.12035200000000028,8.20498,8.43411,0.2291299999999996,0.027167063270457655,0.0,0.027167063270457655
2026-07-03,TJS_RUB,5,0.12297400000000032,8.20498,8.3962,0.1912199999999995,0.022774588504323325,0.0,0.022774588504323325
2026-07-03,TJS_RUB,10,0.096068,8.20498,8.3962,0.1912199999999995,0.022774588504323325,0.0,0.022774588504323325
2026-07-04,TJS_RUB,5,0.08449599999999968,8.20498,8.32002,0.1150399999999987,0.013826889839206961,0.0,0.013826889839206961
2026-07-04,TJS_RUB,10,0.09183199999999996,8.20498,8.32002,0.1150399999999987,0.013826889839206961,0.0,0.013826889839206961
2026-07-07,TJS_RUB,5,0.15960800000000042,8.20498,8.4037,0.19871999999999979,0.023646727036900385,0.0,0.023646727036900385
2026-07-07,TJS_RUB,10,0.10374199999999992,8.20498,8.4037,0.19871999999999979,0.023646727036900385,0.0,0.023646727036900385
2026-07-08,TJS_RUB,5,0.07280399999999929,8.21415,8.20498,0.009169999999999234,0.0,0.0,0.0
2026-07-08,TJS_RUB,10,0.16510499999999909,8.21415,8.20498,0.009169999999999234,0.0,0.0,0.0
2026-07-09,TJS_RUB,5,0.08625200000000036,8.21415,8.23828,0.02412999999999954,0.0029290094534295437,0.0,0.0029290094534295437
2026-07-09,TJS_RUB,10,0.16104100000000016,8.21415,8.23828,0.02412999999999954,0.0029290094534295437,0.0,0.0029290094534295437
2026-07-10,TJS_RUB,5,0.15036799999999992,8.27918,8.21415,0.06503000000000014,0.0,0.0,0.0
2026-07-10,TJS_RUB,10,0.20657799999999985,8.27918,8.21415,0.06503000000000014,0.0,0.0,0.0
2026-07-11,TJS_RUB,5,0.12085799999999977,8.27918,8.28387,0.004690000000000083,0.0005661605022773273,0.0,0.0005661605022773273
2026-07-11,TJS_RUB,10,0.15170999999999957,8.27918,8.28387,0.004690000000000083,0.0005661605022773273,0.0,0.0005661605022773273
2026-07-14,TJS_RUB,5,0.16029199999999974,8.37344,8.27918,0.09426000000000023,0.0,0.0,0.0
2026-07-14,TJS_RUB,10,0.17064499999999966,8.37344,8.27918,0.09426000000000023,0.0,0.0,0.0
2026-07-15,TJS_RUB,5,0.08894599999999926,8.42376,8.37344,0.050319999999999254,0.0,0.0,0.0
2026-07-15,TJS_RUB,10,0.09030899999999935,8.42301,8.37344,0.049569999999999226,0.0,0.0,0.0
2026-07-16,TJS_RUB,5,0.050349999999999895,8.46228,8.42376,0.03852000000000011,0.0,0.0,0.0
2026-07-16,TJS_RUB,10,0.05628000000000011,8.42301,8.42376,0.0007500000000000284,8.903387560899509e-05,0.0,8.903387560899509e-05
2026-07-17,TJS_RUB,5,0.014622000000000312,8.46228,8.46234,5.9999999999504894e-05,7.090237451993763e-06,0.0,7.090237451993763e-06
2026-07-17,TJS_RUB,10,0.04854900000000022,8.42301,8.46234,0.03932999999999964,0.004647650649820221,0.0,0.004647650649820221
2026-07-18,TJS_RUB,5,0.017207999999999758,8.42301,8.47554,0.052530000000000854,0.006197835182183182,0.0,0.006197835182183182
2026-07-18,TJS_RUB,10,0.05493099999999966,8.42301,8.47554,0.052530000000000854,0.006197835182183182,0.0,0.006197835182183182
2026-07-21,TJS_RUB,5,0.02611399999999975,8.42301,8.46228,0.03927000000000014,0.00464059331527675,0.0,0.00464059331527675
2026-07-21,TJS_RUB,10,0.07976399999999995,8.42301,8.46228,0.03927000000000014,0.00464059331527675,0.0,0.00464059331527675
2026-07-22,TJS_RUB,5,0.03276599999999945,8.42301,8.48801,0.0649999999999995,0.007657860912039395,0.0,0.007657860912039395
2026-07-22,TJS_RUB,10,0.09600000000000009,8.42301,8.48801,0.0649999999999995,0.007657860912039395,0.0,0.007657860912039395
2026-07-23,TJS_RUB,5,0.04994599999999956,8.42301,8.48238,0.05936999999999948,0.006999214843003907,0.0,0.006999214843003907
2026-07-23,TJS_RUB,10,0.1250020000000001,8.42301,8.48238,0.05936999999999948,0.006999214843003907,0.0,0.006999214843003907
2026-07-24,TJS_RUB,5,0.0796479999999999,8.42301,8.47648,0.053470000000000795,0.006308042961229283,0.0,0.006308042961229283
2026-07-24,TJS_RUB,10,0.1600259999999995,8.42301,8.47648,0.053470000000000795,0.006308042961229283,0.0,0.006308042961229283
2026-07-25,TJS_RUB,5,0.12737200000000043,8.43101,8.42301,0.008000000000000895,0.0,0.0,0.0
2026-07-25,TJS_RUB,10,0.23992400000000025,8.43101,8.42301,0.008000000000000895,0.0,0.0,0.0
2026-07-28,TJS_RUB,5,0.1646839999999994,8.51268,8.43101,0.08166999999999902,0.0,0.0,0.0
2026-07-28,TJS_RUB,10,0.28153299999999926,8.51268,8.43101,0.08166999999999902,0.0,0.0,0.0
2026-07-29,TJS_RUB,5,0.1345640000000003,8.58517,8.51268,0.07249000000000017,0.0,0.0,0.0
2026-07-29,TJS_RUB,10,0.23880000000000018,8.58517,8.51268,0.07249000000000017,0.0,0.0,0.0
2026-07-30,TJS_RUB,5,0.09726800000000005,8.59216,8.58517,0.006990000000000052,0.0,0.0,0.0
2026-07-30,TJS_RUB,10,0.20478400000000008,8.59216,8.58517,0.006990000000000052,0.0,0.0,0.0
2026-07-31,TJS_RUB,5,0.10148599999999916,8.59216,8.63089,0.03873000000000104,0.00448737036389075,0.0,0.00448737036389075
2026-07-31,TJS_RUB,10,0.20847799999999914,8.59216,8.63089,0.03873000000000104,0.00448737036389075,0.0,0.00448737036389075
2026-08-01,TJS_RUB,5,0.18332599999999993,8.65757,8.59216,0.06540999999999997,0.0,0.0,0.0
2026-08-01,TJS_RUB,10,0.29298199999999996,8.65757,8.59216,0.06540999999999997,0.0,0.0,0.0
2026-08-04,TJS_RUB,5,0.17182199999999986,8.76114,8.65757,0.1035699999999995,0.0,0.0,0.0
2026-08-04,TJS_RUB,10,0.27995800000000004,8.76114,8.65757,0.1035699999999995,0.0,0.0,0.0
2026-08-05,TJS_RUB,5,0.08900200000000033,8.76114,8.77043,0.00929000000000002,0.0010592411090448268,0.0,0.0010592411090448268
2026-08-05,TJS_RUB,10,0.21190400000000054,8.76114,8.77043,0.00929000000000002,0.0010592411090448268,0.0,0.0010592411090448268
2026-08-06,TJS_RUB,5,0.1363300000000006,8.80312,8.76114,0.04198000000000057,0.0,0.0,0.0
2026-08-06,TJS_RUB,10,0.26283300000000054,8.80312,8.76114,0.04198000000000057,0.0,0.0,0.0
2026-08-07,TJS_RUB,5,0.14324000000000012,8.88517,8.80312,0.08205000000000062,0.0,0.0,0.0
2026-08-07,TJS_RUB,10,0.2414719999999999,8.88517,8.80312,0.08205000000000062,0.0,0.0,0.0
2026-08-08,TJS_RUB,5,0.10962799999999931,8.90205,8.88517,0.016879999999998674,0.0,0.0,0.0
2026-08-08,TJS_RUB,10,0.16793099999999922,8.90205,8.88517,0.016879999999998674,0.0,0.0,0.0
2026-08-11,TJS_RUB,5,0.12858400000000075,8.90205,8.9271,0.02505000000000024,0.002806062439089989,0.0,0.002806062439089989
2026-08-11,TJS_RUB,10,0.13851500000000047,8.90205,8.9271,0.02505000000000024,0.002806062439089989,0.0,0.002806062439089989
2026-08-12,TJS_RUB,5,0.2031860000000009,8.96991,8.90205,0.06786000000000136,0.0,0.0,0.0
2026-08-12,TJS_RUB,10,0.18127200000000077,8.96991,8.90205,0.06786000000000136,0.0,0.0,0.0
2026-08-13,TJS_RUB,5,0.18056599999999925,9.04757,8.96991,0.07765999999999984,0.0,0.0,0.0
2026-08-13,TJS_RUB,10,0.12768599999999938,8.97026,8.96991,0.0003499999999991843,0.0,0.0,0.0
2026-08-14,TJS_RUB,5,0.11055799999999963,9.00931,9.04757,0.03826000000000107,0.004228759766434642,0.0,0.004228759766434642
2026-08-14,TJS_RUB,10,0.10675299999999979,8.97026,9.04757,0.07731000000000066,0.00854483579568886,0.0,0.00854483579568886
2026-08-15,TJS_RUB,5,0.0941040000000001,8.97026,9.12736,0.1570999999999998,0.017211986817655907,0.0,0.017211986817655907
2026-08-15,TJS_RUB,10,0.09053599999999999,8.97026,9.12736,0.1570999999999998,0.017211986817655907,0.0,0.017211986817655907
2026-08-18,TJS_RUB,5,0.11914799999999985,8.97026,9.18143,0.21117000000000097,0.022999685234217433,0.0,0.022999685234217433
2026-08-18,TJS_RUB,10,0.10510499999999982,8.97026,9.18143,0.21117000000000097,0.022999685234217433,0.0,0.022999685234217433
2026-08-19,TJS_RUB,5,0.13850199999999938,8.97026,9.19991,0.22964999999999947,0.024962200717180874,0.0,0.024962200717180874
2026-08-19,TJS_RUB,10,0.12394699999999989,8.97026,9.19991,0.22964999999999947,0.024962200717180874,0.0,0.024962200717180874
2026-08-20,TJS_RUB,5,0.15139399999999908,8.97026,9.19611,0.22584999999999944,0.02455929735507725,0.0,0.02455929735507725
2026-08-20,TJS_RUB,10,0.14428000000000002,8.97026,9.19611,0.22584999999999944,0.02455929735507725,0.0,0.02455929735507725
2025-07-12,UZS_RUB,5,3.9183999999999745e-05,0.00610094,0.00616459,6.365000000000016e-05,0.0103250986683624,0.0,0.0103250986683624
2025-07-12,UZS_RUB,10,4.372099999999978e-05,0.00610094,0.00616459,6.365000000000016e-05,0.0103250986683624,0.0,0.0103250986683624
2025-07-15,UZS_RUB,5,6.205199999999976e-05,0.00610094,0.00621259,0.0001116499999999996,0.01797157063318191,0.0,0.01797157063318191
2025-07-15,UZS_RUB,10,5.847799999999983e-05,0.00610094,0.00621259,0.0001116499999999996,0.01797157063318191,0.0,0.01797157063318191
2025-07-16,UZS_RUB,5,4.834399999999982e-05,0.00610094,0.00613887,3.7930000000000255e-05,0.006178661545202985,0.0,0.006178661545202985
2025-07-16,UZS_RUB,10,0.00010835699999999972,0.00610094,0.00613887,3.7930000000000255e-05,0.006178661545202985,0.0,0.006178661545202985
2025-07-17,UZS_RUB,5,8.164799999999996e-05,0.00612819,0.00610094,2.7250000000000364e-05,0.0,0.0,0.0
2025-07-17,UZS_RUB,10,0.00018114799999999998,0.00612819,0.00610094,2.7250000000000364e-05,0.0,0.0,0.0
2025-07-18,UZS_RUB,5,6.460199999999954e-05,0.00617503,0.00612819,4.683999999999938e-05,0.0,0.0,0.0
2025-07-18,UZS_RUB,10,0.0001789369999999996,0.00617503,0.00612819,4.683999999999938e-05,0.0,0.0,0.0
2025-07-19,UZS_RUB,5,3.3804000000000126e-05,0.00617503,0.00618674,1.1709999999999846e-05,0.0018927577367078374,0.0,0.0018927577367078374
2025-07-19,UZS_RUB,10,0.0001384500000000003,0.00617503,0.00618674,1.1709999999999846e-05,0.0018927577367078374,0.0,0.0018927577367078374
2025-07-22,UZS_RUB,5,5.7832000000000025e-05,0.00617503,0.00622723,5.220000000000051e-05,0.008382539267057827,0.0,0.008382539267057827
2025-07-22,UZS_RUB,10,0.00012383999999999998,0.00617503,0.00622723,5.220000000000051e-05,0.008382539267057827,0.0,0.008382539267057827
2025-07-23,UZS_RUB,5,0.000126394,0.00617503,0.00619575,2.0720000000000113e-05,0.003344227898156012,0.0,0.003344227898156012
2025-07-23,UZS_RUB,10,0.00015109500000000012,0.00617503,0.00619575,2.0720000000000113e-05,0.003344227898156012,0.0,0.003344227898156012
2025-07-24,UZS_RUB,5,0.00020655800000000027,0.00617921,0.00617503,4.180000000000329e-06,0.0,0.0,0.0
2025-07-24,UZS_RUB,10,0.00018711600000000027,0.00617921,0.00617503,4.180000000000329e-06,0.0,0.0,0.0
2025-07-25,UZS_RUB,5,0.00024225199999999993,0.00628702,0.00617921,0.00010780999999999985,0.0,0.0,0.0
2025-07-25,UZS_RUB,10,0.00019994099999999992,0.00626111,0.00617921,8.19000000000002e-05,0.0,0.0,0.0
2025-07-26,UZS_RUB,5,0.00014281600000000012,0.0063249,0.00628702,3.7879999999999685e-05,0.0,0.0,0.0
2025-07-26,UZS_RUB,10,0.00010209600000000005,0.00626111,0.00628702,2.590999999999965e-05,0.0041211893711169435,0.0,0.0041211893711169435
2025-07-29,UZS_RUB,5,0.0001176940000000003,0.00626111,0.0063249,6.378999999999933e-05,0.010085534949169053,0.0,0.010085534949169053
2025-07-29,UZS_RUB,10,7.563100000000023e-05,0.00626111,0.0063249,6.378999999999933e-05,0.010085534949169053,0.0,0.010085534949169053
2025-07-30,UZS_RUB,5,0.00019849399999999993,0.00626111,0.00657004,0.0003089299999999998,0.047021022703058094,0.0,0.047021022703058094
2025-07-30,UZS_RUB,10,0.00021251299999999995,0.00626111,0.00657004,0.0003089299999999998,0.047021022703058094,0.0,0.047021022703058094
2025-07-31,UZS_RUB,5,0.0002040660000000003,0.00626111,0.00654677,0.0002856600000000001,0.04363373083215082,0.0,0.04363373083215082
2025-07-31,UZS_RUB,10,0.00020759500000000025,0.00626111,0.00654677,0.0002856600000000001,0.04363373083215082,0.0,0.04363373083215082
2025-08-01,UZS_RUB,5,5.133199999999994e-05,0.00626111,0.00637858,0.00011746999999999973,0.0184163246365178,0.0,0.0184163246365178
2025-08-01,UZS_RUB,10,4.457999999999988e-05,0.00626111,0.00637858,0.00011746999999999973,0.0184163246365178,0.0,0.0184163246365178
2025-08-02,UZS_RUB,5,3.62539999999998e-05,0.00626111,0.00632889,6.777999999999992e-05,0.010709618906316894,0.0,0.010709618906316894
2025-08-02,UZS_RUB,10,3.58159999999998e-05,0.00626111,0.00632889,6.777999999999992e-05,0.010709618906316894,0.0,0.010709618906316894
2025-08-05,UZS_RUB,5,8.200199999999977e-05,0.00628651,0.00626111,2.5400000000000075e-05,0.0,0.0,0.0
2025-08-05,UZS_RUB,10,9.642799999999971e-05,0.00628651,0.00626111,2.5400000000000075e-05,0.0,0.0,0.0
2025-08-06,UZS_RUB,5,2.648799999999986e-05,0.00628651,0.00634238,5.586999999999953e-05,0.008808995992040769,0.0,0.008808995992040769
2025-08-06,UZS_RUB,10,3.651699999999989e-05,0.00628651,0.00634238,5.586999999999953e-05,0.008808995992040769,0.0,0.008808995992040769
2025-08-07,UZS_RUB,5,6.691399999999969e-05,0.00628651,0.00640256,0.00011604999999999949,0.018125562275089883,0.0,0.018125562275089883
2025-08-07,UZS_RUB,10,4.379799999999975e-05,0.00628651,0.00640256,0.00011604999999999949,0.018125562275089883,0.0,0.018125562275089883
2025-08-08,UZS_RUB,5,2.5831999999999766e-05,0.00628651,0.00634926,6.274999999999944e-05,0.009883041488299335,0.0,0.009883041488299335
2025-08-08,UZS_RUB,10,4.151499999999996e-05,0.00628651,0.00634926,6.274999999999944e-05,0.009883041488299335,0.0,0.009883041488299335
2025-08-09,UZS_RUB,5,3.18019999999997e-05,0.00628651,0.00633485,4.8340000000000015e-05,0.007630804202151592,0.0,0.007630804202151592
2025-08-09,UZS_RUB,10,6.618099999999971e-05,0.00628651,0.00633485,4.8340000000000015e-05,0.007630804202151592,0.0,0.007630804202151592
2025-08-12,UZS_RUB,5,8.545399999999957e-05,0.00634436,0.00628651,5.7849999999999915e-05,0.0,0.0,0.0
2025-08-12,UZS_RUB,10,0.00012914099999999972,0.00634436,0.00628651,5.7849999999999915e-05,0.0,0.0,0.0
2025-08-13,UZS_RUB,5,4.456599999999953e-05,0.00636009,0.00634436,1.572999999999939e-05,0.0,0.0,0.0
2025-08-13,UZS_RUB,10,9.123599999999975e-05,0.00636009,0.00634436,1.572999999999939e-05,0.0,0.0,0.0
2025-08-14,UZS_RUB,5,3.3412000000000025e-05,0.00636009,0.00636325,3.1600000000003153e-06,0.0004966015793816549,0.0,0.0004966015793816549
2025-08-14,UZS_RUB,10,8.776100000000008e-05,0.00636009,0.00636325,3.1600000000003153e-06,0.0004966015793816549,0.0,0.0004966015793816549
2025-08-15,UZS_RUB,5,3.300000000000004e-05,0.00636009,0.00638237,2.228000000000039e-05,0.0034908662456110177,0.0,0.0034908662456110177
2025-08-15,UZS_RUB,10,8.106500000000004e-05,0.00636009,0.00638237,2.228000000000039e-05,0.0034908662456110177,0.0,0.0034908662456110177
2025-08-16,UZS_RUB,5,7.532000000000042e-05,0.00639561,0.00636009,3.552000000000069e-05,0.0,0.0,0.0
2025-08-16,UZS_RUB,10,0.00010644000000000036,0.00639561,0.00636009,3.552000000000069e-05,0.0,0.0,0.0
2025-08-19,UZS_RUB,5,5.52440000000003e-05,0.00639561,0.00640975,1.4139999999999292e-05,0.0022060142751276247,0.0,0.0022060142751276247
2025-08-19,UZS_RUB,10,6.295000000000024e-05,0.00639561,0.00640975,1.4139999999999292e-05,0.0022060142751276247,0.0,0.0022060142751276247
2025-08-20,UZS_RUB,5,6.652000000000029e-05,0.00639561,0.00642917,3.355999999999932e-05,0.005219958408316986,0.0,0.005219958408316986
2025-08-20,UZS_RUB,10,5.1288000000000286e-05,0.00639561,0.00642917,3.355999999999932e-05,0.005219958408316986,0.0,0.005219958408316986
2025-08-21,UZS_RUB,5,0.00010974999999999978,0.00643767,0.00639561,4.2060000000000014e-05,0.0,0.0,0.0
2025-08-21,UZS_RUB,10,8.937999999999966e-05,0.0064356,0.00639561,3.99899999999993e-05,0.0,0.0,0.0
2025-08-22,UZS_RUB,5,7.382999999999973e-05,0.00646837,0.00643767,3.0699999999999825e-05,0.0,0.0,0.0
2025-08-22,UZS_RUB,10,6.094199999999977e-05,0.0064356,0.00643767,2.070000000000717e-06,0.00032154490677538877,0.0,0.00032154490677538877
2025-08-23,UZS_RUB,5,3.5091999999999934e-05,0.0064356,0.00650485,6.925000000000073e-05,0.01064590267262131,0.0,0.01064590267262131
2025-08-23,UZS_RUB,10,3.947499999999984e-05,0.0064356,0.00650485,6.925000000000073e-05,0.01064590267262131,0.0,0.01064590267262131
2025-08-26,UZS_RUB,5,5.475200000000027e-05,0.0064356,0.00652939,9.379000000000071e-05,0.014364282115174726,0.0,0.014364282115174726
2025-08-26,UZS_RUB,10,4.718200000000004e-05,0.0064356,0.00652939,9.379000000000071e-05,0.014364282115174726,0.0,0.014364282115174726
2025-08-27,UZS_RUB,5,7.858399999999977e-05,0.0064356,0.00654381,0.00010821000000000008,0.016536238063146712,0.0,0.016536238063146712
2025-08-27,UZS_RUB,10,6.486899999999995e-05,0.0064356,0.00654381,0.00010821000000000008,0.016536238063146712,0.0,0.016536238063146712
2025-08-28,UZS_RUB,5,4.6459999999999904e-05,0.0064356,0.00651108,7.548000000000017e-05,0.011592546858585698,0.0,0.011592546858585698
2025-08-28,UZS_RUB,10,9.454900000000002e-05,0.0064356,0.00651108,7.548000000000017e-05,0.011592546858585698,0.0,0.011592546858585698
2025-08-29,UZS_RUB,5,3.989800000000002e-05,0.0064356,0.00646837,3.277000000000054e-05,0.005066191327954422,0.0,0.005066191327954422
2025-08-29,UZS_RUB,10,0.0001486799999999999,0.0064356,0.00646837,3.277000000000054e-05,0.005066191327954422,0.0,0.005066191327954422
2025-08-30,UZS_RUB,5,7.366000000000021e-05,0.00644317,0.0064356,7.570000000000146e-06,0.0,0.0,0.0
2025-08-30,UZS_RUB,10,0.0002040980000000003,0.00644317,0.0064356,7.570000000000146e-06,0.0,0.0,0.0
2025-09-02,UZS_RUB,5,9.270400000000005e-05,0.00646791,0.00644317,2.4740000000000525e-05,0.0,0.0,0.0
2025-09-02,UZS_RUB,10,0.00022069800000000016,0.00646791,0.00644317,2.4740000000000525e-05,0.0,0.0,0.0
2025-09-03,UZS_RUB,5,0.00011274999999999949,0.00650805,0.00646791,4.0139999999999273e-05,0.0,0.0,0.0
2025-09-03,UZS_RUB,10,0.0002201959999999996,0.00650805,0.00646791,4.0139999999999273e-05,0.0,0.0,0.0
2025-09-04,UZS_RUB,5,0.00014566800000000035,0.00655742,0.00650805,4.936999999999997e-05,0.0,0.0,0.0
2025-09-04,UZS_RUB,10,0.00020485200000000032,0.00655742,0.00650805,4.936999999999997e-05,0.0,0.0,0.0
2025-09-05,UZS_RUB,5,0.00016101400000000012,0.00655742,0.00656975,1.23300000000005e-05,0.001876783743673732,0.0,0.001876783743673732
2025-09-05,UZS_RUB,10,0.00016736599999999996,0.00655742,0.00656975,1.23300000000005e-05,0.001876783743673732,0.0,0.001876783743673732
2025-09-06,UZS_RUB,5,0.00021271600000000046,0.00657624,0.00655742,1.882000000000012e-05,0.0,0.0,0.0
2025-09-06,UZS_RUB,10,0.00020027300000000038,0.00657624,0.00655742,1.882000000000012e-05,0.0,0.0,0.0
2025-09-09,UZS_RUB,5,0.00021562200000000038,0.00668487,0.00657624,0.00010863000000000018,0.0,0.0,0.0
2025-09-09,UZS_RUB,10,0.00020414900000000026,0.00668487,0.00657624,0.00010863000000000018,0.0,0.0,0.0
2025-09-10,UZS_RUB,5,0.0001065,0.00668487,0.00669184,6.97000000000024e-06,0.0010415670428462484,0.0,0.0010415670428462484
2025-09-10,UZS_RUB,10,0.0001007759999999999,0.00668487,0.00669184,6.97000000000024e-06,0.0010415670428462484,0.0,0.0010415670428462484
2025-09-11,UZS_RUB,5,0.0001240460000000004,0.00668487,0.00687334,0.00018847000000000048,0.027420438971446266,0.0,0.027420438971446266
2025-09-11,UZS_RUB,10,9.627300000000037e-05,0.00668487,0.00687334,0.00018847000000000048,0.027420438971446266,0.0,0.027420438971446266
2025-09-12,UZS_RUB,5,0.00018685200000000037,0.00668487,0.00693032,0.00024545000000000036,0.03541683500906168,0.0,0.03541683500906168
2025-09-12,UZS_RUB,10,0.0001451390000000003,0.00668487,0.00693032,0.00024545000000000036,0.03541683500906168,0.0,0.03541683500906168
2025-09-13,UZS_RUB,5,4.057000000000001e-05,0.00668487,0.00677894,9.406999999999992e-05,0.01387680079776483,0.0,0.01387680079776483
2025-09-13,UZS_RUB,10,5.083600000000011e-05,0.00668487,0.00677894,9.406999999999992e-05,0.01387680079776483,0.0,0.01387680079776483
2025-09-16,UZS_RUB,5,8.404599999999995e-05,0.00671029,0.00668487,2.5419999999999957e-05,0.0,0.0,0.0
2025-09-16,UZS_RUB,10,0.0001219630000000001,0.00671029,0.00668487,2.5419999999999957e-05,0.0,0.0,0.0
2025-09-17,UZS_RUB,5,7.660200000000009e-05,0.00675601,0.00671029,4.571999999999996e-05,0.0,0.0,0.0
2025-09-17,UZS_RUB,10,0.00011005200000000016,0.00675601,0.00671029,4.571999999999996e-05,0.0,0.0,0.0
2025-09-18,UZS_RUB,5,5.9866000000000257e-05,0.00678723,0.00675601,3.1220000000000206e-05,0.0,0.0,0.0
2025-09-18,UZS_RUB,10,6.46070000000002e-05,0.00675326,0.00675601,2.750000000000148e-06,0.0004070449866119423,0.0,0.0004070449866119423
2025-09-19,UZS_RUB,5,3.966400000000002e-05,0.00678785,0.00678723,6.199999999997874e-07,0.0,0.0,0.0
2025-09-19,UZS_RUB,10,4.798100000000007e-05,0.00670373,0.00678723,8.350000000000024e-05,0.0123025151645075,0.0,0.0123025151645075
2025-09-20,UZS_RUB,5,5.219200000000021e-05,0.00680017,0.00678785,1.232000000000056e-05,0.0,0.0,0.0
2025-09-20,UZS_RUB,10,4.954400000000015e-05,0.00670373,0.00678785,8.412000000000003e-05,0.012392731129886493,0.0,0.012392731129886493
2025-09-23,UZS_RUB,5,4.2762000000000185e-05,0.00680017,0.0068032,3.0299999999993527e-06,0.0004453786453432727,0.0,0.0004453786453432727
2025-09-23,UZS_RUB,10,5.188800000000011e-05,0.00670373,0.0068032,9.946999999999994e-05,0.014621060677328308,0.0,0.014621060677328308
2025-09-24,UZS_RUB,5,5.36219999999997e-05,0.00682674,0.00680017,2.6570000000000066e-05,0.0,0.0,0.0
2025-09-24,UZS_RUB,10,5.3966999999999905e-05,0.00670373,0.00680017,9.644000000000059e-05,0.014181998391216775,0.0,0.014181998391216775
2025-09-25,UZS_RUB,5,7.667200000000054e-05,0.00675326,0.00690093,0.0001476700000000008,0.021398565120933088,0.0,0.021398565120933088
2025-09-25,UZS_RUB,10,9.450800000000053e-05,0.00670373,0.00690093,0.00019720000000000067,0.028575858616157628,0.0,0.028575858616157628
2025-09-26,UZS_RUB,5,5.151199999999991e-05,0.00670373,0.00684232,0.00013859000000000007,0.02025482584854261,0.0,0.02025482584854261
2025-09-26,UZS_RUB,10,5.655699999999996e-05,0.00670373,0.00684232,0.00013859000000000007,0.02025482584854261,0.0,0.02025482584854261
2025-09-27,UZS_RUB,5,7.40679999999997e-05,0.00670373,0.00685359,0.00014985999999999992,0.021865912609304018,0.0,0.021865912609304018
2025-09-27,UZS_RUB,10,7.836999999999983e-05,0.00669696,0.00685359,0.00015662999999999962,0.022853716081644746,0.0,0.022853716081644746
2025-09-30,UZS_RUB,5,6.572200000000018e-05,0.00670373,0.00682674,0.00012301000000000065,0.018018849406891232,0.0,0.018018849406891232
2025-09-30,UZS_RUB,10,7.732200000000033e-05,0.0066597,0.00682674,0.00016704000000000024,0.024468487154923176,0.0,0.024468487154923176
2025-10-01,UZS_RUB,5,7.554600000000012e-05,0.00670373,0.00684538,0.0001416500000000001,0.020692788420803538,0.0,0.020692788420803538
2025-10-01,UZS_RUB,10,0.00011492200000000002,0.00658122,0.00684538,0.00026416000000000026,0.03858953045703822,0.0,0.03858953045703822
2025-10-02,UZS_RUB,5,5.513800000000024e-05,0.00670373,0.00675326,4.952999999999989e-05,0.007334235613614741,0.0,0.007334235613614741
2025-10-02,UZS_RUB,10,8.902899999999994e-05,0.00647011,0.00675326,0.0002831499999999994,0.04192789852604511,0.0,0.04192789852604511
2025-10-03,UZS_RUB,5,9.285200000000021e-05,0.00674371,0.00670373,3.9980000000000224e-05,0.0,0.0,0.0
2025-10-03,UZS_RUB,10,0.00011104699999999997,0.00646445,0.00670373,0.0002392799999999997,0.03569356164403992,0.0,0.03569356164403992
2025-10-04,UZS_RUB,5,5.230599999999988e-05,0.00669696,0.0067685,7.154000000000015e-05,0.010569550121888179,0.0,0.010569550121888179
2025-10-04,UZS_RUB,10,0.00012692700000000004,0.00646445,0.0067685,0.00030405000000000015,0.04492132673413609,0.0,0.04492132673413609
2025-10-07,UZS_RUB,5,0.00014416200000000028,0.0066597,0.00688198,0.00022228000000000005,0.03229884422796928,0.0,0.03229884422796928
2025-10-07,UZS_RUB,10,0.00022364100000000028,0.00646445,0.00688198,0.00041753000000000016,0.06067003972693907,0.0,0.06067003972693907
2025-10-08,UZS_RUB,5,0.00012381799999999966,0.00658122,0.0068149,0.00023368,0.03428957138035775,0.0,0.03428957138035775
2025-10-08,UZS_RUB,10,0.00016353599999999963,0.00646445,0.0068149,0.00035044999999999955,0.051424085459801254,0.0,0.051424085459801254
2025-10-09,UZS_RUB,5,0.0001434799999999998,0.00647011,0.00677382,0.00030370999999999957,0.04483585332943591,0.0,0.04483585332943591
2025-10-09,UZS_RUB,10,0.0001249069999999999,0.00646445,0.00677382,0.0003093699999999998,0.04567142321467057,0.0,0.04567142321467057
2025-10-10,UZS_RUB,5,0.00016922199999999996,0.00646445,0.00674371,0.0002792599999999999,0.04141044024728227,0.0,0.04141044024728227
2025-10-10,UZS_RUB,10,0.00010390500000000006,0.00646445,0.00674371,0.0002792599999999999,0.04141044024728227,0.0,0.04141044024728227
2025-10-11,UZS_RUB,5,0.00013000800000000003,0.00646445,0.00669696,0.00023251,0.03471873805428135,0.0,0.03471873805428135
2025-10-11,UZS_RUB,10,8.619499999999993e-05,0.00646445,0.00669696,0.00023251,0.03471873805428135,0.0,0.03471873805428135
2025-10-14,UZS_RUB,5,0.00010465600000000002,0.00646445,0.0066597,0.0001952500000000001,0.02931813745363907,0.0,0.02931813745363907
2025-10-14,UZS_RUB,10,9.60729999999999e-05,0.00646445,0.0066597,0.0001952500000000001,0.02931813745363907,0.0,0.02931813745363907
2025-10-15,UZS_RUB,5,0.00012157799999999997,0.00646445,0.00658122,0.00011676999999999955,0.017742910888862484,0.0,0.017742910888862484
2025-10-15,UZS_RUB,10,0.00011575800000000001,0.00646445,0.00658122,0.00011676999999999955,0.017742910888862484,0.0,0.017742910888862484
2025-10-16,UZS_RUB,5,0.00020944399999999977,0.00646445,0.00647011,5.6600000000002135e-06,0.0008747919278034242,0.0,0.0008747919278034242
2025-10-16,UZS_RUB,10,0.00018484899999999968,0.00646445,0.00647011,5.6600000000002135e-06,0.0008747919278034242,0.0,0.0008747919278034242
2025-10-17,UZS_RUB,5,0.0002630959999999998,0.00665928,0.00646445,0.00019483,0.0,0.0,0.0
2025-10-17,UZS_RUB,10,0.00021432599999999984,0.00651832,0.00646445,5.387000000000013e-05,0.0,0.0,0.0
2025-10-18,UZS_RUB,5,7.154199999999978e-05,0.00667566,0.00665928,1.6379999999999867e-05,0.0,0.0,0.0
2025-10-18,UZS_RUB,10,7.237999999999993e-05,0.00651832,0.00665928,0.00014095999999999987,0.02116745353852066,0.0,0.02116745353852066
2025-10-21,UZS_RUB,5,7.060199999999999e-05,0.00651832,0.00671924,0.0002009199999999994,0.029902191319256255,0.0,0.029902191319256255
2025-10-21,UZS_RUB,10,5.958700000000001e-05,0.00651832,0.00671924,0.0002009199999999994,0.029902191319256255,0.0,0.029902191319256255
2025-10-22,UZS_RUB,5,0.00010042400000000018,0.00651832,0.00674515,0.00022682999999999991,0.03362860722148505,0.0,0.03362860722148505
2025-10-22,UZS_RUB,10,7.337600000000017e-05,0.00651832,0.00674515,0.00022682999999999991,0.03362860722148505,0.0,0.03362860722148505
2025-10-23,UZS_RUB,5,0.00016796600000000013,0.00651832,0.00679833,0.0002800099999999998,0.041188056478576325,0.0,0.041188056478576325
2025-10-23,UZS_RUB,10,0.00010462200000000004,0.00651832,0.00679833,0.0002800099999999998,0.041188056478576325,0.0,0.041188056478576325
2025-10-24,UZS_RUB,5,8.57239999999997e-05,0.00651832,0.00671573,0.00019740999999999943,0.029395166273807827,0.0,0.029395166273807827
2025-10-24,UZS_RUB,10,6.771900000000002e-05,0.00651832,0.00671573,0.00019740999999999943,0.029395166273807827,0.0,0.029395166273807827
2025-10-25,UZS_RUB,5,7.649400000000004e-05,0.00651832,0.00667566,0.00015733999999999974,0.023569205142263048,0.0,0.023569205142263048
2025-10-25,UZS_RUB,10,7.954500000000005e-05,0.00651832,0.00667566,0.00015733999999999974,0.023569205142263048,0.0,0.023569205142263048
2025-10-28,UZS_RUB,5,0.0001688239999999997,0.00662016,0.00651832,0.00010183999999999974,0.0,0.0,0.0
2025-10-28,UZS_RUB,10,0.0002088679999999998,0.00662016,0.00651832,0.00010183999999999974,0.0,0.0,0.0
2025-10-29,UZS_RUB,5,0.00010025200000000015,0.00662016,0.00662195,1.7899999999997779e-06,0.00027031312528783485,0.0,0.00027031312528783485
2025-10-29,UZS_RUB,10,0.00012134300000000032,0.00662016,0.00662195,1.7899999999997779e-06,0.00027031312528783485,0.0,0.00027031312528783485
2025-10-30,UZS_RUB,5,0.00013689200000000008,0.00671394,0.00662016,9.37799999999999e-05,0.0,0.0,0.0
2025-10-30,UZS_RUB,10,0.00013398500000000017,0.00671394,0.00662016,9.37799999999999e-05,0.0,0.0,0.0
2025-10-31,UZS_RUB,5,5.1504000000000136e-05,0.00672637,0.00671394,1.2429999999999906e-05,0.0,0.0,0.0
2025-10-31,UZS_RUB,10,4.571500000000025e-05,0.00671736,0.00671394,3.420000000000506e-06,0.0,0.0,0.0
2025-11-01,UZS_RUB,5,3.0103999999999893e-05,0.00671736,0.0067533,3.593999999999993e-05,0.005321842654702135,0.0,0.005321842654702135
2025-11-01,UZS_RUB,10,2.4605999999999933e-05,0.00671736,0.0067533,3.593999999999993e-05,0.005321842654702135,0.0,0.005321842654702135
2025-11-02,UZS_RUB,5,4.4466000000000126e-05,0.00671736,0.00672637,9.0099999999994e-06,0.0013395040712894772,0.0,0.0013395040712894772
2025-11-02,UZS_RUB,10,3.58790000000002e-05,0.00671736,0.00672637,9.0099999999994e-06,0.0013395040712894772,0.0,0.0013395040712894772
2025-11-06,UZS_RUB,5,3.1007999999999904e-05,0.00671736,0.00679366,7.629999999999963e-05,0.011231059546694953,0.0,0.011231059546694953
2025-11-06,UZS_RUB,10,3.555499999999996e-05,0.00671736,0.00679366,7.629999999999963e-05,0.011231059546694953,0.0,0.011231059546694953
2025-11-07,UZS_RUB,5,4.675200000000008e-05,0.00671736,0.00679799,8.062999999999994e-05,0.011860858871519366,0.0,0.011860858871519366
2025-11-07,UZS_RUB,10,4.102000000000021e-05,0.00671736,0.00679799,8.062999999999994e-05,0.011860858871519366,0.0,0.011860858871519366
2025-11-08,UZS_RUB,5,2.2838000000000024e-05,0.00671736,0.0067559,3.8539999999999235e-05,0.005704643348776512,0.0,0.005704643348776512
2025-11-08,UZS_RUB,10,3.068300000000001e-05,0.00663255,0.0067559,0.0001233499999999995,0.018258115128998283,0.0,0.018258115128998283
2025-11-11,UZS_RUB,5,4.075599999999978e-05,0.00673226,0.00671736,1.4899999999999983e-05,0.0,0.0,0.0
2025-11-11,UZS_RUB,10,5.673299999999987e-05,0.0065924,0.00671736,0.00012496000000000035,0.018602546238403232,0.0,0.018602546238403232
2025-11-12,UZS_RUB,5,2.0856000000000347e-05,0.00673226,0.00677125,3.899000000000003e-05,0.005758168728078277,0.0,0.005758168728078277
2025-11-12,UZS_RUB,10,6.209200000000022e-05,0.00658654,0.00677125,0.00018471000000000026,0.027278567472770944,0.0,0.027278567472770944
2025-11-13,UZS_RUB,5,2.5862000000000455e-05,0.00673226,0.00677942,4.7160000000000084e-05,0.006956347298146461,0.0,0.006956347298146461
2025-11-13,UZS_RUB,10,8.528000000000043e-05,0.00658414,0.00677942,0.0001952800000000008,0.028804824011493726,0.0,0.028804824011493726
2025-11-14,UZS_RUB,5,3.044199999999962e-05,0.00673861,0.00673226,6.349999999999585e-06,0.0,0.0,0.0
2025-11-14,UZS_RUB,10,8.3204e-05,0.00658414,0.00673226,0.00014812000000000072,0.02200152697608243,0.0,0.02200152697608243
2025-11-15,UZS_RUB,5,4.1156000000000004e-05,0.00663255,0.00676904,0.00013648999999999953,0.020163863708886273,0.0,0.020163863708886273
2025-11-15,UZS_RUB,10,0.00011295199999999985,0.00657254,0.00676904,0.00019649999999999963,0.029029227187311588,0.0,0.029029227187311588
2025-11-18,UZS_RUB,5,6.846000000000005e-05,0.0065924,0.00673861,0.00014620999999999992,0.02169735301493927,0.0,0.02169735301493927
2025-11-18,UZS_RUB,10,0.00011990400000000002,0.00650725,0.00673861,0.0002313599999999999,0.034333490141141856,0.0,0.034333490141141856
2025-11-19,UZS_RUB,5,9.887400000000002e-05,0.00658654,0.00674898,0.0001624399999999998,0.024068822251658743,0.0,0.024068822251658743
2025-11-19,UZS_RUB,10,0.00014775700000000002,0.00650725,0.00674898,0.0002417299999999999,0.03581726423844787,0.0,0.03581726423844787
2025-11-20,UZS_RUB,5,0.00014417800000000001,0.00658414,0.0067789,0.00019476000000000042,0.02873032497897895,0.0,0.02873032497897895
2025-11-20,UZS_RUB,10,0.00018764200000000002,0.00650725,0.0067789,0.00027165,0.04007287318001446,0.0,0.04007287318001446
2025-11-21,UZS_RUB,5,0.00018168600000000035,0.00658414,0.00677798,0.00019384000000000068,0.028598490995842517,0.0,0.028598490995842517
2025-11-21,UZS_RUB,10,0.00021837900000000032,0.00646141,0.00677798,0.0003165700000000004,0.046705655667322765,0.0,0.046705655667322765
2025-11-22,UZS_RUB,5,4.8258000000000154e-05,0.00657254,0.00663255,6.00100000000001e-05,0.009047802127386918,0.0,0.009047802127386918
2025-11-22,UZS_RUB,10,0.00010014100000000012,0.00636063,0.00663255,0.00027192000000000015,0.0409978062736052,0.0,0.0409978062736052
2025-11-25,UZS_RUB,5,2.513800000000007e-05,0.00650725,0.0065924,8.514999999999998e-05,0.012916388568654812,0.0,0.012916388568654812
2025-11-25,UZS_RUB,10,7.330800000000005e-05,0.00636063,0.0065924,0.00023177000000000007,0.03515715065833385,0.0,0.03515715065833385
2025-11-26,UZS_RUB,5,3.42000000000002e-05,0.00650725,0.00658654,7.929000000000009e-05,0.012038186969182619,0.0,0.012038186969182619
2025-11-26,UZS_RUB,10,8.550300000000015e-05,0.00636063,0.00658654,0.00022591000000000017,0.034298736514163757,0.0,0.034298736514163757
2025-11-27,UZS_RUB,5,3.702599999999972e-05,0.00650725,0.00658414,7.68899999999996e-05,0.011678062738641585,0.0,0.011678062738641585
2025-11-27,UZS_RUB,10,9.286399999999971e-05,0.00636063,0.00658414,0.00022350999999999968,0.03394672652768618,0.0,0.03394672652768618
2025-11-28,UZS_RUB,5,6.293199999999992e-05,0.00646141,0.00658584,0.00012443000000000003,0.018893565589203506,0.0,0.018893565589203506
2025-11-28,UZS_RUB,10,9.565499999999996e-05,0.00636063,0.00658584,0.00022521,0.034196093436828105,0.0,0.034196093436828105
2025-11-29,UZS_RUB,5,9.201399999999999e-05,0.00636063,0.00657254,0.00021191000000000005,0.03224172085677684,0.0,0.03224172085677684
2025-11-29,UZS_RUB,10,8.955700000000001e-05,0.00636063,0.00657254,0.00021191000000000005,0.03224172085677684,0.0,0.03224172085677684
2025-12-02,UZS_RUB,5,5.9864000000000096e-05,0.00636063,0.00650725,0.00014662000000000008,0.022531791463367794,0.0,0.022531791463367794
2025-12-02,UZS_RUB,10,6.814600000000001e-05,0.00636063,0.00650725,0.00014662000000000008,0.022531791463367794,0.0,0.022531791463367794
2025-12-03,UZS_RUB,5,8.198800000000003e-05,0.00636063,0.00651193,0.00015130000000000005,0.02323427923825963,0.0,0.02323427923825963
2025-12-03,UZS_RUB,10,7.3099e-05,0.00636063,0.00651193,0.00015130000000000005,0.02323427923825963,0.0,0.02323427923825963
2025-12-04,UZS_RUB,5,0.00012597200000000024,0.00636063,0.00656141,0.00020078000000000023,0.030600130154951485,0.0,0.030600130154951485
2025-12-04,UZS_RUB,10,8.347699999999995e-05,0.00636063,0.00656141,0.00020078000000000023,0.030600130154951485,0.0,0.030600130154951485
2025-12-05,UZS_RUB,5,6.512799999999988e-05,0.00636063,0.00646141,0.00010077999999999997,0.015597214849390454,0.0,0.015597214849390454
2025-12-05,UZS_RUB,10,0.00010875899999999994,0.00636063,0.00646141,0.00010077999999999997,0.015597214849390454,0.0,0.015597214849390454
2025-12-06,UZS_RUB,5,0.00015402200000000002,0.00640599,0.00636063,4.5360000000000365e-05,0.0,0.0,0.0
2025-12-06,UZS_RUB,10,0.00021469999999999996,0.00640599,0.00636063,4.5360000000000365e-05,0.0,0.0,0.0
2025-12-09,UZS_RUB,5,9.831199999999988e-05,0.00640599,0.00645923,5.323999999999954e-05,0.008242468529530539,0.0,0.008242468529530539
2025-12-09,UZS_RUB,10,0.00014199299999999998,0.00640599,0.00645923,5.323999999999954e-05,0.008242468529530539,0.0,0.008242468529530539
2025-12-10,UZS_RUB,5,0.0001613499999999995,0.00648993,0.00640599,8.393999999999936e-05,0.0,0.0,0.0
2025-12-10,UZS_RUB,10,0.00019601799999999955,0.00648993,0.00640599,8.393999999999936e-05,0.0,0.0,0.0
2025-12-11,UZS_RUB,5,0.00011246200000000016,0.00656146,0.00648993,7.15300000000002e-05,0.0,0.0,0.0
2025-12-11,UZS_RUB,10,0.00011306300000000023,0.00649978,0.00648993,9.850000000000483e-06,0.0,0.0,0.0
2025-12-12,UZS_RUB,5,4.230600000000011e-05,0.00656146,0.00660015,3.869000000000008e-05,0.005861987985121562,0.0,0.005861987985121562
2025-12-12,UZS_RUB,10,6.840600000000002e-05,0.0064482,0.00660015,0.00015194999999999965,0.0230222040408172,0.0,0.0230222040408172
2025-12-13,UZS_RUB,5,6.0952000000000056e-05,0.00656146,0.00661796,5.6500000000000127e-05,0.008537374054844714,0.0,0.008537374054844714
2025-12-13,UZS_RUB,10,8.710000000000003e-05,0.00644358,0.00661796,0.00017438000000000002,0.026349509516527755,0.0,0.026349509516527755
2025-12-16,UZS_RUB,5,8.000000000000021e-05,0.00656146,0.0065672,5.739999999999738e-06,0.0008740406870507582,0.0,0.0008740406870507582
2025-12-16,UZS_RUB,10,8.838299999999986e-05,0.00644029,0.0065672,0.00012690999999999918,0.01932482641003764,0.0,0.01932482641003764
2025-12-17,UZS_RUB,5,9.167200000000011e-05,0.00652032,0.00656146,4.1140000000000274e-05,0.006269946018111865,0.0,0.006269946018111865
2025-12-17,UZS_RUB,10,9.173099999999993e-05,0.00644029,0.00656146,0.00012116999999999944,0.018466926568172243,0.0,0.018466926568172243
2025-12-18,UZS_RUB,5,8.711999999999974e-05,0.00649978,0.00666519,0.00016540999999999952,0.02481699696482764,0.0,0.02481699696482764
2025-12-18,UZS_RUB,10,0.0001400859999999997,0.00644029,0.00666519,0.00022489999999999923,0.03374247395798158,0.0,0.03374247395798158
2025-12-19,UZS_RUB,5,0.00012411800000000016,0.0064482,0.00665719,0.00020899000000000004,0.031393125327653267,0.0,0.031393125327653267
2025-12-19,UZS_RUB,10,0.0001449190000000003,0.00644029,0.00665719,0.0002168999999999999,0.032581314338331925,0.0,0.032581314338331925
2025-12-20,UZS_RUB,5,0.00022428799999999973,0.00644358,0.006729,0.00028541999999999977,0.04241640659830581,0.0,0.04241640659830581
2025-12-20,UZS_RUB,10,0.0002206009999999998,0.00644029,0.006729,0.0002887099999999993,0.042905335116659137,0.0,0.042905335116659137
2025-12-23,UZS_RUB,5,0.0001412459999999999,0.00644029,0.00661168,0.00017138999999999956,0.025922307189700584,0.0,0.025922307189700584
2025-12-23,UZS_RUB,10,0.00010839000000000005,0.00644029,0.00661168,0.00017138999999999956,0.025922307189700584,0.0,0.025922307189700584
2025-12-24,UZS_RUB,5,5.064999999999948e-05,0.00644029,0.00652032,8.002999999999916e-05,0.0122739374754612,0.0,0.0122739374754612
2025-12-24,UZS_RUB,10,3.66639999999998e-05,0.00644029,0.00652032,8.002999999999916e-05,0.0122739374754612,0.0,0.0122739374754612
2025-12-25,UZS_RUB,5,3.926599999999978e-05,0.00644029,0.00649978,5.948999999999972e-05,0.009152617473206741,0.0,0.009152617473206741
2025-12-25,UZS_RUB,10,4.032999999999979e-05,0.00644029,0.00649978,5.948999999999972e-05,0.009152617473206741,0.0,0.009152617473206741
2025-12-26,UZS_RUB,5,4.8281999999999664e-05,0.00644029,0.0064482,7.909999999999862e-06,0.001226698923730632,0.0,0.001226698923730632
2025-12-26,UZS_RUB,10,5.1639999999999675e-05,0.00644029,0.0064482,7.909999999999862e-06,0.001226698923730632,0.0,0.001226698923730632
2025-12-27,UZS_RUB,5,6.982199999999977e-05,0.00644029,0.00644358,3.2899999999995433e-06,0.0005105857302927166,0.0,0.0005105857302927166
2025-12-27,UZS_RUB,10,5.887299999999983e-05,0.00639461,0.00644358,4.896999999999974e-05,0.007599812526576801,0.0,0.007599812526576801
2025-12-30,UZS_RUB,5,9.585599999999937e-05,0.00651212,0.00644029,7.182999999999929e-05,0.0,0.0,0.0
2025-12-30,UZS_RUB,10,7.837299999999956e-05,0.00626503,0.00644029,0.00017526,0.027213060281446953,0.0,0.027213060281446953
2025-12-31,UZS_RUB,5,2.344200000000008e-05,0.00650628,0.0065165,1.022000000000002e-05,0.0015683265556663886,0.0,0.0015683265556663886
2025-12-31,UZS_RUB,10,8.59399999999998e-05,0.00626503,0.0065165,0.0002514699999999993,0.0385897337527813,0.0,0.0385897337527813
2026-01-13,UZS_RUB,5,3.6326000000000065e-05,0.00645208,0.00651212,6.003999999999992e-05,0.00921973182312364,0.0,0.00921973182312364
2026-01-13,UZS_RUB,10,0.00010711999999999979,0.00626503,0.00651212,0.0002470899999999993,0.03794309687167916,0.0,0.03794309687167916
2026-01-14,UZS_RUB,5,4.954599999999996e-05,0.00644602,0.00654486,9.883999999999935e-05,0.01510192731395314,0.0,0.01510192731395314
2026-01-14,UZS_RUB,10,0.00014350299999999969,0.00626503,0.00654486,0.00027982999999999914,0.042755689197324184,0.0,0.042755689197324184
2026-01-15,UZS_RUB,5,8.031600000000006e-05,0.00639461,0.00654666,0.00015204999999999993,0.02322558373277365,0.0,0.02322558373277365
2026-01-15,UZS_RUB,10,0.00017252300000000003,0.00626503,0.00654666,0.00028162999999999973,0.04301888291128602,0.0,0.04301888291128602
2026-01-16,UZS_RUB,5,0.00014778599999999974,0.00626503,0.00656059,0.0002955599999999994,0.04505082622142207,0.0,0.04505082622142207
2026-01-16,UZS_RUB,10,0.00021652299999999972,0.00623203,0.00656059,0.00032855999999999944,0.050080861629822844,0.0,0.050080861629822844
2026-01-17,UZS_RUB,5,0.0001382179999999995,0.00626503,0.00650628,0.00024124999999999928,0.03707956005582288,0.0,0.03707956005582288
2026-01-17,UZS_RUB,10,0.00019335899999999956,0.00619482,0.00650628,0.0003114599999999995,0.04787067264243155,0.0,0.04787067264243155
2026-01-20,UZS_RUB,5,0.00011787399999999958,0.00626503,0.00645208,0.00018704999999999937,0.02899065107686194,0.0,0.02899065107686194
2026-01-20,UZS_RUB,10,0.00015521099999999964,0.00619482,0.00645208,0.0002572599999999996,0.03987241323728156,0.0,0.03987241323728156
2026-01-21,UZS_RUB,5,0.00013862000000000005,0.00626503,0.00644602,0.0001809899999999998,0.028077790636702925,0.0,0.028077790636702925
2026-01-21,UZS_RUB,10,0.0001657610000000001,0.00619482,0.00644602,0.00025120000000000003,0.038969782904800174,0.0,0.038969782904800174
2026-01-22,UZS_RUB,5,0.00011268000000000007,0.00626503,0.00639461,0.0001295799999999998,0.020263941037842775,0.0,0.020263941037842775
2026-01-22,UZS_RUB,10,0.00012678100000000013,0.00619482,0.00639461,0.00019979000000000004,0.0312435003854809,0.0,0.0312435003854809
2026-01-23,UZS_RUB,5,2.3499999999999738e-05,0.00623203,0.00626503,3.300000000000004e-05,0.005267333117319477,0.0,0.005267333117319477
2026-01-23,UZS_RUB,10,2.6527999999999794e-05,0.00619482,0.00626503,7.021000000000024e-05,0.011206650247484885,0.0,0.011206650247484885
2026-01-24,UZS_RUB,5,3.6649999999999874e-05,0.00619482,0.00628257,8.775000000000015e-05,0.013967214054121187,0.0,0.013967214054121187
2026-01-24,UZS_RUB,10,2.7519000000000066e-05,0.00619482,0.00628257,8.775000000000015e-05,0.013967214054121187,0.0,0.013967214054121187
2026-01-27,UZS_RUB,5,3.844799999999978e-05,0.00619482,0.0062828,8.797999999999966e-05,0.01400331062583556,0.0,0.01400331062583556
2026-01-27,UZS_RUB,10,2.9590999999999907e-05,0.00619482,0.0062828,8.797999999999966e-05,0.01400331062583556,0.0,0.01400331062583556
2026-01-28,UZS_RUB,5,5.887199999999992e-05,0.00619482,0.00631199,0.00011716999999999977,0.01856308390856129,0.0,0.01856308390856129
2026-01-28,UZS_RUB,10,5.122299999999989e-05,0.00619482,0.00631199,0.00011716999999999977,0.01856308390856129,0.0,0.01856308390856129
2026-01-29,UZS_RUB,5,2.95359999999998e-05,0.00619482,0.00626726,7.244e-05,0.011558480101352107,0.0,0.011558480101352107
2026-01-29,UZS_RUB,10,2.6244999999999916e-05,0.00619482,0.00626726,7.244e-05,0.011558480101352107,0.0,0.011558480101352107
2026-01-30,UZS_RUB,5,3.7007999999999657e-05,0.00619482,0.00623203,3.7210000000000194e-05,0.005970767149708874,0.0,0.005970767149708874
2026-01-30,UZS_RUB,10,4.54889999999996e-05,0.00619482,0.00623203,3.7210000000000194e-05,0.005970767149708874,0.0,0.005970767149708874
2026-01-31,UZS_RUB,5,7.29579999999997e-05,0.00623416,0.00619482,3.933999999999969e-05,0.0,0.0,0.0
2026-01-31,UZS_RUB,10,8.742999999999971e-05,0.00623416,0.00619482,3.933999999999969e-05,0.0,0.0,0.0
2026-02-03,UZS_RUB,5,2.599000000000004e-05,0.00623416,0.00629156,5.7399999999999986e-05,0.009123333481680217,0.0,0.009123333481680217
2026-02-03,UZS_RUB,10,1.9769999999999945e-05,0.00623416,0.00629156,5.7399999999999986e-05,0.009123333481680217,0.0,0.009123333481680217
2026-02-04,UZS_RUB,5,2.0575999999999754e-05,0.00623416,0.00627992,4.5759999999999725e-05,0.0072867170282423545,0.0,0.0072867170282423545
2026-02-04,UZS_RUB,10,2.1931999999999942e-05,0.00623416,0.00627992,4.5759999999999725e-05,0.0072867170282423545,0.0,0.0072867170282423545
2026-02-05,UZS_RUB,5,2.234400000000001e-05,0.00623416,0.00627031,3.615000000000042e-05,0.005765265194224913,0.0,0.005765265194224913
2026-02-05,UZS_RUB,10,2.4848999999999792e-05,0.00623416,0.00627031,3.615000000000042e-05,0.005765265194224913,0.0,0.005765265194224913
2026-02-06,UZS_RUB,5,5.1840000000000046e-05,0.00626294,0.00623416,2.877999999999995e-05,0.0,0.0,0.0
2026-02-06,UZS_RUB,10,5.8659000000000056e-05,0.00626294,0.00623416,2.877999999999995e-05,0.0,0.0,0.0
2026-02-07,UZS_RUB,5,3.3782000000000084e-05,0.00627207,0.00626294,9.130000000000422e-06,0.0,0.0,0.0
2026-02-07,UZS_RUB,10,3.2040000000000107e-05,0.00627207,0.00626294,9.130000000000422e-06,0.0,0.0,0.0
2026-02-10,UZS_RUB,5,1.575799999999992e-05,0.00627207,0.0063026,3.052999999999997e-05,0.004844032621457806,0.0,0.004844032621457806
2026-02-10,UZS_RUB,10,1.619399999999993e-05,0.00627207,0.0063026,3.052999999999997e-05,0.004844032621457806,0.0,0.004844032621457806
2026-02-11,UZS_RUB,5,3.113799999999948e-05,0.00628482,0.00627207,1.274999999999974e-05,0.0,0.0,0.0
2026-02-11,UZS_RUB,10,2.426099999999964e-05,0.00627674,0.00627207,4.670000000000021e-06,0.0,0.0,0.0
2026-02-12,UZS_RUB,5,1.8759999999999783e-05,0.00627674,0.00630446,2.7719999999999308e-05,0.004396887282970993,0.0,0.004396887282970993
2026-02-12,UZS_RUB,10,1.911499999999976e-05,0.00627674,0.00630446,2.7719999999999308e-05,0.004396887282970993,0.0,0.004396887282970993
2026-02-13,UZS_RUB,5,1.7427999999999888e-05,0.00627674,0.00628793,1.1189999999999464e-05,0.0017795999637399693,0.0,0.0017795999637399693
2026-02-13,UZS_RUB,10,2.3003999999999907e-05,0.00627674,0.00628793,1.1189999999999464e-05,0.0017795999637399693,0.0,0.0017795999637399693
2026-02-14,UZS_RUB,5,2.560399999999973e-05,0.00627674,0.00631655,3.98099999999995e-05,0.006302491075032969,0.0,0.006302491075032969
2026-02-14,UZS_RUB,10,2.567499999999983e-05,0.00627674,0.00631655,3.98099999999995e-05,0.006302491075032969,0.0,0.006302491075032969
2026-02-17,UZS_RUB,5,1.2361999999999964e-05,0.00627674,0.00628482,8.07999999999972e-06,0.0012856374566017354,0.0,0.0012856374566017354
2026-02-17,UZS_RUB,10,3.2778999999999884e-05,0.00627674,0.00628482,8.07999999999972e-06,0.0012856374566017354,0.0,0.0012856374566017354
2026-02-18,UZS_RUB,5,3.282599999999951e-05,0.00627674,0.00632228,4.5539999999999296e-05,0.007203097616682478,0.0,0.007203097616682478
2026-02-18,UZS_RUB,10,3.301599999999986e-05,0.00627674,0.00632228,4.5539999999999296e-05,0.007203097616682478,0.0,0.007203097616682478
2026-02-19,UZS_RUB,5,2.826599999999971e-05,0.00628455,0.00627674,7.809999999999588e-06,0.0,0.0,0.0
2026-02-19,UZS_RUB,10,6.024599999999965e-05,0.00628455,0.00627674,7.809999999999588e-06,0.0,0.0,0.0
2026-02-20,UZS_RUB,5,2.6605999999999853e-05,0.00628455,0.0062978,1.325000000000024e-05,0.0021039093016609355,0.0,0.0021039093016609355
2026-02-20,UZS_RUB,10,6.328399999999982e-05,0.00628455,0.0062978,1.325000000000024e-05,0.0021039093016609355,0.0,0.0021039093016609355
2026-02-21,UZS_RUB,5,3.977800000000004e-05,0.00628784,0.00628455,3.2900000000004107e-06,0.0,0.0,0.0
2026-02-21,UZS_RUB,10,9.106600000000007e-05,0.00628784,0.00628455,3.2900000000004107e-06,0.0,0.0,0.0
2026-02-25,UZS_RUB,5,5.017599999999952e-05,0.00630034,0.00628784,1.249999999999949e-05,0.0,0.0,0.0
2026-02-25,UZS_RUB,10,0.00011052099999999963,0.00630034,0.00628784,1.249999999999949e-05,0.0,0.0,0.0
2026-02-26,UZS_RUB,5,5.514600000000002e-05,0.00633058,0.00630034,3.0239999999999954e-05,0.0,0.0,0.0
2026-02-26,UZS_RUB,10,0.0001213050000000002,0.00633058,0.00630034,3.0239999999999954e-05,0.0,0.0,0.0
2026-02-27,UZS_RUB,5,2.648200000000007e-05,0.00633058,0.0063545,2.392000000000019e-05,0.0037642615469352728,0.0,0.0037642615469352728
2026-02-27,UZS_RUB,10,0.00010173100000000013,0.00633058,0.0063545,2.392000000000019e-05,0.0037642615469352728,0.0,0.0037642615469352728
2026-02-28,UZS_RUB,5,5.650200000000012e-05,0.00633058,0.00634838,1.7800000000000107e-05,0.002803864923019748,0.0,0.002803864923019748
2026-02-28,UZS_RUB,10,0.00014090000000000023,0.00633058,0.00634838,1.7800000000000107e-05,0.002803864923019748,0.0,0.002803864923019748
2026-03-03,UZS_RUB,5,9.632400000000024e-05,0.00635628,0.00633058,2.570000000000003e-05,0.0,0.0,0.0
2026-03-03,UZS_RUB,10,0.00019740800000000032,0.00635628,0.00633058,2.570000000000003e-05,0.0,0.0,0.0
2026-03-04,UZS_RUB,5,0.00010242600000000026,0.00638769,0.00635628,3.1409999999999945e-05,0.0,0.0,0.0
2026-03-04,UZS_RUB,10,0.00021862300000000034,0.00638769,0.00635628,3.1409999999999945e-05,0.0,0.0,0.0
2026-03-05,UZS_RUB,5,0.00010011400000000046,0.0064219,0.00638769,3.4210000000000663e-05,0.0,0.0,0.0
2026-03-05,UZS_RUB,10,0.0002442890000000004,0.0064219,0.00638769,3.4210000000000663e-05,0.0,0.0,0.0
2026-03-06,UZS_RUB,5,0.00010957999999999975,0.00647629,0.0064219,5.438999999999965e-05,0.0,0.0,0.0
2026-03-06,UZS_RUB,10,0.0002568469999999997,0.00647629,0.0064219,5.438999999999965e-05,0.0,0.0,0.0
2026-03-07,UZS_RUB,5,8.774600000000017e-05,0.00647629,0.00649236,1.6069999999999973e-05,0.0024752170243178095,0.0,0.0024752170243178095
2026-03-07,UZS_RUB,10,0.00021191900000000008,0.00647629,0.00649236,1.6069999999999973e-05,0.0024752170243178095,0.0,0.0024752170243178095
2026-03-11,UZS_RUB,5,0.0001527820000000001,0.00651529,0.00647629,3.899999999999997e-05,0.0,0.0,0.0
2026-03-11,UZS_RUB,10,0.00024097300000000007,0.00651529,0.00647629,3.899999999999997e-05,0.0,0.0,0.0
2026-03-12,UZS_RUB,5,0.0001758100000000002,0.00653318,0.00651529,1.789000000000044e-05,0.0,0.0,0.0
2026-03-12,UZS_RUB,10,0.00021362000000000014,0.00653318,0.00651529,1.789000000000044e-05,0.0,0.0,0.0
2026-03-13,UZS_RUB,5,0.00024297399999999962,0.00664028,0.00653318,0.00010709999999999973,0.0,0.0,0.0
2026-03-13,UZS_RUB,10,0.0002167329999999997,0.00663176,0.00653318,9.858000000000002e-05,0.0,0.0,0.0
2026-03-14,UZS_RUB,5,0.0001857339999999999,0.00670335,0.00664028,6.307000000000014e-05,0.0,0.0,0.0
2026-03-14,UZS_RUB,10,0.0001130739999999999,0.00663176,0.00664028,8.519999999999708e-06,0.0012830784244037463,0.0,0.0012830784244037463
2026-03-17,UZS_RUB,5,0.00012510199999999968,0.00671554,0.00670335,1.2189999999999597e-05,0.0,0.0,0.0
2026-03-17,UZS_RUB,10,8.973899999999996e-05,0.00663176,0.00670335,7.158999999999985e-05,0.010679734759485906,0.0,0.010679734759485906
2026-03-18,UZS_RUB,5,0.00011327800000000016,0.00663827,0.00675326,0.00011498999999999971,0.017027331984848758,0.0,0.017027331984848758
2026-03-18,UZS_RUB,10,9.833399999999983e-05,0.00663176,0.00675326,0.00012149999999999921,0.017991310863197805,0.0,0.017991310863197805
2026-03-19,UZS_RUB,5,0.00013757800000000002,0.00663176,0.00682543,0.00019366999999999995,0.02837476906216897,0.0,0.02837476906216897
2026-03-19,UZS_RUB,10,0.00014344200000000014,0.00663176,0.00682543,0.00019366999999999995,0.02837476906216897,0.0,0.02837476906216897
2026-03-20,UZS_RUB,5,0.00023477799999999956,0.00663176,0.00695845,0.00032668999999999927,0.046948673914449235,0.0,0.046948673914449235
2026-03-20,UZS_RUB,10,0.0002716859999999996,0.00661187,0.00695845,0.00034658,0.049807069103033,0.0,0.049807069103033
2026-03-21,UZS_RUB,5,0.0002130980000000001,0.00663176,0.00688958,0.00025781999999999975,0.03742172962647937,0.0,0.03742172962647937
2026-03-21,UZS_RUB,10,0.00023668000000000013,0.00655094,0.00688958,0.0003386400000000003,0.04915248825037234,0.0,0.04915248825037234
2026-03-24,UZS_RUB,5,6.169000000000001e-05,0.00663176,0.00671554,8.377999999999945e-05,0.012475541803041817,0.0,0.012475541803041817
2026-03-24,UZS_RUB,10,9.311199999999988e-05,0.00646616,0.00671554,0.00024937999999999957,0.037134765037509954,0.0,0.037134765037509954
2026-03-25,UZS_RUB,5,3.4204000000000007e-05,0.00663176,0.00663827,6.509999999999502e-06,0.0009806771945099404,0.0,0.0009806771945099404
2026-03-25,UZS_RUB,10,6.692800000000003e-05,0.00645061,0.00663827,0.00018766000000000008,0.02826941356708903,0.0,0.02826941356708903
2026-03-26,UZS_RUB,5,4.4363999999999686e-05,0.00665363,0.00663176,2.1869999999999355e-05,0.0,0.0,0.0
2026-03-26,UZS_RUB,10,8.976600000000006e-05,0.00640338,0.00663176,0.00022838000000000025,0.034437313774925545,0.0,0.034437313774925545
2026-03-27,UZS_RUB,5,9.335400000000035e-05,0.00661187,0.00674321,0.00013134000000000062,0.0194773705698029,0.0,0.0194773705698029
2026-03-27,UZS_RUB,10,0.00019307800000000034,0.00638095,0.00674321,0.00036226000000000053,0.05372218869054953,0.0,0.05372218869054953
2026-03-28,UZS_RUB,5,3.3468000000000216e-05,0.00655094,0.00665363,0.0001026899999999999,0.01543368056233964,0.0,0.01543368056233964
2026-03-28,UZS_RUB,10,0.000140369,0.0063307,0.00665363,0.0003229299999999999,0.04853440903687159,0.0,0.04853440903687159
2026-03-31,UZS_RUB,5,7.096200000000011e-05,0.00646616,0.00665772,0.00019155999999999947,0.028772612846439845,0.0,0.028772612846439845
2026-03-31,UZS_RUB,10,0.00017897699999999995,0.006288,0.00665772,0.0003697199999999996,0.05553252464807766,0.0,0.05553252464807766
2026-04-01,UZS_RUB,5,0.00011450800000000032,0.00645061,0.00666303,0.0002124200000000005,0.03188039075315592,0.0,0.03188039075315592
2026-04-01,UZS_RUB,10,0.00022371700000000037,0.00624749,0.00666303,0.0004155400000000007,0.06236502011847473,0.0,0.06236502011847473
2026-04-02,UZS_RUB,5,0.00016643800000000036,0.00640338,0.00666303,0.00025965000000000016,0.03896875745719292,0.0,0.03896875745719292
2026-04-02,UZS_RUB,10,0.0002728590000000004,0.00617161,0.00666303,0.0004914200000000002,0.07375323238826784,0.0,0.07375323238826784
2026-04-03,UZS_RUB,5,0.00016146199999999972,0.00638095,0.00661187,0.0002309199999999999,0.0349250665847937,0.0,0.0349250665847937
2026-04-03,UZS_RUB,10,0.00025744699999999973,0.00617161,0.00661187,0.0004402599999999996,0.06658630614334517,0.0,0.06658630614334517
2026-04-04,UZS_RUB,5,0.0001445799999999999,0.0063307,0.00655094,0.00022024000000000002,0.033619602682973745,0.0,0.033619602682973745
2026-04-04,UZS_RUB,10,0.00022454499999999988,0.00617161,0.00655094,0.00037932999999999977,0.05790466711647485,0.0,0.05790466711647485
2026-04-07,UZS_RUB,5,9.543200000000033e-05,0.006288,0.00646616,0.00017816000000000012,0.027552674230145884,0.0,0.027552674230145884
2026-04-07,UZS_RUB,10,0.00016445000000000037,0.00617161,0.00646616,0.0002945500000000002,0.0455525381370087,0.0,0.0455525381370087
2026-04-08,UZS_RUB,5,0.0001205059999999999,0.00624749,0.00645061,0.0002031200000000002,0.03148849488653015,0.0,0.03148849488653015
2026-04-08,UZS_RUB,10,0.00017550099999999986,0.00617161,0.00645061,0.00027899999999999973,0.04325172348041499,0.0,0.04325172348041499
2026-04-09,UZS_RUB,5,0.00011963000000000026,0.00617161,0.00640338,0.00023177000000000007,0.036194947043592614,0.0,0.036194947043592614
2026-04-09,UZS_RUB,10,0.00014581800000000025,0.00617161,0.00640338,0.00023177000000000007,0.036194947043592614,0.0,0.036194947043592614
2026-04-10,UZS_RUB,5,0.0001225119999999998,0.00617161,0.00638095,0.0002093399999999997,0.03280702716680114,0.0,0.03280702716680114
2026-04-10,UZS_RUB,10,0.00013868699999999983,0.00617161,0.00638095,0.0002093399999999997,0.03280702716680114,0.0,0.03280702716680114
2026-04-11,UZS_RUB,5,8.426999999999983e-05,0.00617161,0.0063307,0.00015908999999999975,0.025129922441436137,0.0,0.025129922441436137
2026-04-11,UZS_RUB,10,9.318499999999989e-05,0.00617161,0.0063307,0.00015908999999999975,0.025129922441436137,0.0,0.025129922441436137
2026-04-14,UZS_RUB,5,5.5308000000000264e-05,0.00617161,0.006288,0.00011639000000000007,0.018509860050890597,0.0,0.018509860050890597
2026-04-14,UZS_RUB,10,5.965200000000023e-05,0.00617161,0.006288,0.00011639000000000007,0.018509860050890597,0.0,0.018509860050890597
2026-04-15,UZS_RUB,5,3.9404000000000004e-05,0.00617161,0.00624749,7.587999999999952e-05,0.012145677704165917,0.0,0.012145677704165917
2026-04-15,UZS_RUB,10,3.61059999999999e-05,0.00617161,0.00624749,7.587999999999952e-05,0.012145677704165917,0.0,0.012145677704165917
2026-04-16,UZS_RUB,5,5.976399999999982e-05,0.0061846,0.00617161,1.299000000000005e-05,0.0,0.0,0.0
2026-04-16,UZS_RUB,10,6.109199999999983e-05,0.0061846,0.00617161,1.299000000000005e-05,0.0,0.0,0.0
2026-04-17,UZS_RUB,5,3.4810000000000224e-05,0.0061846,0.00625439,6.979000000000013e-05,0.011158562225892553,0.0,0.011158562225892553
2026-04-17,UZS_RUB,10,3.187200000000015e-05,0.0061846,0.00625439,6.979000000000013e-05,0.011158562225892553,0.0,0.011158562225892553
2026-04-18,UZS_RUB,5,4.708400000000001e-05,0.0061846,0.00627066,8.605999999999978e-05,0.01372423317481729,0.0,0.01372423317481729
2026-04-18,UZS_RUB,10,4.123600000000005e-05,0.0061846,0.00627066,8.605999999999978e-05,0.01372423317481729,0.0,0.01372423317481729
2026-04-21,UZS_RUB,5,2.777000000000005e-05,0.0061846,0.00621931,3.470999999999943e-05,0.005581004966788829,0.0,0.005581004966788829
2026-04-21,UZS_RUB,10,3.399700000000002e-05,0.0061846,0.00621931,3.470999999999943e-05,0.005581004966788829,0.0,0.005581004966788829
2026-04-22,UZS_RUB,5,4.43739999999998e-05,0.00619633,0.0061846,1.1729999999999727e-05,0.0,0.0,0.0
2026-04-22,UZS_RUB,10,5.975199999999972e-05,0.00619633,0.0061846,1.1729999999999727e-05,0.0,0.0,0.0
2026-04-23,UZS_RUB,5,2.6136000000000042e-05,0.00619633,0.00622791,3.15799999999998e-05,0.005070721959694312,0.0,0.005070721959694312
2026-04-23,UZS_RUB,10,3.330100000000008e-05,0.0061594,0.00622791,6.850999999999993e-05,0.011000480096854311,0.0,0.011000480096854311
2026-04-24,UZS_RUB,5,3.373999999999981e-05,0.00619633,0.00622796,3.163000000000037e-05,0.005078709561397371,0.0,0.005078709561397371
2026-04-24,UZS_RUB,10,4.4178999999999836e-05,0.00611898,0.00622796,0.00010897999999999984,0.01749850673414727,0.0,0.01749850673414727
2026-04-25,UZS_RUB,5,4.2924000000000086e-05,0.00619633,0.00628322,8.689000000000006e-05,0.013828896648533723,0.0,0.013828896648533723
2026-04-25,UZS_RUB,10,7.876200000000002e-05,0.00607525,0.00628322,0.00020797000000000003,0.033099270756077305,0.0,0.033099270756077305
2026-04-28,UZS_RUB,5,5.925999999999987e-05,0.00620945,0.00619633,1.3120000000000145e-05,0.0,0.0,0.0
2026-04-28,UZS_RUB,10,6.871399999999993e-05,0.00607467,0.00619633,0.00012166,0.01963420282651182,0.0,0.01963420282651182
2026-04-29,UZS_RUB,5,5.027999999999977e-05,0.00623015,0.00620945,2.0700000000000232e-05,0.0,0.0,0.0
2026-04-29,UZS_RUB,10,7.629299999999993e-05,0.00607467,0.00620945,0.00013478000000000014,0.021705626102150776,0.0,0.021705626102150776
2026-04-30,UZS_RUB,5,3.45139999999999e-05,0.0061594,0.00625319,9.378999999999985e-05,0.014998744640735345,0.0,0.014998744640735345
2026-04-30,UZS_RUB,10,9.612799999999975e-05,0.00607467,0.00625319,0.00017851999999999972,0.028548628779870713,0.0,0.028548628779870713
2026-05-01,UZS_RUB,5,6.403999999999976e-05,0.00611898,0.00626603,0.00014704999999999926,0.023467809761523527,0.0,0.023467809761523527
2026-05-01,UZS_RUB,10,0.00012726099999999977,0.00601948,0.00626603,0.0002465499999999999,0.03934708260254099,0.0,0.03934708260254099
2026-05-05,UZS_RUB,5,0.00012133999999999981,0.00607525,0.00628996,0.0002147099999999999,0.03413535221209672,0.0,0.03413535221209672
2026-05-05,UZS_RUB,10,0.00018404599999999986,0.00591355,0.00628996,0.00037640999999999977,0.059842987872736834,0.0,0.059842987872736834
2026-05-06,UZS_RUB,5,0.0001276299999999996,0.00607467,0.00625932,0.00018464999999999974,0.029500009585705755,0.0,0.029500009585705755
2026-05-06,UZS_RUB,10,0.00019180999999999964,0.00587528,0.00625932,0.00038403999999999956,0.06135490756184371,0.0,0.06135490756184371
2026-05-07,UZS_RUB,5,0.00012300600000000032,0.00607467,0.00623015,0.00015548000000000037,0.02495606044798285,0.0,0.02495606044798285
2026-05-07,UZS_RUB,10,0.00019677800000000032,0.00587528,0.00623015,0.0003548700000000002,0.056960105294415087,0.0,0.056960105294415087
2026-05-08,UZS_RUB,5,6.395199999999976e-05,0.00607467,0.0061594,8.472999999999987e-05,0.013756210020456518,0.0,0.013756210020456518
2026-05-08,UZS_RUB,10,0.00014755099999999975,0.00587528,0.0061594,0.0002841199999999997,0.04612786959768804,0.0,0.04612786959768804
2026-05-09,UZS_RUB,5,4.343200000000054e-05,0.00601948,0.00611898,9.950000000000063e-05,0.016260880081320844,0.0,0.016260880081320844
2026-05-09,UZS_RUB,10,0.00012270400000000047,0.00587528,0.00611898,0.00024370000000000034,0.03982689925445096,0.0,0.03982689925445096
2026-05-13,UZS_RUB,5,5.5178e-05,0.00591355,0.00607525,0.00016169999999999986,0.026616188634212563,0.0,0.026616188634212563
2026-05-13,UZS_RUB,10,0.00010092999999999994,0.00587528,0.00607525,0.00019996999999999984,0.03291551787992261,0.0,0.03291551787992261
2026-05-14,UZS_RUB,5,9.493999999999995e-05,0.00587528,0.00607467,0.0001993899999999998,0.032823182164627845,0.0,0.032823182164627845
2026-05-14,UZS_RUB,10,0.00011730099999999995,0.00587528,0.00607467,0.0001993899999999998,0.032823182164627845,0.0,0.032823182164627845
2026-05-15,UZS_RUB,5,0.00014781999999999973,0.00587528,0.00610742,0.0002321399999999996,0.03800950319447485,0.0,0.03800950319447485
2026-05-15,UZS_RUB,10,0.00015432699999999968,0.00587528,0.00610742,0.0002321399999999996,0.03800950319447485,0.0,0.03800950319447485
2026-05-16,UZS_RUB,5,0.00017267000000000012,0.00587528,0.00610092,0.00022564000000000004,0.03698458593130217,0.0,0.03698458593130217
2026-05-16,UZS_RUB,10,0.0001661610000000001,0.00587528,0.00610092,0.00022564000000000004,0.03698458593130217,0.0,0.03698458593130217
2026-05-19,UZS_RUB,5,0.00010247599999999978,0.00587528,0.00601948,0.0001441999999999997,0.023955557622917546,0.0,0.023955557622917546
2026-05-19,UZS_RUB,10,8.784899999999973e-05,0.00587528,0.00601948,0.0001441999999999997,0.023955557622917546,0.0,0.023955557622917546
2026-05-20,UZS_RUB,5,4.023800000000008e-05,0.00587528,0.00591355,3.826999999999997e-05,0.006471577986150446,0.0,0.006471577986150446
2026-05-20,UZS_RUB,10,4.8526000000000125e-05,0.00587528,0.00591355,3.826999999999997e-05,0.006471577986150446,0.0,0.006471577986150446
2026-05-21,UZS_RUB,5,5.9727999999999866e-05,0.00588877,0.00587528,1.3489999999999683e-05,0.0,0.0,0.0
2026-05-21,UZS_RUB,10,9.813799999999996e-05,0.00588877,0.00587528,1.3489999999999683e-05,0.0,0.0,0.0
2026-05-22,UZS_RUB,5,5.781600000000029e-05,0.00590748,0.00588877,1.8709999999999907e-05,0.0,0.0,0.0
2026-05-22,UZS_RUB,10,0.00011504500000000033,0.00590748,0.00588877,1.8709999999999907e-05,0.0,0.0,0.0
2026-05-23,UZS_RUB,5,2.2409999999999963e-05,0.00590748,0.00594417,3.669000000000068e-05,0.006172434503051003,0.0,0.006172434503051003
2026-05-23,UZS_RUB,10,9.715799999999989e-05,0.00590748,0.00594417,3.669000000000068e-05,0.006172434503051003,0.0,0.006172434503051003
2026-05-26,UZS_RUB,5,3.02199999999999e-05,0.00590748,0.00596325,5.5770000000000125e-05,0.009352282731731878,0.0,0.009352282731731878
2026-05-26,UZS_RUB,10,0.00010255900000000015,0.00590748,0.00596325,5.5770000000000125e-05,0.009352282731731878,0.0,0.009352282731731878
2026-05-27,UZS_RUB,5,5.3521999999999946e-05,0.00590748,0.00597137,6.389000000000047e-05,0.01069938724279361,0.0,0.01069938724279361
2026-05-27,UZS_RUB,10,0.00010043200000000004,0.00590748,0.00597137,6.389000000000047e-05,0.01069938724279361,0.0,0.01069938724279361
2026-05-28,UZS_RUB,5,0.00010434800000000046,0.00591758,0.00590748,1.0100000000000733e-05,0.0,0.0,0.0
2026-05-28,UZS_RUB,10,0.0001384160000000005,0.00591758,0.00590748,1.0100000000000733e-05,0.0,0.0,0.0
2026-05-29,UZS_RUB,5,0.0001260159999999998,0.00591758,0.00594666,2.9079999999999905e-05,0.004890140011367709,0.0,0.004890140011367709
2026-05-29,UZS_RUB,10,0.00010889499999999983,0.00591758,0.00594666,2.9079999999999905e-05,0.004890140011367709,0.0,0.004890140011367709
2026-05-30,UZS_RUB,5,0.00019849599999999975,0.0059882,0.00591758,7.061999999999954e-05,0.0,0.0,0.0
2026-05-30,UZS_RUB,10,0.0001451779999999997,0.00595562,0.00591758,3.80399999999996e-05,0.0,0.0,0.0
2026-06-02,UZS_RUB,5,0.00014994800000000028,0.00607976,0.0059882,9.156000000000008e-05,0.0,0.0,0.0
2026-06-02,UZS_RUB,10,8.903400000000016e-05,0.00595562,0.0059882,3.2579999999999935e-05,0.005440700043418713,0.0,0.005440700043418713
2026-06-03,UZS_RUB,5,8.23080000000002e-05,0.00596016,0.00607976,0.00011960000000000009,0.01967182915115072,0.0,0.01967182915115072
2026-06-03,UZS_RUB,10,7.802200000000007e-05,0.00595562,0.00607976,0.00012414000000000001,0.020418569154045555,0.0,0.020418569154045555
2026-06-04,UZS_RUB,5,9.961600000000011e-05,0.00595562,0.00612694,0.00017131999999999998,0.027961755786738565,0.0,0.027961755786738565
2026-06-04,UZS_RUB,10,9.883000000000001e-05,0.00595562,0.00612694,0.00017131999999999998,0.027961755786738565,0.0,0.027961755786738565
2026-06-05,UZS_RUB,5,0.00015430600000000024,0.00595562,0.00619274,0.00023712000000000039,0.03828999764240068,0.0,0.03828999764240068
2026-06-05,UZS_RUB,10,0.00014855900000000028,0.00595562,0.00619274,0.00023712000000000039,0.03828999764240068,0.0,0.03828999764240068
2026-06-06,UZS_RUB,5,0.0001833000000000003,0.00595562,0.00619274,0.00023712000000000039,0.03828999764240068,0.0,0.03828999764240068
2026-06-06,UZS_RUB,10,0.00015262500000000034,0.00595562,0.00619274,0.00023712000000000039,0.03828999764240068,0.0,0.03828999764240068
2026-06-09,UZS_RUB,5,0.00010773200000000014,0.00595562,0.00609856,0.00014294000000000025,0.023438319865673247,0.0,0.023438319865673247
2026-06-09,UZS_RUB,10,8.024500000000006e-05,0.00595562,0.00609856,0.00014294000000000025,0.023438319865673247,0.0,0.023438319865673247
2026-06-10,UZS_RUB,5,4.768000000000012e-05,0.00595562,0.00596016,4.539999999999926e-06,0.000761724517462606,0.0,0.000761724517462606
2026-06-10,UZS_RUB,10,0.00011779400000000006,0.00595562,0.00596016,4.539999999999926e-06,0.000761724517462606,0.0,0.000761724517462606
2026-06-11,UZS_RUB,5,7.327600000000008e-05,0.00598509,0.00595562,2.947000000000019e-05,0.0,0.0,0.0
2026-06-11,UZS_RUB,10,0.00015544399999999997,0.00598509,0.00595562,2.947000000000019e-05,0.0,0.0,0.0
2026-06-12,UZS_RUB,5,6.483799999999987e-05,0.0060055,0.00598509,2.041000000000022e-05,0.0,0.0,0.0
2026-06-12,UZS_RUB,10,0.00016914399999999982,0.0060055,0.00598509,2.041000000000022e-05,0.0,0.0,0.0
2026-06-16,UZS_RUB,5,4.457999999999997e-05,0.0060055,0.00604777,4.2269999999999634e-05,0.00698935310039893,0.0,0.00698935310039893
2026-06-16,UZS_RUB,10,0.0001571479999999999,0.0060055,0.00604777,4.2269999999999634e-05,0.00698935310039893,0.0,0.00698935310039893
2026-06-17,UZS_RUB,5,0.00010609399999999946,0.00603614,0.0060055,3.0639999999999314e-05,0.0,0.0,0.0
2026-06-17,UZS_RUB,10,0.00023983099999999954,0.00603614,0.0060055,3.0639999999999314e-05,0.0,0.0,0.0
2026-06-18,UZS_RUB,5,0.0001119280000000002,0.00606998,0.00603614,3.384000000000026e-05,0.0,0.0,0.0
2026-06-18,UZS_RUB,10,0.0002613810000000003,0.00606998,0.00603614,3.384000000000026e-05,0.0,0.0,0.0
2026-06-19,UZS_RUB,5,0.0001232519999999999,0.00609025,0.00606998,2.0270000000000184e-05,0.0,0.0,0.0
2026-06-19,UZS_RUB,10,0.00027488,0.00609025,0.00606998,2.0270000000000184e-05,0.0,0.0,0.0
2026-06-20,UZS_RUB,5,0.00016828999999999976,0.00615208,0.00609025,6.18299999999997e-05,0.0,0.0,0.0
2026-06-20,UZS_RUB,10,0.0002905409999999998,0.00615208,0.00609025,6.18299999999997e-05,0.0,0.0,0.0
2026-06-23,UZS_RUB,5,0.00016540600000000005,0.00620952,0.00615208,5.743999999999975e-05,0.0,0.0,0.0
2026-06-23,UZS_RUB,10,0.0002609800000000002,0.00620952,0.00615208,5.743999999999975e-05,0.0,0.0,0.0
2026-06-24,UZS_RUB,5,0.00016954800000000043,0.00621851,0.00620952,8.990000000000387e-06,0.0,0.0,0.0
2026-06-24,UZS_RUB,10,0.00021584500000000045,0.00621851,0.00620952,8.990000000000387e-06,0.0,0.0,0.0
2026-06-25,UZS_RUB,5,0.0002284640000000001,0.0062958,0.00621851,7.728999999999982e-05,0.0,0.0,0.0
2026-06-25,UZS_RUB,10,0.0002214400000000001,0.0062958,0.00621851,7.728999999999982e-05,0.0,0.0,0.0
2026-06-26,UZS_RUB,5,0.00020068800000000024,0.00641679,0.0062958,0.00012099000000000051,0.0,0.0,0.0
2026-06-26,UZS_RUB,10,0.00014667700000000028,0.00632107,0.0062958,2.526999999999998e-05,0.0,0.0,0.0
2026-06-27,UZS_RUB,5,8.625199999999969e-05,0.00644681,0.00641679,3.0019999999999526e-05,0.0,0.0,0.0
2026-06-27,UZS_RUB,10,7.898699999999998e-05,0.00632107,0.00641679,9.572000000000053e-05,0.014917115878811761,0.0,0.014917115878811761
2026-06-30,UZS_RUB,5,6.182400000000025e-05,0.00644956,0.00644681,2.750000000000148e-06,0.0,0.0,0.0
2026-06-30,UZS_RUB,10,8.405700000000005e-05,0.00632107,0.00644681,0.00012574000000000005,0.01950421991651686,0.0,0.01950421991651686
2026-07-01,UZS_RUB,5,7.238799999999997e-05,0.00633257,0.00651743,0.00018486000000000023,0.028363941001284282,0.0,0.028363941001284282
2026-07-01,UZS_RUB,10,0.00011565100000000012,0.00632107,0.00651743,0.00019636000000000046,0.030128440198053597,0.0,0.030128440198053597
2026-07-02,UZS_RUB,5,0.00012511400000000012,0.00633257,0.00655804,0.00022547000000000018,0.03438069911131987,0.0,0.03438069911131987
2026-07-02,UZS_RUB,10,0.00015389700000000022,0.00632107,0.00655804,0.0002369700000000004,0.03613427182511854,0.0,0.03613427182511854
2026-07-03,UZS_RUB,5,0.00015490399999999963,0.00632107,0.00654337,0.00022229999999999993,0.033973319558576076,0.0,0.033973319558576076
2026-07-03,UZS_RUB,10,0.00014595099999999971,0.00632107,0.00654337,0.00022229999999999993,0.033973319558576076,0.0,0.033973319558576076
2026-07-04,UZS_RUB,5,9.138400000000009e-05,0.00632107,0.00644956,0.0001284900000000002,0.019922289272446523,0.0,0.019922289272446523
2026-07-04,UZS_RUB,10,6.91670000000001e-05,0.00632107,0.00644956,0.0001284900000000002,0.019922289272446523,0.0,0.019922289272446523
2026-07-07,UZS_RUB,5,0.00013425000000000034,0.00632107,0.00647477,0.00015370000000000054,0.023738294951017647,0.0,0.023738294951017647
2026-07-07,UZS_RUB,10,8.658400000000023e-05,0.00632107,0.00647477,0.00015370000000000054,0.023738294951017647,0.0,0.023738294951017647
2026-07-08,UZS_RUB,5,3.054600000000004e-05,0.00632107,0.00633257,1.1500000000000225e-05,0.0018160083504801725,0.0,0.0018160083504801725
2026-07-08,UZS_RUB,10,0.00010324600000000006,0.00632107,0.00633257,1.1500000000000225e-05,0.0018160083504801725,0.0,0.0018160083504801725
2026-07-09,UZS_RUB,5,4.596400000000008e-05,0.00632107,0.00636436,4.3290000000000516e-05,0.006801940807873928,0.0,0.006801940807873928
2026-07-09,UZS_RUB,10,0.00010151399999999995,0.00632107,0.00636436,4.3290000000000516e-05,0.006801940807873928,0.0,0.006801940807873928
2026-07-10,UZS_RUB,5,8.530200000000013e-05,0.00633607,0.00632107,1.5000000000000256e-05,0.0,0.0,0.0
2026-07-10,UZS_RUB,10,0.00014309100000000022,0.00633607,0.00632107,1.5000000000000256e-05,0.0,0.0,0.0
2026-07-11,UZS_RUB,5,9.637200000000013e-05,0.00633607,0.00634853,1.2459999999999728e-05,0.0019626590722576294,0.0,0.0019626590722576294
2026-07-11,UZS_RUB,10,0.0001324940000000002,0.00633607,0.00634853,1.2459999999999728e-05,0.0019626590722576294,0.0,0.0019626590722576294
2026-07-14,UZS_RUB,5,0.000146254,0.00642255,0.00633607,8.647999999999989e-05,0.0,0.0,0.0
2026-07-14,UZS_RUB,10,0.00015959899999999993,0.00642255,0.00633607,8.647999999999989e-05,0.0,0.0,0.0
2026-07-15,UZS_RUB,5,8.596600000000017e-05,0.00644858,0.00642255,2.6029999999999803e-05,0.0,0.0,0.0
2026-07-15,UZS_RUB,10,8.394100000000006e-05,0.00644858,0.00642255,2.6029999999999803e-05,0.0,0.0,0.0
2026-07-16,UZS_RUB,5,7.284400000000038e-05,0.00647613,0.00644858,2.7550000000000317e-05,0.0,0.0,0.0
2026-07-16,UZS_RUB,10,7.242400000000027e-05,0.00647613,0.00644858,2.7550000000000317e-05,0.0,0.0,0.0
2026-07-17,UZS_RUB,5,4.582000000000006e-05,0.00647876,0.00647613,2.6299999999999935e-06,0.0,0.0,0.0
2026-07-17,UZS_RUB,10,6.238399999999996e-05,0.00647876,0.00647613,2.6299999999999935e-06,0.0,0.0,0.0
2026-07-18,UZS_RUB,5,2.675000000000021e-05,0.00647876,0.00651626,3.750000000000021e-05,0.005754834828567338,0.0,0.005754834828567338
2026-07-18,UZS_RUB,10,4.9726000000000025e-05,0.00647876,0.00651626,3.750000000000021e-05,0.005754834828567338,0.0,0.005754834828567338
2026-07-21,UZS_RUB,5,4.125000000000031e-05,0.00647876,0.0065481,6.93400000000002e-05,0.010589331256395015,0.0,0.010589331256395015
2026-07-21,UZS_RUB,10,5.9840000000000064e-05,0.00647876,0.0065481,6.93400000000002e-05,0.010589331256395015,0.0,0.010589331256395015
2026-07-22,UZS_RUB,5,4.9044000000000346e-05,0.00647876,0.00655351,7.475000000000016e-05,0.011406101463185402,0.0,0.011406101463185402
2026-07-22,UZS_RUB,10,8.383600000000007e-05,0.00647876,0.00655351,7.475000000000016e-05,0.011406101463185402,0.0,0.011406101463185402
2026-07-23,UZS_RUB,5,3.1832000000000044e-05,0.00647876,0.00651312,3.435999999999977e-05,0.005275505441324553,0.0,0.005275505441324553
2026-07-23,UZS_RUB,10,0.00011689200000000013,0.00647876,0.00651312,3.435999999999977e-05,0.005275505441324553,0.0,0.005275505441324553
2026-07-24,UZS_RUB,5,7.631799999999987e-05,0.00649224,0.00647876,1.3479999999999742e-05,0.0,0.0,0.0
2026-07-24,UZS_RUB,10,0.00017439199999999994,0.00649224,0.00647876,1.3479999999999742e-05,0.0,0.0,0.0
2026-07-25,UZS_RUB,5,9.319400000000008e-05,0.00650744,0.00649224,1.5199999999999936e-05,0.0,0.0,0.0
2026-07-25,UZS_RUB,10,0.00019915300000000025,0.00650744,0.00649224,1.5199999999999936e-05,0.0,0.0,0.0
2026-07-28,UZS_RUB,5,0.00011215800000000022,0.00653077,0.00650744,2.3330000000000226e-05,0.0,0.0,0.0
2026-07-28,UZS_RUB,10,0.00022536400000000039,0.00653077,0.00650744,2.3330000000000226e-05,0.0,0.0,0.0
2026-07-29,UZS_RUB,5,0.00014136800000000006,0.00659371,0.00653077,6.294000000000004e-05,0.0,0.0,0.0
2026-07-29,UZS_RUB,10,0.0002391700000000002,0.00659371,0.00653077,6.294000000000004e-05,0.0,0.0,0.0
2026-07-30,UZS_RUB,5,0.00012136200000000004,0.00664402,0.00659371,5.030999999999959e-05,0.0,0.0,0.0
2026-07-30,UZS_RUB,10,0.00021490800000000012,0.00664402,0.00659371,5.030999999999959e-05,0.0,0.0,0.0
2026-07-31,UZS_RUB,5,0.00010288000000000015,0.00664402,0.00665123,7.210000000000549e-06,0.0010840100252134642,0.0,0.0010840100252134642
2026-07-31,UZS_RUB,10,0.0001950940000000001,0.00664402,0.00665123,7.210000000000549e-06,0.0010840100252134642,0.0,0.0010840100252134642
2026-08-01,UZS_RUB,5,0.00015333200000000065,0.00667826,0.00664402,3.4240000000000485e-05,0.0,0.0,0.0
2026-08-01,UZS_RUB,10,0.0002446660000000006,0.00667826,0.00664402,3.4240000000000485e-05,0.0,0.0,0.0
2026-08-04,UZS_RUB,5,0.0001677500000000002,0.00679347,0.00667826,0.00011521000000000014,0.0,0.0,0.0
2026-08-04,UZS_RUB,10,0.00025753000000000006,0.00679347,0.00667826,0.00011521000000000014,0.0,0.0,0.0
2026-08-05,UZS_RUB,5,7.427200000000005e-05,0.00680838,0.00679347,1.4909999999999923e-05,0.0,0.0,0.0
2026-08-05,UZS_RUB,10,0.00018121499999999992,0.00680838,0.00679347,1.4909999999999923e-05,0.0,0.0,0.0
2026-08-06,UZS_RUB,5,9.378400000000005e-05,0.006832,0.00680838,2.3620000000000238e-05,0.0,0.0,0.0
2026-08-06,UZS_RUB,10,0.00020565699999999999,0.006832,0.00680838,2.3620000000000238e-05,0.0,0.0,0.0
2026-08-07,UZS_RUB,5,0.00010653799999999977,0.00687465,0.006832,4.264999999999998e-05,0.0,0.0,0.0
2026-08-07,UZS_RUB,10,0.0002055419999999997,0.00687465,0.006832,4.264999999999998e-05,0.0,0.0,0.0
2026-08-08,UZS_RUB,5,0.00010536999999999977,0.00690213,0.00687465,2.7479999999999866e-05,0.0,0.0,0.0
2026-08-08,UZS_RUB,10,0.00017535099999999972,0.00690213,0.00687465,2.7479999999999866e-05,0.0,0.0,0.0
2026-08-11,UZS_RUB,5,0.00011178799999999982,0.00690213,0.00692155,1.9420000000000028e-05,0.002805729930434661,0.0,0.002805729930434661
2026-08-11,UZS_RUB,10,0.00014281999999999983,0.00690213,0.00692155,1.9420000000000028e-05,0.002805729930434661,0.0,0.002805729930434661
2026-08-12,UZS_RUB,5,0.0001794979999999998,0.00698049,0.00690213,7.835999999999954e-05,0.0,0.0,0.0
2026-08-12,UZS_RUB,10,0.0001852409999999999,0.00698049,0.00690213,7.835999999999954e-05,0.0,0.0,0.0
2026-08-13,UZS_RUB,5,0.00014542000000000027,0.00701387,0.00698049,3.338000000000039e-05,0.0,0.0,0.0
2026-08-13,UZS_RUB,10,0.00012438900000000036,0.00699924,0.00698049,1.8750000000000537e-05,0.0,0.0,0.0
2026-08-14,UZS_RUB,5,0.00012267599999999987,0.00706705,0.00701387,5.3179999999999894e-05,0.0,0.0,0.0
2026-08-14,UZS_RUB,10,0.00011951299999999991,0.00699924,0.00701387,1.4629999999999851e-05,0.0020858670035229982,0.0,0.0020858670035229982
2026-08-15,UZS_RUB,5,7.705399999999984e-05,0.00699924,0.00708206,8.281999999999994e-05,0.011694337523262996,0.0,0.011694337523262996
2026-08-15,UZS_RUB,10,9.624299999999984e-05,0.00699924,0.00708206,8.281999999999994e-05,0.011694337523262996,0.0,0.011694337523262996
2026-08-18,UZS_RUB,5,8.818599999999982e-05,0.00699924,0.0071493,0.0001500599999999996,0.020989467500314662,0.0,0.020989467500314662
2026-08-18,UZS_RUB,10,8.5177e-05,0.00699924,0.0071493,0.0001500599999999996,0.020989467500314662,0.0,0.020989467500314662
2026-08-19,UZS_RUB,5,9.709799999999981e-05,0.00699924,0.00718242,0.0001831799999999998,0.025503938783863905,0.0,0.025503938783863905
2026-08-19,UZS_RUB,10,9.526599999999984e-05,0.00699924,0.00718242,0.0001831799999999998,0.025503938783863905,0.0,0.025503938783863905
2026-08-20,UZS_RUB,5,0.00011805199999999957,0.00699924,0.0072019,0.00020265999999999947,0.02813979644260535,0.0,0.02813979644260535
2026-08-20,UZS_RUB,10,0.00011105499999999984,0.00699924,0.0072019,0.00020265999999999947,0.02813979644260535,0.0,0.02813979644260535
