corridor,date,rate_t,favourability_percentile_90,past_advantage_5,predicted_regret_5,actual_regret_5,actual_good_day_gt_a,actual_good_day_gt_b,actual_good_day_gt_c,selected_good_day_signal,selected_F,selected_A,selected_R
AMD_RUB,2025-07-12,0.202874,0.9888888888888888,0.0006699177380424,0.0009244773847338,0.0,True,True,True,True,0.9,0.0,0.002
AMD_RUB,2025-07-15,0.20402,0.8777777777777778,-0.005648826365133,0.0,0.0052298794235859,False,False,False,False,0.9,0.0,0.002
AMD_RUB,2025-07-16,0.202953,0.9666666666666668,-0.0003894042607726,0.0009815339031342,0.0,True,True,False,False,0.9,0.0,0.002
AMD_RUB,2025-07-17,0.203038,0.9444444444444444,-0.0008083835286926,0.0001324041121026,0.0,True,True,False,False,0.9,0.0,0.002
AMD_RUB,2025-07-18,0.203545,0.8777777777777778,-0.003307471632639,0.0,0.0008548478223489,True,True,False,False,0.9,0.0,0.002
AMD_RUB,2025-07-19,0.203818,0.8555555555555556,-0.0046531344578408,0.0,0.0021931330893248,True,True,False,False,0.9,0.0,0.002
AMD_RUB,2025-07-22,0.204068,0.8222222222222222,-0.0054938828201603,0.0,0.0034155281572809,True,False,False,False,0.9,0.0,0.002
AMD_RUB,2025-07-23,0.203371,0.9111111111111112,-0.0020595901514143,0.000232828023343,0.0,True,True,False,False,0.9,0.0,0.002
AMD_RUB,2025-07-24,0.204344,0.7666666666666666,-0.0064322934623075,0.0,0.0,False,False,False,False,0.9,0.0,0.002
AMD_RUB,2025-07-25,0.20551,0.6333333333333333,-0.0105177237659253,0.0,0.0,False,False,False,False,0.9,0.0,0.002
AMD_RUB,2025-07-26,0.207201,0.5111111111111111,-0.0188325769160794,0.0,0.0,False,False,False,False,0.9,0.0,0.002
AMD_RUB,2025-07-29,0.207359,0.5,-0.0196094821778915,0.0,0.0,False,False,False,False,0.9,0.0,0.002
AMD_RUB,2025-07-30,0.214203,0.1666666666666666,-0.0532622645313245,0.0,0.0302610140847701,False,False,False,False,0.9,0.0,0.002
AMD_RUB,2025-07-31,0.2132,0.1999999999999999,-0.043338683788122,0.0,0.0256988742964353,False,False,False,False,0.9,0.0,0.002
AMD_RUB,2025-08-01,0.209255,0.3333333333333333,-0.0182229575203153,0.0022447804634096,0.011158634202289,False,False,False,False,0.9,0.0,0.002
AMD_RUB,2025-08-02,0.209435,0.3111111111111111,-0.010781801246133,0.0,0.0120084990569867,False,False,False,False,0.9,0.0,0.002
AMD_RUB,2025-08-05,0.207721,0.4111111111111111,-0.0017457645918431,0.0008238648606192,0.0038561339489025,False,False,False,False,0.9,0.0,0.002
AMD_RUB,2025-08-06,0.208445,0.3666666666666667,-0.003485444418234,0.0,0.0073160785818801,False,False,False,False,0.9,0.0,0.002
AMD_RUB,2025-08-07,0.209006,0.3222222222222222,-0.0061861824273906,0.0,0.0099805747203429,False,False,False,False,0.9,0.0,0.002
AMD_RUB,2025-08-08,0.20692,0.5444444444444445,0.0038561339489025,0.00153204892166,0.0,False,False,False,False,0.9,0.0,0.002
AMD_RUB,2025-08-09,0.207981,0.3777777777777777,-0.0051275855403054,0.0,0.0021300022598218,False,False,False,False,0.9,0.0,0.002
AMD_RUB,2025-08-12,0.207695,0.4222222222222223,-0.0037454088536632,0.0004211670048518,0.0007559161270131,False,False,False,False,0.9,0.0,0.002
AMD_RUB,2025-08-13,0.208101,0.3444444444444444,-0.0057075198144211,0.0,0.0027054170811289,False,False,False,False,0.9,0.0,0.002
AMD_RUB,2025-08-14,0.207538,0.4555555555555556,-0.0029866615116953,0.0002663129089805,0.0,False,False,False,False,0.9,0.0,0.002
AMD_RUB,2025-08-15,0.207993,0.3444444444444444,-0.005185578967717,0.0,0.0,False,False,False,False,0.9,0.0,0.002
AMD_RUB,2025-08-16,0.208881,0.2666666666666667,-0.0064711040869624,0.0,0.0,False,False,False,False,0.9,0.0,0.002
AMD_RUB,2025-08-19,0.209841,0.1777777777777778,-0.0110967630024381,0.0,0.0026925148088314,False,False,False,False,0.9,0.0,0.002
AMD_RUB,2025-08-20,0.209799,0.1888888888888888,-0.0108943904248861,5.919748039553923e-05,0.0024928622157399,False,False,False,False,0.9,0.0,0.002
AMD_RUB,2025-08-21,0.209276,0.2111111111111111,-0.0083743699948924,0.0001783747906271,0.0,False,False,False,False,0.9,0.0,0.002
AMD_RUB,2025-08-22,0.209707,0.1777777777777778,-0.0082406619453538,0.0,0.0002431964598224,False,False,False,False,0.9,0.0,0.002
AMD_RUB,2025-08-23,0.211044,0.1111111111111111,-0.0103551783072658,0.0,0.0065768275809783,False,False,False,False,0.9,0.0,0.002
AMD_RUB,2025-08-26,0.210763,0.1111111111111111,-0.007105449263174,0.0,0.0052523450510763,False,False,False,False,0.9,0.0,0.002
AMD_RUB,2025-08-27,0.210522,0.1222222222222222,-0.0059538599743878,0.0003596921617563,0.0041135843284786,False,False,False,False,0.9,0.0,0.002
AMD_RUB,2025-08-28,0.210444,0.1222222222222222,-0.0055811464286397,0.0,0.0037444640854573,False,False,False,False,0.9,0.0,0.002
AMD_RUB,2025-08-29,0.209656,0.1777777777777778,0.0002431964598224,3.377403389025678e-05,0.0,False,False,False,False,0.9,0.0,0.002
AMD_RUB,2025-08-30,0.210006,0.1222222222222222,-0.0016694013049947,0.0,0.0,False,False,False,False,0.9,0.0,0.002
AMD_RUB,2025-09-02,0.210204,0.1222222222222222,-0.0026138054718204,0.0,0.0,False,False,False,False,0.9,0.0,0.002
AMD_RUB,2025-09-03,0.210606,0.0888888888888889,-0.0045312321135573,0.0,0.0,False,False,False,False,0.9,0.0,0.002
AMD_RUB,2025-09-04,0.211287,0.0666666666666666,-0.0077794100812759,0.0,0.0,False,False,False,False,0.9,0.0,0.002
AMD_RUB,2025-09-05,0.212682,0.0333333333333333,-0.014433166711184,0.0,0.0,False,False,False,False,0.9,0.0,0.002
AMD_RUB,2025-09-06,0.213067,0.0222222222222222,-0.014575774025504,0.0,0.0,False,False,False,False,0.9,0.0,0.002
AMD_RUB,2025-09-09,0.215267,0.0,-0.0240861258586895,0.0,0.0,False,False,False,False,0.9,0.0,0.002
AMD_RUB,2025-09-10,0.217372,0.0,-0.0321263401802418,0.0,0.0053272730618479,False,False,False,False,0.9,0.0,0.002
AMD_RUB,2025-09-11,0.222022,0.0,-0.0508076691893017,0.0,0.0261595697723649,False,False,False,False,0.9,0.0,0.002
AMD_RUB,2025-09-12,0.223814,0.0,-0.0523410537798215,0.0,0.0339567676731572,False,False,False,False,0.9,0.0,0.002
AMD_RUB,2025-09-13,0.220043,0.0222222222222222,-0.0327408749360528,0.0011871636743826,0.0174011443217916,False,False,False,False,0.9,0.0,0.002
AMD_RUB,2025-09-16,0.21683,0.0444444444444444,-0.0072607506027398,0.0012024313318493,0.0028409352949315,False,False,False,False,0.9,0.0,0.002
AMD_RUB,2025-09-17,0.216214,0.0555555555555555,0.0028409352949315,0.0,0.0,False,False,False,False,0.9,0.0,0.002
AMD_RUB,2025-09-18,0.216741,0.0555555555555555,-0.0024373999833498,0.0,0.0,False,False,False,False,0.9,0.0,0.002
AMD_RUB,2025-09-19,0.217393,0.0333333333333333,-0.0054529308925417,0.0,0.0,False,False,False,False,0.9,0.0,0.002
AMD_RUB,2025-09-20,0.218337,0.0333333333333333,-0.0098189756445004,0.0,0.0028671274222876,False,False,False,False,0.9,0.0,0.002
AMD_RUB,2025-09-23,0.219112,0.0333333333333333,-0.0134033873847207,0.0,0.0118934608784548,False,False,False,False,0.9,0.0,0.002
AMD_RUB,2025-09-24,0.217711,0.0555555555555555,-0.0069236959678836,0.0007487444571119,0.0080519587894041,False,False,False,False,0.9,0.0,0.002
AMD_RUB,2025-09-25,0.219459,0.0333333333333333,-0.0125403130925851,0.0,0.0297504317435146,False,False,False,False,0.9,0.0,0.002
AMD_RUB,2025-09-26,0.218027,0.0666666666666666,-0.0029163772522574,0.0010859877348277,0.030748485279346,False,False,False,False,0.9,0.0,0.002
AMD_RUB,2025-09-27,0.218473,0.0555555555555555,-0.0035000528223195,0.0,0.0327271562160998,False,False,False,False,0.9,0.0,0.002
AMD_RUB,2025-09-30,0.216506,0.1444444444444445,0.0055348604342453,0.0017703913609858,0.0239392903660868,False,False,False,False,0.9,0.0,0.002
AMD_RUB,2025-10-01,0.215958,0.1666666666666666,0.0025311076829279,0.0002905095543222,0.0214625065985052,False,False,False,False,0.9,0.0,0.002
AMD_RUB,2025-10-02,0.21293,0.2222222222222222,0.014021244871688,0.0021932982084304,0.0075470812003944,False,False,False,False,0.9,0.0,0.002
AMD_RUB,2025-10-03,0.211323,0.2444444444444444,0.0075470812003944,0.0013181136139284,0.0,False,False,False,False,0.9,0.0,0.002
AMD_RUB,2025-10-04,0.213964,0.1999999999999999,-0.0124974565002388,0.0,0.0084266512123534,False,False,False,False,0.9,0.0,0.002
AMD_RUB,2025-10-07,0.216948,0.1222222222222222,-0.026618020754958,0.0,0.0258218559286096,False,False,False,False,0.9,0.0,0.002
AMD_RUB,2025-10-08,0.214136,0.2111111111111111,-0.0133113764237682,0.002092098466544,0.0244750999364889,False,False,False,False,0.9,0.0,0.002
AMD_RUB,2025-10-09,0.213058,0.2555555555555555,-0.0082101806239736,0.0006955953051333,0.0330191778764467,False,False,False,False,0.9,0.0,0.002
AMD_RUB,2025-10-10,0.21281,0.2777777777777778,-0.0070366216644661,0.000203498450521,0.031892298294253,False,False,False,False,0.9,0.0,0.002
AMD_RUB,2025-10-11,0.212161,0.3,0.0030496687185753,0.0009140053022275,0.0289308591117122,False,False,False,False,0.9,0.0,0.002
AMD_RUB,2025-10-14,0.211346,0.3111111111111111,0.0038414223160712,0.001355443527709,0.0251861875786624,False,False,False,False,0.9,0.0,0.002
AMD_RUB,2025-10-15,0.208895,0.5111111111111111,0.011597096703983,0.0019418784006079,0.013748533952464,False,False,False,False,0.9,0.0,0.002
AMD_RUB,2025-10-16,0.206023,0.6666666666666667,0.013748533952464,0.001964346312786,0.0,False,False,False,False,0.9,0.0,0.002
AMD_RUB,2025-10-17,0.206766,0.6444444444444444,-0.0036063934609242,0.0002332778260149,0.0,False,False,False,False,0.9,0.0,0.002
AMD_RUB,2025-10-18,0.211672,0.3111111111111111,-0.0274192687224241,0.0,0.0013511470577119,False,False,False,False,0.9,0.0,0.002
AMD_RUB,2025-10-21,0.212418,0.3,-0.031040223664348,0.0,0.0283874247945089,False,False,False,False,0.9,0.0,0.002
AMD_RUB,2025-10-22,0.212657,0.3,-0.0322002883173238,0.0,0.0294793963988959,False,False,False,False,0.9,0.0,0.002
AMD_RUB,2025-10-23,0.213471,0.2333333333333332,-0.0361513034952407,0.0,0.0331801509338505,False,False,False,False,0.9,0.0,0.002
AMD_RUB,2025-10-24,0.212446,0.3222222222222222,-0.0274706673244149,0.0008463942573153,0.0285154815812018,False,False,False,False,0.9,0.0,0.002
AMD_RUB,2025-10-25,0.211386,0.3666666666666667,0.0013511470577119,0.0007621835297383,0.0236439499304589,False,False,False,False,0.9,0.0,0.002
AMD_RUB,2025-10-28,0.206388,0.7222222222222222,0.0236439499304589,0.0025148041960259,0.0,False,False,False,False,0.9,0.0,0.002
AMD_RUB,2025-10-29,0.20852,0.6,-0.0103300579491056,0.0,0.0039180893919049,False,False,False,False,0.9,0.0,0.002
AMD_RUB,2025-10-30,0.207703,0.6666666666666667,-0.0063714944667326,0.0015602098668681,0.0,False,False,False,False,0.9,0.0,0.002
AMD_RUB,2025-10-31,0.210346,0.4666666666666667,-0.019177471558424,0.0,0.0,False,False,False,False,0.9,0.0,0.002
AMD_RUB,2025-11-01,0.211618,0.3666666666666667,-0.0253406205787158,0.0,0.001105766050147,False,False,False,False,0.9,0.0,0.002
AMD_RUB,2025-11-02,0.211384,0.3888888888888888,-0.0242068337306432,0.0002338286876154,0.0,False,False,False,False,0.9,0.0,0.002
AMD_RUB,2025-11-06,0.212219,0.3444444444444444,-0.0217425843632494,0.0,0.0022665265598272,False,False,False,False,0.9,0.0,0.002
AMD_RUB,2025-11-07,0.21276,0.3,-0.0243472650852419,0.0,0.0090101522842639,False,False,False,False,0.9,0.0,0.002
AMD_RUB,2025-11-08,0.212333,0.3555555555555555,-0.0094463407908873,7.639778576243295e-05,0.0070172794619771,False,False,False,False,0.9,0.0,0.002
AMD_RUB,2025-11-11,0.211738,0.3888888888888888,-0.0016746773644174,2.2166988965683957e-05,0.0042269219507127,False,False,False,False,0.9,0.0,0.002
AMD_RUB,2025-11-12,0.212685,0.3111111111111111,-0.0061546758505848,0.0,0.0086606953945976,False,False,False,False,0.9,0.0,0.002
AMD_RUB,2025-11-13,0.212738,0.3111111111111111,-0.0047228178220253,0.0001638476554716,0.0089076704678995,False,False,False,False,0.9,0.0,0.002
AMD_RUB,2025-11-14,0.210843,0.5111111111111111,0.0042269219507127,0.001450361477894,0.0,False,False,False,False,0.9,0.0,0.002
AMD_RUB,2025-11-15,0.212309,0.3888888888888888,-0.0069530408882438,0.0,0.0246197758926847,False,False,False,False,0.9,0.0,0.002
AMD_RUB,2025-11-18,0.212539,0.3555555555555555,-0.0080438999634799,0.0003514994810491,0.0269362328796127,False,False,False,False,0.9,0.0,0.002
AMD_RUB,2025-11-19,0.21218,0.4222222222222223,-0.0063412112330027,0.0003359426624267,0.0252898482420586,False,False,False,False,0.9,0.0,0.002
AMD_RUB,2025-11-20,0.212192,0.4222222222222223,-0.0063981256195367,0.000106240892789,0.0281490348363745,False,False,False,False,0.9,0.0,0.002
AMD_RUB,2025-11-21,0.211313,0.5333333333333333,-0.0022291468059171,0.001050732570191,0.0282471972855432,False,False,False,False,0.9,0.0,0.002
AMD_RUB,2025-11-22,0.207082,0.8888888888888888,0.0200224311802871,0.0022471759650785,0.0096097198211336,False,False,False,False,0.9,0.0,0.002
AMD_RUB,2025-11-25,0.206814,0.9111111111111112,0.001294173322645,0.0008879644918762,0.0143704004564488,False,False,False,True,0.9,0.0,0.002
AMD_RUB,2025-11-26,0.20708,0.9,-0.0012861798524277,0.000488482166213,0.0187994977786361,False,False,False,False,0.9,0.0,0.002
AMD_RUB,2025-11-27,0.206219,0.9555555555555556,0.0028769812488515,0.0013402304627566,0.0147028159383956,False,False,False,True,0.9,0.0,0.002
AMD_RUB,2025-11-28,0.205344,0.9888888888888888,0.0042430619874987,0.0014558287854629,0.016533232039894,False,False,False,True,0.9,0.0,0.002
AMD_RUB,2025-11-29,0.205092,1.0,0.001227208976157,0.0006443645798422,0.0274657227000565,False,False,False,True,0.9,0.0,0.002
AMD_RUB,2025-12-02,0.203842,1.0,0.0060948257367425,0.0013983951923563,0.0215019475868564,False,False,False,True,0.9,0.0,0.002
AMD_RUB,2025-12-03,0.203187,1.0,0.0032132730251861,0.0012268999597582,0.0183476305078573,False,False,False,True,0.9,0.0,0.002
AMD_RUB,2025-12-04,0.204501,0.9777777777777776,-0.0064669491650547,0.0,0.0246551361607033,False,False,False,False,0.9,0.0,0.002
AMD_RUB,2025-12-05,0.201949,1.0,0.0060929094873196,0.0018850857681646,0.0123298456541007,False,False,False,True,0.9,0.0,0.002
AMD_RUB,2025-12-06,0.199459,1.0,0.0123298456541007,0.0017974304145011,0.0,True,True,True,True,0.9,0.0,0.002
AMD_RUB,2025-12-09,0.202525,0.9777777777777776,-0.0153715801242361,0.0,0.0063053943957536,False,False,False,False,0.9,0.0,0.002
AMD_RUB,2025-12-10,0.201248,0.9888888888888888,-0.0089692618533132,0.001654887633001,0.0,True,True,False,False,0.9,0.0,0.002
AMD_RUB,2025-12-11,0.204022,0.9333333333333332,-0.0228768819657173,0.0,0.0,True,True,False,False,0.9,0.0,0.002
AMD_RUB,2025-12-12,0.207783,0.7666666666666666,-0.0417328874605808,0.0,0.0,False,False,False,False,0.9,0.0,0.002
AMD_RUB,2025-12-13,0.208842,0.7111111111111111,-0.047042249284314,0.0,0.0037300926058934,False,False,False,False,0.9,0.0,0.002
AMD_RUB,2025-12-16,0.208146,0.7333333333333334,-0.0342761170297343,0.000255344012509,0.0011722540908784,False,False,False,False,0.9,0.0,0.002
AMD_RUB,2025-12-17,0.208063,0.7555555555555555,-0.0338636905708379,0.0,0.0100930968024107,False,False,False,False,0.9,0.0,0.002
AMD_RUB,2025-12-18,0.210658,0.5666666666666667,-0.032525904069169,0.0,0.0239012997370145,False,False,False,False,0.9,0.0,0.002
AMD_RUB,2025-12-19,0.209777,0.6666666666666667,-0.0095965502471328,0.0001535116097464,0.0268332562673696,False,False,False,False,0.9,0.0,0.002
AMD_RUB,2025-12-20,0.211608,0.4666666666666667,-0.0170381086497839,0.0,0.0375316623190048,False,False,False,False,0.9,0.0,0.002
AMD_RUB,2025-12-23,0.207902,0.7888888888888889,0.0007738040881848,0.002083525442888,0.0234485478735172,False,False,False,False,0.9,0.0,0.002
AMD_RUB,2025-12-24,0.205963,0.8888888888888888,0.0093265096054871,0.0010977797119464,0.0142549875463068,False,False,False,False,0.9,0.0,0.002
AMD_RUB,2025-12-25,0.205623,0.8888888888888888,0.0016507819365614,0.0006589808938825,0.0126250468089658,False,False,False,False,0.9,0.0,0.002
AMD_RUB,2025-12-26,0.204148,0.9222222222222224,0.0071733220505488,0.0017275464699708,0.0054911142896329,False,False,False,True,0.9,0.0,0.002
AMD_RUB,2025-12-27,0.203666,0.9444444444444444,0.0023610321923309,0.0011300992487194,0.0031374898117506,True,True,True,True,0.9,0.0,0.002
AMD_RUB,2025-12-30,0.203027,0.9555555555555556,0.0031374898117506,0.0011209409751959,0.0,True,True,True,True,0.9,0.0,0.002
AMD_RUB,2025-12-31,0.205126,0.8666666666666667,-0.0103385264028921,0.0,0.0014430155124167,True,True,False,False,0.9,0.0,0.002
AMD_RUB,2026-01-13,0.20672,0.7888888888888889,-0.0181896989070417,0.0,0.009142801857585,False,False,False,False,0.9,0.0,0.002
AMD_RUB,2026-01-14,0.207055,0.7555555555555555,-0.019839725750762,0.0,0.0107459370698605,False,False,False,False,0.9,0.0,0.002
AMD_RUB,2026-01-15,0.206587,0.7888888888888889,-0.0175346136228185,0.0002866273773838,0.0103346289940799,False,False,False,False,0.9,0.0,0.002
AMD_RUB,2026-01-16,0.206969,0.7444444444444445,-0.0194161367699861,0.0,0.0308403673980161,False,False,False,False,0.9,0.0,0.002
AMD_RUB,2026-01-17,0.20483,0.8777777777777778,0.0014430155124167,0.0018357323958566,0.022154957769858,False,False,False,False,0.9,0.0,0.002
AMD_RUB,2026-01-20,0.205227,0.8444444444444444,-0.0019381926475612,2.2866311188113768e-05,0.0240465435834466,False,False,False,False,0.9,0.0,0.002
AMD_RUB,2026-01-21,0.205229,0.8333333333333334,-0.0019479568422593,0.000793998855879,0.0240560544562415,False,False,False,False,0.9,0.0,0.002
AMD_RUB,2026-01-22,0.204452,0.8888888888888888,0.00184543279793,0.0013120718723288,0.020347074129869,False,False,False,False,0.9,0.0,0.002
AMD_RUB,2026-01-23,0.200586,0.9888888888888888,0.0189090837947293,0.0022621823332399,0.0014657054829349,True,True,True,False,0.9,0.0,0.002
AMD_RUB,2026-01-24,0.200292,0.9888888888888888,0.0014657054829349,0.0009624967424539,0.0013979589798893,True,True,True,True,0.9,0.0,0.002
AMD_RUB,2026-01-27,0.200628,0.9666666666666668,-0.0016775507758672,0.0003853996288757,0.0030703590725123,True,True,False,False,0.9,0.0,0.002
AMD_RUB,2026-01-28,0.202059,0.9333333333333332,-0.0088221197052303,0.0,0.0101307043982202,False,False,False,False,0.9,0.0,0.002
AMD_RUB,2026-01-29,0.201304,0.9444444444444444,-0.0050526231701716,0.0008955259144374,0.0064181536382785,False,False,False,False,0.9,0.0,0.002
AMD_RUB,2026-01-30,0.200541,0.9777777777777776,-0.001243184949973,0.0007175071386634,0.002637864576321,True,True,False,False,0.9,0.0,0.002
AMD_RUB,2026-01-31,0.200012,0.9888888888888888,0.0013979589798893,0.0010940134056935,0.0,True,True,True,True,0.9,0.0,0.002
AMD_RUB,2026-02-03,0.203209,0.8555555555555556,-0.0159840409575425,0.0,0.0034201241086762,True,True,False,False,0.9,0.0,0.002
AMD_RUB,2026-02-04,0.203419,0.8444444444444444,-0.0170339779613222,0.0002663674071137,0.0044489452804309,True,False,False,False,0.9,0.0,0.002
AMD_RUB,2026-02-05,0.203326,0.8444444444444444,-0.0165690058596484,0.0,0.0039935866539449,True,False,False,False,0.9,0.0,0.002
AMD_RUB,2026-02-06,0.202514,0.8888888888888888,-0.0125092494450333,0.0009238972347017,0.0,True,True,False,False,0.9,0.0,0.002
AMD_RUB,2026-02-07,0.204008,0.7888888888888889,-0.0199788012719236,0.0,0.0,False,False,False,False,0.9,0.0,0.002
AMD_RUB,2026-02-10,0.20544,0.6666666666666667,-0.0144483838154399,0.0,0.0124805295950156,False,False,False,False,0.9,0.0,0.002
AMD_RUB,2026-02-11,0.204322,0.7555555555555555,-0.0089277778326436,0.0004526760511003,0.0070770646332749,False,False,False,False,0.9,0.0,0.002
AMD_RUB,2026-02-12,0.205199,0.6888888888888889,-0.0132583426331018,0.0,0.0174074922392408,False,False,False,False,0.9,0.0,0.002
AMD_RUB,2026-02-13,0.204434,0.7444444444444445,-0.0094808260169667,0.0003429997381771,0.0137305927585431,False,False,False,False,0.9,0.0,0.002
AMD_RUB,2026-02-14,0.204792,0.7111111111111111,-0.0038429865495471,0.0,0.0154547052619242,False,False,False,False,0.9,0.0,0.002
AMD_RUB,2026-02-17,0.202876,0.8666666666666667,0.0070770646332749,0.0014649863005022,0.0061564699619472,False,False,False,False,0.9,0.0,0.002
AMD_RUB,2026-02-18,0.203643,0.8,-0.0037806344762317,0.0,0.0098996773765854,False,False,False,False,0.9,0.0,0.002
AMD_RUB,2026-02-19,0.201627,0.9111111111111112,0.0061564699619472,0.0017499087299796,0.0,True,True,True,True,0.9,0.0,0.002
AMD_RUB,2026-02-20,0.203323,0.8111111111111111,-0.0084115718628953,0.0,0.0024640596489329,True,False,False,False,0.9,0.0,0.002
AMD_RUB,2026-02-21,0.203683,0.7555555555555555,-0.0101970470224722,1.540331312334838e-05,0.0042271569055836,False,False,False,False,0.9,0.0,0.002
AMD_RUB,2026-02-25,0.202822,0.8555555555555556,-0.0059267855991509,0.0003442909782937,0.0,True,True,False,False,0.9,0.0,0.002
AMD_RUB,2026-02-26,0.202875,0.8444444444444444,-0.0061896472198663,3.300502824052862e-05,0.0,True,False,False,False,0.9,0.0,0.002
AMD_RUB,2026-02-27,0.204545,0.6333333333333333,-0.0144722680990145,0.0,0.0,False,False,False,False,0.9,0.0,0.002
AMD_RUB,2026-02-28,0.20497,0.6,-0.0105905670982438,0.0,0.0009806313118993,False,False,False,False,0.9,0.0,0.002
AMD_RUB,2026-03-03,0.204769,0.6222222222222222,-0.0095995503446371,0.0002617009222377,0.0,False,False,False,False,0.9,0.0,0.002
AMD_RUB,2026-03-04,0.205866,0.4888888888888889,-0.0150082338207886,0.0,0.0,False,False,False,False,0.9,0.0,0.002
AMD_RUB,2026-03-05,0.205899,0.4777777777777777,-0.01490573012939,0.0,0.0,False,False,False,False,0.9,0.0,0.002
AMD_RUB,2026-03-06,0.207076,0.3666666666666667,-0.0123738052751228,0.0,0.0,False,False,False,False,0.9,0.0,0.002
AMD_RUB,2026-03-07,0.209774,0.2666666666666667,-0.0244421763059837,0.0,0.0054487210045095,False,False,False,False,0.9,0.0,0.002
AMD_RUB,2026-03-11,0.208631,0.2777777777777778,-0.0188602767020398,0.0004343189006078,0.0,False,False,False,False,0.9,0.0,0.002
AMD_RUB,2026-03-12,0.209579,0.2555555555555555,-0.0180360040026036,0.0,0.0004580611607078,False,False,False,False,0.9,0.0,0.002
AMD_RUB,2026-03-13,0.209483,0.2555555555555555,-0.0174065925526593,0.0,0.0,False,False,False,False,0.9,0.0,0.002
AMD_RUB,2026-03-14,0.212495,0.0444444444444444,-0.0261691359694024,0.0,0.0,False,False,False,False,0.9,0.0,0.002
AMD_RUB,2026-03-17,0.214758,0.0,-0.0293676395166585,0.0,0.0,False,False,False,False,0.9,0.0,0.002
AMD_RUB,2026-03-18,0.217004,0.0,-0.0401330578868911,0.0,0.0112302077381061,False,False,False,False,0.9,0.0,0.002
AMD_RUB,2026-03-19,0.220265,0.0,-0.0514695703231287,0.0,0.0284611717703675,False,False,False,False,0.9,0.0,0.002
AMD_RUB,2026-03-20,0.224736,0.0,-0.0728125909978374,0.0,0.047789406236651,False,False,False,False,0.9,0.0,0.002
AMD_RUB,2026-03-21,0.222512,0.011111111111111,-0.0471399327042989,2.2179094949463848e-05,0.0382720931904796,False,False,False,False,0.9,0.0,0.002
AMD_RUB,2026-03-24,0.21696,0.0444444444444444,-0.0102534015030871,0.0022056321926243,0.0136615044247787,False,False,False,False,0.9,0.0,0.002
AMD_RUB,2026-03-25,0.214567,0.0666666666666666,0.0110296828908553,0.0011538498926676,0.002661173433007,False,False,False,False,0.9,0.0,0.002
AMD_RUB,2026-03-26,0.213996,0.0777777777777777,0.002661173433007,0.0009234885309272,0.0012663788108188,False,False,False,False,0.9,0.0,0.002
AMD_RUB,2026-03-27,0.217647,0.0333333333333333,-0.0170610665619918,0.0,0.0208548705013164,False,False,False,False,0.9,0.0,0.002
AMD_RUB,2026-03-28,0.215134,0.0666666666666666,-0.005317856408531,0.0017520412805543,0.0169150389989495,False,False,False,False,0.9,0.0,0.002
AMD_RUB,2026-03-31,0.21533,0.0666666666666666,-0.0062337613787173,0.0,0.0292249106023312,False,False,False,False,0.9,0.0,0.002
AMD_RUB,2026-04-01,0.215427,0.0666666666666666,-0.0066870408792688,0.0,0.0296620200810483,False,False,False,False,0.9,0.0,0.002
AMD_RUB,2026-04-02,0.213725,0.1333333333333333,0.0012663788108188,0.0012231698737667,0.0264171248099193,False,False,False,False,0.9,0.0,0.002
AMD_RUB,2026-04-03,0.213108,0.1444444444444445,0.0028868873552462,0.0006161562037004,0.0287600653189931,False,False,False,False,0.9,0.0,0.002
AMD_RUB,2026-04-04,0.211495,0.2222222222222222,0.00756893218462,0.0016413588395833,0.0313671718007518,False,False,False,False,0.9,0.0,0.002
AMD_RUB,2026-04-07,0.209037,0.2888888888888888,0.0116220241613276,0.0021771947028334,0.0277941225716022,False,False,False,False,0.9,0.0,0.002
AMD_RUB,2026-04-08,0.209179,0.2777777777777778,-0.0006793055774815,0.0004473556068004,0.0334928458401656,False,False,False,False,0.9,0.0,0.002
AMD_RUB,2026-04-09,0.208079,0.3222222222222222,0.0045829207269527,0.0012232565048779,0.0344820957424823,False,False,False,False,0.9,0.0,0.002
AMD_RUB,2026-04-10,0.206979,0.4,0.0052864537026801,0.0012610205837518,0.0293508037047236,False,False,False,False,0.9,0.0,0.002
AMD_RUB,2026-04-11,0.204861,0.5888888888888889,0.0102329221805111,0.0019717977681485,0.0193155358999516,False,False,False,False,0.9,0.0,0.002
AMD_RUB,2026-04-14,0.203227,0.7888888888888889,0.0079761399192623,0.0015864947337282,0.0114305677887288,False,False,False,False,0.9,0.0,0.002
AMD_RUB,2026-04-15,0.202173,0.8777777777777778,0.0051863187470168,0.0012433553016474,0.0097985388751217,False,False,False,False,0.9,0.0,0.002
AMD_RUB,2026-04-16,0.200904,0.9333333333333332,0.0062768025403985,0.0016444657214978,0.0035439812049535,True,True,True,True,0.9,0.0,0.002
AMD_RUB,2026-04-17,0.203352,0.7333333333333334,-0.0121849241428742,0.0,0.0155395570242731,False,False,False,False,0.9,0.0,0.002
AMD_RUB,2026-04-18,0.203455,0.7111111111111111,-0.0126976068171863,0.0004256116252978,0.0160379445086136,False,False,False,False,0.9,0.0,0.002
AMD_RUB,2026-04-21,0.201789,0.8888888888888888,-0.0044050889977302,0.0017842336053521,0.0079142074146756,False,False,False,False,0.9,0.0,0.002
AMD_RUB,2026-04-22,0.200192,0.9777777777777776,0.0035439812049535,0.0017409468974354,0.0,True,True,True,True,0.9,0.0,0.002
AMD_RUB,2026-04-23,0.201406,0.8888888888888888,-0.0060641783887467,0.0,0.0014349125646704,True,True,False,False,0.9,0.0,0.002
AMD_RUB,2026-04-24,0.201261,0.9,-0.0053398737212275,0.0013934552395446,0.0007154888428458,True,True,False,False,0.9,0.0,0.002
AMD_RUB,2026-04-25,0.203123,0.7555555555555555,-0.0146409446930945,0.0,0.0098757895462355,False,False,False,False,0.9,0.0,0.002
AMD_RUB,2026-04-28,0.201335,0.8888888888888888,-0.0057095188618924,0.0014809137865715,0.0010827724936051,True,True,False,False,0.9,0.0,0.002
AMD_RUB,2026-04-29,0.201117,0.9222222222222224,-0.0046205642583119,0.0002537401983849,0.0,True,True,False,False,0.9,0.0,0.002
AMD_RUB,2026-04-30,0.201731,0.8555555555555556,-0.0030529492782808,0.0,0.0,True,True,False,False,0.9,0.0,0.002
AMD_RUB,2026-05-01,0.201741,0.8444444444444444,-0.00310267157923,0.000182215467016,0.0019876970967726,True,False,False,False,0.9,0.0,0.002
AMD_RUB,2026-05-05,0.20346,0.6555555555555556,-0.0116499351123973,0.0,0.0161555096824929,False,False,False,False,0.9,0.0,0.002
AMD_RUB,2026-05-06,0.203393,0.6777777777777778,-0.0113167956960376,0.0,0.0218050768708854,False,False,False,False,0.9,0.0,0.002
AMD_RUB,2026-05-07,0.20331,0.7111111111111111,-0.0109041005981592,5.916891476704998e-05,0.0245142885249126,False,False,False,False,0.9,0.0,0.002
AMD_RUB,2026-05-08,0.202071,0.8111111111111111,-0.001685412752626,0.0010394899510464,0.018533089854556,False,False,False,False,0.9,0.0,0.002
AMD_RUB,2026-05-09,0.20134,0.8777777777777778,0.0019876970967726,0.0006622746873283,0.0236366345485248,False,False,False,False,0.9,0.0,0.002
AMD_RUB,2026-05-13,0.200173,0.9888888888888888,0.0057961656898778,0.0021945247679286,0.0327416784481422,False,False,False,False,0.9,0.0,0.002
AMD_RUB,2026-05-14,0.198958,1.0,0.0060697496665384,0.0021122036140365,0.0306044491802289,False,False,False,False,0.9,0.0,0.002
AMD_RUB,2026-05-15,0.198326,1.0,0.003176549824586,0.001047194734355,0.0296884926837631,False,False,False,True,0.9,0.0,0.002
AMD_RUB,2026-05-16,0.198592,0.9888888888888888,-0.00134122606214,0.000502000395478,0.0309881566226232,False,False,False,False,0.9,0.0,0.002
AMD_RUB,2026-05-19,0.196581,1.0,0.0087986446557687,0.0018376320493893,0.0210752819448472,False,False,False,True,0.9,0.0,0.002
AMD_RUB,2026-05-20,0.193619,1.0,0.0150675802849715,0.0018878353878804,0.0060996079930172,False,False,False,True,0.9,0.0,0.002
AMD_RUB,2026-05-21,0.192869,1.0,0.0038735867864207,0.0008855589130913,0.0022346774235362,True,True,True,True,0.9,0.0,0.002
AMD_RUB,2026-05-22,0.192438,1.0,0.0022346774235362,0.0009949305835827,0.0,True,True,True,True,0.9,0.0,0.002
AMD_RUB,2026-05-23,0.193518,0.9777777777777776,-0.005612197175194,0.0,0.0045370456495002,True,True,False,False,0.9,0.0,0.002
AMD_RUB,2026-05-26,0.194413,0.9555555555555556,-0.0102630457601929,0.0,0.0091197605098424,False,False,False,False,0.9,0.0,0.002
AMD_RUB,2026-05-27,0.194888,0.9444444444444444,-0.0127313732215051,0.0006424783479167,0.0115348302614835,False,False,False,False,0.9,0.0,0.002
AMD_RUB,2026-05-28,0.19264,0.9888888888888888,-0.0010496887309159,0.001557491487705,0.0,True,True,False,False,0.9,0.0,0.002
AMD_RUB,2026-05-29,0.193918,0.9444444444444444,-0.0076907887215623,0.0,0.0052444847822276,False,False,False,False,0.9,0.0,0.002
AMD_RUB,2026-05-30,0.192901,0.9666666666666668,-0.0013548588039866,0.001426455452685,0.0,True,True,False,False,0.9,0.0,0.002
AMD_RUB,2026-06-02,0.194253,0.9222222222222224,-0.0083731312292358,0.0,0.0,True,True,False,False,0.9,0.0,0.002
AMD_RUB,2026-06-03,0.19689,0.8777777777777778,-0.0220618770764119,0.0,0.0111991467316776,False,False,False,False,0.9,0.0,0.002
AMD_RUB,2026-06-04,0.199022,0.8333333333333334,-0.0331291528239202,0.0,0.0217915607319794,False,False,False,False,0.9,0.0,0.002
AMD_RUB,2026-06-05,0.201567,0.6777777777777778,-0.0449245986283119,0.0,0.0341424935629344,False,False,False,False,0.9,0.0,0.002
AMD_RUB,2026-06-06,0.199351,0.8222222222222222,-0.0334368406591983,0.001225131669376,0.023405952315263,False,False,False,False,0.9,0.0,0.002
AMD_RUB,2026-06-09,0.198802,0.8444444444444444,-0.0234179137516537,0.0,0.0207090471926842,False,False,False,False,0.9,0.0,0.002
AMD_RUB,2026-06-10,0.194685,0.9,0.0111991467316776,0.0022278816376829,0.0,True,True,True,False,0.9,0.0,0.002
AMD_RUB,2026-06-11,0.194846,0.8888888888888888,-0.0008269769114209,0.0002109723847192,0.0,True,True,False,False,0.9,0.0,0.002
AMD_RUB,2026-06-12,0.195179,0.8666666666666667,-0.0025374322623725,0.0004298490973685,0.0,True,True,False,False,0.9,0.0,0.002
AMD_RUB,2026-06-16,0.196846,0.8444444444444444,-0.011099982022241,0.0,0.0047143452241853,True,False,False,False,0.9,0.0,0.002
AMD_RUB,2026-06-17,0.195918,0.8555555555555556,-0.0063333076508206,0.0010247609022995,0.0,True,True,False,False,0.9,0.0,0.002
AMD_RUB,2026-06-18,0.197652,0.8111111111111111,-0.0152400030819015,0.0,0.0,True,False,False,False,0.9,0.0,0.002
AMD_RUB,2026-06-19,0.199243,0.7444444444444445,-0.0225665397288115,0.0,0.0,False,False,False,False,0.9,0.0,0.002
AMD_RUB,2026-06-20,0.199481,0.7222222222222222,-0.0220413056732537,0.0002106942417463,0.0,False,False,False,False,0.9,0.0,0.002
AMD_RUB,2026-06-23,0.20041,0.6888888888888889,-0.022927959656591,0.0,0.0,False,False,False,False,0.9,0.0,0.002
AMD_RUB,2026-06-24,0.202728,0.5333333333333333,-0.0347594401739502,0.0,0.0,False,False,False,False,0.9,0.0,0.002
AMD_RUB,2026-06-25,0.203228,0.4666666666666667,-0.0282111994819177,3.067578701994128e-05,0.0,False,False,False,False,0.9,0.0,0.002
AMD_RUB,2026-06-26,0.205384,0.3,-0.0308216599830358,0.0,0.0,False,False,False,False,0.9,0.0,0.002
AMD_RUB,2026-06-27,0.209337,0.2111111111111111,-0.0494082143161504,0.0,0.0,False,False,False,False,0.9,0.0,0.002
AMD_RUB,2026-06-30,0.211253,0.1777777777777778,-0.0541040866224239,0.0,0.0060543518908607,False,False,False,False,0.9,0.0,0.002
AMD_RUB,2026-07-01,0.212753,0.1555555555555555,-0.0494504952448601,0.0,0.0262793004093948,False,False,False,False,0.9,0.0,0.002
AMD_RUB,2026-07-02,0.212648,0.1666666666666666,-0.0463518806463676,0.0,0.0257985026898912,False,False,False,False,0.9,0.0,0.002
AMD_RUB,2026-07-03,0.211649,0.1888888888888888,-0.0305038367156155,0.0007230027414842,0.022787728739564,False,False,False,False,0.9,0.0,0.002
AMD_RUB,2026-07-04,0.209974,0.2222222222222222,-0.0030429403306629,0.001387673346198,0.0149923323840093,False,False,False,False,0.9,0.0,0.002
AMD_RUB,2026-07-07,0.212179,0.1888888888888888,-0.0105013001609723,0.0,0.0252286984103044,False,False,False,False,0.9,0.0,0.002
AMD_RUB,2026-07-08,0.207162,0.3333333333333333,0.0133921342642421,0.0022208192173796,0.0016219190778231,False,False,False,False,0.9,0.0,0.002
AMD_RUB,2026-07-09,0.208017,0.3333333333333333,-0.0041272047962463,0.0,0.0057254935894662,False,False,False,False,0.9,0.0,0.002
AMD_RUB,2026-07-10,0.206826,0.3777777777777777,0.0016219190778231,0.0016353379929801,0.0,False,False,False,False,0.9,0.0,0.002
AMD_RUB,2026-07-11,0.20868,0.3111111111111111,-0.0089640567433494,0.0,0.0,False,False,False,False,0.9,0.0,0.002
AMD_RUB,2026-07-14,0.208954,0.3111111111111111,-0.0102888418283967,0.0003029920702201,0.0,False,False,False,False,0.9,0.0,0.002
AMD_RUB,2026-07-15,0.211297,0.2222222222222222,-0.0216172048001702,0.0,0.0,False,False,False,False,0.9,0.0,0.002
AMD_RUB,2026-07-16,0.212272,0.1888888888888888,-0.0263313123108312,0.0,0.0,False,False,False,False,0.9,0.0,0.002
AMD_RUB,2026-07-17,0.213651,0.1444444444444445,-0.0329987525746279,0.0,0.0,False,False,False,False,0.9,0.0,0.002
AMD_RUB,2026-07-18,0.213708,0.1444444444444445,-0.0240943070730305,0.0,0.0020261291107493,False,False,False,False,0.9,0.0,0.002
AMD_RUB,2026-07-21,0.214019,0.1222222222222222,-0.0242397848330253,0.0,0.0059620874782145,False,False,False,False,0.9,0.0,0.002
AMD_RUB,2026-07-22,0.21423,0.1222222222222222,-0.0138809353658593,0.0,0.006941138029221,False,False,False,False,0.9,0.0,0.002
AMD_RUB,2026-07-23,0.213894,0.1555555555555555,-0.0076411396698576,2.6977463552553845e-05,0.0053811701122986,False,False,False,False,0.9,0.0,0.002
AMD_RUB,2026-07-24,0.21425,0.1222222222222222,-0.002803637708225,0.0,0.0070338389731622,False,False,False,False,0.9,0.0,0.002
AMD_RUB,2026-07-25,0.213275,0.1999999999999999,0.0020261291107493,0.0012561828580353,0.0024944320712695,False,False,False,False,0.9,0.0,0.002
AMD_RUB,2026-07-28,0.212743,0.2222222222222222,0.0024944320712695,0.0,0.0,False,False,False,False,0.9,0.0,0.002
AMD_RUB,2026-07-29,0.214705,0.0777777777777777,-0.0092223950964309,0.0,0.0,False,False,False,False,0.9,0.0,0.002
AMD_RUB,2026-07-30,0.216704,0.0333333333333333,-0.0186187089586967,0.0,0.0,False,False,False,False,0.9,0.0,0.002
AMD_RUB,2026-07-31,0.217814,0.0,-0.0238362719337417,0.0,0.0037600888831756,False,False,False,False,0.9,0.0,0.002
AMD_RUB,2026-08-01,0.216995,0.0222222222222222,-0.0199865565494517,0.0,0.0,False,False,False,False,0.9,0.0,0.002
AMD_RUB,2026-08-04,0.218779,0.0,-0.0283722613670015,0.0,0.0,False,False,False,False,0.9,0.0,0.002
AMD_RUB,2026-08-05,0.221054,0.0,-0.0295708064553689,0.0,9.047563038891966e-05,False,False,False,False,0.9,0.0,0.002
AMD_RUB,2026-08-06,0.221034,0.011111111111111,-0.0199811724748966,0.0,0.0,False,False,False,False,0.9,0.0,0.002
AMD_RUB,2026-08-07,0.222274,0.0,-0.0243277494873154,0.0,0.0,False,False,False,False,0.9,0.0,0.002
AMD_RUB,2026-08-08,0.224394,0.0,-0.0340975598516095,0.0,0.0,False,False,False,False,0.9,0.0,0.002
AMD_RUB,2026-08-11,0.225773,0.0,-0.0319683333409513,0.0,0.0033219206902508,False,False,False,False,0.9,0.0,0.002
AMD_RUB,2026-08-12,0.225023,0.011111111111111,-0.0180469972945338,0.0,0.0,False,False,False,False,0.9,0.0,0.002
AMD_RUB,2026-08-13,0.226825,0.0,-0.0261995892034709,0.0,0.0,False,False,False,False,0.9,0.0,0.002
AMD_RUB,2026-08-14,0.229065,0.0,-0.0305523812951581,0.0,0.0037456617117411,False,False,False,False,0.9,0.0,0.002
AMD_RUB,2026-08-15,0.231111,0.0,-0.0299339554533543,0.0,0.0174331814582603,False,False,False,False,0.9,0.0,0.002
AMD_RUB,2026-08-18,0.232595,0.0,-0.0336498935664354,0.0,0.0237021432103011,False,False,False,False,0.9,0.0,0.002
AMD_RUB,2026-08-19,0.233168,0.0,-0.0361962999337844,0.0,0.0261013518150002,False,False,False,False,0.9,0.0,0.002
AMD_RUB,2026-08-20,0.233257,0.0,-0.0283566626253719,0.0,0.026472946149526,False,False,False,False,0.9,0.0,0.002
KGS_RUB,2025-07-12,0.890629,1.0,0.0002233876797765,0.0003770346712913,0.0,True,True,True,False,0.85,0.002,0.01
KGS_RUB,2025-07-15,0.896264,0.9333333333333332,-0.0063269891279084,0.0001242023213179,0.0053566806208884,False,False,False,False,0.85,0.002,0.01
KGS_RUB,2025-07-16,0.891463,0.9777777777777776,-0.0009364168469699,0.0014066347268169,0.0,True,True,False,False,0.85,0.002,0.01
KGS_RUB,2025-07-17,0.891464,0.9666666666666668,-0.0009375396489447,0.0002315254957564,0.0,True,True,False,False,0.85,0.002,0.01
KGS_RUB,2025-07-18,0.894061,0.9333333333333332,-0.003853456377459,4.347844811501599e-05,0.0012459999932889,True,True,False,False,0.85,0.002,0.01
KGS_RUB,2025-07-19,0.895516,0.9222222222222224,-0.0054871332507699,4.347844811499831e-05,0.0028687371303247,True,True,False,False,0.85,0.002,0.01
KGS_RUB,2025-07-22,0.895682,0.9,-0.004732669779901,0.0001639779037041,0.0030535390908826,True,True,False,False,0.85,0.002,0.01
KGS_RUB,2025-07-23,0.892947,0.9555555555555556,-0.0016646792968413,0.0004163168940585,0.0,True,True,False,False,0.85,0.002,0.01
KGS_RUB,2025-07-24,0.897866,0.7777777777777778,-0.0071814453528129,0.0,0.0,False,False,False,False,0.85,0.002,0.01
KGS_RUB,2025-07-25,0.90332,0.6333333333333333,-0.0116165909062911,0.0,0.0,False,False,False,False,0.85,0.002,0.01
KGS_RUB,2025-07-26,0.911257,0.5333333333333333,-0.0205051363630763,0.0001520099371605,0.0,False,False,False,False,0.85,0.002,0.01
KGS_RUB,2025-07-29,0.911549,0.5111111111111111,-0.0208321434530828,0.0,0.0005188969545247,False,False,False,False,0.85,0.002,0.01
KGS_RUB,2025-07-30,0.94163,0.2777777777777778,-0.054519473160221,0.0004524188867091,0.0324479891252402,False,False,False,False,0.85,0.002,0.01
KGS_RUB,2025-07-31,0.935788,0.3333333333333333,-0.042235701095709,0.0014161413615433,0.0264076906307838,False,False,False,False,0.85,0.002,0.01
KGS_RUB,2025-08-01,0.918425,0.4444444444444444,-0.0167216490280299,0.0036597390419935,0.0115992051610093,False,False,False,False,0.85,0.002,0.01
KGS_RUB,2025-08-02,0.918569,0.4333333333333333,-0.0080240810221485,3.893372073708335e-05,0.0117541523826734,False,False,False,False,0.85,0.002,0.01
KGS_RUB,2025-08-05,0.911076,0.5333333333333333,0.0005188969545247,0.0008997467142415,0.0036264812156175,False,False,False,False,0.85,0.002,0.01
KGS_RUB,2025-08-06,0.915369,0.4666666666666667,-0.0047120108531011,0.0002484052437934,0.0082993852752277,False,False,False,False,0.85,0.002,0.01
KGS_RUB,2025-08-07,0.916997,0.4555555555555556,-0.006498908982346,0.000188639195544,0.0100600111014539,False,False,False,False,0.85,0.002,0.01
KGS_RUB,2025-08-08,0.907772,0.5666666666666667,0.0036264812156175,0.0016694921665907,0.0,False,False,False,False,0.85,0.002,0.01
KGS_RUB,2025-08-09,0.912288,0.4555555555555556,-0.0049748174651784,3.312973168909459e-05,0.0011542407660738,False,False,False,False,0.85,0.002,0.01
KGS_RUB,2025-08-12,0.911235,0.5111111111111111,-0.0038148345619825,0.0003788194858117,0.0,False,False,False,False,0.85,0.002,0.01
KGS_RUB,2025-08-13,0.914384,0.4333333333333333,-0.0072837672895836,5.695335376311047e-06,0.0033585452063902,False,False,False,False,0.85,0.002,0.01
KGS_RUB,2025-08-14,0.911313,0.4888888888888889,-0.0039007592214785,0.0001628313535213,0.0,False,False,False,False,0.85,0.002,0.01
KGS_RUB,2025-08-15,0.912868,0.4222222222222223,-0.0056137444204051,0.0,0.0,False,False,False,False,0.85,0.002,0.01
KGS_RUB,2025-08-16,0.915211,0.4,-0.0043633091354041,0.0,0.0,False,False,False,False,0.85,0.002,0.01
KGS_RUB,2025-08-19,0.919675,0.3,-0.0092621552069444,0.0,0.0039046402261668,False,False,False,False,0.85,0.002,0.01
KGS_RUB,2025-08-20,0.918772,0.3111111111111111,-0.008184893664416,5.706589323966217e-05,0.0029256442294715,False,False,False,False,0.85,0.002,0.01
KGS_RUB,2025-08-21,0.916084,0.3777777777777777,-0.0052353033480263,0.0002493738085426,0.0,False,False,False,False,0.85,0.002,0.01
KGS_RUB,2025-08-22,0.917743,0.3444444444444444,-0.0053403120714056,4.3478448114948624e-05,0.0,False,False,False,False,0.85,0.002,0.01
KGS_RUB,2025-08-23,0.923621,0.2333333333333332,-0.0091891378053804,0.0,0.0048623840298131,False,False,False,False,0.85,0.002,0.01
KGS_RUB,2025-08-26,0.923471,0.2444444444444444,-0.0080636710170683,0.0,0.0047007431743931,False,False,False,False,0.85,0.002,0.01
KGS_RUB,2025-08-27,0.921887,0.2444444444444444,-0.0063345719388178,0.0015146647605405,0.0029906051392415,False,False,False,False,0.85,0.002,0.01
KGS_RUB,2025-08-28,0.920917,0.2555555555555555,-0.00527571707398,4.347844811503488e-05,0.0019404571747508,False,False,False,False,0.85,0.002,0.01
KGS_RUB,2025-08-29,0.91913,0.2777777777777778,-0.0015113163489125,4.34784481150633e-05,0.0,False,False,False,False,0.85,0.002,0.01
KGS_RUB,2025-08-30,0.919217,0.2666666666666667,-9.465472784040148e-05,4.347844811506874e-05,0.0,False,False,False,False,0.85,0.002,0.01
KGS_RUB,2025-09-02,0.92033,0.2333333333333332,-0.0013055824529718,4.347844811487618e-05,0.0,False,False,False,False,0.85,0.002,0.01
KGS_RUB,2025-09-03,0.922325,0.1888888888888888,-0.0034761132810374,0.0001826792374752,0.0,False,False,False,False,0.85,0.002,0.01
KGS_RUB,2025-09-04,0.924652,0.1444444444444445,-0.0060078552544254,0.0,0.0,False,False,False,False,0.85,0.002,0.01
KGS_RUB,2025-09-05,0.929648,0.0999999999999999,-0.0114434302002981,0.0,0.0,False,False,False,False,0.85,0.002,0.01
KGS_RUB,2025-09-06,0.932597,0.0777777777777777,-0.0145558665690474,0.0,0.0,False,False,False,False,0.85,0.002,0.01
KGS_RUB,2025-09-09,0.941563,0.0333333333333333,-0.0230710723327502,0.0,0.0,False,False,False,False,0.85,0.002,0.01
KGS_RUB,2025-09-10,0.951887,0.0,-0.0320516087062587,0.0,0.004869275449712,False,False,False,False,0.85,0.002,0.01
KGS_RUB,2025-09-11,0.971082,0.0,-0.0502134857221959,0.0,0.0245396372293998,False,False,False,False,0.85,0.002,0.01
KGS_RUB,2025-09-12,0.979585,0.0,-0.0537160301533483,0.0001520099371608,0.033006834526866,False,False,False,False,0.85,0.002,0.01
KGS_RUB,2025-09-13,0.964892,0.0222222222222222,-0.0346291056051005,0.0019257786171285,0.0182818387964663,False,False,False,False,0.85,0.002,0.01
KGS_RUB,2025-09-16,0.949935,0.0444444444444444,-0.00889159833171,0.0032807259277417,0.0028244037749951,False,False,False,False,0.85,0.002,0.01
KGS_RUB,2025-09-17,0.947252,0.0555555555555555,0.0028244037749951,0.0,0.0,False,False,False,False,0.85,0.002,0.01
KGS_RUB,2025-09-18,0.949099,0.0555555555555555,-0.0019498507261003,0.0001165300088248,0.0,False,False,False,False,0.85,0.002,0.01
KGS_RUB,2025-09-19,0.951086,0.0444444444444444,-0.0040474973924573,0.0004755000050376,0.0,False,False,False,False,0.85,0.002,0.01
KGS_RUB,2025-09-20,0.955865,0.0333333333333333,-0.0090926173816471,0.0,0.0028686059223843,False,False,False,False,0.85,0.002,0.01
KGS_RUB,2025-09-23,0.960762,0.0333333333333333,-0.0142623082347675,0.0,0.0131572647544345,False,False,False,False,0.85,0.002,0.01
KGS_RUB,2025-09-24,0.953123,0.0555555555555555,-0.0061979283231917,0.0008122540306143,0.0084469685444586,False,False,False,False,0.85,0.002,0.01
KGS_RUB,2025-09-25,0.960451,0.0444444444444444,-0.0119608175754057,0.0002225981640921,0.0297027125798193,False,False,False,False,0.85,0.002,0.01
KGS_RUB,2025-09-26,0.956054,0.0555555555555555,-0.005223502396208,0.0007125918279896,0.0310787884366364,False,False,False,False,0.85,0.002,0.01
KGS_RUB,2025-09-27,0.95611,0.0555555555555555,-0.0031339082154139,4.175272388424495e-05,0.0311355387978371,False,False,False,False,0.85,0.002,0.01
KGS_RUB,2025-09-30,0.948121,0.1444444444444445,0.0052480110122198,0.0017996215700012,0.0229717514958534,False,False,False,False,0.85,0.002,0.01
KGS_RUB,2025-10-01,0.945072,0.1666666666666666,0.0032158342658795,0.0003806959195,0.0198196539522915,False,False,False,False,0.85,0.002,0.01
KGS_RUB,2025-10-02,0.931923,0.2222222222222222,0.0139132256589974,0.0020530378458915,0.0059897652488456,False,False,False,False,0.85,0.002,0.01
KGS_RUB,2025-10-03,0.926341,0.2444444444444444,0.0059897652488456,0.0007732104321548,0.0,False,False,False,False,0.85,0.002,0.01
KGS_RUB,2025-10-04,0.936611,0.1999999999999999,-0.0110866300854652,6.930132161099731e-05,0.0087517656743301,False,False,False,False,0.85,0.002,0.01
KGS_RUB,2025-10-07,0.949114,0.1333333333333333,-0.0245838195653652,0.0001087673726375,0.0258462102550378,False,False,False,False,0.85,0.002,0.01
KGS_RUB,2025-10-08,0.936934,0.2111111111111111,-0.0114353137775398,0.0021295951518113,0.0241169602127791,False,False,False,False,0.85,0.002,0.01
KGS_RUB,2025-10-09,0.932508,0.2555555555555555,-0.0066573756316518,0.0005149990168052,0.0332179455833086,False,False,False,False,0.85,0.002,0.01
KGS_RUB,2025-10-10,0.930966,0.2777777777777778,-0.0049927618447202,7.51047648364401e-05,0.031616621874483,False,False,False,False,0.85,0.002,0.01
KGS_RUB,2025-10-11,0.928414,0.3,0.0027412386703703,0.0008199441538899,0.0289547550984797,False,False,False,False,0.85,0.002,0.01
KGS_RUB,2025-10-14,0.924583,0.3333333333333333,0.0041263918898249,0.0010979545287982,0.0249312392721908,False,False,False,False,0.85,0.002,0.01
KGS_RUB,2025-10-15,0.914338,0.5444444444444445,0.0110806709619364,0.0023334765013563,0.0140057615455116,False,False,False,False,0.85,0.002,0.01
KGS_RUB,2025-10-16,0.901532,0.6777777777777778,0.0140057615455116,0.0020180277869762,0.0,False,False,False,False,0.85,0.002,0.01
KGS_RUB,2025-10-17,0.904333,0.6444444444444444,-0.0031069335309229,8.4797854539889e-05,0.0,False,False,False,False,0.85,0.002,0.01
KGS_RUB,2025-10-18,0.926054,0.3222222222222222,-0.02720036559989,0.0,0.0001500992382733,False,False,False,False,0.85,0.002,0.01
KGS_RUB,2025-10-21,0.93034,0.2888888888888888,-0.0319544952369965,0.0001204735471115,0.0291721306189134,False,False,False,False,0.85,0.002,0.01
KGS_RUB,2025-10-22,0.930217,0.3,-0.0318180608120399,0.0,0.0290437607568986,False,False,False,False,0.85,0.002,0.01
KGS_RUB,2025-10-23,0.933732,0.2444444444444444,-0.0357169795414916,0.0,0.0326988900455376,False,False,False,False,0.85,0.002,0.01
KGS_RUB,2025-10-24,0.92932,0.3333333333333333,-0.0276303087468885,0.0010368927488047,0.0281065725476693,False,False,False,False,0.85,0.002,0.01
KGS_RUB,2025-10-25,0.925915,0.3777777777777777,0.0001500992382733,0.0005897119151209,0.0245324894833759,False,False,False,False,0.85,0.002,0.01
KGS_RUB,2025-10-28,0.9032,0.7333333333333334,0.0245324894833759,0.0028859543501701,0.0,False,False,False,False,0.85,0.002,0.01
KGS_RUB,2025-10-29,0.91272,0.6333333333333333,-0.0105403011514614,6.719398044081239e-05,0.004333201858182,False,False,False,False,0.85,0.002,0.01
KGS_RUB,2025-10-30,0.908765,0.7111111111111111,-0.006161426040744,0.001245131478902,0.0,False,False,False,False,0.85,0.002,0.01
KGS_RUB,2025-10-31,0.920568,0.4666666666666667,-0.019229406554473,9.25738419408642e-05,0.0,False,False,False,False,0.85,0.002,0.01
KGS_RUB,2025-11-01,0.925965,0.3777777777777777,-0.0252048272807794,0.0,0.0011058733321454,False,False,False,False,0.85,0.002,0.01
KGS_RUB,2025-11-02,0.924941,0.4,-0.0240710806023029,0.0004180789087036,0.0,False,False,False,False,0.85,0.002,0.01
KGS_RUB,2025-11-06,0.928399,0.3555555555555555,-0.0216051454446418,0.0,0.0021585546731523,False,False,False,False,0.85,0.002,0.01
KGS_RUB,2025-11-07,0.930549,0.3,-0.0239709936012059,0.0,0.0095298581804934,False,False,False,False,0.85,0.002,0.01
KGS_RUB,2025-11-08,0.928824,0.3555555555555555,-0.0089683760460932,9.568648524334552e-08,0.0076903697578874,False,False,False,False,0.85,0.002,0.01
KGS_RUB,2025-11-11,0.926395,0.3888888888888888,-0.0015719921594998,0.0,0.0050885421445495,False,False,False,False,0.85,0.002,0.01
KGS_RUB,2025-11-12,0.930317,0.3222222222222222,-0.005812262619994,0.0,0.0092828573486241,False,False,False,False,0.85,0.002,0.01
KGS_RUB,2025-11-13,0.929505,0.3555555555555555,-0.0033570992934979,0.0001933165872785,0.0084173834460277,False,False,False,False,0.85,0.002,0.01
KGS_RUB,2025-11-14,0.921681,0.5444444444444445,0.0050885421445495,0.0013713514560738,0.0,False,False,False,False,0.85,0.002,0.01
KGS_RUB,2025-11-15,0.927703,0.4111111111111111,-0.0065337139422425,0.0,0.0259220892893523,False,False,False,False,0.85,0.002,0.01
KGS_RUB,2025-11-18,0.927732,0.4111111111111111,-0.0065651781907189,0.0007090995442983,0.0272395476279788,False,False,False,False,0.85,0.002,0.01
KGS_RUB,2025-11-19,0.926882,0.4333333333333333,-0.005642950218134,0.0003450054768043,0.0263474746515738,False,False,False,False,0.85,0.002,0.01
KGS_RUB,2025-11-20,0.925612,0.5,-0.0042650331296837,0.0004110347975475,0.0290402458049377,False,False,False,False,0.85,0.002,0.01
KGS_RUB,2025-11-21,0.92318,0.5666666666666667,-0.0016263761540055,0.001680019596236,0.0307415671916635,False,False,False,False,0.85,0.002,0.01
KGS_RUB,2025-11-22,0.903655,0.9111111111111112,0.0211497216144197,0.0029431538368728,0.010075747934776,False,False,False,True,0.85,0.002,0.01
KGS_RUB,2025-11-25,0.902461,0.9444444444444444,0.0013213007176411,0.0003150335408776,0.0154267054199571,False,False,False,False,0.85,0.002,0.01
KGS_RUB,2025-11-26,0.902933,0.9444444444444444,-0.0005230142909222,0.0002957337035062,0.0189759373065332,False,False,False,False,0.85,0.002,0.01
KGS_RUB,2025-11-27,0.898732,0.9777777777777776,0.0041320345145108,0.0011072485320728,0.0143902742975658,False,False,False,True,0.85,0.002,0.01
KGS_RUB,2025-11-28,0.8948,1.0,0.0043750528522406,0.0015021721172783,0.0163511399195351,False,False,False,True,0.85,0.002,0.01
KGS_RUB,2025-11-29,0.89455,1.0,0.0002793920429147,0.0001903894318735,0.0272874629702084,False,False,False,False,0.85,0.002,0.01
KGS_RUB,2025-12-02,0.888539,1.0,0.0067195796769325,0.0017251581068183,0.0207070258030316,False,False,False,True,0.85,0.002,0.01
KGS_RUB,2025-12-03,0.885799,1.0,0.003083713826855,0.0006712699796924,0.0176778253305772,False,False,False,True,0.85,0.002,0.01
KGS_RUB,2025-12-04,0.891431,0.9777777777777776,-0.0063581015557705,8.138289269660671e-05,0.0238840695466053,False,False,False,False,0.85,0.002,0.01
KGS_RUB,2025-12-05,0.880169,1.0,0.0063558437072067,0.0026712012977664,0.0113944026658516,False,False,False,True,0.85,0.002,0.01
KGS_RUB,2025-12-06,0.87014,1.0,0.0113944026658516,0.0021286727811382,0.0,True,True,True,True,0.85,0.002,0.01
KGS_RUB,2025-12-09,0.883628,0.9777777777777776,-0.0155009538694922,3.1423979494888634e-05,0.0060161063252861,False,False,False,False,0.85,0.002,0.01
KGS_RUB,2025-12-10,0.878312,0.9888888888888888,-0.0093915921575837,0.0014464594725896,0.0,True,True,False,False,0.85,0.002,0.01
KGS_RUB,2025-12-11,0.890792,0.9333333333333332,-0.0237341117521318,0.0,0.0,True,True,False,False,0.85,0.002,0.01
KGS_RUB,2025-12-12,0.907259,0.8111111111111111,-0.0426586526306111,0.0,0.0,True,False,False,False,0.85,0.002,0.01
KGS_RUB,2025-12-13,0.911716,0.7555555555555555,-0.0477808168800422,0.0,0.0037544586252736,False,False,False,False,0.85,0.002,0.01
KGS_RUB,2025-12-16,0.908513,0.8,-0.0343852753918881,0.0008481130441442,0.001697278960235,True,False,False,False,0.85,0.002,0.01
KGS_RUB,2025-12-17,0.908293,0.8,-0.0341347949248103,3.4782236353073425e-05,0.0106408394647982,False,False,False,False,0.85,0.002,0.01
KGS_RUB,2025-12-18,0.919162,0.6444444444444444,-0.0318480632964822,0.0004946801864385,0.0241839849776209,False,False,False,False,0.85,0.002,0.01
KGS_RUB,2025-12-19,0.915153,0.7111111111111111,-0.0087009332505932,0.0005774900439279,0.026811910139616,False,False,False,False,0.85,0.002,0.01
KGS_RUB,2025-12-20,0.923065,0.5555555555555556,-0.0162634744515261,0.0,0.0372573979080563,False,False,False,False,0.85,0.002,0.01
KGS_RUB,2025-12-23,0.906971,0.8111111111111111,0.0014554774725777,0.0030194463269568,0.0231220182343205,False,False,False,False,0.85,0.002,0.01
KGS_RUB,2025-12-24,0.898628,0.8888888888888888,0.0091987505664458,0.0012300219319154,0.0140525334176099,False,False,False,True,0.85,0.002,0.01
KGS_RUB,2025-12-25,0.896933,0.8888888888888888,0.0018862087537891,0.0002465072145847,0.0121893162588509,False,False,False,False,0.85,0.002,0.01
KGS_RUB,2025-12-26,0.890616,0.9333333333333332,0.0070428894911883,0.0020242357643805,0.0051829295678496,False,False,False,True,0.85,0.002,0.01
KGS_RUB,2025-12-27,0.888674,0.9333333333333332,0.0021805132627305,0.0007400874576894,0.0030089774202913,True,True,True,True,0.85,0.002,0.01
KGS_RUB,2025-12-30,0.886,0.9444444444444444,0.0030089774202913,0.0004477451221,0.0,True,True,True,True,0.85,0.002,0.01
KGS_RUB,2025-12-31,0.894861,0.8555555555555556,-0.0100011286681715,4.2264303706662535e-05,0.0053974863135168,False,False,False,False,0.85,0.002,0.01
KGS_RUB,2026-01-13,0.900987,0.8111111111111111,-0.0169153498871331,0.0,0.0131067373891076,False,False,False,False,0.85,0.002,0.01
KGS_RUB,2026-01-14,0.901699,0.7888888888888889,-0.0177189616252821,0.0,0.0138860085239087,False,False,False,False,0.85,0.002,0.01
KGS_RUB,2026-01-15,0.898486,0.8333333333333334,-0.0140925507900677,0.0006454354043674,0.0134481783800748,False,False,False,False,0.85,0.002,0.01
KGS_RUB,2026-01-16,0.897987,0.8333333333333334,-0.0135293453724604,0.0001108632187084,0.0317176083840857,False,False,False,False,0.85,0.002,0.01
KGS_RUB,2026-01-17,0.890031,0.9111111111111112,0.0053974863135168,0.0021843397060936,0.0245171235608647,False,False,False,True,0.85,0.002,0.01
KGS_RUB,2026-01-20,0.889178,0.9111111111111112,0.0009583935840436,0.000309837699194,0.0235813301723614,False,False,False,False,0.85,0.002,0.01
KGS_RUB,2026-01-21,0.889934,0.9,-0.000850223464818,0.0001210131479155,0.0244107990030721,False,False,False,False,0.85,0.002,0.01
KGS_RUB,2026-01-22,0.886403,0.9333333333333332,0.0031208599403043,0.0012051006728615,0.0205245243980446,False,False,False,True,0.85,0.002,0.01
KGS_RUB,2026-01-23,0.869505,1.0,0.019063563638661,0.004434369910115,0.0014893531377047,True,True,True,True,0.85,0.002,0.01
KGS_RUB,2026-01-24,0.86821,1.0,0.0014893531377047,0.0003772955052391,0.0025327973646929,True,True,True,False,0.85,0.002,0.01
KGS_RUB,2026-01-27,0.869184,0.9888888888888888,-0.0011218484007324,0.0002754743964049,0.0036505504012959,True,True,False,False,0.85,0.002,0.01
KGS_RUB,2026-01-28,0.875389,0.9555555555555556,-0.0082687368263437,7.165697173011158e-05,0.0107129516135112,False,False,False,False,0.85,0.002,0.01
KGS_RUB,2026-01-29,0.872112,0.9555555555555556,-0.0044943043733658,0.0007523996278584,0.0069956611077476,False,False,False,False,0.85,0.002,0.01
KGS_RUB,2026-01-30,0.869355,0.9777777777777776,-0.0013188053581506,0.00077591466237,0.003846529898603,True,True,False,False,0.85,0.002,0.01
KGS_RUB,2026-01-31,0.866011,1.0,0.0025327973646929,0.000884226406229,0.0,True,True,True,True,0.85,0.002,0.01
KGS_RUB,2026-02-03,0.880758,0.8888888888888888,-0.0170286520610016,0.0001993994580257,0.0061015625177403,False,False,False,False,0.85,0.002,0.01
KGS_RUB,2026-02-04,0.880294,0.8888888888888888,-0.016492862099904,0.0003500872212029,0.0055776820016948,False,False,False,False,0.85,0.002,0.01
KGS_RUB,2026-02-05,0.879476,0.9,-0.015548301349521,0.0,0.0046527705133511,True,True,False,False,0.85,0.002,0.01
KGS_RUB,2026-02-06,0.875384,0.9222222222222224,-0.0108231881581181,0.0013159830714835,0.0,True,True,False,False,0.85,0.002,0.01
KGS_RUB,2026-02-07,0.881121,0.8444444444444444,-0.0174478153279809,0.0,0.0,True,False,False,False,0.85,0.002,0.01
KGS_RUB,2026-02-10,0.887938,0.7888888888888889,-0.0143411348619576,0.0,0.0132655658390563,False,False,False,False,0.85,0.002,0.01
KGS_RUB,2026-02-11,0.882894,0.8333333333333334,-0.008579092146989,0.0007224076474411,0.0076283223127577,False,False,False,False,0.85,0.002,0.01
KGS_RUB,2026-02-12,0.885818,0.8,-0.0119193405408368,0.0,0.0169414033130959,False,False,False,False,0.85,0.002,0.01
KGS_RUB,2026-02-13,0.882653,0.8333333333333334,-0.0083037843963334,0.0008823296134677,0.0134163708728118,False,False,False,False,0.85,0.002,0.01
KGS_RUB,2026-02-14,0.882726,0.8222222222222222,-0.0018215432386697,0.0,0.0134979597292931,False,False,False,False,0.85,0.002,0.01
KGS_RUB,2026-02-17,0.876159,0.9,0.0073573646721871,0.0017603243767696,0.006103914928683,False,False,False,True,0.85,0.002,0.01
KGS_RUB,2026-02-18,0.877517,0.8888888888888888,-0.0015499469845084,4.347844811502503e-05,0.0076420171916897,False,False,False,False,0.85,0.002,0.01
KGS_RUB,2026-02-19,0.870811,0.9333333333333332,0.006103914928683,0.0020953049961049,0.0,True,True,True,True,0.85,0.002,0.01
KGS_RUB,2026-02-20,0.876392,0.8777777777777778,-0.00640896819172,0.000246861035245,0.0022535577686696,True,True,False,False,0.85,0.002,0.01
KGS_RUB,2026-02-21,0.877666,0.8555555555555556,-0.0078719722190003,0.0003239215909844,0.0037018638069606,True,True,False,False,0.85,0.002,0.01
KGS_RUB,2026-02-25,0.87632,0.8777777777777778,-0.0063262866454373,0.0001784074096698,0.0021715811575679,True,True,False,False,0.85,0.002,0.01
KGS_RUB,2026-02-26,0.874417,0.9111111111111112,-0.0041409674429927,0.0004318173484202,0.0,True,True,False,False,0.85,0.002,0.01
KGS_RUB,2026-02-27,0.881896,0.7555555555555555,-0.0127295130631101,0.0,0.0,False,False,False,False,0.85,0.002,0.01
KGS_RUB,2026-02-28,0.883632,0.7,-0.010538450190241,0.0,0.0012425987288825,False,False,False,False,0.85,0.002,0.01
KGS_RUB,2026-03-03,0.882534,0.7444444444444445,-0.0092827563965476,0.0009132569963627,0.0,False,False,False,False,0.85,0.002,0.01
KGS_RUB,2026-03-04,0.887476,0.6333333333333333,-0.0149345220872879,0.000222598164092,0.0,False,False,False,False,0.85,0.002,0.01
KGS_RUB,2026-03-05,0.889662,0.5777777777777777,-0.0174344734834752,0.0,0.0,False,False,False,False,0.85,0.002,0.01
KGS_RUB,2026-03-06,0.894178,0.5111111111111111,-0.0139268122318278,0.0,0.0,False,False,False,False,0.85,0.002,0.01
KGS_RUB,2026-03-07,0.905089,0.3444444444444444,-0.0255570890186666,0.0,0.0051851254407025,False,False,False,False,0.85,0.002,0.01
KGS_RUB,2026-03-11,0.900396,0.4111111111111111,-0.0202394468655031,0.0001812465938704,0.0,False,False,False,False,0.85,0.002,0.01
KGS_RUB,2026-03-12,0.904151,0.3333333333333333,-0.0187892404977712,0.0,1.1060099474607133e-05,False,False,False,False,0.85,0.002,0.01
KGS_RUB,2026-03-13,0.904141,0.3333333333333333,-0.0162747200622259,0.0003422683606107,0.0,False,False,False,False,0.85,0.002,0.01
KGS_RUB,2026-03-14,0.917389,0.2111111111111111,-0.0259579188931062,0.0003947655906338,0.0,False,False,False,False,0.85,0.002,0.01
KGS_RUB,2026-03-17,0.926835,0.0888888888888889,-0.0293637466181546,2.2776549437778125e-05,0.0,False,False,False,False,0.85,0.002,0.01
KGS_RUB,2026-03-18,0.936653,0.0,-0.0402678377069644,0.0,0.0115795283845777,False,False,False,False,0.85,0.002,0.01
KGS_RUB,2026-03-19,0.950553,0.0,-0.0513327014259944,0.0,0.0289431520388657,False,False,False,False,0.85,0.002,0.01
KGS_RUB,2026-03-20,0.970154,0.0,-0.073011842179483,0.0,0.0485623931870609,False,False,False,False,0.85,0.002,0.01
KGS_RUB,2026-03-21,0.960551,0.011111111111111,-0.0470487437717261,0.0009307926388746,0.039050503304874,False,False,False,False,0.85,0.002,0.01
KGS_RUB,2026-03-24,0.936264,0.0444444444444444,-0.0101733318228163,0.00124272106871,0.0141231532986422,False,False,False,False,0.85,0.002,0.01
KGS_RUB,2026-03-25,0.925807,0.1666666666666666,0.01116885835619,0.0021095733336563,0.0029876637355302,False,False,False,False,0.85,0.002,0.01
KGS_RUB,2026-03-26,0.923041,0.2111111111111111,0.0029876637355302,0.0002050686419177,0.0011960465461447,False,False,False,False,0.85,0.002,0.01
KGS_RUB,2026-03-27,0.939181,0.0333333333333333,-0.0174856804843989,0.0004385348609201,0.0218807663272575,False,False,False,False,0.85,0.002,0.01
KGS_RUB,2026-03-28,0.927894,0.0999999999999999,-0.0052576212757613,0.0034098209330572,0.0174384143016335,False,False,False,False,0.85,0.002,0.01
KGS_RUB,2026-03-31,0.929623,0.0777777777777777,-0.0071307775060912,0.0,0.0315859224653435,False,False,False,False,0.85,0.002,0.01
KGS_RUB,2026-04-01,0.929107,0.0999999999999999,-0.0065717557508279,0.0001893113070883,0.0310480924156206,False,False,False,False,0.85,0.002,0.01
KGS_RUB,2026-04-02,0.921937,0.2111111111111111,0.0011960465461447,0.0012940051193042,0.0287644383509935,False,False,False,False,0.85,0.002,0.01
KGS_RUB,2026-04-03,0.918631,0.2333333333333332,0.0035859283226511,0.0011337380544462,0.0310745010782348,False,False,False,False,0.85,0.002,0.01
KGS_RUB,2026-04-04,0.911713,0.2666666666666667,0.0075307713325589,0.0013190425099521,0.0345777673456449,False,False,False,False,0.85,0.002,0.01
KGS_RUB,2026-04-07,0.90026,0.4111111111111111,0.01256206722949,0.001964885783038,0.0314864594672649,False,False,False,False,0.85,0.002,0.01
KGS_RUB,2026-04-08,0.90051,0.3888888888888888,-0.00027769755404,0.0002196260722283,0.0367802689587012,False,False,False,False,0.85,0.002,0.01
KGS_RUB,2026-04-09,0.895418,0.4666666666666667,0.0053784462266455,0.001119005720658,0.0392018029568314,False,False,False,False,0.85,0.002,0.01
KGS_RUB,2026-04-10,0.890085,0.5444444444444445,0.0059558775901311,0.0019370806444646,0.0334451204098485,False,False,False,False,0.85,0.002,0.01
KGS_RUB,2026-04-11,0.880188,0.7888888888888889,0.0111191627765888,0.0022713030544872,0.0225769949147227,False,False,False,False,0.85,0.002,0.01
KGS_RUB,2026-04-14,0.871914,0.9222222222222224,0.00940026448895,0.0014830293788693,0.0133017705874661,False,False,False,True,0.85,0.002,0.01
KGS_RUB,2026-04-15,0.867389,0.9888888888888888,0.0051897320148546,0.0004579331537689,0.0166395930776156,False,False,False,True,0.85,0.002,0.01
KGS_RUB,2026-04-16,0.860316,1.0,0.0081543575028043,0.0017864633336259,0.0085549960712109,False,False,False,True,0.85,0.002,0.01
KGS_RUB,2026-04-17,0.870053,0.9222222222222224,-0.0113179343404051,6.719398044076624e-05,0.0196505270368585,False,False,False,False,0.85,0.002,0.01
KGS_RUB,2026-04-18,0.86968,0.9222222222222224,-0.0108843727188614,0.0006431159269863,0.0192300616318645,False,False,False,False,0.85,0.002,0.01
KGS_RUB,2026-04-21,0.860343,0.9888888888888888,-3.1383817109061376e-05,0.0026451043044493,0.0085861104234008,False,False,False,False,0.85,0.002,0.01
KGS_RUB,2026-04-22,0.852956,1.0,0.0085549960712109,0.0016375095873649,0.0,True,True,True,True,0.85,0.002,0.01
KGS_RUB,2026-04-23,0.857849,0.9888888888888888,-0.0057365209928764,4.347844811503624e-05,0.0040892977668563,True,True,False,False,0.85,0.002,0.01
KGS_RUB,2026-04-24,0.856085,0.9888888888888888,-0.0036684190040282,0.0013146760890728,0.0020371808874118,True,True,False,False,0.85,0.002,0.01
KGS_RUB,2026-04-25,0.864125,0.9444444444444444,-0.013094462082452,0.0001287354907115,0.0113224359901634,False,False,False,False,0.85,0.002,0.01
KGS_RUB,2026-04-28,0.855627,0.9888888888888888,-0.0031314628187151,0.0020407658793392,0.0015029913735775,True,True,False,False,0.85,0.002,0.01
KGS_RUB,2026-04-29,0.854341,0.9888888888888888,-0.0016237648835344,0.000171783914259,0.0,True,True,False,False,0.85,0.002,0.01
KGS_RUB,2026-04-30,0.85647,0.9555555555555556,-0.0024919791980016,4.34784481149958e-05,0.0033673100050206,True,True,False,False,0.85,0.002,0.01
KGS_RUB,2026-05-01,0.855651,0.9666666666666668,-0.0015333455844914,0.0001055552567355,0.006752753166887,False,False,False,False,0.85,0.002,0.01
KGS_RUB,2026-05-05,0.862942,0.9,-0.0100674086810769,0.0002179425116038,0.0222158615526882,False,False,False,False,0.85,0.002,0.01
KGS_RUB,2026-05-06,0.861866,0.9,-0.0088079584147313,0.000292747286359,0.0269090554680193,False,False,False,False,0.85,0.002,0.01
KGS_RUB,2026-05-07,0.860492,0.9,-0.0071997012902342,0.0004036658309445,0.0280606908605774,False,False,False,False,0.85,0.002,0.01
KGS_RUB,2026-05-08,0.853586,0.9888888888888888,0.0024133671321603,0.0015804291396047,0.0203435857664019,False,False,False,True,0.85,0.002,0.01
KGS_RUB,2026-05-09,0.849873,1.0,0.0043498839015634,0.0003636385610833,0.0265298462240828,False,False,False,True,0.85,0.002,0.01
KGS_RUB,2026-05-13,0.843771,1.0,0.0071798962903868,0.0021144063124108,0.0338160472450463,False,False,False,True,0.85,0.002,0.01
KGS_RUB,2026-05-14,0.838674,1.0,0.0060407385416185,0.0021897574831635,0.0326026560976017,False,False,False,True,0.85,0.002,0.01
KGS_RUB,2026-05-15,0.836346,1.0,0.0027758103863956,0.0003350839803527,0.032107524876068,False,False,False,True,0.85,0.002,0.01
KGS_RUB,2026-05-16,0.836221,1.0,0.0001494596733888,0.0013581536915348,0.0319628423586587,False,False,False,False,0.85,0.002,0.01
KGS_RUB,2026-05-19,0.827326,1.0,0.0106371401818418,0.0025046615634355,0.0215549855800494,False,False,False,True,0.85,0.002,0.01
KGS_RUB,2026-05-20,0.815238,1.0,0.0146109272523769,0.0028578891516585,0.0070470218512875,False,False,False,True,0.85,0.002,0.01
KGS_RUB,2026-05-21,0.811331,1.0,0.0047924655131384,0.0004331036275521,0.0022654132530373,True,True,True,True,0.85,0.002,0.01
KGS_RUB,2026-05-22,0.809493,1.0,0.0022654132530373,0.0003348282015341,0.0,True,True,True,True,0.85,0.002,0.01
KGS_RUB,2026-05-23,0.814282,0.9777777777777776,-0.0059160486872646,0.000344057164787,0.0043215986599236,True,True,False,False,0.85,0.002,0.01
KGS_RUB,2026-05-26,0.818136,0.9555555555555556,-0.0106770534149152,4.347844811507902e-05,0.0090119491135947,False,False,False,False,0.85,0.002,0.01
KGS_RUB,2026-05-27,0.819531,0.9444444444444444,-0.012400354295837,0.001541289223107,0.0106988021197489,False,False,False,False,0.85,0.002,0.01
KGS_RUB,2026-05-28,0.810763,0.9888888888888888,-0.001568883239262,0.0020750596825017,0.0,True,True,False,False,0.85,0.002,0.01
KGS_RUB,2026-05-29,0.816141,0.9444444444444444,-0.0082125478540271,4.347844811503706e-05,0.0048913116728604,True,True,False,False,0.85,0.002,0.01
KGS_RUB,2026-05-30,0.812149,0.9666666666666668,-0.001709500803564,0.0013898219157393,0.0,True,True,False,False,0.85,0.002,0.01
KGS_RUB,2026-06-02,0.818218,0.9111111111111112,-0.0091950422009884,4.347844811498028e-05,0.0,True,True,False,False,0.85,0.002,0.01
KGS_RUB,2026-06-03,0.829728,0.8777777777777778,-0.0233915459881617,0.0002124249309072,0.0114061475567897,False,False,False,False,0.85,0.002,0.01
KGS_RUB,2026-06-04,0.838692,0.8333333333333334,-0.034447797938485,0.0,0.0219723092625183,False,False,False,False,0.85,0.002,0.01
KGS_RUB,2026-06-05,0.849578,0.8111111111111111,-0.046086370850669,0.0,0.0345041891386077,False,False,False,False,0.85,0.002,0.01
KGS_RUB,2026-06-06,0.840125,0.8222222222222222,-0.0344468810526147,0.0023031601744571,0.0236405296830828,False,False,False,False,0.85,0.002,0.01
KGS_RUB,2026-06-09,0.837789,0.8444444444444444,-0.0239190533574182,0.0004877690360472,0.0209181548098626,False,False,False,False,0.85,0.002,0.01
KGS_RUB,2026-06-10,0.820264,0.8888888888888888,0.0114061475567897,0.0020705503949072,0.0,True,True,True,True,0.85,0.002,0.01
KGS_RUB,2026-06-11,0.820926,0.8777777777777778,-0.0008070572401081,4.347844811496652e-05,0.0,True,True,False,False,0.85,0.002,0.01
KGS_RUB,2026-06-12,0.822272,0.8666666666666667,-0.0024479923536812,0.0003851295466922,0.0,True,True,False,False,0.85,0.002,0.01
KGS_RUB,2026-06-16,0.828488,0.8444444444444444,-0.0100260403967503,0.0001897866174662,0.0043126756211315,True,False,False,False,0.85,0.002,0.01
KGS_RUB,2026-06-17,0.824915,0.8555555555555556,-0.0056701257156232,0.0011887913787714,0.0,True,True,False,False,0.85,0.002,0.01
KGS_RUB,2026-06-18,0.83188,0.8111111111111111,-0.0141612944125305,0.0,0.0,True,False,False,False,0.85,0.002,0.01
KGS_RUB,2026-06-19,0.838869,0.7444444444444445,-0.0218570248719128,0.0,0.0,False,False,False,False,0.85,0.002,0.01
KGS_RUB,2026-06-20,0.839783,0.7333333333333334,-0.0212958728985055,0.0010028693886653,0.0,False,False,False,False,0.85,0.002,0.01
KGS_RUB,2026-06-23,0.843511,0.7111111111111111,-0.0225429286653777,0.0,0.0,False,False,False,False,0.85,0.002,0.01
KGS_RUB,2026-06-24,0.853288,0.6555555555555556,-0.0343950588848549,0.0,0.0,False,False,False,False,0.85,0.002,0.01
KGS_RUB,2026-06-25,0.855046,0.6222222222222222,-0.0278477665047843,0.0004074119303471,0.0,False,False,False,False,0.85,0.002,0.01
KGS_RUB,2026-06-26,0.864891,0.4888888888888889,-0.031020338098082,0.0002499291817845,0.0,False,False,False,False,0.85,0.002,0.01
KGS_RUB,2026-06-27,0.881202,0.3444444444444444,-0.0493210746109412,0.0,0.0,False,False,False,False,0.85,0.002,0.01
KGS_RUB,2026-06-30,0.889124,0.2888888888888888,-0.0540751691442079,0.0,0.0067583374197525,False,False,False,False,0.85,0.002,0.01
KGS_RUB,2026-07-01,0.895021,0.2555555555555555,-0.0489084576368118,0.0,0.0273893014800769,False,False,False,False,0.85,0.002,0.01
KGS_RUB,2026-07-02,0.894971,0.2666666666666667,-0.0466933942735244,0.0002924142077836,0.0273349639262053,False,False,False,False,0.85,0.002,0.01
KGS_RUB,2026-07-03,0.89113,0.2888888888888888,-0.0303379269757692,0.0012836176657451,0.0256337459181039,False,False,False,False,0.85,0.002,0.01
KGS_RUB,2026-07-04,0.883115,0.3555555555555555,-0.0021708983865219,0.0028100872322702,0.0167905652151757,False,False,False,False,0.85,0.002,0.01
KGS_RUB,2026-07-07,0.891589,0.2888888888888888,-0.0095955792846911,0.0,0.0261353605753322,False,False,False,False,0.85,0.002,0.01
KGS_RUB,2026-07-08,0.870507,0.4444444444444444,0.0142767363253935,0.0029573260103941,0.0025502379647722,False,False,False,False,0.85,0.002,0.01
KGS_RUB,2026-07-09,0.873672,0.4222222222222223,-0.0036358122335604,0.0002484052437935,0.006163640359311,False,False,False,False,0.85,0.002,0.01
KGS_RUB,2026-07-10,0.868287,0.4666666666666667,0.0025502379647722,0.001919838041442,0.0,False,False,False,False,0.85,0.002,0.01
KGS_RUB,2026-07-11,0.876681,0.4,-0.0096673104630151,6.581626094199986e-06,0.0005794582065769,False,False,False,False,0.85,0.002,0.01
KGS_RUB,2026-07-14,0.876173,0.4,-0.0090822504540548,0.0006067718106481,0.0,False,False,False,False,0.85,0.002,0.01
KGS_RUB,2026-07-15,0.886122,0.3444444444444444,-0.0205404434248122,0.0,0.0,False,False,False,False,0.85,0.002,0.01
KGS_RUB,2026-07-16,0.891444,0.3,-0.0266697532037217,0.0,0.0,False,False,False,False,0.85,0.002,0.01
KGS_RUB,2026-07-17,0.895576,0.2444444444444444,-0.0314285483947128,0.0,2.791499548899564e-05,False,False,False,False,0.85,0.002,0.01
KGS_RUB,2026-07-18,0.896497,0.2333333333333332,-0.0231963322311917,0.0,0.0046927095126921,False,False,False,False,0.85,0.002,0.01
KGS_RUB,2026-07-21,0.895551,0.2444444444444444,-0.0221166367829184,4.991949501636869e-05,0.003814411462887,False,False,False,False,0.85,0.002,0.01
KGS_RUB,2026-07-22,0.898273,0.2111111111111111,-0.0137125587673029,0.0,0.00683311198266,False,False,False,False,0.85,0.002,0.01
KGS_RUB,2026-07-23,0.897377,0.2111111111111111,-0.0066554937831203,0.0002629497857523,0.0058414690815565,False,False,False,False,0.85,0.002,0.01
KGS_RUB,2026-07-24,0.896568,0.2111111111111111,-0.0011356137171417,0.0,0.0049444102399372,False,False,False,False,0.85,0.002,0.01
KGS_RUB,2026-07-25,0.89229,0.2777777777777778,0.0036413336593895,0.0010734619979029,0.0001737103408084,False,False,False,False,0.85,0.002,0.01
KGS_RUB,2026-07-28,0.892135,0.2777777777777778,0.0001737103408084,0.0,0.0,False,False,False,False,0.85,0.002,0.01
KGS_RUB,2026-07-29,0.89992,0.1555555555555555,-0.0087262577973065,0.0,0.0,False,False,False,False,0.85,0.002,0.01
KGS_RUB,2026-07-30,0.907456,0.1222222222222222,-0.0171734098538898,0.0,0.0,False,False,False,False,0.85,0.002,0.01
KGS_RUB,2026-07-31,0.913177,0.0999999999999999,-0.0235861164509855,0.0,0.0049289458670115,False,False,False,False,0.85,0.002,0.01
KGS_RUB,2026-08-01,0.908676,0.1111111111111111,-0.0185409158927741,7.366903018591451e-05,0.0,False,False,False,False,0.85,0.002,0.01
KGS_RUB,2026-08-04,0.915594,0.0777777777777777,-0.0262953476772013,0.0,0.0,False,False,False,False,0.85,0.002,0.01
KGS_RUB,2026-08-05,0.92772,0.0444444444444444,-0.0308916348119832,0.0,0.0024630276376492,False,False,False,False,0.85,0.002,0.01
KGS_RUB,2026-08-06,0.925435,0.0444444444444444,-0.0198125308554904,3.054645030883429e-05,0.0,False,False,False,False,0.85,0.002,0.01
KGS_RUB,2026-08-07,0.930906,0.0,-0.0244641654451091,0.0,0.0,False,False,False,False,0.85,0.002,0.01
KGS_RUB,2026-08-08,0.939583,0.0,-0.034013223635267,0.0,0.0,False,False,False,False,0.85,0.002,0.01
KGS_RUB,2026-08-11,0.944608,0.0,-0.0316887179251939,0.0,0.0028053965242725,False,False,False,False,0.85,0.002,0.01
KGS_RUB,2026-08-12,0.941958,0.011111111111111,-0.0178543063532284,0.0,0.0,False,False,False,False,0.85,0.002,0.01
KGS_RUB,2026-08-13,0.949087,0.0,-0.0255577106982121,0.0,0.0,False,False,False,False,0.85,0.002,0.01
KGS_RUB,2026-08-14,0.958328,0.0,-0.0294573243700222,0.0,0.0053687255302985,False,False,False,False,0.85,0.002,0.01
KGS_RUB,2026-08-15,0.96678,0.0,-0.0289458195816655,0.0,0.0192060241213098,False,False,False,False,0.85,0.002,0.01
KGS_RUB,2026-08-18,0.97214,0.0,-0.0320417683166341,0.0,0.0246137387619066,False,False,False,False,0.85,0.002,0.01
KGS_RUB,2026-08-19,0.973865,0.0,-0.0338730601576715,0.0,0.0263414333608867,False,False,False,False,0.85,0.002,0.01
KGS_RUB,2026-08-20,0.973463,0.011111111111111,-0.0256836306892834,0.0,0.0259393525999446,False,False,False,False,0.85,0.002,0.01
KZT_RUB,2025-07-12,0.150259,0.9666666666666668,-0.0009859370732325,0.000310147486102,0.021689216619304,False,False,False,False,0.9,0.002,0.002
KZT_RUB,2025-07-15,0.150447,0.9555555555555556,-0.0022383436257169,0.0004248773243354,0.02432085717894,False,False,False,False,0.9,0.002,0.002
KZT_RUB,2025-07-16,0.148707,1.0,0.0093530787217458,0.0011165815598607,0.0129045707330522,False,False,False,True,0.9,0.002,0.002
KZT_RUB,2025-07-17,0.148247,1.0,0.0030933311814508,0.0004248773243356,0.0098416831369268,False,False,False,True,0.9,0.002,0.002
KZT_RUB,2025-07-18,0.148501,0.9888888888888888,-0.0017133567627001,0.0003794837973629,0.01408071326119,False,False,False,False,0.9,0.002,0.002
KZT_RUB,2025-07-19,0.147,1.0,0.0084116373349882,0.0009892448945755,0.0040136054421767,True,True,True,True,0.9,0.002,0.002
KZT_RUB,2025-07-22,0.146788,1.0,0.0014421768707482,0.0004248773243357,0.0050276589366977,False,False,False,False,0.9,0.002,0.002
KZT_RUB,2025-07-23,0.147492,0.9777777777777776,-0.0047960323732185,0.0003794837973633,0.0097768014536381,False,False,False,False,0.9,0.002,0.002
KZT_RUB,2025-07-24,0.147469,0.9777777777777776,-0.0046393438155706,0.0004248773243352,0.0096223613098344,False,False,False,False,0.9,0.002,0.002
KZT_RUB,2025-07-25,0.14641,1.0,0.002575142382211,0.0003260676922117,0.0024588484393142,True,True,True,True,0.9,0.002,0.002
KZT_RUB,2025-07-26,0.146795,0.9777777777777776,-0.0026296018031554,0.0003794837973629,0.0050751047378997,False,False,False,False,0.9,0.002,0.002
KZT_RUB,2025-07-29,0.14605,1.0,0.0024588484393142,0.0004248773243355,0.0,True,True,True,True,0.9,0.002,0.002
KZT_RUB,2025-07-30,0.151851,0.7,-0.0397192742211571,0.0004023644689459,0.0341584843036925,False,False,False,False,0.9,0.002,0.002
KZT_RUB,2025-07-31,0.150978,0.7666666666666666,-0.0337418692228687,0.0014475019567692,0.0285736994793944,False,False,False,False,0.9,0.002,0.002
KZT_RUB,2025-08-01,0.147003,0.9444444444444444,-0.0065251626155424,0.0036245428518751,0.0023060753862166,True,True,False,False,0.9,0.002,0.002
KZT_RUB,2025-08-02,0.148543,0.8888888888888888,-0.0170694967476891,0.0004160736028247,0.0126495358246435,False,False,False,False,0.9,0.002,0.002
KZT_RUB,2025-08-05,0.146664,0.9777777777777776,-0.004204039712427,0.003091495125908,0.0,True,True,False,False,0.9,0.002,0.002
KZT_RUB,2025-08-06,0.147741,0.9,-0.0073433153330062,0.0004160736028252,0.0037633426063178,True,True,False,False,0.9,0.002,0.002
KZT_RUB,2025-08-07,0.149185,0.8444444444444444,-0.0171889488899799,0.0003204857879251,0.0160471897308711,False,False,False,False,0.9,0.002,0.002
KZT_RUB,2025-08-08,0.147946,0.8888888888888888,-0.0087410680194185,0.0018169961611703,0.0078069025184864,False,False,False,False,0.9,0.002,0.002
KZT_RUB,2025-08-09,0.14791,0.8888888888888888,-0.008495609011073,0.0003204857879252,0.0075654113988236,False,False,False,False,0.9,0.002,0.002
KZT_RUB,2025-08-12,0.147672,0.9,-0.006872852233677,0.0006952902621038,0.0059659244812827,False,False,False,False,0.9,0.002,0.002
KZT_RUB,2025-08-13,0.147185,0.9222222222222224,0.0032978492876102,0.0007842072823956,0.0026769032170398,True,True,True,True,0.9,0.002,0.002
KZT_RUB,2025-08-14,0.146791,0.9555555555555556,0.0026769032170398,0.0007265335955985,0.0,True,True,True,True,0.9,0.002,0.002
KZT_RUB,2025-08-15,0.148274,0.8222222222222222,-0.0101027992179355,0.000416073602825,0.0,True,False,False,False,0.9,0.002,0.002
KZT_RUB,2025-08-16,0.148732,0.7777777777777778,-0.0132228815118092,0.0003204857879252,0.0002353225936584,False,False,False,False,0.9,0.002,0.002
KZT_RUB,2025-08-19,0.148697,0.7888888888888889,-0.0129844472753778,0.0003204857879257,0.0,False,False,False,False,0.9,0.002,0.002
KZT_RUB,2025-08-20,0.14879,0.7555555555555555,-0.0136180011036099,0.0003204857879253,0.0003629276161032,False,False,False,False,0.9,0.002,0.002
KZT_RUB,2025-08-21,0.148736,0.7555555555555555,-0.01325013113883,0.0003204857879256,0.0,False,False,False,False,0.9,0.002,0.002
KZT_RUB,2025-08-22,0.149081,0.7333333333333334,-0.0054426264887977,0.0003204857879252,0.0,False,False,False,False,0.9,0.002,0.002
KZT_RUB,2025-08-23,0.150162,0.6777777777777778,-0.0098522498772671,0.0003204857879255,0.005447450087239,False,False,False,False,0.9,0.002,0.002
KZT_RUB,2025-08-26,0.150155,0.6777777777777778,-0.0098051742805841,0.0003204857879251,0.0054210648996038,False,False,False,False,0.9,0.002,0.002
KZT_RUB,2025-08-27,0.150239,0.6555555555555556,-0.0101051527538726,0.0003204857879252,0.0059771430853507,False,False,False,False,0.9,0.002,0.002
KZT_RUB,2025-08-28,0.150677,0.5888888888888889,-0.013049967728055,0.0003204857879251,0.0088666485263179,False,False,False,False,0.9,0.002,0.002
KZT_RUB,2025-08-29,0.149344,0.7111111111111111,-0.0017641416411213,0.0007875703969728,2.0087850867815247e-05,False,False,False,False,0.9,0.002,0.002
KZT_RUB,2025-08-30,0.149382,0.7,-0.0002544461109919,0.0003204857879255,0.0002744641255304,False,False,False,False,0.9,0.002,0.002
KZT_RUB,2025-09-02,0.149341,0.7111111111111111,2.0087850867815247e-05,0.0003204857879255,0.0,False,False,False,False,0.9,0.002,0.002
KZT_RUB,2025-09-03,0.149654,0.6777777777777778,-0.0020958745421552,0.0003204857879255,0.0,False,False,False,False,0.9,0.002,0.002
KZT_RUB,2025-09-04,0.149845,0.6555555555555556,-0.0033748267388058,0.0003896645747052,0.0,False,False,False,False,0.9,0.002,0.002
KZT_RUB,2025-09-05,0.150501,0.5444444444444445,-0.0077674583670927,0.000389664574705,0.0,False,False,False,False,0.9,0.002,0.002
KZT_RUB,2025-09-06,0.151015,0.4666666666666667,-0.0112092459538908,0.0003896645747052,0.0,False,False,False,False,0.9,0.002,0.002
KZT_RUB,2025-09-09,0.153073,0.3555555555555555,-0.024989788470681,0.00042128958632,0.0,False,False,False,False,0.9,0.002,0.002
KZT_RUB,2025-09-10,0.155556,0.1999999999999999,-0.0394376361473798,0.0004212895863207,0.0160135256756408,False,False,False,False,0.9,0.002,0.002
KZT_RUB,2025-09-11,0.158211,0.0444444444444444,-0.0558310253929058,0.0004212895863201,0.032526183388007,False,False,False,False,0.9,0.002,0.002
KZT_RUB,2025-09-12,0.159169,0.0,-0.057594301698992,0.0004212895863201,0.0383491760330214,False,False,False,False,0.9,0.002,0.002
KZT_RUB,2025-09-13,0.156581,0.1333333333333333,-0.0368572658345196,0.001627747958691,0.0224548316845593,False,False,False,False,0.9,0.002,0.002
KZT_RUB,2025-09-16,0.153598,0.3111111111111111,-0.0034297361389665,0.002023562079544,0.0034700972668915,False,False,False,False,0.9,0.002,0.002
KZT_RUB,2025-09-17,0.153065,0.3555555555555555,0.0034700972668915,0.0004806029416548,0.0,False,False,False,False,0.9,0.002,0.002
KZT_RUB,2025-09-18,0.153832,0.2777777777777778,-0.0050109430634043,0.0003204857879251,0.0015471423370949,False,False,False,False,0.9,0.002,0.002
KZT_RUB,2025-09-19,0.153736,0.2777777777777778,-0.0043837585339561,0.0004193448713106,0.0009236613415205,False,False,False,False,0.9,0.002,0.002
KZT_RUB,2025-09-20,0.154414,0.2333333333333332,-0.0088132492731845,0.0003204857879253,0.0053103993161241,False,False,False,False,0.9,0.002,0.002
KZT_RUB,2025-09-23,0.155248,0.1666666666666666,-0.0142619148727664,0.0003204857879251,0.0192659486756672,False,False,False,False,0.9,0.002,0.002
KZT_RUB,2025-09-24,0.153594,0.3,-0.0034560480841472,0.0009118406700783,0.0199617172545803,False,False,False,False,0.9,0.002,0.002
KZT_RUB,2025-09-25,0.15411,0.2444444444444444,-0.003359506230712,0.0003204857879254,0.0368632794756991,False,False,False,False,0.9,0.002,0.002
KZT_RUB,2025-09-26,0.154029,0.2444444444444444,-0.0028321418805421,0.0003204857879257,0.0422842451746099,False,False,False,False,0.9,0.002,0.002
KZT_RUB,2025-09-27,0.154356,0.2111111111111111,-0.004961131294191,0.0003204857879251,0.0443131462333824,False,False,False,False,0.9,0.002,0.002
KZT_RUB,2025-09-30,0.152257,0.3555555555555555,0.0087047671132987,0.0019997753743203,0.0311381414319209,False,False,False,False,0.9,0.002,0.002
KZT_RUB,2025-10-01,0.150528,0.5333333333333333,0.0113557997333456,0.0009298007556381,0.0200095663265305,False,False,False,False,0.9,0.002,0.002
KZT_RUB,2025-10-02,0.148429,0.8111111111111111,0.0139442495748298,0.0020329544603084,0.00615108907289,False,False,False,False,0.9,0.002,0.002
KZT_RUB,2025-10-03,0.147516,0.8777777777777778,0.00615108907289,0.000509381601391,0.0,True,True,True,False,0.9,0.002,0.002
KZT_RUB,2025-10-04,0.149731,0.6444444444444444,-0.0150153203720274,0.0004160736028251,0.0,False,False,False,False,0.9,0.002,0.002
KZT_RUB,2025-10-07,0.151579,0.3555555555555555,-0.0275427750210145,0.0003204857879256,0.0109183989866669,False,False,False,False,0.9,0.002,0.002
KZT_RUB,2025-10-08,0.150155,0.5777777777777777,-0.0178895848585916,0.0014410839387732,0.0097832240018647,False,False,False,False,0.9,0.002,0.002
KZT_RUB,2025-10-09,0.15056,0.4777777777777777,-0.0206350497573144,0.0003204857879251,0.0278360786397449,False,False,False,False,0.9,0.002,0.002
KZT_RUB,2025-10-10,0.150743,0.4444444444444444,-0.0218755931559965,0.0003204857879256,0.0290162727290818,False,False,False,False,0.9,0.002,0.002
KZT_RUB,2025-10-11,0.149924,0.6111111111111112,-0.0012889782343001,0.0010935853618739,0.0237120140871375,False,False,False,False,0.9,0.002,0.002
KZT_RUB,2025-10-14,0.149992,0.6,-0.0004535631386568,0.0003204857879252,0.0241546215798175,False,False,False,False,0.9,0.002,0.002
KZT_RUB,2025-10-15,0.148686,0.7666666666666666,0.0082575171420185,0.0017018434548122,0.0155831752821382,False,False,False,False,0.9,0.002,0.002
KZT_RUB,2025-10-16,0.146369,0.9888888888888888,0.0155831752821382,0.0022515953986997,0.0,True,True,True,False,0.9,0.002,0.002
KZT_RUB,2025-10-17,0.146571,0.9666666666666668,-0.001380073649475,0.0003194206696926,0.0,True,True,False,False,0.9,0.002,0.002
KZT_RUB,2025-10-18,0.150572,0.4111111111111111,-0.0287150967759567,0.0003204857879253,0.0006508514199188,False,False,False,False,0.9,0.002,0.002
KZT_RUB,2025-10-21,0.151697,0.2444444444444444,-0.0364011505168444,0.0003204857879252,0.0324396659129713,False,False,False,False,0.9,0.002,0.002
KZT_RUB,2025-10-22,0.15117,0.3,-0.0328006613422241,0.0003204857879254,0.0290666137461137,False,False,False,False,0.9,0.002,0.002
KZT_RUB,2025-10-23,0.151617,0.2333333333333332,-0.0358545866952701,0.00042128958632,0.0319291372339514,False,False,False,False,0.9,0.002,0.002
KZT_RUB,2025-10-24,0.150909,0.3333333333333333,-0.0295965777677711,0.0005180186906678,0.0273873658960035,False,False,False,False,0.9,0.002,0.002
KZT_RUB,2025-10-25,0.150474,0.4444444444444444,0.0006508514199188,0.0003361323149221,0.0245756742028523,False,False,False,False,0.9,0.002,0.002
KZT_RUB,2025-10-28,0.146776,0.9444444444444444,0.0245756742028523,0.0034023009306439,0.0,True,True,True,False,0.9,0.002,0.002
KZT_RUB,2025-10-29,0.148324,0.7666666666666666,-0.0105466833814794,0.000416073602825,6.067797524344678e-05,False,False,False,False,0.9,0.002,0.002
KZT_RUB,2025-10-30,0.148315,0.7666666666666666,-0.0104853654548428,0.0010169274599366,0.0,False,False,False,False,0.9,0.002,0.002
KZT_RUB,2025-10-31,0.151851,0.1888888888888888,-0.0345764975200306,0.0003204857879258,0.0,False,False,False,False,0.9,0.002,0.002
KZT_RUB,2025-11-01,0.152764,0.1666666666666666,-0.0407968605221563,0.0003204857879251,0.0018590767458302,False,False,False,False,0.9,0.002,0.002
KZT_RUB,2025-11-02,0.15248,0.1777777777777778,-0.0388619392816265,0.0004212895863202,0.0,False,False,False,False,0.9,0.002,0.002
KZT_RUB,2025-11-06,0.155388,0.0444444444444444,-0.0476890402184539,0.0004212895863201,0.0088552526578628,False,False,False,False,0.9,0.002,0.002
KZT_RUB,2025-11-07,0.155021,0.0666666666666666,-0.0452145770825606,0.0004212895863204,0.0089858793324775,False,False,False,False,0.9,0.002,0.002
KZT_RUB,2025-11-08,0.15419,0.0999999999999999,-0.0154032571402228,0.0003903351073291,0.0036448537518646,False,False,False,False,0.9,0.002,0.002
KZT_RUB,2025-11-11,0.154012,0.1333333333333333,-0.0100472193074501,0.0003204857879256,0.0024933122094383,False,False,False,False,0.9,0.002,0.002
KZT_RUB,2025-11-12,0.155384,0.0555555555555555,-0.0190451206715634,0.0003204857879253,0.0113010348555836,False,False,False,False,0.9,0.002,0.002
KZT_RUB,2025-11-13,0.154746,0.0888888888888889,-0.0047658624003323,0.0006780309745957,0.0072247424812273,False,False,False,False,0.9,0.002,0.002
KZT_RUB,2025-11-14,0.153628,0.1888888888888888,0.0024933122094383,0.0009432223825928,0.0,False,False,False,False,0.9,0.002,0.002
KZT_RUB,2025-11-15,0.154729,0.0999999999999999,-0.00716666232718,0.0003204857879252,0.0143993692197326,False,False,False,False,0.9,0.002,0.002
KZT_RUB,2025-11-18,0.155365,0.0666666666666666,-0.0113065326633166,0.0003204857879251,0.0206159688475526,False,False,False,False,0.9,0.002,0.002
KZT_RUB,2025-11-19,0.154643,0.1222222222222222,-0.0066068685395892,0.0005362327402081,0.0180286207587799,False,False,False,False,0.9,0.002,0.002
KZT_RUB,2025-11-20,0.155361,0.0777777777777777,-0.0112804957429636,0.0003204857879256,0.0241502050064044,False,False,False,False,0.9,0.002,0.002
KZT_RUB,2025-11-21,0.15543,0.0444444444444444,-0.0117296326190539,0.0003204857879251,0.0293765682300715,False,False,False,False,0.9,0.002,0.002
KZT_RUB,2025-11-22,0.152501,0.3111111111111111,0.0138512574122333,0.0033697250667359,0.0107343558402895,False,False,False,False,0.9,0.002,0.002
KZT_RUB,2025-11-25,0.152162,0.3444444444444444,0.002222936243041,0.00033180677418,0.0085303820927695,False,False,False,False,0.9,0.002,0.002
KZT_RUB,2025-11-26,0.151855,0.3555555555555555,0.0020175865196304,0.0007348054928575,0.0065259622666358,False,False,False,False,0.9,0.002,0.002
KZT_RUB,2025-11-27,0.151609,0.4111111111111111,0.0016199664153303,0.0005268136381638,0.0049139562954705,False,False,False,False,0.9,0.002,0.002
KZT_RUB,2025-11-28,0.150864,0.4777777777777777,0.0049139562954705,0.0009606221044502,0.0,False,False,False,False,0.9,0.002,0.002
KZT_RUB,2025-11-29,0.151353,0.4333333333333333,-0.0032413299395481,0.0002454706429226,0.0032044293803227,False,False,False,False,0.9,0.002,0.002
KZT_RUB,2025-12-02,0.151606,0.4222222222222223,-0.0049183370452857,0.0003230424671714,0.0048678812184213,False,False,False,False,0.9,0.002,0.002
KZT_RUB,2025-12-03,0.150868,0.5,-2.6513946335799134e-05,0.0008617839548605,0.0,False,False,False,False,0.9,0.002,0.002
KZT_RUB,2025-12-04,0.153396,0.2777777777777778,-0.0167833280305441,0.0004250618121385,0.0149156431719211,False,False,False,False,0.9,0.002,0.002
KZT_RUB,2025-12-05,0.152753,0.3222222222222222,-0.0125212111570686,0.0010493759427506,0.0107690192663974,False,False,False,False,0.9,0.002,0.002
KZT_RUB,2025-12-06,0.152294,0.3555555555555555,-0.0094519712596442,0.0019968429248402,0.007787568781436,False,False,False,False,0.9,0.002,0.002
KZT_RUB,2025-12-09,0.153171,0.2888888888888888,-0.0152649998674337,0.0004160736028249,0.0134686069817394,False,False,False,False,0.9,0.002,0.002
KZT_RUB,2025-12-10,0.151108,0.5,-0.0015907946019035,0.0015256554075308,0.0,False,False,False,False,0.9,0.002,0.002
KZT_RUB,2025-12-11,0.151338,0.4888888888888889,-0.0015220901606798,0.0001984751424592,0.0,False,False,False,False,0.9,0.002,0.002
KZT_RUB,2025-12-12,0.15305,0.3222222222222222,-0.0128517351827831,0.0003204857879254,0.0062659261679189,False,False,False,False,0.9,0.002,0.002
KZT_RUB,2025-12-13,0.15332,0.2888888888888888,-0.0146385366757552,0.0003204857879253,0.0080159144273415,False,False,False,False,0.9,0.002,0.002
KZT_RUB,2025-12-16,0.152091,0.4222222222222223,-0.0065052809910793,0.0004559044112946,0.0,False,False,False,False,0.9,0.002,0.002
KZT_RUB,2025-12-17,0.152865,0.3444444444444444,-0.0116274452709321,0.0004160736028254,0.0018251398292611,False,False,False,False,0.9,0.002,0.002
KZT_RUB,2025-12-18,0.154694,0.1444444444444445,-0.0221755276269013,0.0004212895863201,0.0136269021422938,False,False,False,False,0.9,0.002,0.002
KZT_RUB,2025-12-19,0.155607,0.0333333333333333,-0.0231177387222123,0.0003204857879253,0.0205067895403163,False,False,False,False,0.9,0.002,0.002
KZT_RUB,2025-12-20,0.157184,0.0222222222222222,-0.0334865310899394,0.0004212895863204,0.036142355456026,False,False,False,False,0.9,0.002,0.002
KZT_RUB,2025-12-23,0.153218,0.3333333333333333,-0.0074100374118125,0.0037329352291668,0.0111932018431254,False,False,False,False,0.9,0.002,0.002
KZT_RUB,2025-12-24,0.152586,0.4222222222222223,0.0018251398292611,0.0004998876126951,0.0070976367425582,False,False,False,False,0.9,0.002,0.002
KZT_RUB,2025-12-25,0.153743,0.2666666666666667,-0.0075826091515603,0.0003204857879252,0.0145697690301346,False,False,False,False,0.9,0.002,0.002
KZT_RUB,2025-12-26,0.152416,0.4666666666666667,0.0011141258044643,0.0021662627208186,0.0059901847575057,False,False,False,False,0.9,0.002,0.002
KZT_RUB,2025-12-27,0.151503,0.6,0.0059901847575057,0.0012422684614171,0.0,False,False,False,False,0.9,0.002,0.002
KZT_RUB,2025-12-30,0.153481,0.3222222222222222,-0.0130558470789357,0.0014163237107669,0.0,False,False,False,False,0.9,0.002,0.002
KZT_RUB,2025-12-31,0.154978,0.1444444444444445,-0.0229368395345307,0.0003204857879253,0.0170862961194492,False,False,False,False,0.9,0.002,0.002
KZT_RUB,2026-01-13,0.154511,0.1999999999999999,-0.0198543923222643,0.0003204857879251,0.0173838755816739,False,False,False,False,0.9,0.002,0.002
KZT_RUB,2026-01-14,0.154662,0.1888888888888888,-0.0208510722559949,0.0003204857879252,0.0183432258731944,False,False,False,False,0.9,0.002,0.002
KZT_RUB,2026-01-15,0.154137,0.2555555555555555,-0.0173857943407061,0.0003204857879256,0.0149996431745785,False,False,False,False,0.9,0.002,0.002
KZT_RUB,2026-01-16,0.153847,0.3,-0.0023846599904874,0.0003204857879251,0.0245763648299934,False,False,False,False,0.9,0.002,0.002
KZT_RUB,2026-01-17,0.15233,0.5444444444444445,0.0098604457675483,0.0012979526428189,0.0148624696382852,False,False,False,False,0.9,0.002,0.002
KZT_RUB,2026-01-20,0.151825,0.6222222222222222,0.0033151710103066,0.0003922009612948,0.0115857072287171,False,False,False,False,0.9,0.002,0.002
KZT_RUB,2026-01-21,0.152708,0.5,-0.0058159064712664,0.0003101474861017,0.0173009927443225,False,False,False,False,0.9,0.002,0.002
KZT_RUB,2026-01-22,0.152876,0.4666666666666667,-0.0069224436028323,0.0003230424671715,0.0183809100185771,False,False,False,False,0.9,0.002,0.002
KZT_RUB,2026-01-23,0.150066,0.8777777777777778,0.0115857072287171,0.0033965925827283,0.0,True,True,True,False,0.9,0.002,0.002
KZT_RUB,2026-01-24,0.150135,0.8666666666666667,-0.0004597976890167,0.0003101474861018,0.0,True,True,False,False,0.9,0.002,0.002
KZT_RUB,2026-01-27,0.151008,0.7555555555555555,-0.0062772380152732,0.0003230424671712,0.0032912163593981,False,False,False,False,0.9,0.002,0.002
KZT_RUB,2026-01-28,0.152558,0.5111111111111111,-0.0166060266815933,0.0003204857879252,0.0134178476382752,False,False,False,False,0.9,0.002,0.002
KZT_RUB,2026-01-29,0.151843,0.6222222222222222,-0.0118414564258393,0.0010485964561237,0.0087722186732348,False,False,False,False,0.9,0.002,0.002
KZT_RUB,2026-01-30,0.150873,0.7666666666666666,-0.0053776338411099,0.0006632419410213,0.00239936900572,False,False,False,False,0.9,0.002,0.002
KZT_RUB,2026-01-31,0.150511,0.8333333333333334,-0.002504412695241,0.0003230424671712,0.0,True,False,False,False,0.9,0.002,0.002
KZT_RUB,2026-02-03,0.153731,0.3,-0.0213937851718479,0.000416073602825,0.0087360389251355,False,False,False,False,0.9,0.002,0.002
KZT_RUB,2026-02-04,0.152388,0.5111111111111111,-0.0124708493066951,0.0017217602496364,0.0,False,False,False,False,0.9,0.002,0.002
KZT_RUB,2026-02-05,0.152769,0.4111111111111111,-0.0150022257509416,0.0003204857879255,0.0,False,False,False,False,0.9,0.002,0.002
KZT_RUB,2026-02-06,0.153519,0.3111111111111111,-0.0199852502474901,0.000913609768648,0.0,False,False,False,False,0.9,0.002,0.002
KZT_RUB,2026-02-07,0.155633,0.011111111111111,-0.0340307352950946,0.0004212895863202,0.0,False,False,False,False,0.9,0.002,0.002
KZT_RUB,2026-02-10,0.156986,0.011111111111111,-0.030172979499698,0.0003204857879256,0.0159886868892766,False,False,False,False,0.9,0.002,0.002
KZT_RUB,2026-02-11,0.156057,0.0222222222222222,-0.0240766989526734,0.0004212895863203,0.0101309137046079,False,False,False,False,0.9,0.002,0.002
KZT_RUB,2026-02-12,0.157487,0.0,-0.0308832289273347,0.0004212895863206,0.0191190383968199,False,False,False,False,0.9,0.002,0.002
KZT_RUB,2026-02-13,0.15734,0.011111111111111,-0.0248894273672966,0.0004212895863201,0.018202618533113,False,False,False,False,0.9,0.002,0.002
KZT_RUB,2026-02-14,0.156175,0.0444444444444444,-0.0034825519009465,0.0005079142206666,0.0108788218344805,False,False,False,False,0.9,0.002,0.002
KZT_RUB,2026-02-17,0.154476,0.2333333333333332,0.0101309137046079,0.0011587579966803,0.0024922965379735,False,False,False,False,0.9,0.002,0.002
KZT_RUB,2026-02-18,0.155983,0.0666666666666666,-0.0097555607343536,0.0006996653530424,0.0133219645730626,False,False,False,False,0.9,0.002,0.002
KZT_RUB,2026-02-19,0.155416,0.1111111111111111,-0.0060850876511561,0.001266075249289,0.010037576568693,False,False,False,False,0.9,0.002,0.002
KZT_RUB,2026-02-20,0.156633,0.0444444444444444,-0.0139633341101529,0.0003204857879253,0.0177293418372884,False,False,False,False,0.9,0.002,0.002
KZT_RUB,2026-02-21,0.156902,0.0444444444444444,-0.0157047049379839,0.0003204857879257,0.0194133917987025,False,False,False,False,0.9,0.002,0.002
KZT_RUB,2026-02-25,0.154091,0.3111111111111111,0.0024922965379735,0.0017380578343946,0.0015250728465647,False,False,False,False,0.9,0.002,0.002
KZT_RUB,2026-02-26,0.153905,0.3333333333333333,0.0012070789338768,0.0003204857879254,0.0003183782203306,False,False,False,False,0.9,0.002,0.002
KZT_RUB,2026-02-27,0.153856,0.3444444444444444,0.0003183782203306,0.0004608300549149,0.0,False,False,False,False,0.9,0.002,0.002
KZT_RUB,2026-02-28,0.154008,0.3333333333333333,-0.0009879367720466,0.0003204857879252,0.0,False,False,False,False,0.9,0.002,0.002
KZT_RUB,2026-03-03,0.155104,0.1888888888888888,-0.0081114808652246,0.0003204857879254,0.0044357334433669,False,False,False,False,0.9,0.002,0.002
KZT_RUB,2026-03-04,0.154416,0.3,-0.0036397670549085,0.0005859621579428,0.0,False,False,False,False,0.9,0.002,0.002
KZT_RUB,2026-03-05,0.156198,0.0666666666666666,-0.0152220257903494,0.0003204857879255,0.0,False,False,False,False,0.9,0.002,0.002
KZT_RUB,2026-03-06,0.156433,0.0666666666666666,-0.0167494280366056,0.0003204857879251,0.0,False,False,False,False,0.9,0.002,0.002
KZT_RUB,2026-03-07,0.160431,0.0,-0.0417056256817826,0.0004212895863205,0.0061771104088361,False,False,False,False,0.9,0.002,0.002
KZT_RUB,2026-03-11,0.15944,0.011111111111111,-0.0325354885504092,0.0009907433566502,0.0,False,False,False,False,0.9,0.002,0.002
KZT_RUB,2026-03-12,0.160841,0.0,-0.041608382551031,0.0004212895863201,0.0,False,False,False,False,0.9,0.002,0.002
KZT_RUB,2026-03-13,0.161563,0.0,-0.0343474308249786,0.0004212895863206,0.0,False,False,False,False,0.9,0.002,0.002
KZT_RUB,2026-03-14,0.163166,0.0,-0.0430407906260189,0.0004212895863201,0.0,False,False,False,False,0.9,0.002,0.002
KZT_RUB,2026-03-17,0.164977,0.0,-0.0347277972905169,0.0004212895863206,0.0,False,False,False,False,0.9,0.002,0.002
KZT_RUB,2026-03-18,0.16847,0.0,-0.0566357250376317,0.0004212895863204,0.0036623731228112,False,False,False,False,0.9,0.002,0.002
KZT_RUB,2026-03-19,0.173533,0.0,-0.0789102281134784,0.0004212895863201,0.0356128229212886,False,False,False,False,0.9,0.002,0.002
KZT_RUB,2026-03-20,0.175833,0.0,-0.0883246782988677,0.0010343009463928,0.0482275795783498,False,False,False,False,0.9,0.002,0.002
KZT_RUB,2026-03-21,0.174155,0.011111111111111,-0.0673485897797335,0.0011257518415278,0.0390571617237518,False,False,False,False,0.9,0.002,0.002
KZT_RUB,2026-03-24,0.169752,0.0333333333333333,-0.0289434284779088,0.0037151965445165,0.0141323813563315,False,False,False,False,0.9,0.002,0.002
KZT_RUB,2026-03-25,0.167853,0.0555555555555555,0.0036623731228112,0.0026874877213115,0.0029787969234985,False,False,False,False,0.9,0.002,0.002
KZT_RUB,2026-03-26,0.167353,0.0666666666666666,0.0029787969234985,0.0011681905009034,0.0,False,False,False,False,0.9,0.002,0.002
KZT_RUB,2026-03-27,0.170281,0.0333333333333333,-0.0174959516710186,0.0003204857879252,0.0110640646930661,False,False,False,False,0.9,0.002,0.002
KZT_RUB,2026-03-28,0.168409,0.0666666666666666,-0.0063100153567608,0.0028536745635216,7.125509919310727e-05,False,False,False,False,0.9,0.002,0.002
KZT_RUB,2026-03-31,0.168478,0.0555555555555555,-0.0067223174965491,0.0003204857879254,0.0067427201177601,False,False,False,False,0.9,0.002,0.002
KZT_RUB,2026-04-01,0.16873,0.0555555555555555,-0.0082281166157761,0.0003204857879255,0.0082261601374977,False,False,False,False,0.9,0.002,0.002
KZT_RUB,2026-04-02,0.168397,0.0999999999999999,-0.0062383106367976,0.0004316727398284,0.0062649572142021,False,False,False,False,0.9,0.002,0.002
KZT_RUB,2026-04-03,0.16909,0.0555555555555555,-0.0041152752127413,0.0011133067117451,0.0315216748477142,False,False,False,False,0.9,0.002,0.002
KZT_RUB,2026-04-04,0.168807,0.0666666666666666,-0.0024347227088369,0.0006561566150972,0.0496898825285681,False,False,False,False,0.9,0.002,0.002
KZT_RUB,2026-04-07,0.167342,0.1555555555555555,0.0062649572142021,0.001759428992036,0.0413703672718145,False,False,False,False,0.9,0.002,0.002
KZT_RUB,2026-04-08,0.168871,0.0666666666666666,-0.0091369769693203,0.0003204857879256,0.0541596840191624,False,False,False,False,0.9,0.002,0.002
KZT_RUB,2026-04-09,0.17009,0.0444444444444444,-0.0164214602430949,0.0005041878730835,0.0726438944088422,False,False,False,False,0.9,0.002,0.002
KZT_RUB,2026-04-10,0.16376,0.1999999999999999,0.0214052658627242,0.0030104760401148,0.0367977528089886,False,False,False,False,0.9,0.002,0.002
KZT_RUB,2026-04-11,0.160419,0.2555555555555555,0.0204018075232045,0.0016581845133357,0.0167374188842967,False,False,False,False,0.9,0.002,0.002
KZT_RUB,2026-04-14,0.161158,0.2333333333333332,-0.0046066862404078,0.002265179389653,0.0212462304074261,False,False,False,False,0.9,0.002,0.002
KZT_RUB,2026-04-15,0.159725,0.2777777777777778,0.0043261708401124,0.002155014820973,0.0124651745187039,False,False,False,False,0.9,0.002,0.002
KZT_RUB,2026-04-16,0.157734,0.3,0.0124651745187039,0.0019498672986605,0.0,False,False,False,False,0.9,0.002,0.002
KZT_RUB,2026-04-17,0.160492,0.2555555555555555,-0.0174851331989297,0.000416073602825,0.0100814993893777,False,False,False,False,0.9,0.002,0.002
KZT_RUB,2026-04-18,0.161315,0.2333333333333332,-0.0227027780947669,0.0003204857879253,0.0151318848216222,False,False,False,False,0.9,0.002,0.002
KZT_RUB,2026-04-21,0.160242,0.3,-0.0159001863897446,0.0014717912669923,0.0085370876549219,False,False,False,False,0.9,0.002,0.002
KZT_RUB,2026-04-22,0.158874,0.3333333333333333,-0.0072273574498838,0.0014216453724769,0.0,False,False,False,False,0.9,0.002,0.002
KZT_RUB,2026-04-23,0.161383,0.2333333333333332,-0.0231338836268653,0.0010650755743077,0.0028317728633126,False,False,False,False,0.9,0.002,0.002
KZT_RUB,2026-04-24,0.162201,0.2222222222222222,-0.0209411231541978,0.0004675525679422,0.0078606173821369,False,False,False,False,0.9,0.002,0.002
KZT_RUB,2026-04-25,0.163172,0.2111111111111111,-0.0270528846759068,0.0003204857879257,0.0137646164783173,False,False,False,False,0.9,0.002,0.002
KZT_RUB,2026-04-28,0.160926,0.2888888888888888,-0.0129158956153934,0.0017710804236843,0.0,False,False,False,False,0.9,0.002,0.002
KZT_RUB,2026-04-29,0.162098,0.2444444444444444,-0.0202928106549844,0.0003204857879257,0.0020234672852224,False,False,False,False,0.9,0.002,0.002
KZT_RUB,2026-04-30,0.163777,0.1999999999999999,-0.0177162173918446,0.0003204857879251,0.0167972303803342,False,False,False,False,0.9,0.002,0.002
KZT_RUB,2026-05-01,0.162066,0.2666666666666667,-0.0070840013422316,0.0013086901466408,0.0107425369911023,False,False,False,False,0.9,0.002,0.002
KZT_RUB,2026-05-05,0.162966,0.2444444444444444,-0.0126766339808358,0.0003204857879251,0.0183842028398561,False,False,False,False,0.9,0.002,0.002
KZT_RUB,2026-05-06,0.162196,0.2666666666666667,-0.0078918260566968,0.0005435637308182,0.0252842240252533,False,False,False,False,0.9,0.002,0.002
KZT_RUB,2026-05-07,0.16177,0.3,0.0018264163982574,0.0003204857879254,0.033182914013723,False,False,False,False,0.9,0.002,0.002
KZT_RUB,2026-05-08,0.161026,0.3555555555555555,0.0045991222105458,0.0007861394187503,0.0419932184864555,False,False,False,False,0.9,0.002,0.002
KZT_RUB,2026-05-09,0.160325,0.4222222222222223,0.0043533342441593,0.0006002881475844,0.0401995945735225,False,False,False,False,0.9,0.002,0.002
KZT_RUB,2026-05-13,0.15997,0.4444444444444444,0.0022142523000155,0.0004476983175558,0.0468775395386635,False,False,False,False,0.9,0.002,0.002
KZT_RUB,2026-05-14,0.158095,0.4888888888888889,0.0117209476776894,0.0017696144690453,0.0490401340965875,False,False,False,False,0.9,0.002,0.002
KZT_RUB,2026-05-15,0.156402,0.5777777777777777,0.0107087510673961,0.000867810769258,0.0406005038298744,False,False,False,False,0.9,0.002,0.002
KZT_RUB,2026-05-16,0.154264,0.7222222222222222,0.0136699019194128,0.0015770458500817,0.0273038427630556,False,False,False,False,0.9,0.002,0.002
KZT_RUB,2026-05-19,0.15388,0.7777777777777778,0.0024892392262616,0.0010198595632005,0.0248765271640239,False,False,False,False,0.9,0.002,0.002
KZT_RUB,2026-05-20,0.152471,0.8888888888888888,0.0091564855731738,0.0008522714751506,0.0158653120921355,False,False,False,False,0.9,0.002,0.002
KZT_RUB,2026-05-21,0.150342,0.9777777777777776,0.0139633110558728,0.0012997452398066,0.0123185803035744,False,False,False,True,0.9,0.002,0.002
KZT_RUB,2026-05-22,0.150052,1.0,0.0019289353607109,0.0003230424671713,0.0104097246287952,False,False,False,False,0.9,0.002,0.002
KZT_RUB,2026-05-23,0.151043,0.9222222222222224,-0.006604377149255,0.0004731143093053,0.0315870315075839,False,False,False,False,0.9,0.002,0.002
KZT_RUB,2026-05-26,0.151967,0.8888888888888888,-0.0127622424226268,0.0003204857879255,0.0374752413352897,False,False,False,False,0.9,0.002,0.002
KZT_RUB,2026-05-27,0.151685,0.9111111111111112,-0.0108828939301042,0.0005364637110043,0.0356857962224344,False,False,False,False,0.9,0.002,0.002
KZT_RUB,2026-05-28,0.14849,1.0,0.0104097246287952,0.0022022047253633,0.0149370327968213,False,False,False,False,0.9,0.002,0.002
KZT_RUB,2026-05-29,0.149475,0.9888888888888888,-0.006633443329517,0.0002454706429228,0.0214283324970729,False,False,False,False,0.9,0.002,0.002
KZT_RUB,2026-05-30,0.146272,1.0,0.0149370327968213,0.0026116593333189,0.0,True,True,True,False,0.9,0.002,0.002
KZT_RUB,2026-06-02,0.147244,0.9888888888888888,-0.0066451542332093,0.0001984751424589,0.0,True,True,False,False,0.9,0.002,0.002
KZT_RUB,2026-06-03,0.148396,0.9777777777777776,-0.0145208925836796,0.0003204857879255,0.0028841747756004,True,True,False,False,0.9,0.002,0.002
KZT_RUB,2026-06-04,0.148725,0.9555555555555556,-0.0167701268868955,0.0003204857879253,0.0153235837955959,False,False,False,False,0.9,0.002,0.002
KZT_RUB,2026-06-05,0.151837,0.8444444444444444,-0.0380455589586522,0.0003204857879252,0.0355051798968631,False,False,False,False,0.9,0.002,0.002
KZT_RUB,2026-06-06,0.151376,0.8666666666666667,-0.0348938963027783,0.0004212895863202,0.0325679103688828,False,False,False,False,0.9,0.002,0.002
KZT_RUB,2026-06-09,0.150304,0.9222222222222224,-0.0207818315177527,0.000868607045845,0.0256679795614221,False,False,False,False,0.9,0.002,0.002
KZT_RUB,2026-06-10,0.147968,0.9777777777777776,0.0028841747756004,0.0018012858264022,0.0102860077854671,False,False,False,True,0.9,0.002,0.002
KZT_RUB,2026-06-11,0.146446,0.9888888888888888,0.0102860077854671,0.0011534922009258,0.0,True,True,True,True,0.9,0.002,0.002
KZT_RUB,2026-06-12,0.147174,0.9777777777777776,-0.0049711156330661,0.0003101474861022,0.0024596735836492,True,True,False,False,0.9,0.002,0.002
KZT_RUB,2026-06-16,0.148062,0.9444444444444444,-0.0110347841525204,0.0003204857879252,0.0084424092609852,False,False,False,False,0.9,0.002,0.002
KZT_RUB,2026-06-17,0.146812,0.9777777777777776,-0.0024992147276129,0.0017741530519834,0.0,True,True,False,False,0.9,0.002,0.002
KZT_RUB,2026-06-18,0.149328,0.8888888888888888,-0.0196796088660666,0.0004160736028252,0.0,True,True,False,False,0.9,0.002,0.002
KZT_RUB,2026-06-19,0.149899,0.8666666666666667,-0.0235786569793644,0.0004212895863202,0.0,True,True,False,False,0.9,0.002,0.002
KZT_RUB,2026-06-20,0.150573,0.8222222222222222,-0.0256177969103344,0.0004212895863203,0.0,True,False,False,False,0.9,0.002,0.002
KZT_RUB,2026-06-23,0.151043,0.8,-0.0288191700950876,0.0003204857879254,0.0,True,False,False,False,0.9,0.002,0.002
KZT_RUB,2026-06-24,0.153221,0.7333333333333334,-0.0436544696618804,0.0004212895863203,0.0,False,False,False,False,0.9,0.002,0.002
KZT_RUB,2026-06-25,0.153795,0.7222222222222222,-0.0299140147862423,0.00042128958632,0.0,False,False,False,False,0.9,0.002,0.002
KZT_RUB,2026-06-26,0.155301,0.6111111111111112,-0.0360375986497574,0.0004212895863201,0.0,False,False,False,False,0.9,0.002,0.002
KZT_RUB,2026-06-27,0.158758,0.4888888888888889,-0.0543590152284938,0.00042128958632,0.0,False,False,False,False,0.9,0.002,0.002
KZT_RUB,2026-06-30,0.159833,0.4555555555555556,-0.0581953483445111,0.0004212895863207,0.0,False,False,False,False,0.9,0.002,0.002
KZT_RUB,2026-07-01,0.161108,0.3555555555555555,-0.0514746673106167,0.0004212895863203,0.0,False,False,False,False,0.9,0.002,0.002
KZT_RUB,2026-07-02,0.162808,0.2555555555555555,-0.058603985825287,0.0004212895863201,0.0094282836224264,False,False,False,False,0.9,0.002,0.002
KZT_RUB,2026-07-03,0.162603,0.2666666666666667,-0.0470183707767496,0.0004212895863207,0.008179430883809,False,False,False,False,0.9,0.002,0.002
KZT_RUB,2026-07-04,0.162764,0.2666666666666667,-0.0252333740661886,0.0008794244918587,0.0091605023223808,False,False,False,False,0.9,0.002,0.002
KZT_RUB,2026-07-07,0.165179,0.1888888888888888,-0.0334474107349545,0.0004212895863202,0.0236470737805652,False,False,False,False,0.9,0.002,0.002
KZT_RUB,2026-07-08,0.161273,0.3888888888888888,-0.0010241577078729,0.0045478108964928,0.0,False,False,False,False,0.9,0.002,0.002
KZT_RUB,2026-07-09,0.1622,0.3111111111111111,-0.005748017337062,0.0003204857879254,0.0,False,False,False,False,0.9,0.002,0.002
KZT_RUB,2026-07-10,0.162251,0.3,-0.0060642513005897,0.0011104633453957,0.0,False,False,False,False,0.9,0.002,0.002
KZT_RUB,2026-07-11,0.16402,0.2111111111111111,-0.0170332293688342,0.0003204857879252,0.0097671015729788,False,False,False,False,0.9,0.002,0.002
KZT_RUB,2026-07-14,0.16488,0.2111111111111111,-0.0223658020871441,0.0003204857879251,0.014932071809801,False,False,False,False,0.9,0.002,0.002
KZT_RUB,2026-07-15,0.162418,0.3222222222222222,-0.0070997625144941,0.0013841831215383,0.0,False,False,False,False,0.9,0.002,0.002
KZT_RUB,2026-07-16,0.166262,0.1888888888888888,-0.0250431565967939,0.0004212895863204,0.0017021327783859,False,False,False,False,0.9,0.002,0.002
KZT_RUB,2026-07-17,0.166737,0.1888888888888888,-0.0276485198858558,0.0004212895863204,0.0045460815535844,False,False,False,False,0.9,0.002,0.002
KZT_RUB,2026-07-18,0.165979,0.2111111111111111,-0.0219249098006377,0.0003204857879254,0.0,False,False,False,False,0.9,0.002,0.002
KZT_RUB,2026-07-21,0.16669,0.1999999999999999,-0.0263025034171089,0.0003204857879254,0.0168696382506449,False,False,False,False,0.9,0.002,0.002
KZT_RUB,2026-07-22,0.167037,0.1888888888888888,-0.0284389661244442,0.0004212895863203,0.0189119775858043,False,False,False,False,0.9,0.002,0.002
KZT_RUB,2026-07-23,0.167115,0.1888888888888888,-0.0068442393314818,0.0003204857879257,0.0193698949824971,False,False,False,False,0.9,0.002,0.002
KZT_RUB,2026-07-24,0.167657,0.1666666666666666,-0.010109712674495,0.0003204857879254,0.0225400669223474,False,False,False,False,0.9,0.002,0.002
KZT_RUB,2026-07-25,0.167542,0.1777777777777778,-0.0094168539393538,0.0003204857879254,0.0218691432596005,False,False,False,False,0.9,0.002,0.002
KZT_RUB,2026-07-28,0.163878,0.3,0.0168696382506449,0.0019806022038619,0.0,False,False,False,False,0.9,0.002,0.002
KZT_RUB,2026-07-29,0.16624,0.2444444444444444,-0.0144131610100196,0.0003204857879253,0.0,False,False,False,False,0.9,0.002,0.002
KZT_RUB,2026-07-30,0.166454,0.2222222222222222,-0.0157190104834083,0.0003204857879257,0.0,False,False,False,False,0.9,0.002,0.002
KZT_RUB,2026-07-31,0.167356,0.1444444444444445,-0.0212231049927385,0.0003204857879251,0.0,False,False,False,False,0.9,0.002,0.002
KZT_RUB,2026-08-01,0.167422,0.1333333333333333,-0.0216258436153723,0.0003204857879256,0.0,False,False,False,False,0.9,0.002,0.002
KZT_RUB,2026-08-04,0.169068,0.0333333333333333,-0.0316699007798484,0.0004212895863202,0.0,False,False,False,False,0.9,0.002,0.002
KZT_RUB,2026-08-05,0.170662,0.0,-0.0266000962463908,0.0004212895863203,0.0,False,False,False,False,0.9,0.002,0.002
KZT_RUB,2026-08-06,0.171468,0.0,-0.0301224362286278,0.0004212895863205,0.0,False,False,False,False,0.9,0.002,0.002
KZT_RUB,2026-08-07,0.173263,0.0,-0.035296015679151,0.0004212895863202,0.0,False,False,False,False,0.9,0.002,0.002
KZT_RUB,2026-08-08,0.175765,0.0,-0.0498321606479436,0.0004212895863203,0.0,False,False,False,False,0.9,0.002,0.002
KZT_RUB,2026-08-11,0.175784,0.0,-0.0397236614853195,0.0004212895863206,0.0,False,False,False,False,0.9,0.002,0.002
KZT_RUB,2026-08-12,0.176738,0.0,-0.0356025360068439,0.0004212895863205,0.0,False,False,False,False,0.9,0.002,0.002
KZT_RUB,2026-08-13,0.178206,0.0,-0.0392959619287563,0.0004212895863203,0.0,False,False,False,False,0.9,0.002,0.002
KZT_RUB,2026-08-14,0.180154,0.0,-0.0397719074470602,0.00042128958632,0.0,False,False,False,False,0.9,0.002,0.002
KZT_RUB,2026-08-15,0.181743,0.0,-0.0340113219355388,0.0004212895863202,0.0077417011934434,False,False,False,False,0.9,0.002,0.002
KZT_RUB,2026-08-18,0.183211,0.0,-0.0422507167887863,0.0004212895863202,0.0156922892184422,False,False,False,False,0.9,0.002,0.002
KZT_RUB,2026-08-19,0.184582,0.0,-0.0443820796885785,0.0004212895863204,0.0230033264348636,False,False,False,False,0.9,0.002,0.002
KZT_RUB,2026-08-20,0.185011,0.0,-0.0381861441253381,0.0004212895863202,0.0252687678029955,False,False,False,False,0.9,0.002,0.002
TJS_RUB,2025-07-12,8.04004,0.1444444444444445,0.0024120662871551,0.0,0.0,False,False,False,False,0.85,,0.002
TJS_RUB,2025-07-15,8.09028,0.0777777777777777,-0.0062487251307208,0.0,0.0,False,False,False,False,0.85,,0.002
TJS_RUB,2025-07-16,8.12439,0.0555555555555555,-0.0104912413371078,0.0,0.0,False,False,False,False,0.85,,0.002
TJS_RUB,2025-07-17,8.1244,0.0444444444444444,-0.0104924851120143,0.0,0.0,False,False,False,False,0.85,,0.002
TJS_RUB,2025-07-18,8.15759,0.0222222222222222,-0.014620574026995,0.0,0.0009120340688856,False,False,False,False,0.85,,0.002
TJS_RUB,2025-07-19,8.15674,0.0222222222222222,-0.0145148531599345,0.0,0.0008079208115005,False,False,False,False,0.85,,0.002
TJS_RUB,2025-07-22,8.17511,0.0,-0.0104854220125879,0.0,0.0030531699267655,False,False,False,False,0.85,,0.002
TJS_RUB,2025-07-23,8.15015,0.0333333333333333,-0.0031706995848303,0.0,0.0,False,False,False,False,0.85,,0.002
TJS_RUB,2025-07-24,8.1857,0.0,-0.0075451725665896,0.0,0.0,False,False,False,False,0.85,,0.002
TJS_RUB,2025-07-25,8.22897,0.0,-0.009670987650534,0.0,0.0,False,False,False,False,0.85,,0.002
TJS_RUB,2025-07-26,8.34026,0.0,-0.0233259510561156,0.0,0.0001306913693339,False,False,False,False,0.85,,0.002
TJS_RUB,2025-07-29,8.33917,0.011111111111111,-0.0231922111862971,0.0,0.0,False,False,False,False,0.85,,0.002
TJS_RUB,2025-07-30,8.61598,0.0,-0.0571560032637436,0.0,0.0254016374225568,False,False,False,False,0.85,,0.002
TJS_RUB,2025-07-31,8.58959,0.011111111111111,-0.0493409238061495,0.0,0.0224073558807812,False,False,False,False,0.85,,0.002
TJS_RUB,2025-08-01,8.43021,0.0222222222222222,-0.0244550654577669,0.0012274795554813,0.0039251691239009,False,False,False,False,0.85,,0.002
TJS_RUB,2025-08-02,8.45425,0.0222222222222222,-0.0137999345258581,0.0,0.0067575479788273,False,False,False,False,0.85,,0.002
TJS_RUB,2025-08-05,8.39712,0.0444444444444444,-0.0069491328273677,0.0001481569607148,0.0,False,False,False,False,0.85,,0.002
TJS_RUB,2025-08-06,8.46828,0.0222222222222222,-0.0084743340573912,0.0,0.0013780838611855,False,False,False,False,0.85,,0.002
TJS_RUB,2025-08-07,8.54254,0.0222222222222222,-0.017317842307839,0.0,0.0100590690824978,False,False,False,False,0.85,,0.002
TJS_RUB,2025-08-08,8.45661,0.0444444444444444,-0.0070845718532068,0.0004446110801674,0.0,False,False,False,False,0.85,,0.002
TJS_RUB,2025-08-09,8.50629,0.0333333333333333,-0.0130008860180634,0.0,0.000721818795268,False,False,False,False,0.85,,0.002
TJS_RUB,2025-08-12,8.50015,0.0444444444444444,-0.0122696829389124,0.0,0.0,False,False,False,False,0.85,,0.002
TJS_RUB,2025-08-13,8.53136,0.0333333333333333,-0.0088392393642369,0.0,0.0024744003300763,False,False,False,False,0.85,,0.002
TJS_RUB,2025-08-14,8.51025,0.0444444444444444,-0.0063429672173601,0.0,0.0,False,False,False,False,0.85,,0.002
TJS_RUB,2025-08-15,8.52795,0.0444444444444444,-0.0084360044982565,0.0,0.0,False,False,False,False,0.85,,0.002
TJS_RUB,2025-08-16,8.56111,0.0222222222222222,-0.007171638147562,0.0,0.0035556136996252,False,False,False,False,0.85,,0.002
TJS_RUB,2025-08-19,8.59661,0.011111111111111,-0.0113480350346759,0.0,0.017720938835192,False,False,False,False,0.85,,0.002
TJS_RUB,2025-08-20,8.58817,0.0333333333333333,-0.0091560177433096,0.0,0.0236290152616914,False,False,False,False,0.85,,0.002
TJS_RUB,2025-08-21,8.55077,0.0555555555555555,-0.0047613172350989,0.0,0.0205221284165052,False,False,False,False,0.85,,0.002
TJS_RUB,2025-08-22,8.53067,0.0888888888888889,-0.0003189512133631,0.0,0.0192118555752362,False,False,False,False,0.85,,0.002
TJS_RUB,2025-08-23,8.58328,0.0444444444444444,-0.0061671592032043,0.0,0.0252234576991546,False,False,False,False,0.85,,0.002
TJS_RUB,2025-08-26,8.44427,0.1888888888888888,0.010128161094029,0.0003322286424977,0.0091766369384208,False,False,False,False,0.85,,0.002
TJS_RUB,2025-08-27,8.38524,0.2222222222222222,0.0069905391466639,0.000269775069865,0.0022014873754357,False,False,False,False,0.85,,0.002
TJS_RUB,2025-08-28,8.37529,0.2333333333333332,0.0011866088507901,0.0002134039208655,0.0010160842191732,False,False,False,False,0.85,,0.002
TJS_RUB,2025-08-29,8.36678,0.2444444444444444,0.0010160842191732,0.0002393613761498,0.0,False,False,False,False,0.85,,0.002
TJS_RUB,2025-08-30,8.40465,0.2111111111111111,-0.0045262335091875,0.0,0.0,False,False,False,False,0.85,,0.002
TJS_RUB,2025-09-02,8.50161,0.1444444444444445,-0.0161149211524623,0.0,0.0,False,False,False,False,0.85,,0.002
TJS_RUB,2025-09-03,8.55824,0.0666666666666666,-0.0228833553649073,0.0,0.0,False,False,False,False,0.85,,0.002
TJS_RUB,2025-09-04,8.59536,0.0222222222222222,-0.0273199486540818,0.0,0.0005886897116584,False,False,False,False,0.85,,0.002
TJS_RUB,2025-09-05,8.5903,0.0333333333333333,-0.0267151759697277,0.0,0.0,False,False,False,False,0.85,,0.002
TJS_RUB,2025-09-06,8.61755,0.0,-0.0253312154581094,0.0,0.0,False,False,False,False,0.85,,0.002
TJS_RUB,2025-09-09,8.6981,0.0,-0.0231120928859358,0.0,0.0,False,False,False,False,0.85,,0.002
TJS_RUB,2025-09-10,8.79347,0.0,-0.0274857914711435,0.0,0.0071166445100738,False,False,False,False,0.85,,0.002
TJS_RUB,2025-09-11,8.97079,0.0,-0.0442929816188026,0.0,0.0267423493360115,False,False,False,False,0.85,,0.002
TJS_RUB,2025-09-12,9.00407,0.0,-0.0481671187269363,0.0,0.0303396130860821,False,False,False,False,0.85,,0.002
TJS_RUB,2025-09-13,8.86901,0.0222222222222222,-0.0291799873513933,0.000580269237318,0.0155733278009607,False,False,False,False,0.85,,0.002
TJS_RUB,2025-09-16,8.73089,0.0444444444444444,-0.0037697888044515,0.0010533852403598,0.0,False,False,False,False,0.85,,0.002
TJS_RUB,2025-09-17,8.74895,0.0444444444444444,-0.0020685176425313,0.0,0.0,False,False,False,False,0.85,,0.002
TJS_RUB,2025-09-18,8.76614,0.0444444444444444,-0.0040373890863359,0.0,0.0,False,False,False,False,0.85,,0.002
TJS_RUB,2025-09-19,8.81307,0.0333333333333333,-0.0094125570245415,0.0,0.0,False,False,False,False,0.85,,0.002
TJS_RUB,2025-09-20,8.86177,0.0333333333333333,-0.0149904534360184,0.0,0.0020018574167463,False,False,False,False,0.85,,0.002
TJS_RUB,2025-09-23,8.91198,0.0222222222222222,-0.0207412989970093,0.0,0.010623901759205,False,False,False,False,0.85,,0.002
TJS_RUB,2025-09-24,8.84403,0.0555555555555555,-0.0108675898250646,0.0,0.0061408656460911,False,False,False,False,0.85,,0.002
TJS_RUB,2025-09-25,8.92036,0.0222222222222222,-0.0175926918803487,0.0,0.026538166621078,False,False,False,False,0.85,,0.002
TJS_RUB,2025-09-26,8.89085,0.0444444444444444,-0.0088255284480891,0.0,0.0280704319609486,False,False,False,False,0.85,,0.002
TJS_RUB,2025-09-27,8.89137,0.0444444444444444,-0.0053527633895407,0.0,0.0281272739746518,False,False,False,False,0.85,,0.002
TJS_RUB,2025-09-30,8.8173,0.0999999999999999,0.0030223778074023,0.0004543913381353,0.019963027230558,False,False,False,False,0.85,,0.002
TJS_RUB,2025-10-01,8.78972,0.1333333333333333,0.0031279416601452,0.0,0.016887909967553,False,False,False,False,0.85,,0.002
TJS_RUB,2025-10-02,8.68363,0.1888888888888888,0.0120697815174999,0.0007714814264492,0.0048769926862384,False,False,False,False,0.85,,0.002
TJS_RUB,2025-10-03,8.64128,0.1999999999999999,0.0048769926862384,0.0001774690448679,0.0,False,False,False,False,0.85,,0.002
TJS_RUB,2025-10-04,8.79043,0.1333333333333333,-0.0172601744186047,0.0,0.0059667160764604,False,False,False,False,0.85,,0.002
TJS_RUB,2025-10-07,8.91036,0.0444444444444444,-0.031138905347356,0.0,0.0206310407211381,False,False,False,False,0.85,,0.002
TJS_RUB,2025-10-08,8.79602,0.1333333333333333,-0.0179070693230632,0.0008636478970693,0.0173021434694328,False,False,False,False,0.85,,0.002
TJS_RUB,2025-10-09,8.75239,0.1888888888888888,-0.012858048807584,0.0,0.0260351743923658,False,False,False,False,0.85,,0.002
TJS_RUB,2025-10-10,8.74017,0.2111111111111111,-0.0114439064583025,1.886103437761404e-05,0.0246734331254426,False,False,False,False,0.85,,0.002
TJS_RUB,2025-10-11,8.73798,0.2222222222222222,0.000250567208647,0.0,0.0244289870198832,False,False,False,False,0.85,,0.002
TJS_RUB,2025-10-14,8.72653,0.2444444444444444,0.0013103715046269,0.0,0.0231489492387007,False,False,False,False,0.85,,0.002
TJS_RUB,2025-10-15,8.64383,0.2777777777777778,0.0094768481859342,0.0008560564007268,0.0138029091270881,False,False,False,False,0.85,,0.002
TJS_RUB,2025-10-16,8.52452,0.4666666666666667,0.0138029091270881,0.0016021686459425,0.0,False,False,False,False,0.85,,0.002
TJS_RUB,2025-10-17,8.56693,0.3888888888888888,-0.0049750601793413,0.0,0.0,False,False,False,False,0.85,,0.002
TJS_RUB,2025-10-18,8.77945,0.1777777777777778,-0.0299054961452374,0.0,0.0028407246467604,False,False,False,False,0.85,,0.002
TJS_RUB,2025-10-21,8.82831,0.1111111111111111,-0.0356371971676996,0.0,0.0396757703342995,False,False,False,False,0.85,,0.002
TJS_RUB,2025-10-22,8.83127,0.1111111111111111,-0.0359844307949302,0.0,0.039997644732864,False,False,False,False,0.85,,0.002
TJS_RUB,2025-10-23,8.86464,0.0888888888888889,-0.0398990207073241,0.0,0.0436114720958775,False,False,False,False,0.85,,0.002
TJS_RUB,2025-10-24,8.78669,0.2111111111111111,-0.0256521297594355,0.0,0.0351269932135992,False,False,False,False,0.85,,0.002
TJS_RUB,2025-10-25,8.75451,0.2444444444444444,0.0028407246467604,0.0,0.0315802940427276,False,False,False,False,0.85,,0.002
TJS_RUB,2025-10-28,8.47804,0.6,0.0315802940427276,0.0018104048900875,0.0,False,False,False,False,0.85,,0.002
TJS_RUB,2025-10-29,8.58676,0.4444444444444444,-0.0128237186896971,0.0,0.0045581802682268,False,False,False,False,0.85,,0.002
TJS_RUB,2025-10-30,8.54762,0.5111111111111111,-0.0082070855999736,0.0006553553187935,0.0,False,False,False,False,0.85,,0.002
TJS_RUB,2025-10-31,8.66983,0.3444444444444444,-0.0226219739468083,0.0,0.0,False,False,False,False,0.85,,0.002
TJS_RUB,2025-11-01,8.72375,0.3222222222222222,-0.0289819345037297,0.0,0.0,False,False,False,False,0.85,,0.002
TJS_RUB,2025-11-02,8.72774,0.3111111111111111,-0.0294525621487986,0.0,0.0,False,False,False,False,0.85,,0.002
TJS_RUB,2025-11-06,8.75461,0.2444444444444444,-0.024216097580379,0.0,0.0023530459951956,False,False,False,False,0.85,,0.002
TJS_RUB,2025-11-07,8.77318,0.2333333333333332,-0.0263886321572554,0.0,0.0099359639264212,False,False,False,False,0.85,,0.002
TJS_RUB,2025-11-08,8.75692,0.2555555555555555,-0.010045179663269,0.0,0.0080975959583962,False,False,False,False,0.85,,0.002
TJS_RUB,2025-11-11,8.73401,0.3333333333333333,-0.0011760997277545,0.0,0.00549575738979,False,False,False,False,0.85,,0.002
TJS_RUB,2025-11-12,8.76693,0.2444444444444444,-0.004490280416236,0.0,0.0092301409957648,False,False,False,False,0.85,,0.002
TJS_RUB,2025-11-13,8.75928,0.2666666666666667,-0.0028932872758332,0.0,0.0083648427724654,False,False,False,False,0.85,,0.002
TJS_RUB,2025-11-14,8.68601,0.4222222222222223,0.00549575738979,0.0004552789615174,0.0,False,False,False,False,0.85,,0.002
TJS_RUB,2025-11-15,8.74276,0.3333333333333333,-0.00653349466556,0.0,0.0271275889993549,False,False,False,False,0.85,,0.002
TJS_RUB,2025-11-18,8.74389,0.3333333333333333,-0.0066635889205746,0.0,0.0286005427790148,False,False,False,False,0.85,,0.002
TJS_RUB,2025-11-19,8.73208,0.3888888888888888,-0.0053039312641823,0.0,0.02728674038717,False,False,False,False,0.85,,0.002
TJS_RUB,2025-11-20,8.72043,0.4444444444444444,-0.0039626940332788,0.0,0.0300432432804346,False,False,False,False,0.85,,0.002
TJS_RUB,2025-11-21,8.69686,0.4666666666666667,-0.0012491351034594,0.0004498688232368,0.0310744337611504,False,False,False,False,0.85,,0.002
TJS_RUB,2025-11-22,8.50559,0.7666666666666666,0.0219929951729704,0.0024772581330101,0.0095631226052512,False,False,False,False,0.85,,0.002
TJS_RUB,2025-11-25,8.49381,0.8,0.0013849715304875,0.0005215574192846,0.0131119014906148,False,False,False,False,0.85,,0.002
TJS_RUB,2025-11-26,8.49798,0.8,-0.0004909457593235,0.0003035711937169,0.0166380716358475,False,False,False,False,0.85,,0.002
TJS_RUB,2025-11-27,8.45844,0.8444444444444444,0.0041642089945501,0.0007352560041353,0.0120412274603826,False,False,False,False,0.85,,0.002
TJS_RUB,2025-11-28,8.42661,0.9,0.0037631052534509,0.0006071214191341,0.0125661446299283,False,False,False,True,0.85,,0.002
TJS_RUB,2025-11-29,8.42425,0.9111111111111112,0.0002800651744888,0.0003704488527357,0.0231332166068197,False,False,False,True,0.85,,0.002
TJS_RUB,2025-12-02,8.38244,0.9555555555555556,0.0049630530907795,0.0005699391908674,0.0182607928001872,False,False,False,True,0.85,,0.002
TJS_RUB,2025-12-03,8.35659,0.9888888888888888,0.0030838276205973,0.0005122580277598,0.0152239131033114,False,False,False,True,0.85,,0.002
TJS_RUB,2025-12-04,8.42262,0.9222222222222224,-0.0079015483588401,0.0,0.022944167016914,False,False,False,True,0.85,,0.002
TJS_RUB,2025-12-05,8.32072,1.0,0.0042924207122762,0.0015650387312211,0.0109786172350469,False,False,False,True,0.85,,0.002
TJS_RUB,2025-12-06,8.22937,1.0,0.0109786172350469,0.001218248187386,0.0,True,True,True,True,0.85,,0.002
TJS_RUB,2025-12-09,8.35694,0.9666666666666668,-0.0155017941835159,0.0,0.0041199290649448,True,True,False,True,0.85,,0.002
TJS_RUB,2025-12-10,8.32251,0.9777777777777776,-0.0113179988261555,0.0007425641651632,0.0,True,True,False,True,0.85,,0.002
TJS_RUB,2025-12-11,8.43967,0.8555555555555556,-0.0255548116076929,0.0,0.0,True,True,False,True,0.85,,0.002
TJS_RUB,2025-12-12,8.59968,0.5444444444444445,-0.0449985843387768,0.0,0.0,False,False,False,False,0.85,,0.002
TJS_RUB,2025-12-13,8.63136,0.5333333333333333,-0.0488482107378816,0.0,0.0035127720312907,False,False,False,False,0.85,,0.002
TJS_RUB,2025-12-16,8.60104,0.5555555555555556,-0.0334670670266542,0.0,0.0019683666161299,False,False,False,False,0.85,,0.002
TJS_RUB,2025-12-17,8.61536,0.5555555555555556,-0.0351877017870812,0.0,0.0127922686921963,False,False,False,False,0.85,,0.002
TJS_RUB,2025-12-18,8.69996,0.4555555555555556,-0.0308412532717512,0.0,0.0247001135637405,False,False,False,False,0.85,,0.002
TJS_RUB,2025-12-19,8.66286,0.5222222222222221,-0.0073467849966511,0.0001876621192673,0.0279584340506484,False,False,False,False,0.85,,0.002
TJS_RUB,2025-12-20,8.73643,0.3777777777777777,-0.0157411196785506,0.0,0.0383234341716239,False,False,False,False,0.85,,0.002
TJS_RUB,2025-12-23,8.58411,0.6777777777777778,0.0019683666161299,0.0017040357426612,0.0243543011447897,False,False,False,False,0.85,,0.002
TJS_RUB,2025-12-24,8.50515,0.7777777777777778,0.0091983909805443,0.0005039966163718,0.0152966144042139,False,False,False,False,0.85,,0.002
TJS_RUB,2025-12-25,8.48507,0.8111111111111111,0.0023609224998971,0.0003728968593876,0.012966304343983,False,False,False,False,0.85,,0.002
TJS_RUB,2025-12-26,8.42066,0.8888888888888888,0.007590980392619,0.0008321113821525,0.0054164400415169,False,False,False,True,0.85,,0.002
TJS_RUB,2025-12-27,8.40162,0.9,0.0022611054240404,0.0004203861980324,0.00316248533021,True,True,True,True,0.85,,0.002
TJS_RUB,2025-12-30,8.37505,0.9333333333333332,0.00316248533021,0.0007103580945316,0.0,True,True,True,True,0.85,,0.002
TJS_RUB,2025-12-31,8.45593,0.8,-0.0096572557775775,0.0,0.0133373857162962,False,False,False,False,0.85,,0.002
TJS_RUB,2026-01-13,8.43554,0.8222222222222222,-0.0072226434469047,0.0001592699527557,0.0119008385948023,False,False,False,False,0.85,,0.002
TJS_RUB,2026-01-14,8.43868,0.8222222222222222,-0.007597566581692,0.0,0.0122685064488758,False,False,False,False,0.85,,0.002
TJS_RUB,2026-01-15,8.408,0.8888888888888888,-0.0039343048698216,0.0004575055961294,0.0127640342530922,False,False,False,True,0.85,,0.002
TJS_RUB,2026-01-16,8.40492,0.9,-0.003566545871368,0.0001392503216763,0.0320478957562952,False,False,False,True,0.85,,0.002
TJS_RUB,2026-01-17,8.34315,0.9666666666666668,0.0073492668579832,0.0010095410539861,0.0272858572601474,False,False,False,True,0.85,,0.002
TJS_RUB,2026-01-20,8.33515,0.9666666666666668,0.000958870450609,0.0004189202010754,0.0263522552083645,False,False,False,True,0.85,,0.002
TJS_RUB,2026-01-21,8.34465,0.9444444444444444,-0.0011397515341654,0.000156866287928,0.0274607083580496,False,False,False,True,0.85,,0.002
TJS_RUB,2026-01-22,8.30068,0.9888888888888888,0.0041354984613355,0.0006582476097688,0.0223090156469107,False,False,False,True,0.85,,0.002
TJS_RUB,2026-01-23,8.13556,1.0,0.0198923461692295,0.0023910913489385,0.0035092851629143,True,True,True,False,0.85,,0.002
TJS_RUB,2026-01-24,8.1155,1.0,0.0024657184016833,0.0007110244862853,0.0041870494732304,True,True,True,True,0.85,,0.002
TJS_RUB,2026-01-27,8.12456,0.9888888888888888,-0.0011163822315322,0.0002332953599001,0.0052975176501867,False,False,False,True,0.85,,0.002
TJS_RUB,2026-01-28,8.18151,0.9666666666666668,-0.0081338180025874,0.0,0.0122214603416728,False,False,False,True,0.85,,0.002
TJS_RUB,2026-01-29,8.15524,0.9666666666666668,-0.0048968024151313,0.0006501462634775,0.0090395868178005,False,False,False,True,0.85,,0.002
TJS_RUB,2026-01-30,8.10701,1.0,0.0010461462633232,0.0007256405535419,0.003144192495137,True,True,True,True,0.85,,0.002
TJS_RUB,2026-01-31,8.08152,1.0,0.003144192495137,0.0003748102666885,0.0,True,True,True,True,0.85,,0.002
TJS_RUB,2026-02-03,8.21913,0.9222222222222224,-0.0170277373563389,0.0,0.0067586228712771,False,False,False,True,0.85,,0.002
TJS_RUB,2026-02-04,8.22419,0.9111111111111112,-0.0176538571951811,0.0001263602322846,0.0073697227325731,False,False,False,True,0.85,,0.002
TJS_RUB,2026-02-05,8.21655,0.9222222222222224,-0.0167084904819885,0.0003299801427338,0.0064467446799447,False,False,False,True,0.85,,0.002
TJS_RUB,2026-02-06,8.16358,0.9333333333333332,-0.0101540304299191,0.0004738440102963,0.0,True,True,False,True,0.85,,0.002
TJS_RUB,2026-02-07,8.21471,0.9111111111111112,-0.0164808105405914,0.0,0.0051979923819587,False,False,False,True,0.85,,0.002
TJS_RUB,2026-02-10,8.28278,0.8555555555555556,-0.0146014371145993,0.0,0.0207140597722021,False,False,False,True,0.85,,0.002
TJS_RUB,2026-02-11,8.21951,0.8777777777777778,-0.0068511608877477,0.000614957321077,0.0131759679104958,False,False,False,True,0.85,,0.002
TJS_RUB,2026-02-12,8.2355,0.8444444444444444,-0.0088098603798824,0.0,0.0216016028170723,False,False,False,False,0.85,,0.002
TJS_RUB,2026-02-13,8.19066,0.9111111111111112,-0.0033171721230146,0.0005151973240255,0.0162453330989198,False,False,False,True,0.85,,0.002
TJS_RUB,2026-02-14,8.17201,0.9222222222222224,0.0022769837839684,0.0003464378015777,0.0140002276061825,False,False,False,True,0.85,,0.002
TJS_RUB,2026-02-17,8.11121,0.9777777777777776,0.0074400300538056,0.0009283471494122,0.006609371474786,False,False,False,True,0.85,,0.002
TJS_RUB,2026-02-18,8.11554,0.9555555555555556,-0.0005338291081108,0.0003215306912396,0.0071393893690374,False,False,False,True,0.85,,0.002
TJS_RUB,2026-02-19,8.0576,1.0,0.006609371474786,0.0009552387709329,0.0,True,True,True,True,0.85,,0.002
TJS_RUB,2026-02-20,8.10316,0.9777777777777776,-0.0056542891183479,0.0,0.0043057276420557,True,True,False,True,0.85,,0.002
TJS_RUB,2026-02-21,8.11537,0.9444444444444444,-0.0071696286735503,9.260221422496964e-05,0.005803801921539,False,False,False,True,0.85,,0.002
TJS_RUB,2026-02-25,8.09736,0.9777777777777776,-0.0049344718030181,0.0004658928036371,0.003592528923007,True,True,False,True,0.85,,0.002
TJS_RUB,2026-02-26,8.06827,0.9888888888888888,-0.001324215647339,0.0006025039061664,0.0,True,True,False,True,0.85,,0.002
TJS_RUB,2026-02-27,8.12167,0.8888888888888888,-0.0079514992057187,0.0,0.0026706330102059,True,True,False,True,0.85,,0.002
TJS_RUB,2026-02-28,8.12474,0.8666666666666667,-0.006999022095195,0.0002094363588431,0.0030474821348127,True,True,False,True,0.85,,0.002
TJS_RUB,2026-03-03,8.09998,0.9555555555555556,-0.0039302105655859,0.0001959014394022,0.0,True,True,False,True,0.85,,0.002
TJS_RUB,2026-03-04,8.13285,0.8444444444444444,-0.0080041942076801,0.0,0.0,True,False,False,False,0.85,,0.002
TJS_RUB,2026-03-05,8.14047,0.8222222222222222,-0.0089486345895713,5.797358926746868e-05,0.0,True,False,False,False,0.85,,0.002
TJS_RUB,2026-03-06,8.16614,0.7888888888888889,-0.008167921402275,0.0,0.0,False,False,False,False,0.85,,0.002
TJS_RUB,2026-03-07,8.2664,0.6666666666666667,-0.0205457297425426,0.0,0.00788856092132,False,False,False,False,0.85,,0.002
TJS_RUB,2026-03-11,8.20119,0.7444444444444445,-0.0124950925804755,0.0002972530688539,0.0,False,False,False,False,0.85,,0.002
TJS_RUB,2026-03-12,8.23651,0.6555555555555556,-0.012745839404391,0.0,0.0011873961180161,False,False,False,False,0.85,,0.002
TJS_RUB,2026-03-13,8.22673,0.6777777777777778,-0.0105964397633059,0.0,0.0,False,False,False,False,0.85,,0.002
TJS_RUB,2026-03-14,8.34542,0.5444444444444445,-0.0219540688746458,0.0,0.0,False,False,False,False,0.85,,0.002
TJS_RUB,2026-03-17,8.43691,0.4,-0.0287421703435719,0.0,0.0,False,False,False,False,0.85,,0.002
TJS_RUB,2026-03-18,8.52327,0.2777777777777778,-0.0392723495004992,0.0,0.0041885332742011,False,False,False,False,0.85,,0.002
TJS_RUB,2026-03-19,8.65174,0.1999999999999999,-0.0516620820180072,0.0,0.02189732932335,False,False,False,False,0.85,,0.002
TJS_RUB,2026-03-20,8.82992,0.0,-0.0733207483410783,0.0,0.0416345787957308,False,False,False,False,0.85,,0.002
TJS_RUB,2026-03-21,8.80604,0.011111111111111,-0.0551943461203868,0.0,0.0390357073099826,False,False,False,False,0.85,,0.002
TJS_RUB,2026-03-24,8.80604,0.011111111111111,-0.0437518001258754,0.0002311041063033,0.0390357073099826,False,False,False,False,0.85,,0.002
TJS_RUB,2026-03-25,8.48757,0.3333333333333333,0.0041885332742011,0.0018514250029938,0.0029784732261413,False,False,False,False,0.85,,0.002
TJS_RUB,2026-03-26,8.46229,0.3444444444444444,0.0029784732261413,0.0,0.0047764848522089,False,False,False,False,0.85,,0.002
TJS_RUB,2026-03-27,8.61033,0.2222222222222222,-0.0174940825710298,0.0,0.0267504265225605,False,False,False,False,0.85,,0.002
TJS_RUB,2026-03-28,8.50685,0.2666666666666667,-0.0052657141270271,0.000881381561651,0.0210406907374645,False,False,False,False,0.85,,0.002
TJS_RUB,2026-03-31,8.46996,0.3333333333333333,-0.0009063740429601,0.0,0.0292598784409844,False,False,False,False,0.85,,0.002
TJS_RUB,2026-04-01,8.46526,0.3333333333333333,-0.000350968827587,2.968478794427229e-05,0.0287209134746009,False,False,False,False,0.85,,0.002
TJS_RUB,2026-04-02,8.42187,0.4444444444444444,0.0047764848522089,0.0002316291861261,0.0266187913135681,False,False,False,False,0.85,,0.002
TJS_RUB,2026-04-03,8.38,0.5,0.0049715799460214,0.0003313322056191,0.0263651551312649,False,False,False,False,0.85,,0.002
TJS_RUB,2026-04-04,8.32786,0.5777777777777777,0.0062219570405729,0.0006527370138325,0.0295598148864173,False,False,False,False,0.85,,0.002
TJS_RUB,2026-04-07,8.22213,0.6888888888888889,0.0126959386925331,0.0012979797684736,0.0247016284101563,False,False,False,False,0.85,,0.002
TJS_RUB,2026-04-08,8.2443,0.6222222222222222,-0.0026963815945504,0.0,0.0315369406741628,False,False,False,False,0.85,,0.002
TJS_RUB,2026-04-09,8.19769,0.7444444444444445,0.0029724657722512,0.0008892737897005,0.0321602792981925,False,False,False,False,0.85,,0.002
TJS_RUB,2026-04-10,8.15906,0.8,0.0047123031000195,0.0008944497160654,0.0275779317715521,False,False,False,False,0.85,,0.002
TJS_RUB,2026-04-11,8.08169,0.9666666666666668,0.0094827100180658,0.0013012078653141,0.0182684562263585,False,False,False,True,0.85,,0.002
TJS_RUB,2026-04-14,8.01903,1.0,0.0077533288210757,0.0012548639037164,0.0105972916923868,False,False,False,True,0.85,,0.002
TJS_RUB,2026-04-15,7.9843,1.0,0.0043309477580206,0.0009319435872211,0.0116228097641622,False,False,False,True,0.85,,0.002
TJS_RUB,2026-04-16,7.93405,1.0,0.0062936011923399,0.0011082283766269,0.0053629609089935,False,False,False,True,0.85,,0.002
TJS_RUB,2026-04-17,8.02384,0.9666666666666668,-0.011317044888802,0.0,0.0164933498175437,False,False,False,True,0.85,,0.002
TJS_RUB,2026-04-18,8.03473,0.9555555555555556,-0.0126896099722083,0.0001263410847644,0.0178263613089674,False,False,False,True,0.85,,0.002
TJS_RUB,2026-04-21,7.95519,0.9888888888888888,-0.0026644651848677,0.0009088777195484,0.0080060941347724,False,False,False,True,0.85,,0.002
TJS_RUB,2026-04-22,7.8915,1.0,0.0053629609089935,0.0010470781724601,0.0,True,True,True,True,0.85,,0.002
TJS_RUB,2026-04-23,7.94091,0.9777777777777776,-0.0062611670785021,0.0,0.0017076128554535,True,True,False,True,0.85,,0.002
TJS_RUB,2026-04-24,7.93053,0.9888888888888888,-0.0049458277893936,0.0004440280112339,0.0004009820276829,True,True,False,True,0.85,,0.002
TJS_RUB,2026-04-25,8.00866,0.9333333333333332,-0.0148463536716721,0.0,0.0101527596376923,False,False,False,True,0.85,,0.002
TJS_RUB,2026-04-28,7.93939,0.9666666666666668,-0.0060685547741241,0.0010865095673199,0.0015164893020749,True,True,False,True,0.85,,0.002
TJS_RUB,2026-04-29,7.92735,0.9888888888888888,-0.0045428625736551,0.0001558098161413,0.0,True,True,False,True,0.85,,0.002
TJS_RUB,2026-04-30,7.95384,0.9333333333333332,-0.0033415958674714,0.0,0.0,True,True,False,True,0.85,,0.002
TJS_RUB,2026-05-01,7.95683,0.9111111111111112,-0.0037187710899607,0.0002688770684317,0.0031683471935432,True,True,False,True,0.85,,0.002
TJS_RUB,2026-05-05,8.03327,0.8555555555555556,-0.0133613376475114,0.0,0.0183947508299857,False,False,False,True,0.85,,0.002
TJS_RUB,2026-05-06,8.03438,0.8444444444444444,-0.0135013592184022,0.0,0.0243864492344151,False,False,False,False,0.85,,0.002
TJS_RUB,2026-05-07,8.01985,0.8666666666666667,-0.0116684642408875,1.387111797278548e-05,0.0248408636071746,False,False,False,True,0.85,,0.002
TJS_RUB,2026-05-08,7.96058,0.9,-0.0008473894370518,0.0005997409207824,0.017580377309191,False,False,False,True,0.85,,0.002
TJS_RUB,2026-05-09,7.93162,0.9666666666666668,0.0031683471935432,0.0005447044704982,0.0238967575350306,False,False,False,True,0.85,,0.002
TJS_RUB,2026-05-13,7.8855,1.0,0.0058147011581491,0.0009853235819396,0.0308540992961765,False,False,False,True,0.85,,0.002
TJS_RUB,2026-05-14,7.83845,1.0,0.0059666476444106,0.0010795746228411,0.0285643207521894,False,False,False,True,0.85,,0.002
TJS_RUB,2026-05-15,7.82063,1.0,0.0022734086458419,0.0008390557258033,0.0263508182844604,False,False,False,True,0.85,,0.002
TJS_RUB,2026-05-16,7.82531,0.9888888888888888,-0.0005984172630593,0.0004428490147806,0.0269331183045783,False,False,False,True,0.85,,0.002
TJS_RUB,2026-05-19,7.74208,1.0,0.0100439478660927,0.0011599902545821,0.0164723175167395,False,False,False,True,0.85,,0.002
TJS_RUB,2026-05-20,7.6422,1.0,0.0129009258493841,0.0014474409035995,0.0036180680955745,True,True,True,True,0.85,,0.002
TJS_RUB,2026-05-21,7.61455,1.0,0.0036180680955745,0.0006559860334234,0.0,True,True,True,True,0.85,,0.002
TJS_RUB,2026-05-22,7.62119,0.9888888888888888,-0.0008720147612137,0.0003524586104607,0.0,True,True,False,True,0.85,,0.002
TJS_RUB,2026-05-23,7.67396,0.9666666666666668,-0.0078021682174258,0.0001791291061094,0.0013839008803799,True,True,False,True,0.85,,0.002
TJS_RUB,2026-05-26,7.71028,0.9555555555555556,-0.0125719838992454,0.0,0.0060879760527503,False,False,False,True,0.85,,0.002
TJS_RUB,2026-05-27,7.74622,0.9333333333333332,-0.017291895121839,1.876536824638287e-05,0.0106994121003535,False,False,False,True,0.85,,0.002
TJS_RUB,2026-05-28,7.66334,0.9666666666666668,-0.0064074699095809,0.0011371653041396,0.0,True,True,False,True,0.85,,0.002
TJS_RUB,2026-05-29,7.71309,0.9333333333333332,-0.0120584843049444,0.0,0.0048916841369671,True,True,False,True,0.85,,0.002
TJS_RUB,2026-05-30,7.67536,0.9444444444444444,-0.0015685066824649,0.000550213061917,0.0,True,True,False,True,0.85,,0.002
TJS_RUB,2026-06-02,7.73849,0.9111111111111112,-0.0098064290505184,0.0,0.0,True,True,False,True,0.85,,0.002
TJS_RUB,2026-06-03,7.84429,0.8444444444444444,-0.0236124196499176,0.0,0.0223691372960458,False,False,False,False,0.85,,0.002
TJS_RUB,2026-06-04,7.91167,0.8111111111111111,-0.0324049304872288,0.0,0.0306951629681217,False,False,False,False,0.85,,0.002
TJS_RUB,2026-06-05,8.00591,0.6777777777777778,-0.0430663838569135,0.0,0.042105144824261,False,False,False,False,0.85,,0.002
TJS_RUB,2026-06-06,7.91682,0.8,-0.0314591107127222,0.0011521956396362,0.0313257090599508,False,False,False,False,0.85,,0.002
TJS_RUB,2026-06-09,7.83535,0.8555555555555556,-0.0125166537657863,0.0003666622831115,0.0212536772447944,False,False,False,True,0.85,,0.002
TJS_RUB,2026-06-10,7.66882,0.9555555555555556,0.0212536772447944,0.0021303819966976,0.0,True,True,True,False,0.85,,0.002
TJS_RUB,2026-06-11,7.68128,0.9222222222222224,-0.0016247610453759,3.667317004264523e-06,0.0,True,True,False,True,0.85,,0.002
TJS_RUB,2026-06-12,7.71269,0.9,-0.0057205671798268,0.0003850564704381,0.0,True,True,False,True,0.85,,0.002
TJS_RUB,2026-06-16,7.77533,0.8444444444444444,-0.0138887077803364,0.0,0.0021388159730841,True,False,False,False,0.85,,0.002
TJS_RUB,2026-06-17,7.7587,0.8444444444444444,-0.0117201864172062,0.0001821137401254,0.0,True,False,False,False,0.85,,0.002
TJS_RUB,2026-06-18,7.83373,0.8,-0.0215039601920503,0.0,0.0,True,False,False,False,0.85,,0.002
TJS_RUB,2026-06-19,7.8785,0.7555555555555555,-0.025675408265289,0.0,0.0,False,False,False,False,0.85,,0.002
TJS_RUB,2026-06-20,7.88649,0.7333333333333334,-0.0225342908894302,0.0,0.0,False,False,False,False,0.85,,0.002
TJS_RUB,2026-06-23,7.93983,0.6333333333333333,-0.0233454058025184,0.0,0.0,False,False,False,False,0.85,,0.002
TJS_RUB,2026-06-24,8.03065,0.5,-0.0350509750344773,0.0,0.0,False,False,False,False,0.85,,0.002
TJS_RUB,2026-06-25,8.04287,0.4555555555555556,-0.0266973714948052,0.0,0.0,False,False,False,False,0.85,,0.002
TJS_RUB,2026-06-26,8.14555,0.3,-0.0338960462016881,0.0,0.0,False,False,False,False,0.85,,0.002
TJS_RUB,2026-06-27,8.31529,0.1777777777777778,-0.0543714630970176,0.0,0.0,False,False,False,False,0.85,,0.002
TJS_RUB,2026-06-30,8.39004,0.1444444444444445,-0.0567027253732134,0.0,0.0083456097944707,False,False,False,False,0.85,,0.002
TJS_RUB,2026-07-01,8.44105,0.1222222222222222,-0.0511042070069049,0.0,0.0279668998525064,False,False,False,False,0.85,,0.002
TJS_RUB,2026-07-02,8.43411,0.1444444444444445,-0.048644327211555,0.0,0.0271670632704576,False,False,False,False,0.85,,0.002
TJS_RUB,2026-07-03,8.3962,0.1666666666666666,-0.0307714027904807,0.0,0.0227745885043233,False,False,False,False,0.85,,0.002
TJS_RUB,2026-07-04,8.32002,0.2222222222222222,-0.0005688316342545,0.0005955149843606,0.0138268898392069,False,False,False,False,0.85,,0.002
TJS_RUB,2026-07-07,8.4037,0.1666666666666666,-0.0100576681306055,0.0,0.0236467270369003,False,False,False,False,0.85,,0.002
TJS_RUB,2026-07-08,8.20498,0.3111111111111111,0.0138268898392069,0.0020790817579538,0.0,False,False,False,False,0.85,,0.002
TJS_RUB,2026-07-09,8.23828,0.2777777777777778,-0.0040585108068512,0.0,0.0029290094534295,False,False,False,False,0.85,,0.002
TJS_RUB,2026-07-10,8.21415,0.3222222222222222,-0.0011176139369016,0.0008293248925614,0.0,False,False,False,False,0.85,,0.002
TJS_RUB,2026-07-11,8.28387,0.2555555555555555,-0.0096148924189942,0.0,0.0005661605022773,False,False,False,False,0.85,,0.002
TJS_RUB,2026-07-14,8.27918,0.2666666666666667,-0.0090432883443956,0.0,0.0,False,False,False,False,0.85,,0.002
TJS_RUB,2026-07-15,8.37344,0.2111111111111111,-0.0205314333490148,0.0,0.0,False,False,False,False,0.85,,0.002
TJS_RUB,2026-07-16,8.42376,0.1555555555555555,-0.0255181607348294,0.0,0.0,False,False,False,False,0.85,,0.002
TJS_RUB,2026-07-17,8.46234,0.1111111111111111,-0.0302149339858657,0.0,7.090237451993763e-06,False,False,False,False,0.85,,0.002
TJS_RUB,2026-07-18,8.47554,0.0888888888888889,-0.0237173246625873,0.0,0.0061978351821831,False,False,False,False,0.85,,0.002
TJS_RUB,2026-07-21,8.46228,0.1444444444444445,-0.0221157167738833,0.0,0.0046405933152767,False,False,False,False,0.85,,0.002
TJS_RUB,2026-07-22,8.48801,0.0777777777777777,-0.0136825486299536,0.0,0.0076578609120393,False,False,False,False,0.85,,0.002
TJS_RUB,2026-07-23,8.48238,0.0999999999999999,-0.0069588877175987,0.0,0.0069992148430039,False,False,False,False,0.85,,0.002
TJS_RUB,2026-07-24,8.47648,0.1111111111111111,-0.0016780347613173,0.0,0.0063080429612292,False,False,False,False,0.85,,0.002
TJS_RUB,2026-07-25,8.42301,0.2222222222222222,0.0046405933152767,0.0001464093441024,0.0,False,False,False,False,0.85,,0.002
TJS_RUB,2026-07-28,8.43101,0.1999999999999999,-0.000949779235689,0.0,0.0,False,False,False,False,0.85,,0.002
TJS_RUB,2026-07-29,8.51268,0.0444444444444444,-0.010645838008028,0.0,0.0,False,False,False,False,0.85,,0.002
TJS_RUB,2026-07-30,8.58517,0.0333333333333333,-0.0192520251074141,0.0,0.0,False,False,False,False,0.85,,0.002
TJS_RUB,2026-07-31,8.63089,0.011111111111111,-0.0246800134393763,0.0,0.0044873703638907,False,False,False,False,0.85,,0.002
TJS_RUB,2026-08-01,8.59216,0.0222222222222222,-0.0200818947145972,0.0,0.0,False,False,False,False,0.85,,0.002
TJS_RUB,2026-08-04,8.65757,0.0,-0.0268722252731285,0.0,0.0,False,False,False,False,0.85,,0.002
TJS_RUB,2026-08-05,8.77043,0.0,-0.030278361221143,0.0,0.0010592411090448,False,False,False,False,0.85,,0.002
TJS_RUB,2026-08-06,8.76114,0.011111111111111,-0.0204969732690208,0.0,0.0,False,False,False,False,0.85,,0.002
TJS_RUB,2026-08-07,8.80312,0.0,-0.0245526154075343,0.0,0.0,False,False,False,False,0.85,,0.002
TJS_RUB,2026-08-08,8.88517,0.0,-0.0341020185843839,0.0,0.0,False,False,False,False,0.85,,0.002
TJS_RUB,2026-08-11,8.9271,0.0,-0.0311322923175902,0.0,0.0028060624390899,False,False,False,False,0.85,,0.002
TJS_RUB,2026-08-12,8.90205,0.011111111111111,-0.0160835233770947,0.0,0.0,False,False,False,False,0.85,,0.002
TJS_RUB,2026-08-13,8.96991,0.0,-0.0238290907347675,0.0,0.0,False,False,False,False,0.85,,0.002
TJS_RUB,2026-08-14,9.04757,0.0,-0.0277685638728087,0.0,0.0042287597664346,False,False,False,False,0.85,,0.002
TJS_RUB,2026-08-15,9.12736,0.0,-0.0272577789732778,0.0,0.0172119868176559,False,False,False,False,0.85,,0.002
TJS_RUB,2026-08-18,9.18143,0.0,-0.0313837823872031,0.0,0.0229996852342174,False,False,False,False,0.85,,0.002
TJS_RUB,2026-08-19,9.19991,0.0,-0.0334597087187782,0.0,0.0249622007171808,False,False,False,False,0.85,,0.002
TJS_RUB,2026-08-20,9.19611,0.011111111111111,-0.0252176443241903,0.0,0.0245592973550772,False,False,False,False,0.85,,0.002
UZS_RUB,2025-07-12,0.00616459,0.9,-0.0024571183254519,0.00104345840768,0.0103250986683624,False,False,False,False,0.8,0.0,0.002
UZS_RUB,2025-07-15,0.00621259,0.7111111111111111,-0.0102626563546836,0.0004058330218636,0.0179715706331819,False,False,False,False,0.8,0.0,0.002
UZS_RUB,2025-07-16,0.00613887,0.9777777777777776,0.0017253491352113,0.0015200122240086,0.0061786615452029,False,False,False,True,0.8,0.0,0.002
UZS_RUB,2025-07-17,0.00610094,1.0,0.0061786615452029,0.0014618074539005,0.0,True,True,True,True,0.8,0.0,0.002
UZS_RUB,2025-07-18,0.00612819,0.9666666666666668,-0.0044665248305999,0.0004676167337664,0.0,True,True,False,False,0.8,0.0,0.002
UZS_RUB,2025-07-19,0.00618674,0.7444444444444445,-0.0140634066225859,0.0011881308574143,0.0018927577367078,False,False,False,False,0.8,0.0,0.002
UZS_RUB,2025-07-22,0.00622723,0.6222222222222222,-0.0207000888387691,0.0006779005765646,0.0083825392670578,False,False,False,False,0.8,0.0,0.002
UZS_RUB,2025-07-23,0.00619575,0.7,-0.0155402282271256,0.0010244829101237,0.003344227898156,False,False,False,False,0.8,0.0,0.002
UZS_RUB,2025-07-24,0.00617503,0.8111111111111111,-0.0121440302641887,0.000652544699394,0.0,True,False,False,False,0.8,0.0,0.002
UZS_RUB,2025-07-25,0.00617921,0.7666666666666666,-0.0083254598829343,0.0004915613345395,0.0,False,False,False,False,0.8,0.0,0.002
UZS_RUB,2025-07-26,0.00628702,0.3888888888888888,-0.0181359442788132,1.8539074633186417e-05,0.0,False,False,False,False,0.8,0.0,0.002
UZS_RUB,2025-07-29,0.0063249,0.3111111111111111,-0.0242703274316075,1.8539074625585625e-05,0.010085534949169,False,False,False,False,0.8,0.0,0.002
UZS_RUB,2025-07-30,0.00657004,0.0444444444444444,-0.0639689199890527,1.8539074632784016e-05,0.047021022703058,False,False,False,False,0.8,0.0,0.002
UZS_RUB,2025-07-31,0.00654677,0.0888888888888889,-0.0602005172444507,0.0004904156402622,0.0436337308321508,False,False,False,False,0.8,0.0,0.002
UZS_RUB,2025-08-01,0.00637858,0.2555555555555555,-0.0322646422439114,0.0015701286731216,0.0184163246365178,False,False,False,False,0.8,0.0,0.002
UZS_RUB,2025-08-02,0.00632889,0.3111111111111111,-0.0066597529513187,0.0015636228351733,0.0107096189063168,False,False,False,False,0.8,0.0,0.002
UZS_RUB,2025-08-05,0.00626111,0.4333333333333333,0.010085534949169,0.0011910280307646,0.0,False,False,False,False,0.8,0.0,0.002
UZS_RUB,2025-08-06,0.00634238,0.2888888888888888,-0.0129801265270853,0.000519736980061,0.0088089959920407,False,False,False,False,0.8,0.0,0.002
UZS_RUB,2025-08-07,0.00640256,0.1888888888888888,-0.0225918407438935,0.0003049584492608,0.0181255622750898,False,False,False,False,0.8,0.0,0.002
UZS_RUB,2025-08-08,0.00634926,0.2555555555555555,-0.014078973217209,0.0013430160614936,0.0098830414882993,False,False,False,False,0.8,0.0,0.002
UZS_RUB,2025-08-09,0.00633485,0.2888888888888888,-0.0117774643793193,0.000269185987924,0.0076308042021515,False,False,False,False,0.8,0.0,0.002
UZS_RUB,2025-08-12,0.00628651,0.3777777777777777,-0.0040567886524913,0.0012996889702235,0.0,False,False,False,False,0.8,0.0,0.002
UZS_RUB,2025-08-13,0.00634436,0.2444444444444444,-0.0092022441704538,0.0003645595422864,0.0,False,False,False,False,0.8,0.0,0.002
UZS_RUB,2025-08-14,0.00636325,0.1999999999999999,-0.012207091056882,0.0001410544877381,0.0004966015793816,False,False,False,False,0.8,0.0,0.002
UZS_RUB,2025-08-15,0.00638237,0.1555555555555555,-0.015248524220911,5.791503971099306e-05,0.003490866245611,False,False,False,False,0.8,0.0,0.002
UZS_RUB,2025-08-16,0.00636009,0.2111111111111111,-0.0117044274168018,0.000306446530961,0.0,False,False,False,False,0.8,0.0,0.002
UZS_RUB,2025-08-19,0.00640975,0.0999999999999999,-0.019603881963124,0.0,0.0022060142751276,False,False,False,False,0.8,0.0,0.002
UZS_RUB,2025-08-20,0.00642917,0.0777777777777777,-0.0133677786254246,0.0002708378291132,0.0052199584083169,False,False,False,False,0.8,0.0,0.002
UZS_RUB,2025-08-21,0.00639561,0.1111111111111111,-0.0055848266298119,0.0005642267020972,0.0,False,False,False,False,0.8,0.0,0.002
UZS_RUB,2025-08-22,0.00643767,0.0555555555555555,-0.0121979405951803,0.000232879478041,0.0,False,False,False,False,0.8,0.0,0.002
UZS_RUB,2025-08-23,0.00650485,0.0333333333333333,-0.0227606842041544,0.0001497476653727,0.0106459026726213,False,False,False,False,0.8,0.0,0.002
UZS_RUB,2025-08-26,0.00652939,0.0222222222222222,-0.0209174730791902,5.435361615714352e-05,0.0143642821151747,False,False,False,False,0.8,0.0,0.002
UZS_RUB,2025-08-27,0.00654381,0.0222222222222222,-0.0231721446429659,0.0007359486688182,0.0165362380631467,False,False,False,False,0.8,0.0,0.002
UZS_RUB,2025-08-28,0.00651108,0.0444444444444444,-0.0180545718078493,0.0002691859879159,0.0115925468585856,False,False,False,False,0.8,0.0,0.002
UZS_RUB,2025-08-29,0.00646837,0.0666666666666666,-0.0047688061053144,0.0005161995194616,0.0050661913279544,False,False,False,False,0.8,0.0,0.002
UZS_RUB,2025-08-30,0.0064356,0.0888888888888889,0.0050661913279544,0.0003064465309683,0.0,False,False,False,False,0.8,0.0,0.002
UZS_RUB,2025-09-02,0.00644317,0.0777777777777777,-0.0011762695009012,0.0003245302719468,0.0,False,False,False,False,0.8,0.0,0.002
UZS_RUB,2025-09-03,0.00646791,0.0777777777777777,-0.0050205109080739,0.0003645595422941,0.0,False,False,False,False,0.8,0.0,0.002
UZS_RUB,2025-09-04,0.00650805,0.0555555555555555,-0.0112576915905276,0.0,0.0,False,False,False,False,0.8,0.0,0.002
UZS_RUB,2025-09-05,0.00656975,0.011111111111111,-0.0208449872583753,1.853907462227068e-05,0.0018767837436737,False,False,False,False,0.8,0.0,0.002
UZS_RUB,2025-09-06,0.00655742,0.0222222222222222,-0.018929081981478,0.0,0.0,False,False,False,False,0.8,0.0,0.002
UZS_RUB,2025-09-09,0.00657624,0.0,-0.0206528773879937,0.0,0.0,False,False,False,False,0.8,0.0,0.002
UZS_RUB,2025-09-10,0.00669184,0.0,-0.0346216938701991,0.0,0.0010415670428462,False,False,False,False,0.8,0.0,0.002
UZS_RUB,2025-09-11,0.00687334,0.0,-0.0561289479951753,1.8539074627521895e-05,0.0274204389714462,False,False,False,False,0.8,0.0,0.002
UZS_RUB,2025-09-12,0.00693032,0.0,-0.0568668775219523,1.853907463147455e-05,0.0354168350090616,False,False,False,False,0.8,0.0,0.002
UZS_RUB,2025-09-13,0.00677894,0.0222222222222222,-0.0337815787306593,0.0008457183957668,0.0138768007977648,False,False,False,False,0.8,0.0,0.002
UZS_RUB,2025-09-16,0.00668487,0.0444444444444444,-0.0165185577168716,0.0019345627000076,0.0,False,False,False,False,0.8,0.0,0.002
UZS_RUB,2025-09-17,0.00671029,0.0333333333333333,-0.0038026169544059,0.0007478803723385,0.0,False,False,False,False,0.8,0.0,0.002
UZS_RUB,2025-09-18,0.00675601,0.0333333333333333,-0.010641942176886,0.0004279383365773,0.0,False,False,False,False,0.8,0.0,0.002
UZS_RUB,2025-09-19,0.00678723,0.0222222222222222,-0.0153121900650274,0.0002131400791486,0.0,False,False,False,False,0.8,0.0,0.002
UZS_RUB,2025-09-20,0.00678785,0.0222222222222222,-0.0154049368200129,0.0002095792084533,0.0,False,False,False,False,0.8,0.0,0.002
UZS_RUB,2025-09-23,0.0068032,0.0222222222222222,-0.0177011669636058,0.0,0.0004453786453432,False,False,False,False,0.8,0.0,0.002
UZS_RUB,2025-09-24,0.00680017,0.0333333333333333,-0.0133943540443111,0.0001574823261183,0.0,False,False,False,False,0.8,0.0,0.002
UZS_RUB,2025-09-25,0.00690093,0.011111111111111,-0.0214505307126544,1.853907463208729e-05,0.021398565120933,False,False,False,False,0.8,0.0,0.002
UZS_RUB,2025-09-26,0.00684232,0.0333333333333333,-0.0081167132983558,0.0011475042214775,0.0202548258485426,False,False,False,False,0.8,0.0,0.002
UZS_RUB,2025-09-27,0.00685359,0.0333333333333333,-0.009684951788858,0.0001497476653695,0.021865912609304,False,False,False,False,0.8,0.0,0.002
UZS_RUB,2025-09-30,0.00682674,0.0555555555555555,-0.0039072552597949,0.0012271792897635,0.0180188494068912,False,False,False,False,0.8,0.0,0.002
UZS_RUB,2025-10-01,0.00684538,0.0444444444444444,-0.0066483632026845,0.0005197369800653,0.0206927884208035,False,False,False,False,0.8,0.0,0.002
UZS_RUB,2025-10-02,0.00675326,0.1444444444444445,0.0107635562508606,0.0022645079593558,0.0073342356136147,False,False,False,False,0.8,0.0,0.002
UZS_RUB,2025-10-03,0.00670373,0.1666666666666666,0.0073342356136147,0.0015048833299073,0.0,False,False,False,False,0.8,0.0,0.002
UZS_RUB,2025-10-04,0.0067685,0.1333333333333333,-0.0096617853045991,0.0004797139236168,0.0105695501218881,False,False,False,False,0.8,0.0,0.002
UZS_RUB,2025-10-07,0.00688198,0.0222222222222222,-0.026589674703486,0.0001497476653667,0.0322988442279692,False,False,False,False,0.8,0.0,0.002
UZS_RUB,2025-10-08,0.0068149,0.0888888888888889,-0.0165833051152119,0.0019156775318345,0.0342895713803577,False,False,False,False,0.8,0.0,0.002
UZS_RUB,2025-10-09,0.00677382,0.1555555555555555,-0.0104553733518504,0.0011472379948241,0.0448358533294359,False,False,False,False,0.8,0.0,0.002
UZS_RUB,2025-10-10,0.00674371,0.1999999999999999,-0.0059638440092307,0.0007095681019794,0.0414104402472822,False,False,False,False,0.8,0.0,0.002
UZS_RUB,2025-10-11,0.00669696,0.2333333333333332,0.0069323858825483,0.0012850035792957,0.0347187380542813,False,False,False,False,0.8,0.0,0.002
UZS_RUB,2025-10-14,0.0066597,0.2666666666666667,0.0055637184633027,0.0010051469694431,0.029318137453639,False,False,False,False,0.8,0.0,0.002
UZS_RUB,2025-10-15,0.00658122,0.2777777777777778,0.0117843146087662,0.0015909035124033,0.0177429108888624,False,False,False,False,0.8,0.0,0.002
UZS_RUB,2025-10-16,0.00647011,0.4,0.0168828879751777,0.0020376445739098,0.0008747919278034,False,False,False,False,0.8,0.0,0.002
UZS_RUB,2025-10-17,0.00646445,0.4333333333333333,0.0008747919278034,0.0006046998277657,0.0,False,False,False,False,0.8,0.0,0.002
UZS_RUB,2025-10-18,0.00665928,0.2777777777777778,-0.0301386815583692,0.000395546645358,0.0,False,False,False,False,0.8,0.0,0.002
UZS_RUB,2025-10-21,0.00671924,0.2111111111111111,-0.039414025941882,0.0007873299356921,0.0299021913192562,False,False,False,False,0.8,0.0,0.002
UZS_RUB,2025-10-22,0.00674515,0.1999999999999999,-0.0434221008747844,0.0,0.033628607221485,False,False,False,False,0.8,0.0,0.002
UZS_RUB,2025-10-23,0.00679833,0.1222222222222222,-0.0516486321342109,0.0,0.0411880564785763,False,False,False,False,0.8,0.0,0.002
UZS_RUB,2025-10-24,0.00671573,0.2444444444444444,-0.0388710563156957,0.0013667462052524,0.0293951662738078,False,False,False,False,0.8,0.0,0.002
UZS_RUB,2025-10-25,0.00667566,0.3111111111111111,-0.0024597253757162,0.0010663465025181,0.023569205142263,False,False,False,False,0.8,0.0,0.002
UZS_RUB,2025-10-28,0.00651832,0.4333333333333333,0.023569205142263,0.0018801143135347,0.0,False,False,False,False,0.8,0.0,0.002
UZS_RUB,2025-10-29,0.00662195,0.3444444444444444,-0.0158982682654425,0.0005818726079175,0.0002703131252878,False,False,False,False,0.8,0.0,0.002
UZS_RUB,2025-10-30,0.00662016,0.3555555555555555,-0.0156236576295732,0.0013204150468871,0.0,False,False,False,False,0.8,0.0,0.002
UZS_RUB,2025-10-31,0.00671394,0.2555555555555555,-0.030010800328919,0.0002649267922561,0.0,False,False,False,False,0.8,0.0,0.002
UZS_RUB,2025-11-01,0.0067533,0.1999999999999999,-0.036049166042784,5.791503971399988e-05,0.0053218426547021,False,False,False,False,0.8,0.0,0.002
UZS_RUB,2025-11-02,0.00672637,0.2444444444444444,-0.031917733403699,0.0005728713884754,0.0013395040712894,False,False,False,False,0.8,0.0,0.002
UZS_RUB,2025-11-06,0.00679366,0.1333333333333333,-0.02620782579273,1.853907462251538e-05,0.0112310595466949,False,False,False,False,0.8,0.0,0.002
UZS_RUB,2025-11-07,0.00679799,0.1333333333333333,-0.0268618885344161,2.221344597447792e-05,0.0118608588715193,False,False,False,False,0.8,0.0,0.002
UZS_RUB,2025-11-08,0.0067559,0.2222222222222222,-0.0062496834943415,0.000745456353217,0.0057046433487765,False,False,False,False,0.8,0.0,0.002
UZS_RUB,2025-11-11,0.00671736,0.3,0.0013395040712894,0.0008957851992152,0.0,False,False,False,False,0.8,0.0,0.002
UZS_RUB,2025-11-12,0.00677125,0.1999999999999999,-0.008022496933319,0.0002333791409268,0.0057581687280782,False,False,False,False,0.8,0.0,0.002
UZS_RUB,2025-11-13,0.00677942,0.1777777777777778,-0.0092387485559803,0.0002727466463207,0.0069563472981464,False,False,False,False,0.8,0.0,0.002
UZS_RUB,2025-11-14,0.00673226,0.3,-0.0022181333142782,0.0011948930144706,0.0,False,False,False,False,0.8,0.0,0.002
UZS_RUB,2025-11-15,0.00676904,0.2222222222222222,-0.0076934986363689,0.0002691859879243,0.0201638637088862,False,False,False,False,0.8,0.0,0.002
UZS_RUB,2025-11-18,0.00673861,0.3111111111111111,-0.0031634451629806,0.0006302267853904,0.0216973530149392,False,False,False,False,0.8,0.0,0.002
UZS_RUB,2025-11-19,0.00674898,0.2888888888888888,-0.0024835642117208,0.0004163384122044,0.0240688222516587,False,False,False,False,0.8,0.0,0.002
UZS_RUB,2025-11-20,0.0067789,0.1999999999999999,-0.0069278370116424,0.0003645595422856,0.0287303249789789,False,False,False,False,0.8,0.0,0.002
UZS_RUB,2025-11-21,0.00677798,0.2111111111111111,-0.006791181564586,0.0008688568796455,0.0285984909958425,False,False,False,False,0.8,0.0,0.002
UZS_RUB,2025-11-22,0.00663255,0.5111111111111111,0.0157391509524961,0.0022545165623629,0.0090478021273869,False,False,False,False,0.8,0.0,0.002
UZS_RUB,2025-11-25,0.0065924,0.5444444444444445,0.0060534786771302,0.0012568755820186,0.0129163885686548,False,False,False,False,0.8,0.0,0.002
UZS_RUB,2025-11-26,0.00658654,0.5555555555555556,0.0008889023724288,0.0007385624080018,0.0120381869691826,False,False,False,False,0.8,0.0,0.002
UZS_RUB,2025-11-27,0.00658414,0.5666666666666667,0.0003643794769333,0.0011635178209606,0.0116780627386415,False,False,False,False,0.8,0.0,0.002
UZS_RUB,2025-11-28,0.00658584,0.5666666666666667,-0.0002581962108947,0.0013922260977187,0.0188935655892035,False,False,False,False,0.8,0.0,0.002
UZS_RUB,2025-11-29,0.00657254,0.6111111111111112,0.0017618094390458,0.0011267827619915,0.0322417208567768,False,False,False,False,0.8,0.0,0.002
UZS_RUB,2025-12-02,0.00650725,0.7222222222222222,0.0099337546823602,0.0016888027295555,0.0225317914633677,False,False,False,False,0.8,0.0,0.002
UZS_RUB,2025-12-03,0.00651193,0.7,-0.0007191978178185,0.0014130437941747,0.0232342792382596,False,False,False,False,0.8,0.0,0.002
UZS_RUB,2025-12-04,0.00656141,0.6444444444444444,-0.0083230243190287,0.0006227781735633,0.0306001301549514,False,False,False,False,0.8,0.0,0.002
UZS_RUB,2025-12-05,0.00646141,0.8,0.0070444504206846,0.00227699686474,0.0155972148493904,False,False,False,False,0.8,0.0,0.002
UZS_RUB,2025-12-06,0.00636063,0.9111111111111112,0.0155972148493904,0.0021797571524518,0.0,True,True,True,False,0.8,0.0,0.002
UZS_RUB,2025-12-09,0.00645923,0.8,-0.0155016091173358,0.0005913842207661,0.0082424685295305,False,False,False,False,0.8,0.0,0.002
UZS_RUB,2025-12-10,0.00640599,0.8666666666666667,-0.0071313690624985,0.0018170924275561,0.0,True,True,False,False,0.8,0.0,0.002
UZS_RUB,2025-12-11,0.00648993,0.7444444444444445,-0.0203281750392649,0.0002856524783163,0.0,False,False,False,False,0.8,0.0,0.002
UZS_RUB,2025-12-12,0.00660015,0.5444444444444445,-0.0376566472189075,0.0,0.0058619879851215,False,False,False,False,0.8,0.0,0.002
UZS_RUB,2025-12-13,0.00661796,0.5444444444444445,-0.0404566843221504,0.0,0.0085373740548447,False,False,False,False,0.8,0.0,0.002
UZS_RUB,2025-12-16,0.0065672,0.6555555555555556,-0.0251655091562739,0.0012220005491228,0.0008740406870507,False,False,False,False,0.8,0.0,0.002
UZS_RUB,2025-12-17,0.00656146,0.6666666666666667,-0.0242694727903102,0.0007767477473001,0.0062699460181118,False,False,False,False,0.8,0.0,0.002
UZS_RUB,2025-12-18,0.00666519,0.4888888888888889,-0.0270049137664042,1.853907462503596e-05,0.0248169969648276,False,False,False,False,0.8,0.0,0.002
UZS_RUB,2025-12-19,0.00665719,0.5222222222222221,-0.0145897406979544,0.0006671759651294,0.0313931253276532,False,False,False,False,0.8,0.0,0.002
UZS_RUB,2025-12-20,0.006729,0.3666666666666667,-0.0255339512852322,0.0,0.0424164065983058,False,False,False,False,0.8,0.0,0.002
UZS_RUB,2025-12-23,0.00661168,0.5888888888888889,-0.0076537843711613,0.0019738770661011,0.0259223071897005,False,False,False,False,0.8,0.0,0.002
UZS_RUB,2025-12-24,0.00652032,0.7666666666666666,0.0062699460181118,0.0016811123235208,0.0122739374754612,False,False,False,False,0.8,0.0,0.002
UZS_RUB,2025-12-25,0.00649978,0.8444444444444444,0.0031501521397721,0.0008994697614688,0.0091526174732067,False,False,False,True,0.8,0.0,0.002
UZS_RUB,2025-12-26,0.0064482,0.9333333333333332,0.0079356532067238,0.0021386435435626,0.0012266989237306,True,True,True,False,0.8,0.0,0.002
UZS_RUB,2025-12-27,0.00644358,0.9444444444444444,0.0007164790174002,0.0015349100821438,0.0005105857302927,True,True,True,True,0.8,0.0,0.002
UZS_RUB,2025-12-30,0.00644029,0.9666666666666668,0.0005105857302927,0.001254296594408,0.0,True,True,True,True,0.8,0.0,0.002
UZS_RUB,2025-12-31,0.0065165,0.7888888888888889,-0.0118333180648696,0.0008163549645054,0.0015683265556663,False,False,False,False,0.8,0.0,0.002
UZS_RUB,2026-01-13,0.00651212,0.7888888888888889,-0.0111532244665999,0.0006211911843147,0.0092197318231236,False,False,False,False,0.8,0.0,0.002
UZS_RUB,2026-01-14,0.00654486,0.7444444444444445,-0.01623684647741,0.0008616924061629,0.0151019273139531,False,False,False,False,0.8,0.0,0.002
UZS_RUB,2026-01-15,0.00654666,0.7444444444444445,-0.0165163369972469,0.0011133137289702,0.0232255837327736,False,False,False,False,0.8,0.0,0.002
UZS_RUB,2026-01-16,0.00656059,0.7333333333333334,-0.018679283075762,0.0008265425458075,0.045050826221422,False,False,False,False,0.8,0.0,0.002
UZS_RUB,2026-01-17,0.00650628,0.8555555555555556,0.0008967893712032,0.0017040598845268,0.0370795600558228,False,False,False,True,0.8,0.0,0.002
UZS_RUB,2026-01-20,0.00645208,0.9444444444444444,0.0083304130778263,0.0015333248090227,0.0289906510768619,False,False,False,True,0.8,0.0,0.002
UZS_RUB,2026-01-21,0.00644602,0.9555555555555556,0.0009392319996031,0.0010283153549942,0.0280777906367029,False,False,False,True,0.8,0.0,0.002
UZS_RUB,2026-01-22,0.00639461,0.9888888888888888,0.0079754639296806,0.0016832571071418,0.0202639410378427,False,False,False,True,0.8,0.0,0.002
UZS_RUB,2026-01-23,0.00626503,1.0,0.0202639410378427,0.0024187118977723,0.0052673331173194,False,False,False,False,0.8,0.0,0.002
UZS_RUB,2026-01-24,0.00628257,0.9888888888888888,-0.0027996673599328,0.0011359336403096,0.0139672140541211,False,False,False,False,0.8,0.0,0.002
UZS_RUB,2026-01-27,0.0062828,0.9777777777777776,-0.0028363790755989,0.0013986315799484,0.0140033106258355,False,False,False,False,0.8,0.0,0.002
UZS_RUB,2026-01-28,0.00631199,0.9666666666666668,-0.0074955746421006,0.0008055763493129,0.0185630839085612,False,False,False,False,0.8,0.0,0.002
UZS_RUB,2026-01-29,0.00626726,0.9888888888888888,-0.0003559440258067,0.0015828080523866,0.0115584801013521,False,False,False,False,0.8,0.0,0.002
UZS_RUB,2026-01-30,0.00623203,1.0,0.0052673331173194,0.0013680105854594,0.0059707671497088,False,False,False,True,0.8,0.0,0.002
UZS_RUB,2026-01-31,0.00619482,1.0,0.0059707671497088,0.0013624029424744,0.0,True,True,True,True,0.8,0.0,0.002
UZS_RUB,2026-02-03,0.00629156,0.9333333333333332,-0.0156162729506264,0.0003209724341498,0.0091233334816802,False,False,False,False,0.8,0.0,0.002
UZS_RUB,2026-02-04,0.00627992,0.9555555555555556,-0.0137372837306006,0.0011863438528356,0.0072867170282423,False,False,False,False,0.8,0.0,0.002
UZS_RUB,2026-02-05,0.00627031,0.9555555555555556,-0.0121859876477444,0.0009396588943769,0.0057652651942249,False,False,False,False,0.8,0.0,0.002
UZS_RUB,2026-02-06,0.00623416,0.9777777777777776,-0.0063504670030767,0.0013529078341107,0.0,True,True,False,False,0.8,0.0,0.002
UZS_RUB,2026-02-07,0.00626294,0.9666666666666668,-0.0109962839921094,0.0003342916439722,0.0,True,True,False,False,0.8,0.0,0.002
UZS_RUB,2026-02-10,0.0063026,0.8777777777777778,-0.0109782232089006,0.0001521809456732,0.0048440326214578,True,True,False,False,0.8,0.0,0.002
UZS_RUB,2026-02-11,0.00627207,0.9222222222222224,-0.0060810117160933,0.0013484555625495,0.0,True,True,False,False,0.8,0.0,0.002
UZS_RUB,2026-02-12,0.00630446,0.8555555555555556,-0.0112765793627368,8.370708679240076e-05,0.0043968872829709,True,True,False,False,0.8,0.0,0.002
UZS_RUB,2026-02-13,0.00628793,0.8777777777777778,-0.0086250593504176,0.0012598412751095,0.0017795999637399,True,True,False,False,0.8,0.0,0.002
UZS_RUB,2026-02-14,0.00631655,0.8222222222222222,-0.0085598776293561,0.0007131527627897,0.0063024910750329,False,False,False,False,0.8,0.0,0.002
UZS_RUB,2026-02-17,0.00628482,0.8777777777777778,-0.0020328217000128,0.0014925932395359,0.0012856374566017,True,True,False,False,0.8,0.0,0.002
UZS_RUB,2026-02-18,0.00632228,0.8,-0.0080053315731487,0.0007358007664797,0.0072030976166824,False,False,False,False,0.8,0.0,0.002
UZS_RUB,2026-02-19,0.00627674,0.9111111111111112,0.0012856374566017,0.0015493396901417,0.0,True,True,True,True,0.8,0.0,0.002
UZS_RUB,2026-02-20,0.0062978,0.8333333333333334,-0.0033552449201336,0.0004942565877131,0.0021039093016609,True,False,False,False,0.8,0.0,0.002
UZS_RUB,2026-02-21,0.00628455,0.8666666666666667,-0.0012442764874759,0.0010946148937314,0.0,True,True,False,False,0.8,0.0,0.002
UZS_RUB,2026-02-25,0.00628784,0.8444444444444444,-0.0017684339322642,0.0004945785131937,0.0,True,False,False,False,0.8,0.0,0.002
UZS_RUB,2026-02-26,0.00630034,0.8,-0.0037599135857147,0.0007881563745766,0.0,True,False,False,False,0.8,0.0,0.002
UZS_RUB,2026-02-27,0.0063545,0.7333333333333334,-0.0123885966281859,0.0,0.0037642615469352,False,False,False,False,0.8,0.0,0.002
UZS_RUB,2026-02-28,0.00634838,0.7333333333333334,-0.0101566540165962,0.0006280078656917,0.0028038649230197,False,False,False,False,0.8,0.0,0.002
UZS_RUB,2026-03-03,0.00633058,0.7333333333333334,-0.0073243112076441,0.0008379154663553,0.0,False,False,False,False,0.8,0.0,0.002
UZS_RUB,2026-03-04,0.00635628,0.7,-0.0108845008778848,0.0005485785795779,0.0,False,False,False,False,0.8,0.0,0.002
UZS_RUB,2026-03-05,0.00638769,0.6777777777777778,-0.0138643311313357,0.0001093770031732,0.0,False,False,False,False,0.8,0.0,0.002
UZS_RUB,2026-03-06,0.0064219,0.6444444444444444,-0.0144252185423769,0.0001125148398293,0.0,False,False,False,False,0.8,0.0,0.002
UZS_RUB,2026-03-07,0.00649236,0.5444444444444445,-0.0255553203655905,2.793717614239339e-05,0.0024752170243178,False,False,False,False,0.8,0.0,0.002
UZS_RUB,2026-03-11,0.00647629,0.5555555555555556,-0.0230168483772419,0.0007489001461485,0.0,False,False,False,False,0.8,0.0,0.002
UZS_RUB,2026-03-12,0.00651529,0.4666666666666667,-0.025016204446626,0.0,0.0,False,False,False,False,0.8,0.0,0.002
UZS_RUB,2026-03-13,0.00653318,0.4222222222222223,-0.0227766219087026,0.0002102996090878,0.0,False,False,False,False,0.8,0.0,0.002
UZS_RUB,2026-03-14,0.00664028,0.2222222222222222,-0.0340055123872996,1.8539074632411477e-05,0.0,False,False,False,False,0.8,0.0,0.002
UZS_RUB,2026-03-17,0.00670335,0.1777777777777778,-0.035060196501392,0.0,0.0,False,False,False,False,0.8,0.0,0.002
UZS_RUB,2026-03-18,0.00675326,0.0999999999999999,-0.0427667692459725,0.0,0.0170273319848487,False,False,False,False,0.8,0.0,0.002
UZS_RUB,2026-03-19,0.00682543,0.0,-0.0476018719043972,0.0,0.0283747690621689,False,False,False,False,0.8,0.0,0.002
UZS_RUB,2026-03-20,0.00695845,0.0,-0.06509387465216,0.0,0.0469486739144492,False,False,False,False,0.8,0.0,0.002
UZS_RUB,2026-03-21,0.00688958,0.011111111111111,-0.037543597559139,0.000480412595238,0.0374217296264793,False,False,False,False,0.8,0.0,0.002
UZS_RUB,2026-03-24,0.00671554,0.2111111111111111,-0.0018184937382054,0.0018802501346577,0.0124755418030418,False,False,False,False,0.8,0.0,0.002
UZS_RUB,2026-03-25,0.00663827,0.2555555555555555,0.0115061484258897,0.0015530488119796,0.0009806771945099,False,False,False,False,0.8,0.0,0.002
UZS_RUB,2026-03-26,0.00663176,0.2666666666666667,0.0009806771945099,0.0005120770963213,0.0,False,False,False,False,0.8,0.0,0.002
UZS_RUB,2026-03-27,0.00674321,0.1333333333333333,-0.0168054935643026,0.0004279383365786,0.0194773705698029,False,False,False,False,0.8,0.0,0.002
UZS_RUB,2026-03-28,0.00665363,0.2222222222222222,-0.0032977671085804,0.0019388571036712,0.0154336805623396,False,False,False,False,0.8,0.0,0.002
UZS_RUB,2026-03-31,0.00665772,0.1999999999999999,-0.0039144963026405,0.0004797139236255,0.0287726128464398,False,False,False,False,0.8,0.0,0.002
UZS_RUB,2026-04-01,0.00666303,0.1888888888888888,-0.0047151887281807,0.0003245302719483,0.0318803907531559,False,False,False,False,0.8,0.0,0.002
UZS_RUB,2026-04-02,0.00666303,0.1777777777777778,-0.0047151887281807,0.0007036423401965,0.0389687574571929,False,False,False,False,0.8,0.0,0.002
UZS_RUB,2026-04-03,0.00661187,0.2777777777777778,0.0062762732523449,0.0015957226101843,0.0349250665847937,False,False,False,False,0.8,0.0,0.002
UZS_RUB,2026-04-04,0.00655094,0.4,0.0092152447038432,0.0016619016733323,0.0336196026829737,False,False,False,False,0.8,0.0,0.002
UZS_RUB,2026-04-07,0.00646616,0.5555555555555556,0.0129416541748206,0.0018906275312705,0.0275526742301458,False,False,False,False,0.8,0.0,0.002
UZS_RUB,2026-04-08,0.00645061,0.5888888888888889,0.0024048275947394,0.0011573408214726,0.0314884948865301,False,False,False,False,0.8,0.0,0.002
UZS_RUB,2026-04-09,0.00640338,0.6555555555555556,0.0073217881719712,0.0016261698331975,0.0361949470435926,False,False,False,False,0.8,0.0,0.002
UZS_RUB,2026-04-10,0.00638095,0.6777777777777778,0.0035028375639116,0.0021286132715817,0.0328070271668011,False,False,False,False,0.8,0.0,0.002
UZS_RUB,2026-04-11,0.0063307,0.7222222222222222,0.0078750029384339,0.0020752315022035,0.0251299224414361,False,False,False,False,0.8,0.0,0.002
UZS_RUB,2026-04-14,0.006288,0.8222222222222222,0.0067449097256227,0.0023688785951018,0.0185098600508905,False,False,False,False,0.8,0.0,0.002
UZS_RUB,2026-04-15,0.00624749,0.9666666666666668,0.0064424300254453,0.0016191839612388,0.0121456777041659,False,False,False,True,0.8,0.0,0.002
UZS_RUB,2026-04-16,0.00617161,1.0,0.0121456777041659,0.0020049767123003,0.0,True,True,True,False,0.8,0.0,0.002
UZS_RUB,2026-04-17,0.00625439,0.9444444444444444,-0.0134130316076356,0.0006227781735549,0.0111585622258925,False,False,False,False,0.8,0.0,0.002
UZS_RUB,2026-04-18,0.00627066,0.8888888888888888,-0.0160492966989164,0.0013327018082625,0.0137242331748172,False,False,False,False,0.8,0.0,0.002
UZS_RUB,2026-04-21,0.00621931,0.9777777777777776,-0.0077289394501595,0.0020148908299794,0.0055810049667888,False,False,False,False,0.8,0.0,0.002
UZS_RUB,2026-04-22,0.0061846,0.9888888888888888,-0.0021047992339114,0.0017826217518675,0.0,True,True,False,False,0.8,0.0,0.002
UZS_RUB,2026-04-23,0.00622791,0.9555555555555556,-0.0091224170030185,0.0009005475479735,0.0050707219596943,False,False,False,False,0.8,0.0,0.002
UZS_RUB,2026-04-24,0.00622796,0.9444444444444444,-0.0070109627138376,0.0015934306832574,0.0050787095613973,False,False,False,False,0.8,0.0,0.002
UZS_RUB,2026-04-25,0.00628322,0.7777777777777778,-0.0159460595673123,0.0004589234750175,0.0138288966485337,False,False,False,False,0.8,0.0,0.002
UZS_RUB,2026-04-28,0.00619633,0.9666666666666668,-0.0018966465090708,0.001972849233175,0.0,True,True,False,False,0.8,0.0,0.002
UZS_RUB,2026-04-29,0.00620945,0.9555555555555556,-0.0040180448210069,0.0010027122125952,0.0,True,True,False,False,0.8,0.0,0.002
UZS_RUB,2026-04-30,0.00625319,0.8777777777777778,-0.0091763995784601,0.0008447036212397,0.0149987446407353,False,False,False,False,0.8,0.0,0.002
UZS_RUB,2026-05-01,0.00626603,0.8333333333333334,-0.0112485939257592,0.0004710363526985,0.0234678097615235,False,False,False,False,0.8,0.0,0.002
UZS_RUB,2026-05-05,0.00628996,0.6666666666666667,-0.015110557378319,0.0002446540313928,0.0341353522120967,False,False,False,False,0.8,0.0,0.002
UZS_RUB,2026-05-06,0.00625932,0.8555555555555556,-0.0101656948548575,0.0010565240853957,0.0295000095857057,False,False,False,False,0.8,0.0,0.002
UZS_RUB,2026-05-07,0.00623015,0.9111111111111112,-0.0033336285822416,0.0011036421943292,0.0249560604479828,False,False,False,False,0.8,0.0,0.002
UZS_RUB,2026-05-08,0.0061594,1.0,0.011356066868374,0.0015511017655614,0.0137562100204565,False,False,False,True,0.8,0.0,0.002
UZS_RUB,2026-05-09,0.00611898,1.0,0.0065623274994316,0.0014562003376216,0.0162608800813208,False,False,False,True,0.8,0.0,0.002
UZS_RUB,2026-05-13,0.00607525,1.0,0.0071466159392579,0.0018983942858977,0.0266161886342125,False,False,False,True,0.8,0.0,0.002
UZS_RUB,2026-05-14,0.00607467,1.0,9.546932225011727e-05,0.0021282837465245,0.0328231821646278,False,False,False,False,0.8,0.0,0.002
UZS_RUB,2026-05-15,0.00610742,0.9777777777777776,-0.0053912393595042,0.0012809973656797,0.0380095031944748,False,False,False,False,0.8,0.0,0.002
UZS_RUB,2026-05-16,0.00610092,0.9777777777777776,-0.0043212223873889,0.0019121221680664,0.0369845859313021,False,False,False,False,0.8,0.0,0.002
UZS_RUB,2026-05-19,0.00601948,1.0,0.0090852671832379,0.0021057588562964,0.0239555576229175,False,False,False,False,0.8,0.0,0.002
UZS_RUB,2026-05-20,0.00591355,1.0,0.0175978655963637,0.002298403278572,0.0064715779861504,False,False,False,False,0.8,0.0,0.002
UZS_RUB,2026-05-21,0.00587528,1.0,0.0064715779861504,0.0013288523632575,0.0,True,True,True,True,0.8,0.0,0.002
UZS_RUB,2026-05-22,0.00588877,0.9888888888888888,-0.002296060783486,0.0006533114957113,0.0,True,True,False,False,0.8,0.0,0.002
UZS_RUB,2026-05-23,0.00594417,0.9666666666666668,-0.0117253986192998,0.001380030486157,0.006172434503051,False,False,False,False,0.8,0.0,0.002
UZS_RUB,2026-05-26,0.00596325,0.9555555555555556,-0.014972903419071,0.0002856524783129,0.0093522827317318,False,False,False,False,0.8,0.0,0.002
UZS_RUB,2026-05-27,0.00597137,0.9444444444444444,-0.0163549652101687,0.0016789866515725,0.0106993872427936,False,False,False,False,0.8,0.0,0.002
UZS_RUB,2026-05-28,0.00590748,0.9777777777777776,-0.005480589861249,0.0015174466755706,0.0,True,True,False,False,0.8,0.0,0.002
UZS_RUB,2026-05-29,0.00594666,0.9444444444444444,-0.0098305758248327,0.0004676167337631,0.0048901400113677,True,True,False,False,0.8,0.0,0.002
UZS_RUB,2026-05-30,0.00591758,0.9555555555555556,-0.0017096968588976,0.0014151917502256,0.0,True,True,False,False,0.8,0.0,0.002
UZS_RUB,2026-06-02,0.0059882,0.9,-0.0136640327178425,0.0001843169385958,0.0,True,True,False,False,0.8,0.0,0.002
UZS_RUB,2026-06-03,0.00607976,0.8555555555555556,-0.0291630272129571,0.0002346420806742,0.0196718291511507,False,False,False,False,0.8,0.0,0.002
UZS_RUB,2026-06-04,0.00612694,0.8111111111111111,-0.037149512143926,0.0001908613016611,0.0279617557867385,False,False,False,False,0.8,0.0,0.002
UZS_RUB,2026-06-05,0.00619274,0.7666666666666666,-0.0464987376596514,0.0,0.0382899976424006,False,False,False,False,0.8,0.0,0.002
UZS_RUB,2026-06-06,0.00619274,0.7555555555555555,-0.0464987376596514,0.0008501666058805,0.0382899976424006,False,False,False,False,0.8,0.0,0.002
UZS_RUB,2026-06-09,0.00609856,0.8444444444444444,-0.0184295781704018,0.001721031273858,0.0234383198656732,False,False,False,False,0.8,0.0,0.002
UZS_RUB,2026-06-10,0.00596016,0.9222222222222224,0.0196718291511507,0.0017690402769891,0.0007617245174626,True,True,True,True,0.8,0.0,0.002
UZS_RUB,2026-06-11,0.00595562,0.9222222222222224,0.0007617245174626,0.0010474929745349,0.0,True,True,True,True,0.8,0.0,0.002
UZS_RUB,2026-06-12,0.00598509,0.8777777777777778,-0.0049482673508384,0.0011945022160569,0.0,True,True,False,False,0.8,0.0,0.002
UZS_RUB,2026-06-16,0.00604777,0.8444444444444444,-0.0154727803318546,0.0007066226352192,0.0069893531003989,False,False,False,False,0.8,0.0,0.002
UZS_RUB,2026-06-17,0.0060055,0.8555555555555556,-0.0083752825062714,0.0016405019842478,0.0,True,True,False,False,0.8,0.0,0.002
UZS_RUB,2026-06-18,0.00603614,0.8333333333333334,-0.0135200029551918,0.0,0.0,True,False,False,False,0.8,0.0,0.002
UZS_RUB,2026-06-19,0.00606998,0.8111111111111111,-0.0192020310227986,0.0001539212571869,0.0,True,False,False,False,0.8,0.0,0.002
UZS_RUB,2026-06-20,0.00609025,0.7666666666666666,-0.0175703289340678,0.0008045584819998,0.0,False,False,False,False,0.8,0.0,0.002
UZS_RUB,2026-06-23,0.00615208,0.7,-0.0244076263425192,0.0003726401397088,0.0,False,False,False,False,0.8,0.0,0.002
UZS_RUB,2026-06-24,0.00620952,0.6111111111111112,-0.0339721921571891,0.0,0.0,False,False,False,False,0.8,0.0,0.002
UZS_RUB,2026-06-25,0.00621851,0.6,-0.0302130169280368,0.0005983676059378,0.0,False,False,False,False,0.8,0.0,0.002
UZS_RUB,2026-06-26,0.0062958,0.3888888888888888,-0.0372027584934381,1.853907462108201e-05,0.0,False,False,False,False,0.8,0.0,0.002
UZS_RUB,2026-06-27,0.00641679,0.2555555555555555,-0.0536168465990723,0.0,0.0,False,False,False,False,0.8,0.0,0.002
UZS_RUB,2026-06-30,0.00644681,0.2444444444444444,-0.0479073744164575,0.0,0.0,False,False,False,False,0.8,0.0,0.002
UZS_RUB,2026-07-01,0.00651743,0.1888888888888888,-0.0495867635501618,1.853907463535142e-05,0.0283639410012842,False,False,False,False,0.8,0.0,0.002
UZS_RUB,2026-07-02,0.00655804,0.1666666666666666,-0.0545998961165938,5.190904742878744e-05,0.0343806991113198,False,False,False,False,0.8,0.0,0.002
UZS_RUB,2026-07-03,0.00654337,0.1888888888888888,-0.0393230407573302,0.0003063876079451,0.033973319558576,False,False,False,False,0.8,0.0,0.002
UZS_RUB,2026-07-04,0.00644956,0.2777777777777778,-0.0051069148281305,0.0018180207896817,0.0199222892724465,False,False,False,False,0.8,0.0,0.002
UZS_RUB,2026-07-07,0.00647477,0.2555555555555555,-0.0043370287010165,0.0002691859879193,0.0237382949510176,False,False,False,False,0.8,0.0,0.002
UZS_RUB,2026-07-08,0.00633257,0.4,0.0181392219004087,0.0025206020711496,0.0018160083504801,False,False,False,False,0.8,0.0,0.002
UZS_RUB,2026-07-09,0.00636436,0.3666666666666667,-0.0050200787358055,0.0004279383365806,0.0068019408078739,False,False,False,False,0.8,0.0,0.002
UZS_RUB,2026-07-10,0.00632107,0.4333333333333333,0.0018160083504801,0.0017467986324782,0.0,False,False,False,False,0.8,0.0,0.002
UZS_RUB,2026-07-11,0.00634853,0.3888888888888888,-0.0043442012190973,0.0004243782309132,0.0019626590722576,False,False,False,False,0.8,0.0,0.002
UZS_RUB,2026-07-14,0.00633607,0.4,-0.0023730159609053,0.0006939538098221,0.0,False,False,False,False,0.8,0.0,0.002
UZS_RUB,2026-07-15,0.00642255,0.3111111111111111,-0.016054243980845,0.0,0.0,False,False,False,False,0.8,0.0,0.002
UZS_RUB,2026-07-16,0.00644858,0.3,-0.0201722176783361,0.0,0.0,False,False,False,False,0.8,0.0,0.002
UZS_RUB,2026-07-17,0.00647613,0.2555555555555555,-0.0245306569931989,0.0,0.0,False,False,False,False,0.8,0.0,0.002
UZS_RUB,2026-07-18,0.00651626,0.2222222222222222,-0.0284387640919371,0.0,0.0057548348285673,False,False,False,False,0.8,0.0,0.002
UZS_RUB,2026-07-21,0.0065481,0.1888888888888888,-0.0334639610989146,0.0001201415008933,0.010589331256395,False,False,False,False,0.8,0.0,0.002
UZS_RUB,2026-07-22,0.00655351,0.1777777777777778,-0.0203906548022203,0.0,0.0114061014631854,False,False,False,False,0.8,0.0,0.002
UZS_RUB,2026-07-23,0.00651312,0.2444444444444444,-0.0100084049511675,0.000788751138287,0.0052755054413245,False,False,False,False,0.8,0.0,0.002
UZS_RUB,2026-07-24,0.00647876,0.2444444444444444,-0.0004061067334967,0.000509987600868,0.0,False,False,False,False,0.8,0.0,0.002
UZS_RUB,2026-07-25,0.00649224,0.2333333333333332,-0.0020806450617092,0.0008166477733724,0.0,False,False,False,False,0.8,0.0,0.002
UZS_RUB,2026-07-28,0.00650744,0.2222222222222222,-0.0044267730244675,0.0004279383365808,0.0,False,False,False,False,0.8,0.0,0.002
UZS_RUB,2026-07-29,0.00653077,0.1777777777777778,-0.0080277707462538,5.435361615860039e-05,0.0,False,False,False,False,0.8,0.0,0.002
UZS_RUB,2026-07-30,0.00659371,0.1111111111111111,-0.0177425927183596,0.0,0.0,False,False,False,False,0.8,0.0,0.002
UZS_RUB,2026-07-31,0.00665123,0.0666666666666666,-0.0266208348511135,0.0,0.0010840100252134,False,False,False,False,0.8,0.0,0.002
UZS_RUB,2026-08-01,0.00664402,0.0666666666666666,-0.0233786797777038,0.0,0.0,False,False,False,False,0.8,0.0,0.002
UZS_RUB,2026-08-04,0.00667826,0.011111111111111,-0.0262499538989219,0.0,0.0,False,False,False,False,0.8,0.0,0.002
UZS_RUB,2026-08-05,0.00679347,0.0,-0.0402249658156695,0.0,0.0,False,False,False,False,0.8,0.0,0.002
UZS_RUB,2026-08-06,0.00680838,0.0,-0.032556785178602,1.853907462573456e-05,0.0,False,False,False,False,0.8,0.0,0.002
UZS_RUB,2026-08-07,0.006832,0.0,-0.0282931117004465,0.0,0.0,False,False,False,False,0.8,0.0,0.002
UZS_RUB,2026-08-08,0.00687465,0.0,-0.0347124180842322,0.0,0.0,False,False,False,False,0.8,0.0,0.002
UZS_RUB,2026-08-11,0.00692155,0.0,-0.0364301479726755,0.0,0.0028057299304346,False,False,False,False,0.8,0.0,0.002
UZS_RUB,2026-08-12,0.00690213,0.011111111111111,-0.015994771449642,0.0,0.0,False,False,False,False,0.8,0.0,0.002
UZS_RUB,2026-08-13,0.00698049,0.0,-0.0252791412935235,1.8539074620846265e-05,0.0,False,False,False,False,0.8,0.0,0.002
UZS_RUB,2026-08-14,0.00701387,0.0,-0.0266203161592505,0.0,0.0,False,False,False,False,0.8,0.0,0.002
UZS_RUB,2026-08-15,0.00708206,0.0,-0.0301702632133999,0.0,0.0116943375232629,False,False,False,False,0.8,0.0,0.002
UZS_RUB,2026-08-18,0.0071493,0.0,-0.0358106845278196,0.0,0.0209894675003146,False,False,False,False,0.8,0.0,0.002
UZS_RUB,2026-08-19,0.00718242,0.0,-0.0406092032459544,0.0,0.0255039387838639,False,False,False,False,0.8,0.0,0.002
UZS_RUB,2026-08-20,0.0072019,0.0,-0.0317184037223747,0.0,0.0281397964426053,False,False,False,False,0.8,0.0,0.002
