corridor,date,rate_t,golden_good_day,golden_window_closing,golden_positive_market_fact,good_day_candidate,window_closing_candidate,positive_market_fact_candidate,past_rebound_bps,mean_change_h5_bps,n_worse_days_h5,methodology_historical_eligible
AMD_RUB,2025-01-01,0.256456,False,0,0,True,False,False,0.0,-10.753003895780155,0,False
AMD_RUB,2025-01-02,0.256456,False,0,0,True,False,False,0.0,2.3497172488118334,3,False
AMD_RUB,2025-01-03,0.256456,False,0,0,True,False,False,0.0,-4.2327871547840346,1,False
AMD_RUB,2025-01-06,0.256456,False,0,0,True,False,False,0.0,-6.347313850071146,0,False
AMD_RUB,2025-01-07,0.256456,False,0,0,True,False,False,0.0,-9.919790200176191,0,False
AMD_RUB,2025-01-08,0.256456,True,0,0,True,False,False,0.0,-4.854734114180692,0,False
AMD_RUB,2025-01-09,0.256456,True,0,0,True,False,False,0.0,-10.735805063569526,0,False
AMD_RUB,2025-01-10,0.257758,True,0,0,True,False,False,50.7689428206004,0.12199962994507985,3,False
AMD_RUB,2025-01-13,0.256815,False,0,0,True,False,False,13.998502667125212,-11.936077676945711,0,False
AMD_RUB,2025-01-14,0.258567,False,0,0,True,False,False,82.3143151261796,2.931490181874219,4,False
AMD_RUB,2025-01-15,0.260038,False,0,0,False,False,False,139.67308232211371,-2.742545791139417,2,True
AMD_RUB,2025-01-16,0.258253,False,0,0,True,False,False,70.07049942290288,-37.546136307943904,0,False
AMD_RUB,2025-01-17,0.257162,False,0,0,True,False,False,27.529088810556157,-31.984566431400687,0,False
AMD_RUB,2025-01-20,0.256715,False,0,1,True,False,True,0.0,-24.953094387915485,0,False
AMD_RUB,2025-01-21,0.255764,False,0,1,True,False,True,0.0,-50.87213463585694,0,False
AMD_RUB,2025-01-22,0.250547,False,0,1,True,False,True,0.0,-36.270145278515464,0,False
AMD_RUB,2025-01-23,0.246477,False,0,1,True,False,True,0.0,-39.26926485800375,0,False
AMD_RUB,2025-01-24,0.24844,False,0,1,True,False,True,79.64231956734346,42.685569724183026,5,False
AMD_RUB,2025-01-27,0.246293,False,0,1,True,False,True,0.0,-29.66742834955238,0,False
AMD_RUB,2025-01-28,0.24383,True,0,1,True,False,True,0.0,-39.3226806424094,0,False
AMD_RUB,2025-01-29,0.245923,True,0,1,True,False,True,85.83849403272836,-0.6358374143486941,3,False
AMD_RUB,2025-01-30,0.246096,True,0,1,True,False,True,92.93360127958117,-25.18318702492417,0,False
AMD_RUB,2025-01-31,0.246296,False,0,0,False,False,False,101.13603740310894,-38.85023161083034,0,True
AMD_RUB,2025-02-03,0.246158,False,0,0,True,False,False,95.47635647787489,-24.977653615987137,0,False
AMD_RUB,2025-02-04,0.251753,False,0,0,False,False,False,324.9395070335903,-32.524356888331994,1,False
AMD_RUB,2025-02-05,0.248377,False,0,0,False,False,False,186.482385268425,-61.84129404685757,0,True
AMD_RUB,2025-02-06,0.247253,False,0,0,False,False,False,140.3846942541942,-29.74684710260656,0,True
AMD_RUB,2025-02-07,0.244211,False,0,1,True,False,True,15.62564081532214,-29.742638849646234,0,False
AMD_RUB,2025-02-10,0.245176,False,0,0,True,False,False,39.51500956140386,-26.327094685706157,0,False
AMD_RUB,2025-02-11,0.244146,False,0,1,True,False,True,0.0,-26.527437300065458,0,False
AMD_RUB,2025-02-12,0.241596,False,0,1,True,False,True,0.0,-24.08397306474064,0,False
AMD_RUB,2025-02-13,0.237161,False,0,1,False,False,True,0.0,-20.924931528834456,0,False
AMD_RUB,2025-02-14,0.229633,False,0,1,False,False,True,0.0,26.494839336242524,4,False
AMD_RUB,2025-02-17,0.227762,False,0,1,True,False,True,0.0,30.980821188889344,5,False
AMD_RUB,2025-02-18,0.230669,False,0,1,False,True,True,127.63323117991776,51.51523717774164,5,True
AMD_RUB,2025-02-19,0.230522,False,0,1,False,False,True,121.17912557845445,-2.28385980894541,1,True
AMD_RUB,2025-02-20,0.228512,False,0,1,True,False,True,32.929110211536994,-14.714225260687774,0,False
AMD_RUB,2025-02-21,0.223901,False,0,1,True,False,True,0.0,-0.44281239135823824,2,False
AMD_RUB,2025-02-24,0.223543,False,0,1,False,False,True,0.0,16.339206504858872,5,False
AMD_RUB,2025-02-25,0.223931,False,0,1,False,False,True,17.356839623696718,1.3096937052854418,4,False
AMD_RUB,2025-02-26,0.220129,True,0,1,False,False,True,0.0,-25.956639295656505,0,False
AMD_RUB,2025-02-27,0.218363,True,0,1,False,False,True,0.0,-10.36534282069268,0,False
AMD_RUB,2025-02-28,0.222999,False,0,1,False,False,True,212.3070300371399,45.37005417635553,5,False
AMD_RUB,2025-03-03,0.224372,False,0,0,False,False,False,275.18398263441935,-2.671807057067266,1,False
AMD_RUB,2025-03-04,0.2267,False,0,0,False,False,False,381.7954506944865,-9.040652680197827,1,False
AMD_RUB,2025-03-05,0.22659,False,0,0,False,False,False,376.75796723803944,-29.39583928088818,0,False
AMD_RUB,2025-03-06,0.227714,False,0,0,False,False,False,428.23188910209086,-15.349972604793203,2,False
AMD_RUB,2025-03-07,0.227007,False,0,0,False,False,False,395.85460906838455,-37.16910462057022,0,False
AMD_RUB,2025-03-10,0.225901,False,0,0,False,False,False,130.13511271350976,-11.546657812396388,0,True
AMD_RUB,2025-03-11,0.223918,False,0,1,True,False,True,0.0,-34.1263124799871,0,False
AMD_RUB,2025-03-12,0.219691,False,0,1,True,False,True,0.0,-42.0311632005348,0,False
AMD_RUB,2025-03-13,0.220173,False,0,1,True,False,True,21.93990650504629,9.050003252876415,5,False
AMD_RUB,2025-03-14,0.22055,False,0,1,True,False,True,39.10037279633683,-6.432433810479532,1,False
AMD_RUB,2025-03-17,0.218434,False,0,1,True,False,True,0.0,7.409445757055266,5,False
AMD_RUB,2025-03-18,0.21488,False,0,1,False,False,True,0.0,-5.217414912410012,1,False
AMD_RUB,2025-03-19,0.208146,True,0,1,False,False,True,0.0,25.78698101881116,5,False
AMD_RUB,2025-03-20,0.211581,False,1,1,False,True,True,165.02839353146337,134.03491424067715,5,True
AMD_RUB,2025-03-21,0.215152,False,0,1,False,False,True,336.5906623235615,88.62676213219656,5,False
AMD_RUB,2025-03-24,0.215621,False,0,1,False,False,True,359.122923332662,7.753540528697033,5,False
AMD_RUB,2025-03-25,0.214056,False,0,1,False,False,True,283.93531463491996,6.714076361777899,3,False
AMD_RUB,2025-03-26,0.214888,False,0,0,False,False,False,323.9072574058599,38.23941131433628,5,False
AMD_RUB,2025-03-27,0.214922,False,0,0,False,False,False,325.5407262210186,-5.086307630532749,1,False
AMD_RUB,2025-03-28,0.213968,False,0,1,False,False,True,279.7075129956861,-17.55244104523279,0,False
AMD_RUB,2025-03-31,0.213696,True,0,0,False,False,False,0.0,-4.844189261418386,2,False
AMD_RUB,2025-04-01,0.218342,False,0,0,False,False,False,217.4116501946699,35.89432352942401,5,False
AMD_RUB,2025-04-02,0.217005,False,0,0,False,False,False,154.8461365678344,-49.68580366079145,0,True
AMD_RUB,2025-04-03,0.216158,False,0,0,False,False,False,115.21039233303387,-22.03430642069404,0,True
AMD_RUB,2025-04-04,0.215637,True,0,1,False,False,True,90.82996406109656,-5.63860097682789,0,False
AMD_RUB,2025-04-07,0.215422,False,0,1,True,False,True,80.76894279724468,3.1644090693425664,3,False
AMD_RUB,2025-04-08,0.220354,False,0,0,False,False,False,311.5640910452222,41.875311530205295,5,False
AMD_RUB,2025-04-09,0.218573,False,0,0,False,False,False,228.22139862234135,-41.14696403396856,0,False
AMD_RUB,2025-04-10,0.219747,False,0,0,False,False,False,283.15925426774413,-1.989247351945167,2,False
AMD_RUB,2025-04-11,0.217387,False,0,0,True,False,False,91.2163103118524,-20.898667188690602,0,False
AMD_RUB,2025-04-14,0.214806,False,0,0,True,False,False,0.0,15.096341262908819,5,False
AMD_RUB,2025-04-15,0.211724,False,0,1,True,False,True,0.0,8.949310162343682,5,False
AMD_RUB,2025-04-16,0.210659,False,0,1,False,False,True,0.0,53.80431133270181,5,False
AMD_RUB,2025-04-17,0.21108,False,0,1,False,False,True,19.98490451392998,35.57951336944365,5,False
AMD_RUB,2025-04-18,0.209802,False,0,1,False,False,True,0.0,19.21856108228326,5,False
AMD_RUB,2025-04-21,0.207565,True,0,1,False,False,True,0.0,21.808212730909826,5,False
AMD_RUB,2025-04-22,0.206806,True,0,1,False,False,True,0.0,6.436330650064548,5,False
AMD_RUB,2025-04-23,0.208807,True,0,0,False,False,False,96.75734746574128,47.411675091391544,5,False
AMD_RUB,2025-04-24,0.211428,False,0,0,False,False,False,223.49448275195138,23.949987819729124,5,False
AMD_RUB,2025-04-25,0.212691,False,0,0,False,False,False,284.5662118120362,-2.6758720920616597,2,False
AMD_RUB,2025-04-28,0.211756,False,0,0,False,False,False,239.35475759890858,4.242713492053296,4,False
AMD_RUB,2025-04-29,0.211952,False,0,0,False,False,False,248.83223890989737,3.565317857145756,2,False
AMD_RUB,2025-04-30,0.209428,False,0,0,False,False,False,126.78548978269477,-13.935753242566353,1,True
AMD_RUB,2025-05-01,0.208989,False,0,1,False,True,True,105.55786582594484,25.312930558154534,5,True
AMD_RUB,2025-05-02,0.208989,False,0,1,False,False,True,105.55786582594484,10.563426962837852,5,True
AMD_RUB,2025-05-05,0.208989,False,0,1,True,False,True,0.0,2.0768759484950383,3,False
AMD_RUB,2025-05-06,0.210326,False,0,0,True,False,False,63.97465895334298,26.34003400364993,5,False
AMD_RUB,2025-05-07,0.207889,True,0,0,False,False,False,0.0,3.005887320613354,3,False
AMD_RUB,2025-05-08,0.20772,True,0,0,False,False,False,0.0,29.62238499821268,5,False
AMD_RUB,2025-05-09,0.20772,True,0,0,False,False,False,0.0,14.069423541476223,5,False
AMD_RUB,2025-05-12,0.20772,True,0,0,False,False,False,0.0,-2.627739345271829,3,False
AMD_RUB,2025-05-13,0.208014,True,0,1,False,False,True,14.153668399770059,3.6540946944678687,4,False
AMD_RUB,2025-05-14,0.20756,True,0,1,False,False,True,0.0,10.118939601334585,4,False
AMD_RUB,2025-05-15,0.206767,True,0,1,False,False,True,0.0,1.7524755712459155,3,False
AMD_RUB,2025-05-16,0.20756,True,0,1,False,False,True,38.352348295422885,17.638727749765383,4,False
AMD_RUB,2025-05-19,0.209067,False,0,0,False,False,False,111.2363191418364,9.575831645320276,4,True
AMD_RUB,2025-05-20,0.208218,False,0,0,True,False,False,70.17560829339243,7.561832730233808,4,False
AMD_RUB,2025-05-21,0.208634,False,0,0,True,False,False,90.29487297295802,31.107260131207237,5,False
AMD_RUB,2025-05-22,0.207118,False,0,1,True,False,True,16.97562957338361,28.664800016807042,5,False
AMD_RUB,2025-05-23,0.207407,False,0,1,True,False,True,30.952714891641087,32.7469944655614,5,False
AMD_RUB,2025-05-26,0.207705,False,0,0,True,False,False,28.34133199432154,13.97404207319708,4,False
AMD_RUB,2025-05-27,0.207369,False,0,1,False,False,True,12.11869562278478,14.159499284477352,4,False
AMD_RUB,2025-05-28,0.207143,False,0,1,True,False,True,1.2070413966913662,11.172029084356438,5,False
AMD_RUB,2025-05-29,0.207107,False,0,1,True,False,True,0.0,10.282895247155643,5,False
AMD_RUB,2025-05-30,0.204339,True,0,1,False,False,True,0.0,44.478542403731055,5,False
AMD_RUB,2025-06-02,0.204764,True,0,1,True,False,True,20.79877067030722,33.84291491126845,5,False
AMD_RUB,2025-06-03,0.206091,True,0,0,True,False,False,85.7398734455983,40.4838409472692,5,False
AMD_RUB,2025-06-04,0.205426,True,0,0,True,False,False,53.19591463205819,26.749424581888,5,False
AMD_RUB,2025-06-05,0.204561,True,0,1,True,False,True,10.8642990324892,29.855259491828882,5,False
AMD_RUB,2025-06-06,0.206383,False,0,0,False,True,False,100.0298523531984,26.773412686381448,5,True
AMD_RUB,2025-06-09,0.206463,False,0,0,False,False,False,103.9449150676086,12.975363831779774,5,True
AMD_RUB,2025-06-10,0.206615,False,0,0,False,False,False,100.41014660663538,15.531323948058784,5,True
AMD_RUB,2025-06-11,0.204934,True,0,0,True,False,False,18.234169758655216,17.41631658546794,5,False
AMD_RUB,2025-06-12,0.206139,False,0,0,True,False,False,77.14080396556523,22.954061231327927,5,False
AMD_RUB,2025-06-13,0.206139,False,0,0,True,False,False,77.14080396556523,10.546004925030328,4,False
AMD_RUB,2025-06-16,0.206139,False,0,0,True,False,False,58.79941834932234,7.372318329797345,4,False
AMD_RUB,2025-06-17,0.204572,True,0,1,True,False,True,0.0,19.051530542379513,5,False
AMD_RUB,2025-06-18,0.204834,False,0,0,True,False,False,12.807226795454874,11.155793621608899,5,False
AMD_RUB,2025-06-19,0.204759,True,0,1,True,False,True,9.141035918893703,5.4088045994302725,4,False
AMD_RUB,2025-06-20,0.203955,True,0,1,True,False,True,0.0,10.595194938233465,5,False
AMD_RUB,2025-06-23,0.203541,True,0,1,True,False,True,0.0,20.43977170931832,4,False
AMD_RUB,2025-06-24,0.202788,True,0,1,True,False,True,0.0,10.190474896971446,4,False
AMD_RUB,2025-06-25,0.203281,True,0,1,True,False,True,24.31110322109742,8.784676004421232,5,False
AMD_RUB,2025-06-26,0.202953,True,0,1,True,False,True,8.136576128765505,0.6184493336565122,3,False
AMD_RUB,2025-06-27,0.203195,True,0,1,True,False,True,20.07022111762069,2.6513129262268897,4,False
AMD_RUB,2025-06-30,0.204175,True,0,0,True,False,False,68.3965520642249,0.16705123099836072,3,False
AMD_RUB,2025-07-01,0.204251,True,0,0,True,False,False,72.14430834171503,3.3985564062870566,5,False
AMD_RUB,2025-07-02,0.203514,True,0,0,True,False,False,35.800934966565556,3.3870183319268947,3,False
AMD_RUB,2025-07-03,0.204556,True,0,0,True,False,False,87.18464603428177,11.852260777130752,5,False
AMD_RUB,2025-07-04,0.204919,False,0,0,False,False,False,105.08511351756455,19.917636999954077,5,True
AMD_RUB,2025-07-07,0.205162,False,0,0,True,False,False,96.80356307980142,18.84346916783386,5,False
AMD_RUB,2025-07-08,0.204937,False,0,0,True,False,False,69.9214796033698,-3.1369399892260397,2,False
AMD_RUB,2025-07-09,0.203462,True,0,0,True,False,False,0.0,2.7646727449033293,4,False
AMD_RUB,2025-07-10,0.20367,True,0,0,True,False,False,10.223039191592509,8.782129338758882,5,False
AMD_RUB,2025-07-11,0.20301,True,0,1,True,False,True,0.0,2.7539507989597922,3,False
AMD_RUB,2025-07-14,0.202874,True,0,1,True,False,True,0.0,-7.827950103066472,1,False
AMD_RUB,2025-07-15,0.20402,True,0,0,True,False,False,56.48826365133086,1.152511344634899,3,False
AMD_RUB,2025-07-16,0.202953,True,0,0,True,False,False,3.894042607726078,-6.03884613755401,0,False
AMD_RUB,2025-07-17,0.203038,True,0,0,True,False,False,8.083835286927243,-4.512760157957096,0,False
AMD_RUB,2025-07-18,0.203545,True,0,0,True,False,False,33.07471632638892,1.3648035508171397,3,False
AMD_RUB,2025-07-21,0.203818,True,0,0,True,False,False,46.53134457840879,-2.5815500706471983,1,False
AMD_RUB,2025-07-22,0.204068,True,0,0,True,False,False,58.854264223113795,-8.20536408492667,0,False
AMD_RUB,2025-07-23,0.203371,True,0,0,True,False,False,24.497964253673565,-6.598902893088621,0,False
AMD_RUB,2025-07-24,0.204344,True,0,0,True,False,False,72.45876751086789,-12.601425731461724,0,False
AMD_RUB,2025-07-25,0.20551,False,1,0,False,False,False,125.98976117623283,-11.43413833455531,0,True
AMD_RUB,2025-07-28,0.207201,False,1,0,False,False,False,188.32576916079535,-20.572082594131125,0,True
AMD_RUB,2025-07-29,0.207359,False,0,0,False,False,False,196.094821778916,-22.589948935632485,0,True
AMD_RUB,2025-07-30,0.214203,False,0,0,False,False,False,532.6226453132455,41.74312248501933,5,False
AMD_RUB,2025-07-31,0.2132,False,0,0,False,False,False,483.30391255390515,-39.51352152547072,0,False
AMD_RUB,2025-08-01,0.209255,False,0,0,False,False,False,289.3234531963751,-56.93662540023481,0,False
AMD_RUB,2025-08-04,0.209435,False,0,0,False,False,False,190.9882730767376,12.22336212864139,4,True
AMD_RUB,2025-08-05,0.207721,True,0,0,True,False,False,25.096403974884662,13.589074109038757,4,False
AMD_RUB,2025-08-06,0.208445,True,0,1,True,False,True,60.038320278377185,17.459792704675348,4,False
AMD_RUB,2025-08-07,0.209006,False,0,1,True,False,True,87.11347918205048,6.755643767783593,4,False
AMD_RUB,2025-08-08,0.20692,True,0,1,True,False,True,0.0,6.449340322182806,3,False
AMD_RUB,2025-08-11,0.207981,True,0,0,True,False,False,51.27585540305457,-6.774803922905859,3,False
AMD_RUB,2025-08-12,0.207695,True,0,0,True,False,False,37.45408853663257,-10.313048842909067,2,False
AMD_RUB,2025-08-13,0.208101,True,0,0,True,False,False,57.07519814421191,-4.490309992385643,2,False
AMD_RUB,2025-08-14,0.207538,True,0,0,True,False,False,29.866615116953543,3.4381872079580758,3,False
AMD_RUB,2025-08-15,0.207993,True,0,0,True,False,False,51.855789677170975,-14.591844194684843,1,False
AMD_RUB,2025-08-18,0.208881,True,0,0,True,False,False,94.77092596172466,-5.5312814041883485,2,False
AMD_RUB,2025-08-19,0.209841,False,0,0,False,False,False,110.96763002438115,18.822404219723143,5,True
AMD_RUB,2025-08-20,0.209799,False,0,0,False,False,False,108.94390424886157,9.37601559252954,5,True
AMD_RUB,2025-08-21,0.209276,True,0,0,True,False,False,83.74369994892383,9.897113172201433,5,False
AMD_RUB,2025-08-22,0.209707,False,0,0,False,False,False,104.51098112153056,13.109782467593865,5,True
AMD_RUB,2025-08-25,0.211044,False,0,0,False,False,False,146.68762891058896,-9.174726099791418,1,True
AMD_RUB,2025-08-26,0.210763,True,0,0,True,False,False,90.09914736141545,-2.1693219897058746,1,False
AMD_RUB,2025-08-27,0.210522,True,0,0,True,False,False,78.56147758771526,-8.843404785281006,1,False
AMD_RUB,2025-08-28,0.210444,True,0,1,True,False,True,74.82729400950738,-11.520335530674997,1,False
AMD_RUB,2025-08-29,0.209656,True,0,1,True,False,True,18.157839408246,-10.202998820595166,1,False
AMD_RUB,2025-09-01,0.210006,True,0,0,True,False,False,16.69401304994711,-16.705067774459348,1,False
AMD_RUB,2025-09-02,0.210204,True,0,0,True,False,False,26.138054718205517,-14.585313809518663,1,False
AMD_RUB,2025-09-03,0.210606,True,0,0,True,False,False,45.312321135573264,1.2817664740669699,1,False
AMD_RUB,2025-09-04,0.211287,True,0,0,True,False,False,77.79410081276028,5.306671618424463,5,False
AMD_RUB,2025-09-05,0.212682,False,1,0,False,False,False,144.33166711184109,19.668105416682735,5,True
AMD_RUB,2025-09-08,0.213067,False,1,0,False,False,False,162.6950814667838,5.209062555856292,5,True
AMD_RUB,2025-09-09,0.215267,False,0,0,False,False,False,250.5166519051838,30.15408891189697,5,False
AMD_RUB,2025-09-10,0.217372,False,0,0,False,False,False,350.7518832795253,30.16154187793818,5,False
AMD_RUB,2025-09-11,0.222022,False,0,0,False,False,False,572.1741283582382,127.60854850051741,5,False
AMD_RUB,2025-09-12,0.223814,False,0,0,False,False,False,647.4662708606882,79.29166415121401,5,False
AMD_RUB,2025-09-15,0.220043,False,0,0,False,False,False,346.1035724696959,5.81318773151418,5,False
AMD_RUB,2025-09-16,0.21683,False,0,0,False,False,False,176.61111293630682,-78.58229107903568,0,True
AMD_RUB,2025-09-17,0.216214,False,0,1,False,False,True,147.70001924277355,-45.93679591705513,0,True
AMD_RUB,2025-09-18,0.216741,False,0,1,False,False,True,172.43402310071377,-21.685504847768435,0,True
AMD_RUB,2025-09-19,0.217393,True,0,1,True,False,True,98.76107345761386,-22.765698652068565,0,False
AMD_RUB,2025-09-22,0.218337,False,0,0,True,False,False,98.18975644500405,-6.869096434984456,0,False
AMD_RUB,2025-09-23,0.219112,False,0,0,False,False,False,134.03387384720799,9.858432319767019,5,True
AMD_RUB,2025-09-24,0.217711,False,0,0,True,False,False,69.23695967883559,-16.080045841780684,0,False
AMD_RUB,2025-09-25,0.219459,False,0,0,False,False,False,150.08278834858,13.519891691065265,4,True
AMD_RUB,2025-09-26,0.218027,False,0,0,True,False,False,83.85210948412158,-6.684387603430598,0,False
AMD_RUB,2025-09-29,0.218473,False,0,0,True,False,False,49.679612499022866,3.481065433096564,4,False
AMD_RUB,2025-09-30,0.216506,False,0,1,True,False,True,0.0,-9.630294524167526,0,False
AMD_RUB,2025-10-01,0.215958,False,0,0,True,False,False,0.0,-12.296574528585015,0,False
AMD_RUB,2025-10-02,0.21293,True,0,1,True,False,True,0.0,-28.716917355511963,0,False
AMD_RUB,2025-10-03,0.211323,True,0,1,True,False,True,0.0,-26.54336868388496,0,False
AMD_RUB,2025-10-06,0.213964,False,0,1,False,False,True,124.97456500238924,-3.328516270654891,0,True
AMD_RUB,2025-10-07,0.216948,False,0,0,False,False,False,266.1802075495801,1.5470514625062215,4,False
AMD_RUB,2025-10-08,0.214136,False,0,0,False,False,False,133.1137642376823,-27.295855932135236,0,True
AMD_RUB,2025-10-09,0.213058,False,0,1,True,False,True,82.10180623973606,-14.395601097315637,0,False
AMD_RUB,2025-10-10,0.21281,False,0,1,True,False,True,70.36621664466169,-20.013215157452358,0,False
AMD_RUB,2025-10-13,0.212161,False,0,1,True,False,True,39.654935809163575,-6.897721118045209,0,False
AMD_RUB,2025-10-14,0.211346,False,0,1,True,False,True,0.0,-14.34625848323634,0,False
AMD_RUB,2025-10-15,0.208895,False,0,1,True,False,True,0.0,13.885628615272873,5,False
AMD_RUB,2025-10-16,0.206023,True,0,1,True,False,True,0.0,10.3002629511737,5,False
AMD_RUB,2025-10-17,0.206766,True,0,1,True,False,True,36.06393460924284,1.762219581748603,4,False
AMD_RUB,2025-10-20,0.211672,False,0,0,False,False,False,274.19268722424175,-8.467725085682385,0,False
AMD_RUB,2025-10-21,0.212418,False,0,0,False,False,False,310.4022366434811,-1.5956873382323433,3,False
AMD_RUB,2025-10-22,0.212657,False,0,0,False,False,False,322.002883173238,-7.881548528277493,0,False
AMD_RUB,2025-10-23,0.213471,False,0,0,False,False,False,361.5130349524076,10.004674608595998,5,False
AMD_RUB,2025-10-24,0.212446,False,0,0,False,False,False,311.76130820345315,-1.1214983893892416,2,False
AMD_RUB,2025-10-27,0.211386,False,0,0,False,False,False,223.4409912654889,0.9744020455020319,3,False
AMD_RUB,2025-10-28,0.206388,True,0,1,True,False,True,0.0,56.9911415933615,5,False
AMD_RUB,2025-10-29,0.20852,False,1,1,False,True,True,103.30057949105687,36.4828896389886,5,True
AMD_RUB,2025-10-30,0.207703,True,0,1,True,False,True,63.714944667325746,6.282517616869265,3,False
AMD_RUB,2025-10-31,0.210346,False,0,0,False,False,False,191.77471558424085,0.805105218218527,4,True
AMD_RUB,2025-11-03,0.211384,False,0,0,False,False,False,242.06833730643362,-13.990322411955523,0,False
AMD_RUB,2025-11-04,0.211384,False,0,0,False,False,False,242.06833730643362,-14.1033937066366,0,False
AMD_RUB,2025-11-05,0.211384,False,0,0,False,False,False,242.06833730643362,-17.454223458123643,0,False
AMD_RUB,2025-11-06,0.212219,False,0,0,False,False,False,282.5261158594494,-14.279545755276235,0,False
AMD_RUB,2025-11-07,0.21276,False,0,0,False,False,False,308.7388801674518,-13.745757147969993,0,False
AMD_RUB,2025-11-10,0.212333,True,0,0,True,False,False,94.46340790887353,-10.216284700317102,0,False
AMD_RUB,2025-11-11,0.211738,True,0,0,True,False,False,16.746773644173985,-10.338751609837216,0,False
AMD_RUB,2025-11-12,0.212685,False,0,0,True,False,False,61.54675850584823,-6.0534648185455175,0,False
AMD_RUB,2025-11-13,0.212738,False,0,0,True,False,False,64.05404382545666,-7.037463930219533,0,False
AMD_RUB,2025-11-14,0.210843,False,0,0,True,False,False,0.0,-1.5661490903045028,2,False
AMD_RUB,2025-11-17,0.212309,False,0,0,True,False,False,69.53040888243889,8.311023376792015,4,False
AMD_RUB,2025-11-18,0.212539,False,0,0,True,False,False,80.43899963479984,5.3583537067960485,3,False
AMD_RUB,2025-11-19,0.21218,False,0,0,True,False,False,63.412112330027966,-0.9782625105418941,2,False
AMD_RUB,2025-11-20,0.212192,False,0,0,True,False,False,63.98125619536677,-0.04962785555706617,3,False
AMD_RUB,2025-11-21,0.211313,False,0,0,True,False,False,22.29146805917237,6.270951983687656,5,False
AMD_RUB,2025-11-24,0.207082,False,0,1,True,False,True,0.0,37.943499907179046,5,False
AMD_RUB,2025-11-25,0.206814,False,0,1,True,False,True,0.0,16.143609618668457,4,False
AMD_RUB,2025-11-26,0.20708,False,0,1,True,False,True,12.86179852427738,6.100814361380991,5,False
AMD_RUB,2025-11-27,0.206219,False,0,1,True,False,True,0.0,1.5888108023671688,3,False
AMD_RUB,2025-11-28,0.205344,False,0,1,True,False,True,0.0,10.117868991104118,5,False
AMD_RUB,2025-12-01,0.205092,False,0,1,False,False,True,0.0,5.833741187435404,5,False
AMD_RUB,2025-12-02,0.203842,False,0,1,False,False,True,0.0,14.370111148869658,5,False
AMD_RUB,2025-12-03,0.203187,False,0,1,False,False,True,0.0,8.870462017718683,5,False
AMD_RUB,2025-12-04,0.204501,False,0,1,True,False,True,64.66949165054858,8.052127794915265,5,False
AMD_RUB,2025-12-05,0.201949,False,0,1,True,False,True,0.0,34.943948739523115,5,False
AMD_RUB,2025-12-08,0.199459,True,0,1,True,False,True,0.0,20.36559174090602,5,False
AMD_RUB,2025-12-09,0.202525,False,1,0,False,True,False,153.7158012423623,33.11822597163162,5,True
AMD_RUB,2025-12-10,0.201248,True,0,1,True,False,True,89.69261853313259,5.153548567752075,5,False
AMD_RUB,2025-12-11,0.204022,False,0,0,False,False,False,228.76881965717243,-14.244741611518785,0,False
AMD_RUB,2025-12-12,0.207783,False,0,0,False,False,False,417.328874605809,-46.56275885077199,0,False
AMD_RUB,2025-12-15,0.208842,False,0,0,False,False,False,470.4224928431411,-12.898881776899128,0,False
AMD_RUB,2025-12-16,0.208146,False,0,0,False,False,False,435.528103520022,-21.233153260958204,0,False
AMD_RUB,2025-12-17,0.208063,False,0,0,False,False,False,431.3668473220056,-18.260978985149336,0,False
AMD_RUB,2025-12-18,0.210658,False,0,0,False,False,False,561.4687730310508,-39.47074855440901,0,False
AMD_RUB,2025-12-19,0.209777,False,0,0,False,False,False,423.8054539672431,-12.546877120753084,0,False
AMD_RUB,2025-12-22,0.211608,False,0,0,False,False,False,184.08628232338575,-10.688639170262304,0,True
AMD_RUB,2025-12-23,0.207902,False,0,0,True,False,False,0.0,15.041611115276021,4,False
AMD_RUB,2025-12-24,0.205963,False,0,1,True,False,True,0.0,39.85752519978236,5,False
AMD_RUB,2025-12-25,0.205623,False,0,1,True,False,True,0.0,21.942735978112808,5,False
AMD_RUB,2025-12-26,0.204148,True,0,1,True,False,True,0.0,27.321787312325263,5,False
AMD_RUB,2025-12-29,0.203666,True,0,1,True,False,True,0.0,5.963730971044079,4,False
AMD_RUB,2025-12-30,0.203027,True,0,1,True,False,True,0.0,20.693616263887105,5,False
AMD_RUB,2025-12-31,0.205126,False,0,0,False,False,False,103.38526402892123,18.854853587655377,5,True
AMD_RUB,2026-01-01,0.205126,False,0,0,False,False,False,103.38526402892123,16.252892882326897,5,True
AMD_RUB,2026-01-02,0.205126,False,0,0,False,False,False,103.38526402892123,19.325731618030197,4,True
AMD_RUB,2026-01-05,0.205126,False,0,0,False,False,False,103.38526402892123,17.64838300319793,5,True
AMD_RUB,2026-01-06,0.205126,False,0,0,False,False,False,103.38526402892123,15.62132645281844,5,True
AMD_RUB,2026-01-07,0.205126,False,0,0,False,False,False,103.38526402892123,16.3483470217769,5,True
AMD_RUB,2026-01-08,0.205126,False,0,0,False,False,False,103.38526402892123,9.725398853123846,5,True
AMD_RUB,2026-01-09,0.205126,False,0,0,False,False,False,103.38526402892123,7.065468282284383,5,True
AMD_RUB,2026-01-12,0.205126,True,0,0,True,False,False,0.0,-3.6814764590831217,0,False
AMD_RUB,2026-01-13,0.20672,False,0,0,True,False,False,77.70833536460353,-13.415489818658035,0,False
AMD_RUB,2026-01-14,0.207055,False,0,0,True,False,False,94.03976092742906,-11.913038129746534,0,False
AMD_RUB,2026-01-15,0.206587,False,0,0,True,False,False,71.22451566354383,-4.830045186321463,1,False
AMD_RUB,2026-01-16,0.206969,False,0,0,True,False,False,89.84721585757028,-12.137174464632361,0,False
AMD_RUB,2026-01-19,0.20483,False,0,0,True,False,False,0.0,2.3724782200913452,4,False
AMD_RUB,2026-01-20,0.205227,False,0,0,True,False,False,19.38192647561232,2.054207609385017,4,False
AMD_RUB,2026-01-21,0.205229,False,0,0,True,False,False,19.479568422593463,1.1134721649765922,4,False
AMD_RUB,2026-01-22,0.204452,False,0,1,True,False,True,0.0,4.370918952710134,5,False
AMD_RUB,2026-01-23,0.200586,True,0,1,True,False,True,0.0,65.17923116106417,5,False
AMD_RUB,2026-01-26,0.200292,True,0,1,True,False,True,0.0,22.22229940039533,4,False
AMD_RUB,2026-01-27,0.200628,True,0,1,True,False,True,16.77550775867287,31.015367141158823,5,False
AMD_RUB,2026-01-28,0.202059,False,0,1,True,False,True,88.2211970523028,48.18133493132759,5,False
AMD_RUB,2026-01-29,0.201304,True,0,1,True,False,True,50.52623170171522,46.87239320934866,5,False
AMD_RUB,2026-01-30,0.200541,True,0,1,True,False,True,12.431849499729974,48.34858381243113,5,False
AMD_RUB,2026-02-02,0.200012,True,0,1,True,False,True,0.0,32.88719445860977,5,False
AMD_RUB,2026-02-03,0.203209,False,0,0,False,True,False,159.84040957542467,31.162620400901012,5,True
AMD_RUB,2026-02-04,0.203419,False,0,0,False,False,False,170.33977961322222,9.791356330336232,5,True
AMD_RUB,2026-02-05,0.203326,False,0,0,False,False,False,165.69005859648377,-4.494461014618478,3,True
AMD_RUB,2026-02-06,0.202514,False,1,0,False,False,False,125.09249445033399,-6.783484508435356,1,True
AMD_RUB,2026-02-09,0.204008,False,0,0,False,False,False,199.7880127192375,-20.070439305736706,0,True
AMD_RUB,2026-02-10,0.20544,False,0,0,False,False,False,271.38371697698284,-23.684621182186618,0,False
AMD_RUB,2026-02-11,0.204322,False,0,0,False,False,False,215.48707077575278,-23.554069805142852,0,False
AMD_RUB,2026-02-12,0.205199,False,0,0,False,False,False,259.3344399336028,-22.8828225887705,0,False
AMD_RUB,2026-02-13,0.204434,False,0,0,True,False,False,94.80826016966759,-16.12797223072171,0,False
AMD_RUB,2026-02-16,0.204792,False,0,0,False,False,False,112.48605034713589,-15.033935354046514,0,True
AMD_RUB,2026-02-17,0.202876,True,0,1,True,False,True,0.0,-5.026371284093445,1,False
AMD_RUB,2026-02-18,0.203643,True,0,0,True,False,False,37.8063447623167,2.709747254660222,4,False
AMD_RUB,2026-02-19,0.201627,True,0,1,True,False,True,0.0,22.016383646071613,4,False
AMD_RUB,2026-02-20,0.203323,True,0,0,True,False,False,84.11571862895428,-1.895197954384198,3,False
AMD_RUB,2026-02-23,0.203683,False,0,0,False,False,False,101.9704702247215,6.889969162138909,4,True
AMD_RUB,2026-02-24,0.203683,False,0,0,False,False,False,101.9704702247215,6.945423373756476,5,True
AMD_RUB,2026-02-25,0.202822,True,0,0,True,False,False,59.26785599150941,20.650993855964472,5,False
AMD_RUB,2026-02-26,0.202875,True,0,0,True,False,False,61.89647219866367,10.290351533919218,5,False
AMD_RUB,2026-02-27,0.204545,False,0,0,False,False,False,144.72268099014585,-18.897791027006065,0,True
AMD_RUB,2026-03-02,0.20497,False,1,0,False,False,False,105.90567098243797,-17.900043751267077,0,True
AMD_RUB,2026-03-03,0.204769,True,0,0,True,False,False,95.99550344637109,-7.598976144680857,0,False
AMD_RUB,2026-03-04,0.205866,False,1,0,False,False,False,150.0823382078864,-31.73595425242537,0,True
AMD_RUB,2026-03-05,0.205899,False,1,0,False,False,False,151.70938063918004,-30.880355883131205,0,True
AMD_RUB,2026-03-06,0.207076,False,0,0,False,False,False,209.74056068868262,-46.642169918496904,0,False
AMD_RUB,2026-03-09,0.209774,False,0,0,False,False,False,255.64056809014969,-42.57773551077814,0,False
AMD_RUB,2026-03-10,0.209774,False,0,0,False,False,False,244.42176305983665,-50.12797731049612,0,False
AMD_RUB,2026-03-11,0.208631,False,1,0,False,False,False,188.60276702039823,-58.60686185050512,0,True
AMD_RUB,2026-03-12,0.209579,False,0,0,False,False,False,234.8988372263361,-44.98511833372998,0,False
AMD_RUB,2026-03-13,0.209483,False,0,0,False,False,False,230.21062758523004,-47.89540581506002,0,False
AMD_RUB,2026-03-16,0.212495,False,0,0,False,False,False,261.69135969402515,-31.360112885008725,0,False
AMD_RUB,2026-03-17,0.214758,False,0,0,False,False,False,293.6763951665866,-56.18421144973708,0,False
AMD_RUB,2026-03-18,0.217004,False,0,0,False,False,False,401.33057886891254,-63.432403358850024,0,False
AMD_RUB,2026-03-19,0.220265,False,0,0,False,False,False,557.635250753723,-67.18571003732475,0,False
AMD_RUB,2026-03-20,0.224736,False,0,0,False,False,False,771.9370563339089,-32.976656350147906,1,False
AMD_RUB,2026-03-23,0.222512,False,0,0,False,False,False,621.9597771656881,-18.24925236761188,1,False
AMD_RUB,2026-03-24,0.21696,False,0,0,False,False,False,210.12259111979014,-69.549008764348,0,False
AMD_RUB,2026-03-25,0.214567,False,0,1,True,False,True,97.5081766629815,-34.35393268289921,0,False
AMD_RUB,2026-03-26,0.213996,False,0,1,True,False,True,70.63695616367438,-25.139885101677528,0,False
AMD_RUB,2026-03-27,0.217647,False,0,1,False,False,True,170.6106656199191,-16.377141388733254,1,True
AMD_RUB,2026-03-30,0.215134,False,0,1,True,False,True,53.178564085309965,11.46207358512763,5,False
AMD_RUB,2026-03-31,0.21533,False,0,0,True,False,False,62.337613787173396,10.681886211926006,5,False
AMD_RUB,2026-04-01,0.215427,False,0,0,True,False,False,66.87040879268747,6.912715456265595,5,False
AMD_RUB,2026-04-02,0.213725,False,0,0,True,False,False,0.0,9.533704435745971,5,False
AMD_RUB,2026-04-03,0.213108,False,0,1,True,False,True,0.0,10.386936603317576,5,False
AMD_RUB,2026-04-06,0.211495,False,0,1,True,False,True,0.0,9.181310940066911,5,False
AMD_RUB,2026-04-07,0.209037,False,0,1,True,False,True,0.0,12.620115980225497,5,False
AMD_RUB,2026-04-08,0.209179,False,0,1,True,False,True,6.79305577481415,14.31362987934115,5,False
AMD_RUB,2026-04-09,0.208079,False,0,1,True,False,True,0.0,8.11553432113099,5,False
AMD_RUB,2026-04-10,0.206979,False,0,1,True,False,True,0.0,17.065099979436393,5,False
AMD_RUB,2026-04-13,0.204861,False,0,1,True,False,True,0.0,14.604617528910513,5,False
AMD_RUB,2026-04-14,0.203227,False,0,1,False,False,True,0.0,15.611362260653738,5,False
AMD_RUB,2026-04-15,0.202173,True,0,1,False,False,True,0.0,21.524836927634627,5,False
AMD_RUB,2026-04-16,0.200904,True,0,1,False,False,True,0.0,19.27543416538091,5,False
AMD_RUB,2026-04-17,0.203352,False,0,1,False,False,True,121.84924142874198,15.997606115612408,5,True
AMD_RUB,2026-04-20,0.203455,False,0,0,False,False,False,126.97606817186235,3.6765852281748224,3,True
AMD_RUB,2026-04-21,0.201789,True,0,1,False,False,True,44.05088997730289,17.610796562837816,5,False
AMD_RUB,2026-04-22,0.200192,True,0,1,False,False,True,0.0,37.881648525252224,5,False
AMD_RUB,2026-04-23,0.201406,True,0,1,False,False,True,60.64178388746733,43.91534159678567,5,False
AMD_RUB,2026-04-24,0.201261,True,0,1,False,False,True,53.39873721227573,21.36196820694458,5,False
AMD_RUB,2026-04-27,0.203123,False,0,0,False,False,False,146.40944693094627,6.025533383692272,4,True
AMD_RUB,2026-04-28,0.201335,True,0,1,False,False,True,57.09518861892526,17.630098698958374,5,False
AMD_RUB,2026-04-29,0.201117,True,0,1,False,False,True,46.205642583119214,20.126498838460627,5,False
AMD_RUB,2026-04-30,0.201731,True,0,0,True,False,False,76.87619884910512,14.91774896046083,5,False
AMD_RUB,2026-05-01,0.201741,True,0,0,True,False,False,77.37571930946262,11.429436655040703,5,False
AMD_RUB,2026-05-04,0.201741,False,0,0,True,False,False,31.02671579230165,-2.6711253240705446,1,False
AMD_RUB,2026-05-05,0.20346,False,0,0,False,False,False,116.49935112397314,-6.7755164245140165,0,True
AMD_RUB,2026-05-06,0.203393,False,0,0,False,False,False,113.16795696037607,-1.1674996767301327,2,True
AMD_RUB,2026-05-07,0.20331,False,0,0,False,False,False,109.04100598159383,-2.0914395321876,1,True
AMD_RUB,2026-05-08,0.202071,False,0,1,True,False,True,47.43507510553524,13.256299014956507,5,False
AMD_RUB,2026-05-11,0.20134,False,0,1,False,False,True,0.0,14.801782305077449,5,False
AMD_RUB,2026-05-12,0.20134,False,0,1,False,False,True,0.0,12.423546913187701,5,False
AMD_RUB,2026-05-13,0.200173,False,0,1,False,False,True,0.0,18.78213940331941,5,False
AMD_RUB,2026-05-14,0.198958,False,0,1,False,False,True,0.0,20.397207686375207,5,False
AMD_RUB,2026-05-15,0.198326,False,0,1,False,False,True,0.0,15.432542477552769,5,False
AMD_RUB,2026-05-18,0.198592,False,0,1,False,False,True,13.41226062140155,-2.856635774598937,0,False
AMD_RUB,2026-05-19,0.196581,False,0,1,False,False,True,0.0,-3.733074356223608,2,False
AMD_RUB,2026-05-20,0.193619,True,0,1,False,False,True,0.0,42.25439265789688,3,False
AMD_RUB,2026-05-21,0.192869,True,0,1,True,False,True,0.0,12.876169793631487,3,False
AMD_RUB,2026-05-22,0.192438,True,0,1,True,False,True,0.0,5.914398912696184,3,False
AMD_RUB,2026-05-25,0.193518,True,0,1,True,False,True,56.121971751941224,12.822166264040424,4,False
AMD_RUB,2026-05-26,0.194413,False,0,1,False,True,True,102.6304576019288,25.807348433048993,5,True
AMD_RUB,2026-05-27,0.194888,False,0,0,False,True,False,127.31373221505082,28.527359535558183,5,True
AMD_RUB,2026-05-28,0.19264,True,0,1,True,False,True,10.49688730915932,-1.096207636139379,1,False
AMD_RUB,2026-05-29,0.193918,True,0,0,True,False,False,76.90788721562258,17.37173561201022,5,False
AMD_RUB,2026-06-01,0.192901,True,0,0,True,False,False,24.05969714921019,0.7303196099932574,2,False
AMD_RUB,2026-06-02,0.194253,True,0,0,True,False,False,83.73131229235887,12.344062780313747,4,False
AMD_RUB,2026-06-03,0.19689,False,0,0,False,False,False,220.6187707641205,29.322166574619057,5,False
AMD_RUB,2026-06-04,0.199022,False,0,0,False,False,False,331.2915282392015,40.57105394901939,5,False
AMD_RUB,2026-06-05,0.201567,False,0,0,False,False,False,463.4032392026577,67.06768947837593,5,False
AMD_RUB,2026-06-08,0.199351,False,0,0,False,False,False,334.36840659198276,22.087134625869307,4,False
AMD_RUB,2026-06-09,0.198802,False,0,0,False,False,False,305.908211984387,7.785268007915124,4,False
AMD_RUB,2026-06-10,0.194685,True,0,1,True,False,True,92.48267245893116,17.893496036566425,5,False
AMD_RUB,2026-06-11,0.194846,False,0,1,False,False,True,100.8289226079695,10.419697003524409,5,True
AMD_RUB,2026-06-12,0.195179,True,0,1,True,False,True,47.669791457531915,3.6566996715003968,4,False
AMD_RUB,2026-06-15,0.195179,True,0,1,True,False,True,25.374322623725742,3.521414330170502,3,False
AMD_RUB,2026-06-16,0.196846,False,1,0,False,False,False,110.9998202224105,18.641748150545645,4,True
AMD_RUB,2026-06-17,0.195918,True,0,0,True,False,False,63.33307650820519,0.5511043301962282,4,False
AMD_RUB,2026-06-18,0.197652,False,1,0,False,False,False,152.40003081901543,10.77487627800311,4,True
AMD_RUB,2026-06-19,0.199243,False,0,0,False,False,False,234.12178647558957,16.719959527248918,5,False
AMD_RUB,2026-06-22,0.199481,False,0,0,False,False,False,220.41305673253797,5.003308272926166,5,False
AMD_RUB,2026-06-23,0.20041,False,0,0,False,False,False,268.0103904620901,11.81636264203867,5,False
AMD_RUB,2026-06-24,0.202728,False,0,0,False,False,False,386.77316719524237,28.76770500602266,5,False
AMD_RUB,2026-06-25,0.203228,False,0,0,False,False,False,412.3906772757313,23.095514514960946,5,False
AMD_RUB,2026-06-26,0.205384,False,0,0,False,False,False,483.1613225941456,44.03170099675568,5,False
AMD_RUB,2026-06-29,0.209337,False,0,0,False,False,False,506.61754741697206,-1.6365339553545688,3,False
AMD_RUB,2026-06-30,0.211253,False,0,0,False,False,False,590.1313909595407,-0.017384976320533596,3,False
AMD_RUB,2026-07-01,0.212753,False,0,0,False,False,False,665.3265223254357,-6.566043746232265,1,False
AMD_RUB,2026-07-02,0.212648,False,0,0,False,False,False,660.0628631298222,-15.480754104668426,0,False
AMD_RUB,2026-07-03,0.211649,False,0,0,False,False,False,560.8003592635091,-39.47946784671475,0,False
AMD_RUB,2026-07-06,0.209974,False,0,1,False,False,True,223.48381568184416,-34.70186990213953,0,False
AMD_RUB,2026-07-07,0.212179,False,0,0,False,False,False,135.76195321419516,-10.710833967427336,0,True
AMD_RUB,2026-07-08,0.207162,True,0,1,True,False,True,0.0,-51.92315736936926,0,False
AMD_RUB,2026-07-09,0.208017,True,0,1,True,False,True,41.27204796246397,-20.550147145305786,0,False
AMD_RUB,2026-07-10,0.206826,True,0,1,True,False,True,0.0,-26.775998656898725,0,False
AMD_RUB,2026-07-13,0.20868,True,0,0,True,False,False,89.64056743349546,-3.7839434625366324,0,False
AMD_RUB,2026-07-14,0.208954,False,1,1,False,False,True,102.88841828396843,4.464081178810364,5,True
AMD_RUB,2026-07-15,0.211297,False,0,0,False,False,False,216.17204800170154,8.431344376277794,4,False
AMD_RUB,2026-07-16,0.212272,False,0,0,False,False,False,263.313123108313,15.7362564565946,5,False
AMD_RUB,2026-07-17,0.213651,False,0,0,False,False,False,329.9875257462803,21.837472823027504,5,False
AMD_RUB,2026-07-20,0.213708,False,0,0,False,False,False,332.7434655217432,18.98121574529288,5,False
AMD_RUB,2026-07-21,0.214019,False,0,0,False,False,False,255.8462718037169,13.492454994838534,5,False
AMD_RUB,2026-07-22,0.21423,False,0,0,False,False,False,265.9574468085113,13.093285292841372,5,False
AMD_RUB,2026-07-23,0.213894,False,0,0,False,False,False,249.8562392179404,-3.5319016694417287,2,False
AMD_RUB,2026-07-24,0.21425,False,0,0,False,False,False,253.45291308134676,0.5988896658160048,3,False
AMD_RUB,2026-07-27,0.213275,True,0,0,True,False,False,0.0,-17.584012717605457,1,False
AMD_RUB,2026-07-28,0.212743,True,0,0,True,False,False,0.0,-22.011755762835428,1,False
AMD_RUB,2026-07-29,0.214705,True,0,0,True,False,False,92.2239509643097,4.668982998769389,4,False
AMD_RUB,2026-07-30,0.216704,False,1,0,False,True,False,186.1870895869666,25.110458806640423,5,True
AMD_RUB,2026-07-31,0.217814,False,0,0,False,False,False,238.36271933741716,22.340793564608497,5,False
AMD_RUB,2026-08-03,0.216995,False,1,0,False,False,False,199.86556549451694,-4.536473736509228,1,True
AMD_RUB,2026-08-04,0.218779,False,0,0,False,False,False,283.7226136700166,14.097826334803718,5,False
AMD_RUB,2026-08-05,0.221054,False,0,0,False,False,False,390.65915212251446,34.98300433140544,5,False
AMD_RUB,2026-08-06,0.221034,False,0,0,False,False,False,389.7190506855708,13.976052407629336,5,False
AMD_RUB,2026-08-07,0.222274,False,0,0,False,False,False,448.00533977616294,31.06559207936499,5,False
AMD_RUB,2026-08-10,0.224394,False,0,0,False,False,False,340.9755985160956,1.5157699006955738,4,False
AMD_RUB,2026-08-11,0.225773,False,0,0,False,False,False,404.52544989515894,20.862304242386994,5,False
AMD_RUB,2026-08-12,0.225023,False,0,0,False,False,False,369.96244153091106,-7.289898841441378,0,False
AMD_RUB,2026-08-13,0.226825,False,0,0,False,False,False,453.0058296274109,22.675860983184748,5,False
AMD_RUB,2026-08-14,0.229065,False,0,0,False,False,False,470.15481376183163,33.77392783660538,5,False
AMD_RUB,2026-08-17,0.231111,False,0,0,False,False,False,397.57236563880747,9.517031559270526,5,False
AMD_RUB,2026-08-18,0.232595,False,0,0,False,False,False,365.4732301220176,37.48291364301748,5,False
AMD_RUB,2026-08-19,0.233168,False,0,0,False,False,False,391.00867224613813,31.243561389540986,5,False
AMD_RUB,2026-08-20,0.233257,False,0,0,False,False,False,394.97491020259014,21.10331426376444,5,False
AMD_RUB,2026-08-21,0.228207,False,1,0,False,False,False,141.49664700941588,-69.60269522599938,0,True
AMD_RUB,2026-08-24,0.227082,True,0,1,True,False,True,0.0,-16.806807145786973,0,False
KGS_RUB,2025-01-01,1.16874,False,0,0,True,False,False,0.0,-40.92523220463051,0,False
KGS_RUB,2025-01-02,1.16874,False,0,0,True,False,False,0.0,-39.727570211453894,0,False
KGS_RUB,2025-01-03,1.16874,False,0,0,True,False,False,0.0,-23.282208392014336,0,False
KGS_RUB,2025-01-06,1.16874,False,0,0,True,False,False,0.0,-18.46300094408293,0,False
KGS_RUB,2025-01-07,1.16874,False,0,0,True,False,False,0.0,-23.018849231191798,0,False
KGS_RUB,2025-01-08,1.16874,True,0,0,True,False,False,0.0,-12.140341121817945,0,False
KGS_RUB,2025-01-09,1.16874,True,0,0,True,False,False,0.0,-14.339828706630087,0,False
KGS_RUB,2025-01-10,1.17576,True,0,0,True,False,False,60.064685045433386,-12.18833476903147,1,False
KGS_RUB,2025-01-13,1.17143,False,0,0,True,False,False,23.016239711142195,-13.62320443483056,0,False
KGS_RUB,2025-01-14,1.17467,False,0,0,True,False,False,50.73840203980495,-13.292433378979894,0,False
KGS_RUB,2025-01-15,1.18282,False,0,0,False,False,False,120.47161900850645,-32.32314559588967,0,True
KGS_RUB,2025-01-16,1.17563,False,0,0,True,False,False,58.95237606311055,-48.15950960950799,0,False
KGS_RUB,2025-01-17,1.17069,False,0,0,True,False,False,16.684634734842607,-22.356489043179106,0,False
KGS_RUB,2025-01-20,1.17111,False,0,0,True,False,False,3.587627809240601,-22.55899213506685,0,False
KGS_RUB,2025-01-21,1.16593,False,0,0,True,False,False,0.0,-39.79797263818252,0,False
KGS_RUB,2025-01-22,1.14269,False,0,1,True,False,True,0.0,-32.95959195439768,0,False
KGS_RUB,2025-01-23,1.12385,False,0,1,True,False,True,0.0,-6.54624928442482,2,False
KGS_RUB,2025-01-24,1.13322,False,0,1,True,False,True,83.37411576277765,53.08658504723462,5,False
KGS_RUB,2025-01-27,1.12365,False,0,1,True,False,True,0.0,-33.27927771681072,0,False
KGS_RUB,2025-01-28,1.11071,True,0,1,True,False,True,0.0,-59.27610757528701,0,False
KGS_RUB,2025-01-29,1.12025,False,0,1,True,False,True,85.89100665340021,-0.5724089030196833,3,False
KGS_RUB,2025-01-30,1.12078,False,0,1,True,False,True,90.66272924525664,-21.157765465496418,0,False
KGS_RUB,2025-01-31,1.12071,False,0,1,True,False,True,90.03250173312605,-33.72365467157313,0,False
KGS_RUB,2025-02-03,1.11848,False,0,1,True,False,True,69.95525384663637,-21.102580719942974,0,False
KGS_RUB,2025-02-04,1.14286,False,0,0,False,False,False,289.4544930719989,-19.405789164436584,1,False
KGS_RUB,2025-02-05,1.12674,False,0,0,False,False,False,144.32210027820025,-37.43927308282791,0,True
KGS_RUB,2025-02-06,1.12128,False,0,0,True,False,False,95.16435433191361,-9.058471003624335,0,False
KGS_RUB,2025-02-07,1.10818,False,0,1,True,False,True,0.0,-13.092834261160032,0,False
KGS_RUB,2025-02-10,1.11236,False,0,0,True,False,False,37.71950405168978,-26.503903155333795,0,False
KGS_RUB,2025-02-11,1.10671,False,0,1,True,False,True,0.0,-31.353859959551762,0,False
KGS_RUB,2025-02-12,1.09551,False,0,1,True,False,True,0.0,-21.937519221859382,0,False
KGS_RUB,2025-02-13,1.07545,False,0,1,False,False,True,0.0,-17.035554058244085,0,False
KGS_RUB,2025-02-14,1.04095,False,0,1,False,False,True,0.0,33.575692239345756,4,False
KGS_RUB,2025-02-17,1.0327,False,0,1,True,False,True,0.0,25.69495044396897,5,False
KGS_RUB,2025-02-18,1.04557,False,0,1,False,True,True,124.62477002033623,66.43934731562817,5,True
KGS_RUB,2025-02-19,1.04448,False,0,1,False,False,True,114.0699138181489,4.008015362070072,4,True
KGS_RUB,2025-02-20,1.03404,False,0,1,True,False,True,12.975694780672509,-3.323223894189154,2,False
KGS_RUB,2025-02-21,1.01212,False,0,1,False,False,True,0.0,9.987978145068244,4,False
KGS_RUB,2025-02-24,1.00821,False,0,1,False,False,True,0.0,9.90806934721622,5,False
KGS_RUB,2025-02-25,1.00865,False,0,1,False,False,True,4.364170162962644,-10.077163967835869,0,False
KGS_RUB,2025-02-26,0.99065,True,0,1,False,False,True,0.0,-32.482368632123396,0,False
KGS_RUB,2025-02-27,0.98259,True,0,1,False,False,True,0.0,-4.113568793671529,1,False
KGS_RUB,2025-02-28,1.00282,False,0,1,False,False,True,205.88444824392704,49.051629924242945,5,False
KGS_RUB,2025-03-03,1.00924,False,0,0,False,False,False,271.2219745773914,-5.890229129038138,1,False
KGS_RUB,2025-03-04,1.02058,False,0,0,False,False,False,386.63125006360934,-4.328754054785389,1,False
KGS_RUB,2025-03-05,1.02056,False,0,0,False,False,False,386.4277063678645,-26.106269622919065,0,False
KGS_RUB,2025-03-06,1.02673,False,0,0,False,False,False,449.2209365045441,-8.164200798518984,2,False
KGS_RUB,2025-03-07,1.02436,False,0,0,False,False,False,425.1010085590123,-38.25912369824836,0,False
KGS_RUB,2025-03-10,1.01928,False,0,0,False,False,False,164.1371332841368,-15.846108652977753,0,True
KGS_RUB,2025-03-11,1.01072,False,0,1,False,False,True,14.664500019818671,-35.643046540476234,0,False
KGS_RUB,2025-03-12,0.98991,False,0,1,False,False,True,0.0,-41.1054686331589,0,False
KGS_RUB,2025-03-13,0.99051,False,0,1,False,False,True,6.061157074885859,4.285822448937493,4,False
KGS_RUB,2025-03-14,0.9905,False,0,1,False,False,True,5.960137790304021,-7.095057695939211,1,False
KGS_RUB,2025-03-17,0.9785,False,0,1,False,False,True,0.0,-6.359487269445462,1,False
KGS_RUB,2025-03-18,0.96464,False,0,1,False,False,True,0.0,-24.970902161211892,0,False
KGS_RUB,2025-03-19,0.93664,True,0,1,False,False,True,0.0,19.868897381682068,4,False
KGS_RUB,2025-03-20,0.96775,False,0,1,False,False,True,332.14468739323434,94.62687187618533,5,False
KGS_RUB,2025-03-21,0.98243,False,0,0,False,False,False,488.8751281175274,37.21298785145733,5,False
KGS_RUB,2025-03-24,0.98527,False,0,0,False,False,False,519.1962760505642,4.065188182437396,5,False
KGS_RUB,2025-03-25,0.96751,False,0,1,False,False,True,329.582336863683,15.907189619105868,4,False
KGS_RUB,2025-03-26,0.97371,False,0,0,False,False,False,395.776392210454,41.91246898133328,5,False
KGS_RUB,2025-03-27,0.973974,False,0,0,False,False,False,398.59497779296095,-1.9453274644773977,3,False
KGS_RUB,2025-03-28,0.969187,False,0,1,False,False,True,347.486761188931,-0.499034707806878,2,False
KGS_RUB,2025-03-31,0.968534,True,0,1,False,False,True,10.583869934162049,2.3553492675250083,2,False
KGS_RUB,2025-04-01,0.988338,False,0,0,False,False,False,215.2742607311553,14.501465988014496,5,False
KGS_RUB,2025-04-02,0.979316,False,0,0,False,False,False,122.02457855732706,-38.82440842856005,0,True
KGS_RUB,2025-04-03,0.974435,False,0,0,False,False,False,71.5754875918595,-18.346409770094272,0,False
KGS_RUB,2025-04-04,0.973145,False,0,1,False,False,True,58.24229206933262,1.0140073279865103,4,False
KGS_RUB,2025-04-07,0.971287,False,0,1,False,False,True,28.424402240911917,-6.107454206344842,1,False
KGS_RUB,2025-04-08,0.992588,False,0,0,False,False,False,248.35472993204098,17.380269395135706,5,False
KGS_RUB,2025-04-09,0.981702,False,0,0,False,False,False,135.95805619627254,-35.73302505959308,0,True
KGS_RUB,2025-04-10,0.985138,False,0,0,False,False,False,171.43435336291813,-10.733514101319619,1,True
KGS_RUB,2025-04-11,0.972166,False,0,0,False,False,False,9.049848294067075,-10.65390267310895,0,False
KGS_RUB,2025-04-14,0.960595,False,0,1,False,False,True,0.0,19.60820375714878,5,False
KGS_RUB,2025-04-15,0.946451,False,0,1,True,False,True,0.0,11.524752980507369,5,False
KGS_RUB,2025-04-16,0.941121,False,0,1,False,False,True,0.0,55.187121993411026,5,False
KGS_RUB,2025-04-17,0.944766,False,0,1,False,False,True,38.73040767340186,33.535474274118734,5,False
KGS_RUB,2025-04-18,0.940235,False,0,1,False,False,True,0.0,10.288812838696426,4,False
KGS_RUB,2025-04-21,0.93154,True,0,1,False,False,True,0.0,12.90451203942089,5,False
KGS_RUB,2025-04-22,0.929685,True,0,1,False,False,True,0.0,14.066168544857316,5,False
KGS_RUB,2025-04-23,0.937692,True,0,0,False,False,False,86.1259458848962,32.69668718200691,5,False
KGS_RUB,2025-04-24,0.946791,False,0,0,False,False,False,183.99780570838686,5.987645753299686,4,True
KGS_RUB,2025-04-25,0.948905,False,0,0,False,False,False,206.73669038437703,-11.252240148561963,1,False
KGS_RUB,2025-04-28,0.945168,False,0,0,False,False,False,166.54027977218044,1.1992641799170038,2,True
KGS_RUB,2025-04-29,0.94393,False,0,0,False,False,False,153.22394144253292,-14.79624474361718,1,True
KGS_RUB,2025-04-30,0.932666,True,0,1,True,False,True,32.064624039325196,-17.585856769735564,1,False
KGS_RUB,2025-05-01,0.931885,True,0,1,False,False,True,23.663929180313126,23.016415811957458,5,False
KGS_RUB,2025-05-02,0.931885,True,0,1,False,False,True,23.663929180313126,9.070917493625874,5,False
KGS_RUB,2025-05-05,0.931885,False,0,1,True,False,True,0.0,0.0426416663130702,3,False
KGS_RUB,2025-05-06,0.936692,False,0,0,False,False,False,51.58361815030821,17.337222321928802,5,False
KGS_RUB,2025-05-07,0.925836,True,0,1,True,False,True,0.0,-1.4420650915087925,4,False
KGS_RUB,2025-05-08,0.924656,True,0,1,True,False,True,0.0,17.298715191451652,5,False
KGS_RUB,2025-05-09,0.924656,True,0,1,True,False,True,0.0,0.8860624691944263,4,False
KGS_RUB,2025-05-12,0.924656,False,0,0,True,False,False,0.0,-12.600299335983056,1,False
KGS_RUB,2025-05-13,0.924966,False,0,1,True,False,True,3.35259815542166,-12.837040690689026,1,False
KGS_RUB,2025-05-14,0.921098,False,0,1,True,False,True,0.0,-0.24286028209474786,3,False
KGS_RUB,2025-05-15,0.917366,True,0,1,True,False,True,0.0,-10.003564146115362,2,False
KGS_RUB,2025-05-16,0.918392,True,0,1,True,False,True,11.184194748878884,3.836980749638119,3,False
KGS_RUB,2025-05-19,0.923601,False,0,0,True,False,False,67.9663296873878,3.64269764235936,4,False
KGS_RUB,2025-05-20,0.919539,False,0,1,True,False,True,23.687383225452496,2.9084644036629914,4,False
KGS_RUB,2025-05-21,0.918325,False,0,1,True,False,True,10.453842850071116,22.960123136853916,5,False
KGS_RUB,2025-05-22,0.911984,False,0,1,True,False,True,0.0,23.181282718335527,5,False
KGS_RUB,2025-05-23,0.911786,False,0,1,True,False,True,0.0,19.221212559694667,5,False
KGS_RUB,2025-05-26,0.911501,False,0,1,True,False,True,0.0,5.825122379083504,3,False
KGS_RUB,2025-05-27,0.910907,False,0,1,True,False,True,0.0,1.2035380824144681,2,False
KGS_RUB,2025-05-28,0.910436,False,0,1,True,False,True,0.0,-2.440935088152907,2,False
KGS_RUB,2025-05-29,0.910277,False,0,1,True,False,True,0.0,-3.1324488072368424,2,False
KGS_RUB,2025-05-30,0.897621,True,0,1,True,False,True,0.0,-1.0755963878668062,3,False
KGS_RUB,2025-06-02,0.898995,True,0,1,True,False,True,15.307128509693957,8.910845881172415,5,False
KGS_RUB,2025-06-03,0.904843,True,0,0,True,False,False,80.45711943013734,18.803253840441236,5,False
KGS_RUB,2025-06-04,0.901714,True,0,0,True,False,False,45.598309308716445,-3.640571794104152,1,False
KGS_RUB,2025-06-05,0.897684,True,0,1,True,False,True,0.7018552373438958,-8.508914052041128,0,False
KGS_RUB,2025-06-06,0.904828,True,0,0,True,False,False,80.29001104029376,9.729986635957033,4,False
KGS_RUB,2025-06-09,0.905321,True,0,0,True,False,False,85.7823067864949,5.625758987226615,4,False
KGS_RUB,2025-06-10,0.905138,True,0,0,True,False,False,83.03590127483496,9.038416435300345,5,False
KGS_RUB,2025-06-11,0.898803,True,0,1,True,False,True,12.465410990949444,5.029856280575951,4,False
KGS_RUB,2025-06-12,0.903405,True,0,0,True,False,False,63.73066691619744,22.058861217153503,5,False
KGS_RUB,2025-06-13,0.903405,True,0,0,True,False,False,63.73066691619744,10.169535612563507,5,False
KGS_RUB,2025-06-16,0.903405,True,0,0,True,False,False,51.20143123687804,-0.6009390158849826,3,False
KGS_RUB,2025-06-17,0.897732,True,0,1,True,False,True,0.0,-1.629242299141076,2,False
KGS_RUB,2025-06-18,0.900097,True,0,0,True,False,False,26.344165073763914,1.6098208343815479,3,False
KGS_RUB,2025-06-19,0.900142,True,0,0,True,False,False,26.845428256985215,-2.6584541342515866,2,False
KGS_RUB,2025-06-20,0.897472,True,0,1,True,False,True,0.0,0.11476463541426618,4,False
KGS_RUB,2025-06-23,0.897674,True,0,0,True,False,False,2.2507665977311575,10.385999771206578,5,False
KGS_RUB,2025-06-24,0.895654,True,0,1,True,False,True,0.0,11.251382576237035,5,False
KGS_RUB,2025-06-25,0.898272,True,0,0,True,False,False,29.230037492156136,4.8700624441282425,3,False
KGS_RUB,2025-06-26,0.896414,True,0,1,True,False,True,8.48541959283411,3.0080436987043324,4,False
KGS_RUB,2025-06-27,0.89599,True,0,1,True,False,True,3.7514486620948695,5.741957903752537,4,False
KGS_RUB,2025-06-30,0.897871,True,0,0,True,False,False,24.752862154358013,-3.700869718445521,2,False
KGS_RUB,2025-07-01,0.898194,True,0,0,True,False,False,28.35916548131312,-0.19904706855200516,2,False
KGS_RUB,2025-07-02,0.896719,True,0,1,True,False,True,11.890752455747666,5.116602160954109,4,False
KGS_RUB,2025-07-03,0.899417,True,0,0,True,False,False,42.01399201030797,3.9265934460444014,3,False
KGS_RUB,2025-07-04,0.900893,False,0,0,True,False,False,58.49357006165512,8.063624399549774,5,False
KGS_RUB,2025-07-07,0.901491,False,0,0,True,False,False,61.39577450641198,14.573941283102078,5,False
KGS_RUB,2025-07-08,0.900154,False,0,0,True,False,False,38.30631446417377,-2.0099824975450264,1,False
KGS_RUB,2025-07-09,0.893862,True,0,1,True,False,True,0.0,5.087549591673346,4,False
KGS_RUB,2025-07-10,0.893913,True,0,1,True,False,True,0.5705578713488535,9.503207815521275,5,False
KGS_RUB,2025-07-11,0.890828,True,0,1,True,False,True,0.0,8.031938555914664,5,False
KGS_RUB,2025-07-14,0.890629,True,0,1,True,False,True,0.0,-0.16564335899116323,2,False
KGS_RUB,2025-07-15,0.896264,True,0,0,True,False,False,63.26989127908522,5.092487417095448,3,False
KGS_RUB,2025-07-16,0.891463,True,0,0,True,False,False,9.364168469698786,-9.57478675263457,0,False
KGS_RUB,2025-07-17,0.891464,True,0,0,True,False,False,9.375396489448296,-7.0110223668868885,0,False
KGS_RUB,2025-07-18,0.894061,True,0,0,True,False,False,38.53456377459041,-4.5145199039096084,1,False
KGS_RUB,2025-07-21,0.895516,True,0,0,True,False,False,54.87133250769993,-7.798693095836472,1,False
KGS_RUB,2025-07-22,0.895682,True,0,0,True,False,False,56.735183785840974,-9.691177538148299,1,False
KGS_RUB,2025-07-23,0.892947,True,0,0,True,False,False,26.026549775495234,-6.570847962791059,1,False
KGS_RUB,2025-07-24,0.897866,True,0,0,True,False,False,81.25717891512619,-7.024586789016408,0,False
KGS_RUB,2025-07-25,0.90332,False,1,0,False,False,False,133.0060810151412,2.54978107634285,3,True
KGS_RUB,2025-07-28,0.911257,False,0,0,False,False,False,205.05136363076383,-5.7385639025917525,1,False
KGS_RUB,2025-07-29,0.911549,False,0,0,False,False,False,208.3214345308293,-7.766213273424194,1,False
KGS_RUB,2025-07-30,0.94163,False,0,0,False,False,False,545.1947316022099,4.6214269624274,3,False
KGS_RUB,2025-07-31,0.935788,False,0,0,False,False,False,479.7709158550267,-47.359616158616724,0,False
KGS_RUB,2025-08-01,0.918425,False,0,0,False,False,False,285.3248849035839,-32.82891168180879,0,False
KGS_RUB,2025-08-04,0.918569,False,0,0,False,False,False,168.81060975069806,10.22129965388552,4,True
KGS_RUB,2025-08-05,0.911076,True,0,0,True,False,False,0.0,16.18085683115167,5,False
KGS_RUB,2025-08-06,0.915369,True,0,1,True,False,True,47.12010853101134,7.700789754311098,3,False
KGS_RUB,2025-08-07,0.916997,False,0,1,True,False,True,64.98908982346174,4.92403553478793,3,False
KGS_RUB,2025-08-08,0.907772,True,0,1,True,False,True,0.0,22.916438858032517,5,False
KGS_RUB,2025-08-11,0.912288,True,0,0,True,False,False,49.748174651784716,-4.201996660545104,3,False
KGS_RUB,2025-08-12,0.911235,True,0,0,True,False,False,38.14834561982616,-5.942065560099019,2,False
KGS_RUB,2025-08-13,0.914384,True,0,0,True,False,False,72.83767289583577,-1.4693316630018938,3,False
KGS_RUB,2025-08-14,0.911313,True,0,0,True,False,False,39.00759221478589,7.219139508915174,4,False
KGS_RUB,2025-08-15,0.912868,True,0,0,True,False,False,56.13744420405187,-2.0627726783193356,2,False
KGS_RUB,2025-08-18,0.915211,True,0,0,True,False,False,81.9478899988102,-5.711760427814072,1,False
KGS_RUB,2025-08-19,0.919675,True,0,0,True,False,False,92.62155206944512,5.924770195427254,4,False
KGS_RUB,2025-08-20,0.918772,True,0,0,True,False,False,82.71192392741655,0.6449157327146349,3,False
KGS_RUB,2025-08-21,0.916084,True,0,0,True,False,False,53.213495969755,0.5709144992409598,3,False
KGS_RUB,2025-08-22,0.917743,True,0,0,True,False,False,71.41955697487434,6.170260471633382,4,False
KGS_RUB,2025-08-25,0.923621,False,0,0,False,False,False,117.79359118733402,0.04954950270952274,3,True
KGS_RUB,2025-08-26,0.923471,True,0,0,True,False,False,90.25241173893362,10.202985410956433,5,False
KGS_RUB,2025-08-27,0.921887,True,0,0,True,False,False,72.94492745388848,0.00030608215206839873,2,False
KGS_RUB,2025-08-28,0.920917,True,0,1,True,False,True,62.34627861771757,5.9111473359347855,4,False
KGS_RUB,2025-08-29,0.91913,True,0,1,True,False,True,33.25022596181171,7.976851433694421,5,False
KGS_RUB,2025-09-01,0.919217,True,0,0,True,False,False,16.061141299905657,-5.651805971561119,1,False
KGS_RUB,2025-09-02,0.92033,True,0,0,True,False,False,13.05582452971743,-5.313015333340498,1,False
KGS_RUB,2025-09-03,0.922325,True,0,0,True,False,False,34.76113281037474,11.104563784238408,5,False
KGS_RUB,2025-09-04,0.924652,True,0,0,True,False,False,60.07855254425376,14.602684912477404,5,False
KGS_RUB,2025-09-05,0.929648,False,1,0,False,True,False,114.43430200298144,27.952660603824064,5,True
KGS_RUB,2025-09-08,0.932597,False,1,0,False,False,False,146.51899078476305,15.322450330896407,5,True
KGS_RUB,2025-09-09,0.941563,False,0,0,False,False,False,243.0982020567507,42.15521296805535,5,False
KGS_RUB,2025-09-10,0.951887,False,0,0,False,False,False,355.41118147292883,43.186057471992,5,False
KGS_RUB,2025-09-11,0.971082,False,0,0,False,False,False,564.2302089713324,122.0058262652497,5,False
KGS_RUB,2025-09-12,0.979585,False,0,0,False,False,False,643.8451425032321,91.83725942265885,5,False
KGS_RUB,2025-09-15,0.964892,False,0,0,False,False,False,379.1112334991298,21.598507608488138,5,False
KGS_RUB,2025-09-16,0.949935,False,0,0,False,False,False,185.91095617935594,-65.83104633089377,0,True
KGS_RUB,2025-09-17,0.947252,False,0,1,False,False,True,157.14183082295995,-29.85732430639265,0,True
KGS_RUB,2025-09-18,0.949099,False,0,1,False,False,True,176.946741196895,-15.681814796793205,0,True
KGS_RUB,2025-09-19,0.951086,False,0,1,False,False,True,101.1403379274678,-17.323928306362422,0,True
KGS_RUB,2025-09-22,0.955865,False,0,0,True,False,False,90.92617381647017,-1.7928640152256037,1,False
KGS_RUB,2025-09-23,0.960762,False,0,0,False,False,False,142.62308234767485,18.14465029422596,5,True
KGS_RUB,2025-09-24,0.953123,False,0,0,True,False,False,61.979283231918814,-13.231302458268868,0,False
KGS_RUB,2025-09-25,0.960451,False,0,0,False,False,False,139.33990110340355,23.379192787342795,5,True
KGS_RUB,2025-09-26,0.956054,False,0,0,True,False,False,92.92141900993478,1.899219876329017,3,False
KGS_RUB,2025-09-29,0.95611,False,0,0,True,False,False,52.82382455424673,8.59505463596033,5,False
KGS_RUB,2025-09-30,0.948121,False,0,1,True,False,True,0.0,-5.035328049376453,1,False
KGS_RUB,2025-10-01,0.945072,False,0,0,True,False,False,0.0,-7.029582840315518,0,False
KGS_RUB,2025-10-02,0.931923,True,0,1,True,False,True,0.0,-20.94666612117102,0,False
KGS_RUB,2025-10-03,0.926341,True,0,1,True,False,True,0.0,-24.464971156023417,0,False
KGS_RUB,2025-10-06,0.936611,False,0,1,False,False,True,110.86630085465288,17.55570046407606,4,True
KGS_RUB,2025-10-07,0.949114,False,0,0,False,False,False,245.8381956536537,43.36951939043532,5,False
KGS_RUB,2025-10-08,0.936934,False,0,0,False,False,False,114.35313777539812,10.361190251070298,4,True
KGS_RUB,2025-10-09,0.932508,False,0,1,True,False,True,66.57375631651918,-2.7505071881102072,1,False
KGS_RUB,2025-10-10,0.930966,False,0,1,True,False,True,49.92761844720306,-12.324507892813363,0,False
KGS_RUB,2025-10-13,0.928414,False,0,1,True,False,True,22.378368225091094,2.4514220624456406,3,False
KGS_RUB,2025-10-14,0.924583,False,0,1,True,False,True,0.0,-7.807991618267396,0,False
KGS_RUB,2025-10-15,0.914338,False,0,1,True,False,True,0.0,11.477460270209683,5,False
KGS_RUB,2025-10-16,0.901532,True,0,1,True,False,True,0.0,4.49825879643484,5,False
KGS_RUB,2025-10-17,0.904333,True,0,1,True,False,True,31.069335309230617,2.732448678126831,4,False
KGS_RUB,2025-10-20,0.926054,False,0,0,False,False,False,272.0036559989003,-4.099469890646468,0,False
KGS_RUB,2025-10-21,0.93034,False,0,0,False,False,False,319.5449523699656,4.889553230883692,5,False
KGS_RUB,2025-10-22,0.930217,False,0,0,False,False,False,318.1806081203997,-7.429578623525224,0,False
KGS_RUB,2025-10-23,0.933732,False,0,0,False,False,False,357.16979541491554,9.480209670229556,5,False
KGS_RUB,2025-10-24,0.92932,False,0,0,False,False,False,308.2308781052712,-6.453539507996763,2,False
KGS_RUB,2025-10-27,0.925915,False,0,0,False,False,False,238.6510278846399,11.32839883471215,5,False
KGS_RUB,2025-10-28,0.9032,True,0,1,True,False,True,0.0,87.54379987927851,5,False
KGS_RUB,2025-10-29,0.91272,False,1,1,False,True,True,105.4030115146154,47.53078103264041,5,True
KGS_RUB,2025-10-30,0.908765,True,0,1,True,False,True,61.614260407441,19.64963106265749,5,False
KGS_RUB,2025-10-31,0.920568,False,0,0,False,False,False,192.29406554473138,17.980186296382428,5,True
KGS_RUB,2025-11-03,0.924941,False,0,0,False,False,False,240.71080602303007,-6.099487006487436,0,False
KGS_RUB,2025-11-04,0.924941,False,0,0,False,False,False,240.71080602303007,-8.308543825138681,0,False
KGS_RUB,2025-11-05,0.924941,False,0,0,False,False,False,240.71080602303007,-10.923840264116524,0,False
KGS_RUB,2025-11-06,0.928399,False,0,0,False,False,False,278.9968999114256,-3.2886321545475545,1,False
KGS_RUB,2025-11-07,0.930549,False,0,0,False,False,False,302.80115146146926,3.141443530238819,3,False
KGS_RUB,2025-11-10,0.928824,True,0,0,True,False,False,89.6837604609324,-1.9277792423031404,2,False
KGS_RUB,2025-11-11,0.926395,True,0,0,True,False,False,15.719921594998798,3.7891256026147957,4,False
KGS_RUB,2025-11-12,0.930317,False,0,0,True,False,False,58.12262619994124,2.841815604440079,5,False
KGS_RUB,2025-11-13,0.929505,False,0,0,True,False,False,49.34368786765786,6.030996957941959,5,False
KGS_RUB,2025-11-14,0.921681,False,0,0,True,False,False,0.0,10.583796547602775,4,False
KGS_RUB,2025-11-17,0.927703,False,0,0,True,False,False,65.33713942242558,6.980849489586217,5,False
KGS_RUB,2025-11-18,0.927732,False,0,0,True,False,False,65.65178190719001,3.6466002892443505,3,False
KGS_RUB,2025-11-19,0.926882,False,0,0,True,False,False,56.42950218134102,-1.953969715243753,2,False
KGS_RUB,2025-11-20,0.925612,False,0,0,True,False,False,42.650331296836264,2.6643650786555284,4,False
KGS_RUB,2025-11-21,0.92318,False,0,1,True,False,True,16.263761540056265,7.790953683420199,5,False
KGS_RUB,2025-11-24,0.903655,False,0,1,True,False,True,0.0,30.316361714473942,5,False
KGS_RUB,2025-11-25,0.902461,False,0,1,True,False,True,0.0,11.457578697669613,3,False
KGS_RUB,2025-11-26,0.902933,False,0,1,True,False,True,5.230142909222746,5.68155970489892,4,False
KGS_RUB,2025-11-27,0.898732,False,0,1,True,False,True,0.0,5.074809517493506,3,False
KGS_RUB,2025-11-28,0.8948,False,0,1,True,False,True,0.0,18.748900268990454,5,False
KGS_RUB,2025-12-01,0.89455,False,0,1,True,False,True,0.0,4.808101704159906,5,False
KGS_RUB,2025-12-02,0.888539,False,0,1,True,False,True,0.0,9.992930836212999,5,False
KGS_RUB,2025-12-03,0.885799,False,0,1,True,False,True,0.0,4.868129344150596,5,False
KGS_RUB,2025-12-04,0.891431,False,0,1,True,False,True,63.581015557705456,9.750753375980192,5,False
KGS_RUB,2025-12-05,0.880169,False,0,1,True,False,True,0.0,31.469252883673086,5,False
KGS_RUB,2025-12-08,0.87014,True,0,1,True,False,True,0.0,14.675912272448688,5,False
KGS_RUB,2025-12-09,0.883628,False,1,0,False,True,False,155.00953869492128,41.26497950681296,5,True
KGS_RUB,2025-12-10,0.878312,True,0,1,True,False,True,93.91592157583784,7.532939211284173,5,False
KGS_RUB,2025-12-11,0.890792,False,0,0,False,False,False,237.34111752131915,-12.348466361049582,0,False
KGS_RUB,2025-12-12,0.907259,False,0,0,False,False,False,426.5865263061119,-30.493500087218855,0,False
KGS_RUB,2025-12-15,0.911716,False,0,0,False,False,False,477.8081688004221,-15.617530588143413,0,False
KGS_RUB,2025-12-16,0.908513,False,0,0,False,False,False,440.99800032178615,-26.261253440952316,0,False
KGS_RUB,2025-12-17,0.908293,False,0,0,False,False,False,438.46967154710813,-18.609715102231085,0,False
KGS_RUB,2025-12-18,0.919162,False,0,0,False,False,False,563.3806054198164,-30.563825895709492,0,False
KGS_RUB,2025-12-19,0.915153,False,0,0,False,False,False,419.4523130732586,-10.467270807849927,0,False
KGS_RUB,2025-12-22,0.923065,False,0,0,False,False,False,174.2170648072938,-1.3403236899254267,2,True
KGS_RUB,2025-12-23,0.906971,False,0,0,True,False,False,0.0,16.856908153390027,4,False
KGS_RUB,2025-12-24,0.898628,False,0,1,True,False,True,0.0,45.62521114340967,5,False
KGS_RUB,2025-12-25,0.896933,False,0,1,True,False,True,0.0,33.48710257098419,5,False
KGS_RUB,2025-12-26,0.890616,True,0,1,True,False,True,0.0,28.630994333326942,5,False
KGS_RUB,2025-12-29,0.888674,True,0,1,True,False,True,0.0,3.12857978711345,3,False
KGS_RUB,2025-12-30,0.886,True,0,1,True,False,True,0.0,14.251849990396968,5,False
KGS_RUB,2025-12-31,0.894861,False,0,0,False,False,False,100.011286681716,16.348938469408214,5,True
KGS_RUB,2026-01-01,0.894861,False,0,0,False,False,False,100.011286681716,9.382304538163577,4,True
KGS_RUB,2026-01-02,0.894861,False,0,0,False,False,False,100.011286681716,12.185956399050735,5,True
KGS_RUB,2026-01-05,0.894861,False,0,0,False,False,False,100.011286681716,9.216184901628344,4,True
KGS_RUB,2026-01-06,0.894861,False,0,0,False,False,False,100.011286681716,5.889129630998635,5,True
KGS_RUB,2026-01-07,0.894861,False,0,0,False,False,False,100.011286681716,9.949802253994555,5,True
KGS_RUB,2026-01-08,0.894861,False,0,0,False,False,False,100.011286681716,4.171449924912585,4,True
KGS_RUB,2026-01-09,0.894861,False,0,0,False,False,False,100.011286681716,1.7549220927115528,3,True
KGS_RUB,2026-01-12,0.894861,True,0,0,True,False,False,0.0,-3.28488391323245,0,False
KGS_RUB,2026-01-13,0.900987,False,0,0,True,False,False,68.45755933044373,-7.38083666017797,0,False
KGS_RUB,2026-01-14,0.901699,False,0,0,True,False,False,76.4141023019227,-8.81298979525158,0,False
KGS_RUB,2026-01-15,0.898486,False,0,0,True,False,False,40.50908465113467,-3.029100832457887,1,False
KGS_RUB,2026-01-16,0.897987,False,0,0,True,False,False,34.9327996191584,-10.37007342418339,0,False
KGS_RUB,2026-01-19,0.890031,False,0,1,True,False,True,0.0,6.462570113949352,5,False
KGS_RUB,2026-01-20,0.889178,False,0,1,True,False,True,0.0,5.9149163071379185,5,False
KGS_RUB,2026-01-21,0.889934,False,0,1,True,False,True,8.502234648180007,4.287335973848894,5,False
KGS_RUB,2026-01-22,0.886403,False,0,1,True,False,True,0.0,8.47803669544156,5,False
KGS_RUB,2026-01-23,0.869505,True,0,1,True,False,True,0.0,70.67870725224702,5,False
KGS_RUB,2026-01-26,0.86821,True,0,1,True,False,True,0.0,27.056775853361966,5,False
KGS_RUB,2026-01-27,0.869184,True,0,1,True,False,True,11.218484007324836,29.18643862235104,5,False
KGS_RUB,2026-01-28,0.875389,False,0,1,True,False,True,82.68736826343881,47.1693302436309,5,False
KGS_RUB,2026-01-29,0.872112,True,0,1,True,False,True,44.94304373365843,41.567670261664965,5,False
KGS_RUB,2026-01-30,0.869355,True,0,0,True,False,False,13.188053581505432,44.42248895741452,5,False
KGS_RUB,2026-02-02,0.866011,True,0,1,True,False,True,0.0,34.77067438984483,5,False
KGS_RUB,2026-02-03,0.880758,False,0,0,False,True,False,170.28652061001682,46.07046318751884,5,True
KGS_RUB,2026-02-04,0.880294,False,0,0,False,False,False,164.92862099904082,13.317201479162932,5,True
KGS_RUB,2026-02-05,0.879476,False,0,0,False,False,False,155.4830134952101,3.9129237813670947,4,True
KGS_RUB,2026-02-06,0.875384,False,0,1,False,False,True,108.23188158118225,4.14717351355387,5,True
KGS_RUB,2026-02-09,0.881121,False,0,0,False,False,False,174.47815327980896,-4.431878969328951,1,True
KGS_RUB,2026-02-10,0.887938,False,0,0,False,False,False,253.195398210877,-14.537312936785174,0,False
KGS_RUB,2026-02-11,0.882894,False,0,0,False,False,False,194.95133433639955,-8.246643272277199,0,True
KGS_RUB,2026-02-12,0.885818,False,0,0,False,False,False,228.71533964349265,-7.987534787568419,1,False
KGS_RUB,2026-02-13,0.882653,False,0,0,True,False,False,83.03784396333391,-4.1484624558363326,1,False
KGS_RUB,2026-02-16,0.882726,False,0,0,True,False,False,83.87176370598493,-3.925519621765794,1,False
KGS_RUB,2026-02-17,0.876159,True,0,1,True,False,True,0.0,7.593863722204387,4,False
KGS_RUB,2026-02-18,0.877517,True,0,0,True,False,False,15.49946984508388,14.679064208957367,5,False
KGS_RUB,2026-02-19,0.870811,True,0,1,True,False,True,0.0,26.155593532782184,5,False
KGS_RUB,2026-02-20,0.876392,True,0,0,True,False,False,64.08968191720099,9.097827071858244,4,False
KGS_RUB,2026-02-23,0.877666,True,0,0,True,False,False,78.71972219000378,9.937622267605306,5,False
KGS_RUB,2026-02-24,0.877666,True,0,0,True,False,False,78.71972219000378,11.767189700146563,5,False
KGS_RUB,2026-02-25,0.87632,True,0,0,True,False,False,63.262866454374404,11.674894432484706,5,False
KGS_RUB,2026-02-26,0.874417,True,0,0,True,False,False,41.4096744299286,13.557964141885037,5,False
KGS_RUB,2026-02-27,0.881896,False,0,0,False,False,False,127.2951306311021,-6.05746628014292,0,True
KGS_RUB,2026-03-02,0.883632,False,1,0,False,False,False,105.38450190241022,-13.086731266754635,0,True
KGS_RUB,2026-03-03,0.882534,True,0,0,True,False,False,92.82756396547632,-5.634259199337244,0,False
KGS_RUB,2026-03-04,0.887476,False,1,0,False,False,False,149.34522087287849,-26.07990112541314,0,True
KGS_RUB,2026-03-05,0.889662,False,1,0,False,False,False,174.34473483475267,-33.51371315757556,0,True
KGS_RUB,2026-03-06,0.894178,False,0,0,False,False,False,225.9905742912127,-46.320153332614524,0,False
KGS_RUB,2026-03-09,0.905089,False,0,0,False,False,False,262.99019385505716,-39.84863727538368,0,False
KGS_RUB,2026-03-10,0.905089,False,0,0,False,False,False,255.57089018666713,-45.703542758050105,0,False
KGS_RUB,2026-03-11,0.900396,False,0,0,False,False,False,202.39446865503163,-63.90804612098866,0,False
KGS_RUB,2026-03-12,0.904151,False,0,0,False,False,False,244.9424044852666,-48.30322610578097,0,False
KGS_RUB,2026-03-13,0.904141,False,0,0,False,False,False,244.82909440316058,-55.30056279860296,0,False
KGS_RUB,2026-03-16,0.917389,False,0,0,False,False,False,259.5791889310628,-22.739573946997545,0,False
KGS_RUB,2026-03-17,0.926835,False,0,0,False,False,False,293.63746618154664,-39.14824615957402,0,False
KGS_RUB,2026-03-18,0.936653,False,0,0,False,False,False,402.67837706964514,-27.81093484635222,0,False
KGS_RUB,2026-03-19,0.950553,False,0,0,False,False,False,557.0548958458277,-18.97786364104914,1,False
KGS_RUB,2026-03-20,0.970154,False,0,0,False,False,False,774.7479997689899,-1.5542738754821255,2,False
KGS_RUB,2026-03-23,0.960551,False,0,0,False,False,False,623.9071118332217,-6.8143672292988455,1,False
KGS_RUB,2026-03-24,0.936264,False,0,0,False,False,False,205.74696230279523,-58.635680973526895,0,False
KGS_RUB,2026-03-25,0.925807,False,0,1,False,False,True,91.76042006171947,-30.0016876086513,0,False
KGS_RUB,2026-03-26,0.923041,False,0,1,False,False,True,61.609633427042176,-30.63054079978689,0,False
KGS_RUB,2026-03-27,0.939181,False,0,1,False,False,True,174.85680484398802,-2.809636572792762,2,True
KGS_RUB,2026-03-30,0.927894,False,0,1,True,False,True,52.57621275761348,13.767378896647031,5,False
KGS_RUB,2026-03-31,0.929623,False,0,0,True,False,False,71.30777506091147,12.694225223280231,5,False
KGS_RUB,2026-04-01,0.929107,False,0,0,True,False,False,65.71755750828024,6.740242021646914,5,False
KGS_RUB,2026-04-02,0.921937,False,0,0,True,False,False,0.0,9.682868962807678,5,False
KGS_RUB,2026-04-03,0.918631,False,0,1,False,False,True,0.0,12.989097363359736,5,False
KGS_RUB,2026-04-06,0.911713,False,0,1,True,False,True,0.0,13.566462438363123,5,False
KGS_RUB,2026-04-07,0.90026,False,0,1,True,False,True,0.0,17.90769389439939,5,False
KGS_RUB,2026-04-08,0.90051,False,0,1,False,False,True,2.7769755403994623,16.751082060984857,5,False
KGS_RUB,2026-04-09,0.895418,False,0,1,False,False,True,0.0,6.81279490328146,5,False
KGS_RUB,2026-04-10,0.890085,False,0,1,False,False,True,0.0,14.518905323615883,5,False
KGS_RUB,2026-04-13,0.880188,False,0,1,False,False,True,0.0,21.053825433927198,5,False
KGS_RUB,2026-04-14,0.871914,False,0,1,False,False,True,0.0,26.128884409999387,5,False
KGS_RUB,2026-04-15,0.867389,False,0,1,True,False,True,0.0,24.71472655510354,5,False
KGS_RUB,2026-04-16,0.860316,True,0,1,False,False,True,0.0,32.74116522143667,5,False
KGS_RUB,2026-04-17,0.870053,False,0,1,False,True,True,113.17934340405067,32.592223619654085,5,True
KGS_RUB,2026-04-20,0.86968,False,0,1,False,False,True,108.84372718861445,8.00037129626463,4,True
KGS_RUB,2026-04-21,0.860343,True,0,1,False,False,True,0.31383817109098544,28.882216848995945,5,False
KGS_RUB,2026-04-22,0.852956,True,0,1,False,False,True,0.0,41.988117513423354,5,False
KGS_RUB,2026-04-23,0.857849,True,0,1,False,False,True,57.36520992876359,52.418680425020625,5,False
KGS_RUB,2026-04-24,0.856085,True,0,1,False,False,True,36.68419004028367,28.066990329107533,5,False
KGS_RUB,2026-04-27,0.864125,False,0,0,False,False,False,130.9446208245202,13.54238498267768,4,True
KGS_RUB,2026-04-28,0.855627,True,0,1,False,False,True,31.31462818715125,18.811656017426067,5,False
KGS_RUB,2026-04-29,0.854341,True,0,1,False,False,True,16.237648835344398,21.640342095659015,5,False
KGS_RUB,2026-04-30,0.85647,True,0,0,True,False,False,41.197904698482276,19.890771866491356,5,False
KGS_RUB,2026-05-01,0.855651,True,0,1,True,False,True,31.596002607403584,13.397952397510071,5,False
KGS_RUB,2026-05-04,0.855651,False,0,0,True,False,False,15.333455844914745,0.09665490439436653,1,False
KGS_RUB,2026-05-05,0.862942,False,0,0,False,False,False,100.67408681077028,3.550458766300224,4,True
KGS_RUB,2026-05-06,0.861866,False,0,0,True,False,False,88.07958414731365,5.694273107474945,5,False
KGS_RUB,2026-05-07,0.860492,False,0,0,True,False,False,71.99701290234285,3.4074707562516964,4,False
KGS_RUB,2026-05-08,0.853586,False,0,1,True,False,True,0.0,18.484798007313067,5,False
KGS_RUB,2026-05-11,0.849873,False,0,1,True,False,True,0.0,12.759338457761338,5,False
KGS_RUB,2026-05-12,0.849873,False,0,1,True,False,True,0.0,14.757724979312048,5,False
KGS_RUB,2026-05-13,0.843771,False,0,1,True,False,True,0.0,6.305169225133245,5,False
KGS_RUB,2026-05-14,0.838674,False,0,1,False,False,True,0.0,1.4202282111177578,3,False
KGS_RUB,2026-05-15,0.836346,False,0,1,False,False,True,0.0,-5.732145373144926,0,False
KGS_RUB,2026-05-18,0.836221,False,0,1,True,False,True,0.0,-15.08535625889218,0,False
KGS_RUB,2026-05-19,0.827326,False,0,1,True,False,True,0.0,-25.48978803065949,0,False
KGS_RUB,2026-05-20,0.815238,True,0,1,True,False,True,0.0,1.5631471169408329,2,False
KGS_RUB,2026-05-21,0.811331,True,0,1,True,False,True,0.0,-29.24698707946583,0,False
KGS_RUB,2026-05-22,0.809493,True,0,1,True,False,True,0.0,-20.934710277540347,0,False
KGS_RUB,2026-05-25,0.814282,True,0,1,True,False,True,59.16048687264697,0.9628607114913201,2,False
KGS_RUB,2026-05-26,0.818136,False,0,1,False,False,True,106.77053414915206,19.93947407396135,5,True
KGS_RUB,2026-05-27,0.819531,False,0,0,False,False,False,124.00354295837079,19.88559329766293,5,True
KGS_RUB,2026-05-28,0.810763,True,0,1,True,False,True,15.688832392621865,-16.484491607462235,0,False
KGS_RUB,2026-05-29,0.816141,True,0,0,True,False,False,82.12547854027142,11.316905587772652,5,False
KGS_RUB,2026-06-01,0.812149,True,0,0,True,False,False,32.8106604998446,-14.363990090098255,0,False
KGS_RUB,2026-06-02,0.818218,True,0,0,True,False,False,91.95042200988546,6.5465169949847635,4,False
KGS_RUB,2026-06-03,0.829728,False,0,0,False,False,False,233.91545988161732,34.19678478512367,5,False
KGS_RUB,2026-06-04,0.838692,False,0,0,False,False,False,344.4779793848518,48.77348029357087,5,False
KGS_RUB,2026-06-05,0.849578,False,0,0,False,False,False,478.7465634223564,87.5416675193317,5,False
KGS_RUB,2026-06-08,0.840125,False,0,0,False,False,False,344.46881052614617,22.07045008110642,4,False
KGS_RUB,2026-06-09,0.837789,False,0,0,False,False,False,315.7056155951676,2.100052293667609,4,False
KGS_RUB,2026-06-10,0.820264,True,0,1,True,False,True,99.92008855517875,-4.855419418362983,1,False
KGS_RUB,2026-06-11,0.820926,False,0,1,False,False,True,108.07130218716043,-4.213376916890166,1,True
KGS_RUB,2026-06-12,0.822272,True,0,1,True,False,True,49.54669782380794,-8.298944389612428,0,False
KGS_RUB,2026-06-15,0.822272,True,0,1,True,False,True,24.479923536813164,6.906520366520175,4,False
KGS_RUB,2026-06-16,0.828488,False,1,1,False,True,True,100.26040396750258,28.81602252124038,5,True
KGS_RUB,2026-06-17,0.824915,True,0,0,True,False,False,56.70125715623308,7.205364119340141,4,False
KGS_RUB,2026-06-18,0.83188,False,1,0,False,False,False,141.61294412530447,22.569024838547946,5,True
KGS_RUB,2026-06-19,0.838869,False,0,0,False,False,False,226.81721982191095,38.363526412014345,5,False
KGS_RUB,2026-06-22,0.839783,False,0,0,False,False,False,212.95872898505542,11.23413147860619,5,False
KGS_RUB,2026-06-23,0.843511,False,0,0,False,False,False,258.2965247509339,20.25609674931328,5,False
KGS_RUB,2026-06-24,0.853288,False,0,0,False,False,False,377.1987858032388,39.807712730786534,5,False
KGS_RUB,2026-06-25,0.855046,False,0,0,False,False,False,398.5785725404734,31.15263867314111,5,False
KGS_RUB,2026-06-26,0.864891,False,0,0,False,False,False,484.6075050156684,57.985934582603704,5,False
KGS_RUB,2026-06-29,0.881202,False,0,0,False,False,False,504.6437524810199,20.907104458663284,5,False
KGS_RUB,2026-06-30,0.889124,False,0,0,False,False,False,587.5446395080642,34.34692899307912,5,False
KGS_RUB,2026-07-01,0.895021,False,0,0,False,False,False,657.7651607617673,25.037065134552613,5,False
KGS_RUB,2026-07-02,0.894971,False,0,0,False,False,False,657.1697688569556,17.98628053663176,5,False
KGS_RUB,2026-07-03,0.89113,False,0,0,False,False,False,564.5332426014593,-5.705890165586647,1,False
KGS_RUB,2026-07-06,0.883115,False,0,1,False,False,True,210.70863264850635,-21.733699395630527,0,False
KGS_RUB,2026-07-07,0.891589,False,0,0,False,False,False,117.8730869880007,6.373660107627632,4,True
KGS_RUB,2026-07-08,0.870507,True,0,1,True,False,True,0.0,-23.65855268521844,0,False
KGS_RUB,2026-07-09,0.873672,True,0,1,True,False,True,36.35812233560465,-9.529992588329872,0,False
KGS_RUB,2026-07-10,0.868287,True,0,1,True,False,True,0.0,-11.950864891896453,1,False
KGS_RUB,2026-07-13,0.876681,True,0,0,True,False,False,96.67310463015167,4.000131425386133,5,False
KGS_RUB,2026-07-14,0.876173,True,0,1,True,False,True,90.82250454054864,14.665239142632291,5,False
KGS_RUB,2026-07-15,0.886122,False,0,0,False,False,False,205.40443424812204,29.584723849942485,5,False
KGS_RUB,2026-07-16,0.891444,False,0,0,False,False,False,266.69753203721893,39.54256725222649,5,False
KGS_RUB,2026-07-17,0.895576,False,0,0,False,False,False,314.28548394712766,38.90698524322511,5,False
KGS_RUB,2026-07-20,0.896497,False,0,0,False,False,False,324.8925758418575,26.203119038482384,5,False
KGS_RUB,2026-07-21,0.895551,False,0,0,False,False,False,221.1663678291842,16.289566820348433,5,False
KGS_RUB,2026-07-22,0.898273,False,0,0,False,False,False,252.23329182707087,25.194785355248328,5,False
KGS_RUB,2026-07-23,0.897377,False,0,0,False,False,False,242.0070009005082,13.916013814099236,5,False
KGS_RUB,2026-07-24,0.896568,False,0,0,False,False,False,232.7736645616807,1.7121525503298596,3,False
KGS_RUB,2026-07-27,0.89229,True,0,1,True,False,True,0.0,-6.994499180293711,2,False
KGS_RUB,2026-07-28,0.892135,True,0,1,True,False,True,0.0,-3.5790755118896285,2,False
KGS_RUB,2026-07-29,0.89992,True,0,0,True,False,False,87.26257797306403,24.90859591639749,5,False
KGS_RUB,2026-07-30,0.907456,False,1,0,False,True,False,171.7340985388982,43.79552946212417,5,True
KGS_RUB,2026-07-31,0.913177,False,0,0,False,False,False,235.86116450985628,52.289984250786674,5,False
KGS_RUB,2026-08-03,0.908676,False,1,0,False,False,False,185.4091589277407,9.46751282923941,5,True
KGS_RUB,2026-08-04,0.915594,False,0,0,False,False,False,262.9534767720143,31.759858054069667,5,False
KGS_RUB,2026-08-05,0.92772,False,0,0,False,False,False,398.87460978439424,62.93308635694128,5,False
KGS_RUB,2026-08-06,0.925435,False,0,0,False,False,False,373.26189422004495,19.885783722680905,5,False
KGS_RUB,2026-08-07,0.930906,False,0,0,False,False,False,434.58669371787994,37.03145180548661,5,False
KGS_RUB,2026-08-10,0.939583,False,0,0,False,False,False,340.1322363526704,7.148791143938294,5,False
KGS_RUB,2026-08-11,0.944608,False,0,0,False,False,False,395.43247538176286,22.010591489770803,5,False
KGS_RUB,2026-08-12,0.941958,False,0,0,False,False,False,366.2691652470174,1.7345415402298947,3,False
KGS_RUB,2026-08-13,0.949087,False,0,0,False,False,False,444.7239720208307,29.28335621260647,5,False
KGS_RUB,2026-08-14,0.958328,False,0,0,False,False,False,466.7352560195881,30.837735559662512,5,False
KGS_RUB,2026-08-17,0.96678,False,0,0,False,False,False,385.3665139122531,5.827858982730749,5,False
KGS_RUB,2026-08-18,0.97214,False,0,0,False,False,False,346.504779247816,30.47948432282154,5,False
KGS_RUB,2026-08-19,0.973865,False,0,0,False,False,False,364.8639875348958,28.59543041044743,5,False
KGS_RUB,2026-08-20,0.973463,False,0,0,False,False,False,360.5854937775588,13.766827297646334,5,False
KGS_RUB,2026-08-21,0.953183,False,1,0,False,False,False,119.16667197475972,-73.39285980374788,0,True
KGS_RUB,2026-08-24,0.948212,True,0,1,True,False,True,0.0,-8.274982354858462,0,False
KZT_RUB,2025-01-01,0.19486,False,0,0,True,False,False,0.0,8.726547743937552,5,False
KZT_RUB,2025-01-02,0.19486,False,0,0,True,False,False,0.0,4.263999439369837,4,False
KZT_RUB,2025-01-03,0.19486,False,0,0,True,False,False,0.0,4.388035585610517,5,False
KZT_RUB,2025-01-06,0.19486,False,0,0,True,False,False,0.0,3.244180668553254,4,False
KZT_RUB,2025-01-07,0.19486,True,0,0,True,False,False,0.0,6.018858553997752,5,False
KZT_RUB,2025-01-08,0.19486,True,0,0,True,False,False,0.0,1.032177236893972,3,False
KZT_RUB,2025-01-09,0.19486,True,0,0,True,False,False,0.0,0.6964690482407221,3,False
KZT_RUB,2025-01-10,0.194016,True,0,0,True,False,False,0.0,1.8396364095165652,4,False
KZT_RUB,2025-01-13,0.194216,False,0,0,True,False,False,10.308428170873185,-6.684661574461347,0,False
KZT_RUB,2025-01-14,0.194962,False,0,0,True,False,False,48.75886524822626,-7.844233784117138,0,False
KZT_RUB,2025-01-15,0.195713,False,0,0,True,False,False,87.46701302985383,-7.373719491852393,0,False
KZT_RUB,2025-01-16,0.193889,False,0,1,True,False,True,0.0,12.096423641510867,5,False
KZT_RUB,2025-01-17,0.193272,False,0,1,True,False,True,0.0,15.955138933807069,5,False
KZT_RUB,2025-01-20,0.193361,False,0,0,True,False,False,4.604909143590685,-7.135236407107337,0,False
KZT_RUB,2025-01-21,0.19233,False,0,1,True,False,True,0.0,-8.958216694794352,0,False
KZT_RUB,2025-01-22,0.188547,False,0,1,True,False,True,0.0,29.989326354971315,4,False
KZT_RUB,2025-01-23,0.186285,True,0,1,True,False,True,0.0,33.21352303723968,5,False
KZT_RUB,2025-01-24,0.19024,False,0,1,False,False,True,212.30909627720786,61.898966663720856,5,False
KZT_RUB,2025-01-27,0.188093,True,0,1,True,False,True,97.05558686958105,-1.2290202756222168,0,False
KZT_RUB,2025-01-28,0.187571,True,0,1,True,False,True,69.03400703223372,-6.538084446364944,0,False
KZT_RUB,2025-01-29,0.189573,False,0,0,False,False,False,176.50374426282144,-10.41773714751071,0,True
KZT_RUB,2025-01-30,0.189899,False,0,0,False,False,False,194.0038113643072,-12.487195472323576,0,True
KZT_RUB,2025-01-31,0.189622,False,0,0,False,False,False,179.13412244678906,-8.152417264207124,0,True
KZT_RUB,2025-02-03,0.188358,False,0,0,True,False,False,41.95744544732483,7.251929054077789,5,False
KZT_RUB,2025-02-04,0.192889,False,0,0,False,False,False,283.51930735561524,-31.723490643341904,0,False
KZT_RUB,2025-02-05,0.188906,False,0,0,True,False,False,71.17304913872636,-6.328227325549163,1,False
KZT_RUB,2025-02-06,0.188471,False,0,0,True,False,False,47.98183088004171,14.948435626822576,5,False
KZT_RUB,2025-02-07,0.187822,False,0,1,True,False,True,13.381599500990049,16.462938736631294,5,False
KZT_RUB,2025-02-10,0.188772,False,0,0,True,False,False,50.579804282777644,-6.669633677947706,0,False
KZT_RUB,2025-02-11,0.189331,False,0,1,True,False,True,80.34202596075124,-13.439488790870868,0,False
KZT_RUB,2025-02-12,0.187668,False,0,1,True,False,True,0.0,16.348583683992945,5,False
KZT_RUB,2025-02-13,0.185709,False,0,1,True,False,True,0.0,36.48992782821203,5,False
KZT_RUB,2025-02-14,0.181587,False,0,1,True,False,True,0.0,116.28244013874234,5,False
KZT_RUB,2025-02-17,0.181389,False,0,1,True,False,True,0.0,33.23724661309857,5,False
KZT_RUB,2025-02-18,0.184612,False,0,1,False,False,True,177.68442408304884,13.163342877895891,5,True
KZT_RUB,2025-02-19,0.183137,False,0,1,True,False,True,96.36747542574264,4.640455484524519,4,False
KZT_RUB,2025-02-20,0.18162,False,0,1,True,False,True,12.73506111175493,35.34478010184516,5,False
KZT_RUB,2025-02-21,0.175752,False,0,1,True,False,True,0.0,164.19522155318276,5,False
KZT_RUB,2025-02-24,0.17642,False,0,1,True,False,True,38.00810232600593,47.57088282902755,5,False
KZT_RUB,2025-02-25,0.175546,False,0,1,True,False,True,0.0,31.97754275407227,5,False
KZT_RUB,2025-02-26,0.172268,True,0,1,False,False,True,0.0,84.54880217395066,5,False
KZT_RUB,2025-02-27,0.172307,True,0,1,False,False,True,2.263914365987496,86.15753104621771,5,False
KZT_RUB,2025-02-28,0.174946,False,1,1,False,True,True,155.45545313116583,90.93576897487176,5,True
KZT_RUB,2025-03-03,0.175989,False,0,0,False,False,False,216.00065014976576,20.199391498177732,5,False
KZT_RUB,2025-03-04,0.178778,False,0,0,False,False,False,377.89955186105396,-1.222652530084023,2,False
KZT_RUB,2025-03-05,0.178808,False,0,0,False,False,False,379.6410244502746,-21.739016549495503,0,False
KZT_RUB,2025-03-06,0.179669,False,0,0,False,False,False,429.62128776093067,-10.654788492360456,1,False
KZT_RUB,2025-03-07,0.180331,False,0,0,False,False,False,468.0497828964159,-21.721178174931133,0,False
KZT_RUB,2025-03-10,0.179728,False,0,0,False,False,False,273.34148823065397,-3.379647988389189,0,False
KZT_RUB,2025-03-11,0.178618,False,0,0,False,False,False,149.38433652103234,-2.3568074179893816,2,True
KZT_RUB,2025-03-12,0.174939,False,0,1,True,False,True,0.0,17.99311504944301,5,False
KZT_RUB,2025-03-13,0.177308,False,0,1,False,False,True,135.41863163731182,22.49338626485109,5,True
KZT_RUB,2025-03-14,0.177081,False,0,1,False,False,True,122.4426800198919,-0.5965698400904884,3,True
KZT_RUB,2025-03-17,0.17277,False,0,1,False,False,True,0.0,59.85111441471158,5,False
KZT_RUB,2025-03-18,0.166893,False,0,1,False,False,True,0.0,143.13871929232613,5,False
KZT_RUB,2025-03-19,0.163317,True,0,1,False,False,True,0.0,203.53237663795107,5,False
KZT_RUB,2025-03-20,0.166896,False,0,1,False,False,True,219.1443634159329,156.33240366425574,5,False
KZT_RUB,2025-03-21,0.168683,False,0,1,False,False,True,328.56346859175824,85.79719581313893,5,False
KZT_RUB,2025-03-24,0.168327,False,0,1,False,False,True,306.76537041459227,37.678619628431775,5,False
KZT_RUB,2025-03-25,0.166803,False,0,1,False,False,True,213.44991642021415,44.33011991228986,5,False
KZT_RUB,2025-03-26,0.167438,False,0,0,False,False,False,252.33135558453856,43.54461573140744,5,False
KZT_RUB,2025-03-27,0.167465,False,0,0,False,False,False,253.98458213168328,24.244665078049458,5,False
KZT_RUB,2025-03-28,0.167065,False,0,0,False,False,False,229.49233698880133,25.239378241532773,5,False
KZT_RUB,2025-03-31,0.16795,False,0,0,True,False,False,68.76375125147493,19.892132967205715,5,False
KZT_RUB,2025-04-01,0.169831,False,0,0,False,False,False,181.53150722708844,4.452263173699178,4,True
KZT_RUB,2025-04-02,0.168247,False,0,0,True,False,False,86.5691864055207,-10.581156859271747,0,False
KZT_RUB,2025-04-03,0.168046,False,0,0,True,False,False,74.51904342248072,7.590099092867675,5,False
KZT_RUB,2025-04-04,0.167743,False,0,1,True,False,True,56.35390250774863,5.059078539456419,5,False
KZT_RUB,2025-04-07,0.168027,False,0,0,True,False,False,57.582378116303175,5.5720577716633635,5,False
KZT_RUB,2025-04-08,0.170895,False,0,0,False,False,False,187.90649982413532,0.9060299428957919,2,True
KZT_RUB,2025-04-09,0.16489,False,0,1,True,False,True,0.0,49.60373711850519,5,False
KZT_RUB,2025-04-10,0.166019,False,0,1,True,False,True,68.46988901691998,71.70202240669798,5,False
KZT_RUB,2025-04-11,0.163341,False,0,1,True,False,True,0.0,63.41196702035745,5,False
KZT_RUB,2025-04-14,0.163058,False,0,1,True,False,True,0.0,29.429335413393876,5,False
KZT_RUB,2025-04-15,0.160732,False,0,1,True,False,True,0.0,41.67384862561496,5,False
KZT_RUB,2025-04-16,0.158817,False,0,1,True,False,True,0.0,89.40504008247265,5,False
KZT_RUB,2025-04-17,0.159775,False,0,1,True,False,True,60.320998381784285,39.77260461269116,5,False
KZT_RUB,2025-04-18,0.157226,False,0,1,True,False,True,0.0,74.53020944357912,5,False
KZT_RUB,2025-04-21,0.155079,True,0,1,True,False,True,0.0,33.55788482285637,5,False
KZT_RUB,2025-04-22,0.154742,True,0,1,True,False,True,0.0,14.625142669609124,5,False
KZT_RUB,2025-04-23,0.156198,True,0,1,True,False,True,94.09210169184945,28.152547085150466,5,False
KZT_RUB,2025-04-24,0.158982,False,0,0,False,False,False,274.0044719597789,21.091920184868936,5,False
KZT_RUB,2025-04-25,0.159849,False,0,0,False,False,False,330.03321657985475,1.438946101048444,3,False
KZT_RUB,2025-04-28,0.159825,False,0,0,False,False,False,328.48224787064953,7.3750246937958055,4,False
KZT_RUB,2025-04-29,0.160276,False,0,0,False,False,False,357.6275348644842,2.5856535662438507,3,False
KZT_RUB,2025-04-30,0.158779,False,0,0,False,False,False,260.8858616277421,-12.188394241497091,1,False
KZT_RUB,2025-05-01,0.159067,False,0,0,False,False,False,279.497486138216,-2.585030560119162,2,False
KZT_RUB,2025-05-02,0.159067,False,0,0,False,False,False,279.497486138216,-17.057425166401295,1,False
KZT_RUB,2025-05-05,0.159067,False,0,0,True,False,False,18.138418808530954,-22.981467435234883,0,False
KZT_RUB,2025-05-06,0.158698,False,0,0,True,False,False,0.0,-22.16207031479622,0,False
KZT_RUB,2025-05-07,0.156142,True,0,1,True,False,True,0.0,-4.656236090581078,2,False
KZT_RUB,2025-05-08,0.157165,True,0,1,True,False,True,65.51728554777148,5.657245013532598,4,False
KZT_RUB,2025-05-09,0.157165,True,0,1,True,False,True,65.51728554777148,-11.9103199995787,0,False
KZT_RUB,2025-05-12,0.157165,True,0,1,True,False,True,65.51728554777148,-20.92658204831799,0,False
KZT_RUB,2025-05-13,0.156757,True,0,1,True,False,True,39.387224449540795,-17.791233834045794,0,False
KZT_RUB,2025-05-14,0.156791,True,0,0,True,False,False,41.56472954105928,-16.681605683190437,0,False
KZT_RUB,2025-05-15,0.157283,True,0,0,True,False,False,73.07450910069014,-9.24223531930668,0,False
KZT_RUB,2025-05-16,0.158656,False,0,0,False,False,False,161.00728823762898,-0.06717881063744713,3,True
KZT_RUB,2025-05-19,0.15819,False,0,0,True,False,False,91.41537538993383,-15.091625671560305,0,False
KZT_RUB,2025-05-20,0.157826,False,0,0,True,False,False,68.19472176680996,-11.710845547779234,1,False
KZT_RUB,2025-05-21,0.157225,False,0,1,True,False,True,29.855126086872907,8.117431941481623,5,False
KZT_RUB,2025-05-22,0.155892,False,0,1,True,False,True,0.0,25.295969783682978,5,False
KZT_RUB,2025-05-23,0.156164,False,0,1,True,False,True,17.447976804454424,28.76831583152217,5,False
KZT_RUB,2025-05-26,0.157199,False,0,0,True,False,False,83.8400944243456,0.13146478013981167,2,False
KZT_RUB,2025-05-27,0.155937,False,0,1,True,False,True,2.8866138095606786,-5.3131923370841605,1,False
KZT_RUB,2025-05-28,0.155795,False,0,1,True,False,True,0.0,6.4070671084244255,5,False
KZT_RUB,2025-05-29,0.155427,False,0,1,True,False,True,0.0,1.7406547659426508,4,False
KZT_RUB,2025-05-30,0.153117,True,0,1,True,False,True,0.0,26.570239739402314,4,False
KZT_RUB,2025-06-02,0.154375,True,0,1,True,False,True,82.15939444999654,17.633438110350454,4,False
KZT_RUB,2025-06-03,0.154908,False,0,0,False,False,False,116.96937635925275,19.568375073208745,4,True
KZT_RUB,2025-06-04,0.154203,True,0,1,True,False,True,70.92615450929651,10.37267296782507,4,False
KZT_RUB,2025-06-05,0.153295,True,0,1,True,False,True,11.625097147931474,4.146695000936562,3,False
KZT_RUB,2025-06-06,0.154645,True,0,0,True,False,False,99.7929687755117,-1.7341150144873914,3,False
KZT_RUB,2025-06-09,0.155178,False,0,0,False,False,False,134.60295068477012,2.582051916888872,3,True
KZT_RUB,2025-06-10,0.155147,False,0,0,False,False,False,120.81281189862736,1.6126768106805585,2,True
KZT_RUB,2025-06-11,0.154573,False,0,0,True,False,False,83.36866825402024,4.317044855490781,3,False
KZT_RUB,2025-06-12,0.155389,False,0,0,False,False,False,136.5993672331145,1.65567255132748,2,True
KZT_RUB,2025-06-13,0.155389,False,0,0,False,False,False,136.5993672331145,-11.005840921752831,1,True
KZT_RUB,2025-06-16,0.155389,False,0,0,True,False,False,52.79059085351312,-3.5907897395386357,2,False
KZT_RUB,2025-06-17,0.153357,False,0,1,True,False,True,0.0,31.372477995102788,5,False
KZT_RUB,2025-06-18,0.153605,False,0,1,True,False,True,16.171417020416357,19.02857600065344,5,False
KZT_RUB,2025-06-19,0.152126,False,0,1,True,False,True,0.0,26.917765638069916,5,False
KZT_RUB,2025-06-20,0.151277,False,0,1,True,False,True,0.0,10.862441558970426,3,False
KZT_RUB,2025-06-23,0.151095,True,0,1,True,False,True,0.0,-6.459887928190966,1,False
KZT_RUB,2025-06-24,0.150109,True,0,1,True,False,True,0.0,-22.747940184847824,0,False
KZT_RUB,2025-06-25,0.149752,True,0,1,True,False,True,0.0,-11.857485910009125,0,False
KZT_RUB,2025-06-26,0.150591,True,0,1,True,False,True,56.025962925370095,-7.464818314024013,1,False
KZT_RUB,2025-06-27,0.150842,True,0,1,True,False,True,72.78700785298354,-13.326763833309439,1,False
KZT_RUB,2025-06-30,0.151384,False,0,0,False,False,False,108.98018056520131,-17.045095759012476,0,True
KZT_RUB,2025-07-01,0.150903,True,0,0,True,False,False,76.86040920989568,-9.071954863036023,1,False
KZT_RUB,2025-07-02,0.150909,True,0,0,True,False,False,77.26107163844142,17.20141433634903,4,False
KZT_RUB,2025-07-03,0.151464,False,0,0,False,True,False,114.32234627918092,28.576125863400744,4,True
KZT_RUB,2025-07-04,0.151982,False,0,0,False,False,False,148.9128692772046,19.89935898670647,3,True
KZT_RUB,2025-07-07,0.151732,False,0,0,True,False,False,59.00213468397419,-3.353529688183032,3,False
KZT_RUB,2025-07-08,0.151525,False,0,0,True,False,False,41.21853110938601,-13.428714640795647,1,False
KZT_RUB,2025-07-09,0.150465,False,0,1,True,False,True,0.0,-17.288597045325815,1,False
KZT_RUB,2025-07-10,0.150454,False,0,1,True,False,True,0.0,-10.38509958238265,1,False
KZT_RUB,2025-07-11,0.150111,False,0,1,True,False,True,0.0,-20.657872836982616,0,False
KZT_RUB,2025-07-14,0.150259,False,0,0,True,False,False,9.85937073232579,-10.061966255765942,1,False
KZT_RUB,2025-07-15,0.150447,False,0,0,True,False,False,22.383436257169542,-6.070387824036683,1,False
KZT_RUB,2025-07-16,0.148707,False,0,1,True,False,True,0.0,1.549528723587601,3,False
KZT_RUB,2025-07-17,0.148247,False,0,1,True,False,True,0.0,3.141960695687285,3,False
KZT_RUB,2025-07-18,0.148501,False,0,1,True,False,True,17.133567627001245,-4.354735054820314,3,False
KZT_RUB,2025-07-21,0.147,True,0,1,True,False,True,0.0,-18.00831483334853,0,False
KZT_RUB,2025-07-22,0.146788,True,0,1,True,False,True,0.0,-16.343614907408544,0,False
KZT_RUB,2025-07-23,0.147492,True,0,0,True,False,False,47.96032373218573,-4.356395359964349,1,False
KZT_RUB,2025-07-24,0.147469,True,0,0,True,False,False,46.3934381557074,-10.305349215475212,0,False
KZT_RUB,2025-07-25,0.14641,True,0,1,True,False,True,0.0,-4.952850664878383,1,False
KZT_RUB,2025-07-28,0.146795,True,0,0,True,False,False,26.296018031555235,-25.989495829652263,0,False
KZT_RUB,2025-07-29,0.14605,True,0,1,True,False,True,0.0,-33.326349777541346,0,False
KZT_RUB,2025-07-30,0.151851,False,0,0,False,False,False,397.1927422115717,-40.772004436526956,0,False
KZT_RUB,2025-07-31,0.150978,False,0,0,False,False,False,337.41869222868814,-72.5834428625296,0,False
KZT_RUB,2025-08-01,0.147003,True,0,0,True,False,False,65.25162615542479,-21.633545406824386,0,False
KZT_RUB,2025-08-04,0.148543,False,0,0,False,False,False,170.69496747689206,-28.829448043012242,1,True
KZT_RUB,2025-08-05,0.146664,True,0,1,True,False,True,42.04039712426999,-11.798713195930066,1,False
KZT_RUB,2025-08-06,0.147741,False,0,1,False,False,True,115.78226634714196,-31.985413683550007,0,True
KZT_RUB,2025-08-07,0.149185,False,0,1,False,False,True,214.65251626155313,-74.36654385290842,0,False
KZT_RUB,2025-08-08,0.147946,False,0,0,False,False,False,129.81855528928276,-39.11591913092404,1,True
KZT_RUB,2025-08-11,0.14791,True,0,0,True,False,False,84.95609011073046,-26.30413525583841,1,False
KZT_RUB,2025-08-12,0.147672,True,0,1,True,False,True,68.72852233676952,0.5059841814625265,2,False
KZT_RUB,2025-08-13,0.147185,True,0,1,True,False,True,35.52337315223974,-20.99267999961607,0,False
KZT_RUB,2025-08-14,0.146791,True,0,1,True,False,True,8.659248349971449,20.66936512800188,4,False
KZT_RUB,2025-08-15,0.148274,False,0,0,False,False,False,109.77472317678539,-40.45033108540474,0,True
KZT_RUB,2025-08-18,0.148732,False,0,0,False,False,False,132.22881511809393,-11.844986902072028,0,True
KZT_RUB,2025-08-19,0.148697,False,0,0,False,False,False,129.84447275377954,-10.966103215643397,1,True
KZT_RUB,2025-08-20,0.14879,False,0,0,False,False,False,136.1800110361,-6.07551013488461,2,True
KZT_RUB,2025-08-21,0.148736,False,0,0,False,False,False,132.50131138830002,-5.423427076943321,2,True
KZT_RUB,2025-08-22,0.149081,False,0,0,False,False,False,156.0041146936797,4.353218916111954,3,True
KZT_RUB,2025-08-25,0.150162,False,0,0,False,False,False,127.33183160904771,-25.462661077378264,1,True
KZT_RUB,2025-08-26,0.150155,True,0,0,False,False,False,98.05174280584028,-23.31219600403056,0,False
KZT_RUB,2025-08-27,0.150239,False,0,0,False,False,False,103.7008144078233,-20.595178853020535,0,True
KZT_RUB,2025-08-28,0.150677,False,0,0,False,False,False,133.15668776101796,-12.502569336346303,0,True
KZT_RUB,2025-08-29,0.149344,True,0,0,True,False,False,43.511301505747554,-3.898289618973871,2,False
KZT_RUB,2025-09-01,0.149382,True,0,0,False,False,False,20.190366310930408,-24.82641271702013,0,False
KZT_RUB,2025-09-02,0.149341,True,0,0,True,False,False,0.0,-13.432366567603713,0,False
KZT_RUB,2025-09-03,0.149654,True,0,0,True,False,False,20.958745421553182,3.007302483126528,2,False
KZT_RUB,2025-09-04,0.149845,True,0,0,True,False,False,33.74826738805847,13.61154762926642,5,False
KZT_RUB,2025-09-05,0.150501,True,0,0,True,False,False,77.67458367092806,13.235172081096811,4,False
KZT_RUB,2025-09-08,0.151015,False,1,0,False,True,False,112.09245953890834,26.15723188233643,5,True
KZT_RUB,2025-09-09,0.153073,False,0,0,False,False,False,249.89788470681117,28.52285583414016,5,False
KZT_RUB,2025-09-10,0.155556,False,0,0,False,False,False,416.1616702713933,59.09555492760664,5,False
KZT_RUB,2025-09-11,0.158211,False,0,0,False,False,False,593.9427216906257,160.737235945263,5,False
KZT_RUB,2025-09-12,0.159169,False,0,0,False,False,False,658.0912140671358,100.94902769739056,5,False
KZT_RUB,2025-09-15,0.156581,False,0,0,False,False,False,403.9840266842076,15.528176521988788,5,False
KZT_RUB,2025-09-16,0.153598,False,0,0,False,False,False,171.04261166109413,1.5987013325067245,2,True
KZT_RUB,2025-09-17,0.153065,False,0,1,False,False,True,135.74810449292985,8.225970417314212,3,True
KZT_RUB,2025-09-18,0.153832,False,0,1,False,False,True,186.53776114955446,17.12330988735644,5,True
KZT_RUB,2025-09-19,0.153736,True,0,1,False,False,True,43.83758533956117,0.9889302296146596,3,False
KZT_RUB,2025-09-22,0.154414,False,0,1,False,False,True,88.13249273184498,-16.72766725494501,0,False
KZT_RUB,2025-09-23,0.155248,False,0,0,False,False,False,142.61914872766513,-18.420969531988572,0,True
KZT_RUB,2025-09-24,0.153594,False,0,0,False,False,False,34.56048084147234,-14.438835787898395,1,False
KZT_RUB,2025-09-25,0.15411,False,0,0,False,False,False,68.27164929931628,-22.23873918149755,0,False
KZT_RUB,2025-09-26,0.154029,False,0,0,False,False,False,62.979779832097464,-17.240505890781414,0,False
KZT_RUB,2025-09-29,0.154356,False,0,0,True,False,False,49.61131294191068,-24.05911735780375,0,False
KZT_RUB,2025-09-30,0.152257,False,0,1,True,False,True,0.0,11.600051436721603,5,False
KZT_RUB,2025-10-01,0.150528,False,0,1,True,False,True,0.0,18.352558519564965,5,False
KZT_RUB,2025-10-02,0.148429,True,0,1,True,False,True,0.0,41.54867411731145,5,False
KZT_RUB,2025-10-03,0.147516,True,0,1,True,False,True,0.0,33.8210763219875,5,False
KZT_RUB,2025-10-06,0.149731,False,0,1,False,True,True,150.15320372027352,48.463316533347005,5,True
KZT_RUB,2025-10-07,0.151579,False,0,0,False,False,False,275.42775021014654,72.21547092550028,5,False
KZT_RUB,2025-10-08,0.150155,False,0,0,False,True,False,178.895848585916,73.28956444968115,5,True
KZT_RUB,2025-10-09,0.15056,False,0,0,False,False,False,206.3504975731445,50.98484971191387,5,False
KZT_RUB,2025-10-10,0.150743,False,0,0,False,False,False,218.7559315599641,30.802218494254685,5,False
KZT_RUB,2025-10-13,0.149924,False,0,0,False,False,False,163.23653027468188,22.040322255605815,5,True
KZT_RUB,2025-10-14,0.149992,False,0,1,True,False,True,17.431260059705966,3.953857405090133,5,False
KZT_RUB,2025-10-15,0.148686,False,0,1,True,False,True,0.0,19.51228446155273,5,False
KZT_RUB,2025-10-16,0.146369,True,0,1,True,False,True,0.0,31.003102529155946,5,False
KZT_RUB,2025-10-17,0.146571,True,0,1,True,False,True,13.800736494749,38.772130567034324,5,False
KZT_RUB,2025-10-20,0.150572,False,0,0,False,False,False,287.1509677595685,24.30264255564296,5,False
KZT_RUB,2025-10-21,0.151697,False,0,0,False,False,False,364.0115051684445,31.32120783736392,5,False
KZT_RUB,2025-10-22,0.15117,False,0,0,False,False,False,328.0066134222404,13.932619349086073,4,False
KZT_RUB,2025-10-23,0.151617,False,0,0,False,False,False,358.54586695270194,27.487168522505545,5,False
KZT_RUB,2025-10-24,0.150909,False,0,0,False,False,False,310.1749687433797,25.76161595598192,5,False
KZT_RUB,2025-10-27,0.150474,False,0,0,False,False,False,266.2873283255207,-8.94917504665127,0,False
KZT_RUB,2025-10-28,0.146776,True,0,1,True,False,True,0.0,83.42702804472334,5,False
KZT_RUB,2025-10-29,0.148324,False,1,1,False,True,True,105.46683381479349,58.24583061098654,5,True
KZT_RUB,2025-10-30,0.148315,False,1,1,False,False,True,104.85365454842909,19.184320304059362,5,True
KZT_RUB,2025-10-31,0.151851,False,0,0,False,False,False,345.7649752003067,1.9342362307221972,3,False
KZT_RUB,2025-11-03,0.15248,False,0,0,False,False,False,388.61939281626513,-14.861858716666678,0,False
KZT_RUB,2025-11-04,0.15248,False,0,0,False,False,False,388.61939281626513,-17.80534622426577,0,False
KZT_RUB,2025-11-05,0.15248,False,0,0,False,False,False,388.61939281626513,-17.409167659995894,0,False
KZT_RUB,2025-11-06,0.155388,False,0,0,False,False,False,586.7444268817801,2.288704326960378,3,False
KZT_RUB,2025-11-07,0.155021,False,0,0,False,False,False,561.7403390200027,-12.60333481670095,0,False
KZT_RUB,2025-11-10,0.15419,False,0,0,False,False,False,154.03257140222948,-9.443948098646349,0,True
KZT_RUB,2025-11-11,0.154012,False,0,1,False,False,True,100.47219307450118,1.392509151928234,3,True
KZT_RUB,2025-11-12,0.155384,False,0,0,False,False,False,190.45120671563387,18.10847850597952,5,True
KZT_RUB,2025-11-13,0.154746,False,0,0,False,False,False,148.60965372507806,1.1828134507734234,2,True
KZT_RUB,2025-11-14,0.153628,True,0,0,True,False,False,75.28856243441683,-3.7317488055506054,2,False
KZT_RUB,2025-11-17,0.154729,False,0,0,True,False,False,71.66662327179995,4.510904417196704,4,False
KZT_RUB,2025-11-18,0.155365,False,0,0,False,False,False,113.06532663316604,18.584749187856797,5,True
KZT_RUB,2025-11-19,0.154643,False,0,0,True,False,False,66.0686853958925,15.270256921689372,5,False
KZT_RUB,2025-11-20,0.155361,False,0,0,False,False,False,112.80495742963525,12.982016104315264,5,True
KZT_RUB,2025-11-21,0.15543,False,0,0,False,False,False,117.29632619053909,11.476155207253314,5,True
KZT_RUB,2025-11-24,0.152501,False,0,1,True,False,True,0.0,21.698030803028345,5,False
KZT_RUB,2025-11-25,0.152162,True,0,1,True,False,True,0.0,19.602012318396422,5,False
KZT_RUB,2025-11-26,0.151855,True,0,1,True,False,True,0.0,21.621091094747413,5,False
KZT_RUB,2025-11-27,0.151609,True,0,1,True,False,True,0.0,7.832511076209414,5,False
KZT_RUB,2025-11-28,0.150864,True,0,1,True,False,True,0.0,18.244540594025693,5,False
KZT_RUB,2025-12-01,0.151353,True,0,1,True,False,True,32.413299395481765,6.907176006754057,5,False
KZT_RUB,2025-12-02,0.151606,True,0,0,True,False,False,49.18337045285881,3.2187243535679584,4,False
KZT_RUB,2025-12-03,0.150868,True,0,1,True,False,True,0.2651394633579329,5.384624347292366,5,False
KZT_RUB,2025-12-04,0.153396,False,0,0,False,False,False,167.83328030544052,-6.075152151183704,0,True
KZT_RUB,2025-12-05,0.152753,False,0,0,False,False,False,125.21211157068723,-11.854265339163783,0,True
KZT_RUB,2025-12-08,0.152294,True,0,0,True,False,False,94.78735815038775,-4.411361716178952,0,False
KZT_RUB,2025-12-09,0.153171,False,0,0,False,False,False,152.6499986743368,-8.258292531675426,0,True
KZT_RUB,2025-12-10,0.151108,True,0,1,True,False,True,15.90794601903589,20.386567769499653,5,False
KZT_RUB,2025-12-11,0.151338,True,0,1,True,False,True,31.153060953945655,6.8874128113529665,5,False
KZT_RUB,2025-12-12,0.15305,False,0,0,False,False,False,144.6297425564058,-15.316733890247571,0,True
KZT_RUB,2025-12-15,0.15332,False,0,0,False,False,False,146.38536675755321,-8.535831117021164,1,True
KZT_RUB,2025-12-16,0.152091,True,0,0,True,False,False,65.05280991079276,5.920809343672229,5,False
KZT_RUB,2025-12-17,0.152865,False,0,0,False,False,False,116.27445270932179,5.896035235166686,5,True
KZT_RUB,2025-12-18,0.154694,False,0,0,False,False,False,237.31370939990003,-20.935457783888722,0,False
KZT_RUB,2025-12-19,0.155607,False,0,0,False,False,False,297.7340709955789,-23.947655654757092,0,False
KZT_RUB,2025-12-22,0.157184,False,0,0,False,False,False,334.86531089939484,-8.079563646731458,0,False
KZT_RUB,2025-12-23,0.153218,False,0,0,True,False,False,74.10037411812675,37.44233133686814,5,False
KZT_RUB,2025-12-24,0.152586,True,0,0,True,False,False,32.5463045150598,49.751473565657896,5,False
KZT_RUB,2025-12-25,0.153743,False,0,0,False,False,False,108.6191819371285,19.543578112153348,5,True
KZT_RUB,2025-12-26,0.152416,True,0,1,True,False,True,21.36878579271473,19.230632666352054,5,False
KZT_RUB,2025-12-29,0.151503,True,0,1,True,False,True,0.0,10.607230639930076,5,False
KZT_RUB,2025-12-30,0.153481,False,0,0,False,False,False,130.55847078935702,-3.4199782755832686,0,True
KZT_RUB,2025-12-31,0.154978,False,0,0,False,False,False,229.36839534530628,-17.971548632718772,0,False
KZT_RUB,2026-01-01,0.154978,False,0,0,False,False,False,229.36839534530628,-17.46156812598798,0,False
KZT_RUB,2026-01-02,0.154978,False,0,0,False,False,False,229.36839534530628,-11.018929771156927,0,False
KZT_RUB,2026-01-05,0.154978,False,0,0,False,False,False,229.36839534530628,-5.814513317850212,0,False
KZT_RUB,2026-01-06,0.154978,False,0,0,False,False,False,229.36839534530628,0.8333095017925007,3,False
KZT_RUB,2026-01-07,0.154978,False,0,0,False,False,False,229.36839534530628,3.5316678993986272,5,False
KZT_RUB,2026-01-08,0.154978,False,0,0,False,False,False,229.36839534530628,-2.8205892947374966,1,False
KZT_RUB,2026-01-09,0.154978,False,0,0,True,False,False,97.53650288960802,-4.43321996194923,0,False
KZT_RUB,2026-01-12,0.154978,False,0,0,True,False,False,0.0,-2.9878905921940646,0,False
KZT_RUB,2026-01-13,0.154511,False,0,0,True,False,False,0.0,-12.010431306030078,0,False
KZT_RUB,2026-01-14,0.154662,False,0,0,True,False,False,9.772766987463655,-2.4500213336733356,1,False
KZT_RUB,2026-01-15,0.154137,False,0,0,True,False,False,0.0,-8.34087837424291,0,False
KZT_RUB,2026-01-16,0.153847,False,0,0,True,False,False,0.0,-10.271105117618529,1,False
KZT_RUB,2026-01-19,0.15233,False,0,1,True,False,True,0.0,2.685346035559366,3,False
KZT_RUB,2026-01-20,0.151825,False,0,1,True,False,True,0.0,3.9733058829571903,3,False
KZT_RUB,2026-01-21,0.152708,False,0,1,True,False,True,58.15906471266396,11.110781786448864,5,False
KZT_RUB,2026-01-22,0.152876,False,0,0,True,False,False,69.2244360283234,7.760061811354023,5,False
KZT_RUB,2026-01-23,0.150066,True,0,1,True,False,True,0.0,54.06883050061051,5,False
KZT_RUB,2026-01-26,0.150135,True,0,1,True,False,True,4.597976890168276,27.057320126669726,5,False
KZT_RUB,2026-01-27,0.151008,True,0,0,True,False,False,62.77238015273356,16.041942624425598,5,False
KZT_RUB,2026-01-28,0.152558,False,0,0,False,False,False,166.060266815935,2.1722281453779857,3,True
KZT_RUB,2026-01-29,0.151843,False,0,0,False,False,False,118.41456425839337,0.5705230686359197,3,True
KZT_RUB,2026-01-30,0.150873,True,0,0,True,False,False,53.77633841110008,19.828670623299963,5,False
KZT_RUB,2026-02-02,0.150511,True,0,1,True,False,True,29.653619074274662,13.707839162181212,5,False
KZT_RUB,2026-02-03,0.153731,False,0,0,False,False,False,239.5177673427251,-26.632680576006646,0,False
KZT_RUB,2026-02-04,0.152388,False,1,0,False,False,False,150.06494155260341,-16.55231564896731,0,True
KZT_RUB,2026-02-05,0.152769,False,1,0,False,False,False,175.44210210810317,-16.26335728449213,0,True
KZT_RUB,2026-02-06,0.153519,False,1,0,False,False,False,199.85250247490205,-20.844185623870803,0,True
KZT_RUB,2026-02-09,0.155633,False,0,0,False,False,False,340.3073529509459,-36.10202366028692,0,False
KZT_RUB,2026-02-10,0.156986,False,0,0,False,False,False,430.2011148686802,-55.11598050136346,0,False
KZT_RUB,2026-02-11,0.156057,False,0,0,False,False,False,368.47805143810143,-69.54962730413827,0,False
KZT_RUB,2026-02-12,0.157487,False,0,0,False,False,False,463.48771850562184,-70.73163560801854,0,False
KZT_RUB,2026-02-13,0.15734,False,0,0,False,False,False,324.9599706013595,-62.60198272136819,0,False
KZT_RUB,2026-02-16,0.156175,False,0,0,False,False,False,173.0079013021202,-34.38886993882129,0,True
KZT_RUB,2026-02-17,0.154476,True,0,1,True,False,True,0.0,-10.371927478021847,0,False
KZT_RUB,2026-02-18,0.155983,False,0,0,True,False,False,97.55560734353574,-22.804827837563433,0,False
KZT_RUB,2026-02-19,0.155416,False,0,1,True,False,True,60.85087651156229,-11.86544119425026,0,False
KZT_RUB,2026-02-20,0.156633,False,0,0,False,False,False,139.63334110153048,-27.62498022854154,0,True
KZT_RUB,2026-02-23,0.156902,False,0,0,False,False,False,157.04704937983928,-15.307618023854497,0,True
KZT_RUB,2026-02-24,0.156902,False,0,0,False,False,False,157.04704937983928,-9.89920176614456,0,True
KZT_RUB,2026-02-25,0.154091,True,0,1,True,False,True,0.0,28.126097568100583,5,False
KZT_RUB,2026-02-26,0.153905,True,0,0,True,False,False,0.0,16.07461234506369,5,False
KZT_RUB,2026-02-27,0.153856,True,0,1,True,False,True,0.0,16.962758787658405,5,False
KZT_RUB,2026-03-02,0.154008,True,0,1,True,False,True,9.879367720466714,2.9824702846594775,5,False
KZT_RUB,2026-03-03,0.155104,True,0,1,True,False,True,81.11480865224729,-10.478620077128298,0,False
KZT_RUB,2026-03-04,0.154416,True,0,0,True,False,False,36.39767054908427,-7.833245442625315,0,False
KZT_RUB,2026-03-05,0.156198,False,1,0,False,False,False,152.2202579034948,-34.43618405590176,0,True
KZT_RUB,2026-03-06,0.156433,False,1,0,False,False,False,167.4942803660562,-30.847586089885578,0,True
KZT_RUB,2026-03-09,0.160431,False,0,0,False,False,False,427.3476497504158,-65.3974760741658,0,False
KZT_RUB,2026-03-10,0.160431,False,0,0,False,False,False,417.0562568178271,-52.836849820097505,0,False
KZT_RUB,2026-03-11,0.15944,False,0,0,False,False,False,352.7089501844061,-62.56251794515522,0,False
KZT_RUB,2026-03-12,0.160841,False,0,0,False,False,False,443.6782504804948,-42.68334803825402,0,False
KZT_RUB,2026-03-13,0.161563,False,0,0,False,False,False,462.84063827582764,-41.03627079194938,0,False
KZT_RUB,2026-03-16,0.163166,False,0,0,False,False,False,430.40790626018844,-49.675867740848425,0,False
KZT_RUB,2026-03-17,0.164977,False,0,0,False,False,False,347.27797290516895,-73.89211420257769,0,False
KZT_RUB,2026-03-18,0.16847,False,0,0,False,False,False,566.357250376317,-129.06890867329213,0,False
KZT_RUB,2026-03-19,0.173533,False,0,0,False,False,False,883.9061716006014,-134.5737986153477,1,False
KZT_RUB,2026-03-20,0.175833,False,0,0,False,False,False,1028.1610637230299,-71.00815108139736,1,False
KZT_RUB,2026-03-23,0.174155,False,0,0,False,False,False,779.3863694038849,-71.9388497590725,0,False
KZT_RUB,2026-03-24,0.169752,False,0,0,False,False,False,403.63801282129685,-231.09904091310574,0,False
KZT_RUB,2026-03-25,0.167853,False,0,1,False,False,True,287.2534719242981,-131.85951365768787,0,False
KZT_RUB,2026-03-26,0.167353,False,0,1,False,False,True,256.60983293088077,-87.28915877608179,0,False
KZT_RUB,2026-03-27,0.170281,False,0,1,False,False,True,321.4993605169192,-32.89303573024149,1,False
KZT_RUB,2026-03-30,0.168409,True,0,1,True,False,True,63.1001535676079,-4.665546124920539,1,False
KZT_RUB,2026-03-31,0.168478,False,0,0,True,False,False,67.22317496549168,-3.7667173910160834,1,False
KZT_RUB,2026-04-01,0.16873,False,0,0,True,False,False,82.28116615776271,-1.4299945925113633,3,False
KZT_RUB,2026-04-02,0.168397,False,0,0,True,False,False,62.38310636797584,-14.31419276600443,1,False
KZT_RUB,2026-04-03,0.16909,False,0,0,False,False,False,103.79258214672005,-19.79003025050141,0,True
KZT_RUB,2026-04-06,0.168807,False,0,0,True,False,False,24.34722708837045,-15.144712028510199,0,False
KZT_RUB,2026-04-07,0.167342,False,0,0,True,False,False,0.0,-30.32976010022037,0,False
KZT_RUB,2026-04-08,0.168871,False,0,0,True,False,False,91.36976969320365,-19.357693427519695,0,False
KZT_RUB,2026-04-09,0.17009,False,0,0,False,False,False,164.21460243094987,-16.426826477947465,0,True
KZT_RUB,2026-04-10,0.16376,False,0,1,True,False,True,0.0,9.62408944695081,5,False
KZT_RUB,2026-04-13,0.160419,False,0,1,True,False,True,0.0,8.330978850027648,4,False
KZT_RUB,2026-04-14,0.161158,False,0,1,True,False,True,46.06686240407942,15.852324479944446,5,False
KZT_RUB,2026-04-15,0.159725,False,0,1,True,False,True,0.0,-17.620456257902983,1,False
KZT_RUB,2026-04-16,0.157734,True,0,1,True,False,True,0.0,-40.54561822105241,0,False
KZT_RUB,2026-04-17,0.160492,False,0,1,False,False,True,174.85133198929637,-21.31111638554217,1,True
KZT_RUB,2026-04-20,0.161315,False,0,0,False,False,False,227.02778094767064,-47.17122650122741,0,False
KZT_RUB,2026-04-21,0.160242,False,1,1,False,False,True,159.00186389744553,-57.05814872445835,0,True
KZT_RUB,2026-04-22,0.158874,True,0,1,True,False,True,72.27357449883786,-36.02174665292823,0,False
KZT_RUB,2026-04-23,0.161383,False,0,0,False,False,False,231.33883626865304,-25.621616001894502,0,False
KZT_RUB,2026-04-24,0.162201,False,0,0,False,False,False,283.1982958651902,-36.13596555598075,0,False
KZT_RUB,2026-04-27,0.163172,False,0,0,False,False,False,270.5288467590683,-23.7971436579083,0,False
KZT_RUB,2026-04-28,0.160926,False,0,0,False,False,False,129.15895615393413,-25.028283967936108,0,True
KZT_RUB,2026-04-29,0.162098,False,0,0,False,False,False,202.9281065498445,-13.34468920295051,0,False
KZT_RUB,2026-04-30,0.163777,False,0,0,False,False,False,308.6093382177091,-25.303886516665262,0,False
KZT_RUB,2026-05-01,0.162066,False,0,0,False,False,False,200.91393179500815,-26.022419529300173,0,False
KZT_RUB,2026-05-04,0.162066,False,0,0,True,False,False,70.8400134223175,-9.828695280504894,1,False
KZT_RUB,2026-05-05,0.162966,False,0,0,False,False,False,126.76633980835739,-13.179517410559338,0,True
KZT_RUB,2026-05-06,0.162196,False,0,0,True,False,False,78.91826056696915,-21.708004336289168,0,False
KZT_RUB,2026-05-07,0.16177,False,0,1,True,False,True,52.44646607757586,-11.001573531848496,0,False
KZT_RUB,2026-05-08,0.161026,False,0,1,True,False,True,6.214036265115297,-5.382924378803056,0,False
KZT_RUB,2026-05-11,0.160325,False,0,1,True,False,True,0.0,-8.388724803701342,0,False
KZT_RUB,2026-05-12,0.160325,False,0,1,True,False,True,0.0,-8.005054175862725,0,False
KZT_RUB,2026-05-13,0.15997,False,0,1,True,False,True,0.0,-6.605222715976522,1,False
KZT_RUB,2026-05-14,0.158095,False,0,1,True,False,True,0.0,-3.794924637305242,1,False
KZT_RUB,2026-05-15,0.156402,False,0,1,True,False,True,0.0,4.833528717189228,5,False
KZT_RUB,2026-05-18,0.154264,False,0,1,True,False,True,0.0,-13.717479900670515,0,False
KZT_RUB,2026-05-19,0.15388,False,0,1,True,False,True,0.0,-25.881609112248235,0,False
KZT_RUB,2026-05-20,0.152471,False,0,1,True,False,True,0.0,-12.873145654870521,0,False
KZT_RUB,2026-05-21,0.150342,False,0,1,True,False,True,0.0,5.037988927948378,3,False
KZT_RUB,2026-05-22,0.150052,False,0,1,True,False,True,0.0,13.046251110956144,5,False
KZT_RUB,2026-05-25,0.151043,False,0,1,True,False,True,66.04377149254992,7.736389183794489,4,False
KZT_RUB,2026-05-26,0.151967,False,0,1,False,False,True,127.62242422626801,9.038011164242743,5,True
KZT_RUB,2026-05-27,0.151685,False,0,0,False,False,False,108.8289393010422,3.6848549019696804,4,True
KZT_RUB,2026-05-28,0.14849,False,0,1,True,False,True,0.0,41.30216196848702,5,False
KZT_RUB,2026-05-29,0.149475,False,0,1,True,False,True,66.33443329516986,21.356540213542274,5,False
KZT_RUB,2026-06-01,0.146272,True,0,1,True,False,True,0.0,18.99527743201146,5,False
KZT_RUB,2026-06-02,0.147244,True,0,1,True,False,True,66.45154233209327,23.998707684277587,5,False
KZT_RUB,2026-06-03,0.148396,False,0,1,False,False,True,145.20892583679722,22.021796543381544,5,True
KZT_RUB,2026-06-04,0.148725,False,0,0,False,False,False,167.70126886895608,5.511001571524954,4,True
KZT_RUB,2026-06-05,0.151837,False,0,0,False,False,False,380.4555895865236,3.3767899953331963,4,False
KZT_RUB,2026-06-08,0.151376,False,0,0,False,False,False,348.93896302778285,-2.2465505328828073,2,False
KZT_RUB,2026-06-09,0.150304,False,0,0,False,False,False,275.6508422664616,9.82449680078279,5,False
KZT_RUB,2026-06-10,0.147968,False,0,1,False,True,True,115.94837015969972,25.167070767459613,5,True
KZT_RUB,2026-06-11,0.146446,True,0,1,True,False,True,11.895646466855148,5.515465347550874,4,False
KZT_RUB,2026-06-12,0.147174,True,0,1,True,False,True,49.7111563306607,2.8192162528313247,3,False
KZT_RUB,2026-06-15,0.147174,True,0,1,True,False,True,49.7111563306607,0.829276303493165,3,False
KZT_RUB,2026-06-16,0.148062,False,1,1,False,False,True,110.3478415252046,7.846985211612977,4,True
KZT_RUB,2026-06-17,0.146812,True,0,0,True,False,False,24.992147276130527,-5.184674339002271,0,False
KZT_RUB,2026-06-18,0.149328,False,1,0,False,False,False,196.79608866066678,-18.39498634138015,0,True
KZT_RUB,2026-06-19,0.149899,False,0,0,False,False,False,235.78656979364564,-40.55966541967049,0,False
KZT_RUB,2026-06-22,0.150573,False,0,0,False,False,False,256.1779691033439,-14.454520302169096,0,False
KZT_RUB,2026-06-23,0.151043,False,0,0,False,False,False,288.1917009508772,-16.486790391360138,0,False
KZT_RUB,2026-06-24,0.153221,False,0,0,False,False,False,436.5446966188058,-29.18481706966847,0,False
KZT_RUB,2026-06-25,0.153795,False,0,0,False,False,False,475.6423180666425,-28.01406569155107,0,False
KZT_RUB,2026-06-26,0.155301,False,0,0,False,False,False,578.2224886249088,-7.253727319792125,0,False
KZT_RUB,2026-06-29,0.158758,False,0,0,False,False,False,590.997938611999,-29.334924357370177,0,False
KZT_RUB,2026-06-30,0.159833,False,0,0,False,False,False,614.9840940938933,-18.606066579242242,0,False
KZT_RUB,2026-07-01,0.161108,False,0,0,False,False,False,699.6606297277718,-18.54150828069279,0,False
KZT_RUB,2026-07-02,0.162808,False,0,0,False,False,False,812.5626772396099,-0.9598604766203334,3,False
KZT_RUB,2026-07-03,0.162603,False,0,0,False,False,False,765.3449679892477,-36.20696614872365,0,False
KZT_RUB,2026-07-06,0.162764,False,0,0,False,False,False,480.55067256489,-13.961429773599042,0,False
KZT_RUB,2026-07-07,0.165179,False,0,0,False,False,False,404.4520591088308,3.573804476173059,3,False
KZT_RUB,2026-07-08,0.161273,False,1,0,False,False,False,158.41721362072957,-76.38897378714348,0,True
KZT_RUB,2026-07-09,0.1622,False,0,0,False,False,False,216.80797188173173,-18.23393249041394,0,False
KZT_RUB,2026-07-10,0.162251,False,1,0,False,False,False,151.28290152847111,-25.70982553216994,0,True
KZT_RUB,2026-07-13,0.16402,False,1,0,False,False,False,170.33229368834225,-11.371900186118777,0,True
KZT_RUB,2026-07-14,0.16488,False,0,0,False,False,False,223.65802087144226,-10.910253106015011,0,False
KZT_RUB,2026-07-15,0.162418,True,0,0,True,False,False,70.9976251449418,-16.175393281163462,1,False
KZT_RUB,2026-07-16,0.166262,False,0,0,False,False,False,309.3512243214924,-19.31279323734003,0,False
KZT_RUB,2026-07-17,0.166737,False,0,0,False,False,False,338.8043875912272,-16.43434146800149,0,False
KZT_RUB,2026-07-20,0.165979,False,0,0,False,False,False,229.76745906034378,2.6332266009148064,4,False
KZT_RUB,2026-07-21,0.16669,False,0,0,False,False,False,263.0250341710894,8.405813809540419,5,False
KZT_RUB,2026-07-22,0.167037,False,0,0,False,False,False,284.38966124444187,18.764064039316963,5,False
KZT_RUB,2026-07-23,0.167115,False,0,0,False,False,False,289.19208462116376,28.81505760916614,5,False
KZT_RUB,2026-07-24,0.167657,False,0,0,False,False,False,322.56277013631427,28.960807092356596,5,False
KZT_RUB,2026-07-27,0.167542,False,0,0,True,False,False,94.16853939353764,1.616844483893543,3,False
KZT_RUB,2026-07-28,0.163878,True,0,1,True,False,True,0.0,-44.08645685749168,0,False
KZT_RUB,2026-07-29,0.16624,False,1,0,False,False,False,144.1316101001977,-20.83038859234265,1,True
KZT_RUB,2026-07-30,0.166454,False,1,0,False,False,False,157.19010483408402,-42.91578849258815,0,True
KZT_RUB,2026-07-31,0.167356,False,0,0,False,False,False,212.23104992738496,-30.311306421169746,0,False
KZT_RUB,2026-08-03,0.167422,False,0,0,False,False,False,216.25843615372452,-22.99962447795778,0,False
KZT_RUB,2026-08-04,0.169068,False,0,0,False,False,False,316.6990077984844,-14.855170161378606,0,False
KZT_RUB,2026-08-05,0.170662,False,0,0,False,False,False,413.9664872649162,-9.168959615592165,1,False
KZT_RUB,2026-08-06,0.171468,False,0,0,False,False,False,463.1494160289984,4.0018237307029025,4,False
KZT_RUB,2026-08-07,0.173263,False,0,0,False,False,False,572.6821171847351,14.494191579014881,5,False
KZT_RUB,2026-08-10,0.175765,False,0,0,False,False,False,502.46181792107825,9.256768551496153,4,False
KZT_RUB,2026-08-11,0.175784,False,0,0,False,False,False,499.45646330828765,-9.598772033064806,1,False
KZT_RUB,2026-08-12,0.176738,False,0,0,False,False,False,556.4382219779973,9.457120763831204,4,False
KZT_RUB,2026-08-13,0.178206,False,0,0,False,False,False,644.1208443334823,33.630489127041585,5,False
KZT_RUB,2026-08-14,0.180154,False,0,0,False,False,False,655.71249438096,57.94170296464607,5,False
KZT_RUB,2026-08-17,0.181743,False,0,0,False,False,False,489.4293646075609,23.31880089732241,5,False
KZT_RUB,2026-08-18,0.183211,False,0,0,False,False,False,423.6338292606612,49.50980992929832,5,False
KZT_RUB,2026-08-19,0.184582,False,0,0,False,False,False,501.6357067675581,61.01180770575932,5,False
KZT_RUB,2026-08-20,0.185011,False,0,0,False,False,False,526.0432964469608,55.344585609197416,5,False
KZT_RUB,2026-08-21,0.180336,False,0,0,False,False,False,258.95417102808074,-43.53765570464807,0,False
KZT_RUB,2026-08-24,0.18096,True,0,0,True,False,False,44.73950064944443,-2.4216276264952263,1,False
TJS_RUB,2025-01-01,9.30026,False,0,0,True,False,False,0.0,-21.723713933173627,0,False
TJS_RUB,2025-01-02,9.30026,False,0,0,True,False,False,0.0,-17.397845117472333,0,False
TJS_RUB,2025-01-03,9.30026,False,0,0,True,False,False,0.0,-18.134512295493675,0,False
TJS_RUB,2025-01-06,9.30026,False,0,0,True,False,False,0.0,-10.611360265608159,0,False
TJS_RUB,2025-01-07,9.30026,False,0,0,True,False,False,0.0,-10.489539468351738,0,False
TJS_RUB,2025-01-08,9.30026,True,0,0,True,False,False,0.0,-3.6183542978567296,2,False
TJS_RUB,2025-01-09,9.30026,True,0,0,True,False,False,0.0,-10.810703388391296,0,False
TJS_RUB,2025-01-10,9.35036,True,0,0,True,False,False,53.86946171397344,-10.487858835093622,0,False
TJS_RUB,2025-01-13,9.30854,False,0,0,True,False,False,8.902976906022264,-8.363774427418313,0,False
TJS_RUB,2025-01-14,9.38419,False,0,0,True,False,False,90.2447888553648,-1.6636253883821617,2,False
TJS_RUB,2025-01-15,9.45088,False,0,0,False,False,False,161.95246154408593,-15.625630767051257,0,True
TJS_RUB,2025-01-16,9.39167,False,0,0,True,False,False,98.28757475597527,-53.889936923491085,0,False
TJS_RUB,2025-01-17,9.35224,False,0,0,True,False,False,55.89091057669471,-32.427572177582405,0,False
TJS_RUB,2025-01-20,9.35242,False,0,0,True,False,False,47.139508451379264,-22.187996518799213,0,False
TJS_RUB,2025-01-21,9.3188,False,0,0,True,False,False,11.022136661602566,-33.97956367070476,0,False
TJS_RUB,2025-01-22,9.12895,False,0,1,True,False,True,0.0,-24.72345540641796,0,False
TJS_RUB,2025-01-23,8.97841,False,0,1,True,False,True,0.0,-15.808564061267294,1,False
TJS_RUB,2025-01-24,9.05251,False,0,1,True,False,True,82.53131679217151,59.22021172447067,5,False
TJS_RUB,2025-01-27,8.9763,False,0,1,True,False,True,0.0,-13.488419012405384,0,False
TJS_RUB,2025-01-28,8.87147,True,0,1,False,False,True,0.0,-25.838600275659427,0,False
TJS_RUB,2025-01-29,8.94763,False,0,1,True,False,True,85.84823033837674,8.408333012200897,4,False
TJS_RUB,2025-01-30,8.97272,False,0,1,False,False,True,114.12990180883264,-9.99752127631903,1,True
TJS_RUB,2025-01-31,8.98678,False,0,0,False,False,False,129.9784590377917,-27.447035938657383,0,True
TJS_RUB,2025-02-03,8.95358,False,0,0,True,False,False,92.55512333356197,-19.19740598217845,0,False
TJS_RUB,2025-02-04,9.14796,False,0,0,False,False,False,311.6619906283846,-34.72534871973765,1,False
TJS_RUB,2025-02-05,9.00566,False,0,0,False,False,False,151.2601631973065,-40.13434586619602,0,True
TJS_RUB,2025-02-06,8.96238,False,0,0,False,False,False,102.47456171299518,-9.814247090707662,0,True
TJS_RUB,2025-02-07,8.85455,False,0,1,True,False,True,0.0,-7.725661618046774,0,False
TJS_RUB,2025-02-10,8.88992,False,0,0,True,False,False,39.94556470966914,-21.10906177821614,0,False
TJS_RUB,2025-02-11,8.84598,False,0,1,True,False,True,0.0,-22.519879130478813,0,False
TJS_RUB,2025-02-12,8.75315,False,0,1,True,False,True,0.0,-11.615837829631161,0,False
TJS_RUB,2025-02-13,8.59196,False,0,1,False,False,True,0.0,-7.379521107046649,0,False
TJS_RUB,2025-02-14,8.31959,False,0,1,False,False,True,0.0,45.33500073614416,5,False
TJS_RUB,2025-02-17,8.25366,False,0,1,True,False,True,0.0,29.882885813238055,5,False
TJS_RUB,2025-02-18,8.35615,False,0,1,False,True,True,124.17521438973678,52.508275797896964,5,True
TJS_RUB,2025-02-19,8.34519,False,0,1,False,False,True,110.8962569332883,-4.615186564314922,0,True
TJS_RUB,2025-02-20,8.25717,False,0,1,True,False,True,4.252658820451671,-9.145810485056582,0,False
TJS_RUB,2025-02-21,8.08217,False,0,1,True,False,True,0.0,12.491325094554195,4,False
TJS_RUB,2025-02-24,8.04992,False,0,1,False,False,True,0.0,13.052893663024978,5,False
TJS_RUB,2025-02-25,8.06349,False,0,1,False,False,True,16.857310383209256,-4.635370590686527,1,False
TJS_RUB,2025-02-26,7.91954,True,0,1,False,False,True,0.0,-31.605031144436026,0,False
TJS_RUB,2025-02-27,7.85138,True,0,1,False,False,True,0.0,-8.287533857192386,1,False
TJS_RUB,2025-02-28,8.01505,False,0,1,False,False,True,208.4601687856158,45.13680993283175,5,False
TJS_RUB,2025-03-03,8.08442,False,0,0,False,False,False,296.8140632602156,1.4040297252262413,3,False
TJS_RUB,2025-03-04,8.17238,False,0,0,False,False,False,408.8453240067369,-3.5154671315298374,1,False
TJS_RUB,2025-03-05,8.15527,False,0,0,False,False,False,387.0529766741648,-32.874767254721604,0,False
TJS_RUB,2025-03-06,8.2091,False,0,0,False,False,False,455.6141722856366,-9.180721791284487,2,False
TJS_RUB,2025-03-07,8.1894,False,0,0,False,False,False,430.5230418092099,-29.99658738544531,0,False
TJS_RUB,2025-03-10,8.15452,False,0,0,False,False,False,174.0101434176955,-8.268116200695676,0,True
TJS_RUB,2025-03-11,8.07255,False,0,1,False,False,True,0.0,-31.059628954275716,0,False
TJS_RUB,2025-03-12,7.9063,False,0,1,False,False,True,0.0,-36.72499374602501,0,False
TJS_RUB,2025-03-13,7.91654,False,0,1,True,False,True,12.951696748162433,6.013367698257888,5,False
TJS_RUB,2025-03-14,7.91641,False,0,1,True,False,True,12.787270910539217,-11.14260869805106,0,False
TJS_RUB,2025-03-17,7.82807,False,0,1,False,False,True,0.0,0.7820981456170273,3,False
TJS_RUB,2025-03-18,7.70712,False,0,1,False,False,True,0.0,-12.864146204243585,0,False
TJS_RUB,2025-03-19,7.45725,True,0,1,False,False,True,0.0,18.312726044311667,3,False
TJS_RUB,2025-03-20,7.58049,False,1,1,False,True,True,165.26199336216462,120.25070599552157,5,True
TJS_RUB,2025-03-21,7.72251,False,0,1,False,False,True,355.7075329377457,87.08347868415167,5,False
TJS_RUB,2025-03-24,7.74489,False,0,1,False,False,True,385.71859599718425,4.340201269313448,4,False
TJS_RUB,2025-03-25,7.67477,False,0,1,False,False,True,291.6892956518824,9.785392434106479,4,False
TJS_RUB,2025-03-26,7.70398,False,0,1,False,False,True,330.85923094974714,43.6440423371649,5,False
TJS_RUB,2025-03-27,7.70522,False,0,0,False,False,False,332.5220423078212,-8.424233349477285,0,False
TJS_RUB,2025-03-28,7.6712,False,0,1,False,False,True,286.9020081129103,-20.898873073264436,0,False
TJS_RUB,2025-03-31,7.67423,True,0,0,False,False,False,3.9498383564495754,-4.238462535046228,2,False
TJS_RUB,2025-04-01,7.84068,False,0,0,False,False,False,220.93023255813858,32.09994701960284,5,False
TJS_RUB,2025-04-02,7.7833,False,0,0,False,False,False,146.13098341849985,-42.9044769605873,0,True
TJS_RUB,2025-04-03,7.75011,False,0,0,False,False,False,102.86526227969661,-18.409767170026516,0,True
TJS_RUB,2025-04-04,7.75843,False,0,0,False,False,False,113.71102304724046,4.9094718127249415,5,True
TJS_RUB,2025-04-07,7.74872,False,0,0,False,False,False,101.0532902283856,-1.8466464291080342,2,True
TJS_RUB,2025-04-08,7.91016,False,0,0,False,False,False,307.43149475582544,27.06423273281988,5,False
TJS_RUB,2025-04-09,7.84643,False,0,0,False,False,False,224.38733267050816,-39.01279691716409,0,False
TJS_RUB,2025-04-10,7.90846,False,0,0,False,False,False,305.2162888003096,-0.3348192907670633,2,False
TJS_RUB,2025-04-11,7.81303,False,0,0,False,False,False,82.99435261565958,-19.67877397634887,0,False
TJS_RUB,2025-04-14,7.70827,False,0,0,True,False,False,0.0,14.355186436658673,5,False
TJS_RUB,2025-04-15,7.60105,False,0,1,False,False,True,0.0,5.018388187323142,3,False
TJS_RUB,2025-04-16,7.56631,True,0,1,False,False,True,0.0,35.78958714141844,5,False
TJS_RUB,2025-04-17,7.59287,False,0,1,False,False,True,35.10297621958314,30.015628720853282,5,False
TJS_RUB,2025-04-18,7.55242,True,0,1,False,False,True,0.0,14.020765993016493,5,False
TJS_RUB,2025-04-21,7.50234,True,0,1,False,False,True,0.0,13.340198413108073,5,False
TJS_RUB,2025-04-22,7.53904,True,0,1,False,False,True,48.91807089521416,22.180296320793765,5,False
TJS_RUB,2025-04-23,7.62453,False,1,0,False,False,False,162.8691848143382,24.967082507679983,5,True
TJS_RUB,2025-04-24,7.73085,False,0,0,False,False,False,304.58496948951864,1.986866703793888,2,False
TJS_RUB,2025-04-25,7.7894,False,0,0,False,False,False,382.62728695313666,-26.67640413549743,0,False
TJS_RUB,2025-04-28,7.77051,False,0,0,False,False,False,357.4484760754637,-16.38468634357193,0,False
TJS_RUB,2025-04-29,7.77539,False,0,0,False,False,False,363.9531132953189,-15.597213794550811,1,False
TJS_RUB,2025-04-30,7.695,False,0,0,False,False,False,256.79987843792776,-33.582497758475554,0,False
TJS_RUB,2025-05-01,7.7012,False,0,0,False,False,False,265.0639667090537,15.96871842992753,5,False
TJS_RUB,2025-05-02,7.7012,False,0,1,False,False,True,215.0936989324892,-3.5861126325082977,1,False
TJS_RUB,2025-05-05,7.7012,True,0,0,True,False,False,8.057179987004393,-2.4801466376209724,1,False
TJS_RUB,2025-05-06,7.88534,False,0,0,False,False,False,247.35542560103906,35.30683186726069,5,False
TJS_RUB,2025-05-07,7.77495,False,0,0,False,False,False,103.8986354775817,-24.955114182682035,0,True
TJS_RUB,2025-05-08,7.75915,True,0,0,True,False,False,83.36582196231346,11.12593970770126,5,False
TJS_RUB,2025-05-09,7.75915,True,0,0,True,False,False,83.36582196231346,4.885202846636627,4,False
TJS_RUB,2025-05-12,7.75915,True,0,0,True,False,False,75.24801329662934,-3.093845022325681,1,False
TJS_RUB,2025-05-13,7.766,True,0,1,True,False,True,84.14273100296077,-2.1107271102600578,2,False
TJS_RUB,2025-05-14,7.73352,True,0,0,False,False,False,41.96748558666252,8.757271935507571,5,False
TJS_RUB,2025-05-15,7.71552,True,0,0,True,False,False,18.594504752504903,-0.259569217216038,3,False
TJS_RUB,2025-05-16,7.72415,True,0,0,True,False,False,11.185247397453857,11.230876881098029,4,False
TJS_RUB,2025-05-19,7.77761,True,0,0,True,False,False,80.47416117125117,4.587279195341409,4,False
TJS_RUB,2025-05-20,7.7502,True,0,0,True,False,False,44.94836381734535,3.8336531146470065,4,False
TJS_RUB,2025-05-21,7.77736,True,0,0,True,False,False,80.15013894073331,25.131301081761755,5,False
TJS_RUB,2025-05-22,7.73287,True,0,0,True,False,False,22.487142797893434,20.76278343633931,5,False
TJS_RUB,2025-05-23,7.74088,True,0,0,True,False,False,32.868815063664684,27.249332172157644,5,False
TJS_RUB,2025-05-26,7.75752,True,0,0,True,False,False,43.20216463947535,10.353020479190622,4,False
TJS_RUB,2025-05-27,7.79021,True,0,0,True,False,False,74.15099439147532,8.690271731833345,4,False
TJS_RUB,2025-05-28,7.82575,False,1,0,False,False,False,120.11064456016962,9.201640112119769,5,True
TJS_RUB,2025-05-29,7.86404,False,1,0,False,False,False,169.6265422799037,-0.17730568375262656,3,True
TJS_RUB,2025-05-30,7.84029,False,1,0,False,False,False,138.9134952482074,-10.107755267209527,1,True
TJS_RUB,2025-06-02,7.8736,False,1,0,False,False,False,171.45337481009992,11.693225404011187,5,True
TJS_RUB,2025-06-03,7.96125,False,0,0,False,False,False,262.6225907248703,31.595228605170167,5,False
TJS_RUB,2025-06-04,7.97231,False,0,0,False,False,False,276.8797244480181,9.255819052327308,4,False
TJS_RUB,2025-06-05,7.93668,False,0,0,False,False,False,230.9500974538259,18.66214415959755,5,False
TJS_RUB,2025-06-06,8.00445,False,0,0,False,False,False,275.011841786037,30.559512654142473,5,False
TJS_RUB,2025-06-09,8.00881,False,0,0,False,False,False,214.9410289670417,19.805609116904765,5,False
TJS_RUB,2025-06-10,7.98965,False,0,0,False,False,False,147.39128225970344,11.803473983907242,5,True
TJS_RUB,2025-06-11,7.91528,False,0,0,True,False,False,52.93639504165837,2.099646334084326,3,False
TJS_RUB,2025-06-12,7.95581,False,0,0,False,False,False,104.41221296484393,21.449641860165514,5,True
TJS_RUB,2025-06-13,7.95581,False,0,0,True,False,False,51.20475839136329,7.4982856828236235,5,False
TJS_RUB,2025-06-16,7.95581,False,0,0,True,False,False,51.20475839136329,15.799981523060504,5,False
TJS_RUB,2025-06-17,7.74274,True,0,1,True,False,True,0.0,53.28298297105816,5,False
TJS_RUB,2025-06-18,7.77532,True,0,1,True,False,True,42.07812738126204,85.57566092304648,5,False
TJS_RUB,2025-06-19,7.80431,True,0,1,True,False,True,79.51965324936694,61.2092320965658,5,False
TJS_RUB,2025-06-20,7.91855,False,0,0,False,False,False,227.06432089931948,61.72620921439043,5,False
TJS_RUB,2025-06-23,7.92017,False,0,0,False,False,False,229.15660347628818,69.33632054132889,5,False
TJS_RUB,2025-06-24,7.90831,False,0,0,False,False,False,213.83902856094926,50.530376862256254,5,False
TJS_RUB,2025-06-25,7.91418,False,0,0,False,False,False,221.42032407132194,45.07664634784226,5,False
TJS_RUB,2025-06-26,7.89467,False,0,0,False,True,False,196.22252587585098,38.710177518305855,5,True
TJS_RUB,2025-06-27,7.90001,False,0,0,False,False,False,203.11930918512022,24.63749801745685,5,False
TJS_RUB,2025-06-30,7.92595,True,0,0,True,False,False,39.62166879679651,6.238090676802255,5,False
TJS_RUB,2025-07-01,7.932,True,0,0,True,False,False,47.28506701356938,20.675769792442015,5,False
TJS_RUB,2025-07-02,7.95848,True,0,0,True,False,False,80.82668433259332,23.768731535210197,5,False
TJS_RUB,2025-07-03,7.97684,False,1,0,False,False,False,104.08288123506138,21.55980849073469,5,True
TJS_RUB,2025-07-04,8.06039,False,0,0,False,False,False,209.91377726998107,40.37881203990467,5,False
TJS_RUB,2025-07-07,8.06575,False,0,0,False,False,False,209.797202788351,26.071762058003763,5,False
TJS_RUB,2025-07-08,8.08779,False,0,0,False,False,False,204.19003400223178,26.584141267799396,5,False
TJS_RUB,2025-07-09,8.09773,False,0,0,False,False,False,216.73111740548424,19.051118775266662,5,False
TJS_RUB,2025-07-10,8.0982,False,0,0,False,False,False,217.32410625855624,23.549493881669825,5,False
TJS_RUB,2025-07-11,8.05948,False,0,0,False,False,False,160.716086737267,19.190797636006174,5,True
TJS_RUB,2025-07-14,8.04004,True,0,0,True,False,False,0.0,11.288431287271859,4,False
TJS_RUB,2025-07-15,8.09028,True,0,0,True,False,False,62.48725130720834,25.785044972804098,5,False
TJS_RUB,2025-07-16,8.12439,False,0,0,False,False,False,104.91241337107881,18.32134921845885,4,True
TJS_RUB,2025-07-17,8.1244,False,0,0,False,False,False,104.92485112014505,16.321237937932054,5,True
TJS_RUB,2025-07-18,8.15759,False,0,0,False,True,False,146.20574026995126,31.96303217561791,5,True
TJS_RUB,2025-07-21,8.15674,False,1,0,False,True,False,145.14853159934614,25.835959835823985,5,True
TJS_RUB,2025-07-22,8.17511,False,1,0,False,False,False,167.99667663345065,19.428396133225778,5,True
TJS_RUB,2025-07-23,8.15015,False,1,0,False,False,False,136.95205496490058,17.896584482796296,5,True
TJS_RUB,2025-07-24,8.1857,False,1,0,False,False,False,181.16825289426598,24.569066236626913,5,True
TJS_RUB,2025-07-25,8.22897,False,1,0,False,True,False,171.42793574511649,38.996779976051776,5,True
TJS_RUB,2025-07-28,8.34026,False,0,0,False,False,False,233.2595105611568,22.148258580357627,5,False
TJS_RUB,2025-07-29,8.33917,False,0,0,False,False,False,231.92211186296996,21.004512316527887,5,False
TJS_RUB,2025-07-30,8.61598,False,0,0,False,False,False,571.5600326374371,89.41487353556488,5,False
TJS_RUB,2025-07-31,8.58959,False,0,0,False,False,False,539.180260486003,45.06762140413301,5,False
TJS_RUB,2025-08-01,8.43021,False,0,0,False,False,False,343.62557744336056,17.19322119021394,3,False
TJS_RUB,2025-08-04,8.45425,False,0,0,False,False,False,273.7645173089698,56.95926327734569,5,False
TJS_RUB,2025-08-05,8.39712,True,0,0,True,False,False,69.49132827367643,47.94867708072426,5,False
TJS_RUB,2025-08-06,8.46828,False,0,1,False,True,True,154.8235615774729,64.98806495974475,5,True
TJS_RUB,2025-08-07,8.54254,False,0,0,False,False,False,243.87319121687233,59.10484246570968,5,False
TJS_RUB,2025-08-08,8.45661,False,0,0,False,True,False,140.82936311407445,58.39718817391404,5,True
TJS_RUB,2025-08-11,8.50629,False,0,0,False,True,False,130.00886018063485,48.79297967826402,5,True
TJS_RUB,2025-08-12,8.50015,False,0,0,False,True,False,122.69682938912396,47.08298295942326,5,True
TJS_RUB,2025-08-13,8.53136,False,0,0,False,True,False,159.86433443847537,57.64825473621693,5,True
TJS_RUB,2025-08-14,8.51025,False,0,0,False,True,False,134.72476277580859,60.59710201542457,5,True
TJS_RUB,2025-08-15,8.52795,False,0,0,False,True,False,155.80341831485268,48.17951172802504,5,True
TJS_RUB,2025-08-18,8.56111,False,0,0,False,True,False,123.57197505856288,39.96393297372781,5,True
TJS_RUB,2025-08-19,8.59661,False,0,0,False,True,False,113.48035034675962,48.75782417736385,5,True
TJS_RUB,2025-08-20,8.58817,False,0,0,False,True,False,103.55111380387471,46.83178223660889,5,True
TJS_RUB,2025-08-21,8.55077,False,0,0,True,False,False,59.55189026076057,49.07444534748873,5,False
TJS_RUB,2025-08-22,8.53067,False,0,1,True,False,True,35.905248730905285,53.4724153888435,5,False
TJS_RUB,2025-08-25,8.58328,False,0,0,True,False,False,64.88077439478434,42.47183372687458,5,False
TJS_RUB,2025-08-26,8.44427,True,0,1,True,False,True,0.0,66.51941289068608,5,False
TJS_RUB,2025-08-27,8.38524,True,0,1,True,False,True,0.0,68.02589019841409,5,False
TJS_RUB,2025-08-28,8.37529,True,0,1,True,False,True,0.0,66.94221762349085,5,False
TJS_RUB,2025-08-29,8.36678,True,0,1,True,False,True,0.0,40.767650957094666,5,False
TJS_RUB,2025-09-01,8.40465,True,0,1,True,False,True,45.26233509187571,27.97839718063866,5,False
TJS_RUB,2025-09-02,8.50161,False,1,0,False,True,False,161.1492115246227,36.25675846251531,5,True
TJS_RUB,2025-09-03,8.55824,False,0,0,False,False,False,228.83355364907266,39.46765281407538,5,False
TJS_RUB,2025-09-04,8.59536,False,0,0,False,False,False,273.19948654081827,37.28837179246991,5,False
TJS_RUB,2025-09-05,8.5903,False,0,0,False,False,False,267.1517596972772,35.36086126143978,5,False
TJS_RUB,2025-09-08,8.61755,False,0,0,False,False,False,299.7210396353189,29.044751865719753,5,False
TJS_RUB,2025-09-09,8.6981,False,0,0,False,False,False,349.1519575473112,48.53167845092443,5,False
TJS_RUB,2025-09-10,8.79347,False,0,0,False,False,False,462.6248564782576,38.227792890767724,5,False
TJS_RUB,2025-09-11,8.97079,False,0,0,False,False,False,673.6033029334942,67.17263049181365,5,False
TJS_RUB,2025-09-12,9.00407,False,0,0,False,False,False,591.0174661034806,7.486450072890172,4,False
TJS_RUB,2025-09-15,8.86901,False,0,0,False,False,False,324.4473417692051,17.36974595377916,5,False
TJS_RUB,2025-09-16,8.73089,False,1,0,False,False,False,131.52230042181355,-30.497331968220244,0,True
TJS_RUB,2025-09-17,8.74895,False,1,0,False,True,False,152.4795330459372,29.367761017482064,5,True
TJS_RUB,2025-09-18,8.76614,False,1,1,False,False,True,172.42719798550743,4.323541033022016,4,True
TJS_RUB,2025-09-19,8.81307,False,0,1,False,False,True,132.17829181085384,20.11618037598018,5,True
TJS_RUB,2025-09-22,8.86177,False,0,0,False,False,False,149.9045343601857,5.343879229283921,4,True
TJS_RUB,2025-09-23,8.91198,False,0,0,False,False,False,207.41298997009494,16.243596463582755,5,False
TJS_RUB,2025-09-24,8.84403,False,0,0,False,False,False,129.58587268880882,1.7151831766428765,2,True
TJS_RUB,2025-09-25,8.92036,False,0,0,False,False,False,217.01109508881711,20.022495783061704,5,False
TJS_RUB,2025-09-26,8.89085,False,0,0,False,False,False,183.21156262419925,9.785404609817359,3,True
TJS_RUB,2025-09-29,8.89137,False,0,0,True,False,False,88.84531723905465,16.37751465527426,5,False
TJS_RUB,2025-09-30,8.8173,False,0,1,True,False,True,0.0,16.586938650172023,4,False
TJS_RUB,2025-10-01,8.78972,False,0,0,True,False,False,0.0,18.648519508308592,5,False
TJS_RUB,2025-10-02,8.68363,True,0,1,True,False,True,0.0,24.37265466566041,4,False
TJS_RUB,2025-10-03,8.64128,True,0,1,True,False,True,0.0,49.816785503574486,5,False
TJS_RUB,2025-10-06,8.79043,False,0,1,False,False,True,172.60174418604723,19.413724535916277,4,True
TJS_RUB,2025-10-07,8.91036,False,0,0,False,False,False,311.3890534735608,24.58555750978464,5,False
TJS_RUB,2025-10-08,8.79602,False,0,0,False,True,False,179.07069323063186,29.039872542651505,4,True
TJS_RUB,2025-10-09,8.75239,False,0,0,False,True,False,128.5804880758401,41.94422229499129,5,True
TJS_RUB,2025-10-10,8.74017,False,0,1,False,True,True,114.4390645830251,32.840131544297435,5,True
TJS_RUB,2025-10-13,8.73798,False,0,1,False,False,True,111.904717819582,6.475006695358277,3,True
TJS_RUB,2025-10-14,8.72653,False,0,1,True,False,True,0.0,3.7970660940414014,3,False
TJS_RUB,2025-10-15,8.64383,False,0,1,True,False,True,0.0,25.195761064969346,5,False
TJS_RUB,2025-10-16,8.52452,True,0,1,True,False,True,0.0,31.286212962150284,5,False
TJS_RUB,2025-10-17,8.56693,True,0,1,True,False,True,49.7506017934124,40.03640128274854,5,False
TJS_RUB,2025-10-20,8.77945,False,0,0,False,False,False,299.0549614523741,-22.77964822315504,0,False
TJS_RUB,2025-10-21,8.82831,False,0,0,False,False,False,356.3719716769964,-22.71539027062719,1,False
TJS_RUB,2025-10-22,8.83127,False,0,0,False,False,False,359.8443079493019,-19.5955360722333,1,False
TJS_RUB,2025-10-23,8.86464,False,0,0,False,False,False,398.99020707324206,-18.12641392218173,1,False
TJS_RUB,2025-10-24,8.78669,False,0,0,False,False,False,307.54810828058197,-12.841414994138267,0,False
TJS_RUB,2025-10-27,8.75451,False,0,0,False,False,False,218.95824992150148,9.7350185656091,5,False
TJS_RUB,2025-10-28,8.47804,True,0,1,True,False,True,0.0,34.63934960249149,4,False
TJS_RUB,2025-10-29,8.58676,False,1,1,False,True,True,128.23718689697117,100.5040517905389,5,True
TJS_RUB,2025-10-30,8.54762,True,0,1,True,False,True,82.0708559997363,55.77414209865994,5,False
TJS_RUB,2025-10-31,8.66983,False,0,1,False,False,True,226.21973946808316,42.21102260790887,5,False
TJS_RUB,2025-11-03,8.72774,False,0,0,False,False,False,294.52562148798654,-26.341446582629494,0,False
TJS_RUB,2025-11-04,8.72774,False,0,0,False,False,False,294.52562148798654,-29.595050201127737,0,False
TJS_RUB,2025-11-05,8.72774,False,0,0,False,False,False,294.52562148798654,-28.3284001089179,0,False
TJS_RUB,2025-11-06,8.75461,False,0,0,False,False,False,326.219267660921,-28.57483179475784,0,False
TJS_RUB,2025-11-07,8.77318,False,0,0,False,False,False,348.12291520209817,-24.695659561611016,0,False
TJS_RUB,2025-11-10,8.75692,False,0,0,False,False,False,100.4517966326901,-13.32057442455059,0,True
TJS_RUB,2025-11-11,8.73401,True,0,0,True,False,False,7.183990357182424,-5.1914477980241625,1,False
TJS_RUB,2025-11-12,8.76693,False,0,0,True,False,False,44.90280416235892,-0.0006436346817739746,3,False
TJS_RUB,2025-11-13,8.75928,False,0,0,True,False,False,36.137648463405725,-3.482705616483006,2,False
TJS_RUB,2025-11-14,8.68601,False,0,0,True,False,False,0.0,-2.579530982484979,2,False
TJS_RUB,2025-11-17,8.74276,False,0,0,True,False,False,65.3349466555997,-9.78473993733986,0,False
TJS_RUB,2025-11-18,8.74389,False,0,0,True,False,False,66.63588920574614,-1.0531565816520594,2,False
TJS_RUB,2025-11-19,8.73208,False,0,0,True,False,False,53.03931264182271,-3.5874056004192583,0,False
TJS_RUB,2025-11-20,8.72043,False,0,0,True,False,False,39.626940332788685,-6.6758368810821995,0,False
TJS_RUB,2025-11-21,8.69686,False,0,1,True,False,True,12.491351034593645,-7.654158837458347,1,False
TJS_RUB,2025-11-24,8.50559,False,0,1,True,False,True,0.0,24.263088287058032,5,False
TJS_RUB,2025-11-25,8.49381,False,0,1,True,False,True,0.0,4.820222399919416,5,False
TJS_RUB,2025-11-26,8.49798,False,0,1,True,False,True,4.909457593236244,-3.0366332967881604,0,False
TJS_RUB,2025-11-27,8.45844,False,0,1,True,False,True,0.0,-17.319237913989703,0,False
TJS_RUB,2025-11-28,8.42661,False,0,1,True,False,True,0.0,-17.775364669045945,0,False
TJS_RUB,2025-12-01,8.42425,False,0,1,True,False,True,0.0,-19.88094737488311,0,False
TJS_RUB,2025-12-02,8.38244,False,0,1,True,False,True,0.0,-25.776986384400846,0,False
TJS_RUB,2025-12-03,8.35659,False,0,1,True,False,True,0.0,-19.371044391851335,0,False
TJS_RUB,2025-12-04,8.42262,False,0,1,True,False,True,79.01548358840049,-1.6476779069434233,2,False
TJS_RUB,2025-12-05,8.32072,False,0,1,True,False,True,0.0,-6.196162936047633,0,False
TJS_RUB,2025-12-08,8.22937,True,0,1,True,False,True,0.0,-4.91345256570308,0,False
TJS_RUB,2025-12-09,8.35694,False,1,0,False,False,False,155.01794183515827,-13.787827949383047,0,True
TJS_RUB,2025-12-10,8.32251,False,1,0,False,False,False,113.17998826155585,-26.34469366097747,0,True
TJS_RUB,2025-12-11,8.43967,False,0,0,False,False,False,255.54811607692906,-29.26991759566055,0,False
TJS_RUB,2025-12-12,8.59968,False,0,0,False,False,False,449.98584338776794,-82.13088849013572,0,False
TJS_RUB,2025-12-15,8.63136,False,0,0,False,False,False,488.4821073788159,-60.87012848351891,0,False
TJS_RUB,2025-12-16,8.60104,False,0,0,False,False,False,451.63846078132286,-53.29964506040974,0,False
TJS_RUB,2025-12-17,8.61536,False,0,0,False,False,False,469.0395498075817,-35.185101738667065,0,False
TJS_RUB,2025-12-18,8.69996,False,0,0,False,False,False,571.8420729654894,-30.879740308365818,0,False
TJS_RUB,2025-12-19,8.66286,False,0,0,False,False,False,408.95114574809764,-24.1269160893145,0,False
TJS_RUB,2025-12-22,8.73643,False,0,0,False,False,False,159.01754483887976,-1.7577305229778961,3,True
TJS_RUB,2025-12-23,8.58411,False,0,0,True,False,False,0.0,-12.10667293488088,0,False
TJS_RUB,2025-12-24,8.50515,False,0,1,True,False,True,0.0,-0.36886687082660075,2,False
TJS_RUB,2025-12-25,8.48507,False,0,1,True,False,True,0.0,-20.4339309340511,0,False
TJS_RUB,2025-12-26,8.42066,True,0,1,True,False,True,0.0,-17.977254720110246,0,False
TJS_RUB,2025-12-29,8.40162,True,0,1,True,False,True,0.0,16.62876737994967,5,False
TJS_RUB,2025-12-30,8.37505,True,0,1,True,False,True,0.0,24.493593566698557,5,False
TJS_RUB,2025-12-31,8.45593,True,0,0,True,False,False,96.57255777577589,25.361387792122606,5,False
TJS_RUB,2026-01-01,8.45593,True,0,0,True,False,False,96.57255777577589,12.75487286836352,5,False
TJS_RUB,2026-01-02,8.45593,True,0,0,True,False,False,96.57255777577589,12.312317405206219,5,False
TJS_RUB,2026-01-05,8.45593,True,0,0,True,False,False,96.57255777577589,2.0480532100042304,4,False
TJS_RUB,2026-01-06,8.45593,True,0,0,True,False,False,96.57255777577589,9.731194996994486,5,False
TJS_RUB,2026-01-07,8.45593,False,0,0,True,False,False,96.57255777577589,10.96570368703631,5,False
TJS_RUB,2026-01-08,8.45593,False,0,0,True,False,False,96.57255777577589,7.316763968636231,4,False
TJS_RUB,2026-01-09,8.45593,False,0,0,True,False,False,96.57255777577589,10.837809218325223,5,False
TJS_RUB,2026-01-12,8.45593,False,0,0,True,False,False,0.0,7.008644313858613,5,False
TJS_RUB,2026-01-13,8.43554,False,0,0,True,False,False,0.0,-8.016898464802136,0,False
TJS_RUB,2026-01-14,8.43868,False,0,0,True,False,False,3.7223461687108106,-2.161833803585589,2,False
TJS_RUB,2026-01-15,8.408,False,0,0,True,False,False,0.0,-13.845980904648503,0,False
TJS_RUB,2026-01-16,8.40492,False,0,0,True,False,False,0.0,-15.620657639528133,0,False
TJS_RUB,2026-01-19,8.34315,False,0,1,True,False,True,0.0,-5.516482540597778,0,False
TJS_RUB,2026-01-20,8.33515,False,0,1,True,False,True,0.0,-4.1801263301171065,0,False
TJS_RUB,2026-01-21,8.34465,False,0,1,True,False,True,11.397515341653452,-2.270535387357775,0,False
TJS_RUB,2026-01-22,8.30068,False,0,1,True,False,True,0.0,-7.265290457683982,0,False
TJS_RUB,2026-01-23,8.13556,True,0,1,True,False,True,0.0,2.2744035005064505,3,False
TJS_RUB,2026-01-26,8.1155,True,0,1,True,False,True,0.0,-9.608223789186132,0,False
TJS_RUB,2026-01-27,8.12456,True,0,1,True,False,True,11.163822315323202,4.366331706058713,5,False
TJS_RUB,2026-01-28,8.18151,False,0,1,True,False,True,81.3381800258739,25.884530146187853,5,False
TJS_RUB,2026-01-29,8.15524,True,0,1,True,False,True,48.968024151312406,-9.38764251980273,0,False
TJS_RUB,2026-01-30,8.10701,True,0,1,True,False,True,0.0,-5.762644071039436,0,False
TJS_RUB,2026-02-02,8.08152,True,0,1,True,False,True,0.0,-10.760468396013634,0,False
TJS_RUB,2026-02-03,8.21913,False,0,0,False,True,False,170.27737356339,35.36828548214776,5,True
TJS_RUB,2026-02-04,8.22419,False,0,0,False,False,False,176.538571951812,-16.88958716033118,0,True
TJS_RUB,2026-02-05,8.21655,False,0,0,False,False,False,167.08490481988525,-23.593192370932712,0,True
TJS_RUB,2026-02-06,8.16358,False,0,0,False,False,False,101.54030429919247,-34.38621622807547,0,True
TJS_RUB,2026-02-09,8.21471,False,0,0,False,False,False,164.80810540591585,-13.965991697244993,0,True
TJS_RUB,2026-02-10,8.28278,False,0,0,False,False,False,249.0373098130072,-1.7431198725514907,3,False
TJS_RUB,2026-02-11,8.21951,False,0,0,False,False,False,170.74758213801334,-16.28851910027218,0,True
TJS_RUB,2026-02-12,8.2355,False,0,0,False,False,False,190.53346400182303,2.2351240230220615,3,True
TJS_RUB,2026-02-13,8.19066,False,0,0,True,False,False,33.171721230145224,-8.292805141865811,1,False
TJS_RUB,2026-02-16,8.17201,False,0,0,True,False,False,10.326351919134336,-9.147837494376976,1,False
TJS_RUB,2026-02-17,8.11121,True,0,1,True,False,True,0.0,-24.52862668344369,0,False
TJS_RUB,2026-02-18,8.11554,True,0,1,True,False,True,5.338291081107283,-0.20643476464132782,2,False
TJS_RUB,2026-02-19,8.0576,True,0,1,True,False,True,0.0,-9.963275706418752,0,False
TJS_RUB,2026-02-20,8.10316,True,0,1,True,False,True,56.54289118347977,-1.008029218959594,2,False
TJS_RUB,2026-02-23,8.11537,True,0,0,True,False,False,71.6962867355031,-2.1728600461132785,2,False
TJS_RUB,2026-02-24,8.11537,True,0,0,True,False,False,71.6962867355031,4.647216256871367,4,False
TJS_RUB,2026-02-25,8.09736,True,0,0,True,False,False,49.34471803018204,-2.625649302578026,1,False
TJS_RUB,2026-02-26,8.06827,True,0,1,True,False,True,13.242156473389777,-8.881927847257165,0,False
TJS_RUB,2026-02-27,8.12167,True,0,0,True,False,False,79.51499205718804,-3.397343785519258,1,False
TJS_RUB,2026-03-02,8.12474,True,0,0,True,False,False,69.99022095194985,-16.91358285123701,0,False
TJS_RUB,2026-03-03,8.09998,True,0,0,True,False,False,39.30210565586067,-15.418983760825402,0,False
TJS_RUB,2026-03-04,8.13285,True,0,0,True,False,False,80.0419420768006,-18.08311674271268,0,False
TJS_RUB,2026-03-05,8.14047,True,0,0,True,False,False,89.48634589571292,-20.644885347433693,0,False
TJS_RUB,2026-03-06,8.16614,False,1,0,False,False,False,121.30233618855124,-28.963613886527014,0,True
TJS_RUB,2026-03-09,8.2664,False,0,0,False,False,False,205.4572974254265,-24.38806142302252,0,False
TJS_RUB,2026-03-10,8.2664,False,0,0,False,False,False,205.4572974254265,-20.432569599217132,0,False
TJS_RUB,2026-03-11,8.20119,False,1,0,False,False,False,124.9509258047543,-20.75336714902498,0,True
TJS_RUB,2026-03-12,8.23651,False,1,0,False,False,False,168.55597174314062,-18.309632812306464,1,True
TJS_RUB,2026-03-13,8.22673,False,1,0,False,False,False,156.4818678564639,-21.31333993185347,0,True
TJS_RUB,2026-03-16,8.34542,False,0,0,False,False,False,219.54068874645793,-22.245858751974712,0,False
TJS_RUB,2026-03-17,8.43691,False,0,0,False,False,False,287.4217034357196,-21.290935764669563,0,False
TJS_RUB,2026-03-18,8.52327,False,0,0,False,False,False,392.72349500499183,-7.911524058731301,1,False
TJS_RUB,2026-03-19,8.65174,False,0,0,False,False,False,549.3714936490912,-1.350442355810833,2,False
TJS_RUB,2026-03-20,8.82992,False,0,0,False,False,False,766.6326472133921,-18.812280796228766,1,False
TJS_RUB,2026-03-23,8.80604,False,0,0,False,False,False,704.1801542046477,-8.307519345386316,0,False
TJS_RUB,2026-03-24,8.80604,False,0,0,False,False,False,551.9434612038676,-16.546162361575913,0,False
TJS_RUB,2026-03-25,8.48757,False,0,0,False,False,False,170.3329490906369,-11.59276412125676,0,True
TJS_RUB,2026-03-26,8.46229,False,0,1,False,False,True,140.04088470082942,-22.91647395547369,0,True
TJS_RUB,2026-03-27,8.61033,False,0,1,False,False,True,205.54918803211254,1.289471018660172,3,False
TJS_RUB,2026-03-30,8.50685,False,0,1,True,False,True,52.65714127027144,1.599374221560312,3,False
TJS_RUB,2026-03-31,8.46996,False,0,1,True,False,True,9.06374042960012,3.3994912239840858,3,False
TJS_RUB,2026-04-01,8.46526,False,0,1,True,False,True,3.50968827587117,-0.19767969727846335,3,False
TJS_RUB,2026-04-02,8.42187,False,0,1,True,False,True,0.0,-4.664670774364277,2,False
TJS_RUB,2026-04-03,8.38,False,0,1,True,False,True,0.0,-3.5396111608980703,1,False
TJS_RUB,2026-04-06,8.32786,False,0,1,True,False,True,0.0,10.364709274450323,5,False
TJS_RUB,2026-04-07,8.22213,False,0,1,True,False,True,0.0,32.242095040994734,5,False
TJS_RUB,2026-04-08,8.2443,False,0,1,True,False,True,26.963815945504344,18.823489310179742,5,False
TJS_RUB,2026-04-09,8.19769,False,0,1,True,False,True,0.0,13.992495463565735,5,False
TJS_RUB,2026-04-10,8.15906,False,0,1,True,False,True,0.0,29.613013688924106,5,False
TJS_RUB,2026-04-13,8.08169,False,0,1,True,False,True,0.0,26.941125157899478,5,False
TJS_RUB,2026-04-14,8.01903,False,0,1,True,False,True,0.0,37.24917200499301,5,False
TJS_RUB,2026-04-15,7.9843,False,0,1,True,False,True,0.0,28.468381978869143,5,False
TJS_RUB,2026-04-16,7.93405,True,0,1,False,False,True,0.0,33.63139673792981,5,False
TJS_RUB,2026-04-17,8.02384,False,0,1,False,True,True,113.1704488880203,29.51950448710239,5,True
TJS_RUB,2026-04-20,8.03473,False,0,0,False,False,False,126.89609972208248,13.597058120919936,4,True
TJS_RUB,2026-04-21,7.95519,True,0,1,False,False,True,26.64465184867737,32.17047329831546,5,False
TJS_RUB,2026-04-22,7.8915,True,0,1,True,False,True,0.0,42.67249475645984,5,False
TJS_RUB,2026-04-23,7.94091,True,0,1,True,False,True,62.61167078502217,42.24263754533953,5,False
TJS_RUB,2026-04-24,7.93053,True,0,1,True,False,True,49.45827789393675,22.797515694550796,5,False
TJS_RUB,2026-04-27,8.00866,False,0,0,False,False,False,148.46353671672085,-2.2287896514874284,1,True
TJS_RUB,2026-04-28,7.93939,True,0,1,True,False,True,60.68554774124158,13.735636577065335,5,False
TJS_RUB,2026-04-29,7.92735,True,0,1,True,False,True,45.42862573655215,14.263997281883878,5,False
TJS_RUB,2026-04-30,7.95384,True,0,0,True,False,False,78.99638851929237,13.694707933158856,5,False
TJS_RUB,2026-05-01,7.95683,True,0,0,True,False,False,82.78527529620439,10.922274360247286,5,False
TJS_RUB,2026-05-04,7.95683,False,0,0,True,False,False,37.1877108996066,5.7883597649950325,5,False
TJS_RUB,2026-05-05,8.03327,False,0,0,False,False,False,133.61337647511462,10.164043987511473,5,True
TJS_RUB,2026-05-06,8.03438,False,0,0,False,False,False,135.0135921840212,10.645603743618892,5,True
TJS_RUB,2026-05-07,8.01985,False,0,0,False,False,False,116.68464240887522,5.542076816381414,5,True
TJS_RUB,2026-05-08,7.96058,False,0,0,True,False,False,41.91816937564319,25.79772528597557,5,False
TJS_RUB,2026-05-11,7.93162,False,0,1,True,False,True,0.0,18.296258485223312,5,False
TJS_RUB,2026-05-12,7.93162,False,0,1,True,False,True,0.0,16.459397600342207,5,False
TJS_RUB,2026-05-13,7.8855,False,0,1,True,False,True,0.0,21.594185841558478,5,False
TJS_RUB,2026-05-14,7.83845,False,0,1,False,False,True,0.0,23.062863143781698,5,False
TJS_RUB,2026-05-15,7.82063,False,0,1,False,False,True,0.0,15.93639095411703,5,False
TJS_RUB,2026-05-18,7.82531,False,0,1,True,False,True,5.984172630593143,-2.7338700623116274,2,False
TJS_RUB,2026-05-19,7.74208,False,0,1,True,False,True,0.0,-7.24668964784203,1,False
TJS_RUB,2026-05-20,7.6422,True,0,1,True,False,True,0.0,20.53776961882181,4,False
TJS_RUB,2026-05-21,7.61455,True,0,1,True,False,True,0.0,12.779138400254686,4,False
TJS_RUB,2026-05-22,7.62119,True,0,1,True,False,True,8.720147612137907,5.643161767679983,3,False
TJS_RUB,2026-05-25,7.67396,True,0,1,True,False,True,78.02168217425853,15.440208141930256,4,False
TJS_RUB,2026-05-26,7.71028,False,0,0,False,True,False,125.71983899245521,26.248516350188652,5,True
TJS_RUB,2026-05-27,7.74622,False,0,0,False,True,False,172.91895121839042,31.562962230867964,5,True
TJS_RUB,2026-05-28,7.66334,True,0,1,True,False,True,64.07469909580854,2.1344981762401183,3,False
TJS_RUB,2026-05-29,7.71309,False,1,0,False,False,False,129.41014242469961,15.094461952664506,4,True
TJS_RUB,2026-06-01,7.67536,True,0,0,True,False,False,71.07813871586987,-5.827748264312317,0,False
TJS_RUB,2026-06-02,7.73849,True,0,0,True,False,False,98.06429050518429,-1.1419092274076448,4,False
TJS_RUB,2026-06-03,7.84429,False,0,0,False,False,False,236.12419649917672,-2.4495430622095693,2,False
TJS_RUB,2026-06-04,7.91167,False,0,0,False,False,False,324.0493048722892,4.987975438460968,4,False
TJS_RUB,2026-06-05,8.00591,False,0,0,False,False,False,447.0244045024763,42.716317389741576,5,False
TJS_RUB,2026-06-08,7.91682,False,0,0,False,False,False,314.59110712722224,12.447258659262772,5,False
TJS_RUB,2026-06-09,7.83535,False,0,0,False,False,False,208.44624877530026,3.41145576791968,4,False
TJS_RUB,2026-06-10,7.66882,True,0,1,True,False,True,0.0,30.585820079578774,5,False
TJS_RUB,2026-06-11,7.68128,True,0,1,True,False,True,16.247610453759,26.293488427651557,5,False
TJS_RUB,2026-06-12,7.71269,True,0,1,True,False,True,57.2056717982683,11.602169155118691,5,False
TJS_RUB,2026-06-15,7.71269,True,0,1,True,False,True,57.2056717982683,8.385413737578506,4,False
TJS_RUB,2026-06-16,7.77533,False,1,0,False,True,False,138.88707780336463,35.60392854080385,5,True
TJS_RUB,2026-06-17,7.7587,False,1,0,False,False,False,117.20186417206291,15.689696895891279,4,True
TJS_RUB,2026-06-18,7.83373,False,0,0,False,False,False,215.03960192050363,23.546525838201052,4,False
TJS_RUB,2026-06-19,7.8785,False,0,0,False,False,False,273.41885713838553,23.588304131695104,4,False
TJS_RUB,2026-06-22,7.88649,False,0,0,False,False,False,225.34290889430375,3.8442825018241145,5,False
TJS_RUB,2026-06-23,7.93983,False,0,0,False,False,False,294.50165895426704,16.0226936450889,5,False
TJS_RUB,2026-06-24,8.03065,False,0,0,False,False,False,412.25564621422575,17.62283780356899,5,False
TJS_RUB,2026-06-25,8.04287,False,0,0,False,False,False,428.09966431945236,10.738936336963878,5,False
TJS_RUB,2026-06-26,8.14555,False,0,0,False,False,False,498.60156985061855,27.828038943617628,5,False
TJS_RUB,2026-06-29,8.31529,False,0,0,False,False,False,554.4075648917923,-1.2403951762907095,3,False
TJS_RUB,2026-06-30,8.39004,False,0,0,False,False,False,638.4969739389778,23.125431352815973,5,False
TJS_RUB,2026-07-01,8.44105,False,0,0,False,False,False,703.1772055756113,3.822080769326996,3,False
TJS_RUB,2026-07-02,8.43411,False,0,0,False,False,False,694.3773465762338,-13.184739971522362,0,False
TJS_RUB,2026-07-03,8.3962,False,0,0,False,False,False,574.7856062409395,-31.11272578224611,0,False
TJS_RUB,2026-07-06,8.32002,False,0,1,False,False,True,214.19057031139664,-47.851515696710976,0,False
TJS_RUB,2026-07-07,8.4037,False,0,0,False,False,False,106.32220884659648,-12.198628085230423,0,True
TJS_RUB,2026-07-08,8.20498,True,0,1,True,False,True,0.0,-59.70528175573908,0,False
TJS_RUB,2026-07-09,8.23828,True,0,1,True,False,True,40.58510806851379,-37.30535216641128,0,False
TJS_RUB,2026-07-10,8.21415,True,0,1,True,False,True,11.176139369015736,-28.43990920250827,0,False
TJS_RUB,2026-07-13,8.28387,True,0,0,True,False,False,96.1489241899427,-1.5390605407143987,1,False
TJS_RUB,2026-07-14,8.27918,True,0,1,True,False,True,90.43288344395606,7.253886458495896,5,False
TJS_RUB,2026-07-15,8.37344,False,0,0,False,False,False,205.3143334901475,17.02808434503833,5,False
TJS_RUB,2026-07-16,8.42376,False,0,0,False,False,False,266.64294123812437,21.534174556459007,5,False
TJS_RUB,2026-07-17,8.46234,False,0,0,False,False,False,313.663165540925,23.031258475050276,5,False
TJS_RUB,2026-07-20,8.47554,False,0,0,False,False,False,318.2191705776005,22.016454736032642,5,False
TJS_RUB,2026-07-21,8.46228,False,0,0,False,False,False,221.15716773883466,6.375146622049854,5,False
TJS_RUB,2026-07-22,8.48801,False,0,0,False,False,False,252.23512473457444,16.569764141474597,5,False
TJS_RUB,2026-07-23,8.48238,False,0,0,False,False,False,245.43493437755748,7.027899577635388,5,False
TJS_RUB,2026-07-24,8.47648,False,0,0,False,False,False,238.30862476718727,3.6296385808594067,5,False
TJS_RUB,2026-07-27,8.42301,True,0,1,True,False,True,0.0,-16.97446983327677,1,False
TJS_RUB,2026-07-28,8.43101,True,0,0,True,False,False,9.497792356889523,-5.734415891407663,1,False
TJS_RUB,2026-07-29,8.51268,False,1,0,False,True,False,106.45838008028096,31.28977787641629,5,True
TJS_RUB,2026-07-30,8.58517,False,1,0,False,True,False,192.52025107414195,40.72312209862616,5,True
TJS_RUB,2026-07-31,8.63089,False,0,0,False,False,False,246.80013439376313,27.087620986896876,5,False
TJS_RUB,2026-08-03,8.59216,False,0,0,False,False,False,200.81894714597314,-0.06966416754639049,2,False
TJS_RUB,2026-08-04,8.65757,False,0,0,False,False,False,278.47527190398625,26.388590768234632,5,False
TJS_RUB,2026-08-05,8.77043,False,0,0,False,False,False,412.46537757879895,50.15123237113927,5,False
TJS_RUB,2026-08-06,8.76114,False,0,0,False,False,False,401.43606620436145,15.598017123704455,5,False
TJS_RUB,2026-08-07,8.80312,False,0,0,False,False,False,441.35874586793244,35.61430785412911,5,False
TJS_RUB,2026-08-10,8.88517,False,0,0,False,False,False,341.0201858438389,1.245905319357865,4,False
TJS_RUB,2026-08-11,8.9271,False,0,0,False,False,False,389.82048751419865,19.245684628280912,5,False
TJS_RUB,2026-08-12,8.90205,False,0,0,False,False,False,360.6660024952979,-2.86762835482679,1,False
TJS_RUB,2026-08-13,8.96991,False,0,0,False,False,False,439.64497867823746,23.275470515581098,5,False
TJS_RUB,2026-08-14,9.04757,False,0,0,False,False,False,450.4728232055877,16.220654194712743,5,False
TJS_RUB,2026-08-17,9.12736,False,0,0,False,False,False,368.323957869483,-1.4770443483029805,3,False
TJS_RUB,2026-08-18,9.18143,False,0,0,False,False,False,333.43199961283875,20.8157963918274,5,False
TJS_RUB,2026-08-19,9.19991,False,0,0,False,False,False,354.23070126964217,21.793715343581432,5,False
TJS_RUB,2026-08-20,9.19611,False,0,0,False,False,False,349.95391196791735,6.894207788780804,5,False
TJS_RUB,2026-08-21,9.00931,False,1,0,False,False,False,120.4891008250919,-90.73793833378518,0,True
TJS_RUB,2026-08-24,8.97026,True,0,1,True,False,True,0.0,-11.879173434436563,0,False
UZS_RUB,2025-01-01,0.00786965,False,0,0,True,False,False,0.0,-9.634522941587287,0,False
UZS_RUB,2025-01-02,0.00786965,False,0,0,True,False,False,0.0,2.998891185515218,2,False
UZS_RUB,2025-01-03,0.00786965,False,0,0,True,False,False,0.0,-0.014846488352926457,3,False
UZS_RUB,2025-01-06,0.00786965,False,0,0,True,False,False,0.0,-4.196635322242015,1,False
UZS_RUB,2025-01-07,0.00786965,False,0,0,True,False,False,0.0,-0.47922670637934317,3,False
UZS_RUB,2025-01-08,0.00786965,True,0,0,True,False,False,0.0,-0.5862093050279515,2,False
UZS_RUB,2025-01-09,0.00786965,True,0,0,True,False,False,0.0,-5.770604970496418,0,False
UZS_RUB,2025-01-10,0.00789102,True,0,0,True,False,False,27.154956065389424,3.3494858676115236,4,False
UZS_RUB,2025-01-13,0.00787567,False,0,0,True,False,False,7.6496413436411,-0.5286754464313148,3,False
UZS_RUB,2025-01-14,0.00792684,False,0,0,True,False,False,72.671592764606,4.1778888901440325,5,False
UZS_RUB,2025-01-15,0.00797389,False,0,0,False,False,False,132.45824147198437,-6.426369723992131,0,True
UZS_RUB,2025-01-16,0.00792597,False,0,0,True,False,False,71.56607981295026,-36.46470073137475,0,False
UZS_RUB,2025-01-17,0.00789817,False,0,0,True,False,False,36.24049354164383,-25.748029321481347,0,False
UZS_RUB,2025-01-20,0.00790518,False,0,0,True,False,False,37.46982796384302,-24.002236662993063,0,False
UZS_RUB,2025-01-21,0.00786287,False,0,0,True,False,False,0.0,-47.01009335509099,0,False
UZS_RUB,2025-01-22,0.00770154,False,0,1,False,False,True,0.0,-42.3669543754046,0,False
UZS_RUB,2025-01-23,0.00756909,False,0,1,False,False,True,0.0,-26.86985960023147,0,False
UZS_RUB,2025-01-24,0.00762878,False,0,1,False,False,True,78.86020644489733,61.19187700008056,5,False
UZS_RUB,2025-01-27,0.00757089,False,0,1,True,False,True,2.3780930072181405,-20.812105682273874,0,False
UZS_RUB,2025-01-28,0.00748952,True,0,1,False,False,True,0.0,-36.6725432580417,0,False
UZS_RUB,2025-01-29,0.00755718,False,0,1,False,False,True,90.3395678227703,-5.24093700856243,2,False
UZS_RUB,2025-01-30,0.00755397,False,0,1,False,False,True,86.05357886753762,-22.77992285612984,0,False
UZS_RUB,2025-01-31,0.00755734,False,0,1,True,False,True,90.55319967100628,-28.224737839029455,0,False
UZS_RUB,2025-02-03,0.00754886,False,0,1,True,False,True,79.23071171450191,-17.952572422874404,0,False
UZS_RUB,2025-02-04,0.00770273,False,0,0,False,False,False,284.6777897648978,-36.103840585852474,1,False
UZS_RUB,2025-02-05,0.00758826,False,0,0,False,False,False,131.83755434260203,-40.121142472107294,0,True
UZS_RUB,2025-02-06,0.00754337,False,0,1,True,False,True,71.90046892190605,-13.315497653999751,0,False
UZS_RUB,2025-02-07,0.00746307,False,0,1,False,False,True,0.0,-10.197898319733945,0,False
UZS_RUB,2025-02-10,0.00750019,False,0,0,False,False,False,49.73824444900021,-22.675256364679484,0,False
UZS_RUB,2025-02-11,0.00746948,False,0,1,False,False,True,8.588958699302651,-22.43681041712109,0,False
UZS_RUB,2025-02-12,0.00738536,False,0,1,False,False,True,0.0,-13.387840568579225,0,False
UZS_RUB,2025-02-13,0.00724565,False,0,1,False,False,True,0.0,-1.8354175782009374,1,False
UZS_RUB,2025-02-14,0.0070083,False,0,1,False,False,True,0.0,36.933538477698754,5,False
UZS_RUB,2025-02-17,0.00694481,False,0,1,True,False,True,0.0,38.09842924885975,5,False
UZS_RUB,2025-02-18,0.00703715,False,0,1,False,True,True,132.96260084869172,60.86808157164692,5,True
UZS_RUB,2025-02-19,0.00703629,False,0,1,False,False,True,131.7242660346363,1.8147086416913094,4,True
UZS_RUB,2025-02-20,0.00697189,False,0,1,False,False,True,38.993147400721014,-9.79278071984413,0,False
UZS_RUB,2025-02-21,0.00683476,False,0,1,False,False,True,0.0,6.813720263800337,4,False
UZS_RUB,2025-02-24,0.00681888,False,0,1,False,False,True,0.0,24.720911817524005,5,False
UZS_RUB,2025-02-25,0.00682915,False,0,1,False,False,True,15.06112440752716,5.214722677078676,4,False
UZS_RUB,2025-02-26,0.00671569,True,0,1,False,False,True,0.0,-20.498127418558276,1,False
UZS_RUB,2025-02-27,0.00666903,True,0,1,False,False,True,0.0,2.866102639938583,3,False
UZS_RUB,2025-02-28,0.00680878,False,0,1,False,False,True,209.55071427179118,49.19227732561593,5,False
UZS_RUB,2025-03-03,0.00685364,False,0,0,False,False,False,276.81686842014443,0.5879644160904363,3,False
UZS_RUB,2025-03-04,0.00692391,False,0,0,False,False,False,382.1845155892234,-0.7078528423349884,1,False
UZS_RUB,2025-03-05,0.0069197,False,0,0,False,False,False,375.87175346339706,-24.71315001439467,0,False
UZS_RUB,2025-03-06,0.0069585,False,0,0,False,False,False,434.0511288748128,-7.899990153396931,2,False
UZS_RUB,2025-03-07,0.0069434,False,0,0,False,False,False,411.40915545438975,-31.727634385993355,0,False
UZS_RUB,2025-03-10,0.00689996,False,0,0,False,False,False,133.91532697487608,-9.688288969412095,0,True
UZS_RUB,2025-03-11,0.00684198,False,0,1,False,False,True,0.0,-25.170672315111275,0,False
UZS_RUB,2025-03-12,0.00668981,False,0,1,False,False,True,0.0,-30.298902114703093,0,False
UZS_RUB,2025-03-13,0.00669818,False,0,1,False,False,True,12.511566098289961,15.087478154643728,5,False
UZS_RUB,2025-03-14,0.00670426,False,0,1,True,False,True,21.600015546032747,-2.963420420942331,1,False
UZS_RUB,2025-03-17,0.00661375,False,0,1,True,False,True,0.0,1.5588506050809858,4,False
UZS_RUB,2025-03-18,0.0065085,False,0,1,False,False,True,0.0,-10.289496070294835,1,False
UZS_RUB,2025-03-19,0.00629679,True,0,1,False,False,True,0.0,20.67217567417656,3,False
UZS_RUB,2025-03-20,0.00640467,False,1,1,False,True,True,171.32538960327403,140.77226456590265,5,True
UZS_RUB,2025-03-21,0.00652887,False,0,1,False,False,True,368.56874693296015,98.16500510691694,5,False
UZS_RUB,2025-03-24,0.00654778,False,0,0,False,False,False,398.5999215473268,8.773273270035187,5,False
UZS_RUB,2025-03-25,0.00648145,False,0,1,False,False,True,293.2605343357486,9.428616138540402,3,False
UZS_RUB,2025-03-26,0.00650286,False,0,1,False,False,True,327.2619858689896,46.729314027440964,5,False
UZS_RUB,2025-03-27,0.00651281,False,0,0,False,False,False,343.0636880061111,-0.503052935292958,3,False
UZS_RUB,2025-03-28,0.00649419,False,0,1,False,False,True,313.4930655143342,-11.921865129968621,0,False
UZS_RUB,2025-03-31,0.0064803,True,0,1,False,False,True,0.0,-4.401361916720914,2,False
UZS_RUB,2025-04-01,0.00662085,False,0,0,False,False,False,216.88810703208273,29.797293004692357,5,False
UZS_RUB,2025-04-02,0.00656023,False,0,0,False,False,False,123.34305510547372,-49.44343988895206,0,True
UZS_RUB,2025-04-03,0.00654166,True,0,0,False,False,False,94.68697436847195,-20.52737708196495,0,False
UZS_RUB,2025-04-04,0.00653372,True,0,1,False,False,True,82.43445519497516,-3.090900887683379,0,False
UZS_RUB,2025-04-07,0.0065228,False,0,1,True,False,True,65.58338348533255,3.938617842344616,5,False
UZS_RUB,2025-04-08,0.00665697,False,0,0,False,False,False,272.62626730244045,28.639158466945428,5,False
UZS_RUB,2025-04-09,0.00659121,False,0,0,False,False,False,171.14948382019435,-26.418915587397066,0,True
UZS_RUB,2025-04-10,0.00664273,False,0,0,False,False,False,250.6519759887671,10.577626336746082,5,False
UZS_RUB,2025-04-11,0.00655314,False,0,0,True,False,False,46.51376709388533,-9.711095826514747,0,False
UZS_RUB,2025-04-14,0.0064776,False,0,0,True,False,False,0.0,13.404024294000559,5,False
UZS_RUB,2025-04-15,0.00637635,False,0,1,True,False,True,0.0,9.954673338857134,5,False
UZS_RUB,2025-04-16,0.00634565,False,0,1,True,False,True,0.0,46.706501921896844,5,False
UZS_RUB,2025-04-17,0.00636237,False,0,1,True,False,True,26.348758598409017,24.566678135807596,5,False
UZS_RUB,2025-04-18,0.00631186,False,0,1,False,False,True,0.0,7.255876104680148,4,False
UZS_RUB,2025-04-21,0.00625844,True,0,1,True,False,True,0.0,10.569305268409046,5,False
UZS_RUB,2025-04-22,0.00624196,True,0,1,True,False,True,0.0,1.1649578207193478,3,False
UZS_RUB,2025-04-23,0.00631017,False,1,0,False,True,False,109.27657338400066,43.88574011454249,5,True
UZS_RUB,2025-04-24,0.00639521,False,0,0,False,False,False,245.51583156572576,18.025487439773613,5,False
UZS_RUB,2025-04-25,0.00642771,False,0,0,False,False,False,297.5828105274614,-12.974279044813295,1,False
UZS_RUB,2025-04-28,0.00639389,False,0,0,False,False,False,243.4011111894341,-3.20056395920032,1,False
UZS_RUB,2025-04-29,0.00637075,False,0,0,False,False,False,206.32942216867622,-15.771743318739428,1,False
UZS_RUB,2025-04-30,0.00629912,True,0,1,True,False,True,91.57380053701036,-25.17642438102108,0,False
UZS_RUB,2025-05-01,0.00630111,True,0,1,True,False,True,94.76190171036069,22.148204396809312,5,False
UZS_RUB,2025-05-02,0.00630111,True,0,1,True,False,True,94.76190171036069,4.700806506519494,2,False
UZS_RUB,2025-05-05,0.00630111,False,0,1,True,False,True,3.159171439821584,-4.082974333177614,1,False
UZS_RUB,2025-05-06,0.00634249,False,0,0,True,False,False,68.85088710804067,22.73637487356117,5,False
UZS_RUB,2025-05-07,0.00625787,False,0,1,True,False,True,0.0,-5.675036536793245,1,False
UZS_RUB,2025-05-08,0.00625622,False,0,1,True,False,True,0.0,21.47746347891699,5,False
UZS_RUB,2025-05-09,0.00625622,False,0,1,True,False,True,0.0,12.32012755123657,5,False
UZS_RUB,2025-05-12,0.00625622,False,0,0,True,False,False,0.0,-7.7572365697442525,1,False
UZS_RUB,2025-05-13,0.00627998,False,0,0,True,False,False,37.978204091289044,11.216422287206651,4,False
UZS_RUB,2025-05-14,0.00624634,False,0,1,True,False,True,0.0,5.124224487390361,4,False
UZS_RUB,2025-05-15,0.00620193,True,0,1,True,False,True,0.0,0.7369717093848038,3,False
UZS_RUB,2025-05-16,0.0061874,True,0,1,True,False,True,0.0,9.201597962424255,4,False
UZS_RUB,2025-05-19,0.0062296,False,0,0,True,False,False,68.20312247470595,7.434514190567176,4,False
UZS_RUB,2025-05-20,0.00622537,False,0,1,True,False,True,61.366648349872044,4.32715540124029,4,False
UZS_RUB,2025-05-21,0.00624565,False,0,0,True,False,False,94.14293564340426,29.94442478904391,5,False
UZS_RUB,2025-05-22,0.0061858,False,0,1,True,False,True,0.0,23.603640447829925,4,False
UZS_RUB,2025-05-23,0.00616294,True,0,1,True,False,True,0.0,36.68652277790229,5,False
UZS_RUB,2025-05-26,0.00617697,False,0,1,True,False,True,22.765108860380856,17.843976015864182,5,False
UZS_RUB,2025-05-27,0.0061675,False,0,1,True,False,True,7.399066030173707,15.235486714811675,5,False
UZS_RUB,2025-05-28,0.00615286,True,0,1,True,False,True,0.0,10.345258146348788,5,False
UZS_RUB,2025-05-29,0.0061771,False,0,0,True,False,False,39.39631325919901,20.90214511559374,5,False
UZS_RUB,2025-05-30,0.0061177,True,0,1,True,False,True,0.0,14.300785383565493,4,False
UZS_RUB,2025-06-02,0.00615723,True,0,0,True,False,False,64.61578697876558,19.402351728943668,5,False
UZS_RUB,2025-06-03,0.00618654,False,0,0,False,False,False,112.52594929466841,18.69596513300742,4,True
UZS_RUB,2025-06-04,0.00614393,True,0,1,True,False,True,42.875590499695804,20.64227134871377,5,False
UZS_RUB,2025-06-05,0.00610565,True,0,1,True,False,True,0.0,33.95439260308386,5,False
UZS_RUB,2025-06-06,0.00616649,True,0,0,True,False,False,99.64541039856556,16.573807654657323,4,False
UZS_RUB,2025-06-09,0.00616985,False,0,0,False,False,False,105.14850998665226,7.907237411650669,4,True
UZS_RUB,2025-06-10,0.00619481,False,0,0,False,False,False,146.02867835529443,15.519980156501356,4,True
UZS_RUB,2025-06-11,0.00618313,False,0,0,False,False,False,126.89885597766181,5.806245297129919,4,True
UZS_RUB,2025-06-12,0.00623327,False,0,0,False,False,False,209.01951471178347,5.686455509080979,4,False
UZS_RUB,2025-06-13,0.00623327,False,0,0,False,False,False,209.01951471178347,-0.7823178423023152,2,False
UZS_RUB,2025-06-16,0.00623327,False,0,0,False,False,False,108.29499439713564,5.661204955983212,4,True
UZS_RUB,2025-06-17,0.00615246,True,0,1,True,False,True,0.0,24.19513445547494,5,False
UZS_RUB,2025-06-18,0.00619054,True,0,0,True,False,False,61.893941610347,20.971417753656407,5,False
UZS_RUB,2025-06-19,0.00621381,True,0,0,True,False,False,99.71621107654593,11.260319901345461,5,False
UZS_RUB,2025-06-20,0.00621968,False,0,0,False,False,False,109.25711016406493,-5.039055602571008,1,True
UZS_RUB,2025-06-23,0.0062505,False,0,0,False,True,False,159.3508937888255,31.901175389718265,5,True
UZS_RUB,2025-06-24,0.00626492,False,0,0,False,True,False,182.78867314862612,28.391462884862495,5,True
UZS_RUB,2025-06-25,0.00631611,False,0,0,False,False,False,265.99116450980455,25.61774885756707,5,False
UZS_RUB,2025-06-26,0.00627764,False,0,0,False,False,False,203.46333011510785,4.80846363091314,4,False
UZS_RUB,2025-06-27,0.00624107,False,0,0,False,False,False,144.0236913364723,0.9793841424952099,2,True
UZS_RUB,2025-06-30,0.00623438,False,0,1,True,False,True,23.634656445348234,3.608912383942009,3,False
UZS_RUB,2025-07-01,0.00620575,True,0,1,True,False,True,0.0,10.91230426111034,5,False
UZS_RUB,2025-07-02,0.0061771,True,0,1,True,False,True,0.0,15.600612731270227,5,False
UZS_RUB,2025-07-03,0.0062049,True,0,1,True,False,True,45.00493759207469,24.405782085457513,5,False
UZS_RUB,2025-07-04,0.00625674,False,0,0,False,True,False,128.92781402276344,26.307465644206825,5,True
UZS_RUB,2025-07-07,0.00627792,False,0,0,False,False,False,163.21574849039288,16.875471939238107,5,True
UZS_RUB,2025-07-08,0.00624416,False,0,0,False,False,False,108.5622703210265,-2.834238111973697,1,True
UZS_RUB,2025-07-09,0.00616627,False,0,1,True,False,True,0.0,21.23310851732807,5,False
UZS_RUB,2025-07-10,0.00614948,True,0,1,True,False,True,0.0,42.996556843307495,5,False
UZS_RUB,2025-07-11,0.00615672,True,0,1,True,False,True,11.773353194091118,44.158583428015596,5,False
UZS_RUB,2025-07-14,0.00616459,False,0,1,True,False,True,24.571183254520346,17.638729450063728,5,False
UZS_RUB,2025-07-15,0.00621259,False,0,0,False,True,False,102.62656354683708,33.95988646540404,5,True
UZS_RUB,2025-07-16,0.00613887,True,0,1,True,False,True,0.0,13.310698746554994,4,False
UZS_RUB,2025-07-17,0.00610094,True,0,1,True,False,True,0.0,26.45625749566749,5,False
UZS_RUB,2025-07-18,0.00612819,True,0,1,True,False,True,44.6652483059995,26.926654585843313,5,False
UZS_RUB,2025-07-21,0.00618674,False,1,0,False,False,False,140.63406622585984,5.257004410358146,3,True
UZS_RUB,2025-07-22,0.00622723,False,0,0,False,False,False,207.0008883876917,-7.511322462443681,1,False
UZS_RUB,2025-07-23,0.00619575,False,1,0,False,False,False,155.4022822712553,-3.622483000774057,1,True
UZS_RUB,2025-07-24,0.00617503,False,1,0,False,False,False,121.44030264188865,12.494630142231065,5,True
UZS_RUB,2025-07-25,0.00617921,False,1,0,False,True,False,128.29170586827533,28.399450278707498,5,True
UZS_RUB,2025-07-28,0.00628702,False,0,0,False,False,False,259.17930090287643,25.06115996735314,5,False
UZS_RUB,2025-07-29,0.0063249,False,0,0,False,False,False,242.7032743160762,39.114749145692684,5,False
UZS_RUB,2025-07-30,0.00657004,False,0,0,False,False,False,639.6891998905274,105.37881484745125,5,False
UZS_RUB,2025-07-31,0.00654677,False,0,0,False,False,False,602.0051724445063,-5.645690441738793,2,False
UZS_RUB,2025-08-01,0.00637858,False,0,0,False,False,False,329.6340260695097,-21.043412024079892,1,False
UZS_RUB,2025-08-04,0.00632889,False,0,1,False,False,True,242.231612131647,33.16988604856564,5,False
UZS_RUB,2025-08-05,0.00626111,True,0,1,True,False,True,0.0,42.08002973306968,5,False
UZS_RUB,2025-08-06,0.00634238,False,0,1,False,True,True,129.80126527085469,94.99747864398645,5,True
UZS_RUB,2025-08-07,0.00640256,False,0,1,False,False,True,225.91840743893644,51.646567343018646,5,False
UZS_RUB,2025-08-08,0.00634926,False,0,0,False,False,False,140.7897321720908,8.297051336376704,4,True
UZS_RUB,2025-08-11,0.00633485,False,0,0,False,True,False,117.77464379319369,48.32055006657399,5,True
UZS_RUB,2025-08-12,0.00628651,True,0,1,True,False,True,40.56788652491372,33.16502486752171,5,False
UZS_RUB,2025-08-13,0.00634436,False,0,0,False,True,False,132.96364382673343,71.08700306687376,5,True
UZS_RUB,2025-08-14,0.00636325,False,0,0,False,True,False,163.1340129785297,55.016035584575455,5,True
UZS_RUB,2025-08-15,0.00638237,False,0,0,False,True,False,193.67172913429042,30.516184200549468,5,True
UZS_RUB,2025-08-18,0.00636009,False,1,0,False,False,False,117.04427416801889,24.877913541842656,5,True
UZS_RUB,2025-08-19,0.00640975,False,1,0,False,True,False,196.03881963124127,57.99582560723904,5,True
UZS_RUB,2025-08-20,0.00642917,False,0,0,False,False,False,226.93036358806262,48.30389592791651,5,False
UZS_RUB,2025-08-21,0.00639561,False,1,0,False,True,False,173.54621244537904,31.883365524408624,5,True
UZS_RUB,2025-08-22,0.00643767,False,0,0,False,False,False,240.45137922312998,59.122444200025996,5,False
UZS_RUB,2025-08-25,0.00650485,False,0,0,False,False,False,227.60684204154558,38.18338248684139,5,False
UZS_RUB,2025-08-26,0.00652939,False,0,0,False,False,False,266.19120169683265,69.40694726409014,5,False
UZS_RUB,2025-08-27,0.00654381,False,0,0,False,False,False,288.86383683249807,40.82228144438993,5,False
UZS_RUB,2025-08-28,0.00651108,False,0,0,False,False,False,237.40230091083615,44.23804341458926,5,False
UZS_RUB,2025-08-29,0.00646837,False,0,0,False,True,False,113.76553604738326,79.11224561892593,5,True
UZS_RUB,2025-09-01,0.0064356,True,0,1,True,False,True,0.0,10.892372149797103,4,False
UZS_RUB,2025-09-02,0.00644317,True,0,1,True,False,True,11.76269500901217,34.61036385036831,5,False
UZS_RUB,2025-09-03,0.00646791,True,0,1,True,False,True,50.20510908073872,48.01190062502591,5,False
UZS_RUB,2025-09-04,0.00650805,False,1,0,False,True,False,112.57691590527585,36.41091587824441,5,True
UZS_RUB,2025-09-05,0.00656975,False,0,0,False,False,False,208.44987258375357,61.88902609415159,5,False
UZS_RUB,2025-09-08,0.00655742,False,1,0,False,True,False,189.29081981478024,29.689759111205753,5,True
UZS_RUB,2025-09-09,0.00657624,False,0,0,False,False,False,218.53440238672306,46.56806514576273,5,False
UZS_RUB,2025-09-10,0.00669184,False,0,0,False,False,False,398.1602337000445,70.91764058894957,5,False
UZS_RUB,2025-09-11,0.00687334,False,0,0,False,False,False,680.1852197153346,142.58702546656775,5,False
UZS_RUB,2025-09-12,0.00693032,False,0,0,False,False,False,756.0719335358224,67.00921007773796,5,False
UZS_RUB,2025-09-15,0.00677894,False,0,0,False,False,False,337.8157873065946,59.54376084482239,5,False
UZS_RUB,2025-09-16,0.00668487,False,1,0,False,False,False,194.35997694215112,15.827766457700232,3,True
UZS_RUB,2025-09-17,0.00671029,False,0,0,False,False,False,233.12522302978866,90.63552678586362,5,False
UZS_RUB,2025-09-18,0.00675601,False,0,1,False,False,True,302.8477663471318,62.47599188843101,5,False
UZS_RUB,2025-09-19,0.00678723,False,0,1,False,False,True,320.8368307725995,50.144648954607355,5,False
UZS_RUB,2025-09-22,0.00678785,False,0,0,False,True,False,154.0493682001287,38.588120823772606,5,True
UZS_RUB,2025-09-23,0.0068032,False,0,0,False,True,False,177.01166963605797,45.80447760429029,5,True
UZS_RUB,2025-09-24,0.00680017,False,0,0,False,True,False,172.47904596499274,45.934914189259324,5,True
UZS_RUB,2025-09-25,0.00690093,False,0,0,False,False,False,323.20748197048,68.04949889786106,5,False
UZS_RUB,2025-09-26,0.00684232,False,0,0,False,False,False,235.53188020110971,15.106324069127595,3,False
UZS_RUB,2025-09-29,0.00685359,False,0,0,True,False,False,97.77184506786884,36.84851637624975,5,False
UZS_RUB,2025-09-30,0.00682674,False,0,0,True,False,False,57.29354655745311,37.13459776616323,5,False
UZS_RUB,2025-10-01,0.00684538,False,0,0,True,False,False,84.75437730651069,38.929561744273755,5,False
UZS_RUB,2025-10-02,0.00675326,True,0,1,True,False,True,0.0,19.43027019113863,3,False
UZS_RUB,2025-10-03,0.00670373,True,0,1,True,False,True,0.0,51.620774668834635,5,False
UZS_RUB,2025-10-06,0.0067685,False,0,1,True,False,True,96.61785304599047,47.778580771191685,5,False
UZS_RUB,2025-10-07,0.00688198,False,0,0,False,False,False,265.89674703485946,61.32448410096058,5,False
UZS_RUB,2025-10-08,0.0068149,False,0,0,False,True,False,165.83305115212,36.97007690291709,4,True
UZS_RUB,2025-10-09,0.00677382,False,0,0,False,True,False,104.55373351850427,51.45420045885673,5,True
UZS_RUB,2025-10-10,0.00674371,False,0,1,True,False,True,59.63844009230668,36.1563478874154,5,False
UZS_RUB,2025-10-13,0.00669696,False,0,1,True,False,True,0.0,51.217004201098426,5,False
UZS_RUB,2025-10-14,0.0066597,False,0,1,True,False,True,0.0,23.973511330656727,5,False
UZS_RUB,2025-10-15,0.00658122,False,0,1,True,False,True,0.0,85.938109689216,5,False
UZS_RUB,2025-10-16,0.00647011,True,0,1,True,False,True,0.0,59.97167336563946,4,False
UZS_RUB,2025-10-17,0.00646445,True,0,1,True,False,True,0.0,58.199237732123876,5,False
UZS_RUB,2025-10-20,0.00665928,False,0,0,False,False,False,301.38681558369296,79.24418588043336,5,False
UZS_RUB,2025-10-21,0.00671924,False,0,0,False,False,False,394.14025941882034,82.62027083034518,5,False
UZS_RUB,2025-10-22,0.00674515,False,0,0,False,False,False,434.22100874784377,79.71727985816557,5,False
UZS_RUB,2025-10-23,0.00679833,False,0,0,False,False,False,516.4863213421089,94.82267471996674,5,False
UZS_RUB,2025-10-24,0.00671573,False,0,0,False,False,False,388.7105631569576,82.14706340399536,5,False
UZS_RUB,2025-10-27,0.00667566,False,0,0,False,False,False,326.72539813905166,71.12864826985277,5,False
UZS_RUB,2025-10-28,0.00651832,True,0,1,True,False,True,0.0,126.56105847923405,5,False
UZS_RUB,2025-10-29,0.00662195,False,1,1,False,True,True,158.98268265442493,136.84023458938154,5,True
UZS_RUB,2025-10-30,0.00662016,False,1,1,False,True,True,156.23657629573185,66.81898806700781,5,True
UZS_RUB,2025-10-31,0.00671394,False,0,0,False,False,False,300.1080032891901,54.82023700896387,5,False
UZS_RUB,2025-11-03,0.00672637,False,0,0,False,False,False,319.17733403699077,9.75052908872831,5,False
UZS_RUB,2025-11-04,0.00672637,False,0,0,False,False,False,319.17733403699077,0.7035173501608316,3,False
UZS_RUB,2025-11-05,0.00672637,False,0,0,False,False,False,319.17733403699077,-0.4195189090259177,1,False
UZS_RUB,2025-11-06,0.00679366,False,0,0,False,False,False,422.40945519704366,2.172582391999578,3,False
UZS_RUB,2025-11-07,0.00679799,False,0,0,False,False,False,429.052271137349,-4.192714270131015,0,False
UZS_RUB,2025-11-10,0.0067559,True,0,0,True,False,False,62.49683494341518,25.480115564886052,5,False
UZS_RUB,2025-11-11,0.00671736,True,0,0,True,False,False,0.0,24.423441688411263,5,False
UZS_RUB,2025-11-12,0.00677125,False,0,0,True,False,False,80.22496933319134,22.97256515323998,5,False
UZS_RUB,2025-11-13,0.00677942,False,0,0,True,False,False,92.38748555980392,12.942374915422937,5,False
UZS_RUB,2025-11-14,0.00673226,False,0,0,True,False,False,22.181333142783366,26.236728593340693,5,False
UZS_RUB,2025-11-17,0.00676904,False,0,0,True,False,False,76.93498636369034,1.6344396815672901,4,False
UZS_RUB,2025-11-18,0.00673861,False,0,0,True,False,False,31.63445162980727,-1.8002732267556887,2,False
UZS_RUB,2025-11-19,0.00674898,False,0,0,True,False,False,47.07206402515318,21.239302258040382,5,False
UZS_RUB,2025-11-20,0.0067789,False,0,0,True,False,False,91.61337191992081,5.675050613670685,5,False
UZS_RUB,2025-11-21,0.00677798,False,0,0,True,False,False,90.24378624935991,4.141624546663891,5,False
UZS_RUB,2025-11-24,0.00663255,False,0,1,True,False,True,0.0,62.15355712440339,5,False
UZS_RUB,2025-11-25,0.0065924,False,0,1,True,False,True,0.0,59.21238774191772,5,False
UZS_RUB,2025-11-26,0.00658654,False,0,1,True,False,True,0.0,47.06063454403253,5,False
UZS_RUB,2025-11-27,0.00658414,False,0,1,True,False,True,0.0,22.320016006561527,5,False
UZS_RUB,2025-11-28,0.00658584,False,0,1,True,False,True,2.5819621089473443,11.317478677597581,5,False
UZS_RUB,2025-12-01,0.00657254,False,0,1,True,False,True,0.0,16.803255477719766,5,False
UZS_RUB,2025-12-02,0.00650725,False,0,1,True,False,True,0.0,19.838850040854172,5,False
UZS_RUB,2025-12-03,0.00651193,False,0,1,True,False,True,7.1919781781848435,11.239496756926481,5,False
UZS_RUB,2025-12-04,0.00656141,False,0,1,True,False,True,83.23024319028872,2.0241389516544306,4,False
UZS_RUB,2025-12-05,0.00646141,False,0,1,True,False,True,0.0,17.201552050055913,5,False
UZS_RUB,2025-12-08,0.00636063,True,0,1,True,False,True,0.0,24.173102411298327,5,False
UZS_RUB,2025-12-09,0.00645923,False,1,1,False,True,True,155.01609117335892,36.33917263061992,5,True
UZS_RUB,2025-12-10,0.00640599,True,0,1,True,False,True,71.31369062498561,-4.072597581638915,0,False
UZS_RUB,2025-12-11,0.00648993,False,0,1,False,False,True,203.28175039264983,-4.828544670219426,2,False
UZS_RUB,2025-12-12,0.00660015,False,0,0,False,False,False,376.5664721890749,-43.994678085206296,1,False
UZS_RUB,2025-12-15,0.00661796,False,0,0,False,False,False,404.5668432215055,-18.63633268899689,1,False
UZS_RUB,2025-12-16,0.0065672,False,0,0,False,False,False,324.76342752211673,-29.701586862198816,0,False
UZS_RUB,2025-12-17,0.00656146,False,0,0,False,False,False,315.73916420228886,-12.346828640778407,0,False
UZS_RUB,2025-12-18,0.00666519,False,0,0,False,False,False,478.8204941963281,-25.99701735156534,1,False
UZS_RUB,2025-12-19,0.00665719,False,0,0,False,False,False,392.13298803151497,-28.21550329380607,0,False
UZS_RUB,2025-12-22,0.006729,False,0,0,False,False,False,255.33951285232172,-35.14228395587282,0,False
UZS_RUB,2025-12-23,0.00661168,False,0,0,True,False,False,76.53784371161265,-27.5331587890304,0,False
UZS_RUB,2025-12-24,0.00652032,False,0,0,True,False,False,0.0,28.453665133895356,5,False
UZS_RUB,2025-12-25,0.00649978,True,0,1,True,False,True,0.0,39.621332444076614,5,False
UZS_RUB,2025-12-26,0.0064482,True,0,1,True,False,True,0.0,61.494660373434314,5,False
UZS_RUB,2025-12-29,0.00644358,True,0,1,True,False,True,0.0,3.3830686743163696,5,False
UZS_RUB,2025-12-30,0.00644029,True,0,1,True,False,True,0.0,2.632268065457133,5,False
UZS_RUB,2025-12-31,0.0065165,False,0,0,False,False,False,118.33318064869536,1.8863750512061457,2,True
UZS_RUB,2026-01-01,0.0065165,False,0,0,False,False,False,118.33318064869536,-36.66107560177267,0,True
UZS_RUB,2026-01-02,0.0065165,False,0,0,False,False,False,118.33318064869536,-27.45003594337203,0,True
UZS_RUB,2026-01-05,0.0065165,False,0,0,False,False,False,118.33318064869536,-13.171423837995855,0,True
UZS_RUB,2026-01-06,0.0065165,False,0,0,False,False,False,118.33318064869536,-1.920521199853864,1,True
UZS_RUB,2026-01-07,0.0065165,False,0,0,False,False,False,118.33318064869536,-6.366830816804558,1,True
UZS_RUB,2026-01-08,0.0065165,False,0,0,False,False,False,118.33318064869536,-6.0739926436463865,0,True
UZS_RUB,2026-01-09,0.0065165,False,0,0,False,False,False,118.33318064869536,-1.6291122027476401,3,True
UZS_RUB,2026-01-12,0.0065165,False,0,0,True,False,False,0.0,5.062432992690269,5,False
UZS_RUB,2026-01-13,0.00651212,False,0,0,True,False,False,0.0,2.274337478237465,4,False
UZS_RUB,2026-01-14,0.00654486,False,0,0,True,False,False,50.27548632396295,-4.36060992195353,3,False
UZS_RUB,2026-01-15,0.00654666,False,0,0,True,False,False,53.0395631530145,-15.594950047010723,1,False
UZS_RUB,2026-01-16,0.00656059,False,0,0,True,False,False,74.4304466133916,-14.691673791835893,0,False
UZS_RUB,2026-01-19,0.00650628,False,0,0,True,False,False,0.0,1.393123813759889,3,False
UZS_RUB,2026-01-20,0.00645208,False,0,0,True,False,False,0.0,4.215802240708388,5,False
UZS_RUB,2026-01-21,0.00644602,False,0,1,True,False,True,0.0,13.423121975509655,5,False
UZS_RUB,2026-01-22,0.00639461,False,0,1,True,False,True,0.0,6.737673886311856,5,False
UZS_RUB,2026-01-23,0.00626503,False,0,1,True,False,True,0.0,36.29548177739839,5,False
UZS_RUB,2026-01-26,0.00628257,False,0,1,True,False,True,27.99667359932867,21.70224813620525,5,False
UZS_RUB,2026-01-27,0.0062828,False,0,1,True,False,True,28.363790755989715,18.197267805512674,5,False
UZS_RUB,2026-01-28,0.00631199,False,0,1,True,False,True,74.955746421006,23.40607428663688,5,False
UZS_RUB,2026-01-29,0.00626726,False,0,1,True,False,True,3.5594402580674256,10.941830069667756,4,False
UZS_RUB,2026-01-30,0.00623203,True,0,1,True,False,True,0.0,25.871186547596903,5,False
UZS_RUB,2026-02-02,0.00619482,True,0,1,True,False,True,0.0,10.472269468049689,5,False
UZS_RUB,2026-02-03,0.00629156,False,0,0,False,True,False,156.162729506264,31.35897410124455,5,True
UZS_RUB,2026-02-04,0.00627992,False,0,0,False,False,False,137.3728373060068,-19.123433162427933,0,True
UZS_RUB,2026-02-05,0.00627031,False,0,0,False,False,False,121.85987647744368,-8.732457410391303,0,True
UZS_RUB,2026-02-06,0.00623416,True,0,1,True,False,True,63.504670030767315,0.6881966917884341,3,False
UZS_RUB,2026-02-09,0.00626294,False,0,0,False,False,False,109.9628399210939,-13.826204495072991,0,True
UZS_RUB,2026-02-10,0.0063026,False,0,0,False,False,False,173.9840705621787,-13.765652716582144,0,True
UZS_RUB,2026-02-11,0.00627207,False,0,0,False,False,False,124.70095983418305,-22.031178637797797,0,True
UZS_RUB,2026-02-12,0.00630446,False,0,0,False,False,False,176.98657910964144,-10.298724376035517,0,True
UZS_RUB,2026-02-13,0.00628793,True,0,0,True,False,False,86.25059350417574,-13.95522342275135,0,False
UZS_RUB,2026-02-16,0.00631655,False,0,0,False,False,False,132.15894362672788,-8.067149724399147,0,True
UZS_RUB,2026-02-17,0.00628482,True,0,0,True,False,False,34.93566919050784,-11.887617788372218,0,False
UZS_RUB,2026-02-18,0.00632228,True,0,0,True,False,False,94.7478340843122,0.09389555060557164,3,False
UZS_RUB,2026-02-19,0.00627674,True,0,0,True,False,False,22.03438001960878,-10.267312843486033,0,False
UZS_RUB,2026-02-20,0.0062978,True,0,0,True,False,False,41.02313909124078,-2.6431578646284315,2,False
UZS_RUB,2026-02-23,0.00628455,True,0,0,True,False,False,12.44276487475826,-5.293254880140541,0,False
UZS_RUB,2026-02-24,0.00628455,True,0,0,True,False,False,12.44276487475826,-7.319045047295303,0,False
UZS_RUB,2026-02-25,0.00628784,True,0,0,True,False,False,17.68433932264113,-4.719814404649636,0,False
UZS_RUB,2026-02-26,0.00630034,True,0,0,True,False,False,37.599135857147026,-8.944446964941344,0,False
UZS_RUB,2026-02-27,0.0063545,False,0,0,False,False,False,123.8859662818581,-21.623509837618737,0,True
UZS_RUB,2026-03-02,0.00634838,False,1,0,False,False,False,101.56654016596266,-23.679557885081913,0,True
UZS_RUB,2026-03-03,0.00633058,True,0,0,True,False,False,73.24311207644207,-13.992709361637434,0,False
UZS_RUB,2026-03-04,0.00635628,False,1,0,False,False,False,114.13705038546995,-17.008754276489622,0,True
UZS_RUB,2026-03-05,0.00638769,False,1,0,False,False,False,164.11676253669683,-26.612670248610915,0,True
UZS_RUB,2026-03-06,0.0064219,False,0,0,False,False,False,218.5518453986379,-18.980480741787932,0,False
UZS_RUB,2026-03-09,0.00649236,False,0,0,False,False,False,255.55320365590495,-18.025326239230477,0,False
UZS_RUB,2026-03-10,0.00649236,False,0,0,False,False,False,255.55320365590495,-12.862740039784494,0,False
UZS_RUB,2026-03-11,0.00647629,False,0,0,False,False,False,230.1684837724194,-23.13769532276688,0,False
UZS_RUB,2026-03-12,0.00651529,False,0,0,False,False,False,291.7742134212031,-16.870795018639082,0,False
UZS_RUB,2026-03-13,0.00653318,False,0,0,False,False,False,320.0338673549674,-16.259006807998855,0,False
UZS_RUB,2026-03-16,0.00664028,False,0,0,False,False,False,340.0551238729976,-28.269299733339135,0,False
UZS_RUB,2026-03-17,0.00670335,False,0,0,False,False,False,350.60196501392136,-36.33240462585485,0,False
UZS_RUB,2026-03-18,0.00675326,False,0,0,False,False,False,427.6676924597256,-34.95160613320603,0,False
UZS_RUB,2026-03-19,0.00682543,False,0,0,False,False,False,539.1049505195111,-31.085872554156957,0,False
UZS_RUB,2026-03-20,0.00695845,False,0,0,False,False,False,744.5003234876757,-35.55646797142975,1,False
UZS_RUB,2026-03-23,0.00688958,False,0,0,False,False,False,545.5230071726169,-24.191254929308624,0,False
UZS_RUB,2026-03-24,0.00671554,False,0,0,False,False,False,113.3385941556675,-65.12280771398338,0,True
UZS_RUB,2026-03-25,0.00663827,False,0,1,False,False,True,0.0,-21.223888409112043,0,False
UZS_RUB,2026-03-26,0.00663176,False,0,1,False,False,True,0.0,-13.683689134993847,1,False
UZS_RUB,2026-03-27,0.00674321,False,0,1,False,False,True,168.0549356430272,-22.831546524350042,1,True
UZS_RUB,2026-03-30,0.00665363,False,0,1,True,False,True,32.977671085805405,9.284472087586426,5,False
UZS_RUB,2026-03-31,0.00665772,False,0,0,True,False,False,39.14496302640514,3.691711362568295,4,False
UZS_RUB,2026-04-01,0.00666303,False,0,0,True,False,False,47.15188728180664,6.310844865516252,5,False
UZS_RUB,2026-04-02,0.00666303,False,0,0,True,False,False,47.15188728180664,4.779893307476968,4,False
UZS_RUB,2026-04-03,0.00661187,False,0,1,True,False,True,0.0,2.5354757640809744,4,False
UZS_RUB,2026-04-06,0.00655094,False,0,1,True,False,True,0.0,21.078613856092332,5,False
UZS_RUB,2026-04-07,0.00646616,False,0,1,True,False,True,0.0,10.712057982940504,5,False
UZS_RUB,2026-04-08,0.00645061,False,0,1,True,False,True,0.0,12.53102743893697,5,False
UZS_RUB,2026-04-09,0.00640338,False,0,1,False,False,True,0.0,8.39111990338992,5,False
UZS_RUB,2026-04-10,0.00638095,False,0,1,True,False,True,0.0,19.205315330396378,5,False
UZS_RUB,2026-04-13,0.0063307,False,0,1,True,False,True,0.0,2.6429200851452173,4,False
UZS_RUB,2026-04-14,0.006288,False,0,1,True,False,True,0.0,-2.0886468523333424,2,False
UZS_RUB,2026-04-15,0.00624749,False,0,1,True,False,True,0.0,-2.036477433382089,3,False
UZS_RUB,2026-04-16,0.00617161,True,0,1,False,False,True,0.0,18.109908414130516,5,False
UZS_RUB,2026-04-17,0.00625439,False,0,1,False,True,True,134.1303160763574,32.11548184232793,5,True
UZS_RUB,2026-04-20,0.00627066,False,0,0,False,False,False,160.49296698916527,-4.511918227813272,0,True
UZS_RUB,2026-04-21,0.00621931,True,0,1,False,False,True,77.28939450159622,6.525127470842219,5,False
UZS_RUB,2026-04-22,0.0061846,True,0,1,False,False,True,21.047992339113808,15.999176880561183,5,False
UZS_RUB,2026-04-23,0.00622791,True,0,1,False,False,True,91.22417003018634,30.262225470393922,5,False
UZS_RUB,2026-04-24,0.00622796,True,0,0,True,False,False,91.30518616698113,17.990088209632212,5,False
UZS_RUB,2026-04-27,0.00628322,False,0,0,False,False,False,159.46059567312432,10.683668076360675,5,True
UZS_RUB,2026-04-28,0.00619633,True,0,1,True,False,True,18.96646509070843,23.557213775403874,5,False
UZS_RUB,2026-04-29,0.00620945,False,0,1,True,False,True,40.18044821006983,26.794215434866153,5,False
UZS_RUB,2026-04-30,0.00625319,False,0,0,False,False,False,110.9045047375723,13.825041320827847,5,True
UZS_RUB,2026-05-01,0.00626603,False,0,0,False,False,False,131.6657504123131,7.2640413554641015,5,True
UZS_RUB,2026-05-04,0.00626603,False,0,0,False,False,False,112.48593925759165,-7.002396667820986,0,True
UZS_RUB,2026-05-05,0.00628996,False,0,0,False,False,False,151.10557378319012,2.5563067767171432,5,True
UZS_RUB,2026-05-06,0.00625932,False,0,0,False,False,False,101.65694854857632,7.4594636422604665,5,True
UZS_RUB,2026-05-07,0.00623015,False,0,0,True,False,False,54.58069534708399,6.933739218568658,5,False
UZS_RUB,2026-05-08,0.0061594,False,0,1,True,False,True,0.0,27.26124131873497,5,False
UZS_RUB,2026-05-11,0.00611898,False,0,1,True,False,True,0.0,16.355432129664838,5,False
UZS_RUB,2026-05-12,0.00611898,False,0,1,True,False,True,0.0,15.420910263578946,5,False
UZS_RUB,2026-05-13,0.00607525,False,0,1,True,False,True,0.0,14.084672089992091,5,False
UZS_RUB,2026-05-14,0.00607467,False,0,1,True,False,True,0.0,8.178229110352486,5,False
UZS_RUB,2026-05-15,0.00610742,False,0,1,True,False,True,53.912393595043625,26.586705545028178,5,False
UZS_RUB,2026-05-18,0.00610092,False,0,0,True,False,False,43.21222387388968,-1.8203372371417004,1,False
UZS_RUB,2026-05-19,0.00601948,False,0,1,True,False,True,0.0,-0.6811228604368669,2,False
UZS_RUB,2026-05-20,0.00591355,True,0,1,True,False,True,0.0,56.88671567977055,5,False
UZS_RUB,2026-05-21,0.00587528,True,0,1,True,False,True,0.0,30.73128671116665,5,False
UZS_RUB,2026-05-22,0.00588877,True,0,1,True,False,True,22.96060783486098,36.50797252777727,5,False
UZS_RUB,2026-05-25,0.00594417,False,0,1,False,False,True,117.25398619299997,14.877957187669821,5,True
UZS_RUB,2026-05-26,0.00596325,False,0,0,False,False,False,149.72903419071093,20.90846008411473,5,True
UZS_RUB,2026-05-27,0.00597137,False,0,0,False,False,False,163.5496521016866,14.470219072109547,4,True
UZS_RUB,2026-05-28,0.00590748,True,0,1,True,False,True,54.80589861249108,-10.73330308640208,0,False
UZS_RUB,2026-05-29,0.00594666,False,1,0,False,False,False,121.49208207949292,15.945594001555822,5,True
UZS_RUB,2026-06-01,0.00591758,True,0,0,True,False,False,48.923629212893616,0.47538457915541343,2,False
UZS_RUB,2026-06-02,0.0059882,False,1,0,False,False,False,136.64032717842557,18.362849229148328,4,True
UZS_RUB,2026-06-03,0.00607976,False,0,0,False,False,False,291.6302721295727,44.371625723844225,5,False
UZS_RUB,2026-06-04,0.00612694,False,0,0,False,False,False,371.49512143926034,38.499961537622255,5,False
UZS_RUB,2026-06-05,0.00619274,False,0,0,False,False,False,482.87933264268503,57.52403849911802,5,False
UZS_RUB,2026-06-08,0.00619274,False,0,0,False,False,False,464.9873765965151,23.605810349950577,4,False
UZS_RUB,2026-06-09,0.00609856,False,0,0,False,False,False,305.83447963525634,4.94062922044991,4,False
UZS_RUB,2026-06-10,0.00596016,True,0,1,True,False,True,71.95508974952469,45.00672136579454,4,False
UZS_RUB,2026-06-11,0.00595562,True,0,1,True,False,True,64.28303461888163,54.5055787733646,5,False
UZS_RUB,2026-06-12,0.00598509,True,0,1,True,False,True,49.48267350838309,48.648613423964534,5,False
UZS_RUB,2026-06-15,0.00598509,True,0,1,True,False,True,49.48267350838309,12.501859161237139,4,False
UZS_RUB,2026-06-16,0.00604777,False,0,0,False,True,False,154.7278033185462,53.78208821839969,5,True
UZS_RUB,2026-06-17,0.0060055,True,0,0,True,False,False,83.75282506271509,11.262522382150086,4,False
UZS_RUB,2026-06-18,0.00603614,False,1,0,False,False,False,135.20002955191845,23.314657749021084,5,True
UZS_RUB,2026-06-19,0.00606998,False,1,0,False,False,False,192.02031022798715,21.877105035128963,5,True
UZS_RUB,2026-06-22,0.00609025,False,1,0,False,False,False,175.70328934067848,9.196404434816507,4,True
UZS_RUB,2026-06-23,0.00615208,False,0,0,False,False,False,279.01000653290043,29.194735268560645,5,False
UZS_RUB,2026-06-24,0.00620952,False,0,0,False,False,False,374.98182984716965,35.33880321331351,5,False
UZS_RUB,2026-06-25,0.00621851,False,0,0,False,False,False,390.00248951978955,31.223151330736606,5,False
UZS_RUB,2026-06-26,0.0062958,False,0,0,False,False,False,483.3902256265077,54.07763251151332,5,False
UZS_RUB,2026-06-29,0.00641679,False,0,0,False,False,False,571.3527886418079,19.324743023495294,5,False
UZS_RUB,2026-06-30,0.00644681,False,0,0,False,False,False,585.4603669800085,17.69965437816623,5,False
UZS_RUB,2026-07-01,0.00651743,False,0,0,False,False,False,701.4161980214272,28.178221280859894,5,False
UZS_RUB,2026-07-02,0.00655804,False,0,0,False,False,False,768.0965477607659,31.49658711117009,5,False
UZS_RUB,2026-07-03,0.00654337,False,0,0,False,False,False,636.0287902628058,-0.3353865568274106,3,False
UZS_RUB,2026-07-06,0.00644956,False,0,0,False,False,False,244.22630960322823,-27.481404077535082,0,False
UZS_RUB,2026-07-07,0.00647477,False,0,0,True,False,False,90.35670483216629,1.1586930569353893,3,False
UZS_RUB,2026-07-08,0.00633257,True,0,1,True,False,True,0.0,-36.5216517418796,0,False
UZS_RUB,2026-07-09,0.00636436,True,0,1,True,False,True,50.20078735805677,-10.464955192807102,1,False
UZS_RUB,2026-07-10,0.00632107,True,0,1,True,False,True,0.0,-20.47565579400179,0,False
UZS_RUB,2026-07-13,0.00634853,True,0,1,True,False,True,43.442012190972875,2.5241283594592545,4,False
UZS_RUB,2026-07-14,0.00633607,True,0,1,True,False,True,23.730159609054446,3.8830272133991706,5,False
UZS_RUB,2026-07-15,0.00642255,False,1,0,False,True,False,160.54243980845095,25.35330802936553,5,True
UZS_RUB,2026-07-16,0.00644858,False,0,0,False,False,False,201.72217678336102,30.6624944324172,5,False
UZS_RUB,2026-07-17,0.00647613,False,0,0,False,False,False,245.30656993198897,29.494205962271813,5,False
UZS_RUB,2026-07-20,0.00651626,False,0,0,False,False,False,308.7926569394117,25.58705525097738,5,False
UZS_RUB,2026-07-21,0.0065481,False,0,0,False,False,False,334.63961098914695,33.148294073665596,5,False
UZS_RUB,2026-07-22,0.00655351,False,0,0,False,False,False,343.17802675791097,29.112499549249993,5,False
UZS_RUB,2026-07-23,0.00651312,False,0,0,False,False,False,279.4318875896251,4.936292296040756,4,False
UZS_RUB,2026-07-24,0.00647876,False,0,0,False,False,False,225.2026887329217,3.2602821280123266,4,False
UZS_RUB,2026-07-27,0.00649224,True,0,0,True,False,False,24.875967591755366,-2.7131290519839535,2,False
UZS_RUB,2026-07-28,0.00650744,True,0,0,True,False,False,44.267730244675896,23.243714216887316,5,False
UZS_RUB,2026-07-29,0.00653077,True,0,0,True,False,False,80.27770746253937,30.22806213515139,5,False
UZS_RUB,2026-07-30,0.00659371,False,1,0,False,True,False,177.4259271835965,61.67832508379379,5,True
UZS_RUB,2026-07-31,0.00665123,False,0,0,False,False,False,266.2083485111344,69.34965257766558,5,False
UZS_RUB,2026-08-03,0.00664402,False,0,0,False,False,False,255.07967574041945,8.93156757833502,5,False
UZS_RUB,2026-08-04,0.00667826,False,0,0,False,False,False,286.5266841644809,25.20752256830905,5,False
UZS_RUB,2026-08-05,0.00679347,False,0,0,False,False,False,463.98469557502597,66.4733390257024,5,False
UZS_RUB,2026-08-06,0.00680838,False,0,0,False,False,False,486.95057484011704,27.54052261722117,5,False
UZS_RUB,2026-08-07,0.006832,False,0,0,False,False,False,498.7521974847264,36.96235328633524,5,False
UZS_RUB,2026-08-10,0.00687465,False,0,0,False,False,False,347.124180842322,-12.202274982028749,1,False
UZS_RUB,2026-08-11,0.00692155,False,0,0,False,False,False,417.71397437093907,4.427740598011543,3,False
UZS_RUB,2026-08-12,0.00690213,False,0,0,False,False,False,388.48468246633905,-18.456160687208232,0,False
UZS_RUB,2026-08-13,0.00698049,False,0,0,False,False,False,506.4253268352603,18.881086277493964,5,False
UZS_RUB,2026-08-14,0.00701387,False,0,0,False,False,False,502.54108106003724,11.471165510137382,5,False
UZS_RUB,2026-08-17,0.00708206,False,0,0,False,False,False,366.01288056206107,15.428601866123604,5,False
UZS_RUB,2026-08-18,0.0071493,False,0,0,False,False,False,399.5112478453433,40.378516115180844,5,False
UZS_RUB,2026-08-19,0.00718242,False,0,0,False,False,False,447.68824594706655,29.768744435597405,5,False
UZS_RUB,2026-08-20,0.0072019,False,0,0,False,False,False,476.024233961001,30.183517847977463,5,False
UZS_RUB,2026-08-21,0.00706705,False,0,0,False,False,False,238.9407327882842,-74.6671848291185,0,False
UZS_RUB,2026-08-24,0.00699924,True,0,1,True,False,True,0.0,-11.16114936292556,1,False
