corridor,date,rate_t,good_day_candidate,window_closing_candidate,positive_market_fact_candidate,suppressed_by_priority,suppressed_by_cooldown,deferred_1d,final_push,final_push_type,final_push_reason
AMD_RUB,2025-01-01,0.256456,True,False,False,False,False,False,True,good_day,GOOD_DAY
AMD_RUB,2025-01-02,0.256456,True,False,False,False,True,False,False,none,COOLDOWN
AMD_RUB,2025-01-03,0.256456,True,False,False,False,True,False,False,none,COOLDOWN
AMD_RUB,2025-01-06,0.256456,True,False,False,False,False,False,True,good_day,GOOD_DAY
AMD_RUB,2025-01-07,0.256456,True,False,False,False,True,False,False,none,COOLDOWN
AMD_RUB,2025-01-08,0.256456,True,False,False,False,True,False,False,none,COOLDOWN
AMD_RUB,2025-01-09,0.256456,True,False,False,False,True,False,False,none,COOLDOWN
AMD_RUB,2025-01-10,0.257758,True,False,False,False,True,False,False,none,COOLDOWN
AMD_RUB,2025-01-13,0.256815,True,False,False,False,False,False,True,good_day,GOOD_DAY
AMD_RUB,2025-01-14,0.258567,True,False,False,False,True,False,False,none,COOLDOWN
AMD_RUB,2025-01-15,0.260038,False,False,False,False,False,False,False,none,NO_CANDIDATE
AMD_RUB,2025-01-16,0.258253,True,False,False,False,True,False,False,none,COOLDOWN
AMD_RUB,2025-01-17,0.257162,True,False,False,False,True,False,False,none,COOLDOWN
AMD_RUB,2025-01-20,0.256715,True,False,True,True,False,False,True,good_day,GOOD_DAY
AMD_RUB,2025-01-21,0.255764,True,False,True,True,True,False,False,none,COOLDOWN
AMD_RUB,2025-01-22,0.250547,True,False,True,True,True,False,False,none,COOLDOWN
AMD_RUB,2025-01-23,0.246477,True,False,True,True,True,False,False,none,COOLDOWN
AMD_RUB,2025-01-24,0.24844,True,False,True,True,True,False,False,none,COOLDOWN
AMD_RUB,2025-01-27,0.246293,True,False,True,True,False,False,True,good_day,GOOD_DAY
AMD_RUB,2025-01-28,0.24383,True,False,True,True,True,False,False,none,COOLDOWN
AMD_RUB,2025-01-29,0.245923,True,False,True,True,True,False,False,none,COOLDOWN
AMD_RUB,2025-01-30,0.246096,True,False,True,True,True,False,False,none,COOLDOWN
AMD_RUB,2025-01-31,0.246296,False,False,False,False,False,False,False,none,NO_CANDIDATE
AMD_RUB,2025-02-03,0.246158,True,False,False,False,False,False,True,good_day,GOOD_DAY
AMD_RUB,2025-02-04,0.251753,False,False,False,False,False,False,False,none,NO_CANDIDATE
AMD_RUB,2025-02-05,0.248377,False,False,False,False,False,False,False,none,NO_CANDIDATE
AMD_RUB,2025-02-06,0.247253,False,False,False,False,False,False,False,none,NO_CANDIDATE
AMD_RUB,2025-02-07,0.244211,True,False,True,True,True,False,False,none,COOLDOWN
AMD_RUB,2025-02-10,0.245176,True,False,False,False,False,False,True,good_day,GOOD_DAY
AMD_RUB,2025-02-11,0.244146,True,False,True,True,True,False,False,none,COOLDOWN
AMD_RUB,2025-02-12,0.241596,True,False,True,True,True,False,False,none,COOLDOWN
AMD_RUB,2025-02-13,0.237161,False,False,True,False,True,False,False,none,COOLDOWN
AMD_RUB,2025-02-14,0.229633,False,False,True,False,True,False,False,none,COOLDOWN
AMD_RUB,2025-02-17,0.227762,True,False,True,True,False,False,True,good_day,GOOD_DAY
AMD_RUB,2025-02-18,0.230669,False,True,True,True,True,False,False,none,COOLDOWN
AMD_RUB,2025-02-19,0.230522,False,False,True,False,True,False,False,none,COOLDOWN
AMD_RUB,2025-02-20,0.228512,True,False,True,True,True,False,False,none,COOLDOWN
AMD_RUB,2025-02-21,0.223901,True,False,True,True,True,False,False,none,COOLDOWN
AMD_RUB,2025-02-24,0.223543,False,False,True,False,False,False,True,positive_market_fact,POSITIVE_MARKET_FACT
AMD_RUB,2025-02-25,0.223931,False,False,True,False,True,False,False,none,COOLDOWN
AMD_RUB,2025-02-26,0.220129,False,False,True,False,True,False,False,none,COOLDOWN
AMD_RUB,2025-02-27,0.218363,False,False,True,False,True,False,False,none,COOLDOWN
AMD_RUB,2025-02-28,0.222999,False,False,True,False,True,False,False,none,COOLDOWN
AMD_RUB,2025-03-03,0.224372,False,False,False,False,False,False,False,none,NO_CANDIDATE
AMD_RUB,2025-03-04,0.2267,False,False,False,False,False,False,False,none,NO_CANDIDATE
AMD_RUB,2025-03-05,0.22659,False,False,False,False,False,False,False,none,NO_CANDIDATE
AMD_RUB,2025-03-06,0.227714,False,False,False,False,False,False,False,none,NO_CANDIDATE
AMD_RUB,2025-03-07,0.227007,False,False,False,False,False,False,False,none,NO_CANDIDATE
AMD_RUB,2025-03-10,0.225901,False,False,False,False,False,False,False,none,NO_CANDIDATE
AMD_RUB,2025-03-11,0.223918,True,False,True,True,False,False,True,good_day,GOOD_DAY
AMD_RUB,2025-03-12,0.219691,True,False,True,True,True,False,False,none,COOLDOWN
AMD_RUB,2025-03-13,0.220173,True,False,True,True,True,False,False,none,COOLDOWN
AMD_RUB,2025-03-14,0.22055,True,False,True,True,True,False,False,none,COOLDOWN
AMD_RUB,2025-03-17,0.218434,True,False,True,True,False,False,True,good_day,GOOD_DAY
AMD_RUB,2025-03-18,0.21488,False,False,True,False,True,False,False,none,COOLDOWN
AMD_RUB,2025-03-19,0.208146,False,False,True,False,True,False,False,none,COOLDOWN
AMD_RUB,2025-03-20,0.211581,False,True,True,True,True,False,False,none,COOLDOWN
AMD_RUB,2025-03-21,0.215152,False,False,True,False,True,False,False,none,COOLDOWN
AMD_RUB,2025-03-24,0.215621,False,False,True,False,False,False,True,positive_market_fact,POSITIVE_MARKET_FACT
AMD_RUB,2025-03-25,0.214056,False,False,True,False,True,False,False,none,COOLDOWN
AMD_RUB,2025-03-26,0.214888,False,False,False,False,False,False,False,none,NO_CANDIDATE
AMD_RUB,2025-03-27,0.214922,False,False,False,False,False,False,False,none,NO_CANDIDATE
AMD_RUB,2025-03-28,0.213968,False,False,True,False,True,False,False,none,COOLDOWN
AMD_RUB,2025-03-31,0.213696,False,False,False,False,False,False,False,none,NO_CANDIDATE
AMD_RUB,2025-04-01,0.218342,False,False,False,False,False,False,False,none,NO_CANDIDATE
AMD_RUB,2025-04-02,0.217005,False,False,False,False,False,False,False,none,NO_CANDIDATE
AMD_RUB,2025-04-03,0.216158,False,False,False,False,False,False,False,none,NO_CANDIDATE
AMD_RUB,2025-04-04,0.215637,False,False,True,False,False,False,True,positive_market_fact,POSITIVE_MARKET_FACT
AMD_RUB,2025-04-07,0.215422,True,False,True,True,False,False,True,good_day,GOOD_DAY
AMD_RUB,2025-04-08,0.220354,False,False,False,False,False,False,False,none,NO_CANDIDATE
AMD_RUB,2025-04-09,0.218573,False,False,False,False,False,False,False,none,NO_CANDIDATE
AMD_RUB,2025-04-10,0.219747,False,False,False,False,False,False,False,none,NO_CANDIDATE
AMD_RUB,2025-04-11,0.217387,True,False,False,False,True,False,False,none,COOLDOWN
AMD_RUB,2025-04-14,0.214806,True,False,False,False,False,False,True,good_day,GOOD_DAY
AMD_RUB,2025-04-15,0.211724,True,False,True,True,True,False,False,none,COOLDOWN
AMD_RUB,2025-04-16,0.210659,False,False,True,False,True,False,False,none,COOLDOWN
AMD_RUB,2025-04-17,0.21108,False,False,True,False,True,False,False,none,COOLDOWN
AMD_RUB,2025-04-18,0.209802,False,False,True,False,True,False,False,none,COOLDOWN
AMD_RUB,2025-04-21,0.207565,False,False,True,False,False,False,True,positive_market_fact,POSITIVE_MARKET_FACT
AMD_RUB,2025-04-22,0.206806,False,False,True,False,True,False,False,none,COOLDOWN
AMD_RUB,2025-04-23,0.208807,False,False,False,False,False,False,False,none,NO_CANDIDATE
AMD_RUB,2025-04-24,0.211428,False,False,False,False,False,False,False,none,NO_CANDIDATE
AMD_RUB,2025-04-25,0.212691,False,False,False,False,False,False,False,none,NO_CANDIDATE
AMD_RUB,2025-04-28,0.211756,False,False,False,False,False,False,False,none,NO_CANDIDATE
AMD_RUB,2025-04-29,0.211952,False,False,False,False,False,False,False,none,NO_CANDIDATE
AMD_RUB,2025-04-30,0.209428,False,False,False,False,False,False,False,none,NO_CANDIDATE
AMD_RUB,2025-05-01,0.208989,False,True,True,True,False,False,True,window_closing,WINDOW_CLOSING
AMD_RUB,2025-05-02,0.208989,False,False,True,False,True,False,False,none,COOLDOWN
AMD_RUB,2025-05-05,0.208989,True,False,True,True,True,False,False,none,COOLDOWN
AMD_RUB,2025-05-06,0.210326,True,False,False,False,False,False,True,good_day,GOOD_DAY
AMD_RUB,2025-05-07,0.207889,False,False,False,False,False,False,False,none,NO_CANDIDATE
AMD_RUB,2025-05-08,0.20772,False,False,False,False,False,False,False,none,NO_CANDIDATE
AMD_RUB,2025-05-09,0.20772,False,False,False,False,False,False,False,none,NO_CANDIDATE
AMD_RUB,2025-05-12,0.20772,False,False,False,False,False,False,False,none,NO_CANDIDATE
AMD_RUB,2025-05-13,0.208014,False,False,True,False,False,False,True,positive_market_fact,POSITIVE_MARKET_FACT
AMD_RUB,2025-05-14,0.20756,False,False,True,False,True,False,False,none,COOLDOWN
AMD_RUB,2025-05-15,0.206767,False,False,True,False,True,False,False,none,COOLDOWN
AMD_RUB,2025-05-16,0.20756,False,False,True,False,True,False,False,none,COOLDOWN
AMD_RUB,2025-05-19,0.209067,False,False,False,False,False,False,False,none,NO_CANDIDATE
AMD_RUB,2025-05-20,0.208218,True,False,False,False,False,False,True,good_day,GOOD_DAY
AMD_RUB,2025-05-21,0.208634,True,False,False,False,True,False,False,none,COOLDOWN
AMD_RUB,2025-05-22,0.207118,True,False,True,True,True,False,False,none,COOLDOWN
AMD_RUB,2025-05-23,0.207407,True,False,True,True,True,False,False,none,COOLDOWN
AMD_RUB,2025-05-26,0.207705,True,False,False,False,False,False,True,good_day,GOOD_DAY
AMD_RUB,2025-05-27,0.207369,False,False,True,False,True,False,False,none,COOLDOWN
AMD_RUB,2025-05-28,0.207143,True,False,True,True,True,False,False,none,COOLDOWN
AMD_RUB,2025-05-29,0.207107,True,False,True,True,True,False,False,none,COOLDOWN
AMD_RUB,2025-05-30,0.204339,False,False,True,False,True,False,False,none,COOLDOWN
AMD_RUB,2025-06-02,0.204764,True,False,True,True,False,False,True,good_day,GOOD_DAY
AMD_RUB,2025-06-03,0.206091,True,False,False,False,True,False,False,none,COOLDOWN
AMD_RUB,2025-06-04,0.205426,True,False,False,False,True,False,False,none,COOLDOWN
AMD_RUB,2025-06-05,0.204561,True,False,True,True,True,False,False,none,COOLDOWN
AMD_RUB,2025-06-06,0.206383,False,True,False,False,True,False,False,none,COOLDOWN
AMD_RUB,2025-06-09,0.206463,False,False,False,False,False,False,False,none,NO_CANDIDATE
AMD_RUB,2025-06-10,0.206615,False,False,False,False,False,False,False,none,NO_CANDIDATE
AMD_RUB,2025-06-11,0.204934,True,False,False,False,False,False,True,good_day,GOOD_DAY
AMD_RUB,2025-06-12,0.206139,True,False,False,False,True,False,False,none,COOLDOWN
AMD_RUB,2025-06-13,0.206139,True,False,False,False,True,False,False,none,COOLDOWN
AMD_RUB,2025-06-16,0.206139,True,False,False,False,False,False,True,good_day,GOOD_DAY
AMD_RUB,2025-06-17,0.204572,True,False,True,True,True,False,False,none,COOLDOWN
AMD_RUB,2025-06-18,0.204834,True,False,False,False,True,False,False,none,COOLDOWN
AMD_RUB,2025-06-19,0.204759,True,False,True,True,True,False,False,none,COOLDOWN
AMD_RUB,2025-06-20,0.203955,True,False,True,True,True,False,False,none,COOLDOWN
AMD_RUB,2025-06-23,0.203541,True,False,True,True,False,False,True,good_day,GOOD_DAY
AMD_RUB,2025-06-24,0.202788,True,False,True,True,True,False,False,none,COOLDOWN
AMD_RUB,2025-06-25,0.203281,True,False,True,True,True,False,False,none,COOLDOWN
AMD_RUB,2025-06-26,0.202953,True,False,True,True,True,False,False,none,COOLDOWN
AMD_RUB,2025-06-27,0.203195,True,False,True,True,True,False,False,none,COOLDOWN
AMD_RUB,2025-06-30,0.204175,True,False,False,False,False,False,True,good_day,GOOD_DAY
AMD_RUB,2025-07-01,0.204251,True,False,False,False,True,False,False,none,COOLDOWN
AMD_RUB,2025-07-02,0.203514,True,False,False,False,True,False,False,none,COOLDOWN
AMD_RUB,2025-07-03,0.204556,True,False,False,False,True,False,False,none,COOLDOWN
AMD_RUB,2025-07-04,0.204919,False,False,False,False,False,False,False,none,NO_CANDIDATE
AMD_RUB,2025-07-07,0.205162,True,False,False,False,False,False,True,good_day,GOOD_DAY
AMD_RUB,2025-07-08,0.204937,True,False,False,False,True,False,False,none,COOLDOWN
AMD_RUB,2025-07-09,0.203462,True,False,False,False,True,False,False,none,COOLDOWN
AMD_RUB,2025-07-10,0.20367,True,False,False,False,True,False,False,none,COOLDOWN
AMD_RUB,2025-07-11,0.20301,True,False,True,True,True,False,False,none,COOLDOWN
AMD_RUB,2025-07-14,0.202874,True,False,True,True,False,False,True,good_day,GOOD_DAY
AMD_RUB,2025-07-15,0.20402,True,False,False,False,True,False,False,none,COOLDOWN
AMD_RUB,2025-07-16,0.202953,True,False,False,False,True,False,False,none,COOLDOWN
AMD_RUB,2025-07-17,0.203038,True,False,False,False,True,False,False,none,COOLDOWN
AMD_RUB,2025-07-18,0.203545,True,False,False,False,True,False,False,none,COOLDOWN
AMD_RUB,2025-07-21,0.203818,True,False,False,False,False,False,True,good_day,GOOD_DAY
AMD_RUB,2025-07-22,0.204068,True,False,False,False,True,False,False,none,COOLDOWN
AMD_RUB,2025-07-23,0.203371,True,False,False,False,True,False,False,none,COOLDOWN
AMD_RUB,2025-07-24,0.204344,True,False,False,False,True,False,False,none,COOLDOWN
AMD_RUB,2025-07-25,0.20551,False,False,False,False,False,False,False,none,NO_CANDIDATE
AMD_RUB,2025-07-28,0.207201,False,False,False,False,False,False,False,none,NO_CANDIDATE
AMD_RUB,2025-07-29,0.207359,False,False,False,False,False,False,False,none,NO_CANDIDATE
AMD_RUB,2025-07-30,0.214203,False,False,False,False,False,False,False,none,NO_CANDIDATE
AMD_RUB,2025-07-31,0.2132,False,False,False,False,False,False,False,none,NO_CANDIDATE
AMD_RUB,2025-08-01,0.209255,False,False,False,False,False,False,False,none,NO_CANDIDATE
AMD_RUB,2025-08-04,0.209435,False,False,False,False,False,False,False,none,NO_CANDIDATE
AMD_RUB,2025-08-05,0.207721,True,False,False,False,False,False,True,good_day,GOOD_DAY
AMD_RUB,2025-08-06,0.208445,True,False,True,True,True,False,False,none,COOLDOWN
AMD_RUB,2025-08-07,0.209006,True,False,True,True,True,False,False,none,COOLDOWN
AMD_RUB,2025-08-08,0.20692,True,False,True,True,True,False,False,none,COOLDOWN
AMD_RUB,2025-08-11,0.207981,True,False,False,False,False,False,True,good_day,GOOD_DAY
AMD_RUB,2025-08-12,0.207695,True,False,False,False,True,False,False,none,COOLDOWN
AMD_RUB,2025-08-13,0.208101,True,False,False,False,True,False,False,none,COOLDOWN
AMD_RUB,2025-08-14,0.207538,True,False,False,False,True,False,False,none,COOLDOWN
AMD_RUB,2025-08-15,0.207993,True,False,False,False,True,False,False,none,COOLDOWN
AMD_RUB,2025-08-18,0.208881,True,False,False,False,False,False,True,good_day,GOOD_DAY
AMD_RUB,2025-08-19,0.209841,False,False,False,False,False,False,False,none,NO_CANDIDATE
AMD_RUB,2025-08-20,0.209799,False,False,False,False,False,False,False,none,NO_CANDIDATE
AMD_RUB,2025-08-21,0.209276,True,False,False,False,True,False,False,none,COOLDOWN
AMD_RUB,2025-08-22,0.209707,False,False,False,False,False,False,False,none,NO_CANDIDATE
AMD_RUB,2025-08-25,0.211044,False,False,False,False,False,False,False,none,NO_CANDIDATE
AMD_RUB,2025-08-26,0.210763,True,False,False,False,False,False,True,good_day,GOOD_DAY
AMD_RUB,2025-08-27,0.210522,True,False,False,False,True,False,False,none,COOLDOWN
AMD_RUB,2025-08-28,0.210444,True,False,True,True,True,False,False,none,COOLDOWN
AMD_RUB,2025-08-29,0.209656,True,False,True,True,True,False,False,none,COOLDOWN
AMD_RUB,2025-09-01,0.210006,True,False,False,False,False,False,True,good_day,GOOD_DAY
AMD_RUB,2025-09-02,0.210204,True,False,False,False,True,False,False,none,COOLDOWN
AMD_RUB,2025-09-03,0.210606,True,False,False,False,True,False,False,none,COOLDOWN
AMD_RUB,2025-09-04,0.211287,True,False,False,False,True,False,False,none,COOLDOWN
AMD_RUB,2025-09-05,0.212682,False,False,False,False,False,False,False,none,NO_CANDIDATE
AMD_RUB,2025-09-08,0.213067,False,False,False,False,False,False,False,none,NO_CANDIDATE
AMD_RUB,2025-09-09,0.215267,False,False,False,False,False,False,False,none,NO_CANDIDATE
AMD_RUB,2025-09-10,0.217372,False,False,False,False,False,False,False,none,NO_CANDIDATE
AMD_RUB,2025-09-11,0.222022,False,False,False,False,False,False,False,none,NO_CANDIDATE
AMD_RUB,2025-09-12,0.223814,False,False,False,False,False,False,False,none,NO_CANDIDATE
AMD_RUB,2025-09-15,0.220043,False,False,False,False,False,False,False,none,NO_CANDIDATE
AMD_RUB,2025-09-16,0.21683,False,False,False,False,False,False,False,none,NO_CANDIDATE
AMD_RUB,2025-09-17,0.216214,False,False,True,False,False,False,True,positive_market_fact,POSITIVE_MARKET_FACT
AMD_RUB,2025-09-18,0.216741,False,False,True,False,True,False,False,none,COOLDOWN
AMD_RUB,2025-09-19,0.217393,True,False,True,True,False,False,True,good_day,GOOD_DAY
AMD_RUB,2025-09-22,0.218337,True,False,False,False,True,False,False,none,COOLDOWN
AMD_RUB,2025-09-23,0.219112,False,False,False,False,False,False,False,none,NO_CANDIDATE
AMD_RUB,2025-09-24,0.217711,True,False,False,False,False,False,True,good_day,GOOD_DAY
AMD_RUB,2025-09-25,0.219459,False,False,False,False,False,False,False,none,NO_CANDIDATE
AMD_RUB,2025-09-26,0.218027,True,False,False,False,True,False,False,none,COOLDOWN
AMD_RUB,2025-09-29,0.218473,True,False,False,False,False,False,True,good_day,GOOD_DAY
AMD_RUB,2025-09-30,0.216506,True,False,True,True,True,False,False,none,COOLDOWN
AMD_RUB,2025-10-01,0.215958,True,False,False,False,True,False,False,none,COOLDOWN
AMD_RUB,2025-10-02,0.21293,True,False,True,True,True,False,False,none,COOLDOWN
AMD_RUB,2025-10-03,0.211323,True,False,True,True,True,False,False,none,COOLDOWN
AMD_RUB,2025-10-06,0.213964,False,False,True,False,False,False,True,positive_market_fact,POSITIVE_MARKET_FACT
AMD_RUB,2025-10-07,0.216948,False,False,False,False,False,False,False,none,NO_CANDIDATE
AMD_RUB,2025-10-08,0.214136,False,False,False,False,False,False,False,none,NO_CANDIDATE
AMD_RUB,2025-10-09,0.213058,True,False,True,True,False,False,True,good_day,GOOD_DAY
AMD_RUB,2025-10-10,0.21281,True,False,True,True,True,False,False,none,COOLDOWN
AMD_RUB,2025-10-13,0.212161,True,False,True,True,True,False,False,none,COOLDOWN
AMD_RUB,2025-10-14,0.211346,True,False,True,True,False,False,True,good_day,GOOD_DAY
AMD_RUB,2025-10-15,0.208895,True,False,True,True,True,False,False,none,COOLDOWN
AMD_RUB,2025-10-16,0.206023,True,False,True,True,True,False,False,none,COOLDOWN
AMD_RUB,2025-10-17,0.206766,True,False,True,True,True,False,False,none,COOLDOWN
AMD_RUB,2025-10-20,0.211672,False,False,False,False,False,False,False,none,NO_CANDIDATE
AMD_RUB,2025-10-21,0.212418,False,False,False,False,False,False,False,none,NO_CANDIDATE
AMD_RUB,2025-10-22,0.212657,False,False,False,False,False,False,False,none,NO_CANDIDATE
AMD_RUB,2025-10-23,0.213471,False,False,False,False,False,False,False,none,NO_CANDIDATE
AMD_RUB,2025-10-24,0.212446,False,False,False,False,False,False,False,none,NO_CANDIDATE
AMD_RUB,2025-10-27,0.211386,False,False,False,False,False,False,False,none,NO_CANDIDATE
AMD_RUB,2025-10-28,0.206388,True,False,True,True,False,False,True,good_day,GOOD_DAY
AMD_RUB,2025-10-29,0.20852,False,True,True,True,True,False,False,none,COOLDOWN
AMD_RUB,2025-10-30,0.207703,True,False,True,True,True,False,False,none,COOLDOWN
AMD_RUB,2025-10-31,0.210346,False,False,False,False,False,False,False,none,NO_CANDIDATE
AMD_RUB,2025-11-03,0.211384,False,False,False,False,False,False,False,none,NO_CANDIDATE
AMD_RUB,2025-11-04,0.211384,False,False,False,False,False,False,False,none,NO_CANDIDATE
AMD_RUB,2025-11-05,0.211384,False,False,False,False,False,False,False,none,NO_CANDIDATE
AMD_RUB,2025-11-06,0.212219,False,False,False,False,False,False,False,none,NO_CANDIDATE
AMD_RUB,2025-11-07,0.21276,False,False,False,False,False,False,False,none,NO_CANDIDATE
AMD_RUB,2025-11-10,0.212333,True,False,False,False,False,False,True,good_day,GOOD_DAY
AMD_RUB,2025-11-11,0.211738,True,False,False,False,True,False,False,none,COOLDOWN
AMD_RUB,2025-11-12,0.212685,True,False,False,False,True,False,False,none,COOLDOWN
AMD_RUB,2025-11-13,0.212738,True,False,False,False,True,False,False,none,COOLDOWN
AMD_RUB,2025-11-14,0.210843,True,False,False,False,True,False,False,none,COOLDOWN
AMD_RUB,2025-11-17,0.212309,True,False,False,False,False,False,True,good_day,GOOD_DAY
AMD_RUB,2025-11-18,0.212539,True,False,False,False,True,False,False,none,COOLDOWN
AMD_RUB,2025-11-19,0.21218,True,False,False,False,True,False,False,none,COOLDOWN
AMD_RUB,2025-11-20,0.212192,True,False,False,False,True,False,False,none,COOLDOWN
AMD_RUB,2025-11-21,0.211313,True,False,False,False,True,False,False,none,COOLDOWN
AMD_RUB,2025-11-24,0.207082,True,False,True,True,False,False,True,good_day,GOOD_DAY
AMD_RUB,2025-11-25,0.206814,True,False,True,True,True,False,False,none,COOLDOWN
AMD_RUB,2025-11-26,0.20708,True,False,True,True,True,False,False,none,COOLDOWN
AMD_RUB,2025-11-27,0.206219,True,False,True,True,True,False,False,none,COOLDOWN
AMD_RUB,2025-11-28,0.205344,True,False,True,True,True,False,False,none,COOLDOWN
AMD_RUB,2025-12-01,0.205092,False,False,True,False,False,False,True,positive_market_fact,POSITIVE_MARKET_FACT
AMD_RUB,2025-12-02,0.203842,False,False,True,False,True,False,False,none,COOLDOWN
AMD_RUB,2025-12-03,0.203187,False,False,True,False,True,False,False,none,COOLDOWN
AMD_RUB,2025-12-04,0.204501,True,False,True,True,False,False,True,good_day,GOOD_DAY
AMD_RUB,2025-12-05,0.201949,True,False,True,True,True,False,False,none,COOLDOWN
AMD_RUB,2025-12-08,0.199459,True,False,True,True,True,False,False,none,COOLDOWN
AMD_RUB,2025-12-09,0.202525,False,True,False,False,False,False,True,window_closing,WINDOW_CLOSING
AMD_RUB,2025-12-10,0.201248,True,False,True,True,True,False,False,none,COOLDOWN
AMD_RUB,2025-12-11,0.204022,False,False,False,False,False,False,False,none,NO_CANDIDATE
AMD_RUB,2025-12-12,0.207783,False,False,False,False,False,False,False,none,NO_CANDIDATE
AMD_RUB,2025-12-15,0.208842,False,False,False,False,False,False,False,none,NO_CANDIDATE
AMD_RUB,2025-12-16,0.208146,False,False,False,False,False,False,False,none,NO_CANDIDATE
AMD_RUB,2025-12-17,0.208063,False,False,False,False,False,False,False,none,NO_CANDIDATE
AMD_RUB,2025-12-18,0.210658,False,False,False,False,False,False,False,none,NO_CANDIDATE
AMD_RUB,2025-12-19,0.209777,False,False,False,False,False,False,False,none,NO_CANDIDATE
AMD_RUB,2025-12-22,0.211608,False,False,False,False,False,False,False,none,NO_CANDIDATE
AMD_RUB,2025-12-23,0.207902,True,False,False,False,False,False,True,good_day,GOOD_DAY
AMD_RUB,2025-12-24,0.205963,True,False,True,True,True,False,False,none,COOLDOWN
AMD_RUB,2025-12-25,0.205623,True,False,True,True,True,False,False,none,COOLDOWN
AMD_RUB,2025-12-26,0.204148,True,False,True,True,True,False,False,none,COOLDOWN
AMD_RUB,2025-12-29,0.203666,True,False,True,True,False,False,True,good_day,GOOD_DAY
AMD_RUB,2025-12-30,0.203027,True,False,True,True,True,False,False,none,COOLDOWN
AMD_RUB,2025-12-31,0.205126,False,False,False,False,False,False,False,none,NO_CANDIDATE
AMD_RUB,2026-01-01,0.205126,False,False,False,False,False,False,False,none,NO_CANDIDATE
AMD_RUB,2026-01-02,0.205126,False,False,False,False,False,False,False,none,NO_CANDIDATE
AMD_RUB,2026-01-05,0.205126,False,False,False,False,False,False,False,none,NO_CANDIDATE
AMD_RUB,2026-01-06,0.205126,False,False,False,False,False,False,False,none,NO_CANDIDATE
AMD_RUB,2026-01-07,0.205126,False,False,False,False,False,False,False,none,NO_CANDIDATE
AMD_RUB,2026-01-08,0.205126,False,False,False,False,False,False,False,none,NO_CANDIDATE
AMD_RUB,2026-01-09,0.205126,False,False,False,False,False,False,False,none,NO_CANDIDATE
AMD_RUB,2026-01-12,0.205126,True,False,False,False,False,False,True,good_day,GOOD_DAY
AMD_RUB,2026-01-13,0.20672,True,False,False,False,True,False,False,none,COOLDOWN
AMD_RUB,2026-01-14,0.207055,True,False,False,False,True,False,False,none,COOLDOWN
AMD_RUB,2026-01-15,0.206587,True,False,False,False,True,False,False,none,COOLDOWN
AMD_RUB,2026-01-16,0.206969,True,False,False,False,True,False,False,none,COOLDOWN
AMD_RUB,2026-01-19,0.20483,True,False,False,False,False,False,True,good_day,GOOD_DAY
AMD_RUB,2026-01-20,0.205227,True,False,False,False,True,False,False,none,COOLDOWN
AMD_RUB,2026-01-21,0.205229,True,False,False,False,True,False,False,none,COOLDOWN
AMD_RUB,2026-01-22,0.204452,True,False,True,True,True,False,False,none,COOLDOWN
AMD_RUB,2026-01-23,0.200586,True,False,True,True,True,False,False,none,COOLDOWN
AMD_RUB,2026-01-26,0.200292,True,False,True,True,False,False,True,good_day,GOOD_DAY
AMD_RUB,2026-01-27,0.200628,True,False,True,True,True,False,False,none,COOLDOWN
AMD_RUB,2026-01-28,0.202059,True,False,True,True,True,False,False,none,COOLDOWN
AMD_RUB,2026-01-29,0.201304,True,False,True,True,True,False,False,none,COOLDOWN
AMD_RUB,2026-01-30,0.200541,True,False,True,True,True,False,False,none,COOLDOWN
AMD_RUB,2026-02-02,0.200012,True,False,True,True,False,False,True,good_day,GOOD_DAY
AMD_RUB,2026-02-03,0.203209,False,True,False,False,True,False,False,none,COOLDOWN
AMD_RUB,2026-02-04,0.203419,False,False,False,False,False,False,False,none,NO_CANDIDATE
AMD_RUB,2026-02-05,0.203326,False,False,False,False,False,False,False,none,NO_CANDIDATE
AMD_RUB,2026-02-06,0.202514,False,False,False,False,False,False,False,none,NO_CANDIDATE
AMD_RUB,2026-02-09,0.204008,False,False,False,False,False,False,False,none,NO_CANDIDATE
AMD_RUB,2026-02-10,0.20544,False,False,False,False,False,False,False,none,NO_CANDIDATE
AMD_RUB,2026-02-11,0.204322,False,False,False,False,False,False,False,none,NO_CANDIDATE
AMD_RUB,2026-02-12,0.205199,False,False,False,False,False,False,False,none,NO_CANDIDATE
AMD_RUB,2026-02-13,0.204434,True,False,False,False,False,False,True,good_day,GOOD_DAY
AMD_RUB,2026-02-16,0.204792,False,False,False,False,False,False,False,none,NO_CANDIDATE
AMD_RUB,2026-02-17,0.202876,True,False,True,True,True,False,False,none,COOLDOWN
AMD_RUB,2026-02-18,0.203643,True,False,False,False,False,False,True,good_day,GOOD_DAY
AMD_RUB,2026-02-19,0.201627,True,False,True,True,True,False,False,none,COOLDOWN
AMD_RUB,2026-02-20,0.203323,True,False,False,False,True,False,False,none,COOLDOWN
AMD_RUB,2026-02-23,0.203683,False,False,False,False,False,False,False,none,NO_CANDIDATE
AMD_RUB,2026-02-24,0.203683,False,False,False,False,False,False,False,none,NO_CANDIDATE
AMD_RUB,2026-02-25,0.202822,True,False,False,False,False,False,True,good_day,GOOD_DAY
AMD_RUB,2026-02-26,0.202875,True,False,False,False,True,False,False,none,COOLDOWN
AMD_RUB,2026-02-27,0.204545,False,False,False,False,False,False,False,none,NO_CANDIDATE
AMD_RUB,2026-03-02,0.20497,False,False,False,False,False,False,False,none,NO_CANDIDATE
AMD_RUB,2026-03-03,0.204769,True,False,False,False,False,False,True,good_day,GOOD_DAY
AMD_RUB,2026-03-04,0.205866,False,False,False,False,False,False,False,none,NO_CANDIDATE
AMD_RUB,2026-03-05,0.205899,False,False,False,False,False,False,False,none,NO_CANDIDATE
AMD_RUB,2026-03-06,0.207076,False,False,False,False,False,False,False,none,NO_CANDIDATE
AMD_RUB,2026-03-09,0.209774,False,False,False,False,False,False,False,none,NO_CANDIDATE
AMD_RUB,2026-03-10,0.209774,False,False,False,False,False,False,False,none,NO_CANDIDATE
AMD_RUB,2026-03-11,0.208631,False,False,False,False,False,False,False,none,NO_CANDIDATE
AMD_RUB,2026-03-12,0.209579,False,False,False,False,False,False,False,none,NO_CANDIDATE
AMD_RUB,2026-03-13,0.209483,False,False,False,False,False,False,False,none,NO_CANDIDATE
AMD_RUB,2026-03-16,0.212495,False,False,False,False,False,False,False,none,NO_CANDIDATE
AMD_RUB,2026-03-17,0.214758,False,False,False,False,False,False,False,none,NO_CANDIDATE
AMD_RUB,2026-03-18,0.217004,False,False,False,False,False,False,False,none,NO_CANDIDATE
AMD_RUB,2026-03-19,0.220265,False,False,False,False,False,False,False,none,NO_CANDIDATE
AMD_RUB,2026-03-20,0.224736,False,False,False,False,False,False,False,none,NO_CANDIDATE
AMD_RUB,2026-03-23,0.222512,False,False,False,False,False,False,False,none,NO_CANDIDATE
AMD_RUB,2026-03-24,0.21696,False,False,False,False,False,False,False,none,NO_CANDIDATE
AMD_RUB,2026-03-25,0.214567,True,False,True,True,False,False,True,good_day,GOOD_DAY
AMD_RUB,2026-03-26,0.213996,True,False,True,True,True,False,False,none,COOLDOWN
AMD_RUB,2026-03-27,0.217647,False,False,True,False,True,False,False,none,COOLDOWN
AMD_RUB,2026-03-30,0.215134,True,False,True,True,False,False,True,good_day,GOOD_DAY
AMD_RUB,2026-03-31,0.21533,True,False,False,False,True,False,False,none,COOLDOWN
AMD_RUB,2026-04-01,0.215427,True,False,False,False,True,False,False,none,COOLDOWN
AMD_RUB,2026-04-02,0.213725,True,False,False,False,True,False,False,none,COOLDOWN
AMD_RUB,2026-04-03,0.213108,True,False,True,True,True,False,False,none,COOLDOWN
AMD_RUB,2026-04-06,0.211495,True,False,True,True,False,False,True,good_day,GOOD_DAY
AMD_RUB,2026-04-07,0.209037,True,False,True,True,True,False,False,none,COOLDOWN
AMD_RUB,2026-04-08,0.209179,True,False,True,True,True,False,False,none,COOLDOWN
AMD_RUB,2026-04-09,0.208079,True,False,True,True,True,False,False,none,COOLDOWN
AMD_RUB,2026-04-10,0.206979,True,False,True,True,True,False,False,none,COOLDOWN
AMD_RUB,2026-04-13,0.204861,True,False,True,True,False,False,True,good_day,GOOD_DAY
AMD_RUB,2026-04-14,0.203227,False,False,True,False,True,False,False,none,COOLDOWN
AMD_RUB,2026-04-15,0.202173,False,False,True,False,True,False,False,none,COOLDOWN
AMD_RUB,2026-04-16,0.200904,False,False,True,False,True,False,False,none,COOLDOWN
AMD_RUB,2026-04-17,0.203352,False,False,True,False,True,False,False,none,COOLDOWN
AMD_RUB,2026-04-20,0.203455,False,False,False,False,False,False,False,none,NO_CANDIDATE
AMD_RUB,2026-04-21,0.201789,False,False,True,False,False,False,True,positive_market_fact,POSITIVE_MARKET_FACT
AMD_RUB,2026-04-22,0.200192,False,False,True,False,True,False,False,none,COOLDOWN
AMD_RUB,2026-04-23,0.201406,False,False,True,False,True,False,False,none,COOLDOWN
AMD_RUB,2026-04-24,0.201261,False,False,True,False,True,False,False,none,COOLDOWN
AMD_RUB,2026-04-27,0.203123,False,False,False,False,False,False,False,none,NO_CANDIDATE
AMD_RUB,2026-04-28,0.201335,False,False,True,False,False,False,True,positive_market_fact,POSITIVE_MARKET_FACT
AMD_RUB,2026-04-29,0.201117,False,False,True,False,True,False,False,none,COOLDOWN
AMD_RUB,2026-04-30,0.201731,True,False,False,False,False,False,True,good_day,GOOD_DAY
AMD_RUB,2026-05-01,0.201741,True,False,False,False,True,False,False,none,COOLDOWN
AMD_RUB,2026-05-04,0.201741,True,False,False,False,True,False,False,none,COOLDOWN
AMD_RUB,2026-05-05,0.20346,False,False,False,False,False,False,False,none,NO_CANDIDATE
AMD_RUB,2026-05-06,0.203393,False,False,False,False,False,False,False,none,NO_CANDIDATE
AMD_RUB,2026-05-07,0.20331,False,False,False,False,False,False,False,none,NO_CANDIDATE
AMD_RUB,2026-05-08,0.202071,True,False,True,True,False,False,True,good_day,GOOD_DAY
AMD_RUB,2026-05-11,0.20134,False,False,True,False,True,False,False,none,COOLDOWN
AMD_RUB,2026-05-12,0.20134,False,False,True,False,True,False,False,none,COOLDOWN
AMD_RUB,2026-05-13,0.200173,False,False,True,False,False,False,True,positive_market_fact,POSITIVE_MARKET_FACT
AMD_RUB,2026-05-14,0.198958,False,False,True,False,True,False,False,none,COOLDOWN
AMD_RUB,2026-05-15,0.198326,False,False,True,False,True,False,False,none,COOLDOWN
AMD_RUB,2026-05-18,0.198592,False,False,True,False,False,False,True,positive_market_fact,POSITIVE_MARKET_FACT
AMD_RUB,2026-05-19,0.196581,False,False,True,False,True,False,False,none,COOLDOWN
AMD_RUB,2026-05-20,0.193619,False,False,True,False,True,False,False,none,COOLDOWN
AMD_RUB,2026-05-21,0.192869,True,False,True,True,False,False,True,good_day,GOOD_DAY
AMD_RUB,2026-05-22,0.192438,True,False,True,True,True,False,False,none,COOLDOWN
AMD_RUB,2026-05-25,0.193518,True,False,True,True,True,False,False,none,COOLDOWN
AMD_RUB,2026-05-26,0.194413,False,True,True,True,False,False,True,window_closing,WINDOW_CLOSING
AMD_RUB,2026-05-27,0.194888,False,True,False,False,True,False,False,none,COOLDOWN
AMD_RUB,2026-05-28,0.19264,True,False,True,True,True,False,False,none,COOLDOWN
AMD_RUB,2026-05-29,0.193918,True,False,False,False,True,False,False,none,COOLDOWN
AMD_RUB,2026-06-01,0.192901,True,False,False,False,False,False,True,good_day,GOOD_DAY
AMD_RUB,2026-06-02,0.194253,True,False,False,False,True,False,False,none,COOLDOWN
AMD_RUB,2026-06-03,0.19689,False,False,False,False,False,False,False,none,NO_CANDIDATE
AMD_RUB,2026-06-04,0.199022,False,False,False,False,False,False,False,none,NO_CANDIDATE
AMD_RUB,2026-06-05,0.201567,False,False,False,False,False,False,False,none,NO_CANDIDATE
AMD_RUB,2026-06-08,0.199351,False,False,False,False,False,False,False,none,NO_CANDIDATE
AMD_RUB,2026-06-09,0.198802,False,False,False,False,False,False,False,none,NO_CANDIDATE
AMD_RUB,2026-06-10,0.194685,True,False,True,True,False,False,True,good_day,GOOD_DAY
AMD_RUB,2026-06-11,0.194846,False,False,True,False,True,False,False,none,COOLDOWN
AMD_RUB,2026-06-12,0.195179,True,False,True,True,True,False,False,none,COOLDOWN
AMD_RUB,2026-06-15,0.195179,True,False,True,True,False,False,True,good_day,GOOD_DAY
AMD_RUB,2026-06-16,0.196846,False,False,False,False,False,False,False,none,NO_CANDIDATE
AMD_RUB,2026-06-17,0.195918,True,False,False,False,True,False,False,none,COOLDOWN
AMD_RUB,2026-06-18,0.197652,False,False,False,False,False,False,False,none,NO_CANDIDATE
AMD_RUB,2026-06-19,0.199243,False,False,False,False,False,False,False,none,NO_CANDIDATE
AMD_RUB,2026-06-22,0.199481,False,False,False,False,False,False,False,none,NO_CANDIDATE
AMD_RUB,2026-06-23,0.20041,False,False,False,False,False,False,False,none,NO_CANDIDATE
AMD_RUB,2026-06-24,0.202728,False,False,False,False,False,False,False,none,NO_CANDIDATE
AMD_RUB,2026-06-25,0.203228,False,False,False,False,False,False,False,none,NO_CANDIDATE
AMD_RUB,2026-06-26,0.205384,False,False,False,False,False,False,False,none,NO_CANDIDATE
AMD_RUB,2026-06-29,0.209337,False,False,False,False,False,False,False,none,NO_CANDIDATE
AMD_RUB,2026-06-30,0.211253,False,False,False,False,False,False,False,none,NO_CANDIDATE
AMD_RUB,2026-07-01,0.212753,False,False,False,False,False,False,False,none,NO_CANDIDATE
AMD_RUB,2026-07-02,0.212648,False,False,False,False,False,False,False,none,NO_CANDIDATE
AMD_RUB,2026-07-03,0.211649,False,False,False,False,False,False,False,none,NO_CANDIDATE
AMD_RUB,2026-07-06,0.209974,False,False,True,False,False,False,True,positive_market_fact,POSITIVE_MARKET_FACT
AMD_RUB,2026-07-07,0.212179,False,False,False,False,False,False,False,none,NO_CANDIDATE
AMD_RUB,2026-07-08,0.207162,True,False,True,True,False,False,True,good_day,GOOD_DAY
AMD_RUB,2026-07-09,0.208017,True,False,True,True,True,False,False,none,COOLDOWN
AMD_RUB,2026-07-10,0.206826,True,False,True,True,True,False,False,none,COOLDOWN
AMD_RUB,2026-07-13,0.20868,True,False,False,False,False,False,True,good_day,GOOD_DAY
AMD_RUB,2026-07-14,0.208954,False,False,True,False,True,False,False,none,COOLDOWN
AMD_RUB,2026-07-15,0.211297,False,False,False,False,False,False,False,none,NO_CANDIDATE
AMD_RUB,2026-07-16,0.212272,False,False,False,False,False,False,False,none,NO_CANDIDATE
AMD_RUB,2026-07-17,0.213651,False,False,False,False,False,False,False,none,NO_CANDIDATE
AMD_RUB,2026-07-20,0.213708,False,False,False,False,False,False,False,none,NO_CANDIDATE
AMD_RUB,2026-07-21,0.214019,False,False,False,False,False,False,False,none,NO_CANDIDATE
AMD_RUB,2026-07-22,0.21423,False,False,False,False,False,False,False,none,NO_CANDIDATE
AMD_RUB,2026-07-23,0.213894,False,False,False,False,False,False,False,none,NO_CANDIDATE
AMD_RUB,2026-07-24,0.21425,False,False,False,False,False,False,False,none,NO_CANDIDATE
AMD_RUB,2026-07-27,0.213275,True,False,False,False,False,False,True,good_day,GOOD_DAY
AMD_RUB,2026-07-28,0.212743,True,False,False,False,True,False,False,none,COOLDOWN
AMD_RUB,2026-07-29,0.214705,True,False,False,False,True,False,False,none,COOLDOWN
AMD_RUB,2026-07-30,0.216704,False,True,False,False,True,False,False,none,COOLDOWN
AMD_RUB,2026-07-31,0.217814,False,False,False,False,False,False,False,none,NO_CANDIDATE
AMD_RUB,2026-08-03,0.216995,False,False,False,False,False,False,False,none,NO_CANDIDATE
AMD_RUB,2026-08-04,0.218779,False,False,False,False,False,False,False,none,NO_CANDIDATE
AMD_RUB,2026-08-05,0.221054,False,False,False,False,False,False,False,none,NO_CANDIDATE
AMD_RUB,2026-08-06,0.221034,False,False,False,False,False,False,False,none,NO_CANDIDATE
AMD_RUB,2026-08-07,0.222274,False,False,False,False,False,False,False,none,NO_CANDIDATE
AMD_RUB,2026-08-10,0.224394,False,False,False,False,False,False,False,none,NO_CANDIDATE
AMD_RUB,2026-08-11,0.225773,False,False,False,False,False,False,False,none,NO_CANDIDATE
AMD_RUB,2026-08-12,0.225023,False,False,False,False,False,False,False,none,NO_CANDIDATE
AMD_RUB,2026-08-13,0.226825,False,False,False,False,False,False,False,none,NO_CANDIDATE
AMD_RUB,2026-08-14,0.229065,False,False,False,False,False,False,False,none,NO_CANDIDATE
AMD_RUB,2026-08-17,0.231111,False,False,False,False,False,False,False,none,NO_CANDIDATE
AMD_RUB,2026-08-18,0.232595,False,False,False,False,False,False,False,none,NO_CANDIDATE
AMD_RUB,2026-08-19,0.233168,False,False,False,False,False,False,False,none,NO_CANDIDATE
AMD_RUB,2026-08-20,0.233257,False,False,False,False,False,False,False,none,NO_CANDIDATE
AMD_RUB,2026-08-21,0.228207,False,False,False,False,False,False,False,none,NO_CANDIDATE
AMD_RUB,2026-08-24,0.227082,True,False,True,True,False,False,True,good_day,GOOD_DAY
KGS_RUB,2025-01-01,1.16874,True,False,False,False,False,False,True,good_day,GOOD_DAY
KGS_RUB,2025-01-02,1.16874,True,False,False,False,True,False,False,none,COOLDOWN
KGS_RUB,2025-01-03,1.16874,True,False,False,False,True,False,False,none,COOLDOWN
KGS_RUB,2025-01-06,1.16874,True,False,False,False,False,False,True,good_day,GOOD_DAY
KGS_RUB,2025-01-07,1.16874,True,False,False,False,True,False,False,none,COOLDOWN
KGS_RUB,2025-01-08,1.16874,True,False,False,False,True,False,False,none,COOLDOWN
KGS_RUB,2025-01-09,1.16874,True,False,False,False,True,False,False,none,COOLDOWN
KGS_RUB,2025-01-10,1.17576,True,False,False,False,True,False,False,none,COOLDOWN
KGS_RUB,2025-01-13,1.17143,True,False,False,False,False,False,True,good_day,GOOD_DAY
KGS_RUB,2025-01-14,1.17467,True,False,False,False,True,False,False,none,COOLDOWN
KGS_RUB,2025-01-15,1.18282,False,False,False,False,False,False,False,none,NO_CANDIDATE
KGS_RUB,2025-01-16,1.17563,True,False,False,False,True,False,False,none,COOLDOWN
KGS_RUB,2025-01-17,1.17069,True,False,False,False,True,False,False,none,COOLDOWN
KGS_RUB,2025-01-20,1.17111,True,False,False,False,False,False,True,good_day,GOOD_DAY
KGS_RUB,2025-01-21,1.16593,True,False,False,False,True,False,False,none,COOLDOWN
KGS_RUB,2025-01-22,1.14269,True,False,True,True,True,False,False,none,COOLDOWN
KGS_RUB,2025-01-23,1.12385,True,False,True,True,True,False,False,none,COOLDOWN
KGS_RUB,2025-01-24,1.13322,True,False,True,True,True,False,False,none,COOLDOWN
KGS_RUB,2025-01-27,1.12365,True,False,True,True,False,False,True,good_day,GOOD_DAY
KGS_RUB,2025-01-28,1.11071,True,False,True,True,True,False,False,none,COOLDOWN
KGS_RUB,2025-01-29,1.12025,True,False,True,True,True,False,False,none,COOLDOWN
KGS_RUB,2025-01-30,1.12078,True,False,True,True,True,False,False,none,COOLDOWN
KGS_RUB,2025-01-31,1.12071,True,False,True,True,True,False,False,none,COOLDOWN
KGS_RUB,2025-02-03,1.11848,True,False,True,True,False,False,True,good_day,GOOD_DAY
KGS_RUB,2025-02-04,1.14286,False,False,False,False,False,False,False,none,NO_CANDIDATE
KGS_RUB,2025-02-05,1.12674,False,False,False,False,False,False,False,none,NO_CANDIDATE
KGS_RUB,2025-02-06,1.12128,True,False,False,False,True,False,False,none,COOLDOWN
KGS_RUB,2025-02-07,1.10818,True,False,True,True,True,False,False,none,COOLDOWN
KGS_RUB,2025-02-10,1.11236,True,False,False,False,False,False,True,good_day,GOOD_DAY
KGS_RUB,2025-02-11,1.10671,True,False,True,True,True,False,False,none,COOLDOWN
KGS_RUB,2025-02-12,1.09551,True,False,True,True,True,False,False,none,COOLDOWN
KGS_RUB,2025-02-13,1.07545,False,False,True,False,True,False,False,none,COOLDOWN
KGS_RUB,2025-02-14,1.04095,False,False,True,False,True,False,False,none,COOLDOWN
KGS_RUB,2025-02-17,1.0327,True,False,True,True,False,False,True,good_day,GOOD_DAY
KGS_RUB,2025-02-18,1.04557,False,True,True,True,True,False,False,none,COOLDOWN
KGS_RUB,2025-02-19,1.04448,False,False,True,False,True,False,False,none,COOLDOWN
KGS_RUB,2025-02-20,1.03404,True,False,True,True,True,False,False,none,COOLDOWN
KGS_RUB,2025-02-21,1.01212,False,False,True,False,True,False,False,none,COOLDOWN
KGS_RUB,2025-02-24,1.00821,False,False,True,False,False,False,True,positive_market_fact,POSITIVE_MARKET_FACT
KGS_RUB,2025-02-25,1.00865,False,False,True,False,True,False,False,none,COOLDOWN
KGS_RUB,2025-02-26,0.99065,False,False,True,False,True,False,False,none,COOLDOWN
KGS_RUB,2025-02-27,0.98259,False,False,True,False,True,False,False,none,COOLDOWN
KGS_RUB,2025-02-28,1.00282,False,False,True,False,True,False,False,none,COOLDOWN
KGS_RUB,2025-03-03,1.00924,False,False,False,False,False,False,False,none,NO_CANDIDATE
KGS_RUB,2025-03-04,1.02058,False,False,False,False,False,False,False,none,NO_CANDIDATE
KGS_RUB,2025-03-05,1.02056,False,False,False,False,False,False,False,none,NO_CANDIDATE
KGS_RUB,2025-03-06,1.02673,False,False,False,False,False,False,False,none,NO_CANDIDATE
KGS_RUB,2025-03-07,1.02436,False,False,False,False,False,False,False,none,NO_CANDIDATE
KGS_RUB,2025-03-10,1.01928,False,False,False,False,False,False,False,none,NO_CANDIDATE
KGS_RUB,2025-03-11,1.01072,False,False,True,False,False,False,True,positive_market_fact,POSITIVE_MARKET_FACT
KGS_RUB,2025-03-12,0.98991,False,False,True,False,True,False,False,none,COOLDOWN
KGS_RUB,2025-03-13,0.99051,False,False,True,False,True,False,False,none,COOLDOWN
KGS_RUB,2025-03-14,0.9905,False,False,True,False,True,False,False,none,COOLDOWN
KGS_RUB,2025-03-17,0.9785,False,False,True,False,False,False,True,positive_market_fact,POSITIVE_MARKET_FACT
KGS_RUB,2025-03-18,0.96464,False,False,True,False,True,False,False,none,COOLDOWN
KGS_RUB,2025-03-19,0.93664,False,False,True,False,True,False,False,none,COOLDOWN
KGS_RUB,2025-03-20,0.96775,False,False,True,False,True,False,False,none,COOLDOWN
KGS_RUB,2025-03-21,0.98243,False,False,False,False,False,False,False,none,NO_CANDIDATE
KGS_RUB,2025-03-24,0.98527,False,False,False,False,False,False,False,none,NO_CANDIDATE
KGS_RUB,2025-03-25,0.96751,False,False,True,False,False,False,True,positive_market_fact,POSITIVE_MARKET_FACT
KGS_RUB,2025-03-26,0.97371,False,False,False,False,False,False,False,none,NO_CANDIDATE
KGS_RUB,2025-03-27,0.973974,False,False,False,False,False,False,False,none,NO_CANDIDATE
KGS_RUB,2025-03-28,0.969187,False,False,True,False,True,False,False,none,COOLDOWN
KGS_RUB,2025-03-31,0.968534,False,False,True,False,False,False,True,positive_market_fact,POSITIVE_MARKET_FACT
KGS_RUB,2025-04-01,0.988338,False,False,False,False,False,False,False,none,NO_CANDIDATE
KGS_RUB,2025-04-02,0.979316,False,False,False,False,False,False,False,none,NO_CANDIDATE
KGS_RUB,2025-04-03,0.974435,False,False,False,False,False,False,False,none,NO_CANDIDATE
KGS_RUB,2025-04-04,0.973145,False,False,True,False,True,False,False,none,COOLDOWN
KGS_RUB,2025-04-07,0.971287,False,False,True,False,False,False,True,positive_market_fact,POSITIVE_MARKET_FACT
KGS_RUB,2025-04-08,0.992588,False,False,False,False,False,False,False,none,NO_CANDIDATE
KGS_RUB,2025-04-09,0.981702,False,False,False,False,False,False,False,none,NO_CANDIDATE
KGS_RUB,2025-04-10,0.985138,False,False,False,False,False,False,False,none,NO_CANDIDATE
KGS_RUB,2025-04-11,0.972166,False,False,False,False,False,False,False,none,NO_CANDIDATE
KGS_RUB,2025-04-14,0.960595,False,False,True,False,False,False,True,positive_market_fact,POSITIVE_MARKET_FACT
KGS_RUB,2025-04-15,0.946451,True,False,True,True,False,False,True,good_day,GOOD_DAY
KGS_RUB,2025-04-16,0.941121,False,False,True,False,True,False,False,none,COOLDOWN
KGS_RUB,2025-04-17,0.944766,False,False,True,False,True,False,False,none,COOLDOWN
KGS_RUB,2025-04-18,0.940235,False,False,True,False,True,False,False,none,COOLDOWN
KGS_RUB,2025-04-21,0.93154,False,False,True,False,False,False,True,positive_market_fact,POSITIVE_MARKET_FACT
KGS_RUB,2025-04-22,0.929685,False,False,True,False,True,False,False,none,COOLDOWN
KGS_RUB,2025-04-23,0.937692,False,False,False,False,False,False,False,none,NO_CANDIDATE
KGS_RUB,2025-04-24,0.946791,False,False,False,False,False,False,False,none,NO_CANDIDATE
KGS_RUB,2025-04-25,0.948905,False,False,False,False,False,False,False,none,NO_CANDIDATE
KGS_RUB,2025-04-28,0.945168,False,False,False,False,False,False,False,none,NO_CANDIDATE
KGS_RUB,2025-04-29,0.94393,False,False,False,False,False,False,False,none,NO_CANDIDATE
KGS_RUB,2025-04-30,0.932666,True,False,True,True,False,False,True,good_day,GOOD_DAY
KGS_RUB,2025-05-01,0.931885,False,False,True,False,True,False,False,none,COOLDOWN
KGS_RUB,2025-05-02,0.931885,False,False,True,False,True,False,False,none,COOLDOWN
KGS_RUB,2025-05-05,0.931885,True,False,True,True,False,False,True,good_day,GOOD_DAY
KGS_RUB,2025-05-06,0.936692,False,False,False,False,False,False,False,none,NO_CANDIDATE
KGS_RUB,2025-05-07,0.925836,True,False,True,True,True,False,False,none,COOLDOWN
KGS_RUB,2025-05-08,0.924656,True,False,True,True,True,False,False,none,COOLDOWN
KGS_RUB,2025-05-09,0.924656,True,False,True,True,True,False,False,none,COOLDOWN
KGS_RUB,2025-05-12,0.924656,True,False,False,False,False,False,True,good_day,GOOD_DAY
KGS_RUB,2025-05-13,0.924966,True,False,True,True,True,False,False,none,COOLDOWN
KGS_RUB,2025-05-14,0.921098,True,False,True,True,True,False,False,none,COOLDOWN
KGS_RUB,2025-05-15,0.917366,True,False,True,True,True,False,False,none,COOLDOWN
KGS_RUB,2025-05-16,0.918392,True,False,True,True,True,False,False,none,COOLDOWN
KGS_RUB,2025-05-19,0.923601,True,False,False,False,False,False,True,good_day,GOOD_DAY
KGS_RUB,2025-05-20,0.919539,True,False,True,True,True,False,False,none,COOLDOWN
KGS_RUB,2025-05-21,0.918325,True,False,True,True,True,False,False,none,COOLDOWN
KGS_RUB,2025-05-22,0.911984,True,False,True,True,True,False,False,none,COOLDOWN
KGS_RUB,2025-05-23,0.911786,True,False,True,True,True,False,False,none,COOLDOWN
KGS_RUB,2025-05-26,0.911501,True,False,True,True,False,False,True,good_day,GOOD_DAY
KGS_RUB,2025-05-27,0.910907,True,False,True,True,True,False,False,none,COOLDOWN
KGS_RUB,2025-05-28,0.910436,True,False,True,True,True,False,False,none,COOLDOWN
KGS_RUB,2025-05-29,0.910277,True,False,True,True,True,False,False,none,COOLDOWN
KGS_RUB,2025-05-30,0.897621,True,False,True,True,True,False,False,none,COOLDOWN
KGS_RUB,2025-06-02,0.898995,True,False,True,True,False,False,True,good_day,GOOD_DAY
KGS_RUB,2025-06-03,0.904843,True,False,False,False,True,False,False,none,COOLDOWN
KGS_RUB,2025-06-04,0.901714,True,False,False,False,True,False,False,none,COOLDOWN
KGS_RUB,2025-06-05,0.897684,True,False,True,True,True,False,False,none,COOLDOWN
KGS_RUB,2025-06-06,0.904828,True,False,False,False,True,False,False,none,COOLDOWN
KGS_RUB,2025-06-09,0.905321,True,False,False,False,False,False,True,good_day,GOOD_DAY
KGS_RUB,2025-06-10,0.905138,True,False,False,False,True,False,False,none,COOLDOWN
KGS_RUB,2025-06-11,0.898803,True,False,True,True,True,False,False,none,COOLDOWN
KGS_RUB,2025-06-12,0.903405,True,False,False,False,True,False,False,none,COOLDOWN
KGS_RUB,2025-06-13,0.903405,True,False,False,False,True,False,False,none,COOLDOWN
KGS_RUB,2025-06-16,0.903405,True,False,False,False,False,False,True,good_day,GOOD_DAY
KGS_RUB,2025-06-17,0.897732,True,False,True,True,True,False,False,none,COOLDOWN
KGS_RUB,2025-06-18,0.900097,True,False,False,False,True,False,False,none,COOLDOWN
KGS_RUB,2025-06-19,0.900142,True,False,False,False,True,False,False,none,COOLDOWN
KGS_RUB,2025-06-20,0.897472,True,False,True,True,True,False,False,none,COOLDOWN
KGS_RUB,2025-06-23,0.897674,True,False,False,False,False,False,True,good_day,GOOD_DAY
KGS_RUB,2025-06-24,0.895654,True,False,True,True,True,False,False,none,COOLDOWN
KGS_RUB,2025-06-25,0.898272,True,False,False,False,True,False,False,none,COOLDOWN
KGS_RUB,2025-06-26,0.896414,True,False,True,True,True,False,False,none,COOLDOWN
KGS_RUB,2025-06-27,0.89599,True,False,True,True,True,False,False,none,COOLDOWN
KGS_RUB,2025-06-30,0.897871,True,False,False,False,False,False,True,good_day,GOOD_DAY
KGS_RUB,2025-07-01,0.898194,True,False,False,False,True,False,False,none,COOLDOWN
KGS_RUB,2025-07-02,0.896719,True,False,True,True,True,False,False,none,COOLDOWN
KGS_RUB,2025-07-03,0.899417,True,False,False,False,True,False,False,none,COOLDOWN
KGS_RUB,2025-07-04,0.900893,True,False,False,False,True,False,False,none,COOLDOWN
KGS_RUB,2025-07-07,0.901491,True,False,False,False,False,False,True,good_day,GOOD_DAY
KGS_RUB,2025-07-08,0.900154,True,False,False,False,True,False,False,none,COOLDOWN
KGS_RUB,2025-07-09,0.893862,True,False,True,True,True,False,False,none,COOLDOWN
KGS_RUB,2025-07-10,0.893913,True,False,True,True,True,False,False,none,COOLDOWN
KGS_RUB,2025-07-11,0.890828,True,False,True,True,True,False,False,none,COOLDOWN
KGS_RUB,2025-07-14,0.890629,True,False,True,True,False,False,True,good_day,GOOD_DAY
KGS_RUB,2025-07-15,0.896264,True,False,False,False,True,False,False,none,COOLDOWN
KGS_RUB,2025-07-16,0.891463,True,False,False,False,True,False,False,none,COOLDOWN
KGS_RUB,2025-07-17,0.891464,True,False,False,False,True,False,False,none,COOLDOWN
KGS_RUB,2025-07-18,0.894061,True,False,False,False,True,False,False,none,COOLDOWN
KGS_RUB,2025-07-21,0.895516,True,False,False,False,False,False,True,good_day,GOOD_DAY
KGS_RUB,2025-07-22,0.895682,True,False,False,False,True,False,False,none,COOLDOWN
KGS_RUB,2025-07-23,0.892947,True,False,False,False,True,False,False,none,COOLDOWN
KGS_RUB,2025-07-24,0.897866,True,False,False,False,True,False,False,none,COOLDOWN
KGS_RUB,2025-07-25,0.90332,False,False,False,False,False,False,False,none,NO_CANDIDATE
KGS_RUB,2025-07-28,0.911257,False,False,False,False,False,False,False,none,NO_CANDIDATE
KGS_RUB,2025-07-29,0.911549,False,False,False,False,False,False,False,none,NO_CANDIDATE
KGS_RUB,2025-07-30,0.94163,False,False,False,False,False,False,False,none,NO_CANDIDATE
KGS_RUB,2025-07-31,0.935788,False,False,False,False,False,False,False,none,NO_CANDIDATE
KGS_RUB,2025-08-01,0.918425,False,False,False,False,False,False,False,none,NO_CANDIDATE
KGS_RUB,2025-08-04,0.918569,False,False,False,False,False,False,False,none,NO_CANDIDATE
KGS_RUB,2025-08-05,0.911076,True,False,False,False,False,False,True,good_day,GOOD_DAY
KGS_RUB,2025-08-06,0.915369,True,False,True,True,True,False,False,none,COOLDOWN
KGS_RUB,2025-08-07,0.916997,True,False,True,True,True,False,False,none,COOLDOWN
KGS_RUB,2025-08-08,0.907772,True,False,True,True,True,False,False,none,COOLDOWN
KGS_RUB,2025-08-11,0.912288,True,False,False,False,False,False,True,good_day,GOOD_DAY
KGS_RUB,2025-08-12,0.911235,True,False,False,False,True,False,False,none,COOLDOWN
KGS_RUB,2025-08-13,0.914384,True,False,False,False,True,False,False,none,COOLDOWN
KGS_RUB,2025-08-14,0.911313,True,False,False,False,True,False,False,none,COOLDOWN
KGS_RUB,2025-08-15,0.912868,True,False,False,False,True,False,False,none,COOLDOWN
KGS_RUB,2025-08-18,0.915211,True,False,False,False,False,False,True,good_day,GOOD_DAY
KGS_RUB,2025-08-19,0.919675,True,False,False,False,True,False,False,none,COOLDOWN
KGS_RUB,2025-08-20,0.918772,True,False,False,False,True,False,False,none,COOLDOWN
KGS_RUB,2025-08-21,0.916084,True,False,False,False,True,False,False,none,COOLDOWN
KGS_RUB,2025-08-22,0.917743,True,False,False,False,True,False,False,none,COOLDOWN
KGS_RUB,2025-08-25,0.923621,False,False,False,False,False,False,False,none,NO_CANDIDATE
KGS_RUB,2025-08-26,0.923471,True,False,False,False,False,False,True,good_day,GOOD_DAY
KGS_RUB,2025-08-27,0.921887,True,False,False,False,True,False,False,none,COOLDOWN
KGS_RUB,2025-08-28,0.920917,True,False,True,True,True,False,False,none,COOLDOWN
KGS_RUB,2025-08-29,0.91913,True,False,True,True,True,False,False,none,COOLDOWN
KGS_RUB,2025-09-01,0.919217,True,False,False,False,False,False,True,good_day,GOOD_DAY
KGS_RUB,2025-09-02,0.92033,True,False,False,False,True,False,False,none,COOLDOWN
KGS_RUB,2025-09-03,0.922325,True,False,False,False,True,False,False,none,COOLDOWN
KGS_RUB,2025-09-04,0.924652,True,False,False,False,True,False,False,none,COOLDOWN
KGS_RUB,2025-09-05,0.929648,False,True,False,False,True,False,False,none,COOLDOWN
KGS_RUB,2025-09-08,0.932597,False,False,False,False,False,False,False,none,NO_CANDIDATE
KGS_RUB,2025-09-09,0.941563,False,False,False,False,False,False,False,none,NO_CANDIDATE
KGS_RUB,2025-09-10,0.951887,False,False,False,False,False,False,False,none,NO_CANDIDATE
KGS_RUB,2025-09-11,0.971082,False,False,False,False,False,False,False,none,NO_CANDIDATE
KGS_RUB,2025-09-12,0.979585,False,False,False,False,False,False,False,none,NO_CANDIDATE
KGS_RUB,2025-09-15,0.964892,False,False,False,False,False,False,False,none,NO_CANDIDATE
KGS_RUB,2025-09-16,0.949935,False,False,False,False,False,False,False,none,NO_CANDIDATE
KGS_RUB,2025-09-17,0.947252,False,False,True,False,False,False,True,positive_market_fact,POSITIVE_MARKET_FACT
KGS_RUB,2025-09-18,0.949099,False,False,True,False,True,False,False,none,COOLDOWN
KGS_RUB,2025-09-19,0.951086,False,False,True,False,True,False,False,none,COOLDOWN
KGS_RUB,2025-09-22,0.955865,True,False,False,False,False,False,True,good_day,GOOD_DAY
KGS_RUB,2025-09-23,0.960762,False,False,False,False,False,False,False,none,NO_CANDIDATE
KGS_RUB,2025-09-24,0.953123,True,False,False,False,True,False,False,none,COOLDOWN
KGS_RUB,2025-09-25,0.960451,False,False,False,False,False,False,False,none,NO_CANDIDATE
KGS_RUB,2025-09-26,0.956054,True,False,False,False,True,False,False,none,COOLDOWN
KGS_RUB,2025-09-29,0.95611,True,False,False,False,False,False,True,good_day,GOOD_DAY
KGS_RUB,2025-09-30,0.948121,True,False,True,True,True,False,False,none,COOLDOWN
KGS_RUB,2025-10-01,0.945072,True,False,False,False,True,False,False,none,COOLDOWN
KGS_RUB,2025-10-02,0.931923,True,False,True,True,True,False,False,none,COOLDOWN
KGS_RUB,2025-10-03,0.926341,True,False,True,True,True,False,False,none,COOLDOWN
KGS_RUB,2025-10-06,0.936611,False,False,True,False,False,False,True,positive_market_fact,POSITIVE_MARKET_FACT
KGS_RUB,2025-10-07,0.949114,False,False,False,False,False,False,False,none,NO_CANDIDATE
KGS_RUB,2025-10-08,0.936934,False,False,False,False,False,False,False,none,NO_CANDIDATE
KGS_RUB,2025-10-09,0.932508,True,False,True,True,False,False,True,good_day,GOOD_DAY
KGS_RUB,2025-10-10,0.930966,True,False,True,True,True,False,False,none,COOLDOWN
KGS_RUB,2025-10-13,0.928414,True,False,True,True,True,False,False,none,COOLDOWN
KGS_RUB,2025-10-14,0.924583,True,False,True,True,False,False,True,good_day,GOOD_DAY
KGS_RUB,2025-10-15,0.914338,True,False,True,True,True,False,False,none,COOLDOWN
KGS_RUB,2025-10-16,0.901532,True,False,True,True,True,False,False,none,COOLDOWN
KGS_RUB,2025-10-17,0.904333,True,False,True,True,True,False,False,none,COOLDOWN
KGS_RUB,2025-10-20,0.926054,False,False,False,False,False,False,False,none,NO_CANDIDATE
KGS_RUB,2025-10-21,0.93034,False,False,False,False,False,False,False,none,NO_CANDIDATE
KGS_RUB,2025-10-22,0.930217,False,False,False,False,False,False,False,none,NO_CANDIDATE
KGS_RUB,2025-10-23,0.933732,False,False,False,False,False,False,False,none,NO_CANDIDATE
KGS_RUB,2025-10-24,0.92932,False,False,False,False,False,False,False,none,NO_CANDIDATE
KGS_RUB,2025-10-27,0.925915,False,False,False,False,False,False,False,none,NO_CANDIDATE
KGS_RUB,2025-10-28,0.9032,True,False,True,True,False,False,True,good_day,GOOD_DAY
KGS_RUB,2025-10-29,0.91272,False,True,True,True,True,False,False,none,COOLDOWN
KGS_RUB,2025-10-30,0.908765,True,False,True,True,True,False,False,none,COOLDOWN
KGS_RUB,2025-10-31,0.920568,False,False,False,False,False,False,False,none,NO_CANDIDATE
KGS_RUB,2025-11-03,0.924941,False,False,False,False,False,False,False,none,NO_CANDIDATE
KGS_RUB,2025-11-04,0.924941,False,False,False,False,False,False,False,none,NO_CANDIDATE
KGS_RUB,2025-11-05,0.924941,False,False,False,False,False,False,False,none,NO_CANDIDATE
KGS_RUB,2025-11-06,0.928399,False,False,False,False,False,False,False,none,NO_CANDIDATE
KGS_RUB,2025-11-07,0.930549,False,False,False,False,False,False,False,none,NO_CANDIDATE
KGS_RUB,2025-11-10,0.928824,True,False,False,False,False,False,True,good_day,GOOD_DAY
KGS_RUB,2025-11-11,0.926395,True,False,False,False,True,False,False,none,COOLDOWN
KGS_RUB,2025-11-12,0.930317,True,False,False,False,True,False,False,none,COOLDOWN
KGS_RUB,2025-11-13,0.929505,True,False,False,False,True,False,False,none,COOLDOWN
KGS_RUB,2025-11-14,0.921681,True,False,False,False,True,False,False,none,COOLDOWN
KGS_RUB,2025-11-17,0.927703,True,False,False,False,False,False,True,good_day,GOOD_DAY
KGS_RUB,2025-11-18,0.927732,True,False,False,False,True,False,False,none,COOLDOWN
KGS_RUB,2025-11-19,0.926882,True,False,False,False,True,False,False,none,COOLDOWN
KGS_RUB,2025-11-20,0.925612,True,False,False,False,True,False,False,none,COOLDOWN
KGS_RUB,2025-11-21,0.92318,True,False,True,True,True,False,False,none,COOLDOWN
KGS_RUB,2025-11-24,0.903655,True,False,True,True,False,False,True,good_day,GOOD_DAY
KGS_RUB,2025-11-25,0.902461,True,False,True,True,True,False,False,none,COOLDOWN
KGS_RUB,2025-11-26,0.902933,True,False,True,True,True,False,False,none,COOLDOWN
KGS_RUB,2025-11-27,0.898732,True,False,True,True,True,False,False,none,COOLDOWN
KGS_RUB,2025-11-28,0.8948,True,False,True,True,True,False,False,none,COOLDOWN
KGS_RUB,2025-12-01,0.89455,True,False,True,True,False,False,True,good_day,GOOD_DAY
KGS_RUB,2025-12-02,0.888539,True,False,True,True,True,False,False,none,COOLDOWN
KGS_RUB,2025-12-03,0.885799,True,False,True,True,True,False,False,none,COOLDOWN
KGS_RUB,2025-12-04,0.891431,True,False,True,True,True,False,False,none,COOLDOWN
KGS_RUB,2025-12-05,0.880169,True,False,True,True,True,False,False,none,COOLDOWN
KGS_RUB,2025-12-08,0.87014,True,False,True,True,False,False,True,good_day,GOOD_DAY
KGS_RUB,2025-12-09,0.883628,False,True,False,False,True,False,False,none,COOLDOWN
KGS_RUB,2025-12-10,0.878312,True,False,True,True,True,False,False,none,COOLDOWN
KGS_RUB,2025-12-11,0.890792,False,False,False,False,False,False,False,none,NO_CANDIDATE
KGS_RUB,2025-12-12,0.907259,False,False,False,False,False,False,False,none,NO_CANDIDATE
KGS_RUB,2025-12-15,0.911716,False,False,False,False,False,False,False,none,NO_CANDIDATE
KGS_RUB,2025-12-16,0.908513,False,False,False,False,False,False,False,none,NO_CANDIDATE
KGS_RUB,2025-12-17,0.908293,False,False,False,False,False,False,False,none,NO_CANDIDATE
KGS_RUB,2025-12-18,0.919162,False,False,False,False,False,False,False,none,NO_CANDIDATE
KGS_RUB,2025-12-19,0.915153,False,False,False,False,False,False,False,none,NO_CANDIDATE
KGS_RUB,2025-12-22,0.923065,False,False,False,False,False,False,False,none,NO_CANDIDATE
KGS_RUB,2025-12-23,0.906971,True,False,False,False,False,False,True,good_day,GOOD_DAY
KGS_RUB,2025-12-24,0.898628,True,False,True,True,True,False,False,none,COOLDOWN
KGS_RUB,2025-12-25,0.896933,True,False,True,True,True,False,False,none,COOLDOWN
KGS_RUB,2025-12-26,0.890616,True,False,True,True,True,False,False,none,COOLDOWN
KGS_RUB,2025-12-29,0.888674,True,False,True,True,False,False,True,good_day,GOOD_DAY
KGS_RUB,2025-12-30,0.886,True,False,True,True,True,False,False,none,COOLDOWN
KGS_RUB,2025-12-31,0.894861,False,False,False,False,False,False,False,none,NO_CANDIDATE
KGS_RUB,2026-01-01,0.894861,False,False,False,False,False,False,False,none,NO_CANDIDATE
KGS_RUB,2026-01-02,0.894861,False,False,False,False,False,False,False,none,NO_CANDIDATE
KGS_RUB,2026-01-05,0.894861,False,False,False,False,False,False,False,none,NO_CANDIDATE
KGS_RUB,2026-01-06,0.894861,False,False,False,False,False,False,False,none,NO_CANDIDATE
KGS_RUB,2026-01-07,0.894861,False,False,False,False,False,False,False,none,NO_CANDIDATE
KGS_RUB,2026-01-08,0.894861,False,False,False,False,False,False,False,none,NO_CANDIDATE
KGS_RUB,2026-01-09,0.894861,False,False,False,False,False,False,False,none,NO_CANDIDATE
KGS_RUB,2026-01-12,0.894861,True,False,False,False,False,False,True,good_day,GOOD_DAY
KGS_RUB,2026-01-13,0.900987,True,False,False,False,True,False,False,none,COOLDOWN
KGS_RUB,2026-01-14,0.901699,True,False,False,False,True,False,False,none,COOLDOWN
KGS_RUB,2026-01-15,0.898486,True,False,False,False,True,False,False,none,COOLDOWN
KGS_RUB,2026-01-16,0.897987,True,False,False,False,True,False,False,none,COOLDOWN
KGS_RUB,2026-01-19,0.890031,True,False,True,True,False,False,True,good_day,GOOD_DAY
KGS_RUB,2026-01-20,0.889178,True,False,True,True,True,False,False,none,COOLDOWN
KGS_RUB,2026-01-21,0.889934,True,False,True,True,True,False,False,none,COOLDOWN
KGS_RUB,2026-01-22,0.886403,True,False,True,True,True,False,False,none,COOLDOWN
KGS_RUB,2026-01-23,0.869505,True,False,True,True,True,False,False,none,COOLDOWN
KGS_RUB,2026-01-26,0.86821,True,False,True,True,False,False,True,good_day,GOOD_DAY
KGS_RUB,2026-01-27,0.869184,True,False,True,True,True,False,False,none,COOLDOWN
KGS_RUB,2026-01-28,0.875389,True,False,True,True,True,False,False,none,COOLDOWN
KGS_RUB,2026-01-29,0.872112,True,False,True,True,True,False,False,none,COOLDOWN
KGS_RUB,2026-01-30,0.869355,True,False,False,False,True,False,False,none,COOLDOWN
KGS_RUB,2026-02-02,0.866011,True,False,True,True,False,False,True,good_day,GOOD_DAY
KGS_RUB,2026-02-03,0.880758,False,True,False,False,True,False,False,none,COOLDOWN
KGS_RUB,2026-02-04,0.880294,False,False,False,False,False,False,False,none,NO_CANDIDATE
KGS_RUB,2026-02-05,0.879476,False,False,False,False,False,False,False,none,NO_CANDIDATE
KGS_RUB,2026-02-06,0.875384,False,False,True,False,True,False,False,none,COOLDOWN
KGS_RUB,2026-02-09,0.881121,False,False,False,False,False,False,False,none,NO_CANDIDATE
KGS_RUB,2026-02-10,0.887938,False,False,False,False,False,False,False,none,NO_CANDIDATE
KGS_RUB,2026-02-11,0.882894,False,False,False,False,False,False,False,none,NO_CANDIDATE
KGS_RUB,2026-02-12,0.885818,False,False,False,False,False,False,False,none,NO_CANDIDATE
KGS_RUB,2026-02-13,0.882653,True,False,False,False,False,False,True,good_day,GOOD_DAY
KGS_RUB,2026-02-16,0.882726,True,False,False,False,True,False,False,none,COOLDOWN
KGS_RUB,2026-02-17,0.876159,True,False,True,True,True,False,False,none,COOLDOWN
KGS_RUB,2026-02-18,0.877517,True,False,False,False,False,False,True,good_day,GOOD_DAY
KGS_RUB,2026-02-19,0.870811,True,False,True,True,True,False,False,none,COOLDOWN
KGS_RUB,2026-02-20,0.876392,True,False,False,False,True,False,False,none,COOLDOWN
KGS_RUB,2026-02-23,0.877666,True,False,False,False,False,False,True,good_day,GOOD_DAY
KGS_RUB,2026-02-24,0.877666,True,False,False,False,True,False,False,none,COOLDOWN
KGS_RUB,2026-02-25,0.87632,True,False,False,False,True,False,False,none,COOLDOWN
KGS_RUB,2026-02-26,0.874417,True,False,False,False,True,False,False,none,COOLDOWN
KGS_RUB,2026-02-27,0.881896,False,False,False,False,False,False,False,none,NO_CANDIDATE
KGS_RUB,2026-03-02,0.883632,False,False,False,False,False,False,False,none,NO_CANDIDATE
KGS_RUB,2026-03-03,0.882534,True,False,False,False,False,False,True,good_day,GOOD_DAY
KGS_RUB,2026-03-04,0.887476,False,False,False,False,False,False,False,none,NO_CANDIDATE
KGS_RUB,2026-03-05,0.889662,False,False,False,False,False,False,False,none,NO_CANDIDATE
KGS_RUB,2026-03-06,0.894178,False,False,False,False,False,False,False,none,NO_CANDIDATE
KGS_RUB,2026-03-09,0.905089,False,False,False,False,False,False,False,none,NO_CANDIDATE
KGS_RUB,2026-03-10,0.905089,False,False,False,False,False,False,False,none,NO_CANDIDATE
KGS_RUB,2026-03-11,0.900396,False,False,False,False,False,False,False,none,NO_CANDIDATE
KGS_RUB,2026-03-12,0.904151,False,False,False,False,False,False,False,none,NO_CANDIDATE
KGS_RUB,2026-03-13,0.904141,False,False,False,False,False,False,False,none,NO_CANDIDATE
KGS_RUB,2026-03-16,0.917389,False,False,False,False,False,False,False,none,NO_CANDIDATE
KGS_RUB,2026-03-17,0.926835,False,False,False,False,False,False,False,none,NO_CANDIDATE
KGS_RUB,2026-03-18,0.936653,False,False,False,False,False,False,False,none,NO_CANDIDATE
KGS_RUB,2026-03-19,0.950553,False,False,False,False,False,False,False,none,NO_CANDIDATE
KGS_RUB,2026-03-20,0.970154,False,False,False,False,False,False,False,none,NO_CANDIDATE
KGS_RUB,2026-03-23,0.960551,False,False,False,False,False,False,False,none,NO_CANDIDATE
KGS_RUB,2026-03-24,0.936264,False,False,False,False,False,False,False,none,NO_CANDIDATE
KGS_RUB,2026-03-25,0.925807,False,False,True,False,False,False,True,positive_market_fact,POSITIVE_MARKET_FACT
KGS_RUB,2026-03-26,0.923041,False,False,True,False,True,False,False,none,COOLDOWN
KGS_RUB,2026-03-27,0.939181,False,False,True,False,True,False,False,none,COOLDOWN
KGS_RUB,2026-03-30,0.927894,True,False,True,True,False,False,True,good_day,GOOD_DAY
KGS_RUB,2026-03-31,0.929623,True,False,False,False,True,False,False,none,COOLDOWN
KGS_RUB,2026-04-01,0.929107,True,False,False,False,True,False,False,none,COOLDOWN
KGS_RUB,2026-04-02,0.921937,True,False,False,False,True,False,False,none,COOLDOWN
KGS_RUB,2026-04-03,0.918631,False,False,True,False,True,False,False,none,COOLDOWN
KGS_RUB,2026-04-06,0.911713,True,False,True,True,False,False,True,good_day,GOOD_DAY
KGS_RUB,2026-04-07,0.90026,True,False,True,True,True,False,False,none,COOLDOWN
KGS_RUB,2026-04-08,0.90051,False,False,True,False,True,False,False,none,COOLDOWN
KGS_RUB,2026-04-09,0.895418,False,False,True,False,True,False,False,none,COOLDOWN
KGS_RUB,2026-04-10,0.890085,False,False,True,False,True,False,False,none,COOLDOWN
KGS_RUB,2026-04-13,0.880188,False,False,True,False,False,False,True,positive_market_fact,POSITIVE_MARKET_FACT
KGS_RUB,2026-04-14,0.871914,False,False,True,False,True,False,False,none,COOLDOWN
KGS_RUB,2026-04-15,0.867389,True,False,True,True,False,False,True,good_day,GOOD_DAY
KGS_RUB,2026-04-16,0.860316,False,False,True,False,True,False,False,none,COOLDOWN
KGS_RUB,2026-04-17,0.870053,False,True,True,True,True,False,False,none,COOLDOWN
KGS_RUB,2026-04-20,0.86968,False,False,True,False,False,False,True,positive_market_fact,POSITIVE_MARKET_FACT
KGS_RUB,2026-04-21,0.860343,False,False,True,False,True,False,False,none,COOLDOWN
KGS_RUB,2026-04-22,0.852956,False,False,True,False,True,False,False,none,COOLDOWN
KGS_RUB,2026-04-23,0.857849,False,False,True,False,True,False,False,none,COOLDOWN
KGS_RUB,2026-04-24,0.856085,False,False,True,False,True,False,False,none,COOLDOWN
KGS_RUB,2026-04-27,0.864125,False,False,False,False,False,False,False,none,NO_CANDIDATE
KGS_RUB,2026-04-28,0.855627,False,False,True,False,False,False,True,positive_market_fact,POSITIVE_MARKET_FACT
KGS_RUB,2026-04-29,0.854341,False,False,True,False,True,False,False,none,COOLDOWN
KGS_RUB,2026-04-30,0.85647,True,False,False,False,False,False,True,good_day,GOOD_DAY
KGS_RUB,2026-05-01,0.855651,True,False,True,True,True,False,False,none,COOLDOWN
KGS_RUB,2026-05-04,0.855651,True,False,False,False,True,False,False,none,COOLDOWN
KGS_RUB,2026-05-05,0.862942,False,False,False,False,False,False,False,none,NO_CANDIDATE
KGS_RUB,2026-05-06,0.861866,True,False,False,False,False,False,True,good_day,GOOD_DAY
KGS_RUB,2026-05-07,0.860492,True,False,False,False,True,False,False,none,COOLDOWN
KGS_RUB,2026-05-08,0.853586,True,False,True,True,True,False,False,none,COOLDOWN
KGS_RUB,2026-05-11,0.849873,True,False,True,True,False,False,True,good_day,GOOD_DAY
KGS_RUB,2026-05-12,0.849873,True,False,True,True,True,False,False,none,COOLDOWN
KGS_RUB,2026-05-13,0.843771,True,False,True,True,True,False,False,none,COOLDOWN
KGS_RUB,2026-05-14,0.838674,False,False,True,False,True,False,False,none,COOLDOWN
KGS_RUB,2026-05-15,0.836346,False,False,True,False,True,False,False,none,COOLDOWN
KGS_RUB,2026-05-18,0.836221,True,False,True,True,False,False,True,good_day,GOOD_DAY
KGS_RUB,2026-05-19,0.827326,True,False,True,True,True,False,False,none,COOLDOWN
KGS_RUB,2026-05-20,0.815238,True,False,True,True,True,False,False,none,COOLDOWN
KGS_RUB,2026-05-21,0.811331,True,False,True,True,True,False,False,none,COOLDOWN
KGS_RUB,2026-05-22,0.809493,True,False,True,True,True,False,False,none,COOLDOWN
KGS_RUB,2026-05-25,0.814282,True,False,True,True,False,False,True,good_day,GOOD_DAY
KGS_RUB,2026-05-26,0.818136,False,False,True,False,True,False,False,none,COOLDOWN
KGS_RUB,2026-05-27,0.819531,False,False,False,False,False,False,False,none,NO_CANDIDATE
KGS_RUB,2026-05-28,0.810763,True,False,True,True,True,False,False,none,COOLDOWN
KGS_RUB,2026-05-29,0.816141,True,False,False,False,True,False,False,none,COOLDOWN
KGS_RUB,2026-06-01,0.812149,True,False,False,False,False,False,True,good_day,GOOD_DAY
KGS_RUB,2026-06-02,0.818218,True,False,False,False,True,False,False,none,COOLDOWN
KGS_RUB,2026-06-03,0.829728,False,False,False,False,False,False,False,none,NO_CANDIDATE
KGS_RUB,2026-06-04,0.838692,False,False,False,False,False,False,False,none,NO_CANDIDATE
KGS_RUB,2026-06-05,0.849578,False,False,False,False,False,False,False,none,NO_CANDIDATE
KGS_RUB,2026-06-08,0.840125,False,False,False,False,False,False,False,none,NO_CANDIDATE
KGS_RUB,2026-06-09,0.837789,False,False,False,False,False,False,False,none,NO_CANDIDATE
KGS_RUB,2026-06-10,0.820264,True,False,True,True,False,False,True,good_day,GOOD_DAY
KGS_RUB,2026-06-11,0.820926,False,False,True,False,True,False,False,none,COOLDOWN
KGS_RUB,2026-06-12,0.822272,True,False,True,True,True,False,False,none,COOLDOWN
KGS_RUB,2026-06-15,0.822272,True,False,True,True,False,False,True,good_day,GOOD_DAY
KGS_RUB,2026-06-16,0.828488,False,True,True,True,True,False,False,none,COOLDOWN
KGS_RUB,2026-06-17,0.824915,True,False,False,False,True,False,False,none,COOLDOWN
KGS_RUB,2026-06-18,0.83188,False,False,False,False,False,False,False,none,NO_CANDIDATE
KGS_RUB,2026-06-19,0.838869,False,False,False,False,False,False,False,none,NO_CANDIDATE
KGS_RUB,2026-06-22,0.839783,False,False,False,False,False,False,False,none,NO_CANDIDATE
KGS_RUB,2026-06-23,0.843511,False,False,False,False,False,False,False,none,NO_CANDIDATE
KGS_RUB,2026-06-24,0.853288,False,False,False,False,False,False,False,none,NO_CANDIDATE
KGS_RUB,2026-06-25,0.855046,False,False,False,False,False,False,False,none,NO_CANDIDATE
KGS_RUB,2026-06-26,0.864891,False,False,False,False,False,False,False,none,NO_CANDIDATE
KGS_RUB,2026-06-29,0.881202,False,False,False,False,False,False,False,none,NO_CANDIDATE
KGS_RUB,2026-06-30,0.889124,False,False,False,False,False,False,False,none,NO_CANDIDATE
KGS_RUB,2026-07-01,0.895021,False,False,False,False,False,False,False,none,NO_CANDIDATE
KGS_RUB,2026-07-02,0.894971,False,False,False,False,False,False,False,none,NO_CANDIDATE
KGS_RUB,2026-07-03,0.89113,False,False,False,False,False,False,False,none,NO_CANDIDATE
KGS_RUB,2026-07-06,0.883115,False,False,True,False,False,False,True,positive_market_fact,POSITIVE_MARKET_FACT
KGS_RUB,2026-07-07,0.891589,False,False,False,False,False,False,False,none,NO_CANDIDATE
KGS_RUB,2026-07-08,0.870507,True,False,True,True,False,False,True,good_day,GOOD_DAY
KGS_RUB,2026-07-09,0.873672,True,False,True,True,True,False,False,none,COOLDOWN
KGS_RUB,2026-07-10,0.868287,True,False,True,True,True,False,False,none,COOLDOWN
KGS_RUB,2026-07-13,0.876681,True,False,False,False,False,False,True,good_day,GOOD_DAY
KGS_RUB,2026-07-14,0.876173,True,False,True,True,True,False,False,none,COOLDOWN
KGS_RUB,2026-07-15,0.886122,False,False,False,False,False,False,False,none,NO_CANDIDATE
KGS_RUB,2026-07-16,0.891444,False,False,False,False,False,False,False,none,NO_CANDIDATE
KGS_RUB,2026-07-17,0.895576,False,False,False,False,False,False,False,none,NO_CANDIDATE
KGS_RUB,2026-07-20,0.896497,False,False,False,False,False,False,False,none,NO_CANDIDATE
KGS_RUB,2026-07-21,0.895551,False,False,False,False,False,False,False,none,NO_CANDIDATE
KGS_RUB,2026-07-22,0.898273,False,False,False,False,False,False,False,none,NO_CANDIDATE
KGS_RUB,2026-07-23,0.897377,False,False,False,False,False,False,False,none,NO_CANDIDATE
KGS_RUB,2026-07-24,0.896568,False,False,False,False,False,False,False,none,NO_CANDIDATE
KGS_RUB,2026-07-27,0.89229,True,False,True,True,False,False,True,good_day,GOOD_DAY
KGS_RUB,2026-07-28,0.892135,True,False,True,True,True,False,False,none,COOLDOWN
KGS_RUB,2026-07-29,0.89992,True,False,False,False,True,False,False,none,COOLDOWN
KGS_RUB,2026-07-30,0.907456,False,True,False,False,True,False,False,none,COOLDOWN
KGS_RUB,2026-07-31,0.913177,False,False,False,False,False,False,False,none,NO_CANDIDATE
KGS_RUB,2026-08-03,0.908676,False,False,False,False,False,False,False,none,NO_CANDIDATE
KGS_RUB,2026-08-04,0.915594,False,False,False,False,False,False,False,none,NO_CANDIDATE
KGS_RUB,2026-08-05,0.92772,False,False,False,False,False,False,False,none,NO_CANDIDATE
KGS_RUB,2026-08-06,0.925435,False,False,False,False,False,False,False,none,NO_CANDIDATE
KGS_RUB,2026-08-07,0.930906,False,False,False,False,False,False,False,none,NO_CANDIDATE
KGS_RUB,2026-08-10,0.939583,False,False,False,False,False,False,False,none,NO_CANDIDATE
KGS_RUB,2026-08-11,0.944608,False,False,False,False,False,False,False,none,NO_CANDIDATE
KGS_RUB,2026-08-12,0.941958,False,False,False,False,False,False,False,none,NO_CANDIDATE
KGS_RUB,2026-08-13,0.949087,False,False,False,False,False,False,False,none,NO_CANDIDATE
KGS_RUB,2026-08-14,0.958328,False,False,False,False,False,False,False,none,NO_CANDIDATE
KGS_RUB,2026-08-17,0.96678,False,False,False,False,False,False,False,none,NO_CANDIDATE
KGS_RUB,2026-08-18,0.97214,False,False,False,False,False,False,False,none,NO_CANDIDATE
KGS_RUB,2026-08-19,0.973865,False,False,False,False,False,False,False,none,NO_CANDIDATE
KGS_RUB,2026-08-20,0.973463,False,False,False,False,False,False,False,none,NO_CANDIDATE
KGS_RUB,2026-08-21,0.953183,False,False,False,False,False,False,False,none,NO_CANDIDATE
KGS_RUB,2026-08-24,0.948212,True,False,True,True,False,False,True,good_day,GOOD_DAY
KZT_RUB,2025-01-01,0.19486,True,False,False,False,False,False,True,good_day,GOOD_DAY
KZT_RUB,2025-01-02,0.19486,True,False,False,False,True,False,False,none,COOLDOWN
KZT_RUB,2025-01-03,0.19486,True,False,False,False,True,False,False,none,COOLDOWN
KZT_RUB,2025-01-06,0.19486,True,False,False,False,False,False,True,good_day,GOOD_DAY
KZT_RUB,2025-01-07,0.19486,True,False,False,False,True,False,False,none,COOLDOWN
KZT_RUB,2025-01-08,0.19486,True,False,False,False,True,False,False,none,COOLDOWN
KZT_RUB,2025-01-09,0.19486,True,False,False,False,True,False,False,none,COOLDOWN
KZT_RUB,2025-01-10,0.194016,True,False,False,False,True,False,False,none,COOLDOWN
KZT_RUB,2025-01-13,0.194216,True,False,False,False,False,False,True,good_day,GOOD_DAY
KZT_RUB,2025-01-14,0.194962,True,False,False,False,True,False,False,none,COOLDOWN
KZT_RUB,2025-01-15,0.195713,True,False,False,False,True,False,False,none,COOLDOWN
KZT_RUB,2025-01-16,0.193889,True,False,True,True,True,False,False,none,COOLDOWN
KZT_RUB,2025-01-17,0.193272,True,False,True,True,True,False,False,none,COOLDOWN
KZT_RUB,2025-01-20,0.193361,True,False,False,False,False,False,True,good_day,GOOD_DAY
KZT_RUB,2025-01-21,0.19233,True,False,True,True,True,False,False,none,COOLDOWN
KZT_RUB,2025-01-22,0.188547,True,False,True,True,True,False,False,none,COOLDOWN
KZT_RUB,2025-01-23,0.186285,True,False,True,True,True,False,False,none,COOLDOWN
KZT_RUB,2025-01-24,0.19024,False,False,True,False,True,False,False,none,COOLDOWN
KZT_RUB,2025-01-27,0.188093,True,False,True,True,False,False,True,good_day,GOOD_DAY
KZT_RUB,2025-01-28,0.187571,True,False,True,True,True,False,False,none,COOLDOWN
KZT_RUB,2025-01-29,0.189573,False,False,False,False,False,False,False,none,NO_CANDIDATE
KZT_RUB,2025-01-30,0.189899,False,False,False,False,False,False,False,none,NO_CANDIDATE
KZT_RUB,2025-01-31,0.189622,False,False,False,False,False,False,False,none,NO_CANDIDATE
KZT_RUB,2025-02-03,0.188358,True,False,False,False,False,False,True,good_day,GOOD_DAY
KZT_RUB,2025-02-04,0.192889,False,False,False,False,False,False,False,none,NO_CANDIDATE
KZT_RUB,2025-02-05,0.188906,True,False,False,False,True,False,False,none,COOLDOWN
KZT_RUB,2025-02-06,0.188471,True,False,False,False,True,False,False,none,COOLDOWN
KZT_RUB,2025-02-07,0.187822,True,False,True,True,True,False,False,none,COOLDOWN
KZT_RUB,2025-02-10,0.188772,True,False,False,False,False,False,True,good_day,GOOD_DAY
KZT_RUB,2025-02-11,0.189331,True,False,True,True,True,False,False,none,COOLDOWN
KZT_RUB,2025-02-12,0.187668,True,False,True,True,True,False,False,none,COOLDOWN
KZT_RUB,2025-02-13,0.185709,True,False,True,True,True,False,False,none,COOLDOWN
KZT_RUB,2025-02-14,0.181587,True,False,True,True,True,False,False,none,COOLDOWN
KZT_RUB,2025-02-17,0.181389,True,False,True,True,False,False,True,good_day,GOOD_DAY
KZT_RUB,2025-02-18,0.184612,False,False,True,False,True,False,False,none,COOLDOWN
KZT_RUB,2025-02-19,0.183137,True,False,True,True,True,False,False,none,COOLDOWN
KZT_RUB,2025-02-20,0.18162,True,False,True,True,True,False,False,none,COOLDOWN
KZT_RUB,2025-02-21,0.175752,True,False,True,True,True,False,False,none,COOLDOWN
KZT_RUB,2025-02-24,0.17642,True,False,True,True,False,False,True,good_day,GOOD_DAY
KZT_RUB,2025-02-25,0.175546,True,False,True,True,True,False,False,none,COOLDOWN
KZT_RUB,2025-02-26,0.172268,False,False,True,False,True,False,False,none,COOLDOWN
KZT_RUB,2025-02-27,0.172307,False,False,True,False,True,False,False,none,COOLDOWN
KZT_RUB,2025-02-28,0.174946,False,True,True,True,True,False,False,none,COOLDOWN
KZT_RUB,2025-03-03,0.175989,False,False,False,False,False,False,False,none,NO_CANDIDATE
KZT_RUB,2025-03-04,0.178778,False,False,False,False,False,False,False,none,NO_CANDIDATE
KZT_RUB,2025-03-05,0.178808,False,False,False,False,False,False,False,none,NO_CANDIDATE
KZT_RUB,2025-03-06,0.179669,False,False,False,False,False,False,False,none,NO_CANDIDATE
KZT_RUB,2025-03-07,0.180331,False,False,False,False,False,False,False,none,NO_CANDIDATE
KZT_RUB,2025-03-10,0.179728,False,False,False,False,False,False,False,none,NO_CANDIDATE
KZT_RUB,2025-03-11,0.178618,False,False,False,False,False,False,False,none,NO_CANDIDATE
KZT_RUB,2025-03-12,0.174939,True,False,True,True,False,False,True,good_day,GOOD_DAY
KZT_RUB,2025-03-13,0.177308,False,False,True,False,True,False,False,none,COOLDOWN
KZT_RUB,2025-03-14,0.177081,False,False,True,False,True,False,False,none,COOLDOWN
KZT_RUB,2025-03-17,0.17277,False,False,True,False,False,False,True,positive_market_fact,POSITIVE_MARKET_FACT
KZT_RUB,2025-03-18,0.166893,False,False,True,False,True,False,False,none,COOLDOWN
KZT_RUB,2025-03-19,0.163317,False,False,True,False,True,False,False,none,COOLDOWN
KZT_RUB,2025-03-20,0.166896,False,False,True,False,True,False,False,none,COOLDOWN
KZT_RUB,2025-03-21,0.168683,False,False,True,False,True,False,False,none,COOLDOWN
KZT_RUB,2025-03-24,0.168327,False,False,True,False,False,False,True,positive_market_fact,POSITIVE_MARKET_FACT
KZT_RUB,2025-03-25,0.166803,False,False,True,False,True,False,False,none,COOLDOWN
KZT_RUB,2025-03-26,0.167438,False,False,False,False,False,False,False,none,NO_CANDIDATE
KZT_RUB,2025-03-27,0.167465,False,False,False,False,False,False,False,none,NO_CANDIDATE
KZT_RUB,2025-03-28,0.167065,False,False,False,False,False,False,False,none,NO_CANDIDATE
KZT_RUB,2025-03-31,0.16795,True,False,False,False,False,False,True,good_day,GOOD_DAY
KZT_RUB,2025-04-01,0.169831,False,False,False,False,False,False,False,none,NO_CANDIDATE
KZT_RUB,2025-04-02,0.168247,True,False,False,False,True,False,False,none,COOLDOWN
KZT_RUB,2025-04-03,0.168046,True,False,False,False,True,False,False,none,COOLDOWN
KZT_RUB,2025-04-04,0.167743,True,False,True,True,True,False,False,none,COOLDOWN
KZT_RUB,2025-04-07,0.168027,True,False,False,False,False,False,True,good_day,GOOD_DAY
KZT_RUB,2025-04-08,0.170895,False,False,False,False,False,False,False,none,NO_CANDIDATE
KZT_RUB,2025-04-09,0.16489,True,False,True,True,True,False,False,none,COOLDOWN
KZT_RUB,2025-04-10,0.166019,True,False,True,True,True,False,False,none,COOLDOWN
KZT_RUB,2025-04-11,0.163341,True,False,True,True,True,False,False,none,COOLDOWN
KZT_RUB,2025-04-14,0.163058,True,False,True,True,False,False,True,good_day,GOOD_DAY
KZT_RUB,2025-04-15,0.160732,True,False,True,True,True,False,False,none,COOLDOWN
KZT_RUB,2025-04-16,0.158817,True,False,True,True,True,False,False,none,COOLDOWN
KZT_RUB,2025-04-17,0.159775,True,False,True,True,True,False,False,none,COOLDOWN
KZT_RUB,2025-04-18,0.157226,True,False,True,True,True,False,False,none,COOLDOWN
KZT_RUB,2025-04-21,0.155079,True,False,True,True,False,False,True,good_day,GOOD_DAY
KZT_RUB,2025-04-22,0.154742,True,False,True,True,True,False,False,none,COOLDOWN
KZT_RUB,2025-04-23,0.156198,True,False,True,True,True,False,False,none,COOLDOWN
KZT_RUB,2025-04-24,0.158982,False,False,False,False,False,False,False,none,NO_CANDIDATE
KZT_RUB,2025-04-25,0.159849,False,False,False,False,False,False,False,none,NO_CANDIDATE
KZT_RUB,2025-04-28,0.159825,False,False,False,False,False,False,False,none,NO_CANDIDATE
KZT_RUB,2025-04-29,0.160276,False,False,False,False,False,False,False,none,NO_CANDIDATE
KZT_RUB,2025-04-30,0.158779,False,False,False,False,False,False,False,none,NO_CANDIDATE
KZT_RUB,2025-05-01,0.159067,False,False,False,False,False,False,False,none,NO_CANDIDATE
KZT_RUB,2025-05-02,0.159067,False,False,False,False,False,False,False,none,NO_CANDIDATE
KZT_RUB,2025-05-05,0.159067,True,False,False,False,False,False,True,good_day,GOOD_DAY
KZT_RUB,2025-05-06,0.158698,True,False,False,False,True,False,False,none,COOLDOWN
KZT_RUB,2025-05-07,0.156142,True,False,True,True,True,False,False,none,COOLDOWN
KZT_RUB,2025-05-08,0.157165,True,False,True,True,True,False,False,none,COOLDOWN
KZT_RUB,2025-05-09,0.157165,True,False,True,True,True,False,False,none,COOLDOWN
KZT_RUB,2025-05-12,0.157165,True,False,True,True,False,False,True,good_day,GOOD_DAY
KZT_RUB,2025-05-13,0.156757,True,False,True,True,True,False,False,none,COOLDOWN
KZT_RUB,2025-05-14,0.156791,True,False,False,False,True,False,False,none,COOLDOWN
KZT_RUB,2025-05-15,0.157283,True,False,False,False,True,False,False,none,COOLDOWN
KZT_RUB,2025-05-16,0.158656,False,False,False,False,False,False,False,none,NO_CANDIDATE
KZT_RUB,2025-05-19,0.15819,True,False,False,False,False,False,True,good_day,GOOD_DAY
KZT_RUB,2025-05-20,0.157826,True,False,False,False,True,False,False,none,COOLDOWN
KZT_RUB,2025-05-21,0.157225,True,False,True,True,True,False,False,none,COOLDOWN
KZT_RUB,2025-05-22,0.155892,True,False,True,True,True,False,False,none,COOLDOWN
KZT_RUB,2025-05-23,0.156164,True,False,True,True,True,False,False,none,COOLDOWN
KZT_RUB,2025-05-26,0.157199,True,False,False,False,False,False,True,good_day,GOOD_DAY
KZT_RUB,2025-05-27,0.155937,True,False,True,True,True,False,False,none,COOLDOWN
KZT_RUB,2025-05-28,0.155795,True,False,True,True,True,False,False,none,COOLDOWN
KZT_RUB,2025-05-29,0.155427,True,False,True,True,True,False,False,none,COOLDOWN
KZT_RUB,2025-05-30,0.153117,True,False,True,True,True,False,False,none,COOLDOWN
KZT_RUB,2025-06-02,0.154375,True,False,True,True,False,False,True,good_day,GOOD_DAY
KZT_RUB,2025-06-03,0.154908,False,False,False,False,False,False,False,none,NO_CANDIDATE
KZT_RUB,2025-06-04,0.154203,True,False,True,True,True,False,False,none,COOLDOWN
KZT_RUB,2025-06-05,0.153295,True,False,True,True,True,False,False,none,COOLDOWN
KZT_RUB,2025-06-06,0.154645,True,False,False,False,True,False,False,none,COOLDOWN
KZT_RUB,2025-06-09,0.155178,False,False,False,False,False,False,False,none,NO_CANDIDATE
KZT_RUB,2025-06-10,0.155147,False,False,False,False,False,False,False,none,NO_CANDIDATE
KZT_RUB,2025-06-11,0.154573,True,False,False,False,False,False,True,good_day,GOOD_DAY
KZT_RUB,2025-06-12,0.155389,False,False,False,False,False,False,False,none,NO_CANDIDATE
KZT_RUB,2025-06-13,0.155389,False,False,False,False,False,False,False,none,NO_CANDIDATE
KZT_RUB,2025-06-16,0.155389,True,False,False,False,False,False,True,good_day,GOOD_DAY
KZT_RUB,2025-06-17,0.153357,True,False,True,True,True,False,False,none,COOLDOWN
KZT_RUB,2025-06-18,0.153605,True,False,True,True,True,False,False,none,COOLDOWN
KZT_RUB,2025-06-19,0.152126,True,False,True,True,True,False,False,none,COOLDOWN
KZT_RUB,2025-06-20,0.151277,True,False,True,True,True,False,False,none,COOLDOWN
KZT_RUB,2025-06-23,0.151095,True,False,True,True,False,False,True,good_day,GOOD_DAY
KZT_RUB,2025-06-24,0.150109,True,False,True,True,True,False,False,none,COOLDOWN
KZT_RUB,2025-06-25,0.149752,True,False,True,True,True,False,False,none,COOLDOWN
KZT_RUB,2025-06-26,0.150591,True,False,True,True,True,False,False,none,COOLDOWN
KZT_RUB,2025-06-27,0.150842,True,False,True,True,True,False,False,none,COOLDOWN
KZT_RUB,2025-06-30,0.151384,False,False,False,False,False,False,False,none,NO_CANDIDATE
KZT_RUB,2025-07-01,0.150903,True,False,False,False,False,False,True,good_day,GOOD_DAY
KZT_RUB,2025-07-02,0.150909,True,False,False,False,True,False,False,none,COOLDOWN
KZT_RUB,2025-07-03,0.151464,False,True,False,False,True,False,False,none,COOLDOWN
KZT_RUB,2025-07-04,0.151982,False,False,False,False,False,False,False,none,NO_CANDIDATE
KZT_RUB,2025-07-07,0.151732,True,False,False,False,False,False,True,good_day,GOOD_DAY
KZT_RUB,2025-07-08,0.151525,True,False,False,False,True,False,False,none,COOLDOWN
KZT_RUB,2025-07-09,0.150465,True,False,True,True,True,False,False,none,COOLDOWN
KZT_RUB,2025-07-10,0.150454,True,False,True,True,True,False,False,none,COOLDOWN
KZT_RUB,2025-07-11,0.150111,True,False,True,True,True,False,False,none,COOLDOWN
KZT_RUB,2025-07-14,0.150259,True,False,False,False,False,False,True,good_day,GOOD_DAY
KZT_RUB,2025-07-15,0.150447,True,False,False,False,True,False,False,none,COOLDOWN
KZT_RUB,2025-07-16,0.148707,True,False,True,True,True,False,False,none,COOLDOWN
KZT_RUB,2025-07-17,0.148247,True,False,True,True,True,False,False,none,COOLDOWN
KZT_RUB,2025-07-18,0.148501,True,False,True,True,True,False,False,none,COOLDOWN
KZT_RUB,2025-07-21,0.147,True,False,True,True,False,False,True,good_day,GOOD_DAY
KZT_RUB,2025-07-22,0.146788,True,False,True,True,True,False,False,none,COOLDOWN
KZT_RUB,2025-07-23,0.147492,True,False,False,False,True,False,False,none,COOLDOWN
KZT_RUB,2025-07-24,0.147469,True,False,False,False,True,False,False,none,COOLDOWN
KZT_RUB,2025-07-25,0.14641,True,False,True,True,True,False,False,none,COOLDOWN
KZT_RUB,2025-07-28,0.146795,True,False,False,False,False,False,True,good_day,GOOD_DAY
KZT_RUB,2025-07-29,0.14605,True,False,True,True,True,False,False,none,COOLDOWN
KZT_RUB,2025-07-30,0.151851,False,False,False,False,False,False,False,none,NO_CANDIDATE
KZT_RUB,2025-07-31,0.150978,False,False,False,False,False,False,False,none,NO_CANDIDATE
KZT_RUB,2025-08-01,0.147003,True,False,False,False,True,False,False,none,COOLDOWN
KZT_RUB,2025-08-04,0.148543,False,False,False,False,False,False,False,none,NO_CANDIDATE
KZT_RUB,2025-08-05,0.146664,True,False,True,True,False,False,True,good_day,GOOD_DAY
KZT_RUB,2025-08-06,0.147741,False,False,True,False,True,False,False,none,COOLDOWN
KZT_RUB,2025-08-07,0.149185,False,False,True,False,True,False,False,none,COOLDOWN
KZT_RUB,2025-08-08,0.147946,False,False,False,False,False,False,False,none,NO_CANDIDATE
KZT_RUB,2025-08-11,0.14791,True,False,False,False,False,False,True,good_day,GOOD_DAY
KZT_RUB,2025-08-12,0.147672,True,False,True,True,True,False,False,none,COOLDOWN
KZT_RUB,2025-08-13,0.147185,True,False,True,True,True,False,False,none,COOLDOWN
KZT_RUB,2025-08-14,0.146791,True,False,True,True,True,False,False,none,COOLDOWN
KZT_RUB,2025-08-15,0.148274,False,False,False,False,False,False,False,none,NO_CANDIDATE
KZT_RUB,2025-08-18,0.148732,False,False,False,False,False,False,False,none,NO_CANDIDATE
KZT_RUB,2025-08-19,0.148697,False,False,False,False,False,False,False,none,NO_CANDIDATE
KZT_RUB,2025-08-20,0.14879,False,False,False,False,False,False,False,none,NO_CANDIDATE
KZT_RUB,2025-08-21,0.148736,False,False,False,False,False,False,False,none,NO_CANDIDATE
KZT_RUB,2025-08-22,0.149081,False,False,False,False,False,False,False,none,NO_CANDIDATE
KZT_RUB,2025-08-25,0.150162,False,False,False,False,False,False,False,none,NO_CANDIDATE
KZT_RUB,2025-08-26,0.150155,False,False,False,False,False,False,False,none,NO_CANDIDATE
KZT_RUB,2025-08-27,0.150239,False,False,False,False,False,False,False,none,NO_CANDIDATE
KZT_RUB,2025-08-28,0.150677,False,False,False,False,False,False,False,none,NO_CANDIDATE
KZT_RUB,2025-08-29,0.149344,True,False,False,False,False,False,True,good_day,GOOD_DAY
KZT_RUB,2025-09-01,0.149382,False,False,False,False,False,False,False,none,NO_CANDIDATE
KZT_RUB,2025-09-02,0.149341,True,False,False,False,True,False,False,none,COOLDOWN
KZT_RUB,2025-09-03,0.149654,True,False,False,False,False,False,True,good_day,GOOD_DAY
KZT_RUB,2025-09-04,0.149845,True,False,False,False,True,False,False,none,COOLDOWN
KZT_RUB,2025-09-05,0.150501,True,False,False,False,True,False,False,none,COOLDOWN
KZT_RUB,2025-09-08,0.151015,False,True,False,False,False,False,True,window_closing,WINDOW_CLOSING
KZT_RUB,2025-09-09,0.153073,False,False,False,False,False,False,False,none,NO_CANDIDATE
KZT_RUB,2025-09-10,0.155556,False,False,False,False,False,False,False,none,NO_CANDIDATE
KZT_RUB,2025-09-11,0.158211,False,False,False,False,False,False,False,none,NO_CANDIDATE
KZT_RUB,2025-09-12,0.159169,False,False,False,False,False,False,False,none,NO_CANDIDATE
KZT_RUB,2025-09-15,0.156581,False,False,False,False,False,False,False,none,NO_CANDIDATE
KZT_RUB,2025-09-16,0.153598,False,False,False,False,False,False,False,none,NO_CANDIDATE
KZT_RUB,2025-09-17,0.153065,False,False,True,False,False,False,True,positive_market_fact,POSITIVE_MARKET_FACT
KZT_RUB,2025-09-18,0.153832,False,False,True,False,True,False,False,none,COOLDOWN
KZT_RUB,2025-09-19,0.153736,False,False,True,False,True,False,False,none,COOLDOWN
KZT_RUB,2025-09-22,0.154414,False,False,True,False,False,False,True,positive_market_fact,POSITIVE_MARKET_FACT
KZT_RUB,2025-09-23,0.155248,False,False,False,False,False,False,False,none,NO_CANDIDATE
KZT_RUB,2025-09-24,0.153594,False,False,False,False,False,False,False,none,NO_CANDIDATE
KZT_RUB,2025-09-25,0.15411,False,False,False,False,False,False,False,none,NO_CANDIDATE
KZT_RUB,2025-09-26,0.154029,False,False,False,False,False,False,False,none,NO_CANDIDATE
KZT_RUB,2025-09-29,0.154356,True,False,False,False,False,False,True,good_day,GOOD_DAY
KZT_RUB,2025-09-30,0.152257,True,False,True,True,True,False,False,none,COOLDOWN
KZT_RUB,2025-10-01,0.150528,True,False,True,True,True,False,False,none,COOLDOWN
KZT_RUB,2025-10-02,0.148429,True,False,True,True,True,False,False,none,COOLDOWN
KZT_RUB,2025-10-03,0.147516,True,False,True,True,True,False,False,none,COOLDOWN
KZT_RUB,2025-10-06,0.149731,False,True,True,True,False,False,True,window_closing,WINDOW_CLOSING
KZT_RUB,2025-10-07,0.151579,False,False,False,False,False,False,False,none,NO_CANDIDATE
KZT_RUB,2025-10-08,0.150155,False,True,False,False,True,False,False,none,COOLDOWN
KZT_RUB,2025-10-09,0.15056,False,False,False,False,False,False,False,none,NO_CANDIDATE
KZT_RUB,2025-10-10,0.150743,False,False,False,False,False,False,False,none,NO_CANDIDATE
KZT_RUB,2025-10-13,0.149924,False,False,False,False,False,False,False,none,NO_CANDIDATE
KZT_RUB,2025-10-14,0.149992,True,False,True,True,False,False,True,good_day,GOOD_DAY
KZT_RUB,2025-10-15,0.148686,True,False,True,True,True,False,False,none,COOLDOWN
KZT_RUB,2025-10-16,0.146369,True,False,True,True,True,False,False,none,COOLDOWN
KZT_RUB,2025-10-17,0.146571,True,False,True,True,True,False,False,none,COOLDOWN
KZT_RUB,2025-10-20,0.150572,False,False,False,False,False,False,False,none,NO_CANDIDATE
KZT_RUB,2025-10-21,0.151697,False,False,False,False,False,False,False,none,NO_CANDIDATE
KZT_RUB,2025-10-22,0.15117,False,False,False,False,False,False,False,none,NO_CANDIDATE
KZT_RUB,2025-10-23,0.151617,False,False,False,False,False,False,False,none,NO_CANDIDATE
KZT_RUB,2025-10-24,0.150909,False,False,False,False,False,False,False,none,NO_CANDIDATE
KZT_RUB,2025-10-27,0.150474,False,False,False,False,False,False,False,none,NO_CANDIDATE
KZT_RUB,2025-10-28,0.146776,True,False,True,True,False,False,True,good_day,GOOD_DAY
KZT_RUB,2025-10-29,0.148324,False,True,True,True,True,False,False,none,COOLDOWN
KZT_RUB,2025-10-30,0.148315,False,False,True,False,True,False,False,none,COOLDOWN
KZT_RUB,2025-10-31,0.151851,False,False,False,False,False,False,False,none,NO_CANDIDATE
KZT_RUB,2025-11-03,0.15248,False,False,False,False,False,False,False,none,NO_CANDIDATE
KZT_RUB,2025-11-04,0.15248,False,False,False,False,False,False,False,none,NO_CANDIDATE
KZT_RUB,2025-11-05,0.15248,False,False,False,False,False,False,False,none,NO_CANDIDATE
KZT_RUB,2025-11-06,0.155388,False,False,False,False,False,False,False,none,NO_CANDIDATE
KZT_RUB,2025-11-07,0.155021,False,False,False,False,False,False,False,none,NO_CANDIDATE
KZT_RUB,2025-11-10,0.15419,False,False,False,False,False,False,False,none,NO_CANDIDATE
KZT_RUB,2025-11-11,0.154012,False,False,True,False,False,False,True,positive_market_fact,POSITIVE_MARKET_FACT
KZT_RUB,2025-11-12,0.155384,False,False,False,False,False,False,False,none,NO_CANDIDATE
KZT_RUB,2025-11-13,0.154746,False,False,False,False,False,False,False,none,NO_CANDIDATE
KZT_RUB,2025-11-14,0.153628,True,False,False,False,False,False,True,good_day,GOOD_DAY
KZT_RUB,2025-11-17,0.154729,True,False,False,False,True,False,False,none,COOLDOWN
KZT_RUB,2025-11-18,0.155365,False,False,False,False,False,False,False,none,NO_CANDIDATE
KZT_RUB,2025-11-19,0.154643,True,False,False,False,False,False,True,good_day,GOOD_DAY
KZT_RUB,2025-11-20,0.155361,False,False,False,False,False,False,False,none,NO_CANDIDATE
KZT_RUB,2025-11-21,0.15543,False,False,False,False,False,False,False,none,NO_CANDIDATE
KZT_RUB,2025-11-24,0.152501,True,False,True,True,False,False,True,good_day,GOOD_DAY
KZT_RUB,2025-11-25,0.152162,True,False,True,True,True,False,False,none,COOLDOWN
KZT_RUB,2025-11-26,0.151855,True,False,True,True,True,False,False,none,COOLDOWN
KZT_RUB,2025-11-27,0.151609,True,False,True,True,True,False,False,none,COOLDOWN
KZT_RUB,2025-11-28,0.150864,True,False,True,True,True,False,False,none,COOLDOWN
KZT_RUB,2025-12-01,0.151353,True,False,True,True,False,False,True,good_day,GOOD_DAY
KZT_RUB,2025-12-02,0.151606,True,False,False,False,True,False,False,none,COOLDOWN
KZT_RUB,2025-12-03,0.150868,True,False,True,True,True,False,False,none,COOLDOWN
KZT_RUB,2025-12-04,0.153396,False,False,False,False,False,False,False,none,NO_CANDIDATE
KZT_RUB,2025-12-05,0.152753,False,False,False,False,False,False,False,none,NO_CANDIDATE
KZT_RUB,2025-12-08,0.152294,True,False,False,False,False,False,True,good_day,GOOD_DAY
KZT_RUB,2025-12-09,0.153171,False,False,False,False,False,False,False,none,NO_CANDIDATE
KZT_RUB,2025-12-10,0.151108,True,False,True,True,True,False,False,none,COOLDOWN
KZT_RUB,2025-12-11,0.151338,True,False,True,True,True,False,False,none,COOLDOWN
KZT_RUB,2025-12-12,0.15305,False,False,False,False,False,False,False,none,NO_CANDIDATE
KZT_RUB,2025-12-15,0.15332,False,False,False,False,False,False,False,none,NO_CANDIDATE
KZT_RUB,2025-12-16,0.152091,True,False,False,False,False,False,True,good_day,GOOD_DAY
KZT_RUB,2025-12-17,0.152865,False,False,False,False,False,False,False,none,NO_CANDIDATE
KZT_RUB,2025-12-18,0.154694,False,False,False,False,False,False,False,none,NO_CANDIDATE
KZT_RUB,2025-12-19,0.155607,False,False,False,False,False,False,False,none,NO_CANDIDATE
KZT_RUB,2025-12-22,0.157184,False,False,False,False,False,False,False,none,NO_CANDIDATE
KZT_RUB,2025-12-23,0.153218,True,False,False,False,False,False,True,good_day,GOOD_DAY
KZT_RUB,2025-12-24,0.152586,True,False,False,False,True,False,False,none,COOLDOWN
KZT_RUB,2025-12-25,0.153743,False,False,False,False,False,False,False,none,NO_CANDIDATE
KZT_RUB,2025-12-26,0.152416,True,False,True,True,True,False,False,none,COOLDOWN
KZT_RUB,2025-12-29,0.151503,True,False,True,True,False,False,True,good_day,GOOD_DAY
KZT_RUB,2025-12-30,0.153481,False,False,False,False,False,False,False,none,NO_CANDIDATE
KZT_RUB,2025-12-31,0.154978,False,False,False,False,False,False,False,none,NO_CANDIDATE
KZT_RUB,2026-01-01,0.154978,False,False,False,False,False,False,False,none,NO_CANDIDATE
KZT_RUB,2026-01-02,0.154978,False,False,False,False,False,False,False,none,NO_CANDIDATE
KZT_RUB,2026-01-05,0.154978,False,False,False,False,False,False,False,none,NO_CANDIDATE
KZT_RUB,2026-01-06,0.154978,False,False,False,False,False,False,False,none,NO_CANDIDATE
KZT_RUB,2026-01-07,0.154978,False,False,False,False,False,False,False,none,NO_CANDIDATE
KZT_RUB,2026-01-08,0.154978,False,False,False,False,False,False,False,none,NO_CANDIDATE
KZT_RUB,2026-01-09,0.154978,True,False,False,False,False,False,True,good_day,GOOD_DAY
KZT_RUB,2026-01-12,0.154978,True,False,False,False,True,False,False,none,COOLDOWN
KZT_RUB,2026-01-13,0.154511,True,False,False,False,True,False,False,none,COOLDOWN
KZT_RUB,2026-01-14,0.154662,True,False,False,False,False,False,True,good_day,GOOD_DAY
KZT_RUB,2026-01-15,0.154137,True,False,False,False,True,False,False,none,COOLDOWN
KZT_RUB,2026-01-16,0.153847,True,False,False,False,True,False,False,none,COOLDOWN
KZT_RUB,2026-01-19,0.15233,True,False,True,True,False,False,True,good_day,GOOD_DAY
KZT_RUB,2026-01-20,0.151825,True,False,True,True,True,False,False,none,COOLDOWN
KZT_RUB,2026-01-21,0.152708,True,False,True,True,True,False,False,none,COOLDOWN
KZT_RUB,2026-01-22,0.152876,True,False,False,False,True,False,False,none,COOLDOWN
KZT_RUB,2026-01-23,0.150066,True,False,True,True,True,False,False,none,COOLDOWN
KZT_RUB,2026-01-26,0.150135,True,False,True,True,False,False,True,good_day,GOOD_DAY
KZT_RUB,2026-01-27,0.151008,True,False,False,False,True,False,False,none,COOLDOWN
KZT_RUB,2026-01-28,0.152558,False,False,False,False,False,False,False,none,NO_CANDIDATE
KZT_RUB,2026-01-29,0.151843,False,False,False,False,False,False,False,none,NO_CANDIDATE
KZT_RUB,2026-01-30,0.150873,True,False,False,False,True,False,False,none,COOLDOWN
KZT_RUB,2026-02-02,0.150511,True,False,True,True,False,False,True,good_day,GOOD_DAY
KZT_RUB,2026-02-03,0.153731,False,False,False,False,False,False,False,none,NO_CANDIDATE
KZT_RUB,2026-02-04,0.152388,False,False,False,False,False,False,False,none,NO_CANDIDATE
KZT_RUB,2026-02-05,0.152769,False,False,False,False,False,False,False,none,NO_CANDIDATE
KZT_RUB,2026-02-06,0.153519,False,False,False,False,False,False,False,none,NO_CANDIDATE
KZT_RUB,2026-02-09,0.155633,False,False,False,False,False,False,False,none,NO_CANDIDATE
KZT_RUB,2026-02-10,0.156986,False,False,False,False,False,False,False,none,NO_CANDIDATE
KZT_RUB,2026-02-11,0.156057,False,False,False,False,False,False,False,none,NO_CANDIDATE
KZT_RUB,2026-02-12,0.157487,False,False,False,False,False,False,False,none,NO_CANDIDATE
KZT_RUB,2026-02-13,0.15734,False,False,False,False,False,False,False,none,NO_CANDIDATE
KZT_RUB,2026-02-16,0.156175,False,False,False,False,False,False,False,none,NO_CANDIDATE
KZT_RUB,2026-02-17,0.154476,True,False,True,True,False,False,True,good_day,GOOD_DAY
KZT_RUB,2026-02-18,0.155983,True,False,False,False,True,False,False,none,COOLDOWN
KZT_RUB,2026-02-19,0.155416,True,False,True,True,True,False,False,none,COOLDOWN
KZT_RUB,2026-02-20,0.156633,False,False,False,False,False,False,False,none,NO_CANDIDATE
KZT_RUB,2026-02-23,0.156902,False,False,False,False,False,False,False,none,NO_CANDIDATE
KZT_RUB,2026-02-24,0.156902,False,False,False,False,False,False,False,none,NO_CANDIDATE
KZT_RUB,2026-02-25,0.154091,True,False,True,True,False,False,True,good_day,GOOD_DAY
KZT_RUB,2026-02-26,0.153905,True,False,False,False,True,False,False,none,COOLDOWN
KZT_RUB,2026-02-27,0.153856,True,False,True,True,True,False,False,none,COOLDOWN
KZT_RUB,2026-03-02,0.154008,True,False,True,True,False,False,True,good_day,GOOD_DAY
KZT_RUB,2026-03-03,0.155104,True,False,True,True,True,False,False,none,COOLDOWN
KZT_RUB,2026-03-04,0.154416,True,False,False,False,True,False,False,none,COOLDOWN
KZT_RUB,2026-03-05,0.156198,False,False,False,False,False,False,False,none,NO_CANDIDATE
KZT_RUB,2026-03-06,0.156433,False,False,False,False,False,False,False,none,NO_CANDIDATE
KZT_RUB,2026-03-09,0.160431,False,False,False,False,False,False,False,none,NO_CANDIDATE
KZT_RUB,2026-03-10,0.160431,False,False,False,False,False,False,False,none,NO_CANDIDATE
KZT_RUB,2026-03-11,0.15944,False,False,False,False,False,False,False,none,NO_CANDIDATE
KZT_RUB,2026-03-12,0.160841,False,False,False,False,False,False,False,none,NO_CANDIDATE
KZT_RUB,2026-03-13,0.161563,False,False,False,False,False,False,False,none,NO_CANDIDATE
KZT_RUB,2026-03-16,0.163166,False,False,False,False,False,False,False,none,NO_CANDIDATE
KZT_RUB,2026-03-17,0.164977,False,False,False,False,False,False,False,none,NO_CANDIDATE
KZT_RUB,2026-03-18,0.16847,False,False,False,False,False,False,False,none,NO_CANDIDATE
KZT_RUB,2026-03-19,0.173533,False,False,False,False,False,False,False,none,NO_CANDIDATE
KZT_RUB,2026-03-20,0.175833,False,False,False,False,False,False,False,none,NO_CANDIDATE
KZT_RUB,2026-03-23,0.174155,False,False,False,False,False,False,False,none,NO_CANDIDATE
KZT_RUB,2026-03-24,0.169752,False,False,False,False,False,False,False,none,NO_CANDIDATE
KZT_RUB,2026-03-25,0.167853,False,False,True,False,False,False,True,positive_market_fact,POSITIVE_MARKET_FACT
KZT_RUB,2026-03-26,0.167353,False,False,True,False,True,False,False,none,COOLDOWN
KZT_RUB,2026-03-27,0.170281,False,False,True,False,True,False,False,none,COOLDOWN
KZT_RUB,2026-03-30,0.168409,True,False,True,True,False,False,True,good_day,GOOD_DAY
KZT_RUB,2026-03-31,0.168478,True,False,False,False,True,False,False,none,COOLDOWN
KZT_RUB,2026-04-01,0.16873,True,False,False,False,True,False,False,none,COOLDOWN
KZT_RUB,2026-04-02,0.168397,True,False,False,False,True,False,False,none,COOLDOWN
KZT_RUB,2026-04-03,0.16909,False,False,False,False,False,False,False,none,NO_CANDIDATE
KZT_RUB,2026-04-06,0.168807,True,False,False,False,False,False,True,good_day,GOOD_DAY
KZT_RUB,2026-04-07,0.167342,True,False,False,False,True,False,False,none,COOLDOWN
KZT_RUB,2026-04-08,0.168871,True,False,False,False,True,False,False,none,COOLDOWN
KZT_RUB,2026-04-09,0.17009,False,False,False,False,False,False,False,none,NO_CANDIDATE
KZT_RUB,2026-04-10,0.16376,True,False,True,True,True,False,False,none,COOLDOWN
KZT_RUB,2026-04-13,0.160419,True,False,True,True,False,False,True,good_day,GOOD_DAY
KZT_RUB,2026-04-14,0.161158,True,False,True,True,True,False,False,none,COOLDOWN
KZT_RUB,2026-04-15,0.159725,True,False,True,True,True,False,False,none,COOLDOWN
KZT_RUB,2026-04-16,0.157734,True,False,True,True,True,False,False,none,COOLDOWN
KZT_RUB,2026-04-17,0.160492,False,False,True,False,True,False,False,none,COOLDOWN
KZT_RUB,2026-04-20,0.161315,False,False,False,False,False,False,False,none,NO_CANDIDATE
KZT_RUB,2026-04-21,0.160242,False,False,True,False,False,False,True,positive_market_fact,POSITIVE_MARKET_FACT
KZT_RUB,2026-04-22,0.158874,True,False,True,True,False,False,True,good_day,GOOD_DAY
KZT_RUB,2026-04-23,0.161383,False,False,False,False,False,False,False,none,NO_CANDIDATE
KZT_RUB,2026-04-24,0.162201,False,False,False,False,False,False,False,none,NO_CANDIDATE
KZT_RUB,2026-04-27,0.163172,False,False,False,False,False,False,False,none,NO_CANDIDATE
KZT_RUB,2026-04-28,0.160926,False,False,False,False,False,False,False,none,NO_CANDIDATE
KZT_RUB,2026-04-29,0.162098,False,False,False,False,False,False,False,none,NO_CANDIDATE
KZT_RUB,2026-04-30,0.163777,False,False,False,False,False,False,False,none,NO_CANDIDATE
KZT_RUB,2026-05-01,0.162066,False,False,False,False,False,False,False,none,NO_CANDIDATE
KZT_RUB,2026-05-04,0.162066,True,False,False,False,False,False,True,good_day,GOOD_DAY
KZT_RUB,2026-05-05,0.162966,False,False,False,False,False,False,False,none,NO_CANDIDATE
KZT_RUB,2026-05-06,0.162196,True,False,False,False,True,False,False,none,COOLDOWN
KZT_RUB,2026-05-07,0.16177,True,False,True,True,True,False,False,none,COOLDOWN
KZT_RUB,2026-05-08,0.161026,True,False,True,True,True,False,False,none,COOLDOWN
KZT_RUB,2026-05-11,0.160325,True,False,True,True,False,False,True,good_day,GOOD_DAY
KZT_RUB,2026-05-12,0.160325,True,False,True,True,True,False,False,none,COOLDOWN
KZT_RUB,2026-05-13,0.15997,True,False,True,True,True,False,False,none,COOLDOWN
KZT_RUB,2026-05-14,0.158095,True,False,True,True,True,False,False,none,COOLDOWN
KZT_RUB,2026-05-15,0.156402,True,False,True,True,True,False,False,none,COOLDOWN
KZT_RUB,2026-05-18,0.154264,True,False,True,True,False,False,True,good_day,GOOD_DAY
KZT_RUB,2026-05-19,0.15388,True,False,True,True,True,False,False,none,COOLDOWN
KZT_RUB,2026-05-20,0.152471,True,False,True,True,True,False,False,none,COOLDOWN
KZT_RUB,2026-05-21,0.150342,True,False,True,True,True,False,False,none,COOLDOWN
KZT_RUB,2026-05-22,0.150052,True,False,True,True,True,False,False,none,COOLDOWN
KZT_RUB,2026-05-25,0.151043,True,False,True,True,False,False,True,good_day,GOOD_DAY
KZT_RUB,2026-05-26,0.151967,False,False,True,False,True,False,False,none,COOLDOWN
KZT_RUB,2026-05-27,0.151685,False,False,False,False,False,False,False,none,NO_CANDIDATE
KZT_RUB,2026-05-28,0.14849,True,False,True,True,True,False,False,none,COOLDOWN
KZT_RUB,2026-05-29,0.149475,True,False,True,True,True,False,False,none,COOLDOWN
KZT_RUB,2026-06-01,0.146272,True,False,True,True,False,False,True,good_day,GOOD_DAY
KZT_RUB,2026-06-02,0.147244,True,False,True,True,True,False,False,none,COOLDOWN
KZT_RUB,2026-06-03,0.148396,False,False,True,False,True,False,False,none,COOLDOWN
KZT_RUB,2026-06-04,0.148725,False,False,False,False,False,False,False,none,NO_CANDIDATE
KZT_RUB,2026-06-05,0.151837,False,False,False,False,False,False,False,none,NO_CANDIDATE
KZT_RUB,2026-06-08,0.151376,False,False,False,False,False,False,False,none,NO_CANDIDATE
KZT_RUB,2026-06-09,0.150304,False,False,False,False,False,False,False,none,NO_CANDIDATE
KZT_RUB,2026-06-10,0.147968,False,True,True,True,False,False,True,window_closing,WINDOW_CLOSING
KZT_RUB,2026-06-11,0.146446,True,False,True,True,True,False,False,none,COOLDOWN
KZT_RUB,2026-06-12,0.147174,True,False,True,True,True,False,False,none,COOLDOWN
KZT_RUB,2026-06-15,0.147174,True,False,True,True,False,False,True,good_day,GOOD_DAY
KZT_RUB,2026-06-16,0.148062,False,False,True,False,True,False,False,none,COOLDOWN
KZT_RUB,2026-06-17,0.146812,True,False,False,False,True,False,False,none,COOLDOWN
KZT_RUB,2026-06-18,0.149328,False,False,False,False,False,False,False,none,NO_CANDIDATE
KZT_RUB,2026-06-19,0.149899,False,False,False,False,False,False,False,none,NO_CANDIDATE
KZT_RUB,2026-06-22,0.150573,False,False,False,False,False,False,False,none,NO_CANDIDATE
KZT_RUB,2026-06-23,0.151043,False,False,False,False,False,False,False,none,NO_CANDIDATE
KZT_RUB,2026-06-24,0.153221,False,False,False,False,False,False,False,none,NO_CANDIDATE
KZT_RUB,2026-06-25,0.153795,False,False,False,False,False,False,False,none,NO_CANDIDATE
KZT_RUB,2026-06-26,0.155301,False,False,False,False,False,False,False,none,NO_CANDIDATE
KZT_RUB,2026-06-29,0.158758,False,False,False,False,False,False,False,none,NO_CANDIDATE
KZT_RUB,2026-06-30,0.159833,False,False,False,False,False,False,False,none,NO_CANDIDATE
KZT_RUB,2026-07-01,0.161108,False,False,False,False,False,False,False,none,NO_CANDIDATE
KZT_RUB,2026-07-02,0.162808,False,False,False,False,False,False,False,none,NO_CANDIDATE
KZT_RUB,2026-07-03,0.162603,False,False,False,False,False,False,False,none,NO_CANDIDATE
KZT_RUB,2026-07-06,0.162764,False,False,False,False,False,False,False,none,NO_CANDIDATE
KZT_RUB,2026-07-07,0.165179,False,False,False,False,False,False,False,none,NO_CANDIDATE
KZT_RUB,2026-07-08,0.161273,False,False,False,False,False,False,False,none,NO_CANDIDATE
KZT_RUB,2026-07-09,0.1622,False,False,False,False,False,False,False,none,NO_CANDIDATE
KZT_RUB,2026-07-10,0.162251,False,False,False,False,False,False,False,none,NO_CANDIDATE
KZT_RUB,2026-07-13,0.16402,False,False,False,False,False,False,False,none,NO_CANDIDATE
KZT_RUB,2026-07-14,0.16488,False,False,False,False,False,False,False,none,NO_CANDIDATE
KZT_RUB,2026-07-15,0.162418,True,False,False,False,False,False,True,good_day,GOOD_DAY
KZT_RUB,2026-07-16,0.166262,False,False,False,False,False,False,False,none,NO_CANDIDATE
KZT_RUB,2026-07-17,0.166737,False,False,False,False,False,False,False,none,NO_CANDIDATE
KZT_RUB,2026-07-20,0.165979,False,False,False,False,False,False,False,none,NO_CANDIDATE
KZT_RUB,2026-07-21,0.16669,False,False,False,False,False,False,False,none,NO_CANDIDATE
KZT_RUB,2026-07-22,0.167037,False,False,False,False,False,False,False,none,NO_CANDIDATE
KZT_RUB,2026-07-23,0.167115,False,False,False,False,False,False,False,none,NO_CANDIDATE
KZT_RUB,2026-07-24,0.167657,False,False,False,False,False,False,False,none,NO_CANDIDATE
KZT_RUB,2026-07-27,0.167542,True,False,False,False,False,False,True,good_day,GOOD_DAY
KZT_RUB,2026-07-28,0.163878,True,False,True,True,True,False,False,none,COOLDOWN
KZT_RUB,2026-07-29,0.16624,False,False,False,False,False,False,False,none,NO_CANDIDATE
KZT_RUB,2026-07-30,0.166454,False,False,False,False,False,False,False,none,NO_CANDIDATE
KZT_RUB,2026-07-31,0.167356,False,False,False,False,False,False,False,none,NO_CANDIDATE
KZT_RUB,2026-08-03,0.167422,False,False,False,False,False,False,False,none,NO_CANDIDATE
KZT_RUB,2026-08-04,0.169068,False,False,False,False,False,False,False,none,NO_CANDIDATE
KZT_RUB,2026-08-05,0.170662,False,False,False,False,False,False,False,none,NO_CANDIDATE
KZT_RUB,2026-08-06,0.171468,False,False,False,False,False,False,False,none,NO_CANDIDATE
KZT_RUB,2026-08-07,0.173263,False,False,False,False,False,False,False,none,NO_CANDIDATE
KZT_RUB,2026-08-10,0.175765,False,False,False,False,False,False,False,none,NO_CANDIDATE
KZT_RUB,2026-08-11,0.175784,False,False,False,False,False,False,False,none,NO_CANDIDATE
KZT_RUB,2026-08-12,0.176738,False,False,False,False,False,False,False,none,NO_CANDIDATE
KZT_RUB,2026-08-13,0.178206,False,False,False,False,False,False,False,none,NO_CANDIDATE
KZT_RUB,2026-08-14,0.180154,False,False,False,False,False,False,False,none,NO_CANDIDATE
KZT_RUB,2026-08-17,0.181743,False,False,False,False,False,False,False,none,NO_CANDIDATE
KZT_RUB,2026-08-18,0.183211,False,False,False,False,False,False,False,none,NO_CANDIDATE
KZT_RUB,2026-08-19,0.184582,False,False,False,False,False,False,False,none,NO_CANDIDATE
KZT_RUB,2026-08-20,0.185011,False,False,False,False,False,False,False,none,NO_CANDIDATE
KZT_RUB,2026-08-21,0.180336,False,False,False,False,False,False,False,none,NO_CANDIDATE
KZT_RUB,2026-08-24,0.18096,True,False,False,False,False,False,True,good_day,GOOD_DAY
TJS_RUB,2025-01-01,9.30026,True,False,False,False,False,False,True,good_day,GOOD_DAY
TJS_RUB,2025-01-02,9.30026,True,False,False,False,True,False,False,none,COOLDOWN
TJS_RUB,2025-01-03,9.30026,True,False,False,False,True,False,False,none,COOLDOWN
TJS_RUB,2025-01-06,9.30026,True,False,False,False,False,False,True,good_day,GOOD_DAY
TJS_RUB,2025-01-07,9.30026,True,False,False,False,True,False,False,none,COOLDOWN
TJS_RUB,2025-01-08,9.30026,True,False,False,False,True,False,False,none,COOLDOWN
TJS_RUB,2025-01-09,9.30026,True,False,False,False,True,False,False,none,COOLDOWN
TJS_RUB,2025-01-10,9.35036,True,False,False,False,True,False,False,none,COOLDOWN
TJS_RUB,2025-01-13,9.30854,True,False,False,False,False,False,True,good_day,GOOD_DAY
TJS_RUB,2025-01-14,9.38419,True,False,False,False,True,False,False,none,COOLDOWN
TJS_RUB,2025-01-15,9.45088,False,False,False,False,False,False,False,none,NO_CANDIDATE
TJS_RUB,2025-01-16,9.39167,True,False,False,False,True,False,False,none,COOLDOWN
TJS_RUB,2025-01-17,9.35224,True,False,False,False,True,False,False,none,COOLDOWN
TJS_RUB,2025-01-20,9.35242,True,False,False,False,False,False,True,good_day,GOOD_DAY
TJS_RUB,2025-01-21,9.3188,True,False,False,False,True,False,False,none,COOLDOWN
TJS_RUB,2025-01-22,9.12895,True,False,True,True,True,False,False,none,COOLDOWN
TJS_RUB,2025-01-23,8.97841,True,False,True,True,True,False,False,none,COOLDOWN
TJS_RUB,2025-01-24,9.05251,True,False,True,True,True,False,False,none,COOLDOWN
TJS_RUB,2025-01-27,8.9763,True,False,True,True,False,False,True,good_day,GOOD_DAY
TJS_RUB,2025-01-28,8.87147,False,False,True,False,True,False,False,none,COOLDOWN
TJS_RUB,2025-01-29,8.94763,True,False,True,True,True,False,False,none,COOLDOWN
TJS_RUB,2025-01-30,8.97272,False,False,True,False,True,False,False,none,COOLDOWN
TJS_RUB,2025-01-31,8.98678,False,False,False,False,False,False,False,none,NO_CANDIDATE
TJS_RUB,2025-02-03,8.95358,True,False,False,False,False,False,True,good_day,GOOD_DAY
TJS_RUB,2025-02-04,9.14796,False,False,False,False,False,False,False,none,NO_CANDIDATE
TJS_RUB,2025-02-05,9.00566,False,False,False,False,False,False,False,none,NO_CANDIDATE
TJS_RUB,2025-02-06,8.96238,False,False,False,False,False,False,False,none,NO_CANDIDATE
TJS_RUB,2025-02-07,8.85455,True,False,True,True,True,False,False,none,COOLDOWN
TJS_RUB,2025-02-10,8.88992,True,False,False,False,False,False,True,good_day,GOOD_DAY
TJS_RUB,2025-02-11,8.84598,True,False,True,True,True,False,False,none,COOLDOWN
TJS_RUB,2025-02-12,8.75315,True,False,True,True,True,False,False,none,COOLDOWN
TJS_RUB,2025-02-13,8.59196,False,False,True,False,True,False,False,none,COOLDOWN
TJS_RUB,2025-02-14,8.31959,False,False,True,False,True,False,False,none,COOLDOWN
TJS_RUB,2025-02-17,8.25366,True,False,True,True,False,False,True,good_day,GOOD_DAY
TJS_RUB,2025-02-18,8.35615,False,True,True,True,True,False,False,none,COOLDOWN
TJS_RUB,2025-02-19,8.34519,False,False,True,False,True,False,False,none,COOLDOWN
TJS_RUB,2025-02-20,8.25717,True,False,True,True,True,False,False,none,COOLDOWN
TJS_RUB,2025-02-21,8.08217,True,False,True,True,True,False,False,none,COOLDOWN
TJS_RUB,2025-02-24,8.04992,False,False,True,False,False,False,True,positive_market_fact,POSITIVE_MARKET_FACT
TJS_RUB,2025-02-25,8.06349,False,False,True,False,True,False,False,none,COOLDOWN
TJS_RUB,2025-02-26,7.91954,False,False,True,False,True,False,False,none,COOLDOWN
TJS_RUB,2025-02-27,7.85138,False,False,True,False,True,False,False,none,COOLDOWN
TJS_RUB,2025-02-28,8.01505,False,False,True,False,True,False,False,none,COOLDOWN
TJS_RUB,2025-03-03,8.08442,False,False,False,False,False,False,False,none,NO_CANDIDATE
TJS_RUB,2025-03-04,8.17238,False,False,False,False,False,False,False,none,NO_CANDIDATE
TJS_RUB,2025-03-05,8.15527,False,False,False,False,False,False,False,none,NO_CANDIDATE
TJS_RUB,2025-03-06,8.2091,False,False,False,False,False,False,False,none,NO_CANDIDATE
TJS_RUB,2025-03-07,8.1894,False,False,False,False,False,False,False,none,NO_CANDIDATE
TJS_RUB,2025-03-10,8.15452,False,False,False,False,False,False,False,none,NO_CANDIDATE
TJS_RUB,2025-03-11,8.07255,False,False,True,False,False,False,True,positive_market_fact,POSITIVE_MARKET_FACT
TJS_RUB,2025-03-12,7.9063,False,False,True,False,True,False,False,none,COOLDOWN
TJS_RUB,2025-03-13,7.91654,True,False,True,True,False,False,True,good_day,GOOD_DAY
TJS_RUB,2025-03-14,7.91641,True,False,True,True,True,False,False,none,COOLDOWN
TJS_RUB,2025-03-17,7.82807,False,False,True,False,True,False,False,none,COOLDOWN
TJS_RUB,2025-03-18,7.70712,False,False,True,False,False,False,True,positive_market_fact,POSITIVE_MARKET_FACT
TJS_RUB,2025-03-19,7.45725,False,False,True,False,True,False,False,none,COOLDOWN
TJS_RUB,2025-03-20,7.58049,False,True,True,True,False,False,True,window_closing,WINDOW_CLOSING
TJS_RUB,2025-03-21,7.72251,False,False,True,False,True,False,False,none,COOLDOWN
TJS_RUB,2025-03-24,7.74489,False,False,True,False,True,False,False,none,COOLDOWN
TJS_RUB,2025-03-25,7.67477,False,False,True,False,False,False,True,positive_market_fact,POSITIVE_MARKET_FACT
TJS_RUB,2025-03-26,7.70398,False,False,True,False,True,False,False,none,COOLDOWN
TJS_RUB,2025-03-27,7.70522,False,False,False,False,False,False,False,none,NO_CANDIDATE
TJS_RUB,2025-03-28,7.6712,False,False,True,False,True,False,False,none,COOLDOWN
TJS_RUB,2025-03-31,7.67423,False,False,False,False,False,False,False,none,NO_CANDIDATE
TJS_RUB,2025-04-01,7.84068,False,False,False,False,False,False,False,none,NO_CANDIDATE
TJS_RUB,2025-04-02,7.7833,False,False,False,False,False,False,False,none,NO_CANDIDATE
TJS_RUB,2025-04-03,7.75011,False,False,False,False,False,False,False,none,NO_CANDIDATE
TJS_RUB,2025-04-04,7.75843,False,False,False,False,False,False,False,none,NO_CANDIDATE
TJS_RUB,2025-04-07,7.74872,False,False,False,False,False,False,False,none,NO_CANDIDATE
TJS_RUB,2025-04-08,7.91016,False,False,False,False,False,False,False,none,NO_CANDIDATE
TJS_RUB,2025-04-09,7.84643,False,False,False,False,False,False,False,none,NO_CANDIDATE
TJS_RUB,2025-04-10,7.90846,False,False,False,False,False,False,False,none,NO_CANDIDATE
TJS_RUB,2025-04-11,7.81303,False,False,False,False,False,False,False,none,NO_CANDIDATE
TJS_RUB,2025-04-14,7.70827,True,False,False,False,False,False,True,good_day,GOOD_DAY
TJS_RUB,2025-04-15,7.60105,False,False,True,False,True,False,False,none,COOLDOWN
TJS_RUB,2025-04-16,7.56631,False,False,True,False,True,False,False,none,COOLDOWN
TJS_RUB,2025-04-17,7.59287,False,False,True,False,True,False,False,none,COOLDOWN
TJS_RUB,2025-04-18,7.55242,False,False,True,False,True,False,False,none,COOLDOWN
TJS_RUB,2025-04-21,7.50234,False,False,True,False,False,False,True,positive_market_fact,POSITIVE_MARKET_FACT
TJS_RUB,2025-04-22,7.53904,False,False,True,False,True,False,False,none,COOLDOWN
TJS_RUB,2025-04-23,7.62453,False,False,False,False,False,False,False,none,NO_CANDIDATE
TJS_RUB,2025-04-24,7.73085,False,False,False,False,False,False,False,none,NO_CANDIDATE
TJS_RUB,2025-04-25,7.7894,False,False,False,False,False,False,False,none,NO_CANDIDATE
TJS_RUB,2025-04-28,7.77051,False,False,False,False,False,False,False,none,NO_CANDIDATE
TJS_RUB,2025-04-29,7.77539,False,False,False,False,False,False,False,none,NO_CANDIDATE
TJS_RUB,2025-04-30,7.695,False,False,False,False,False,False,False,none,NO_CANDIDATE
TJS_RUB,2025-05-01,7.7012,False,False,False,False,False,False,False,none,NO_CANDIDATE
TJS_RUB,2025-05-02,7.7012,False,False,True,False,False,False,True,positive_market_fact,POSITIVE_MARKET_FACT
TJS_RUB,2025-05-05,7.7012,True,False,False,False,False,False,True,good_day,GOOD_DAY
TJS_RUB,2025-05-06,7.88534,False,False,False,False,False,False,False,none,NO_CANDIDATE
TJS_RUB,2025-05-07,7.77495,False,False,False,False,False,False,False,none,NO_CANDIDATE
TJS_RUB,2025-05-08,7.75915,True,False,False,False,True,False,False,none,COOLDOWN
TJS_RUB,2025-05-09,7.75915,True,False,False,False,True,False,False,none,COOLDOWN
TJS_RUB,2025-05-12,7.75915,True,False,False,False,False,False,True,good_day,GOOD_DAY
TJS_RUB,2025-05-13,7.766,True,False,True,True,True,False,False,none,COOLDOWN
TJS_RUB,2025-05-14,7.73352,False,False,False,False,False,False,False,none,NO_CANDIDATE
TJS_RUB,2025-05-15,7.71552,True,False,False,False,True,False,False,none,COOLDOWN
TJS_RUB,2025-05-16,7.72415,True,False,False,False,True,False,False,none,COOLDOWN
TJS_RUB,2025-05-19,7.77761,True,False,False,False,False,False,True,good_day,GOOD_DAY
TJS_RUB,2025-05-20,7.7502,True,False,False,False,True,False,False,none,COOLDOWN
TJS_RUB,2025-05-21,7.77736,True,False,False,False,True,False,False,none,COOLDOWN
TJS_RUB,2025-05-22,7.73287,True,False,False,False,True,False,False,none,COOLDOWN
TJS_RUB,2025-05-23,7.74088,True,False,False,False,True,False,False,none,COOLDOWN
TJS_RUB,2025-05-26,7.75752,True,False,False,False,False,False,True,good_day,GOOD_DAY
TJS_RUB,2025-05-27,7.79021,True,False,False,False,True,False,False,none,COOLDOWN
TJS_RUB,2025-05-28,7.82575,False,False,False,False,False,False,False,none,NO_CANDIDATE
TJS_RUB,2025-05-29,7.86404,False,False,False,False,False,False,False,none,NO_CANDIDATE
TJS_RUB,2025-05-30,7.84029,False,False,False,False,False,False,False,none,NO_CANDIDATE
TJS_RUB,2025-06-02,7.8736,False,False,False,False,False,False,False,none,NO_CANDIDATE
TJS_RUB,2025-06-03,7.96125,False,False,False,False,False,False,False,none,NO_CANDIDATE
TJS_RUB,2025-06-04,7.97231,False,False,False,False,False,False,False,none,NO_CANDIDATE
TJS_RUB,2025-06-05,7.93668,False,False,False,False,False,False,False,none,NO_CANDIDATE
TJS_RUB,2025-06-06,8.00445,False,False,False,False,False,False,False,none,NO_CANDIDATE
TJS_RUB,2025-06-09,8.00881,False,False,False,False,False,False,False,none,NO_CANDIDATE
TJS_RUB,2025-06-10,7.98965,False,False,False,False,False,False,False,none,NO_CANDIDATE
TJS_RUB,2025-06-11,7.91528,True,False,False,False,False,False,True,good_day,GOOD_DAY
TJS_RUB,2025-06-12,7.95581,False,False,False,False,False,False,False,none,NO_CANDIDATE
TJS_RUB,2025-06-13,7.95581,True,False,False,False,True,False,False,none,COOLDOWN
TJS_RUB,2025-06-16,7.95581,True,False,False,False,False,False,True,good_day,GOOD_DAY
TJS_RUB,2025-06-17,7.74274,True,False,True,True,True,False,False,none,COOLDOWN
TJS_RUB,2025-06-18,7.77532,True,False,True,True,True,False,False,none,COOLDOWN
TJS_RUB,2025-06-19,7.80431,True,False,True,True,True,False,False,none,COOLDOWN
TJS_RUB,2025-06-20,7.91855,False,False,False,False,False,False,False,none,NO_CANDIDATE
TJS_RUB,2025-06-23,7.92017,False,False,False,False,False,False,False,none,NO_CANDIDATE
TJS_RUB,2025-06-24,7.90831,False,False,False,False,False,False,False,none,NO_CANDIDATE
TJS_RUB,2025-06-25,7.91418,False,False,False,False,False,False,False,none,NO_CANDIDATE
TJS_RUB,2025-06-26,7.89467,False,True,False,False,False,False,True,window_closing,WINDOW_CLOSING
TJS_RUB,2025-06-27,7.90001,False,False,False,False,False,False,False,none,NO_CANDIDATE
TJS_RUB,2025-06-30,7.92595,True,False,False,False,True,False,False,none,COOLDOWN
TJS_RUB,2025-07-01,7.932,True,False,False,False,False,False,True,good_day,GOOD_DAY
TJS_RUB,2025-07-02,7.95848,True,False,False,False,True,False,False,none,COOLDOWN
TJS_RUB,2025-07-03,7.97684,False,False,False,False,False,False,False,none,NO_CANDIDATE
TJS_RUB,2025-07-04,8.06039,False,False,False,False,False,False,False,none,NO_CANDIDATE
TJS_RUB,2025-07-07,8.06575,False,False,False,False,False,False,False,none,NO_CANDIDATE
TJS_RUB,2025-07-08,8.08779,False,False,False,False,False,False,False,none,NO_CANDIDATE
TJS_RUB,2025-07-09,8.09773,False,False,False,False,False,False,False,none,NO_CANDIDATE
TJS_RUB,2025-07-10,8.0982,False,False,False,False,False,False,False,none,NO_CANDIDATE
TJS_RUB,2025-07-11,8.05948,False,False,False,False,False,False,False,none,NO_CANDIDATE
TJS_RUB,2025-07-14,8.04004,True,False,False,False,False,False,True,good_day,GOOD_DAY
TJS_RUB,2025-07-15,8.09028,True,False,False,False,True,False,False,none,COOLDOWN
TJS_RUB,2025-07-16,8.12439,False,False,False,False,False,False,False,none,NO_CANDIDATE
TJS_RUB,2025-07-17,8.1244,False,False,False,False,False,False,False,none,NO_CANDIDATE
TJS_RUB,2025-07-18,8.15759,False,True,False,False,True,False,False,none,COOLDOWN
TJS_RUB,2025-07-21,8.15674,False,True,False,False,False,False,True,window_closing,WINDOW_CLOSING
TJS_RUB,2025-07-22,8.17511,False,False,False,False,False,False,False,none,NO_CANDIDATE
TJS_RUB,2025-07-23,8.15015,False,False,False,False,False,False,False,none,NO_CANDIDATE
TJS_RUB,2025-07-24,8.1857,False,False,False,False,False,False,False,none,NO_CANDIDATE
TJS_RUB,2025-07-25,8.22897,False,True,False,False,True,False,False,none,COOLDOWN
TJS_RUB,2025-07-28,8.34026,False,False,False,False,False,False,False,none,NO_CANDIDATE
TJS_RUB,2025-07-29,8.33917,False,False,False,False,False,False,False,none,NO_CANDIDATE
TJS_RUB,2025-07-30,8.61598,False,False,False,False,False,False,False,none,NO_CANDIDATE
TJS_RUB,2025-07-31,8.58959,False,False,False,False,False,False,False,none,NO_CANDIDATE
TJS_RUB,2025-08-01,8.43021,False,False,False,False,False,False,False,none,NO_CANDIDATE
TJS_RUB,2025-08-04,8.45425,False,False,False,False,False,False,False,none,NO_CANDIDATE
TJS_RUB,2025-08-05,8.39712,True,False,False,False,False,False,True,good_day,GOOD_DAY
TJS_RUB,2025-08-06,8.46828,False,True,True,True,True,False,False,none,COOLDOWN
TJS_RUB,2025-08-07,8.54254,False,False,False,False,False,False,False,none,NO_CANDIDATE
TJS_RUB,2025-08-08,8.45661,False,True,False,False,True,False,False,none,COOLDOWN
TJS_RUB,2025-08-11,8.50629,False,True,False,False,False,False,True,window_closing,WINDOW_CLOSING
TJS_RUB,2025-08-12,8.50015,False,True,False,False,True,False,False,none,COOLDOWN
TJS_RUB,2025-08-13,8.53136,False,True,False,False,True,False,False,none,COOLDOWN
TJS_RUB,2025-08-14,8.51025,False,True,False,False,True,False,False,none,COOLDOWN
TJS_RUB,2025-08-15,8.52795,False,True,False,False,True,False,False,none,COOLDOWN
TJS_RUB,2025-08-18,8.56111,False,True,False,False,False,False,True,window_closing,WINDOW_CLOSING
TJS_RUB,2025-08-19,8.59661,False,True,False,False,True,False,False,none,COOLDOWN
TJS_RUB,2025-08-20,8.58817,False,True,False,False,True,False,False,none,COOLDOWN
TJS_RUB,2025-08-21,8.55077,True,False,False,False,True,False,False,none,COOLDOWN
TJS_RUB,2025-08-22,8.53067,True,False,True,True,True,False,False,none,COOLDOWN
TJS_RUB,2025-08-25,8.58328,True,False,False,False,False,False,True,good_day,GOOD_DAY
TJS_RUB,2025-08-26,8.44427,True,False,True,True,True,False,False,none,COOLDOWN
TJS_RUB,2025-08-27,8.38524,True,False,True,True,True,False,False,none,COOLDOWN
TJS_RUB,2025-08-28,8.37529,True,False,True,True,True,False,False,none,COOLDOWN
TJS_RUB,2025-08-29,8.36678,True,False,True,True,True,False,False,none,COOLDOWN
TJS_RUB,2025-09-01,8.40465,True,False,True,True,False,False,True,good_day,GOOD_DAY
TJS_RUB,2025-09-02,8.50161,False,True,False,False,True,False,False,none,COOLDOWN
TJS_RUB,2025-09-03,8.55824,False,False,False,False,False,False,False,none,NO_CANDIDATE
TJS_RUB,2025-09-04,8.59536,False,False,False,False,False,False,False,none,NO_CANDIDATE
TJS_RUB,2025-09-05,8.5903,False,False,False,False,False,False,False,none,NO_CANDIDATE
TJS_RUB,2025-09-08,8.61755,False,False,False,False,False,False,False,none,NO_CANDIDATE
TJS_RUB,2025-09-09,8.6981,False,False,False,False,False,False,False,none,NO_CANDIDATE
TJS_RUB,2025-09-10,8.79347,False,False,False,False,False,False,False,none,NO_CANDIDATE
TJS_RUB,2025-09-11,8.97079,False,False,False,False,False,False,False,none,NO_CANDIDATE
TJS_RUB,2025-09-12,9.00407,False,False,False,False,False,False,False,none,NO_CANDIDATE
TJS_RUB,2025-09-15,8.86901,False,False,False,False,False,False,False,none,NO_CANDIDATE
TJS_RUB,2025-09-16,8.73089,False,False,False,False,False,False,False,none,NO_CANDIDATE
TJS_RUB,2025-09-17,8.74895,False,True,False,False,False,False,True,window_closing,WINDOW_CLOSING
TJS_RUB,2025-09-18,8.76614,False,False,True,False,True,False,False,none,COOLDOWN
TJS_RUB,2025-09-19,8.81307,False,False,True,False,True,False,False,none,COOLDOWN
TJS_RUB,2025-09-22,8.86177,False,False,False,False,False,False,False,none,NO_CANDIDATE
TJS_RUB,2025-09-23,8.91198,False,False,False,False,False,False,False,none,NO_CANDIDATE
TJS_RUB,2025-09-24,8.84403,False,False,False,False,False,False,False,none,NO_CANDIDATE
TJS_RUB,2025-09-25,8.92036,False,False,False,False,False,False,False,none,NO_CANDIDATE
TJS_RUB,2025-09-26,8.89085,False,False,False,False,False,False,False,none,NO_CANDIDATE
TJS_RUB,2025-09-29,8.89137,True,False,False,False,False,False,True,good_day,GOOD_DAY
TJS_RUB,2025-09-30,8.8173,True,False,True,True,True,False,False,none,COOLDOWN
TJS_RUB,2025-10-01,8.78972,True,False,False,False,True,False,False,none,COOLDOWN
TJS_RUB,2025-10-02,8.68363,True,False,True,True,True,False,False,none,COOLDOWN
TJS_RUB,2025-10-03,8.64128,True,False,True,True,True,False,False,none,COOLDOWN
TJS_RUB,2025-10-06,8.79043,False,False,True,False,False,False,True,positive_market_fact,POSITIVE_MARKET_FACT
TJS_RUB,2025-10-07,8.91036,False,False,False,False,False,False,False,none,NO_CANDIDATE
TJS_RUB,2025-10-08,8.79602,False,True,False,False,False,False,True,window_closing,WINDOW_CLOSING
TJS_RUB,2025-10-09,8.75239,False,True,False,False,True,False,False,none,COOLDOWN
TJS_RUB,2025-10-10,8.74017,False,True,True,True,True,False,False,none,COOLDOWN
TJS_RUB,2025-10-13,8.73798,False,False,True,False,False,False,True,positive_market_fact,POSITIVE_MARKET_FACT
TJS_RUB,2025-10-14,8.72653,True,False,True,True,False,False,True,good_day,GOOD_DAY
TJS_RUB,2025-10-15,8.64383,True,False,True,True,True,False,False,none,COOLDOWN
TJS_RUB,2025-10-16,8.52452,True,False,True,True,True,False,False,none,COOLDOWN
TJS_RUB,2025-10-17,8.56693,True,False,True,True,True,False,False,none,COOLDOWN
TJS_RUB,2025-10-20,8.77945,False,False,False,False,False,False,False,none,NO_CANDIDATE
TJS_RUB,2025-10-21,8.82831,False,False,False,False,False,False,False,none,NO_CANDIDATE
TJS_RUB,2025-10-22,8.83127,False,False,False,False,False,False,False,none,NO_CANDIDATE
TJS_RUB,2025-10-23,8.86464,False,False,False,False,False,False,False,none,NO_CANDIDATE
TJS_RUB,2025-10-24,8.78669,False,False,False,False,False,False,False,none,NO_CANDIDATE
TJS_RUB,2025-10-27,8.75451,False,False,False,False,False,False,False,none,NO_CANDIDATE
TJS_RUB,2025-10-28,8.47804,True,False,True,True,False,False,True,good_day,GOOD_DAY
TJS_RUB,2025-10-29,8.58676,False,True,True,True,True,False,False,none,COOLDOWN
TJS_RUB,2025-10-30,8.54762,True,False,True,True,True,False,False,none,COOLDOWN
TJS_RUB,2025-10-31,8.66983,False,False,True,False,True,False,False,none,COOLDOWN
TJS_RUB,2025-11-03,8.72774,False,False,False,False,False,False,False,none,NO_CANDIDATE
TJS_RUB,2025-11-04,8.72774,False,False,False,False,False,False,False,none,NO_CANDIDATE
TJS_RUB,2025-11-05,8.72774,False,False,False,False,False,False,False,none,NO_CANDIDATE
TJS_RUB,2025-11-06,8.75461,False,False,False,False,False,False,False,none,NO_CANDIDATE
TJS_RUB,2025-11-07,8.77318,False,False,False,False,False,False,False,none,NO_CANDIDATE
TJS_RUB,2025-11-10,8.75692,False,False,False,False,False,False,False,none,NO_CANDIDATE
TJS_RUB,2025-11-11,8.73401,True,False,False,False,False,False,True,good_day,GOOD_DAY
TJS_RUB,2025-11-12,8.76693,True,False,False,False,True,False,False,none,COOLDOWN
TJS_RUB,2025-11-13,8.75928,True,False,False,False,True,False,False,none,COOLDOWN
TJS_RUB,2025-11-14,8.68601,True,False,False,False,True,False,False,none,COOLDOWN
TJS_RUB,2025-11-17,8.74276,True,False,False,False,False,False,True,good_day,GOOD_DAY
TJS_RUB,2025-11-18,8.74389,True,False,False,False,True,False,False,none,COOLDOWN
TJS_RUB,2025-11-19,8.73208,True,False,False,False,True,False,False,none,COOLDOWN
TJS_RUB,2025-11-20,8.72043,True,False,False,False,True,False,False,none,COOLDOWN
TJS_RUB,2025-11-21,8.69686,True,False,True,True,True,False,False,none,COOLDOWN
TJS_RUB,2025-11-24,8.50559,True,False,True,True,False,False,True,good_day,GOOD_DAY
TJS_RUB,2025-11-25,8.49381,True,False,True,True,True,False,False,none,COOLDOWN
TJS_RUB,2025-11-26,8.49798,True,False,True,True,True,False,False,none,COOLDOWN
TJS_RUB,2025-11-27,8.45844,True,False,True,True,True,False,False,none,COOLDOWN
TJS_RUB,2025-11-28,8.42661,True,False,True,True,True,False,False,none,COOLDOWN
TJS_RUB,2025-12-01,8.42425,True,False,True,True,False,False,True,good_day,GOOD_DAY
TJS_RUB,2025-12-02,8.38244,True,False,True,True,True,False,False,none,COOLDOWN
TJS_RUB,2025-12-03,8.35659,True,False,True,True,True,False,False,none,COOLDOWN
TJS_RUB,2025-12-04,8.42262,True,False,True,True,True,False,False,none,COOLDOWN
TJS_RUB,2025-12-05,8.32072,True,False,True,True,True,False,False,none,COOLDOWN
TJS_RUB,2025-12-08,8.22937,True,False,True,True,False,False,True,good_day,GOOD_DAY
TJS_RUB,2025-12-09,8.35694,False,False,False,False,False,False,False,none,NO_CANDIDATE
TJS_RUB,2025-12-10,8.32251,False,False,False,False,False,False,False,none,NO_CANDIDATE
TJS_RUB,2025-12-11,8.43967,False,False,False,False,False,False,False,none,NO_CANDIDATE
TJS_RUB,2025-12-12,8.59968,False,False,False,False,False,False,False,none,NO_CANDIDATE
TJS_RUB,2025-12-15,8.63136,False,False,False,False,False,False,False,none,NO_CANDIDATE
TJS_RUB,2025-12-16,8.60104,False,False,False,False,False,False,False,none,NO_CANDIDATE
TJS_RUB,2025-12-17,8.61536,False,False,False,False,False,False,False,none,NO_CANDIDATE
TJS_RUB,2025-12-18,8.69996,False,False,False,False,False,False,False,none,NO_CANDIDATE
TJS_RUB,2025-12-19,8.66286,False,False,False,False,False,False,False,none,NO_CANDIDATE
TJS_RUB,2025-12-22,8.73643,False,False,False,False,False,False,False,none,NO_CANDIDATE
TJS_RUB,2025-12-23,8.58411,True,False,False,False,False,False,True,good_day,GOOD_DAY
TJS_RUB,2025-12-24,8.50515,True,False,True,True,True,False,False,none,COOLDOWN
TJS_RUB,2025-12-25,8.48507,True,False,True,True,True,False,False,none,COOLDOWN
TJS_RUB,2025-12-26,8.42066,True,False,True,True,True,False,False,none,COOLDOWN
TJS_RUB,2025-12-29,8.40162,True,False,True,True,False,False,True,good_day,GOOD_DAY
TJS_RUB,2025-12-30,8.37505,True,False,True,True,True,False,False,none,COOLDOWN
TJS_RUB,2025-12-31,8.45593,True,False,False,False,True,False,False,none,COOLDOWN
TJS_RUB,2026-01-01,8.45593,True,False,False,False,True,False,False,none,COOLDOWN
TJS_RUB,2026-01-02,8.45593,True,False,False,False,True,False,False,none,COOLDOWN
TJS_RUB,2026-01-05,8.45593,True,False,False,False,False,False,True,good_day,GOOD_DAY
TJS_RUB,2026-01-06,8.45593,True,False,False,False,True,False,False,none,COOLDOWN
TJS_RUB,2026-01-07,8.45593,True,False,False,False,True,False,False,none,COOLDOWN
TJS_RUB,2026-01-08,8.45593,True,False,False,False,True,False,False,none,COOLDOWN
TJS_RUB,2026-01-09,8.45593,True,False,False,False,True,False,False,none,COOLDOWN
TJS_RUB,2026-01-12,8.45593,True,False,False,False,False,False,True,good_day,GOOD_DAY
TJS_RUB,2026-01-13,8.43554,True,False,False,False,True,False,False,none,COOLDOWN
TJS_RUB,2026-01-14,8.43868,True,False,False,False,True,False,False,none,COOLDOWN
TJS_RUB,2026-01-15,8.408,True,False,False,False,True,False,False,none,COOLDOWN
TJS_RUB,2026-01-16,8.40492,True,False,False,False,True,False,False,none,COOLDOWN
TJS_RUB,2026-01-19,8.34315,True,False,True,True,False,False,True,good_day,GOOD_DAY
TJS_RUB,2026-01-20,8.33515,True,False,True,True,True,False,False,none,COOLDOWN
TJS_RUB,2026-01-21,8.34465,True,False,True,True,True,False,False,none,COOLDOWN
TJS_RUB,2026-01-22,8.30068,True,False,True,True,True,False,False,none,COOLDOWN
TJS_RUB,2026-01-23,8.13556,True,False,True,True,True,False,False,none,COOLDOWN
TJS_RUB,2026-01-26,8.1155,True,False,True,True,False,False,True,good_day,GOOD_DAY
TJS_RUB,2026-01-27,8.12456,True,False,True,True,True,False,False,none,COOLDOWN
TJS_RUB,2026-01-28,8.18151,True,False,True,True,True,False,False,none,COOLDOWN
TJS_RUB,2026-01-29,8.15524,True,False,True,True,True,False,False,none,COOLDOWN
TJS_RUB,2026-01-30,8.10701,True,False,True,True,True,False,False,none,COOLDOWN
TJS_RUB,2026-02-02,8.08152,True,False,True,True,False,False,True,good_day,GOOD_DAY
TJS_RUB,2026-02-03,8.21913,False,True,False,False,True,False,False,none,COOLDOWN
TJS_RUB,2026-02-04,8.22419,False,False,False,False,False,False,False,none,NO_CANDIDATE
TJS_RUB,2026-02-05,8.21655,False,False,False,False,False,False,False,none,NO_CANDIDATE
TJS_RUB,2026-02-06,8.16358,False,False,False,False,False,False,False,none,NO_CANDIDATE
TJS_RUB,2026-02-09,8.21471,False,False,False,False,False,False,False,none,NO_CANDIDATE
TJS_RUB,2026-02-10,8.28278,False,False,False,False,False,False,False,none,NO_CANDIDATE
TJS_RUB,2026-02-11,8.21951,False,False,False,False,False,False,False,none,NO_CANDIDATE
TJS_RUB,2026-02-12,8.2355,False,False,False,False,False,False,False,none,NO_CANDIDATE
TJS_RUB,2026-02-13,8.19066,True,False,False,False,False,False,True,good_day,GOOD_DAY
TJS_RUB,2026-02-16,8.17201,True,False,False,False,True,False,False,none,COOLDOWN
TJS_RUB,2026-02-17,8.11121,True,False,True,True,True,False,False,none,COOLDOWN
TJS_RUB,2026-02-18,8.11554,True,False,True,True,False,False,True,good_day,GOOD_DAY
TJS_RUB,2026-02-19,8.0576,True,False,True,True,True,False,False,none,COOLDOWN
TJS_RUB,2026-02-20,8.10316,True,False,True,True,True,False,False,none,COOLDOWN
TJS_RUB,2026-02-23,8.11537,True,False,False,False,False,False,True,good_day,GOOD_DAY
TJS_RUB,2026-02-24,8.11537,True,False,False,False,True,False,False,none,COOLDOWN
TJS_RUB,2026-02-25,8.09736,True,False,False,False,True,False,False,none,COOLDOWN
TJS_RUB,2026-02-26,8.06827,True,False,True,True,True,False,False,none,COOLDOWN
TJS_RUB,2026-02-27,8.12167,True,False,False,False,True,False,False,none,COOLDOWN
TJS_RUB,2026-03-02,8.12474,True,False,False,False,False,False,True,good_day,GOOD_DAY
TJS_RUB,2026-03-03,8.09998,True,False,False,False,True,False,False,none,COOLDOWN
TJS_RUB,2026-03-04,8.13285,True,False,False,False,True,False,False,none,COOLDOWN
TJS_RUB,2026-03-05,8.14047,True,False,False,False,True,False,False,none,COOLDOWN
TJS_RUB,2026-03-06,8.16614,False,False,False,False,False,False,False,none,NO_CANDIDATE
TJS_RUB,2026-03-09,8.2664,False,False,False,False,False,False,False,none,NO_CANDIDATE
TJS_RUB,2026-03-10,8.2664,False,False,False,False,False,False,False,none,NO_CANDIDATE
TJS_RUB,2026-03-11,8.20119,False,False,False,False,False,False,False,none,NO_CANDIDATE
TJS_RUB,2026-03-12,8.23651,False,False,False,False,False,False,False,none,NO_CANDIDATE
TJS_RUB,2026-03-13,8.22673,False,False,False,False,False,False,False,none,NO_CANDIDATE
TJS_RUB,2026-03-16,8.34542,False,False,False,False,False,False,False,none,NO_CANDIDATE
TJS_RUB,2026-03-17,8.43691,False,False,False,False,False,False,False,none,NO_CANDIDATE
TJS_RUB,2026-03-18,8.52327,False,False,False,False,False,False,False,none,NO_CANDIDATE
TJS_RUB,2026-03-19,8.65174,False,False,False,False,False,False,False,none,NO_CANDIDATE
TJS_RUB,2026-03-20,8.82992,False,False,False,False,False,False,False,none,NO_CANDIDATE
TJS_RUB,2026-03-23,8.80604,False,False,False,False,False,False,False,none,NO_CANDIDATE
TJS_RUB,2026-03-24,8.80604,False,False,False,False,False,False,False,none,NO_CANDIDATE
TJS_RUB,2026-03-25,8.48757,False,False,False,False,False,False,False,none,NO_CANDIDATE
TJS_RUB,2026-03-26,8.46229,False,False,True,False,False,False,True,positive_market_fact,POSITIVE_MARKET_FACT
TJS_RUB,2026-03-27,8.61033,False,False,True,False,True,False,False,none,COOLDOWN
TJS_RUB,2026-03-30,8.50685,True,False,True,True,False,False,True,good_day,GOOD_DAY
TJS_RUB,2026-03-31,8.46996,True,False,True,True,True,False,False,none,COOLDOWN
TJS_RUB,2026-04-01,8.46526,True,False,True,True,True,False,False,none,COOLDOWN
TJS_RUB,2026-04-02,8.42187,True,False,True,True,True,False,False,none,COOLDOWN
TJS_RUB,2026-04-03,8.38,True,False,True,True,True,False,False,none,COOLDOWN
TJS_RUB,2026-04-06,8.32786,True,False,True,True,False,False,True,good_day,GOOD_DAY
TJS_RUB,2026-04-07,8.22213,True,False,True,True,True,False,False,none,COOLDOWN
TJS_RUB,2026-04-08,8.2443,True,False,True,True,True,False,False,none,COOLDOWN
TJS_RUB,2026-04-09,8.19769,True,False,True,True,True,False,False,none,COOLDOWN
TJS_RUB,2026-04-10,8.15906,True,False,True,True,True,False,False,none,COOLDOWN
TJS_RUB,2026-04-13,8.08169,True,False,True,True,False,False,True,good_day,GOOD_DAY
TJS_RUB,2026-04-14,8.01903,True,False,True,True,True,False,False,none,COOLDOWN
TJS_RUB,2026-04-15,7.9843,True,False,True,True,True,False,False,none,COOLDOWN
TJS_RUB,2026-04-16,7.93405,False,False,True,False,True,False,False,none,COOLDOWN
TJS_RUB,2026-04-17,8.02384,False,True,True,True,True,False,False,none,COOLDOWN
TJS_RUB,2026-04-20,8.03473,False,False,False,False,False,False,False,none,NO_CANDIDATE
TJS_RUB,2026-04-21,7.95519,False,False,True,False,False,False,True,positive_market_fact,POSITIVE_MARKET_FACT
TJS_RUB,2026-04-22,7.8915,True,False,True,True,False,False,True,good_day,GOOD_DAY
TJS_RUB,2026-04-23,7.94091,True,False,True,True,True,False,False,none,COOLDOWN
TJS_RUB,2026-04-24,7.93053,True,False,True,True,True,False,False,none,COOLDOWN
TJS_RUB,2026-04-27,8.00866,False,False,False,False,False,False,False,none,NO_CANDIDATE
TJS_RUB,2026-04-28,7.93939,True,False,True,True,False,False,True,good_day,GOOD_DAY
TJS_RUB,2026-04-29,7.92735,True,False,True,True,True,False,False,none,COOLDOWN
TJS_RUB,2026-04-30,7.95384,True,False,False,False,True,False,False,none,COOLDOWN
TJS_RUB,2026-05-01,7.95683,True,False,False,False,True,False,False,none,COOLDOWN
TJS_RUB,2026-05-04,7.95683,True,False,False,False,False,False,True,good_day,GOOD_DAY
TJS_RUB,2026-05-05,8.03327,False,False,False,False,False,False,False,none,NO_CANDIDATE
TJS_RUB,2026-05-06,8.03438,False,False,False,False,False,False,False,none,NO_CANDIDATE
TJS_RUB,2026-05-07,8.01985,False,False,False,False,False,False,False,none,NO_CANDIDATE
TJS_RUB,2026-05-08,7.96058,True,False,False,False,True,False,False,none,COOLDOWN
TJS_RUB,2026-05-11,7.93162,True,False,True,True,False,False,True,good_day,GOOD_DAY
TJS_RUB,2026-05-12,7.93162,True,False,True,True,True,False,False,none,COOLDOWN
TJS_RUB,2026-05-13,7.8855,True,False,True,True,True,False,False,none,COOLDOWN
TJS_RUB,2026-05-14,7.83845,False,False,True,False,True,False,False,none,COOLDOWN
TJS_RUB,2026-05-15,7.82063,False,False,True,False,True,False,False,none,COOLDOWN
TJS_RUB,2026-05-18,7.82531,True,False,True,True,False,False,True,good_day,GOOD_DAY
TJS_RUB,2026-05-19,7.74208,True,False,True,True,True,False,False,none,COOLDOWN
TJS_RUB,2026-05-20,7.6422,True,False,True,True,True,False,False,none,COOLDOWN
TJS_RUB,2026-05-21,7.61455,True,False,True,True,True,False,False,none,COOLDOWN
TJS_RUB,2026-05-22,7.62119,True,False,True,True,True,False,False,none,COOLDOWN
TJS_RUB,2026-05-25,7.67396,True,False,True,True,False,False,True,good_day,GOOD_DAY
TJS_RUB,2026-05-26,7.71028,False,True,False,False,True,False,False,none,COOLDOWN
TJS_RUB,2026-05-27,7.74622,False,True,False,False,True,False,False,none,COOLDOWN
TJS_RUB,2026-05-28,7.66334,True,False,True,True,True,False,False,none,COOLDOWN
TJS_RUB,2026-05-29,7.71309,False,False,False,False,False,False,False,none,NO_CANDIDATE
TJS_RUB,2026-06-01,7.67536,True,False,False,False,False,False,True,good_day,GOOD_DAY
TJS_RUB,2026-06-02,7.73849,True,False,False,False,True,False,False,none,COOLDOWN
TJS_RUB,2026-06-03,7.84429,False,False,False,False,False,False,False,none,NO_CANDIDATE
TJS_RUB,2026-06-04,7.91167,False,False,False,False,False,False,False,none,NO_CANDIDATE
TJS_RUB,2026-06-05,8.00591,False,False,False,False,False,False,False,none,NO_CANDIDATE
TJS_RUB,2026-06-08,7.91682,False,False,False,False,False,False,False,none,NO_CANDIDATE
TJS_RUB,2026-06-09,7.83535,False,False,False,False,False,False,False,none,NO_CANDIDATE
TJS_RUB,2026-06-10,7.66882,True,False,True,True,False,False,True,good_day,GOOD_DAY
TJS_RUB,2026-06-11,7.68128,True,False,True,True,True,False,False,none,COOLDOWN
TJS_RUB,2026-06-12,7.71269,True,False,True,True,True,False,False,none,COOLDOWN
TJS_RUB,2026-06-15,7.71269,True,False,True,True,False,False,True,good_day,GOOD_DAY
TJS_RUB,2026-06-16,7.77533,False,True,False,False,True,False,False,none,COOLDOWN
TJS_RUB,2026-06-17,7.7587,False,False,False,False,False,False,False,none,NO_CANDIDATE
TJS_RUB,2026-06-18,7.83373,False,False,False,False,False,False,False,none,NO_CANDIDATE
TJS_RUB,2026-06-19,7.8785,False,False,False,False,False,False,False,none,NO_CANDIDATE
TJS_RUB,2026-06-22,7.88649,False,False,False,False,False,False,False,none,NO_CANDIDATE
TJS_RUB,2026-06-23,7.93983,False,False,False,False,False,False,False,none,NO_CANDIDATE
TJS_RUB,2026-06-24,8.03065,False,False,False,False,False,False,False,none,NO_CANDIDATE
TJS_RUB,2026-06-25,8.04287,False,False,False,False,False,False,False,none,NO_CANDIDATE
TJS_RUB,2026-06-26,8.14555,False,False,False,False,False,False,False,none,NO_CANDIDATE
TJS_RUB,2026-06-29,8.31529,False,False,False,False,False,False,False,none,NO_CANDIDATE
TJS_RUB,2026-06-30,8.39004,False,False,False,False,False,False,False,none,NO_CANDIDATE
TJS_RUB,2026-07-01,8.44105,False,False,False,False,False,False,False,none,NO_CANDIDATE
TJS_RUB,2026-07-02,8.43411,False,False,False,False,False,False,False,none,NO_CANDIDATE
TJS_RUB,2026-07-03,8.3962,False,False,False,False,False,False,False,none,NO_CANDIDATE
TJS_RUB,2026-07-06,8.32002,False,False,True,False,False,False,True,positive_market_fact,POSITIVE_MARKET_FACT
TJS_RUB,2026-07-07,8.4037,False,False,False,False,False,False,False,none,NO_CANDIDATE
TJS_RUB,2026-07-08,8.20498,True,False,True,True,False,False,True,good_day,GOOD_DAY
TJS_RUB,2026-07-09,8.23828,True,False,True,True,True,False,False,none,COOLDOWN
TJS_RUB,2026-07-10,8.21415,True,False,True,True,True,False,False,none,COOLDOWN
TJS_RUB,2026-07-13,8.28387,True,False,False,False,False,False,True,good_day,GOOD_DAY
TJS_RUB,2026-07-14,8.27918,True,False,True,True,True,False,False,none,COOLDOWN
TJS_RUB,2026-07-15,8.37344,False,False,False,False,False,False,False,none,NO_CANDIDATE
TJS_RUB,2026-07-16,8.42376,False,False,False,False,False,False,False,none,NO_CANDIDATE
TJS_RUB,2026-07-17,8.46234,False,False,False,False,False,False,False,none,NO_CANDIDATE
TJS_RUB,2026-07-20,8.47554,False,False,False,False,False,False,False,none,NO_CANDIDATE
TJS_RUB,2026-07-21,8.46228,False,False,False,False,False,False,False,none,NO_CANDIDATE
TJS_RUB,2026-07-22,8.48801,False,False,False,False,False,False,False,none,NO_CANDIDATE
TJS_RUB,2026-07-23,8.48238,False,False,False,False,False,False,False,none,NO_CANDIDATE
TJS_RUB,2026-07-24,8.47648,False,False,False,False,False,False,False,none,NO_CANDIDATE
TJS_RUB,2026-07-27,8.42301,True,False,True,True,False,False,True,good_day,GOOD_DAY
TJS_RUB,2026-07-28,8.43101,True,False,False,False,True,False,False,none,COOLDOWN
TJS_RUB,2026-07-29,8.51268,False,True,False,False,True,False,False,none,COOLDOWN
TJS_RUB,2026-07-30,8.58517,False,True,False,False,True,False,False,none,COOLDOWN
TJS_RUB,2026-07-31,8.63089,False,False,False,False,False,False,False,none,NO_CANDIDATE
TJS_RUB,2026-08-03,8.59216,False,False,False,False,False,False,False,none,NO_CANDIDATE
TJS_RUB,2026-08-04,8.65757,False,False,False,False,False,False,False,none,NO_CANDIDATE
TJS_RUB,2026-08-05,8.77043,False,False,False,False,False,False,False,none,NO_CANDIDATE
TJS_RUB,2026-08-06,8.76114,False,False,False,False,False,False,False,none,NO_CANDIDATE
TJS_RUB,2026-08-07,8.80312,False,False,False,False,False,False,False,none,NO_CANDIDATE
TJS_RUB,2026-08-10,8.88517,False,False,False,False,False,False,False,none,NO_CANDIDATE
TJS_RUB,2026-08-11,8.9271,False,False,False,False,False,False,False,none,NO_CANDIDATE
TJS_RUB,2026-08-12,8.90205,False,False,False,False,False,False,False,none,NO_CANDIDATE
TJS_RUB,2026-08-13,8.96991,False,False,False,False,False,False,False,none,NO_CANDIDATE
TJS_RUB,2026-08-14,9.04757,False,False,False,False,False,False,False,none,NO_CANDIDATE
TJS_RUB,2026-08-17,9.12736,False,False,False,False,False,False,False,none,NO_CANDIDATE
TJS_RUB,2026-08-18,9.18143,False,False,False,False,False,False,False,none,NO_CANDIDATE
TJS_RUB,2026-08-19,9.19991,False,False,False,False,False,False,False,none,NO_CANDIDATE
TJS_RUB,2026-08-20,9.19611,False,False,False,False,False,False,False,none,NO_CANDIDATE
TJS_RUB,2026-08-21,9.00931,False,False,False,False,False,False,False,none,NO_CANDIDATE
TJS_RUB,2026-08-24,8.97026,True,False,True,True,False,False,True,good_day,GOOD_DAY
UZS_RUB,2025-01-01,0.00786965,True,False,False,False,False,False,True,good_day,GOOD_DAY
UZS_RUB,2025-01-02,0.00786965,True,False,False,False,True,False,False,none,COOLDOWN
UZS_RUB,2025-01-03,0.00786965,True,False,False,False,True,False,False,none,COOLDOWN
UZS_RUB,2025-01-06,0.00786965,True,False,False,False,False,False,True,good_day,GOOD_DAY
UZS_RUB,2025-01-07,0.00786965,True,False,False,False,True,False,False,none,COOLDOWN
UZS_RUB,2025-01-08,0.00786965,True,False,False,False,True,False,False,none,COOLDOWN
UZS_RUB,2025-01-09,0.00786965,True,False,False,False,True,False,False,none,COOLDOWN
UZS_RUB,2025-01-10,0.00789102,True,False,False,False,True,False,False,none,COOLDOWN
UZS_RUB,2025-01-13,0.00787567,True,False,False,False,False,False,True,good_day,GOOD_DAY
UZS_RUB,2025-01-14,0.00792684,True,False,False,False,True,False,False,none,COOLDOWN
UZS_RUB,2025-01-15,0.00797389,False,False,False,False,False,False,False,none,NO_CANDIDATE
UZS_RUB,2025-01-16,0.00792597,True,False,False,False,True,False,False,none,COOLDOWN
UZS_RUB,2025-01-17,0.00789817,True,False,False,False,True,False,False,none,COOLDOWN
UZS_RUB,2025-01-20,0.00790518,True,False,False,False,False,False,True,good_day,GOOD_DAY
UZS_RUB,2025-01-21,0.00786287,True,False,False,False,True,False,False,none,COOLDOWN
UZS_RUB,2025-01-22,0.00770154,False,False,True,False,True,False,False,none,COOLDOWN
UZS_RUB,2025-01-23,0.00756909,False,False,True,False,True,False,False,none,COOLDOWN
UZS_RUB,2025-01-24,0.00762878,False,False,True,False,True,False,False,none,COOLDOWN
UZS_RUB,2025-01-27,0.00757089,True,False,True,True,False,False,True,good_day,GOOD_DAY
UZS_RUB,2025-01-28,0.00748952,False,False,True,False,True,False,False,none,COOLDOWN
UZS_RUB,2025-01-29,0.00755718,False,False,True,False,True,False,False,none,COOLDOWN
UZS_RUB,2025-01-30,0.00755397,False,False,True,False,True,False,False,none,COOLDOWN
UZS_RUB,2025-01-31,0.00755734,True,False,True,True,True,False,False,none,COOLDOWN
UZS_RUB,2025-02-03,0.00754886,True,False,True,True,False,False,True,good_day,GOOD_DAY
UZS_RUB,2025-02-04,0.00770273,False,False,False,False,False,False,False,none,NO_CANDIDATE
UZS_RUB,2025-02-05,0.00758826,False,False,False,False,False,False,False,none,NO_CANDIDATE
UZS_RUB,2025-02-06,0.00754337,True,False,True,True,True,False,False,none,COOLDOWN
UZS_RUB,2025-02-07,0.00746307,False,False,True,False,True,False,False,none,COOLDOWN
UZS_RUB,2025-02-10,0.00750019,False,False,False,False,False,False,False,none,NO_CANDIDATE
UZS_RUB,2025-02-11,0.00746948,False,False,True,False,False,False,True,positive_market_fact,POSITIVE_MARKET_FACT
UZS_RUB,2025-02-12,0.00738536,False,False,True,False,True,False,False,none,COOLDOWN
UZS_RUB,2025-02-13,0.00724565,False,False,True,False,True,False,False,none,COOLDOWN
UZS_RUB,2025-02-14,0.0070083,False,False,True,False,True,False,False,none,COOLDOWN
UZS_RUB,2025-02-17,0.00694481,True,False,True,True,False,False,True,good_day,GOOD_DAY
UZS_RUB,2025-02-18,0.00703715,False,True,True,True,True,False,False,none,COOLDOWN
UZS_RUB,2025-02-19,0.00703629,False,False,True,False,True,False,False,none,COOLDOWN
UZS_RUB,2025-02-20,0.00697189,False,False,True,False,True,False,False,none,COOLDOWN
UZS_RUB,2025-02-21,0.00683476,False,False,True,False,True,False,False,none,COOLDOWN
UZS_RUB,2025-02-24,0.00681888,False,False,True,False,False,False,True,positive_market_fact,POSITIVE_MARKET_FACT
UZS_RUB,2025-02-25,0.00682915,False,False,True,False,True,False,False,none,COOLDOWN
UZS_RUB,2025-02-26,0.00671569,False,False,True,False,True,False,False,none,COOLDOWN
UZS_RUB,2025-02-27,0.00666903,False,False,True,False,True,False,False,none,COOLDOWN
UZS_RUB,2025-02-28,0.00680878,False,False,True,False,True,False,False,none,COOLDOWN
UZS_RUB,2025-03-03,0.00685364,False,False,False,False,False,False,False,none,NO_CANDIDATE
UZS_RUB,2025-03-04,0.00692391,False,False,False,False,False,False,False,none,NO_CANDIDATE
UZS_RUB,2025-03-05,0.0069197,False,False,False,False,False,False,False,none,NO_CANDIDATE
UZS_RUB,2025-03-06,0.0069585,False,False,False,False,False,False,False,none,NO_CANDIDATE
UZS_RUB,2025-03-07,0.0069434,False,False,False,False,False,False,False,none,NO_CANDIDATE
UZS_RUB,2025-03-10,0.00689996,False,False,False,False,False,False,False,none,NO_CANDIDATE
UZS_RUB,2025-03-11,0.00684198,False,False,True,False,False,False,True,positive_market_fact,POSITIVE_MARKET_FACT
UZS_RUB,2025-03-12,0.00668981,False,False,True,False,True,False,False,none,COOLDOWN
UZS_RUB,2025-03-13,0.00669818,False,False,True,False,True,False,False,none,COOLDOWN
UZS_RUB,2025-03-14,0.00670426,True,False,True,True,False,False,True,good_day,GOOD_DAY
UZS_RUB,2025-03-17,0.00661375,True,False,True,True,True,False,False,none,COOLDOWN
UZS_RUB,2025-03-18,0.0065085,False,False,True,False,True,False,False,none,COOLDOWN
UZS_RUB,2025-03-19,0.00629679,False,False,True,False,False,False,True,positive_market_fact,POSITIVE_MARKET_FACT
UZS_RUB,2025-03-20,0.00640467,False,True,True,True,False,False,True,window_closing,WINDOW_CLOSING
UZS_RUB,2025-03-21,0.00652887,False,False,True,False,True,False,False,none,COOLDOWN
UZS_RUB,2025-03-24,0.00654778,False,False,False,False,False,False,False,none,NO_CANDIDATE
UZS_RUB,2025-03-25,0.00648145,False,False,True,False,False,False,True,positive_market_fact,POSITIVE_MARKET_FACT
UZS_RUB,2025-03-26,0.00650286,False,False,True,False,True,False,False,none,COOLDOWN
UZS_RUB,2025-03-27,0.00651281,False,False,False,False,False,False,False,none,NO_CANDIDATE
UZS_RUB,2025-03-28,0.00649419,False,False,True,False,True,False,False,none,COOLDOWN
UZS_RUB,2025-03-31,0.0064803,False,False,True,False,False,False,True,positive_market_fact,POSITIVE_MARKET_FACT
UZS_RUB,2025-04-01,0.00662085,False,False,False,False,False,False,False,none,NO_CANDIDATE
UZS_RUB,2025-04-02,0.00656023,False,False,False,False,False,False,False,none,NO_CANDIDATE
UZS_RUB,2025-04-03,0.00654166,False,False,False,False,False,False,False,none,NO_CANDIDATE
UZS_RUB,2025-04-04,0.00653372,False,False,True,False,True,False,False,none,COOLDOWN
UZS_RUB,2025-04-07,0.0065228,True,False,True,True,False,False,True,good_day,GOOD_DAY
UZS_RUB,2025-04-08,0.00665697,False,False,False,False,False,False,False,none,NO_CANDIDATE
UZS_RUB,2025-04-09,0.00659121,False,False,False,False,False,False,False,none,NO_CANDIDATE
UZS_RUB,2025-04-10,0.00664273,False,False,False,False,False,False,False,none,NO_CANDIDATE
UZS_RUB,2025-04-11,0.00655314,True,False,False,False,True,False,False,none,COOLDOWN
UZS_RUB,2025-04-14,0.0064776,True,False,False,False,False,False,True,good_day,GOOD_DAY
UZS_RUB,2025-04-15,0.00637635,True,False,True,True,True,False,False,none,COOLDOWN
UZS_RUB,2025-04-16,0.00634565,True,False,True,True,True,False,False,none,COOLDOWN
UZS_RUB,2025-04-17,0.00636237,True,False,True,True,True,False,False,none,COOLDOWN
UZS_RUB,2025-04-18,0.00631186,False,False,True,False,True,False,False,none,COOLDOWN
UZS_RUB,2025-04-21,0.00625844,True,False,True,True,False,False,True,good_day,GOOD_DAY
UZS_RUB,2025-04-22,0.00624196,True,False,True,True,True,False,False,none,COOLDOWN
UZS_RUB,2025-04-23,0.00631017,False,True,False,False,True,False,False,none,COOLDOWN
UZS_RUB,2025-04-24,0.00639521,False,False,False,False,False,False,False,none,NO_CANDIDATE
UZS_RUB,2025-04-25,0.00642771,False,False,False,False,False,False,False,none,NO_CANDIDATE
UZS_RUB,2025-04-28,0.00639389,False,False,False,False,False,False,False,none,NO_CANDIDATE
UZS_RUB,2025-04-29,0.00637075,False,False,False,False,False,False,False,none,NO_CANDIDATE
UZS_RUB,2025-04-30,0.00629912,True,False,True,True,False,False,True,good_day,GOOD_DAY
UZS_RUB,2025-05-01,0.00630111,True,False,True,True,True,False,False,none,COOLDOWN
UZS_RUB,2025-05-02,0.00630111,True,False,True,True,True,False,False,none,COOLDOWN
UZS_RUB,2025-05-05,0.00630111,True,False,True,True,False,False,True,good_day,GOOD_DAY
UZS_RUB,2025-05-06,0.00634249,True,False,False,False,True,False,False,none,COOLDOWN
UZS_RUB,2025-05-07,0.00625787,True,False,True,True,True,False,False,none,COOLDOWN
UZS_RUB,2025-05-08,0.00625622,True,False,True,True,True,False,False,none,COOLDOWN
UZS_RUB,2025-05-09,0.00625622,True,False,True,True,True,False,False,none,COOLDOWN
UZS_RUB,2025-05-12,0.00625622,True,False,False,False,False,False,True,good_day,GOOD_DAY
UZS_RUB,2025-05-13,0.00627998,True,False,False,False,True,False,False,none,COOLDOWN
UZS_RUB,2025-05-14,0.00624634,True,False,True,True,True,False,False,none,COOLDOWN
UZS_RUB,2025-05-15,0.00620193,True,False,True,True,True,False,False,none,COOLDOWN
UZS_RUB,2025-05-16,0.0061874,True,False,True,True,True,False,False,none,COOLDOWN
UZS_RUB,2025-05-19,0.0062296,True,False,False,False,False,False,True,good_day,GOOD_DAY
UZS_RUB,2025-05-20,0.00622537,True,False,True,True,True,False,False,none,COOLDOWN
UZS_RUB,2025-05-21,0.00624565,True,False,False,False,True,False,False,none,COOLDOWN
UZS_RUB,2025-05-22,0.0061858,True,False,True,True,True,False,False,none,COOLDOWN
UZS_RUB,2025-05-23,0.00616294,True,False,True,True,True,False,False,none,COOLDOWN
UZS_RUB,2025-05-26,0.00617697,True,False,True,True,False,False,True,good_day,GOOD_DAY
UZS_RUB,2025-05-27,0.0061675,True,False,True,True,True,False,False,none,COOLDOWN
UZS_RUB,2025-05-28,0.00615286,True,False,True,True,True,False,False,none,COOLDOWN
UZS_RUB,2025-05-29,0.0061771,True,False,False,False,True,False,False,none,COOLDOWN
UZS_RUB,2025-05-30,0.0061177,True,False,True,True,True,False,False,none,COOLDOWN
UZS_RUB,2025-06-02,0.00615723,True,False,False,False,False,False,True,good_day,GOOD_DAY
UZS_RUB,2025-06-03,0.00618654,False,False,False,False,False,False,False,none,NO_CANDIDATE
UZS_RUB,2025-06-04,0.00614393,True,False,True,True,True,False,False,none,COOLDOWN
UZS_RUB,2025-06-05,0.00610565,True,False,True,True,True,False,False,none,COOLDOWN
UZS_RUB,2025-06-06,0.00616649,True,False,False,False,True,False,False,none,COOLDOWN
UZS_RUB,2025-06-09,0.00616985,False,False,False,False,False,False,False,none,NO_CANDIDATE
UZS_RUB,2025-06-10,0.00619481,False,False,False,False,False,False,False,none,NO_CANDIDATE
UZS_RUB,2025-06-11,0.00618313,False,False,False,False,False,False,False,none,NO_CANDIDATE
UZS_RUB,2025-06-12,0.00623327,False,False,False,False,False,False,False,none,NO_CANDIDATE
UZS_RUB,2025-06-13,0.00623327,False,False,False,False,False,False,False,none,NO_CANDIDATE
UZS_RUB,2025-06-16,0.00623327,False,False,False,False,False,False,False,none,NO_CANDIDATE
UZS_RUB,2025-06-17,0.00615246,True,False,True,True,False,False,True,good_day,GOOD_DAY
UZS_RUB,2025-06-18,0.00619054,True,False,False,False,True,False,False,none,COOLDOWN
UZS_RUB,2025-06-19,0.00621381,True,False,False,False,True,False,False,none,COOLDOWN
UZS_RUB,2025-06-20,0.00621968,False,False,False,False,False,False,False,none,NO_CANDIDATE
UZS_RUB,2025-06-23,0.0062505,False,True,False,False,False,False,True,window_closing,WINDOW_CLOSING
UZS_RUB,2025-06-24,0.00626492,False,True,False,False,True,False,False,none,COOLDOWN
UZS_RUB,2025-06-25,0.00631611,False,False,False,False,False,False,False,none,NO_CANDIDATE
UZS_RUB,2025-06-26,0.00627764,False,False,False,False,False,False,False,none,NO_CANDIDATE
UZS_RUB,2025-06-27,0.00624107,False,False,False,False,False,False,False,none,NO_CANDIDATE
UZS_RUB,2025-06-30,0.00623438,True,False,True,True,False,False,True,good_day,GOOD_DAY
UZS_RUB,2025-07-01,0.00620575,True,False,True,True,True,False,False,none,COOLDOWN
UZS_RUB,2025-07-02,0.0061771,True,False,True,True,True,False,False,none,COOLDOWN
UZS_RUB,2025-07-03,0.0062049,True,False,True,True,True,False,False,none,COOLDOWN
UZS_RUB,2025-07-04,0.00625674,False,True,False,False,True,False,False,none,COOLDOWN
UZS_RUB,2025-07-07,0.00627792,False,False,False,False,False,False,False,none,NO_CANDIDATE
UZS_RUB,2025-07-08,0.00624416,False,False,False,False,False,False,False,none,NO_CANDIDATE
UZS_RUB,2025-07-09,0.00616627,True,False,True,True,False,False,True,good_day,GOOD_DAY
UZS_RUB,2025-07-10,0.00614948,True,False,True,True,True,False,False,none,COOLDOWN
UZS_RUB,2025-07-11,0.00615672,True,False,True,True,True,False,False,none,COOLDOWN
UZS_RUB,2025-07-14,0.00616459,True,False,True,True,False,False,True,good_day,GOOD_DAY
UZS_RUB,2025-07-15,0.00621259,False,True,False,False,True,False,False,none,COOLDOWN
UZS_RUB,2025-07-16,0.00613887,True,False,True,True,True,False,False,none,COOLDOWN
UZS_RUB,2025-07-17,0.00610094,True,False,True,True,True,False,False,none,COOLDOWN
UZS_RUB,2025-07-18,0.00612819,True,False,True,True,True,False,False,none,COOLDOWN
UZS_RUB,2025-07-21,0.00618674,False,False,False,False,False,False,False,none,NO_CANDIDATE
UZS_RUB,2025-07-22,0.00622723,False,False,False,False,False,False,False,none,NO_CANDIDATE
UZS_RUB,2025-07-23,0.00619575,False,False,False,False,False,False,False,none,NO_CANDIDATE
UZS_RUB,2025-07-24,0.00617503,False,False,False,False,False,False,False,none,NO_CANDIDATE
UZS_RUB,2025-07-25,0.00617921,False,True,False,False,False,False,True,window_closing,WINDOW_CLOSING
UZS_RUB,2025-07-28,0.00628702,False,False,False,False,False,False,False,none,NO_CANDIDATE
UZS_RUB,2025-07-29,0.0063249,False,False,False,False,False,False,False,none,NO_CANDIDATE
UZS_RUB,2025-07-30,0.00657004,False,False,False,False,False,False,False,none,NO_CANDIDATE
UZS_RUB,2025-07-31,0.00654677,False,False,False,False,False,False,False,none,NO_CANDIDATE
UZS_RUB,2025-08-01,0.00637858,False,False,False,False,False,False,False,none,NO_CANDIDATE
UZS_RUB,2025-08-04,0.00632889,False,False,True,False,False,False,True,positive_market_fact,POSITIVE_MARKET_FACT
UZS_RUB,2025-08-05,0.00626111,True,False,True,True,False,False,True,good_day,GOOD_DAY
UZS_RUB,2025-08-06,0.00634238,False,True,True,True,True,False,False,none,COOLDOWN
UZS_RUB,2025-08-07,0.00640256,False,False,True,False,True,False,False,none,COOLDOWN
UZS_RUB,2025-08-08,0.00634926,False,False,False,False,False,False,False,none,NO_CANDIDATE
UZS_RUB,2025-08-11,0.00633485,False,True,False,False,False,False,True,window_closing,WINDOW_CLOSING
UZS_RUB,2025-08-12,0.00628651,True,False,True,True,True,False,False,none,COOLDOWN
UZS_RUB,2025-08-13,0.00634436,False,True,False,False,True,False,False,none,COOLDOWN
UZS_RUB,2025-08-14,0.00636325,False,True,False,False,True,False,False,none,COOLDOWN
UZS_RUB,2025-08-15,0.00638237,False,True,False,False,True,False,False,none,COOLDOWN
UZS_RUB,2025-08-18,0.00636009,False,False,False,False,False,False,False,none,NO_CANDIDATE
UZS_RUB,2025-08-19,0.00640975,False,True,False,False,False,False,True,window_closing,WINDOW_CLOSING
UZS_RUB,2025-08-20,0.00642917,False,False,False,False,False,False,False,none,NO_CANDIDATE
UZS_RUB,2025-08-21,0.00639561,False,True,False,False,True,False,False,none,COOLDOWN
UZS_RUB,2025-08-22,0.00643767,False,False,False,False,False,False,False,none,NO_CANDIDATE
UZS_RUB,2025-08-25,0.00650485,False,False,False,False,False,False,False,none,NO_CANDIDATE
UZS_RUB,2025-08-26,0.00652939,False,False,False,False,False,False,False,none,NO_CANDIDATE
UZS_RUB,2025-08-27,0.00654381,False,False,False,False,False,False,False,none,NO_CANDIDATE
UZS_RUB,2025-08-28,0.00651108,False,False,False,False,False,False,False,none,NO_CANDIDATE
UZS_RUB,2025-08-29,0.00646837,False,True,False,False,False,False,True,window_closing,WINDOW_CLOSING
UZS_RUB,2025-09-01,0.0064356,True,False,True,True,True,False,False,none,COOLDOWN
UZS_RUB,2025-09-02,0.00644317,True,False,True,True,True,False,False,none,COOLDOWN
UZS_RUB,2025-09-03,0.00646791,True,False,True,True,False,False,True,good_day,GOOD_DAY
UZS_RUB,2025-09-04,0.00650805,False,True,False,False,True,False,False,none,COOLDOWN
UZS_RUB,2025-09-05,0.00656975,False,False,False,False,False,False,False,none,NO_CANDIDATE
UZS_RUB,2025-09-08,0.00655742,False,True,False,False,False,False,True,window_closing,WINDOW_CLOSING
UZS_RUB,2025-09-09,0.00657624,False,False,False,False,False,False,False,none,NO_CANDIDATE
UZS_RUB,2025-09-10,0.00669184,False,False,False,False,False,False,False,none,NO_CANDIDATE
UZS_RUB,2025-09-11,0.00687334,False,False,False,False,False,False,False,none,NO_CANDIDATE
UZS_RUB,2025-09-12,0.00693032,False,False,False,False,False,False,False,none,NO_CANDIDATE
UZS_RUB,2025-09-15,0.00677894,False,False,False,False,False,False,False,none,NO_CANDIDATE
UZS_RUB,2025-09-16,0.00668487,False,False,False,False,False,False,False,none,NO_CANDIDATE
UZS_RUB,2025-09-17,0.00671029,False,False,False,False,False,False,False,none,NO_CANDIDATE
UZS_RUB,2025-09-18,0.00675601,False,False,True,False,False,False,True,positive_market_fact,POSITIVE_MARKET_FACT
UZS_RUB,2025-09-19,0.00678723,False,False,True,False,True,False,False,none,COOLDOWN
UZS_RUB,2025-09-22,0.00678785,False,True,False,False,False,False,True,window_closing,WINDOW_CLOSING
UZS_RUB,2025-09-23,0.0068032,False,True,False,False,True,False,False,none,COOLDOWN
UZS_RUB,2025-09-24,0.00680017,False,True,False,False,True,False,False,none,COOLDOWN
UZS_RUB,2025-09-25,0.00690093,False,False,False,False,False,False,False,none,NO_CANDIDATE
UZS_RUB,2025-09-26,0.00684232,False,False,False,False,False,False,False,none,NO_CANDIDATE
UZS_RUB,2025-09-29,0.00685359,True,False,False,False,False,False,True,good_day,GOOD_DAY
UZS_RUB,2025-09-30,0.00682674,True,False,False,False,True,False,False,none,COOLDOWN
UZS_RUB,2025-10-01,0.00684538,True,False,False,False,True,False,False,none,COOLDOWN
UZS_RUB,2025-10-02,0.00675326,True,False,True,True,True,False,False,none,COOLDOWN
UZS_RUB,2025-10-03,0.00670373,True,False,True,True,True,False,False,none,COOLDOWN
UZS_RUB,2025-10-06,0.0067685,True,False,True,True,False,False,True,good_day,GOOD_DAY
UZS_RUB,2025-10-07,0.00688198,False,False,False,False,False,False,False,none,NO_CANDIDATE
UZS_RUB,2025-10-08,0.0068149,False,True,False,False,True,False,False,none,COOLDOWN
UZS_RUB,2025-10-09,0.00677382,False,True,False,False,True,False,False,none,COOLDOWN
UZS_RUB,2025-10-10,0.00674371,True,False,True,True,True,False,False,none,COOLDOWN
UZS_RUB,2025-10-13,0.00669696,True,False,True,True,False,False,True,good_day,GOOD_DAY
UZS_RUB,2025-10-14,0.0066597,True,False,True,True,True,False,False,none,COOLDOWN
UZS_RUB,2025-10-15,0.00658122,True,False,True,True,True,False,False,none,COOLDOWN
UZS_RUB,2025-10-16,0.00647011,True,False,True,True,True,False,False,none,COOLDOWN
UZS_RUB,2025-10-17,0.00646445,True,False,True,True,True,False,False,none,COOLDOWN
UZS_RUB,2025-10-20,0.00665928,False,False,False,False,False,False,False,none,NO_CANDIDATE
UZS_RUB,2025-10-21,0.00671924,False,False,False,False,False,False,False,none,NO_CANDIDATE
UZS_RUB,2025-10-22,0.00674515,False,False,False,False,False,False,False,none,NO_CANDIDATE
UZS_RUB,2025-10-23,0.00679833,False,False,False,False,False,False,False,none,NO_CANDIDATE
UZS_RUB,2025-10-24,0.00671573,False,False,False,False,False,False,False,none,NO_CANDIDATE
UZS_RUB,2025-10-27,0.00667566,False,False,False,False,False,False,False,none,NO_CANDIDATE
UZS_RUB,2025-10-28,0.00651832,True,False,True,True,False,False,True,good_day,GOOD_DAY
UZS_RUB,2025-10-29,0.00662195,False,True,True,True,True,False,False,none,COOLDOWN
UZS_RUB,2025-10-30,0.00662016,False,True,True,True,True,False,False,none,COOLDOWN
UZS_RUB,2025-10-31,0.00671394,False,False,False,False,False,False,False,none,NO_CANDIDATE
UZS_RUB,2025-11-03,0.00672637,False,False,False,False,False,False,False,none,NO_CANDIDATE
UZS_RUB,2025-11-04,0.00672637,False,False,False,False,False,False,False,none,NO_CANDIDATE
UZS_RUB,2025-11-05,0.00672637,False,False,False,False,False,False,False,none,NO_CANDIDATE
UZS_RUB,2025-11-06,0.00679366,False,False,False,False,False,False,False,none,NO_CANDIDATE
UZS_RUB,2025-11-07,0.00679799,False,False,False,False,False,False,False,none,NO_CANDIDATE
UZS_RUB,2025-11-10,0.0067559,True,False,False,False,False,False,True,good_day,GOOD_DAY
UZS_RUB,2025-11-11,0.00671736,True,False,False,False,True,False,False,none,COOLDOWN
UZS_RUB,2025-11-12,0.00677125,True,False,False,False,True,False,False,none,COOLDOWN
UZS_RUB,2025-11-13,0.00677942,True,False,False,False,True,False,False,none,COOLDOWN
UZS_RUB,2025-11-14,0.00673226,True,False,False,False,True,False,False,none,COOLDOWN
UZS_RUB,2025-11-17,0.00676904,True,False,False,False,False,False,True,good_day,GOOD_DAY
UZS_RUB,2025-11-18,0.00673861,True,False,False,False,True,False,False,none,COOLDOWN
UZS_RUB,2025-11-19,0.00674898,True,False,False,False,True,False,False,none,COOLDOWN
UZS_RUB,2025-11-20,0.0067789,True,False,False,False,True,False,False,none,COOLDOWN
UZS_RUB,2025-11-21,0.00677798,True,False,False,False,True,False,False,none,COOLDOWN
UZS_RUB,2025-11-24,0.00663255,True,False,True,True,False,False,True,good_day,GOOD_DAY
UZS_RUB,2025-11-25,0.0065924,True,False,True,True,True,False,False,none,COOLDOWN
UZS_RUB,2025-11-26,0.00658654,True,False,True,True,True,False,False,none,COOLDOWN
UZS_RUB,2025-11-27,0.00658414,True,False,True,True,True,False,False,none,COOLDOWN
UZS_RUB,2025-11-28,0.00658584,True,False,True,True,True,False,False,none,COOLDOWN
UZS_RUB,2025-12-01,0.00657254,True,False,True,True,False,False,True,good_day,GOOD_DAY
UZS_RUB,2025-12-02,0.00650725,True,False,True,True,True,False,False,none,COOLDOWN
UZS_RUB,2025-12-03,0.00651193,True,False,True,True,True,False,False,none,COOLDOWN
UZS_RUB,2025-12-04,0.00656141,True,False,True,True,True,False,False,none,COOLDOWN
UZS_RUB,2025-12-05,0.00646141,True,False,True,True,True,False,False,none,COOLDOWN
UZS_RUB,2025-12-08,0.00636063,True,False,True,True,False,False,True,good_day,GOOD_DAY
UZS_RUB,2025-12-09,0.00645923,False,True,True,True,True,False,False,none,COOLDOWN
UZS_RUB,2025-12-10,0.00640599,True,False,True,True,True,False,False,none,COOLDOWN
UZS_RUB,2025-12-11,0.00648993,False,False,True,False,True,False,False,none,COOLDOWN
UZS_RUB,2025-12-12,0.00660015,False,False,False,False,False,False,False,none,NO_CANDIDATE
UZS_RUB,2025-12-15,0.00661796,False,False,False,False,False,False,False,none,NO_CANDIDATE
UZS_RUB,2025-12-16,0.0065672,False,False,False,False,False,False,False,none,NO_CANDIDATE
UZS_RUB,2025-12-17,0.00656146,False,False,False,False,False,False,False,none,NO_CANDIDATE
UZS_RUB,2025-12-18,0.00666519,False,False,False,False,False,False,False,none,NO_CANDIDATE
UZS_RUB,2025-12-19,0.00665719,False,False,False,False,False,False,False,none,NO_CANDIDATE
UZS_RUB,2025-12-22,0.006729,False,False,False,False,False,False,False,none,NO_CANDIDATE
UZS_RUB,2025-12-23,0.00661168,True,False,False,False,False,False,True,good_day,GOOD_DAY
UZS_RUB,2025-12-24,0.00652032,True,False,False,False,True,False,False,none,COOLDOWN
UZS_RUB,2025-12-25,0.00649978,True,False,True,True,True,False,False,none,COOLDOWN
UZS_RUB,2025-12-26,0.0064482,True,False,True,True,True,False,False,none,COOLDOWN
UZS_RUB,2025-12-29,0.00644358,True,False,True,True,False,False,True,good_day,GOOD_DAY
UZS_RUB,2025-12-30,0.00644029,True,False,True,True,True,False,False,none,COOLDOWN
UZS_RUB,2025-12-31,0.0065165,False,False,False,False,False,False,False,none,NO_CANDIDATE
UZS_RUB,2026-01-01,0.0065165,False,False,False,False,False,False,False,none,NO_CANDIDATE
UZS_RUB,2026-01-02,0.0065165,False,False,False,False,False,False,False,none,NO_CANDIDATE
UZS_RUB,2026-01-05,0.0065165,False,False,False,False,False,False,False,none,NO_CANDIDATE
UZS_RUB,2026-01-06,0.0065165,False,False,False,False,False,False,False,none,NO_CANDIDATE
UZS_RUB,2026-01-07,0.0065165,False,False,False,False,False,False,False,none,NO_CANDIDATE
UZS_RUB,2026-01-08,0.0065165,False,False,False,False,False,False,False,none,NO_CANDIDATE
UZS_RUB,2026-01-09,0.0065165,False,False,False,False,False,False,False,none,NO_CANDIDATE
UZS_RUB,2026-01-12,0.0065165,True,False,False,False,False,False,True,good_day,GOOD_DAY
UZS_RUB,2026-01-13,0.00651212,True,False,False,False,True,False,False,none,COOLDOWN
UZS_RUB,2026-01-14,0.00654486,True,False,False,False,True,False,False,none,COOLDOWN
UZS_RUB,2026-01-15,0.00654666,True,False,False,False,True,False,False,none,COOLDOWN
UZS_RUB,2026-01-16,0.00656059,True,False,False,False,True,False,False,none,COOLDOWN
UZS_RUB,2026-01-19,0.00650628,True,False,False,False,False,False,True,good_day,GOOD_DAY
UZS_RUB,2026-01-20,0.00645208,True,False,False,False,True,False,False,none,COOLDOWN
UZS_RUB,2026-01-21,0.00644602,True,False,True,True,True,False,False,none,COOLDOWN
UZS_RUB,2026-01-22,0.00639461,True,False,True,True,True,False,False,none,COOLDOWN
UZS_RUB,2026-01-23,0.00626503,True,False,True,True,True,False,False,none,COOLDOWN
UZS_RUB,2026-01-26,0.00628257,True,False,True,True,False,False,True,good_day,GOOD_DAY
UZS_RUB,2026-01-27,0.0062828,True,False,True,True,True,False,False,none,COOLDOWN
UZS_RUB,2026-01-28,0.00631199,True,False,True,True,True,False,False,none,COOLDOWN
UZS_RUB,2026-01-29,0.00626726,True,False,True,True,True,False,False,none,COOLDOWN
UZS_RUB,2026-01-30,0.00623203,True,False,True,True,True,False,False,none,COOLDOWN
UZS_RUB,2026-02-02,0.00619482,True,False,True,True,False,False,True,good_day,GOOD_DAY
UZS_RUB,2026-02-03,0.00629156,False,True,False,False,True,False,False,none,COOLDOWN
UZS_RUB,2026-02-04,0.00627992,False,False,False,False,False,False,False,none,NO_CANDIDATE
UZS_RUB,2026-02-05,0.00627031,False,False,False,False,False,False,False,none,NO_CANDIDATE
UZS_RUB,2026-02-06,0.00623416,True,False,True,True,True,False,False,none,COOLDOWN
UZS_RUB,2026-02-09,0.00626294,False,False,False,False,False,False,False,none,NO_CANDIDATE
UZS_RUB,2026-02-10,0.0063026,False,False,False,False,False,False,False,none,NO_CANDIDATE
UZS_RUB,2026-02-11,0.00627207,False,False,False,False,False,False,False,none,NO_CANDIDATE
UZS_RUB,2026-02-12,0.00630446,False,False,False,False,False,False,False,none,NO_CANDIDATE
UZS_RUB,2026-02-13,0.00628793,True,False,False,False,False,False,True,good_day,GOOD_DAY
UZS_RUB,2026-02-16,0.00631655,False,False,False,False,False,False,False,none,NO_CANDIDATE
UZS_RUB,2026-02-17,0.00628482,True,False,False,False,True,False,False,none,COOLDOWN
UZS_RUB,2026-02-18,0.00632228,True,False,False,False,False,False,True,good_day,GOOD_DAY
UZS_RUB,2026-02-19,0.00627674,True,False,False,False,True,False,False,none,COOLDOWN
UZS_RUB,2026-02-20,0.0062978,True,False,False,False,True,False,False,none,COOLDOWN
UZS_RUB,2026-02-23,0.00628455,True,False,False,False,False,False,True,good_day,GOOD_DAY
UZS_RUB,2026-02-24,0.00628455,True,False,False,False,True,False,False,none,COOLDOWN
UZS_RUB,2026-02-25,0.00628784,True,False,False,False,True,False,False,none,COOLDOWN
UZS_RUB,2026-02-26,0.00630034,True,False,False,False,True,False,False,none,COOLDOWN
UZS_RUB,2026-02-27,0.0063545,False,False,False,False,False,False,False,none,NO_CANDIDATE
UZS_RUB,2026-03-02,0.00634838,False,False,False,False,False,False,False,none,NO_CANDIDATE
UZS_RUB,2026-03-03,0.00633058,True,False,False,False,False,False,True,good_day,GOOD_DAY
UZS_RUB,2026-03-04,0.00635628,False,False,False,False,False,False,False,none,NO_CANDIDATE
UZS_RUB,2026-03-05,0.00638769,False,False,False,False,False,False,False,none,NO_CANDIDATE
UZS_RUB,2026-03-06,0.0064219,False,False,False,False,False,False,False,none,NO_CANDIDATE
UZS_RUB,2026-03-09,0.00649236,False,False,False,False,False,False,False,none,NO_CANDIDATE
UZS_RUB,2026-03-10,0.00649236,False,False,False,False,False,False,False,none,NO_CANDIDATE
UZS_RUB,2026-03-11,0.00647629,False,False,False,False,False,False,False,none,NO_CANDIDATE
UZS_RUB,2026-03-12,0.00651529,False,False,False,False,False,False,False,none,NO_CANDIDATE
UZS_RUB,2026-03-13,0.00653318,False,False,False,False,False,False,False,none,NO_CANDIDATE
UZS_RUB,2026-03-16,0.00664028,False,False,False,False,False,False,False,none,NO_CANDIDATE
UZS_RUB,2026-03-17,0.00670335,False,False,False,False,False,False,False,none,NO_CANDIDATE
UZS_RUB,2026-03-18,0.00675326,False,False,False,False,False,False,False,none,NO_CANDIDATE
UZS_RUB,2026-03-19,0.00682543,False,False,False,False,False,False,False,none,NO_CANDIDATE
UZS_RUB,2026-03-20,0.00695845,False,False,False,False,False,False,False,none,NO_CANDIDATE
UZS_RUB,2026-03-23,0.00688958,False,False,False,False,False,False,False,none,NO_CANDIDATE
UZS_RUB,2026-03-24,0.00671554,False,False,False,False,False,False,False,none,NO_CANDIDATE
UZS_RUB,2026-03-25,0.00663827,False,False,True,False,False,False,True,positive_market_fact,POSITIVE_MARKET_FACT
UZS_RUB,2026-03-26,0.00663176,False,False,True,False,True,False,False,none,COOLDOWN
UZS_RUB,2026-03-27,0.00674321,False,False,True,False,True,False,False,none,COOLDOWN
UZS_RUB,2026-03-30,0.00665363,True,False,True,True,False,False,True,good_day,GOOD_DAY
UZS_RUB,2026-03-31,0.00665772,True,False,False,False,True,False,False,none,COOLDOWN
UZS_RUB,2026-04-01,0.00666303,True,False,False,False,True,False,False,none,COOLDOWN
UZS_RUB,2026-04-02,0.00666303,True,False,False,False,True,False,False,none,COOLDOWN
UZS_RUB,2026-04-03,0.00661187,True,False,True,True,True,False,False,none,COOLDOWN
UZS_RUB,2026-04-06,0.00655094,True,False,True,True,False,False,True,good_day,GOOD_DAY
UZS_RUB,2026-04-07,0.00646616,True,False,True,True,True,False,False,none,COOLDOWN
UZS_RUB,2026-04-08,0.00645061,True,False,True,True,True,False,False,none,COOLDOWN
UZS_RUB,2026-04-09,0.00640338,False,False,True,False,True,False,False,none,COOLDOWN
UZS_RUB,2026-04-10,0.00638095,True,False,True,True,True,False,False,none,COOLDOWN
UZS_RUB,2026-04-13,0.0063307,True,False,True,True,False,False,True,good_day,GOOD_DAY
UZS_RUB,2026-04-14,0.006288,True,False,True,True,True,False,False,none,COOLDOWN
UZS_RUB,2026-04-15,0.00624749,True,False,True,True,True,False,False,none,COOLDOWN
UZS_RUB,2026-04-16,0.00617161,False,False,True,False,True,False,False,none,COOLDOWN
UZS_RUB,2026-04-17,0.00625439,False,True,True,True,True,False,False,none,COOLDOWN
UZS_RUB,2026-04-20,0.00627066,False,False,False,False,False,False,False,none,NO_CANDIDATE
UZS_RUB,2026-04-21,0.00621931,False,False,True,False,False,False,True,positive_market_fact,POSITIVE_MARKET_FACT
UZS_RUB,2026-04-22,0.0061846,False,False,True,False,True,False,False,none,COOLDOWN
UZS_RUB,2026-04-23,0.00622791,False,False,True,False,True,False,False,none,COOLDOWN
UZS_RUB,2026-04-24,0.00622796,True,False,False,False,False,False,True,good_day,GOOD_DAY
UZS_RUB,2026-04-27,0.00628322,False,False,False,False,False,False,False,none,NO_CANDIDATE
UZS_RUB,2026-04-28,0.00619633,True,False,True,True,True,False,False,none,COOLDOWN
UZS_RUB,2026-04-29,0.00620945,True,False,True,True,False,False,True,good_day,GOOD_DAY
UZS_RUB,2026-04-30,0.00625319,False,False,False,False,False,False,False,none,NO_CANDIDATE
UZS_RUB,2026-05-01,0.00626603,False,False,False,False,False,False,False,none,NO_CANDIDATE
UZS_RUB,2026-05-04,0.00626603,False,False,False,False,False,False,False,none,NO_CANDIDATE
UZS_RUB,2026-05-05,0.00628996,False,False,False,False,False,False,False,none,NO_CANDIDATE
UZS_RUB,2026-05-06,0.00625932,False,False,False,False,False,False,False,none,NO_CANDIDATE
UZS_RUB,2026-05-07,0.00623015,True,False,False,False,False,False,True,good_day,GOOD_DAY
UZS_RUB,2026-05-08,0.0061594,True,False,True,True,True,False,False,none,COOLDOWN
UZS_RUB,2026-05-11,0.00611898,True,False,True,True,True,False,False,none,COOLDOWN
UZS_RUB,2026-05-12,0.00611898,True,False,True,True,False,False,True,good_day,GOOD_DAY
UZS_RUB,2026-05-13,0.00607525,True,False,True,True,True,False,False,none,COOLDOWN
UZS_RUB,2026-05-14,0.00607467,True,False,True,True,True,False,False,none,COOLDOWN
UZS_RUB,2026-05-15,0.00610742,True,False,True,True,True,False,False,none,COOLDOWN
UZS_RUB,2026-05-18,0.00610092,True,False,False,False,False,False,True,good_day,GOOD_DAY
UZS_RUB,2026-05-19,0.00601948,True,False,True,True,True,False,False,none,COOLDOWN
UZS_RUB,2026-05-20,0.00591355,True,False,True,True,True,False,False,none,COOLDOWN
UZS_RUB,2026-05-21,0.00587528,True,False,True,True,True,False,False,none,COOLDOWN
UZS_RUB,2026-05-22,0.00588877,True,False,True,True,True,False,False,none,COOLDOWN
UZS_RUB,2026-05-25,0.00594417,False,False,True,False,False,False,True,positive_market_fact,POSITIVE_MARKET_FACT
UZS_RUB,2026-05-26,0.00596325,False,False,False,False,False,False,False,none,NO_CANDIDATE
UZS_RUB,2026-05-27,0.00597137,False,False,False,False,False,False,False,none,NO_CANDIDATE
UZS_RUB,2026-05-28,0.00590748,True,False,True,True,False,False,True,good_day,GOOD_DAY
UZS_RUB,2026-05-29,0.00594666,False,False,False,False,False,False,False,none,NO_CANDIDATE
UZS_RUB,2026-06-01,0.00591758,True,False,False,False,True,False,False,none,COOLDOWN
UZS_RUB,2026-06-02,0.0059882,False,False,False,False,False,False,False,none,NO_CANDIDATE
UZS_RUB,2026-06-03,0.00607976,False,False,False,False,False,False,False,none,NO_CANDIDATE
UZS_RUB,2026-06-04,0.00612694,False,False,False,False,False,False,False,none,NO_CANDIDATE
UZS_RUB,2026-06-05,0.00619274,False,False,False,False,False,False,False,none,NO_CANDIDATE
UZS_RUB,2026-06-08,0.00619274,False,False,False,False,False,False,False,none,NO_CANDIDATE
UZS_RUB,2026-06-09,0.00609856,False,False,False,False,False,False,False,none,NO_CANDIDATE
UZS_RUB,2026-06-10,0.00596016,True,False,True,True,False,False,True,good_day,GOOD_DAY
UZS_RUB,2026-06-11,0.00595562,True,False,True,True,True,False,False,none,COOLDOWN
UZS_RUB,2026-06-12,0.00598509,True,False,True,True,True,False,False,none,COOLDOWN
UZS_RUB,2026-06-15,0.00598509,True,False,True,True,False,False,True,good_day,GOOD_DAY
UZS_RUB,2026-06-16,0.00604777,False,True,False,False,True,False,False,none,COOLDOWN
UZS_RUB,2026-06-17,0.0060055,True,False,False,False,True,False,False,none,COOLDOWN
UZS_RUB,2026-06-18,0.00603614,False,False,False,False,False,False,False,none,NO_CANDIDATE
UZS_RUB,2026-06-19,0.00606998,False,False,False,False,False,False,False,none,NO_CANDIDATE
UZS_RUB,2026-06-22,0.00609025,False,False,False,False,False,False,False,none,NO_CANDIDATE
UZS_RUB,2026-06-23,0.00615208,False,False,False,False,False,False,False,none,NO_CANDIDATE
UZS_RUB,2026-06-24,0.00620952,False,False,False,False,False,False,False,none,NO_CANDIDATE
UZS_RUB,2026-06-25,0.00621851,False,False,False,False,False,False,False,none,NO_CANDIDATE
UZS_RUB,2026-06-26,0.0062958,False,False,False,False,False,False,False,none,NO_CANDIDATE
UZS_RUB,2026-06-29,0.00641679,False,False,False,False,False,False,False,none,NO_CANDIDATE
UZS_RUB,2026-06-30,0.00644681,False,False,False,False,False,False,False,none,NO_CANDIDATE
UZS_RUB,2026-07-01,0.00651743,False,False,False,False,False,False,False,none,NO_CANDIDATE
UZS_RUB,2026-07-02,0.00655804,False,False,False,False,False,False,False,none,NO_CANDIDATE
UZS_RUB,2026-07-03,0.00654337,False,False,False,False,False,False,False,none,NO_CANDIDATE
UZS_RUB,2026-07-06,0.00644956,False,False,False,False,False,False,False,none,NO_CANDIDATE
UZS_RUB,2026-07-07,0.00647477,True,False,False,False,False,False,True,good_day,GOOD_DAY
UZS_RUB,2026-07-08,0.00633257,True,False,True,True,True,False,False,none,COOLDOWN
UZS_RUB,2026-07-09,0.00636436,True,False,True,True,True,False,False,none,COOLDOWN
UZS_RUB,2026-07-10,0.00632107,True,False,True,True,True,False,False,none,COOLDOWN
UZS_RUB,2026-07-13,0.00634853,True,False,True,True,False,False,True,good_day,GOOD_DAY
UZS_RUB,2026-07-14,0.00633607,True,False,True,True,True,False,False,none,COOLDOWN
UZS_RUB,2026-07-15,0.00642255,False,True,False,False,True,False,False,none,COOLDOWN
UZS_RUB,2026-07-16,0.00644858,False,False,False,False,False,False,False,none,NO_CANDIDATE
UZS_RUB,2026-07-17,0.00647613,False,False,False,False,False,False,False,none,NO_CANDIDATE
UZS_RUB,2026-07-20,0.00651626,False,False,False,False,False,False,False,none,NO_CANDIDATE
UZS_RUB,2026-07-21,0.0065481,False,False,False,False,False,False,False,none,NO_CANDIDATE
UZS_RUB,2026-07-22,0.00655351,False,False,False,False,False,False,False,none,NO_CANDIDATE
UZS_RUB,2026-07-23,0.00651312,False,False,False,False,False,False,False,none,NO_CANDIDATE
UZS_RUB,2026-07-24,0.00647876,False,False,False,False,False,False,False,none,NO_CANDIDATE
UZS_RUB,2026-07-27,0.00649224,True,False,False,False,False,False,True,good_day,GOOD_DAY
UZS_RUB,2026-07-28,0.00650744,True,False,False,False,True,False,False,none,COOLDOWN
UZS_RUB,2026-07-29,0.00653077,True,False,False,False,True,False,False,none,COOLDOWN
UZS_RUB,2026-07-30,0.00659371,False,True,False,False,True,False,False,none,COOLDOWN
UZS_RUB,2026-07-31,0.00665123,False,False,False,False,False,False,False,none,NO_CANDIDATE
UZS_RUB,2026-08-03,0.00664402,False,False,False,False,False,False,False,none,NO_CANDIDATE
UZS_RUB,2026-08-04,0.00667826,False,False,False,False,False,False,False,none,NO_CANDIDATE
UZS_RUB,2026-08-05,0.00679347,False,False,False,False,False,False,False,none,NO_CANDIDATE
UZS_RUB,2026-08-06,0.00680838,False,False,False,False,False,False,False,none,NO_CANDIDATE
UZS_RUB,2026-08-07,0.006832,False,False,False,False,False,False,False,none,NO_CANDIDATE
UZS_RUB,2026-08-10,0.00687465,False,False,False,False,False,False,False,none,NO_CANDIDATE
UZS_RUB,2026-08-11,0.00692155,False,False,False,False,False,False,False,none,NO_CANDIDATE
UZS_RUB,2026-08-12,0.00690213,False,False,False,False,False,False,False,none,NO_CANDIDATE
UZS_RUB,2026-08-13,0.00698049,False,False,False,False,False,False,False,none,NO_CANDIDATE
UZS_RUB,2026-08-14,0.00701387,False,False,False,False,False,False,False,none,NO_CANDIDATE
UZS_RUB,2026-08-17,0.00708206,False,False,False,False,False,False,False,none,NO_CANDIDATE
UZS_RUB,2026-08-18,0.0071493,False,False,False,False,False,False,False,none,NO_CANDIDATE
UZS_RUB,2026-08-19,0.00718242,False,False,False,False,False,False,False,none,NO_CANDIDATE
UZS_RUB,2026-08-20,0.0072019,False,False,False,False,False,False,False,none,NO_CANDIDATE
UZS_RUB,2026-08-21,0.00706705,False,False,False,False,False,False,False,none,NO_CANDIDATE
UZS_RUB,2026-08-24,0.00699924,True,False,True,True,False,False,True,good_day,GOOD_DAY
