file,rule,description,horizon_days,x_bps,corridor,rows,good_days,good_share,good_episodes,median_regret_bps
regret_max__h-01__x-025bps.parquet,regret_max,Максимальное future regret за h дней не превышает X bps.,1,25,AMD_RUB,270,193,0.7148148148148148,54,0.0
regret_max__h-01__x-025bps.parquet,regret_max,Максимальное future regret за h дней не превышает X bps.,1,25,KGS_RUB,270,193,0.7148148148148148,55,0.0
regret_max__h-01__x-025bps.parquet,regret_max,Максимальное future regret за h дней не превышает X bps.,1,25,KZT_RUB,270,195,0.7222222222222222,55,0.0
regret_max__h-01__x-025bps.parquet,regret_max,Максимальное future regret за h дней не превышает X bps.,1,25,TJS_RUB,270,198,0.7333333333333333,51,0.0
regret_max__h-01__x-025bps.parquet,regret_max,Максимальное future regret за h дней не превышает X bps.,1,25,UZS_RUB,270,196,0.725925925925926,46,0.0
regret_max__h-01__x-050bps.parquet,regret_max,Максимальное future regret за h дней не превышает X bps.,1,50,AMD_RUB,270,225,0.8333333333333334,39,0.0
regret_max__h-01__x-050bps.parquet,regret_max,Максимальное future regret за h дней не превышает X bps.,1,50,KGS_RUB,270,227,0.8407407407407408,37,0.0
regret_max__h-01__x-050bps.parquet,regret_max,Максимальное future regret за h дней не превышает X bps.,1,50,KZT_RUB,270,220,0.8148148148148148,40,0.0
regret_max__h-01__x-050bps.parquet,regret_max,Максимальное future regret за h дней не превышает X bps.,1,50,TJS_RUB,270,229,0.8481481481481481,39,0.0
regret_max__h-01__x-050bps.parquet,regret_max,Максимальное future regret за h дней не превышает X bps.,1,50,UZS_RUB,270,210,0.7777777777777778,44,0.0
regret_max__h-01__x-100bps.parquet,regret_max,Максимальное future regret за h дней не превышает X bps.,1,100,AMD_RUB,270,251,0.9296296296296296,18,0.0
regret_max__h-01__x-100bps.parquet,regret_max,Максимальное future regret за h дней не превышает X bps.,1,100,KGS_RUB,270,251,0.9296296296296296,18,0.0
regret_max__h-01__x-100bps.parquet,regret_max,Максимальное future regret за h дней не превышает X bps.,1,100,KZT_RUB,270,243,0.9,23,0.0
regret_max__h-01__x-100bps.parquet,regret_max,Максимальное future regret за h дней не превышает X bps.,1,100,TJS_RUB,270,253,0.937037037037037,17,0.0
regret_max__h-01__x-100bps.parquet,regret_max,Максимальное future regret за h дней не превышает X bps.,1,100,UZS_RUB,270,248,0.9185185185185185,21,0.0
near_local_min__h-01__x-025bps.parquet,near_local_min,Курс T не дальше X bps от минимума в календарном окне T±h.,1,25,AMD_RUB,270,125,0.46296296296296297,81,0.0
near_local_min__h-01__x-025bps.parquet,near_local_min,Курс T не дальше X bps от минимума в календарном окне T±h.,1,25,KGS_RUB,270,125,0.46296296296296297,80,0.0
near_local_min__h-01__x-025bps.parquet,near_local_min,Курс T не дальше X bps от минимума в календарном окне T±h.,1,25,KZT_RUB,270,115,0.42592592592592593,77,0.0
near_local_min__h-01__x-025bps.parquet,near_local_min,Курс T не дальше X bps от минимума в календарном окне T±h.,1,25,TJS_RUB,270,119,0.44074074074074077,84,0.0
near_local_min__h-01__x-025bps.parquet,near_local_min,Курс T не дальше X bps от минимума в календарном окне T±h.,1,25,UZS_RUB,270,108,0.4,67,0.0
near_local_min__h-01__x-050bps.parquet,near_local_min,Курс T не дальше X bps от минимума в календарном окне T±h.,1,50,AMD_RUB,270,167,0.6185185185185185,70,0.0
near_local_min__h-01__x-050bps.parquet,near_local_min,Курс T не дальше X bps от минимума в календарном окне T±h.,1,50,KGS_RUB,270,170,0.6296296296296297,66,0.0
near_local_min__h-01__x-050bps.parquet,near_local_min,Курс T не дальше X bps от минимума в календарном окне T±h.,1,50,KZT_RUB,270,155,0.5740740740740741,68,0.0
near_local_min__h-01__x-050bps.parquet,near_local_min,Курс T не дальше X bps от минимума в календарном окне T±h.,1,50,TJS_RUB,270,165,0.6111111111111112,70,0.0
near_local_min__h-01__x-050bps.parquet,near_local_min,Курс T не дальше X bps от минимума в календарном окне T±h.,1,50,UZS_RUB,270,146,0.5407407407407407,76,0.0
near_local_min__h-01__x-100bps.parquet,near_local_min,Курс T не дальше X bps от минимума в календарном окне T±h.,1,100,AMD_RUB,270,224,0.8296296296296296,34,0.0
near_local_min__h-01__x-100bps.parquet,near_local_min,Курс T не дальше X bps от минимума в календарном окне T±h.,1,100,KGS_RUB,270,225,0.8333333333333334,32,0.0
near_local_min__h-01__x-100bps.parquet,near_local_min,Курс T не дальше X bps от минимума в календарном окне T±h.,1,100,KZT_RUB,270,207,0.7666666666666667,50,0.0
near_local_min__h-01__x-100bps.parquet,near_local_min,Курс T не дальше X bps от минимума в календарном окне T±h.,1,100,TJS_RUB,270,227,0.8407407407407408,33,0.0
near_local_min__h-01__x-100bps.parquet,near_local_min,Курс T не дальше X bps от минимума в календарном окне T±h.,1,100,UZS_RUB,270,215,0.7962962962962963,46,0.0
centered_mean_benefit__h-01__x-025bps.parquet,centered_mean_benefit,Курс T лучше среднего в окне T±h минимум на X bps.,1,25,AMD_RUB,270,62,0.22962962962962963,54,0.0
centered_mean_benefit__h-01__x-025bps.parquet,centered_mean_benefit,Курс T лучше среднего в окне T±h минимум на X bps.,1,25,KGS_RUB,270,58,0.21481481481481482,51,0.0
centered_mean_benefit__h-01__x-025bps.parquet,centered_mean_benefit,Курс T лучше среднего в окне T±h минимум на X bps.,1,25,KZT_RUB,270,71,0.26296296296296295,58,0.0
centered_mean_benefit__h-01__x-025bps.parquet,centered_mean_benefit,Курс T лучше среднего в окне T±h минимум на X bps.,1,25,TJS_RUB,270,56,0.2074074074074074,52,0.0
centered_mean_benefit__h-01__x-025bps.parquet,centered_mean_benefit,Курс T лучше среднего в окне T±h минимум на X bps.,1,25,UZS_RUB,270,62,0.22962962962962963,52,0.0
centered_mean_benefit__h-01__x-050bps.parquet,centered_mean_benefit,Курс T лучше среднего в окне T±h минимум на X bps.,1,50,AMD_RUB,270,19,0.07037037037037037,18,0.0
centered_mean_benefit__h-01__x-050bps.parquet,centered_mean_benefit,Курс T лучше среднего в окне T±h минимум на X bps.,1,50,KGS_RUB,270,19,0.07037037037037037,18,0.0
centered_mean_benefit__h-01__x-050bps.parquet,centered_mean_benefit,Курс T лучше среднего в окне T±h минимум на X bps.,1,50,KZT_RUB,270,35,0.12962962962962962,32,0.0
centered_mean_benefit__h-01__x-050bps.parquet,centered_mean_benefit,Курс T лучше среднего в окне T±h минимум на X bps.,1,50,TJS_RUB,270,23,0.08518518518518518,20,0.0
centered_mean_benefit__h-01__x-050bps.parquet,centered_mean_benefit,Курс T лучше среднего в окне T±h минимум на X bps.,1,50,UZS_RUB,270,24,0.08888888888888889,22,0.0
centered_mean_benefit__h-01__x-100bps.parquet,centered_mean_benefit,Курс T лучше среднего в окне T±h минимум на X bps.,1,100,AMD_RUB,270,2,0.007407407407407408,2,0.0
centered_mean_benefit__h-01__x-100bps.parquet,centered_mean_benefit,Курс T лучше среднего в окне T±h минимум на X bps.,1,100,KGS_RUB,270,2,0.007407407407407408,2,0.0
centered_mean_benefit__h-01__x-100bps.parquet,centered_mean_benefit,Курс T лучше среднего в окне T±h минимум на X bps.,1,100,KZT_RUB,270,5,0.018518518518518517,5,0.0
centered_mean_benefit__h-01__x-100bps.parquet,centered_mean_benefit,Курс T лучше среднего в окне T±h минимум на X bps.,1,100,TJS_RUB,270,3,0.011111111111111112,3,0.0
centered_mean_benefit__h-01__x-100bps.parquet,centered_mean_benefit,Курс T лучше среднего в окне T±h минимум на X bps.,1,100,UZS_RUB,270,3,0.011111111111111112,3,0.0
future_median_benefit__h-01__x-025bps.parquet,future_median_benefit,Курс T лучше медианы следующих h дней минимум на X bps.,1,25,AMD_RUB,270,73,0.27037037037037037,51,0.0
future_median_benefit__h-01__x-025bps.parquet,future_median_benefit,Курс T лучше медианы следующих h дней минимум на X bps.,1,25,KGS_RUB,270,72,0.26666666666666666,51,0.0
future_median_benefit__h-01__x-025bps.parquet,future_median_benefit,Курс T лучше медианы следующих h дней минимум на X bps.,1,25,KZT_RUB,270,86,0.31851851851851853,59,0.0
future_median_benefit__h-01__x-025bps.parquet,future_median_benefit,Курс T лучше медианы следующих h дней минимум на X bps.,1,25,TJS_RUB,270,81,0.3,59,0.0
future_median_benefit__h-01__x-025bps.parquet,future_median_benefit,Курс T лучше медианы следующих h дней минимум на X bps.,1,25,UZS_RUB,270,92,0.34074074074074073,56,0.0
future_median_benefit__h-01__x-050bps.parquet,future_median_benefit,Курс T лучше медианы следующих h дней минимум на X bps.,1,50,AMD_RUB,270,56,0.2074074074074074,41,0.0
future_median_benefit__h-01__x-050bps.parquet,future_median_benefit,Курс T лучше медианы следующих h дней минимум на X bps.,1,50,KGS_RUB,270,54,0.2,38,0.0
future_median_benefit__h-01__x-050bps.parquet,future_median_benefit,Курс T лучше медианы следующих h дней минимум на X bps.,1,50,KZT_RUB,270,62,0.22962962962962963,46,0.0
future_median_benefit__h-01__x-050bps.parquet,future_median_benefit,Курс T лучше медианы следующих h дней минимум на X bps.,1,50,TJS_RUB,270,56,0.2074074074074074,41,0.0
future_median_benefit__h-01__x-050bps.parquet,future_median_benefit,Курс T лучше медианы следующих h дней минимум на X bps.,1,50,UZS_RUB,270,63,0.23333333333333334,47,0.0
future_median_benefit__h-01__x-100bps.parquet,future_median_benefit,Курс T лучше медианы следующих h дней минимум на X bps.,1,100,AMD_RUB,270,24,0.08888888888888889,18,0.0
future_median_benefit__h-01__x-100bps.parquet,future_median_benefit,Курс T лучше медианы следующих h дней минимум на X bps.,1,100,KGS_RUB,270,24,0.08888888888888889,17,0.0
future_median_benefit__h-01__x-100bps.parquet,future_median_benefit,Курс T лучше медианы следующих h дней минимум на X bps.,1,100,KZT_RUB,270,32,0.11851851851851852,29,0.0
future_median_benefit__h-01__x-100bps.parquet,future_median_benefit,Курс T лучше медианы следующих h дней минимум на X bps.,1,100,TJS_RUB,270,24,0.08888888888888889,19,0.0
future_median_benefit__h-01__x-100bps.parquet,future_median_benefit,Курс T лучше медианы следующих h дней минимум на X bps.,1,100,UZS_RUB,270,27,0.1,23,0.0
stable_80pct__h-01__x-025bps.parquet,stable_80pct,Не менее 80% следующих h дней не лучше T более чем на X bps.,1,25,AMD_RUB,270,193,0.7148148148148148,54,0.0
stable_80pct__h-01__x-025bps.parquet,stable_80pct,Не менее 80% следующих h дней не лучше T более чем на X bps.,1,25,KGS_RUB,270,193,0.7148148148148148,55,0.0
stable_80pct__h-01__x-025bps.parquet,stable_80pct,Не менее 80% следующих h дней не лучше T более чем на X bps.,1,25,KZT_RUB,270,195,0.7222222222222222,55,0.0
stable_80pct__h-01__x-025bps.parquet,stable_80pct,Не менее 80% следующих h дней не лучше T более чем на X bps.,1,25,TJS_RUB,270,198,0.7333333333333333,51,0.0
stable_80pct__h-01__x-025bps.parquet,stable_80pct,Не менее 80% следующих h дней не лучше T более чем на X bps.,1,25,UZS_RUB,270,196,0.725925925925926,46,0.0
stable_80pct__h-01__x-050bps.parquet,stable_80pct,Не менее 80% следующих h дней не лучше T более чем на X bps.,1,50,AMD_RUB,270,225,0.8333333333333334,39,0.0
stable_80pct__h-01__x-050bps.parquet,stable_80pct,Не менее 80% следующих h дней не лучше T более чем на X bps.,1,50,KGS_RUB,270,227,0.8407407407407408,37,0.0
stable_80pct__h-01__x-050bps.parquet,stable_80pct,Не менее 80% следующих h дней не лучше T более чем на X bps.,1,50,KZT_RUB,270,220,0.8148148148148148,40,0.0
stable_80pct__h-01__x-050bps.parquet,stable_80pct,Не менее 80% следующих h дней не лучше T более чем на X bps.,1,50,TJS_RUB,270,229,0.8481481481481481,39,0.0
stable_80pct__h-01__x-050bps.parquet,stable_80pct,Не менее 80% следующих h дней не лучше T более чем на X bps.,1,50,UZS_RUB,270,210,0.7777777777777778,44,0.0
stable_80pct__h-01__x-100bps.parquet,stable_80pct,Не менее 80% следующих h дней не лучше T более чем на X bps.,1,100,AMD_RUB,270,251,0.9296296296296296,18,0.0
stable_80pct__h-01__x-100bps.parquet,stable_80pct,Не менее 80% следующих h дней не лучше T более чем на X bps.,1,100,KGS_RUB,270,251,0.9296296296296296,18,0.0
stable_80pct__h-01__x-100bps.parquet,stable_80pct,Не менее 80% следующих h дней не лучше T более чем на X bps.,1,100,KZT_RUB,270,243,0.9,23,0.0
stable_80pct__h-01__x-100bps.parquet,stable_80pct,Не менее 80% следующих h дней не лучше T более чем на X bps.,1,100,TJS_RUB,270,253,0.937037037037037,17,0.0
stable_80pct__h-01__x-100bps.parquet,stable_80pct,Не менее 80% следующих h дней не лучше T более чем на X bps.,1,100,UZS_RUB,270,248,0.9185185185185185,21,0.0
no_early_better__h-01__x-025bps.parquet,no_early_better,В первой половине горизонта нет более выгодного курса сверх X bps.,1,25,AMD_RUB,270,193,0.7148148148148148,54,0.0
no_early_better__h-01__x-025bps.parquet,no_early_better,В первой половине горизонта нет более выгодного курса сверх X bps.,1,25,KGS_RUB,270,193,0.7148148148148148,55,0.0
no_early_better__h-01__x-025bps.parquet,no_early_better,В первой половине горизонта нет более выгодного курса сверх X bps.,1,25,KZT_RUB,270,195,0.7222222222222222,55,0.0
no_early_better__h-01__x-025bps.parquet,no_early_better,В первой половине горизонта нет более выгодного курса сверх X bps.,1,25,TJS_RUB,270,198,0.7333333333333333,51,0.0
no_early_better__h-01__x-025bps.parquet,no_early_better,В первой половине горизонта нет более выгодного курса сверх X bps.,1,25,UZS_RUB,270,196,0.725925925925926,46,0.0
no_early_better__h-01__x-050bps.parquet,no_early_better,В первой половине горизонта нет более выгодного курса сверх X bps.,1,50,AMD_RUB,270,225,0.8333333333333334,39,0.0
no_early_better__h-01__x-050bps.parquet,no_early_better,В первой половине горизонта нет более выгодного курса сверх X bps.,1,50,KGS_RUB,270,227,0.8407407407407408,37,0.0
no_early_better__h-01__x-050bps.parquet,no_early_better,В первой половине горизонта нет более выгодного курса сверх X bps.,1,50,KZT_RUB,270,220,0.8148148148148148,40,0.0
no_early_better__h-01__x-050bps.parquet,no_early_better,В первой половине горизонта нет более выгодного курса сверх X bps.,1,50,TJS_RUB,270,229,0.8481481481481481,39,0.0
no_early_better__h-01__x-050bps.parquet,no_early_better,В первой половине горизонта нет более выгодного курса сверх X bps.,1,50,UZS_RUB,270,210,0.7777777777777778,44,0.0
no_early_better__h-01__x-100bps.parquet,no_early_better,В первой половине горизонта нет более выгодного курса сверх X bps.,1,100,AMD_RUB,270,251,0.9296296296296296,18,0.0
no_early_better__h-01__x-100bps.parquet,no_early_better,В первой половине горизонта нет более выгодного курса сверх X bps.,1,100,KGS_RUB,270,251,0.9296296296296296,18,0.0
no_early_better__h-01__x-100bps.parquet,no_early_better,В первой половине горизонта нет более выгодного курса сверх X bps.,1,100,KZT_RUB,270,243,0.9,23,0.0
no_early_better__h-01__x-100bps.parquet,no_early_better,В первой половине горизонта нет более выгодного курса сверх X bps.,1,100,TJS_RUB,270,253,0.937037037037037,17,0.0
no_early_better__h-01__x-100bps.parquet,no_early_better,В первой половине горизонта нет более выгодного курса сверх X bps.,1,100,UZS_RUB,270,248,0.9185185185185185,21,0.0
low_p10_30_and_regret__h-01__x-025bps.parquet,low_p10_30_and_regret,Нижние 10% 30 прошлых котировок и future regret не выше X bps.,1,25,AMD_RUB,270,33,0.12222222222222222,20,0.0
low_p10_30_and_regret__h-01__x-025bps.parquet,low_p10_30_and_regret,Нижние 10% 30 прошлых котировок и future regret не выше X bps.,1,25,KGS_RUB,270,39,0.14444444444444443,24,0.0
low_p10_30_and_regret__h-01__x-025bps.parquet,low_p10_30_and_regret,Нижние 10% 30 прошлых котировок и future regret не выше X bps.,1,25,KZT_RUB,270,35,0.12962962962962962,18,0.0
low_p10_30_and_regret__h-01__x-025bps.parquet,low_p10_30_and_regret,Нижние 10% 30 прошлых котировок и future regret не выше X bps.,1,25,TJS_RUB,270,37,0.13703703703703704,22,0.0
low_p10_30_and_regret__h-01__x-025bps.parquet,low_p10_30_and_regret,Нижние 10% 30 прошлых котировок и future regret не выше X bps.,1,25,UZS_RUB,270,37,0.13703703703703704,18,0.0
low_p10_30_and_regret__h-01__x-050bps.parquet,low_p10_30_and_regret,Нижние 10% 30 прошлых котировок и future regret не выше X bps.,1,50,AMD_RUB,270,39,0.14444444444444443,18,0.0
low_p10_30_and_regret__h-01__x-050bps.parquet,low_p10_30_and_regret,Нижние 10% 30 прошлых котировок и future regret не выше X bps.,1,50,KGS_RUB,270,48,0.17777777777777778,20,0.0
low_p10_30_and_regret__h-01__x-050bps.parquet,low_p10_30_and_regret,Нижние 10% 30 прошлых котировок и future regret не выше X bps.,1,50,KZT_RUB,270,36,0.13333333333333333,18,0.0
low_p10_30_and_regret__h-01__x-050bps.parquet,low_p10_30_and_regret,Нижние 10% 30 прошлых котировок и future regret не выше X bps.,1,50,TJS_RUB,270,47,0.17407407407407408,18,0.0
low_p10_30_and_regret__h-01__x-050bps.parquet,low_p10_30_and_regret,Нижние 10% 30 прошлых котировок и future regret не выше X bps.,1,50,UZS_RUB,270,37,0.13703703703703704,18,0.0
low_p10_30_and_regret__h-01__x-100bps.parquet,low_p10_30_and_regret,Нижние 10% 30 прошлых котировок и future regret не выше X bps.,1,100,AMD_RUB,270,44,0.16296296296296298,16,0.0
low_p10_30_and_regret__h-01__x-100bps.parquet,low_p10_30_and_regret,Нижние 10% 30 прошлых котировок и future regret не выше X bps.,1,100,KGS_RUB,270,53,0.1962962962962963,16,0.0
low_p10_30_and_regret__h-01__x-100bps.parquet,low_p10_30_and_regret,Нижние 10% 30 прошлых котировок и future regret не выше X bps.,1,100,KZT_RUB,270,40,0.14814814814814814,17,0.0
low_p10_30_and_regret__h-01__x-100bps.parquet,low_p10_30_and_regret,Нижние 10% 30 прошлых котировок и future regret не выше X bps.,1,100,TJS_RUB,270,51,0.18888888888888888,15,0.0
low_p10_30_and_regret__h-01__x-100bps.parquet,low_p10_30_and_regret,Нижние 10% 30 прошлых котировок и future regret не выше X bps.,1,100,UZS_RUB,270,46,0.17037037037037037,15,0.0
low_p20_60_and_regret__h-01__x-025bps.parquet,low_p20_60_and_regret,Нижние 20% 60 прошлых котировок и future regret не выше X bps.,1,25,AMD_RUB,270,56,0.2074074074074074,30,0.0
low_p20_60_and_regret__h-01__x-025bps.parquet,low_p20_60_and_regret,Нижние 20% 60 прошлых котировок и future regret не выше X bps.,1,25,KGS_RUB,270,67,0.24814814814814815,30,0.0
low_p20_60_and_regret__h-01__x-025bps.parquet,low_p20_60_and_regret,Нижние 20% 60 прошлых котировок и future regret не выше X bps.,1,25,KZT_RUB,270,50,0.18518518518518517,20,0.0
low_p20_60_and_regret__h-01__x-025bps.parquet,low_p20_60_and_regret,Нижние 20% 60 прошлых котировок и future regret не выше X bps.,1,25,TJS_RUB,270,61,0.22592592592592592,26,0.0
low_p20_60_and_regret__h-01__x-025bps.parquet,low_p20_60_and_regret,Нижние 20% 60 прошлых котировок и future regret не выше X bps.,1,25,UZS_RUB,270,61,0.22592592592592592,25,0.0
low_p20_60_and_regret__h-01__x-050bps.parquet,low_p20_60_and_regret,Нижние 20% 60 прошлых котировок и future regret не выше X bps.,1,50,AMD_RUB,270,68,0.2518518518518518,25,0.0
low_p20_60_and_regret__h-01__x-050bps.parquet,low_p20_60_and_regret,Нижние 20% 60 прошлых котировок и future regret не выше X bps.,1,50,KGS_RUB,270,82,0.3037037037037037,22,0.0
low_p20_60_and_regret__h-01__x-050bps.parquet,low_p20_60_and_regret,Нижние 20% 60 прошлых котировок и future regret не выше X bps.,1,50,KZT_RUB,270,54,0.2,18,0.0
low_p20_60_and_regret__h-01__x-050bps.parquet,low_p20_60_and_regret,Нижние 20% 60 прошлых котировок и future regret не выше X bps.,1,50,TJS_RUB,270,72,0.26666666666666666,21,0.0
low_p20_60_and_regret__h-01__x-050bps.parquet,low_p20_60_and_regret,Нижние 20% 60 прошлых котировок и future regret не выше X bps.,1,50,UZS_RUB,270,66,0.24444444444444444,25,0.0
low_p20_60_and_regret__h-01__x-100bps.parquet,low_p20_60_and_regret,Нижние 20% 60 прошлых котировок и future regret не выше X bps.,1,100,AMD_RUB,270,75,0.2777777777777778,20,0.0
low_p20_60_and_regret__h-01__x-100bps.parquet,low_p20_60_and_regret,Нижние 20% 60 прошлых котировок и future regret не выше X bps.,1,100,KGS_RUB,270,91,0.337037037037037,15,0.0
low_p20_60_and_regret__h-01__x-100bps.parquet,low_p20_60_and_regret,Нижние 20% 60 прошлых котировок и future regret не выше X bps.,1,100,KZT_RUB,270,58,0.21481481481481482,15,0.0
low_p20_60_and_regret__h-01__x-100bps.parquet,low_p20_60_and_regret,Нижние 20% 60 прошлых котировок и future regret не выше X bps.,1,100,TJS_RUB,270,82,0.3037037037037037,14,0.0
low_p20_60_and_regret__h-01__x-100bps.parquet,low_p20_60_and_regret,Нижние 20% 60 прошлых котировок и future regret не выше X bps.,1,100,UZS_RUB,270,77,0.2851851851851852,20,0.0
regret_max__h-03__x-025bps.parquet,regret_max,Максимальное future regret за h дней не превышает X bps.,3,25,AMD_RUB,270,145,0.5370370370370371,48,12.606911494010916
regret_max__h-03__x-025bps.parquet,regret_max,Максимальное future regret за h дней не превышает X bps.,3,25,KGS_RUB,270,144,0.5333333333333333,47,14.86225846659917
regret_max__h-03__x-025bps.parquet,regret_max,Максимальное future regret за h дней не превышает X bps.,3,25,KZT_RUB,270,157,0.5814814814814815,50,5.748280058428236
regret_max__h-03__x-025bps.parquet,regret_max,Максимальное future regret за h дней не превышает X bps.,3,25,TJS_RUB,270,151,0.5592592592592592,48,13.44227682906245
regret_max__h-03__x-025bps.parquet,regret_max,Максимальное future regret за h дней не превышает X bps.,3,25,UZS_RUB,270,150,0.5555555555555556,47,10.224781913879726
regret_max__h-03__x-050bps.parquet,regret_max,Максимальное future regret за h дней не превышает X bps.,3,50,AMD_RUB,270,179,0.662962962962963,41,12.606911494010916
regret_max__h-03__x-050bps.parquet,regret_max,Максимальное future regret за h дней не превышает X bps.,3,50,KGS_RUB,270,180,0.6666666666666666,40,14.86225846659917
regret_max__h-03__x-050bps.parquet,regret_max,Максимальное future regret за h дней не превышает X bps.,3,50,KZT_RUB,270,175,0.6481481481481481,49,5.748280058428236
regret_max__h-03__x-050bps.parquet,regret_max,Максимальное future regret за h дней не превышает X bps.,3,50,TJS_RUB,270,177,0.6555555555555556,38,13.44227682906245
regret_max__h-03__x-050bps.parquet,regret_max,Максимальное future regret за h дней не превышает X bps.,3,50,UZS_RUB,270,161,0.5962962962962963,40,10.224781913879726
regret_max__h-03__x-100bps.parquet,regret_max,Максимальное future regret за h дней не превышает X bps.,3,100,AMD_RUB,270,225,0.8333333333333334,27,12.606911494010916
regret_max__h-03__x-100bps.parquet,regret_max,Максимальное future regret за h дней не превышает X bps.,3,100,KGS_RUB,270,220,0.8148148148148148,28,14.86225846659917
regret_max__h-03__x-100bps.parquet,regret_max,Максимальное future regret за h дней не превышает X bps.,3,100,KZT_RUB,270,213,0.7888888888888889,33,5.748280058428236
regret_max__h-03__x-100bps.parquet,regret_max,Максимальное future regret за h дней не превышает X bps.,3,100,TJS_RUB,270,221,0.8185185185185185,29,13.44227682906245
regret_max__h-03__x-100bps.parquet,regret_max,Максимальное future regret за h дней не превышает X bps.,3,100,UZS_RUB,270,209,0.774074074074074,31,10.224781913879726
near_local_min__h-03__x-025bps.parquet,near_local_min,Курс T не дальше X bps от минимума в календарном окне T±h.,3,25,AMD_RUB,270,63,0.23333333333333334,49,12.606911494010916
near_local_min__h-03__x-025bps.parquet,near_local_min,Курс T не дальше X bps от минимума в календарном окне T±h.,3,25,KGS_RUB,270,67,0.24814814814814815,47,14.86225846659917
near_local_min__h-03__x-025bps.parquet,near_local_min,Курс T не дальше X bps от минимума в календарном окне T±h.,3,25,KZT_RUB,270,63,0.23333333333333334,44,5.748280058428236
near_local_min__h-03__x-025bps.parquet,near_local_min,Курс T не дальше X bps от минимума в календарном окне T±h.,3,25,TJS_RUB,270,62,0.22962962962962963,47,13.44227682906245
near_local_min__h-03__x-025bps.parquet,near_local_min,Курс T не дальше X bps от минимума в календарном окне T±h.,3,25,UZS_RUB,270,65,0.24074074074074073,44,10.224781913879726
near_local_min__h-03__x-050bps.parquet,near_local_min,Курс T не дальше X bps от минимума в календарном окне T±h.,3,50,AMD_RUB,270,102,0.37777777777777777,52,12.606911494010916
near_local_min__h-03__x-050bps.parquet,near_local_min,Курс T не дальше X bps от минимума в календарном окне T±h.,3,50,KGS_RUB,270,109,0.40370370370370373,54,14.86225846659917
near_local_min__h-03__x-050bps.parquet,near_local_min,Курс T не дальше X bps от минимума в календарном окне T±h.,3,50,KZT_RUB,270,89,0.3296296296296296,54,5.748280058428236
near_local_min__h-03__x-050bps.parquet,near_local_min,Курс T не дальше X bps от минимума в календарном окне T±h.,3,50,TJS_RUB,270,93,0.34444444444444444,50,13.44227682906245
near_local_min__h-03__x-050bps.parquet,near_local_min,Курс T не дальше X bps от минимума в календарном окне T±h.,3,50,UZS_RUB,270,83,0.3074074074074074,47,10.224781913879726
near_local_min__h-03__x-100bps.parquet,near_local_min,Курс T не дальше X bps от минимума в календарном окне T±h.,3,100,AMD_RUB,270,174,0.6444444444444445,44,12.606911494010916
near_local_min__h-03__x-100bps.parquet,near_local_min,Курс T не дальше X bps от минимума в календарном окне T±h.,3,100,KGS_RUB,270,173,0.6407407407407407,43,14.86225846659917
near_local_min__h-03__x-100bps.parquet,near_local_min,Курс T не дальше X bps от минимума в календарном окне T±h.,3,100,KZT_RUB,270,147,0.5444444444444444,50,5.748280058428236
near_local_min__h-03__x-100bps.parquet,near_local_min,Курс T не дальше X bps от минимума в календарном окне T±h.,3,100,TJS_RUB,270,168,0.6222222222222222,46,13.44227682906245
near_local_min__h-03__x-100bps.parquet,near_local_min,Курс T не дальше X bps от минимума в календарном окне T±h.,3,100,UZS_RUB,270,143,0.5296296296296297,53,10.224781913879726
centered_mean_benefit__h-03__x-025bps.parquet,centered_mean_benefit,Курс T лучше среднего в окне T±h минимум на X bps.,3,25,AMD_RUB,270,88,0.32592592592592595,53,12.606911494010916
centered_mean_benefit__h-03__x-025bps.parquet,centered_mean_benefit,Курс T лучше среднего в окне T±h минимум на X bps.,3,25,KGS_RUB,270,83,0.3074074074074074,50,14.86225846659917
centered_mean_benefit__h-03__x-025bps.parquet,centered_mean_benefit,Курс T лучше среднего в окне T±h минимум на X bps.,3,25,KZT_RUB,270,87,0.32222222222222224,55,5.748280058428236
centered_mean_benefit__h-03__x-025bps.parquet,centered_mean_benefit,Курс T лучше среднего в окне T±h минимум на X bps.,3,25,TJS_RUB,270,90,0.3333333333333333,53,13.44227682906245
centered_mean_benefit__h-03__x-025bps.parquet,centered_mean_benefit,Курс T лучше среднего в окне T±h минимум на X bps.,3,25,UZS_RUB,270,99,0.36666666666666664,56,10.224781913879726
centered_mean_benefit__h-03__x-050bps.parquet,centered_mean_benefit,Курс T лучше среднего в окне T±h минимум на X bps.,3,50,AMD_RUB,270,50,0.18518518518518517,38,12.606911494010916
centered_mean_benefit__h-03__x-050bps.parquet,centered_mean_benefit,Курс T лучше среднего в окне T±h минимум на X bps.,3,50,KGS_RUB,270,51,0.18888888888888888,39,14.86225846659917
centered_mean_benefit__h-03__x-050bps.parquet,centered_mean_benefit,Курс T лучше среднего в окне T±h минимум на X bps.,3,50,KZT_RUB,270,55,0.2037037037037037,39,5.748280058428236
centered_mean_benefit__h-03__x-050bps.parquet,centered_mean_benefit,Курс T лучше среднего в окне T±h минимум на X bps.,3,50,TJS_RUB,270,49,0.1814814814814815,38,13.44227682906245
centered_mean_benefit__h-03__x-050bps.parquet,centered_mean_benefit,Курс T лучше среднего в окне T±h минимум на X bps.,3,50,UZS_RUB,270,57,0.2111111111111111,42,10.224781913879726
centered_mean_benefit__h-03__x-100bps.parquet,centered_mean_benefit,Курс T лучше среднего в окне T±h минимум на X bps.,3,100,AMD_RUB,270,10,0.037037037037037035,8,12.606911494010916
centered_mean_benefit__h-03__x-100bps.parquet,centered_mean_benefit,Курс T лучше среднего в окне T±h минимум на X bps.,3,100,KGS_RUB,270,9,0.03333333333333333,7,14.86225846659917
centered_mean_benefit__h-03__x-100bps.parquet,centered_mean_benefit,Курс T лучше среднего в окне T±h минимум на X bps.,3,100,KZT_RUB,270,26,0.0962962962962963,21,5.748280058428236
centered_mean_benefit__h-03__x-100bps.parquet,centered_mean_benefit,Курс T лучше среднего в окне T±h минимум на X bps.,3,100,TJS_RUB,270,12,0.044444444444444446,9,13.44227682906245
centered_mean_benefit__h-03__x-100bps.parquet,centered_mean_benefit,Курс T лучше среднего в окне T±h минимум на X bps.,3,100,UZS_RUB,270,17,0.06296296296296296,13,10.224781913879726
future_median_benefit__h-03__x-025bps.parquet,future_median_benefit,Курс T лучше медианы следующих h дней минимум на X bps.,3,25,AMD_RUB,270,87,0.32222222222222224,40,12.606911494010916
future_median_benefit__h-03__x-025bps.parquet,future_median_benefit,Курс T лучше медианы следующих h дней минимум на X bps.,3,25,KGS_RUB,270,83,0.3074074074074074,38,14.86225846659917
future_median_benefit__h-03__x-025bps.parquet,future_median_benefit,Курс T лучше медианы следующих h дней минимум на X bps.,3,25,KZT_RUB,270,101,0.37407407407407406,47,5.748280058428236
future_median_benefit__h-03__x-025bps.parquet,future_median_benefit,Курс T лучше медианы следующих h дней минимум на X bps.,3,25,TJS_RUB,270,95,0.35185185185185186,43,13.44227682906245
future_median_benefit__h-03__x-025bps.parquet,future_median_benefit,Курс T лучше медианы следующих h дней минимум на X bps.,3,25,UZS_RUB,270,96,0.35555555555555557,46,10.224781913879726
future_median_benefit__h-03__x-050bps.parquet,future_median_benefit,Курс T лучше медианы следующих h дней минимум на X bps.,3,50,AMD_RUB,270,66,0.24444444444444444,34,12.606911494010916
future_median_benefit__h-03__x-050bps.parquet,future_median_benefit,Курс T лучше медианы следующих h дней минимум на X bps.,3,50,KGS_RUB,270,60,0.2222222222222222,31,14.86225846659917
future_median_benefit__h-03__x-050bps.parquet,future_median_benefit,Курс T лучше медианы следующих h дней минимум на X bps.,3,50,KZT_RUB,270,76,0.2814814814814815,38,5.748280058428236
future_median_benefit__h-03__x-050bps.parquet,future_median_benefit,Курс T лучше медианы следующих h дней минимум на X bps.,3,50,TJS_RUB,270,69,0.25555555555555554,37,13.44227682906245
future_median_benefit__h-03__x-050bps.parquet,future_median_benefit,Курс T лучше медианы следующих h дней минимум на X bps.,3,50,UZS_RUB,270,75,0.2777777777777778,36,10.224781913879726
future_median_benefit__h-03__x-100bps.parquet,future_median_benefit,Курс T лучше медианы следующих h дней минимум на X bps.,3,100,AMD_RUB,270,35,0.12962962962962962,21,12.606911494010916
future_median_benefit__h-03__x-100bps.parquet,future_median_benefit,Курс T лучше медианы следующих h дней минимум на X bps.,3,100,KGS_RUB,270,32,0.11851851851851852,19,14.86225846659917
future_median_benefit__h-03__x-100bps.parquet,future_median_benefit,Курс T лучше медианы следующих h дней минимум на X bps.,3,100,KZT_RUB,270,43,0.15925925925925927,23,5.748280058428236
future_median_benefit__h-03__x-100bps.parquet,future_median_benefit,Курс T лучше медианы следующих h дней минимум на X bps.,3,100,TJS_RUB,270,34,0.1259259259259259,20,13.44227682906245
future_median_benefit__h-03__x-100bps.parquet,future_median_benefit,Курс T лучше медианы следующих h дней минимум на X bps.,3,100,UZS_RUB,270,48,0.17777777777777778,28,10.224781913879726
stable_80pct__h-03__x-025bps.parquet,stable_80pct,Не менее 80% следующих h дней не лучше T более чем на X bps.,3,25,AMD_RUB,270,145,0.5370370370370371,48,12.606911494010916
stable_80pct__h-03__x-025bps.parquet,stable_80pct,Не менее 80% следующих h дней не лучше T более чем на X bps.,3,25,KGS_RUB,270,144,0.5333333333333333,47,14.86225846659917
stable_80pct__h-03__x-025bps.parquet,stable_80pct,Не менее 80% следующих h дней не лучше T более чем на X bps.,3,25,KZT_RUB,270,157,0.5814814814814815,50,5.748280058428236
stable_80pct__h-03__x-025bps.parquet,stable_80pct,Не менее 80% следующих h дней не лучше T более чем на X bps.,3,25,TJS_RUB,270,151,0.5592592592592592,48,13.44227682906245
stable_80pct__h-03__x-025bps.parquet,stable_80pct,Не менее 80% следующих h дней не лучше T более чем на X bps.,3,25,UZS_RUB,270,150,0.5555555555555556,47,10.224781913879726
stable_80pct__h-03__x-050bps.parquet,stable_80pct,Не менее 80% следующих h дней не лучше T более чем на X bps.,3,50,AMD_RUB,270,179,0.662962962962963,41,12.606911494010916
stable_80pct__h-03__x-050bps.parquet,stable_80pct,Не менее 80% следующих h дней не лучше T более чем на X bps.,3,50,KGS_RUB,270,180,0.6666666666666666,40,14.86225846659917
stable_80pct__h-03__x-050bps.parquet,stable_80pct,Не менее 80% следующих h дней не лучше T более чем на X bps.,3,50,KZT_RUB,270,175,0.6481481481481481,49,5.748280058428236
stable_80pct__h-03__x-050bps.parquet,stable_80pct,Не менее 80% следующих h дней не лучше T более чем на X bps.,3,50,TJS_RUB,270,177,0.6555555555555556,38,13.44227682906245
stable_80pct__h-03__x-050bps.parquet,stable_80pct,Не менее 80% следующих h дней не лучше T более чем на X bps.,3,50,UZS_RUB,270,161,0.5962962962962963,40,10.224781913879726
stable_80pct__h-03__x-100bps.parquet,stable_80pct,Не менее 80% следующих h дней не лучше T более чем на X bps.,3,100,AMD_RUB,270,225,0.8333333333333334,27,12.606911494010916
stable_80pct__h-03__x-100bps.parquet,stable_80pct,Не менее 80% следующих h дней не лучше T более чем на X bps.,3,100,KGS_RUB,270,220,0.8148148148148148,28,14.86225846659917
stable_80pct__h-03__x-100bps.parquet,stable_80pct,Не менее 80% следующих h дней не лучше T более чем на X bps.,3,100,KZT_RUB,270,213,0.7888888888888889,33,5.748280058428236
stable_80pct__h-03__x-100bps.parquet,stable_80pct,Не менее 80% следующих h дней не лучше T более чем на X bps.,3,100,TJS_RUB,270,221,0.8185185185185185,29,13.44227682906245
stable_80pct__h-03__x-100bps.parquet,stable_80pct,Не менее 80% следующих h дней не лучше T более чем на X bps.,3,100,UZS_RUB,270,209,0.774074074074074,31,10.224781913879726
no_early_better__h-03__x-025bps.parquet,no_early_better,В первой половине горизонта нет более выгодного курса сверх X bps.,3,25,AMD_RUB,270,173,0.6407407407407407,52,12.606911494010916
no_early_better__h-03__x-025bps.parquet,no_early_better,В первой половине горизонта нет более выгодного курса сверх X bps.,3,25,KGS_RUB,270,168,0.6222222222222222,50,14.86225846659917
no_early_better__h-03__x-025bps.parquet,no_early_better,В первой половине горизонта нет более выгодного курса сверх X bps.,3,25,KZT_RUB,270,180,0.6666666666666666,52,5.748280058428236
no_early_better__h-03__x-025bps.parquet,no_early_better,В первой половине горизонта нет более выгодного курса сверх X bps.,3,25,TJS_RUB,270,176,0.6518518518518519,47,13.44227682906245
no_early_better__h-03__x-025bps.parquet,no_early_better,В первой половине горизонта нет более выгодного курса сверх X bps.,3,25,UZS_RUB,270,179,0.662962962962963,46,10.224781913879726
no_early_better__h-03__x-050bps.parquet,no_early_better,В первой половине горизонта нет более выгодного курса сверх X bps.,3,50,AMD_RUB,270,202,0.7481481481481481,40,12.606911494010916
no_early_better__h-03__x-050bps.parquet,no_early_better,В первой половине горизонта нет более выгодного курса сверх X bps.,3,50,KGS_RUB,270,203,0.7518518518518519,40,14.86225846659917
no_early_better__h-03__x-050bps.parquet,no_early_better,В первой половине горизонта нет более выгодного курса сверх X bps.,3,50,KZT_RUB,270,198,0.7333333333333333,44,5.748280058428236
no_early_better__h-03__x-050bps.parquet,no_early_better,В первой половине горизонта нет более выгодного курса сверх X bps.,3,50,TJS_RUB,270,204,0.7555555555555555,39,13.44227682906245
no_early_better__h-03__x-050bps.parquet,no_early_better,В первой половине горизонта нет более выгодного курса сверх X bps.,3,50,UZS_RUB,270,190,0.7037037037037037,41,10.224781913879726
no_early_better__h-03__x-100bps.parquet,no_early_better,В первой половине горизонта нет более выгодного курса сверх X bps.,3,100,AMD_RUB,270,240,0.8888888888888888,22,12.606911494010916
no_early_better__h-03__x-100bps.parquet,no_early_better,В первой половине горизонта нет более выгодного курса сверх X bps.,3,100,KGS_RUB,270,239,0.8851851851851852,23,14.86225846659917
no_early_better__h-03__x-100bps.parquet,no_early_better,В первой половине горизонта нет более выгодного курса сверх X bps.,3,100,KZT_RUB,270,229,0.8481481481481481,26,5.748280058428236
no_early_better__h-03__x-100bps.parquet,no_early_better,В первой половине горизонта нет более выгодного курса сверх X bps.,3,100,TJS_RUB,270,238,0.8814814814814815,24,13.44227682906245
no_early_better__h-03__x-100bps.parquet,no_early_better,В первой половине горизонта нет более выгодного курса сверх X bps.,3,100,UZS_RUB,270,227,0.8407407407407408,28,10.224781913879726
low_p10_30_and_regret__h-03__x-025bps.parquet,low_p10_30_and_regret,Нижние 10% 30 прошлых котировок и future regret не выше X bps.,3,25,AMD_RUB,270,28,0.1037037037037037,18,12.606911494010916
low_p10_30_and_regret__h-03__x-025bps.parquet,low_p10_30_and_regret,Нижние 10% 30 прошлых котировок и future regret не выше X bps.,3,25,KGS_RUB,270,32,0.11851851851851852,21,14.86225846659917
low_p10_30_and_regret__h-03__x-025bps.parquet,low_p10_30_and_regret,Нижние 10% 30 прошлых котировок и future regret не выше X bps.,3,25,KZT_RUB,270,29,0.10740740740740741,17,5.748280058428236
low_p10_30_and_regret__h-03__x-025bps.parquet,low_p10_30_and_regret,Нижние 10% 30 прошлых котировок и future regret не выше X bps.,3,25,TJS_RUB,270,30,0.1111111111111111,19,13.44227682906245
low_p10_30_and_regret__h-03__x-025bps.parquet,low_p10_30_and_regret,Нижние 10% 30 прошлых котировок и future regret не выше X bps.,3,25,UZS_RUB,270,30,0.1111111111111111,16,10.224781913879726
low_p10_30_and_regret__h-03__x-050bps.parquet,low_p10_30_and_regret,Нижние 10% 30 прошлых котировок и future regret не выше X bps.,3,50,AMD_RUB,270,31,0.11481481481481481,17,12.606911494010916
low_p10_30_and_regret__h-03__x-050bps.parquet,low_p10_30_and_regret,Нижние 10% 30 прошлых котировок и future regret не выше X bps.,3,50,KGS_RUB,270,39,0.14444444444444443,20,14.86225846659917
low_p10_30_and_regret__h-03__x-050bps.parquet,low_p10_30_and_regret,Нижние 10% 30 прошлых котировок и future regret не выше X bps.,3,50,KZT_RUB,270,30,0.1111111111111111,17,5.748280058428236
low_p10_30_and_regret__h-03__x-050bps.parquet,low_p10_30_and_regret,Нижние 10% 30 прошлых котировок и future regret не выше X bps.,3,50,TJS_RUB,270,37,0.13703703703703704,17,13.44227682906245
low_p10_30_and_regret__h-03__x-050bps.parquet,low_p10_30_and_regret,Нижние 10% 30 прошлых котировок и future regret не выше X bps.,3,50,UZS_RUB,270,30,0.1111111111111111,16,10.224781913879726
low_p10_30_and_regret__h-03__x-100bps.parquet,low_p10_30_and_regret,Нижние 10% 30 прошлых котировок и future regret не выше X bps.,3,100,AMD_RUB,270,41,0.15185185185185185,17,12.606911494010916
low_p10_30_and_regret__h-03__x-100bps.parquet,low_p10_30_and_regret,Нижние 10% 30 прошлых котировок и future regret не выше X bps.,3,100,KGS_RUB,270,49,0.1814814814814815,18,14.86225846659917
low_p10_30_and_regret__h-03__x-100bps.parquet,low_p10_30_and_regret,Нижние 10% 30 прошлых котировок и future regret не выше X bps.,3,100,KZT_RUB,270,36,0.13333333333333333,16,5.748280058428236
low_p10_30_and_regret__h-03__x-100bps.parquet,low_p10_30_and_regret,Нижние 10% 30 прошлых котировок и future regret не выше X bps.,3,100,TJS_RUB,270,46,0.17037037037037037,17,13.44227682906245
low_p10_30_and_regret__h-03__x-100bps.parquet,low_p10_30_and_regret,Нижние 10% 30 прошлых котировок и future regret не выше X bps.,3,100,UZS_RUB,270,41,0.15185185185185185,16,10.224781913879726
low_p20_60_and_regret__h-03__x-025bps.parquet,low_p20_60_and_regret,Нижние 20% 60 прошлых котировок и future regret не выше X bps.,3,25,AMD_RUB,270,47,0.17407407407407408,27,12.606911494010916
low_p20_60_and_regret__h-03__x-025bps.parquet,low_p20_60_and_regret,Нижние 20% 60 прошлых котировок и future regret не выше X bps.,3,25,KGS_RUB,270,51,0.18888888888888888,28,14.86225846659917
low_p20_60_and_regret__h-03__x-025bps.parquet,low_p20_60_and_regret,Нижние 20% 60 прошлых котировок и future regret не выше X bps.,3,25,KZT_RUB,270,42,0.15555555555555556,19,5.748280058428236
low_p20_60_and_regret__h-03__x-025bps.parquet,low_p20_60_and_regret,Нижние 20% 60 прошлых котировок и future regret не выше X bps.,3,25,TJS_RUB,270,43,0.15925925925925927,24,13.44227682906245
low_p20_60_and_regret__h-03__x-025bps.parquet,low_p20_60_and_regret,Нижние 20% 60 прошлых котировок и future regret не выше X bps.,3,25,UZS_RUB,270,50,0.18518518518518517,24,10.224781913879726
low_p20_60_and_regret__h-03__x-050bps.parquet,low_p20_60_and_regret,Нижние 20% 60 прошлых котировок и future regret не выше X bps.,3,50,AMD_RUB,270,55,0.2037037037037037,25,12.606911494010916
low_p20_60_and_regret__h-03__x-050bps.parquet,low_p20_60_and_regret,Нижние 20% 60 прошлых котировок и future regret не выше X bps.,3,50,KGS_RUB,270,62,0.22962962962962963,24,14.86225846659917
low_p20_60_and_regret__h-03__x-050bps.parquet,low_p20_60_and_regret,Нижние 20% 60 прошлых котировок и future regret не выше X bps.,3,50,KZT_RUB,270,45,0.16666666666666666,19,5.748280058428236
low_p20_60_and_regret__h-03__x-050bps.parquet,low_p20_60_and_regret,Нижние 20% 60 прошлых котировок и future regret не выше X bps.,3,50,TJS_RUB,270,54,0.2,20,13.44227682906245
low_p20_60_and_regret__h-03__x-050bps.parquet,low_p20_60_and_regret,Нижние 20% 60 прошлых котировок и future regret не выше X bps.,3,50,UZS_RUB,270,53,0.1962962962962963,22,10.224781913879726
low_p20_60_and_regret__h-03__x-100bps.parquet,low_p20_60_and_regret,Нижние 20% 60 прошлых котировок и future regret не выше X bps.,3,100,AMD_RUB,270,71,0.26296296296296295,21,12.606911494010916
low_p20_60_and_regret__h-03__x-100bps.parquet,low_p20_60_and_regret,Нижние 20% 60 прошлых котировок и future regret не выше X bps.,3,100,KGS_RUB,270,80,0.2962962962962963,18,14.86225846659917
low_p20_60_and_regret__h-03__x-100bps.parquet,low_p20_60_and_regret,Нижние 20% 60 прошлых котировок и future regret не выше X bps.,3,100,KZT_RUB,270,53,0.1962962962962963,15,5.748280058428236
low_p20_60_and_regret__h-03__x-100bps.parquet,low_p20_60_and_regret,Нижние 20% 60 прошлых котировок и future regret не выше X bps.,3,100,TJS_RUB,270,75,0.2777777777777778,16,13.44227682906245
low_p20_60_and_regret__h-03__x-100bps.parquet,low_p20_60_and_regret,Нижние 20% 60 прошлых котировок и future regret не выше X bps.,3,100,UZS_RUB,270,69,0.25555555555555554,20,10.224781913879726
regret_max__h-05__x-025bps.parquet,regret_max,Максимальное future regret за h дней не превышает X bps.,5,25,AMD_RUB,270,118,0.43703703703703706,39,37.522764843164765
regret_max__h-05__x-025bps.parquet,regret_max,Максимальное future regret за h дней не превышает X bps.,5,25,KGS_RUB,270,115,0.42592592592592593,38,38.00494261938306
regret_max__h-05__x-025bps.parquet,regret_max,Максимальное future regret за h дней не превышает X bps.,5,25,KZT_RUB,270,122,0.45185185185185184,45,47.35984665571077
regret_max__h-05__x-025bps.parquet,regret_max,Максимальное future regret за h дней не превышает X bps.,5,25,TJS_RUB,270,122,0.45185185185185184,35,37.716186097377516
regret_max__h-05__x-025bps.parquet,regret_max,Максимальное future regret за h дней не превышает X bps.,5,25,UZS_RUB,270,126,0.4666666666666667,44,42.415738483395856
regret_max__h-05__x-050bps.parquet,regret_max,Максимальное future regret за h дней не превышает X bps.,5,50,AMD_RUB,270,151,0.5592592592592592,33,37.522764843164765
regret_max__h-05__x-050bps.parquet,regret_max,Максимальное future regret за h дней не превышает X bps.,5,50,KGS_RUB,270,150,0.5555555555555556,31,38.00494261938306
regret_max__h-05__x-050bps.parquet,regret_max,Максимальное future regret за h дней не превышает X bps.,5,50,KZT_RUB,270,137,0.5074074074074074,43,47.35984665571077
regret_max__h-05__x-050bps.parquet,regret_max,Максимальное future regret за h дней не превышает X bps.,5,50,TJS_RUB,270,144,0.5333333333333333,30,37.716186097377516
regret_max__h-05__x-050bps.parquet,regret_max,Максимальное future regret за h дней не превышает X bps.,5,50,UZS_RUB,270,140,0.5185185185185185,38,42.415738483395856
regret_max__h-05__x-100bps.parquet,regret_max,Максимальное future regret за h дней не превышает X bps.,5,100,AMD_RUB,270,194,0.7185185185185186,29,37.522764843164765
regret_max__h-05__x-100bps.parquet,regret_max,Максимальное future regret за h дней не превышает X bps.,5,100,KGS_RUB,270,188,0.6962962962962963,28,38.00494261938306
regret_max__h-05__x-100bps.parquet,regret_max,Максимальное future regret за h дней не превышает X bps.,5,100,KZT_RUB,270,181,0.6703703703703704,37,47.35984665571077
regret_max__h-05__x-100bps.parquet,regret_max,Максимальное future regret за h дней не превышает X bps.,5,100,TJS_RUB,270,190,0.7037037037037037,29,37.716186097377516
regret_max__h-05__x-100bps.parquet,regret_max,Максимальное future regret за h дней не превышает X bps.,5,100,UZS_RUB,270,176,0.6518518518518519,29,42.415738483395856
near_local_min__h-05__x-025bps.parquet,near_local_min,Курс T не дальше X bps от минимума в календарном окне T±h.,5,25,AMD_RUB,270,43,0.15925925925925927,33,37.522764843164765
near_local_min__h-05__x-025bps.parquet,near_local_min,Курс T не дальше X bps от минимума в календарном окне T±h.,5,25,KGS_RUB,270,48,0.17777777777777778,31,38.00494261938306
near_local_min__h-05__x-025bps.parquet,near_local_min,Курс T не дальше X bps от минимума в календарном окне T±h.,5,25,KZT_RUB,270,47,0.17407407407407408,35,47.35984665571077
near_local_min__h-05__x-025bps.parquet,near_local_min,Курс T не дальше X bps от минимума в календарном окне T±h.,5,25,TJS_RUB,270,37,0.13703703703703704,28,37.716186097377516
near_local_min__h-05__x-025bps.parquet,near_local_min,Курс T не дальше X bps от минимума в календарном окне T±h.,5,25,UZS_RUB,270,48,0.17777777777777778,37,42.415738483395856
near_local_min__h-05__x-050bps.parquet,near_local_min,Курс T не дальше X bps от минимума в календарном окне T±h.,5,50,AMD_RUB,270,73,0.27037037037037037,41,37.522764843164765
near_local_min__h-05__x-050bps.parquet,near_local_min,Курс T не дальше X bps от минимума в календарном окне T±h.,5,50,KGS_RUB,270,77,0.2851851851851852,40,38.00494261938306
near_local_min__h-05__x-050bps.parquet,near_local_min,Курс T не дальше X bps от минимума в календарном окне T±h.,5,50,KZT_RUB,270,66,0.24444444444444444,40,47.35984665571077
near_local_min__h-05__x-050bps.parquet,near_local_min,Курс T не дальше X bps от минимума в календарном окне T±h.,5,50,TJS_RUB,270,64,0.23703703703703705,36,37.716186097377516
near_local_min__h-05__x-050bps.parquet,near_local_min,Курс T не дальше X bps от минимума в календарном окне T±h.,5,50,UZS_RUB,270,66,0.24444444444444444,39,42.415738483395856
near_local_min__h-05__x-100bps.parquet,near_local_min,Курс T не дальше X bps от минимума в календарном окне T±h.,5,100,AMD_RUB,270,133,0.4925925925925926,46,37.522764843164765
near_local_min__h-05__x-100bps.parquet,near_local_min,Курс T не дальше X bps от минимума в календарном окне T±h.,5,100,KGS_RUB,270,135,0.5,37,38.00494261938306
near_local_min__h-05__x-100bps.parquet,near_local_min,Курс T не дальше X bps от минимума в календарном окне T±h.,5,100,KZT_RUB,270,113,0.4185185185185185,44,47.35984665571077
near_local_min__h-05__x-100bps.parquet,near_local_min,Курс T не дальше X bps от минимума в календарном окне T±h.,5,100,TJS_RUB,270,122,0.45185185185185184,39,37.716186097377516
near_local_min__h-05__x-100bps.parquet,near_local_min,Курс T не дальше X bps от минимума в календарном окне T±h.,5,100,UZS_RUB,270,106,0.3925925925925926,40,42.415738483395856
centered_mean_benefit__h-05__x-025bps.parquet,centered_mean_benefit,Курс T лучше среднего в окне T±h минимум на X bps.,5,25,AMD_RUB,270,97,0.3592592592592593,47,37.522764843164765
centered_mean_benefit__h-05__x-025bps.parquet,centered_mean_benefit,Курс T лучше среднего в окне T±h минимум на X bps.,5,25,KGS_RUB,270,97,0.3592592592592593,47,38.00494261938306
centered_mean_benefit__h-05__x-025bps.parquet,centered_mean_benefit,Курс T лучше среднего в окне T±h минимум на X bps.,5,25,KZT_RUB,270,105,0.3888888888888889,51,47.35984665571077
centered_mean_benefit__h-05__x-025bps.parquet,centered_mean_benefit,Курс T лучше среднего в окне T±h минимум на X bps.,5,25,TJS_RUB,270,96,0.35555555555555557,46,37.716186097377516
centered_mean_benefit__h-05__x-025bps.parquet,centered_mean_benefit,Курс T лучше среднего в окне T±h минимум на X bps.,5,25,UZS_RUB,270,99,0.36666666666666664,45,42.415738483395856
centered_mean_benefit__h-05__x-050bps.parquet,centered_mean_benefit,Курс T лучше среднего в окне T±h минимум на X bps.,5,50,AMD_RUB,270,59,0.21851851851851853,38,37.522764843164765
centered_mean_benefit__h-05__x-050bps.parquet,centered_mean_benefit,Курс T лучше среднего в окне T±h минимум на X bps.,5,50,KGS_RUB,270,60,0.2222222222222222,36,38.00494261938306
centered_mean_benefit__h-05__x-050bps.parquet,centered_mean_benefit,Курс T лучше среднего в окне T±h минимум на X bps.,5,50,KZT_RUB,270,71,0.26296296296296295,43,47.35984665571077
centered_mean_benefit__h-05__x-050bps.parquet,centered_mean_benefit,Курс T лучше среднего в окне T±h минимум на X bps.,5,50,TJS_RUB,270,64,0.23703703703703705,35,37.716186097377516
centered_mean_benefit__h-05__x-050bps.parquet,centered_mean_benefit,Курс T лучше среднего в окне T±h минимум на X bps.,5,50,UZS_RUB,270,75,0.2777777777777778,39,42.415738483395856
centered_mean_benefit__h-05__x-100bps.parquet,centered_mean_benefit,Курс T лучше среднего в окне T±h минимум на X bps.,5,100,AMD_RUB,270,21,0.07777777777777778,16,37.522764843164765
centered_mean_benefit__h-05__x-100bps.parquet,centered_mean_benefit,Курс T лучше среднего в окне T±h минимум на X bps.,5,100,KGS_RUB,270,20,0.07407407407407407,16,38.00494261938306
centered_mean_benefit__h-05__x-100bps.parquet,centered_mean_benefit,Курс T лучше среднего в окне T±h минимум на X bps.,5,100,KZT_RUB,270,32,0.11851851851851852,24,47.35984665571077
centered_mean_benefit__h-05__x-100bps.parquet,centered_mean_benefit,Курс T лучше среднего в окне T±h минимум на X bps.,5,100,TJS_RUB,270,26,0.0962962962962963,16,37.716186097377516
centered_mean_benefit__h-05__x-100bps.parquet,centered_mean_benefit,Курс T лучше среднего в окне T±h минимум на X bps.,5,100,UZS_RUB,270,28,0.1037037037037037,21,42.415738483395856
future_median_benefit__h-05__x-025bps.parquet,future_median_benefit,Курс T лучше медианы следующих h дней минимум на X bps.,5,25,AMD_RUB,270,100,0.37037037037037035,38,37.522764843164765
future_median_benefit__h-05__x-025bps.parquet,future_median_benefit,Курс T лучше медианы следующих h дней минимум на X bps.,5,25,KGS_RUB,270,92,0.34074074074074073,34,38.00494261938306
future_median_benefit__h-05__x-025bps.parquet,future_median_benefit,Курс T лучше медианы следующих h дней минимум на X bps.,5,25,KZT_RUB,270,111,0.4111111111111111,38,47.35984665571077
future_median_benefit__h-05__x-025bps.parquet,future_median_benefit,Курс T лучше медианы следующих h дней минимум на X bps.,5,25,TJS_RUB,270,107,0.3962962962962963,38,37.716186097377516
future_median_benefit__h-05__x-025bps.parquet,future_median_benefit,Курс T лучше медианы следующих h дней минимум на X bps.,5,25,UZS_RUB,270,109,0.40370370370370373,40,42.415738483395856
future_median_benefit__h-05__x-050bps.parquet,future_median_benefit,Курс T лучше медианы следующих h дней минимум на X bps.,5,50,AMD_RUB,270,77,0.2851851851851852,34,37.522764843164765
future_median_benefit__h-05__x-050bps.parquet,future_median_benefit,Курс T лучше медианы следующих h дней минимум на X bps.,5,50,KGS_RUB,270,74,0.2740740740740741,32,38.00494261938306
future_median_benefit__h-05__x-050bps.parquet,future_median_benefit,Курс T лучше медианы следующих h дней минимум на X bps.,5,50,KZT_RUB,270,86,0.31851851851851853,35,47.35984665571077
future_median_benefit__h-05__x-050bps.parquet,future_median_benefit,Курс T лучше медианы следующих h дней минимум на X bps.,5,50,TJS_RUB,270,88,0.32592592592592595,37,37.716186097377516
future_median_benefit__h-05__x-050bps.parquet,future_median_benefit,Курс T лучше медианы следующих h дней минимум на X bps.,5,50,UZS_RUB,270,89,0.3296296296296296,35,42.415738483395856
future_median_benefit__h-05__x-100bps.parquet,future_median_benefit,Курс T лучше медианы следующих h дней минимум на X bps.,5,100,AMD_RUB,270,49,0.1814814814814815,21,37.522764843164765
future_median_benefit__h-05__x-100bps.parquet,future_median_benefit,Курс T лучше медианы следующих h дней минимум на X bps.,5,100,KGS_RUB,270,44,0.16296296296296298,19,38.00494261938306
future_median_benefit__h-05__x-100bps.parquet,future_median_benefit,Курс T лучше медианы следующих h дней минимум на X bps.,5,100,KZT_RUB,270,53,0.1962962962962963,25,47.35984665571077
future_median_benefit__h-05__x-100bps.parquet,future_median_benefit,Курс T лучше медианы следующих h дней минимум на X bps.,5,100,TJS_RUB,270,50,0.18518518518518517,22,37.716186097377516
future_median_benefit__h-05__x-100bps.parquet,future_median_benefit,Курс T лучше медианы следующих h дней минимум на X bps.,5,100,UZS_RUB,270,60,0.2222222222222222,29,42.415738483395856
stable_80pct__h-05__x-025bps.parquet,stable_80pct,Не менее 80% следующих h дней не лучше T более чем на X bps.,5,25,AMD_RUB,270,155,0.5740740740740741,32,37.522764843164765
stable_80pct__h-05__x-025bps.parquet,stable_80pct,Не менее 80% следующих h дней не лучше T более чем на X bps.,5,25,KGS_RUB,270,153,0.5666666666666667,32,38.00494261938306
stable_80pct__h-05__x-025bps.parquet,stable_80pct,Не менее 80% следующих h дней не лучше T более чем на X bps.,5,25,KZT_RUB,270,159,0.5888888888888889,41,47.35984665571077
stable_80pct__h-05__x-025bps.parquet,stable_80pct,Не менее 80% следующих h дней не лучше T более чем на X bps.,5,25,TJS_RUB,270,157,0.5814814814814815,31,37.716186097377516
stable_80pct__h-05__x-025bps.parquet,stable_80pct,Не менее 80% следующих h дней не лучше T более чем на X bps.,5,25,UZS_RUB,270,153,0.5666666666666667,39,42.415738483395856
stable_80pct__h-05__x-050bps.parquet,stable_80pct,Не менее 80% следующих h дней не лучше T более чем на X bps.,5,50,AMD_RUB,270,181,0.6703703703703704,28,37.522764843164765
stable_80pct__h-05__x-050bps.parquet,stable_80pct,Не менее 80% следующих h дней не лучше T более чем на X bps.,5,50,KGS_RUB,270,180,0.6666666666666666,31,38.00494261938306
stable_80pct__h-05__x-050bps.parquet,stable_80pct,Не менее 80% следующих h дней не лучше T более чем на X bps.,5,50,KZT_RUB,270,176,0.6518518518518519,41,47.35984665571077
stable_80pct__h-05__x-050bps.parquet,stable_80pct,Не менее 80% следующих h дней не лучше T более чем на X bps.,5,50,TJS_RUB,270,176,0.6518518518518519,31,37.716186097377516
stable_80pct__h-05__x-050bps.parquet,stable_80pct,Не менее 80% следующих h дней не лучше T более чем на X bps.,5,50,UZS_RUB,270,169,0.6259259259259259,33,42.415738483395856
stable_80pct__h-05__x-100bps.parquet,stable_80pct,Не менее 80% следующих h дней не лучше T более чем на X bps.,5,100,AMD_RUB,270,213,0.7888888888888889,25,37.522764843164765
stable_80pct__h-05__x-100bps.parquet,stable_80pct,Не менее 80% следующих h дней не лучше T более чем на X bps.,5,100,KGS_RUB,270,210,0.7777777777777778,23,38.00494261938306
stable_80pct__h-05__x-100bps.parquet,stable_80pct,Не менее 80% следующих h дней не лучше T более чем на X bps.,5,100,KZT_RUB,270,210,0.7777777777777778,26,47.35984665571077
stable_80pct__h-05__x-100bps.parquet,stable_80pct,Не менее 80% следующих h дней не лучше T более чем на X bps.,5,100,TJS_RUB,270,210,0.7777777777777778,24,37.716186097377516
stable_80pct__h-05__x-100bps.parquet,stable_80pct,Не менее 80% следующих h дней не лучше T более чем на X bps.,5,100,UZS_RUB,270,198,0.7333333333333333,25,42.415738483395856
no_early_better__h-05__x-025bps.parquet,no_early_better,В первой половине горизонта нет более выгодного курса сверх X bps.,5,25,AMD_RUB,270,145,0.5370370370370371,48,37.522764843164765
no_early_better__h-05__x-025bps.parquet,no_early_better,В первой половине горизонта нет более выгодного курса сверх X bps.,5,25,KGS_RUB,270,144,0.5333333333333333,47,38.00494261938306
no_early_better__h-05__x-025bps.parquet,no_early_better,В первой половине горизонта нет более выгодного курса сверх X bps.,5,25,KZT_RUB,270,157,0.5814814814814815,50,47.35984665571077
no_early_better__h-05__x-025bps.parquet,no_early_better,В первой половине горизонта нет более выгодного курса сверх X bps.,5,25,TJS_RUB,270,151,0.5592592592592592,48,37.716186097377516
no_early_better__h-05__x-025bps.parquet,no_early_better,В первой половине горизонта нет более выгодного курса сверх X bps.,5,25,UZS_RUB,270,150,0.5555555555555556,47,42.415738483395856
no_early_better__h-05__x-050bps.parquet,no_early_better,В первой половине горизонта нет более выгодного курса сверх X bps.,5,50,AMD_RUB,270,179,0.662962962962963,41,37.522764843164765
no_early_better__h-05__x-050bps.parquet,no_early_better,В первой половине горизонта нет более выгодного курса сверх X bps.,5,50,KGS_RUB,270,180,0.6666666666666666,40,38.00494261938306
no_early_better__h-05__x-050bps.parquet,no_early_better,В первой половине горизонта нет более выгодного курса сверх X bps.,5,50,KZT_RUB,270,175,0.6481481481481481,49,47.35984665571077
no_early_better__h-05__x-050bps.parquet,no_early_better,В первой половине горизонта нет более выгодного курса сверх X bps.,5,50,TJS_RUB,270,177,0.6555555555555556,38,37.716186097377516
no_early_better__h-05__x-050bps.parquet,no_early_better,В первой половине горизонта нет более выгодного курса сверх X bps.,5,50,UZS_RUB,270,161,0.5962962962962963,40,42.415738483395856
no_early_better__h-05__x-100bps.parquet,no_early_better,В первой половине горизонта нет более выгодного курса сверх X bps.,5,100,AMD_RUB,270,225,0.8333333333333334,27,37.522764843164765
no_early_better__h-05__x-100bps.parquet,no_early_better,В первой половине горизонта нет более выгодного курса сверх X bps.,5,100,KGS_RUB,270,220,0.8148148148148148,28,38.00494261938306
no_early_better__h-05__x-100bps.parquet,no_early_better,В первой половине горизонта нет более выгодного курса сверх X bps.,5,100,KZT_RUB,270,213,0.7888888888888889,33,47.35984665571077
no_early_better__h-05__x-100bps.parquet,no_early_better,В первой половине горизонта нет более выгодного курса сверх X bps.,5,100,TJS_RUB,270,221,0.8185185185185185,29,37.716186097377516
no_early_better__h-05__x-100bps.parquet,no_early_better,В первой половине горизонта нет более выгодного курса сверх X bps.,5,100,UZS_RUB,270,209,0.774074074074074,31,42.415738483395856
low_p10_30_and_regret__h-05__x-025bps.parquet,low_p10_30_and_regret,Нижние 10% 30 прошлых котировок и future regret не выше X bps.,5,25,AMD_RUB,270,22,0.08148148148148149,15,37.522764843164765
low_p10_30_and_regret__h-05__x-025bps.parquet,low_p10_30_and_regret,Нижние 10% 30 прошлых котировок и future regret не выше X bps.,5,25,KGS_RUB,270,24,0.08888888888888889,18,38.00494261938306
low_p10_30_and_regret__h-05__x-025bps.parquet,low_p10_30_and_regret,Нижние 10% 30 прошлых котировок и future regret не выше X bps.,5,25,KZT_RUB,270,24,0.08888888888888889,16,47.35984665571077
low_p10_30_and_regret__h-05__x-025bps.parquet,low_p10_30_and_regret,Нижние 10% 30 прошлых котировок и future regret не выше X bps.,5,25,TJS_RUB,270,22,0.08148148148148149,14,37.716186097377516
low_p10_30_and_regret__h-05__x-025bps.parquet,low_p10_30_and_regret,Нижние 10% 30 прошлых котировок и future regret не выше X bps.,5,25,UZS_RUB,270,24,0.08888888888888889,16,42.415738483395856
low_p10_30_and_regret__h-05__x-050bps.parquet,low_p10_30_and_regret,Нижние 10% 30 прошлых котировок и future regret не выше X bps.,5,50,AMD_RUB,270,27,0.1,15,37.522764843164765
low_p10_30_and_regret__h-05__x-050bps.parquet,low_p10_30_and_regret,Нижние 10% 30 прошлых котировок и future regret не выше X bps.,5,50,KGS_RUB,270,31,0.11481481481481481,16,38.00494261938306
low_p10_30_and_regret__h-05__x-050bps.parquet,low_p10_30_and_regret,Нижние 10% 30 прошлых котировок и future regret не выше X bps.,5,50,KZT_RUB,270,26,0.0962962962962963,16,47.35984665571077
low_p10_30_and_regret__h-05__x-050bps.parquet,low_p10_30_and_regret,Нижние 10% 30 прошлых котировок и future regret не выше X bps.,5,50,TJS_RUB,270,27,0.1,12,37.716186097377516
low_p10_30_and_regret__h-05__x-050bps.parquet,low_p10_30_and_regret,Нижние 10% 30 прошлых котировок и future regret не выше X bps.,5,50,UZS_RUB,270,24,0.08888888888888889,16,42.415738483395856
low_p10_30_and_regret__h-05__x-100bps.parquet,low_p10_30_and_regret,Нижние 10% 30 прошлых котировок и future regret не выше X bps.,5,100,AMD_RUB,270,34,0.1259259259259259,16,37.522764843164765
low_p10_30_and_regret__h-05__x-100bps.parquet,low_p10_30_and_regret,Нижние 10% 30 прошлых котировок и future regret не выше X bps.,5,100,KGS_RUB,270,40,0.14814814814814814,18,38.00494261938306
low_p10_30_and_regret__h-05__x-100bps.parquet,low_p10_30_and_regret,Нижние 10% 30 прошлых котировок и future regret не выше X bps.,5,100,KZT_RUB,270,33,0.12222222222222222,15,47.35984665571077
low_p10_30_and_regret__h-05__x-100bps.parquet,low_p10_30_and_regret,Нижние 10% 30 прошлых котировок и future regret не выше X bps.,5,100,TJS_RUB,270,40,0.14814814814814814,16,37.716186097377516
low_p10_30_and_regret__h-05__x-100bps.parquet,low_p10_30_and_regret,Нижние 10% 30 прошлых котировок и future regret не выше X bps.,5,100,UZS_RUB,270,34,0.1259259259259259,16,42.415738483395856
low_p20_60_and_regret__h-05__x-025bps.parquet,low_p20_60_and_regret,Нижние 20% 60 прошлых котировок и future regret не выше X bps.,5,25,AMD_RUB,270,40,0.14814814814814814,22,37.522764843164765
low_p20_60_and_regret__h-05__x-025bps.parquet,low_p20_60_and_regret,Нижние 20% 60 прошлых котировок и future regret не выше X bps.,5,25,KGS_RUB,270,40,0.14814814814814814,23,38.00494261938306
low_p20_60_and_regret__h-05__x-025bps.parquet,low_p20_60_and_regret,Нижние 20% 60 прошлых котировок и future regret не выше X bps.,5,25,KZT_RUB,270,33,0.12222222222222222,17,47.35984665571077
low_p20_60_and_regret__h-05__x-025bps.parquet,low_p20_60_and_regret,Нижние 20% 60 прошлых котировок и future regret не выше X bps.,5,25,TJS_RUB,270,31,0.11481481481481481,17,37.716186097377516
low_p20_60_and_regret__h-05__x-025bps.parquet,low_p20_60_and_regret,Нижние 20% 60 прошлых котировок и future regret не выше X bps.,5,25,UZS_RUB,270,38,0.14074074074074075,24,42.415738483395856
low_p20_60_and_regret__h-05__x-050bps.parquet,low_p20_60_and_regret,Нижние 20% 60 прошлых котировок и future regret не выше X bps.,5,50,AMD_RUB,270,49,0.1814814814814815,22,37.522764843164765
low_p20_60_and_regret__h-05__x-050bps.parquet,low_p20_60_and_regret,Нижние 20% 60 прошлых котировок и future regret не выше X bps.,5,50,KGS_RUB,270,53,0.1962962962962963,20,38.00494261938306
low_p20_60_and_regret__h-05__x-050bps.parquet,low_p20_60_and_regret,Нижние 20% 60 прошлых котировок и future regret не выше X bps.,5,50,KZT_RUB,270,36,0.13333333333333333,17,47.35984665571077
low_p20_60_and_regret__h-05__x-050bps.parquet,low_p20_60_and_regret,Нижние 20% 60 прошлых котировок и future regret не выше X bps.,5,50,TJS_RUB,270,39,0.14444444444444443,14,37.716186097377516
low_p20_60_and_regret__h-05__x-050bps.parquet,low_p20_60_and_regret,Нижние 20% 60 прошлых котировок и future regret не выше X bps.,5,50,UZS_RUB,270,43,0.15925925925925927,22,42.415738483395856
low_p20_60_and_regret__h-05__x-100bps.parquet,low_p20_60_and_regret,Нижние 20% 60 прошлых котировок и future regret не выше X bps.,5,100,AMD_RUB,270,64,0.23703703703703705,23,37.522764843164765
low_p20_60_and_regret__h-05__x-100bps.parquet,low_p20_60_and_regret,Нижние 20% 60 прошлых котировок и future regret не выше X bps.,5,100,KGS_RUB,270,70,0.25925925925925924,20,38.00494261938306
low_p20_60_and_regret__h-05__x-100bps.parquet,low_p20_60_and_regret,Нижние 20% 60 прошлых котировок и future regret не выше X bps.,5,100,KZT_RUB,270,48,0.17777777777777778,14,47.35984665571077
low_p20_60_and_regret__h-05__x-100bps.parquet,low_p20_60_and_regret,Нижние 20% 60 прошлых котировок и future regret не выше X bps.,5,100,TJS_RUB,270,64,0.23703703703703705,18,37.716186097377516
low_p20_60_and_regret__h-05__x-100bps.parquet,low_p20_60_and_regret,Нижние 20% 60 прошлых котировок и future regret не выше X bps.,5,100,UZS_RUB,270,59,0.21851851851851853,21,42.415738483395856
regret_max__h-10__x-025bps.parquet,regret_max,Максимальное future regret за h дней не превышает X bps.,10,25,AMD_RUB,270,97,0.3592592592592593,31,60.877328193785274
regret_max__h-10__x-025bps.parquet,regret_max,Максимальное future regret за h дней не превышает X bps.,10,25,KGS_RUB,270,88,0.32592592592592595,30,64.58196763099026
regret_max__h-10__x-025bps.parquet,regret_max,Максимальное future regret за h дней не превышает X bps.,10,25,KZT_RUB,270,87,0.32222222222222224,32,90.73190827429198
regret_max__h-10__x-025bps.parquet,regret_max,Максимальное future regret за h дней не превышает X bps.,10,25,TJS_RUB,270,97,0.3592592592592593,29,68.78918857140532
regret_max__h-10__x-025bps.parquet,regret_max,Максимальное future regret за h дней не превышает X bps.,10,25,UZS_RUB,270,93,0.34444444444444444,33,91.37975477443479
regret_max__h-10__x-050bps.parquet,regret_max,Максимальное future regret за h дней не превышает X bps.,10,50,AMD_RUB,270,124,0.45925925925925926,28,60.877328193785274
regret_max__h-10__x-050bps.parquet,regret_max,Максимальное future regret за h дней не превышает X bps.,10,50,KGS_RUB,270,121,0.44814814814814813,24,64.58196763099026
regret_max__h-10__x-050bps.parquet,regret_max,Максимальное future regret за h дней не превышает X bps.,10,50,KZT_RUB,270,99,0.36666666666666664,31,90.73190827429198
regret_max__h-10__x-050bps.parquet,regret_max,Максимальное future regret за h дней не превышает X bps.,10,50,TJS_RUB,270,119,0.44074074074074077,26,68.78918857140532
regret_max__h-10__x-050bps.parquet,regret_max,Максимальное future regret за h дней не превышает X bps.,10,50,UZS_RUB,270,102,0.37777777777777777,29,91.37975477443479
regret_max__h-10__x-100bps.parquet,regret_max,Максимальное future regret за h дней не превышает X bps.,10,100,AMD_RUB,270,156,0.5777777777777777,18,60.877328193785274
regret_max__h-10__x-100bps.parquet,regret_max,Максимальное future regret за h дней не превышает X bps.,10,100,KGS_RUB,270,152,0.562962962962963,20,64.58196763099026
regret_max__h-10__x-100bps.parquet,regret_max,Максимальное future regret за h дней не превышает X bps.,10,100,KZT_RUB,270,140,0.5185185185185185,30,90.73190827429198
regret_max__h-10__x-100bps.parquet,regret_max,Максимальное future regret за h дней не превышает X bps.,10,100,TJS_RUB,270,152,0.562962962962963,20,68.78918857140532
regret_max__h-10__x-100bps.parquet,regret_max,Максимальное future regret за h дней не превышает X bps.,10,100,UZS_RUB,270,138,0.5111111111111111,22,91.37975477443479
near_local_min__h-10__x-025bps.parquet,near_local_min,Курс T не дальше X bps от минимума в календарном окне T±h.,10,25,AMD_RUB,270,23,0.08518518518518518,20,60.877328193785274
near_local_min__h-10__x-025bps.parquet,near_local_min,Курс T не дальше X bps от минимума в календарном окне T±h.,10,25,KGS_RUB,270,19,0.07037037037037037,16,64.58196763099026
near_local_min__h-10__x-025bps.parquet,near_local_min,Курс T не дальше X bps от минимума в календарном окне T±h.,10,25,KZT_RUB,270,24,0.08888888888888889,18,90.73190827429198
near_local_min__h-10__x-025bps.parquet,near_local_min,Курс T не дальше X bps от минимума в календарном окне T±h.,10,25,TJS_RUB,270,19,0.07037037037037037,15,68.78918857140532
near_local_min__h-10__x-025bps.parquet,near_local_min,Курс T не дальше X bps от минимума в календарном окне T±h.,10,25,UZS_RUB,270,23,0.08518518518518518,18,91.37975477443479
near_local_min__h-10__x-050bps.parquet,near_local_min,Курс T не дальше X bps от минимума в календарном окне T±h.,10,50,AMD_RUB,270,43,0.15925925925925927,28,60.877328193785274
near_local_min__h-10__x-050bps.parquet,near_local_min,Курс T не дальше X bps от минимума в календарном окне T±h.,10,50,KGS_RUB,270,42,0.15555555555555556,26,64.58196763099026
near_local_min__h-10__x-050bps.parquet,near_local_min,Курс T не дальше X bps от минимума в календарном окне T±h.,10,50,KZT_RUB,270,38,0.14074074074074075,22,90.73190827429198
near_local_min__h-10__x-050bps.parquet,near_local_min,Курс T не дальше X bps от минимума в календарном окне T±h.,10,50,TJS_RUB,270,32,0.11851851851851852,19,68.78918857140532
near_local_min__h-10__x-050bps.parquet,near_local_min,Курс T не дальше X bps от минимума в календарном окне T±h.,10,50,UZS_RUB,270,32,0.11851851851851852,21,91.37975477443479
near_local_min__h-10__x-100bps.parquet,near_local_min,Курс T не дальше X bps от минимума в календарном окне T±h.,10,100,AMD_RUB,270,88,0.32592592592592595,30,60.877328193785274
near_local_min__h-10__x-100bps.parquet,near_local_min,Курс T не дальше X bps от минимума в календарном окне T±h.,10,100,KGS_RUB,270,91,0.337037037037037,28,64.58196763099026
near_local_min__h-10__x-100bps.parquet,near_local_min,Курс T не дальше X bps от минимума в календарном окне T±h.,10,100,KZT_RUB,270,65,0.24074074074074073,30,90.73190827429198
near_local_min__h-10__x-100bps.parquet,near_local_min,Курс T не дальше X bps от минимума в календарном окне T±h.,10,100,TJS_RUB,270,65,0.24074074074074073,23,68.78918857140532
near_local_min__h-10__x-100bps.parquet,near_local_min,Курс T не дальше X bps от минимума в календарном окне T±h.,10,100,UZS_RUB,270,59,0.21851851851851853,28,91.37975477443479
centered_mean_benefit__h-10__x-025bps.parquet,centered_mean_benefit,Курс T лучше среднего в окне T±h минимум на X bps.,10,25,AMD_RUB,270,113,0.4185185185185185,32,60.877328193785274
centered_mean_benefit__h-10__x-025bps.parquet,centered_mean_benefit,Курс T лучше среднего в окне T±h минимум на X bps.,10,25,KGS_RUB,270,116,0.42962962962962964,32,64.58196763099026
centered_mean_benefit__h-10__x-025bps.parquet,centered_mean_benefit,Курс T лучше среднего в окне T±h минимум на X bps.,10,25,KZT_RUB,270,124,0.45925925925925926,34,90.73190827429198
centered_mean_benefit__h-10__x-025bps.parquet,centered_mean_benefit,Курс T лучше среднего в окне T±h минимум на X bps.,10,25,TJS_RUB,270,115,0.42592592592592593,33,68.78918857140532
centered_mean_benefit__h-10__x-025bps.parquet,centered_mean_benefit,Курс T лучше среднего в окне T±h минимум на X bps.,10,25,UZS_RUB,270,123,0.45555555555555555,35,91.37975477443479
centered_mean_benefit__h-10__x-050bps.parquet,centered_mean_benefit,Курс T лучше среднего в окне T±h минимум на X bps.,10,50,AMD_RUB,270,83,0.3074074074074074,32,60.877328193785274
centered_mean_benefit__h-10__x-050bps.parquet,centered_mean_benefit,Курс T лучше среднего в окне T±h минимум на X bps.,10,50,KGS_RUB,270,85,0.3148148148148148,31,64.58196763099026
centered_mean_benefit__h-10__x-050bps.parquet,centered_mean_benefit,Курс T лучше среднего в окне T±h минимум на X bps.,10,50,KZT_RUB,270,97,0.3592592592592593,35,90.73190827429198
centered_mean_benefit__h-10__x-050bps.parquet,centered_mean_benefit,Курс T лучше среднего в окне T±h минимум на X bps.,10,50,TJS_RUB,270,83,0.3074074074074074,34,68.78918857140532
centered_mean_benefit__h-10__x-050bps.parquet,centered_mean_benefit,Курс T лучше среднего в окне T±h минимум на X bps.,10,50,UZS_RUB,270,96,0.35555555555555557,35,91.37975477443479
centered_mean_benefit__h-10__x-100bps.parquet,centered_mean_benefit,Курс T лучше среднего в окне T±h минимум на X bps.,10,100,AMD_RUB,270,47,0.17407407407407408,23,60.877328193785274
centered_mean_benefit__h-10__x-100bps.parquet,centered_mean_benefit,Курс T лучше среднего в окне T±h минимум на X bps.,10,100,KGS_RUB,270,47,0.17407407407407408,23,64.58196763099026
centered_mean_benefit__h-10__x-100bps.parquet,centered_mean_benefit,Курс T лучше среднего в окне T±h минимум на X bps.,10,100,KZT_RUB,270,54,0.2,26,90.73190827429198
centered_mean_benefit__h-10__x-100bps.parquet,centered_mean_benefit,Курс T лучше среднего в окне T±h минимум на X bps.,10,100,TJS_RUB,270,46,0.17037037037037037,22,68.78918857140532
centered_mean_benefit__h-10__x-100bps.parquet,centered_mean_benefit,Курс T лучше среднего в окне T±h минимум на X bps.,10,100,UZS_RUB,270,50,0.18518518518518517,24,91.37975477443479
future_median_benefit__h-10__x-025bps.parquet,future_median_benefit,Курс T лучше медианы следующих h дней минимум на X bps.,10,25,AMD_RUB,270,122,0.45185185185185184,31,60.877328193785274
future_median_benefit__h-10__x-025bps.parquet,future_median_benefit,Курс T лучше медианы следующих h дней минимум на X bps.,10,25,KGS_RUB,270,112,0.4148148148148148,31,64.58196763099026
future_median_benefit__h-10__x-025bps.parquet,future_median_benefit,Курс T лучше медианы следующих h дней минимум на X bps.,10,25,KZT_RUB,270,125,0.46296296296296297,30,90.73190827429198
future_median_benefit__h-10__x-025bps.parquet,future_median_benefit,Курс T лучше медианы следующих h дней минимум на X bps.,10,25,TJS_RUB,270,122,0.45185185185185184,30,68.78918857140532
future_median_benefit__h-10__x-025bps.parquet,future_median_benefit,Курс T лучше медианы следующих h дней минимум на X bps.,10,25,UZS_RUB,270,128,0.4740740740740741,28,91.37975477443479
future_median_benefit__h-10__x-050bps.parquet,future_median_benefit,Курс T лучше медианы следующих h дней минимум на X bps.,10,50,AMD_RUB,270,97,0.3592592592592593,28,60.877328193785274
future_median_benefit__h-10__x-050bps.parquet,future_median_benefit,Курс T лучше медианы следующих h дней минимум на X bps.,10,50,KGS_RUB,270,91,0.337037037037037,23,64.58196763099026
future_median_benefit__h-10__x-050bps.parquet,future_median_benefit,Курс T лучше медианы следующих h дней минимум на X bps.,10,50,KZT_RUB,270,100,0.37037037037037035,31,90.73190827429198
future_median_benefit__h-10__x-050bps.parquet,future_median_benefit,Курс T лучше медианы следующих h дней минимум на X bps.,10,50,TJS_RUB,270,101,0.37407407407407406,28,68.78918857140532
future_median_benefit__h-10__x-050bps.parquet,future_median_benefit,Курс T лучше медианы следующих h дней минимум на X bps.,10,50,UZS_RUB,270,107,0.3962962962962963,27,91.37975477443479
future_median_benefit__h-10__x-100bps.parquet,future_median_benefit,Курс T лучше медианы следующих h дней минимум на X bps.,10,100,AMD_RUB,270,64,0.23703703703703705,18,60.877328193785274
future_median_benefit__h-10__x-100bps.parquet,future_median_benefit,Курс T лучше медианы следующих h дней минимум на X bps.,10,100,KGS_RUB,270,55,0.2037037037037037,13,64.58196763099026
future_median_benefit__h-10__x-100bps.parquet,future_median_benefit,Курс T лучше медианы следующих h дней минимум на X bps.,10,100,KZT_RUB,270,70,0.25925925925925924,22,90.73190827429198
future_median_benefit__h-10__x-100bps.parquet,future_median_benefit,Курс T лучше медианы следующих h дней минимум на X bps.,10,100,TJS_RUB,270,72,0.26666666666666666,17,68.78918857140532
future_median_benefit__h-10__x-100bps.parquet,future_median_benefit,Курс T лучше медианы следующих h дней минимум на X bps.,10,100,UZS_RUB,270,76,0.2814814814814815,25,91.37975477443479
stable_80pct__h-10__x-025bps.parquet,stable_80pct,Не менее 80% следующих h дней не лучше T более чем на X bps.,10,25,AMD_RUB,270,129,0.4777777777777778,25,60.877328193785274
stable_80pct__h-10__x-025bps.parquet,stable_80pct,Не менее 80% следующих h дней не лучше T более чем на X bps.,10,25,KGS_RUB,270,120,0.4444444444444444,23,64.58196763099026
stable_80pct__h-10__x-025bps.parquet,stable_80pct,Не менее 80% следующих h дней не лучше T более чем на X bps.,10,25,KZT_RUB,270,134,0.4962962962962963,31,90.73190827429198
stable_80pct__h-10__x-025bps.parquet,stable_80pct,Не менее 80% следующих h дней не лучше T более чем на X bps.,10,25,TJS_RUB,270,125,0.46296296296296297,25,68.78918857140532
stable_80pct__h-10__x-025bps.parquet,stable_80pct,Не менее 80% следующих h дней не лучше T более чем на X bps.,10,25,UZS_RUB,270,124,0.45925925925925926,32,91.37975477443479
stable_80pct__h-10__x-050bps.parquet,stable_80pct,Не менее 80% следующих h дней не лучше T более чем на X bps.,10,50,AMD_RUB,270,154,0.5703703703703704,23,60.877328193785274
stable_80pct__h-10__x-050bps.parquet,stable_80pct,Не менее 80% следующих h дней не лучше T более чем на X bps.,10,50,KGS_RUB,270,149,0.5518518518518518,22,64.58196763099026
stable_80pct__h-10__x-050bps.parquet,stable_80pct,Не менее 80% следующих h дней не лучше T более чем на X bps.,10,50,KZT_RUB,270,147,0.5444444444444444,29,90.73190827429198
stable_80pct__h-10__x-050bps.parquet,stable_80pct,Не менее 80% следующих h дней не лучше T более чем на X bps.,10,50,TJS_RUB,270,143,0.5296296296296297,23,68.78918857140532
stable_80pct__h-10__x-050bps.parquet,stable_80pct,Не менее 80% следующих h дней не лучше T более чем на X bps.,10,50,UZS_RUB,270,145,0.5370370370370371,25,91.37975477443479
stable_80pct__h-10__x-100bps.parquet,stable_80pct,Не менее 80% следующих h дней не лучше T более чем на X bps.,10,100,AMD_RUB,270,177,0.6555555555555556,21,60.877328193785274
stable_80pct__h-10__x-100bps.parquet,stable_80pct,Не менее 80% следующих h дней не лучше T более чем на X bps.,10,100,KGS_RUB,270,170,0.6296296296296297,19,64.58196763099026
stable_80pct__h-10__x-100bps.parquet,stable_80pct,Не менее 80% следующих h дней не лучше T более чем на X bps.,10,100,KZT_RUB,270,182,0.674074074074074,24,90.73190827429198
stable_80pct__h-10__x-100bps.parquet,stable_80pct,Не менее 80% следующих h дней не лучше T более чем на X bps.,10,100,TJS_RUB,270,173,0.6407407407407407,21,68.78918857140532
stable_80pct__h-10__x-100bps.parquet,stable_80pct,Не менее 80% следующих h дней не лучше T более чем на X bps.,10,100,UZS_RUB,270,169,0.6259259259259259,20,91.37975477443479
no_early_better__h-10__x-025bps.parquet,no_early_better,В первой половине горизонта нет более выгодного курса сверх X bps.,10,25,AMD_RUB,270,118,0.43703703703703706,39,60.877328193785274
no_early_better__h-10__x-025bps.parquet,no_early_better,В первой половине горизонта нет более выгодного курса сверх X bps.,10,25,KGS_RUB,270,115,0.42592592592592593,38,64.58196763099026
no_early_better__h-10__x-025bps.parquet,no_early_better,В первой половине горизонта нет более выгодного курса сверх X bps.,10,25,KZT_RUB,270,122,0.45185185185185184,45,90.73190827429198
no_early_better__h-10__x-025bps.parquet,no_early_better,В первой половине горизонта нет более выгодного курса сверх X bps.,10,25,TJS_RUB,270,122,0.45185185185185184,35,68.78918857140532
no_early_better__h-10__x-025bps.parquet,no_early_better,В первой половине горизонта нет более выгодного курса сверх X bps.,10,25,UZS_RUB,270,126,0.4666666666666667,44,91.37975477443479
no_early_better__h-10__x-050bps.parquet,no_early_better,В первой половине горизонта нет более выгодного курса сверх X bps.,10,50,AMD_RUB,270,151,0.5592592592592592,33,60.877328193785274
no_early_better__h-10__x-050bps.parquet,no_early_better,В первой половине горизонта нет более выгодного курса сверх X bps.,10,50,KGS_RUB,270,150,0.5555555555555556,31,64.58196763099026
no_early_better__h-10__x-050bps.parquet,no_early_better,В первой половине горизонта нет более выгодного курса сверх X bps.,10,50,KZT_RUB,270,137,0.5074074074074074,43,90.73190827429198
no_early_better__h-10__x-050bps.parquet,no_early_better,В первой половине горизонта нет более выгодного курса сверх X bps.,10,50,TJS_RUB,270,144,0.5333333333333333,30,68.78918857140532
no_early_better__h-10__x-050bps.parquet,no_early_better,В первой половине горизонта нет более выгодного курса сверх X bps.,10,50,UZS_RUB,270,140,0.5185185185185185,38,91.37975477443479
no_early_better__h-10__x-100bps.parquet,no_early_better,В первой половине горизонта нет более выгодного курса сверх X bps.,10,100,AMD_RUB,270,194,0.7185185185185186,29,60.877328193785274
no_early_better__h-10__x-100bps.parquet,no_early_better,В первой половине горизонта нет более выгодного курса сверх X bps.,10,100,KGS_RUB,270,188,0.6962962962962963,28,64.58196763099026
no_early_better__h-10__x-100bps.parquet,no_early_better,В первой половине горизонта нет более выгодного курса сверх X bps.,10,100,KZT_RUB,270,181,0.6703703703703704,37,90.73190827429198
no_early_better__h-10__x-100bps.parquet,no_early_better,В первой половине горизонта нет более выгодного курса сверх X bps.,10,100,TJS_RUB,270,190,0.7037037037037037,29,68.78918857140532
no_early_better__h-10__x-100bps.parquet,no_early_better,В первой половине горизонта нет более выгодного курса сверх X bps.,10,100,UZS_RUB,270,176,0.6518518518518519,29,91.37975477443479
low_p10_30_and_regret__h-10__x-025bps.parquet,low_p10_30_and_regret,Нижние 10% 30 прошлых котировок и future regret не выше X bps.,10,25,AMD_RUB,270,20,0.07407407407407407,14,60.877328193785274
low_p10_30_and_regret__h-10__x-025bps.parquet,low_p10_30_and_regret,Нижние 10% 30 прошлых котировок и future regret не выше X bps.,10,25,KGS_RUB,270,18,0.06666666666666667,14,64.58196763099026
low_p10_30_and_regret__h-10__x-025bps.parquet,low_p10_30_and_regret,Нижние 10% 30 прошлых котировок и future regret не выше X bps.,10,25,KZT_RUB,270,17,0.06296296296296296,13,90.73190827429198
low_p10_30_and_regret__h-10__x-025bps.parquet,low_p10_30_and_regret,Нижние 10% 30 прошлых котировок и future regret не выше X bps.,10,25,TJS_RUB,270,18,0.06666666666666667,12,68.78918857140532
low_p10_30_and_regret__h-10__x-025bps.parquet,low_p10_30_and_regret,Нижние 10% 30 прошлых котировок и future regret не выше X bps.,10,25,UZS_RUB,270,18,0.06666666666666667,12,91.37975477443479
low_p10_30_and_regret__h-10__x-050bps.parquet,low_p10_30_and_regret,Нижние 10% 30 прошлых котировок и future regret не выше X bps.,10,50,AMD_RUB,270,26,0.0962962962962963,14,60.877328193785274
low_p10_30_and_regret__h-10__x-050bps.parquet,low_p10_30_and_regret,Нижние 10% 30 прошлых котировок и future regret не выше X bps.,10,50,KGS_RUB,270,27,0.1,13,64.58196763099026
low_p10_30_and_regret__h-10__x-050bps.parquet,low_p10_30_and_regret,Нижние 10% 30 прошлых котировок и future regret не выше X bps.,10,50,KZT_RUB,270,18,0.06666666666666667,13,90.73190827429198
low_p10_30_and_regret__h-10__x-050bps.parquet,low_p10_30_and_regret,Нижние 10% 30 прошлых котировок и future regret не выше X bps.,10,50,TJS_RUB,270,25,0.09259259259259259,11,68.78918857140532
low_p10_30_and_regret__h-10__x-050bps.parquet,low_p10_30_and_regret,Нижние 10% 30 прошлых котировок и future regret не выше X bps.,10,50,UZS_RUB,270,18,0.06666666666666667,12,91.37975477443479
low_p10_30_and_regret__h-10__x-100bps.parquet,low_p10_30_and_regret,Нижние 10% 30 прошлых котировок и future regret не выше X bps.,10,100,AMD_RUB,270,30,0.1111111111111111,13,60.877328193785274
low_p10_30_and_regret__h-10__x-100bps.parquet,low_p10_30_and_regret,Нижние 10% 30 прошлых котировок и future regret не выше X bps.,10,100,KGS_RUB,270,34,0.1259259259259259,15,64.58196763099026
low_p10_30_and_regret__h-10__x-100bps.parquet,low_p10_30_and_regret,Нижние 10% 30 прошлых котировок и future regret не выше X bps.,10,100,KZT_RUB,270,26,0.0962962962962963,12,90.73190827429198
low_p10_30_and_regret__h-10__x-100bps.parquet,low_p10_30_and_regret,Нижние 10% 30 прошлых котировок и future regret не выше X bps.,10,100,TJS_RUB,270,31,0.11481481481481481,13,68.78918857140532
low_p10_30_and_regret__h-10__x-100bps.parquet,low_p10_30_and_regret,Нижние 10% 30 прошлых котировок и future regret не выше X bps.,10,100,UZS_RUB,270,27,0.1,13,91.37975477443479
low_p20_60_and_regret__h-10__x-025bps.parquet,low_p20_60_and_regret,Нижние 20% 60 прошлых котировок и future regret не выше X bps.,10,25,AMD_RUB,270,34,0.1259259259259259,19,60.877328193785274
low_p20_60_and_regret__h-10__x-025bps.parquet,low_p20_60_and_regret,Нижние 20% 60 прошлых котировок и future regret не выше X bps.,10,25,KGS_RUB,270,31,0.11481481481481481,20,64.58196763099026
low_p20_60_and_regret__h-10__x-025bps.parquet,low_p20_60_and_regret,Нижние 20% 60 прошлых котировок и future regret не выше X bps.,10,25,KZT_RUB,270,21,0.07777777777777778,13,90.73190827429198
low_p20_60_and_regret__h-10__x-025bps.parquet,low_p20_60_and_regret,Нижние 20% 60 прошлых котировок и future regret не выше X bps.,10,25,TJS_RUB,270,23,0.08518518518518518,15,68.78918857140532
low_p20_60_and_regret__h-10__x-025bps.parquet,low_p20_60_and_regret,Нижние 20% 60 прошлых котировок и future regret не выше X bps.,10,25,UZS_RUB,270,25,0.09259259259259259,17,91.37975477443479
low_p20_60_and_regret__h-10__x-050bps.parquet,low_p20_60_and_regret,Нижние 20% 60 прошлых котировок и future regret не выше X bps.,10,50,AMD_RUB,270,44,0.16296296296296298,20,60.877328193785274
low_p20_60_and_regret__h-10__x-050bps.parquet,low_p20_60_and_regret,Нижние 20% 60 прошлых котировок и future regret не выше X bps.,10,50,KGS_RUB,270,45,0.16666666666666666,17,64.58196763099026
low_p20_60_and_regret__h-10__x-050bps.parquet,low_p20_60_and_regret,Нижние 20% 60 прошлых котировок и future regret не выше X bps.,10,50,KZT_RUB,270,23,0.08518518518518518,13,90.73190827429198
low_p20_60_and_regret__h-10__x-050bps.parquet,low_p20_60_and_regret,Нижние 20% 60 прошлых котировок и future regret не выше X bps.,10,50,TJS_RUB,270,35,0.12962962962962962,13,68.78918857140532
low_p20_60_and_regret__h-10__x-050bps.parquet,low_p20_60_and_regret,Нижние 20% 60 прошлых котировок и future regret не выше X bps.,10,50,UZS_RUB,270,28,0.1037037037037037,16,91.37975477443479
low_p20_60_and_regret__h-10__x-100bps.parquet,low_p20_60_and_regret,Нижние 20% 60 прошлых котировок и future regret не выше X bps.,10,100,AMD_RUB,270,56,0.2074074074074074,18,60.877328193785274
low_p20_60_and_regret__h-10__x-100bps.parquet,low_p20_60_and_regret,Нижние 20% 60 прошлых котировок и future regret не выше X bps.,10,100,KGS_RUB,270,62,0.22962962962962963,16,64.58196763099026
low_p20_60_and_regret__h-10__x-100bps.parquet,low_p20_60_and_regret,Нижние 20% 60 прошлых котировок и future regret не выше X bps.,10,100,KZT_RUB,270,37,0.13703703703703704,12,90.73190827429198
low_p20_60_and_regret__h-10__x-100bps.parquet,low_p20_60_and_regret,Нижние 20% 60 прошлых котировок и future regret не выше X bps.,10,100,TJS_RUB,270,49,0.1814814814814815,12,68.78918857140532
low_p20_60_and_regret__h-10__x-100bps.parquet,low_p20_60_and_regret,Нижние 20% 60 прошлых котировок и future regret не выше X bps.,10,100,UZS_RUB,270,45,0.16666666666666666,16,91.37975477443479
regret_max__h-20__x-025bps.parquet,regret_max,Максимальное future regret за h дней не превышает X bps.,20,25,AMD_RUB,270,80,0.2962962962962963,27,106.41433539709311
regret_max__h-20__x-025bps.parquet,regret_max,Максимальное future regret за h дней не превышает X bps.,20,25,KGS_RUB,270,73,0.27037037037037037,24,115.02676358899545
regret_max__h-20__x-025bps.parquet,regret_max,Максимальное future regret за h дней не превышает X bps.,20,25,KZT_RUB,270,75,0.2777777777777778,26,142.21317840849497
regret_max__h-20__x-025bps.parquet,regret_max,Максимальное future regret за h дней не превышает X bps.,20,25,TJS_RUB,270,69,0.25555555555555554,21,146.20897687305876
regret_max__h-20__x-025bps.parquet,regret_max,Максимальное future regret за h дней не превышает X bps.,20,25,UZS_RUB,270,82,0.3037037037037037,29,122.88226319984349
regret_max__h-20__x-050bps.parquet,regret_max,Максимальное future regret за h дней не превышает X bps.,20,50,AMD_RUB,270,104,0.3851851851851852,25,106.41433539709311
regret_max__h-20__x-050bps.parquet,regret_max,Максимальное future regret за h дней не превышает X bps.,20,50,KGS_RUB,270,105,0.3888888888888889,20,115.02676358899545
regret_max__h-20__x-050bps.parquet,regret_max,Максимальное future regret за h дней не превышает X bps.,20,50,KZT_RUB,270,83,0.3074074074074074,26,142.21317840849497
regret_max__h-20__x-050bps.parquet,regret_max,Максимальное future regret за h дней не превышает X bps.,20,50,TJS_RUB,270,90,0.3333333333333333,21,146.20897687305876
regret_max__h-20__x-050bps.parquet,regret_max,Максимальное future regret за h дней не превышает X bps.,20,50,UZS_RUB,270,91,0.337037037037037,24,122.88226319984349
regret_max__h-20__x-100bps.parquet,regret_max,Максимальное future regret за h дней не превышает X bps.,20,100,AMD_RUB,270,133,0.4925925925925926,16,106.41433539709311
regret_max__h-20__x-100bps.parquet,regret_max,Максимальное future regret за h дней не превышает X bps.,20,100,KGS_RUB,270,126,0.4666666666666667,18,115.02676358899545
regret_max__h-20__x-100bps.parquet,regret_max,Максимальное future regret за h дней не превышает X bps.,20,100,KZT_RUB,270,116,0.42962962962962964,24,142.21317840849497
regret_max__h-20__x-100bps.parquet,regret_max,Максимальное future regret за h дней не превышает X bps.,20,100,TJS_RUB,270,118,0.43703703703703706,17,146.20897687305876
regret_max__h-20__x-100bps.parquet,regret_max,Максимальное future regret за h дней не превышает X bps.,20,100,UZS_RUB,270,120,0.4444444444444444,17,122.88226319984349
near_local_min__h-20__x-025bps.parquet,near_local_min,Курс T не дальше X bps от минимума в календарном окне T±h.,20,25,AMD_RUB,270,15,0.05555555555555555,12,106.41433539709311
near_local_min__h-20__x-025bps.parquet,near_local_min,Курс T не дальше X bps от минимума в календарном окне T±h.,20,25,KGS_RUB,270,11,0.040740740740740744,8,115.02676358899545
near_local_min__h-20__x-025bps.parquet,near_local_min,Курс T не дальше X bps от минимума в календарном окне T±h.,20,25,KZT_RUB,270,14,0.05185185185185185,11,142.21317840849497
near_local_min__h-20__x-025bps.parquet,near_local_min,Курс T не дальше X bps от минимума в календарном окне T±h.,20,25,TJS_RUB,270,10,0.037037037037037035,7,146.20897687305876
near_local_min__h-20__x-025bps.parquet,near_local_min,Курс T не дальше X bps от минимума в календарном окне T±h.,20,25,UZS_RUB,270,8,0.02962962962962963,6,122.88226319984349
near_local_min__h-20__x-050bps.parquet,near_local_min,Курс T не дальше X bps от минимума в календарном окне T±h.,20,50,AMD_RUB,270,25,0.09259259259259259,14,106.41433539709311
near_local_min__h-20__x-050bps.parquet,near_local_min,Курс T не дальше X bps от минимума в календарном окне T±h.,20,50,KGS_RUB,270,23,0.08518518518518518,13,115.02676358899545
near_local_min__h-20__x-050bps.parquet,near_local_min,Курс T не дальше X bps от минимума в календарном окне T±h.,20,50,KZT_RUB,270,25,0.09259259259259259,16,142.21317840849497
near_local_min__h-20__x-050bps.parquet,near_local_min,Курс T не дальше X bps от минимума в календарном окне T±h.,20,50,TJS_RUB,270,15,0.05555555555555555,9,146.20897687305876
near_local_min__h-20__x-050bps.parquet,near_local_min,Курс T не дальше X bps от минимума в календарном окне T±h.,20,50,UZS_RUB,270,9,0.03333333333333333,6,122.88226319984349
near_local_min__h-20__x-100bps.parquet,near_local_min,Курс T не дальше X bps от минимума в календарном окне T±h.,20,100,AMD_RUB,270,47,0.17407407407407408,17,106.41433539709311
near_local_min__h-20__x-100bps.parquet,near_local_min,Курс T не дальше X bps от минимума в календарном окне T±h.,20,100,KGS_RUB,270,47,0.17407407407407408,19,115.02676358899545
near_local_min__h-20__x-100bps.parquet,near_local_min,Курс T не дальше X bps от минимума в календарном окне T±h.,20,100,KZT_RUB,270,47,0.17407407407407408,21,142.21317840849497
near_local_min__h-20__x-100bps.parquet,near_local_min,Курс T не дальше X bps от минимума в календарном окне T±h.,20,100,TJS_RUB,270,40,0.14814814814814814,15,146.20897687305876
near_local_min__h-20__x-100bps.parquet,near_local_min,Курс T не дальше X bps от минимума в календарном окне T±h.,20,100,UZS_RUB,270,22,0.08148148148148149,15,122.88226319984349
centered_mean_benefit__h-20__x-025bps.parquet,centered_mean_benefit,Курс T лучше среднего в окне T±h минимум на X bps.,20,25,AMD_RUB,270,138,0.5111111111111111,22,106.41433539709311
centered_mean_benefit__h-20__x-025bps.parquet,centered_mean_benefit,Курс T лучше среднего в окне T±h минимум на X bps.,20,25,KGS_RUB,270,137,0.5074074074074074,22,115.02676358899545
centered_mean_benefit__h-20__x-025bps.parquet,centered_mean_benefit,Курс T лучше среднего в окне T±h минимум на X bps.,20,25,KZT_RUB,270,128,0.4740740740740741,27,142.21317840849497
centered_mean_benefit__h-20__x-025bps.parquet,centered_mean_benefit,Курс T лучше среднего в окне T±h минимум на X bps.,20,25,TJS_RUB,270,132,0.4888888888888889,18,146.20897687305876
centered_mean_benefit__h-20__x-025bps.parquet,centered_mean_benefit,Курс T лучше среднего в окне T±h минимум на X bps.,20,25,UZS_RUB,270,142,0.5259259259259259,23,122.88226319984349
centered_mean_benefit__h-20__x-050bps.parquet,centered_mean_benefit,Курс T лучше среднего в окне T±h минимум на X bps.,20,50,AMD_RUB,270,113,0.4185185185185185,20,106.41433539709311
centered_mean_benefit__h-20__x-050bps.parquet,centered_mean_benefit,Курс T лучше среднего в окне T±h минимум на X bps.,20,50,KGS_RUB,270,116,0.42962962962962964,21,115.02676358899545
centered_mean_benefit__h-20__x-050bps.parquet,centered_mean_benefit,Курс T лучше среднего в окне T±h минимум на X bps.,20,50,KZT_RUB,270,106,0.3925925925925926,28,142.21317840849497
centered_mean_benefit__h-20__x-050bps.parquet,centered_mean_benefit,Курс T лучше среднего в окне T±h минимум на X bps.,20,50,TJS_RUB,270,110,0.4074074074074074,19,146.20897687305876
centered_mean_benefit__h-20__x-050bps.parquet,centered_mean_benefit,Курс T лучше среднего в окне T±h минимум на X bps.,20,50,UZS_RUB,270,120,0.4444444444444444,24,122.88226319984349
centered_mean_benefit__h-20__x-100bps.parquet,centered_mean_benefit,Курс T лучше среднего в окне T±h минимум на X bps.,20,100,AMD_RUB,270,77,0.2851851851851852,20,106.41433539709311
centered_mean_benefit__h-20__x-100bps.parquet,centered_mean_benefit,Курс T лучше среднего в окне T±h минимум на X bps.,20,100,KGS_RUB,270,79,0.29259259259259257,19,115.02676358899545
centered_mean_benefit__h-20__x-100bps.parquet,centered_mean_benefit,Курс T лучше среднего в окне T±h минимум на X bps.,20,100,KZT_RUB,270,76,0.2814814814814815,20,142.21317840849497
centered_mean_benefit__h-20__x-100bps.parquet,centered_mean_benefit,Курс T лучше среднего в окне T±h минимум на X bps.,20,100,TJS_RUB,270,77,0.2851851851851852,21,146.20897687305876
centered_mean_benefit__h-20__x-100bps.parquet,centered_mean_benefit,Курс T лучше среднего в окне T±h минимум на X bps.,20,100,UZS_RUB,270,82,0.3037037037037037,22,122.88226319984349
future_median_benefit__h-20__x-025bps.parquet,future_median_benefit,Курс T лучше медианы следующих h дней минимум на X bps.,20,25,AMD_RUB,270,134,0.4962962962962963,19,106.41433539709311
future_median_benefit__h-20__x-025bps.parquet,future_median_benefit,Курс T лучше медианы следующих h дней минимум на X bps.,20,25,KGS_RUB,270,126,0.4666666666666667,20,115.02676358899545
future_median_benefit__h-20__x-025bps.parquet,future_median_benefit,Курс T лучше медианы следующих h дней минимум на X bps.,20,25,KZT_RUB,270,146,0.5407407407407407,23,142.21317840849497
future_median_benefit__h-20__x-025bps.parquet,future_median_benefit,Курс T лучше медианы следующих h дней минимум на X bps.,20,25,TJS_RUB,270,132,0.4888888888888889,24,146.20897687305876
future_median_benefit__h-20__x-025bps.parquet,future_median_benefit,Курс T лучше медианы следующих h дней минимум на X bps.,20,25,UZS_RUB,270,133,0.4925925925925926,22,122.88226319984349
future_median_benefit__h-20__x-050bps.parquet,future_median_benefit,Курс T лучше медианы следующих h дней минимум на X bps.,20,50,AMD_RUB,270,115,0.42592592592592593,20,106.41433539709311
future_median_benefit__h-20__x-050bps.parquet,future_median_benefit,Курс T лучше медианы следующих h дней минимум на X bps.,20,50,KGS_RUB,270,112,0.4148148148148148,17,115.02676358899545
future_median_benefit__h-20__x-050bps.parquet,future_median_benefit,Курс T лучше медианы следующих h дней минимум на X bps.,20,50,KZT_RUB,270,127,0.4703703703703704,29,142.21317840849497
future_median_benefit__h-20__x-050bps.parquet,future_median_benefit,Курс T лучше медианы следующих h дней минимум на X bps.,20,50,TJS_RUB,270,117,0.43333333333333335,24,146.20897687305876
future_median_benefit__h-20__x-050bps.parquet,future_median_benefit,Курс T лучше медианы следующих h дней минимум на X bps.,20,50,UZS_RUB,270,113,0.4185185185185185,21,122.88226319984349
future_median_benefit__h-20__x-100bps.parquet,future_median_benefit,Курс T лучше медианы следующих h дней минимум на X bps.,20,100,AMD_RUB,270,88,0.32592592592592595,19,106.41433539709311
future_median_benefit__h-20__x-100bps.parquet,future_median_benefit,Курс T лучше медианы следующих h дней минимум на X bps.,20,100,KGS_RUB,270,83,0.3074074074074074,15,115.02676358899545
future_median_benefit__h-20__x-100bps.parquet,future_median_benefit,Курс T лучше медианы следующих h дней минимум на X bps.,20,100,KZT_RUB,270,94,0.34814814814814815,22,142.21317840849497
future_median_benefit__h-20__x-100bps.parquet,future_median_benefit,Курс T лучше медианы следующих h дней минимум на X bps.,20,100,TJS_RUB,270,90,0.3333333333333333,16,146.20897687305876
future_median_benefit__h-20__x-100bps.parquet,future_median_benefit,Курс T лучше медианы следующих h дней минимум на X bps.,20,100,UZS_RUB,270,93,0.34444444444444444,21,122.88226319984349
stable_80pct__h-20__x-025bps.parquet,stable_80pct,Не менее 80% следующих h дней не лучше T более чем на X bps.,20,25,AMD_RUB,270,129,0.4777777777777778,20,106.41433539709311
stable_80pct__h-20__x-025bps.parquet,stable_80pct,Не менее 80% следующих h дней не лучше T более чем на X bps.,20,25,KGS_RUB,270,120,0.4444444444444444,18,115.02676358899545
stable_80pct__h-20__x-025bps.parquet,stable_80pct,Не менее 80% следующих h дней не лучше T более чем на X bps.,20,25,KZT_RUB,270,126,0.4666666666666667,24,142.21317840849497
stable_80pct__h-20__x-025bps.parquet,stable_80pct,Не менее 80% следующих h дней не лучше T более чем на X bps.,20,25,TJS_RUB,270,123,0.45555555555555555,20,146.20897687305876
stable_80pct__h-20__x-025bps.parquet,stable_80pct,Не менее 80% следующих h дней не лучше T более чем на X bps.,20,25,UZS_RUB,270,120,0.4444444444444444,23,122.88226319984349
stable_80pct__h-20__x-050bps.parquet,stable_80pct,Не менее 80% следующих h дней не лучше T более чем на X bps.,20,50,AMD_RUB,270,145,0.5370370370370371,16,106.41433539709311
stable_80pct__h-20__x-050bps.parquet,stable_80pct,Не менее 80% следующих h дней не лучше T более чем на X bps.,20,50,KGS_RUB,270,133,0.4925925925925926,14,115.02676358899545
stable_80pct__h-20__x-050bps.parquet,stable_80pct,Не менее 80% следующих h дней не лучше T более чем на X bps.,20,50,KZT_RUB,270,138,0.5111111111111111,22,142.21317840849497
stable_80pct__h-20__x-050bps.parquet,stable_80pct,Не менее 80% следующих h дней не лучше T более чем на X bps.,20,50,TJS_RUB,270,133,0.4925925925925926,20,146.20897687305876
stable_80pct__h-20__x-050bps.parquet,stable_80pct,Не менее 80% следующих h дней не лучше T более чем на X bps.,20,50,UZS_RUB,270,134,0.4962962962962963,21,122.88226319984349
stable_80pct__h-20__x-100bps.parquet,stable_80pct,Не менее 80% следующих h дней не лучше T более чем на X bps.,20,100,AMD_RUB,270,166,0.6148148148148148,16,106.41433539709311
stable_80pct__h-20__x-100bps.parquet,stable_80pct,Не менее 80% следующих h дней не лучше T более чем на X bps.,20,100,KGS_RUB,270,160,0.5925925925925926,17,115.02676358899545
stable_80pct__h-20__x-100bps.parquet,stable_80pct,Не менее 80% следующих h дней не лучше T более чем на X bps.,20,100,KZT_RUB,270,158,0.5851851851851851,17,142.21317840849497
stable_80pct__h-20__x-100bps.parquet,stable_80pct,Не менее 80% следующих h дней не лучше T более чем на X bps.,20,100,TJS_RUB,270,153,0.5666666666666667,20,146.20897687305876
stable_80pct__h-20__x-100bps.parquet,stable_80pct,Не менее 80% следующих h дней не лучше T более чем на X bps.,20,100,UZS_RUB,270,160,0.5925925925925926,17,122.88226319984349
no_early_better__h-20__x-025bps.parquet,no_early_better,В первой половине горизонта нет более выгодного курса сверх X bps.,20,25,AMD_RUB,270,97,0.3592592592592593,31,106.41433539709311
no_early_better__h-20__x-025bps.parquet,no_early_better,В первой половине горизонта нет более выгодного курса сверх X bps.,20,25,KGS_RUB,270,88,0.32592592592592595,30,115.02676358899545
no_early_better__h-20__x-025bps.parquet,no_early_better,В первой половине горизонта нет более выгодного курса сверх X bps.,20,25,KZT_RUB,270,87,0.32222222222222224,32,142.21317840849497
no_early_better__h-20__x-025bps.parquet,no_early_better,В первой половине горизонта нет более выгодного курса сверх X bps.,20,25,TJS_RUB,270,97,0.3592592592592593,29,146.20897687305876
no_early_better__h-20__x-025bps.parquet,no_early_better,В первой половине горизонта нет более выгодного курса сверх X bps.,20,25,UZS_RUB,270,93,0.34444444444444444,33,122.88226319984349
no_early_better__h-20__x-050bps.parquet,no_early_better,В первой половине горизонта нет более выгодного курса сверх X bps.,20,50,AMD_RUB,270,124,0.45925925925925926,28,106.41433539709311
no_early_better__h-20__x-050bps.parquet,no_early_better,В первой половине горизонта нет более выгодного курса сверх X bps.,20,50,KGS_RUB,270,121,0.44814814814814813,24,115.02676358899545
no_early_better__h-20__x-050bps.parquet,no_early_better,В первой половине горизонта нет более выгодного курса сверх X bps.,20,50,KZT_RUB,270,99,0.36666666666666664,31,142.21317840849497
no_early_better__h-20__x-050bps.parquet,no_early_better,В первой половине горизонта нет более выгодного курса сверх X bps.,20,50,TJS_RUB,270,119,0.44074074074074077,26,146.20897687305876
no_early_better__h-20__x-050bps.parquet,no_early_better,В первой половине горизонта нет более выгодного курса сверх X bps.,20,50,UZS_RUB,270,102,0.37777777777777777,29,122.88226319984349
no_early_better__h-20__x-100bps.parquet,no_early_better,В первой половине горизонта нет более выгодного курса сверх X bps.,20,100,AMD_RUB,270,156,0.5777777777777777,18,106.41433539709311
no_early_better__h-20__x-100bps.parquet,no_early_better,В первой половине горизонта нет более выгодного курса сверх X bps.,20,100,KGS_RUB,270,152,0.562962962962963,20,115.02676358899545
no_early_better__h-20__x-100bps.parquet,no_early_better,В первой половине горизонта нет более выгодного курса сверх X bps.,20,100,KZT_RUB,270,140,0.5185185185185185,30,142.21317840849497
no_early_better__h-20__x-100bps.parquet,no_early_better,В первой половине горизонта нет более выгодного курса сверх X bps.,20,100,TJS_RUB,270,152,0.562962962962963,20,146.20897687305876
no_early_better__h-20__x-100bps.parquet,no_early_better,В первой половине горизонта нет более выгодного курса сверх X bps.,20,100,UZS_RUB,270,138,0.5111111111111111,22,122.88226319984349
low_p10_30_and_regret__h-20__x-025bps.parquet,low_p10_30_and_regret,Нижние 10% 30 прошлых котировок и future regret не выше X bps.,20,25,AMD_RUB,270,16,0.05925925925925926,13,106.41433539709311
low_p10_30_and_regret__h-20__x-025bps.parquet,low_p10_30_and_regret,Нижние 10% 30 прошлых котировок и future regret не выше X bps.,20,25,KGS_RUB,270,15,0.05555555555555555,11,115.02676358899545
low_p10_30_and_regret__h-20__x-025bps.parquet,low_p10_30_and_regret,Нижние 10% 30 прошлых котировок и future regret не выше X bps.,20,25,KZT_RUB,270,16,0.05925925925925926,12,142.21317840849497
low_p10_30_and_regret__h-20__x-025bps.parquet,low_p10_30_and_regret,Нижние 10% 30 прошлых котировок и future regret не выше X bps.,20,25,TJS_RUB,270,11,0.040740740740740744,9,146.20897687305876
low_p10_30_and_regret__h-20__x-025bps.parquet,low_p10_30_and_regret,Нижние 10% 30 прошлых котировок и future regret не выше X bps.,20,25,UZS_RUB,270,17,0.06296296296296296,11,122.88226319984349
low_p10_30_and_regret__h-20__x-050bps.parquet,low_p10_30_and_regret,Нижние 10% 30 прошлых котировок и future regret не выше X bps.,20,50,AMD_RUB,270,22,0.08148148148148149,13,106.41433539709311
low_p10_30_and_regret__h-20__x-050bps.parquet,low_p10_30_and_regret,Нижние 10% 30 прошлых котировок и future regret не выше X bps.,20,50,KGS_RUB,270,24,0.08888888888888889,12,115.02676358899545
low_p10_30_and_regret__h-20__x-050bps.parquet,low_p10_30_and_regret,Нижние 10% 30 прошлых котировок и future regret не выше X bps.,20,50,KZT_RUB,270,17,0.06296296296296296,12,142.21317840849497
low_p10_30_and_regret__h-20__x-050bps.parquet,low_p10_30_and_regret,Нижние 10% 30 прошлых котировок и future regret не выше X bps.,20,50,TJS_RUB,270,18,0.06666666666666667,9,146.20897687305876
low_p10_30_and_regret__h-20__x-050bps.parquet,low_p10_30_and_regret,Нижние 10% 30 прошлых котировок и future regret не выше X bps.,20,50,UZS_RUB,270,17,0.06296296296296296,11,122.88226319984349
low_p10_30_and_regret__h-20__x-100bps.parquet,low_p10_30_and_regret,Нижние 10% 30 прошлых котировок и future regret не выше X bps.,20,100,AMD_RUB,270,27,0.1,12,106.41433539709311
low_p10_30_and_regret__h-20__x-100bps.parquet,low_p10_30_and_regret,Нижние 10% 30 прошлых котировок и future regret не выше X bps.,20,100,KGS_RUB,270,28,0.1037037037037037,13,115.02676358899545
low_p10_30_and_regret__h-20__x-100bps.parquet,low_p10_30_and_regret,Нижние 10% 30 прошлых котировок и future regret не выше X bps.,20,100,KZT_RUB,270,25,0.09259259259259259,12,142.21317840849497
low_p10_30_and_regret__h-20__x-100bps.parquet,low_p10_30_and_regret,Нижние 10% 30 прошлых котировок и future regret не выше X bps.,20,100,TJS_RUB,270,27,0.1,12,146.20897687305876
low_p10_30_and_regret__h-20__x-100bps.parquet,low_p10_30_and_regret,Нижние 10% 30 прошлых котировок и future regret не выше X bps.,20,100,UZS_RUB,270,23,0.08518518518518518,11,122.88226319984349
low_p20_60_and_regret__h-20__x-025bps.parquet,low_p20_60_and_regret,Нижние 20% 60 прошлых котировок и future regret не выше X bps.,20,25,AMD_RUB,270,26,0.0962962962962963,17,106.41433539709311
low_p20_60_and_regret__h-20__x-025bps.parquet,low_p20_60_and_regret,Нижние 20% 60 прошлых котировок и future regret не выше X bps.,20,25,KGS_RUB,270,26,0.0962962962962963,16,115.02676358899545
low_p20_60_and_regret__h-20__x-025bps.parquet,low_p20_60_and_regret,Нижние 20% 60 прошлых котировок и future regret не выше X bps.,20,25,KZT_RUB,270,20,0.07407407407407407,12,142.21317840849497
low_p20_60_and_regret__h-20__x-025bps.parquet,low_p20_60_and_regret,Нижние 20% 60 прошлых котировок и future regret не выше X bps.,20,25,TJS_RUB,270,15,0.05555555555555555,11,146.20897687305876
low_p20_60_and_regret__h-20__x-025bps.parquet,low_p20_60_and_regret,Нижние 20% 60 прошлых котировок и future regret не выше X bps.,20,25,UZS_RUB,270,23,0.08518518518518518,16,122.88226319984349
low_p20_60_and_regret__h-20__x-050bps.parquet,low_p20_60_and_regret,Нижние 20% 60 прошлых котировок и future regret не выше X bps.,20,50,AMD_RUB,270,38,0.14074074074074075,19,106.41433539709311
low_p20_60_and_regret__h-20__x-050bps.parquet,low_p20_60_and_regret,Нижние 20% 60 прошлых котировок и future regret не выше X bps.,20,50,KGS_RUB,270,39,0.14444444444444443,15,115.02676358899545
low_p20_60_and_regret__h-20__x-050bps.parquet,low_p20_60_and_regret,Нижние 20% 60 прошлых котировок и future regret не выше X bps.,20,50,KZT_RUB,270,22,0.08148148148148149,12,142.21317840849497
low_p20_60_and_regret__h-20__x-050bps.parquet,low_p20_60_and_regret,Нижние 20% 60 прошлых котировок и future regret не выше X bps.,20,50,TJS_RUB,270,25,0.09259259259259259,12,146.20897687305876
low_p20_60_and_regret__h-20__x-050bps.parquet,low_p20_60_and_regret,Нижние 20% 60 прошлых котировок и future regret не выше X bps.,20,50,UZS_RUB,270,25,0.09259259259259259,14,122.88226319984349
low_p20_60_and_regret__h-20__x-100bps.parquet,low_p20_60_and_regret,Нижние 20% 60 прошлых котировок и future regret не выше X bps.,20,100,AMD_RUB,270,51,0.18888888888888888,17,106.41433539709311
low_p20_60_and_regret__h-20__x-100bps.parquet,low_p20_60_and_regret,Нижние 20% 60 прошлых котировок и future regret не выше X bps.,20,100,KGS_RUB,270,53,0.1962962962962963,16,115.02676358899545
low_p20_60_and_regret__h-20__x-100bps.parquet,low_p20_60_and_regret,Нижние 20% 60 прошлых котировок и future regret не выше X bps.,20,100,KZT_RUB,270,34,0.1259259259259259,11,142.21317840849497
low_p20_60_and_regret__h-20__x-100bps.parquet,low_p20_60_and_regret,Нижние 20% 60 прошлых котировок и future regret не выше X bps.,20,100,TJS_RUB,270,40,0.14814814814814814,11,146.20897687305876
low_p20_60_and_regret__h-20__x-100bps.parquet,low_p20_60_and_regret,Нижние 20% 60 прошлых котировок и future regret не выше X bps.,20,100,UZS_RUB,270,39,0.14444444444444443,13,122.88226319984349
